session_id,label,t_ns,wall_time_utc,accel_x_mps2,accel_y_mps2,accel_z_mps2,gyro_x_rads,gyro_y_rads,gyro_z_rads,gravity_x_mps2,gravity_y_mps2,gravity_z_mps2,rotation_qx,rotation_qy,rotation_qz,rotation_qw
gait_20260920_035116_owner_phone_shake_1,owner_phone_shake_1,2533316282825722,2026-09-20T03:51:16.649842Z,2.8044331,4.7678285,9.0806084,0.3042335,0.3071147,-0.6376613,,,,,,,
gait_20260920_035116_owner_phone_shake_1,owner_phone_shake_1,2533316292865704,2026-09-20T03:51:16.649987Z,1.4481927,5.2881184,8.0261869,0.3042335,0.3071147,-0.6376613,,,,,,,
gait_20260920_035116_owner_phone_shake_1,owner_phone_shake_1,2533316303190207,2026-09-20T03:51:16.654035Z,0.8665514,5.7784057,7.3035121,0.3042335,0.3071147,-0.6376613,,,,,,,
gait_20260920_035116_owner_phone_shake_1,owner_phone_shake_1,2533316313299013,2026-09-20T03:51:16.654397Z,1.8469021,5.3380971,7.2552543,0.3042335,0.3071147,-0.6376613,,,,,,,
gait_20260920_035116_owner_phone_shake_1,owner_phone_shake_1,2533316323382956,2026-09-20T03:51:16.674942Z,2.4537575,4.6202106,7.6456585,-0.4507546,0.7383675,-0.2730075,,,,,,,
gait_20260920_035116_owner_phone_shake_1,owner_phone_shake_1,2533316333449810,2026-09-20T03:51:16.675078Z,2.6033204,3.9775171,8.2018614,-0.4507546,0.7383675,-0.2730075,,,,,,,
gait_20260920_035116_owner_phone_shake_1,owner_phone_shake_1,2533316343564759,2026-09-20T03:51:16.693658Z,2.2026656,3.6203322,8.2917938,-0.7709592,0.5998903,-0.3434202,,,,,,,
gait_20260920_035116_owner_phone_shake_1,owner_phone_shake_1,2533316353658754,2026-09-20T03:51:16.694163Z,1.8472762,3.4365773,7.9303441,-0.7709592,0.5998903,-0.3434202,,,,,,,
gait_20260920_035116_owner_phone_shake_1,owner_phone_shake_1,2533316363723410,2026-09-20T03:51:16.713813Z,1.3566146,3.5351136,7.7768908,-0.9334680,0.5607370,-0.3239185,,,,,,,
gait_20260920_035116_owner_phone_shake_1,owner_phone_shake_1,2533316373799622,2026-09-20T03:51:16.714252Z,1.0384849,3.8403742,8.1727571,-0.9334680,0.5607370,-0.3239185,,,,,,,
gait_20260920_035116_owner_phone_shake_1,owner_phone_shake_1,2533316383883566,2026-09-20T03:51:16.733593Z,1.4506618,4.2816558,8.9135380,-0.9910738,0.7075911,-0.2449789,,,,,,,
gait_20260920_035116_owner_phone_shake_1,owner_phone_shake_1,2533316393967632,2026-09-20T03:51:16.733708Z,1.8118869,4.3954549,8.9743662,-0.9910738,0.7075911,-0.2449789,,,,,,,
gait_20260920_035116_owner_phone_shake_1,owner_phone_shake_1,2533316404044658,2026-09-20T03:51:16.753526Z,2.6245687,4.1745152,9.3141928,-0.8074812,0.8959967,-0.2506080,1.9475590,4.4001060,8.5488119,,,,
gait_20260920_035116_owner_phone_shake_1,owner_phone_shake_1,2533316414135682,2026-09-20T03:51:16.753644Z,2.2710500,4.1561098,9.1875992,-0.8074812,0.8959967,-0.2506080,1.9475590,4.4001060,8.5488119,,,,
gait_20260920_035116_owner_phone_shake_1,owner_phone_shake_1,2533316424219667,2026-09-20T03:51:16.773534Z,1.5497967,4.1702504,8.7441483,-0.4016089,1.1165943,-0.3524799,1.7183557,4.3569393,8.6197701,0.1491715,0.1611690,0.8748083,0.4318366
gait_20260920_035116_owner_phone_shake_1,owner_phone_shake_1,2533316434303854,2026-09-20T03:51:16.773680Z,0.7798364,3.8950670,8.7392855,-0.4016089,1.1165943,-0.3524799,1.7183557,4.3569393,8.6197701,0.1491715,0.1611690,0.8748083,0.4318366
gait_20260920_035116_owner_phone_shake_1,owner_phone_shake_1,2533316444413066,2026-09-20T03:51:16.793685Z,0.3311480,3.1408935,8.6936455,-0.1612764,0.9541188,-0.5280454,1.5088102,4.3515501,8.6616173,0.1395512,0.1648288,0.8739401,0.4354143
gait_20260920_035116_owner_phone_shake_1,owner_phone_shake_1,2533316454450461,2026-09-20T03:51:16.794424Z,0.1126023,2.7059717,8.6914015,-0.1612764,0.9541188,-0.5280454,1.5088102,4.3515501,8.6616173,0.1395512,0.1648288,0.8739401,0.4354143
gait_20260920_035116_owner_phone_shake_1,owner_phone_shake_1,2533316464555930,2026-09-20T03:51:16.814070Z,0.0448165,2.8017397,8.8170967,-0.1526830,0.8022519,-0.5302936,1.3265164,4.3388095,8.6977701,0.1311393,0.1676165,0.8729893,0.4388588
gait_20260920_035116_owner_phone_shake_1,owner_phone_shake_1,2533316474643779,2026-09-20T03:51:16.814779Z,0.1899649,3.0098109,8.8848829,-0.1526830,0.8022519,-0.5302936,1.3265164,4.3388095,8.6977701,0.1311393,0.1676165,0.8729893,0.4388588
gait_20260920_035116_owner_phone_shake_1,owner_phone_shake_1,2533316484739157,2026-09-20T03:51:16.833647Z,0.7975684,3.3692403,9.2030869,-0.1388436,0.7474939,-0.3996437,1.1644493,4.3252611,8.7276735,0.1234845,0.1701989,0.8724263,0.4411986
gait_20260920_035116_owner_phone_shake_1,owner_phone_shake_1,2533316494808045,2026-09-20T03:51:16.833819Z,1.2509704,3.5974376,9.0889883,-0.1388436,0.7474939,-0.3996437,1.1644493,4.3252611,8.7276735,0.1234845,0.1701989,0.8724263,0.4411986
gait_20260920_035116_owner_phone_shake_1,owner_phone_shake_1,2533316504892273,2026-09-20T03:51:16.853725Z,1.4002339,3.7906947,8.9383783,-0.0586384,0.5404692,-0.4918398,1.0337533,4.3286266,8.7424517,0.1181282,0.1725878,0.8707731,0.4449871
gait_20260920_035116_owner_phone_shake_1,owner_phone_shake_1,2533316514976421,2026-09-20T03:51:16.853879Z,1.3423241,3.7475243,8.8578730,-0.0586384,0.5404692,-0.4918398,1.0337533,4.3286266,8.7424517,0.1181282,0.1725878,0.8707731,0.4449871
gait_20260920_035116_owner_phone_shake_1,owner_phone_shake_1,2533316525062562,2026-09-20T03:51:16.873584Z,1.0405799,3.7141550,8.9718218,-0.0129900,0.1518170,-0.6764150,0.9574109,4.3417130,8.7446566,0.1161465,0.1737533,0.8676976,0.4510220
gait_20260920_035116_owner_phone_shake_1,owner_phone_shake_1,2533316535144390,2026-09-20T03:51:16.873771Z,0.8303391,3.5256116,9.1385183,-0.0129900,0.1518170,-0.6764150,0.9574109,4.3417130,8.7446566,0.1161465,0.1737533,0.8676976,0.4510220
gait_20260920_035116_owner_phone_shake_1,owner_phone_shake_1,2533316545228414,2026-09-20T03:51:16.893788Z,0.7398831,3.3588405,9.4091377,0.0387536,-0.0723279,-0.7262268,0.9103845,4.3621421,8.7395086,0.1159417,0.1745920,0.8641689,0.4574793
gait_20260920_035116_owner_phone_shake_1,owner_phone_shake_1,2533316555313864,2026-09-20T03:51:16.895338Z,0.7775918,3.1812954,9.6189299,0.0387536,-0.0723279,-0.7262268,0.9103845,4.3621421,8.7395086,0.1159417,0.1745920,0.8641689,0.4574793
gait_20260920_035116_owner_phone_shake_1,owner_phone_shake_1,2533316565378643,2026-09-20T03:51:16.913536Z,0.6362591,3.0606875,9.6811047,0.1071845,-0.0219332,-0.6356129,0.8558850,4.3902550,8.7309351,0.1154097,0.1763193,0.8611299,0.4626525
gait_20260920_035116_owner_phone_shake_1,owner_phone_shake_1,2533316575480489,2026-09-20T03:51:16.914314Z,0.6156091,3.0583682,9.7286139,0.1071845,-0.0219332,-0.6356129,0.8558850,4.3902550,8.7309351,0.1154097,0.1763193,0.8611299,0.4626525
gait_20260920_035116_owner_phone_shake_1,owner_phone_shake_1,2533316585543356,2026-09-20T03:51:16.933851Z,0.6816741,3.0980222,9.8235588,0.1513174,0.2038771,-0.4651436,0.7728844,4.4223909,8.7224541,0.1154097,0.1763193,0.8611299,0.4626525
gait_20260920_035116_owner_phone_shake_1,owner_phone_shake_1,2533316595648662,2026-09-20T03:51:16.933996Z,0.7831284,3.2029181,9.6786356,0.1513174,0.2038771,-0.4651436,0.7728844,4.4223909,8.7224541,0.1154097,0.1763193,0.8611299,0.4626525
gait_20260920_035116_owner_phone_shake_1,owner_phone_shake_1,2533316605732606,2026-09-20T03:51:16.953808Z,0.7606080,3.4510174,9.5105925,0.1649070,0.4161977,-0.3587084,0.7728844,4.4223909,8.7224541,0.1131904,0.1793518,0.8591048,0.4657894
gait_20260920_035116_owner_phone_shake_1,owner_phone_shake_1,2533316615816793,2026-09-20T03:51:16.954426Z,0.6535422,3.6509330,9.1578217,0.1649070,0.4161977,-0.3587084,0.7728844,4.4223909,8.7224541,0.1131904,0.1793518,0.8591048,0.4657894
gait_20260920_035116_owner_phone_shake_1,owner_phone_shake_1,2533316625901754,2026-09-20T03:51:16.973625Z,0.3178303,3.4133835,8.7228251,0.1161110,0.4599975,-0.3059655,0.6638827,4.4553437,8.7146597,0.1094887,0.1832480,0.8576837,0.4677727
gait_20260920_035116_owner_phone_shake_1,owner_phone_shake_1,2533316635984803,2026-09-20T03:51:16.973780Z,0.0002245,3.4053779,8.4245968,0.1161110,0.4599975,-0.3059655,0.6638827,4.4553437,8.7146597,0.1094887,0.1832480,0.8576837,0.4677727
gait_20260920_035116_owner_phone_shake_1,owner_phone_shake_1,2533316646072327,2026-09-20T03:51:16.993839Z,-0.2121861,3.2101755,8.2474260,-0.0452653,0.4537190,-0.1084835,0.5562632,4.4761558,8.7115278,0.1053936,0.1866155,0.8566616,0.4692523
gait_20260920_035116_owner_phone_shake_1,owner_phone_shake_1,2533316656153178,2026-09-20T03:51:16.993983Z,-0.5184943,3.3401358,8.1937065,-0.0452653,0.4537190,-0.1084835,0.5562632,4.4761558,8.7115278,0.1053936,0.1866155,0.8566616,0.4692523
gait_20260920_035116_owner_phone_shake_1,owner_phone_shake_1,2533316666215190,2026-09-20T03:51:17.014343Z,-0.4834043,3.3155205,8.4329767,-0.1962330,0.3657697,0.0902309,0.4718314,4.4632239,8.7231369,0.1010505,0.1881263,0.8569556,0.4690674
gait_20260920_035116_owner_phone_shake_1,owner_phone_shake_1,2533316676327007,2026-09-20T03:51:17.015156Z,-0.3821744,3.2915037,8.9320183,-0.1962330,0.3657697,0.0902309,0.4718314,4.4632239,8.7231369,0.1010505,0.1881263,0.8569556,0.4690674
gait_20260920_035116_owner_phone_shake_1,owner_phone_shake_1,2533316686414815,2026-09-20T03:51:17.034188Z,-0.3506757,3.4094181,9.3403797,-0.1892383,0.2407489,0.1478867,0.4208282,4.4224367,8.7464886,0.0972850,0.1877423,0.8582679,0.4676160
gait_20260920_035116_owner_phone_shake_1,owner_phone_shake_1,2533316696489726,2026-09-20T03:51:17.034347Z,0.0725742,3.4838626,9.4090633,-0.1892383,0.2407489,0.1478867,0.4208282,4.4224367,8.7464886,0.0972850,0.1877423,0.8582679,0.4676160
gait_20260920_035116_owner_phone_shake_1,owner_phone_shake_1,2533316706551657,2026-09-20T03:51:17.054585Z,0.2567781,3.6736033,9.2161798,0.0242814,0.0232155,0.1410586,0.3950142,4.3858175,8.7661095,0.0949377,0.1870808,0.8595384,0.4660273
gait_20260920_035116_owner_phone_shake_1,owner_phone_shake_1,2533316716642476,2026-09-20T03:51:17.073725Z,0.4706103,3.8041620,8.7380133,0.1723346,-0.2741732,0.0062785,0.4110167,4.3963256,8.7601080,0.0957163,0.1874092,0.8600015,0.4648803
gait_20260920_035116_owner_phone_shake_1,owner_phone_shake_1,2533316726741150,2026-09-20T03:51:17.073853Z,0.4436755,3.8631194,8.3602533,0.1723346,-0.2741732,0.0062785,0.4110167,4.3963256,8.7601080,0.0957163,0.1874092,0.8600015,0.4648803
gait_20260920_035116_owner_phone_shake_1,owner_phone_shake_1,2533316736804464,2026-09-20T03:51:17.093707Z,0.2493711,3.8031895,8.3177557,0.1367619,-0.5021152,-0.1091997,0.4674690,4.4296241,8.7404814,0.0994240,0.1875042,0.8592179,0.4655124
gait_20260920_035116_owner_phone_shake_1,owner_phone_shake_1,2533316746909933,2026-09-20T03:51:17.094317Z,0.2112135,3.6099324,8.4611835,0.1367619,-0.5021152,-0.1091997,0.4674690,4.4296241,8.7404814,0.0994240,0.1875042,0.8592179,0.4655124
gait_20260920_035116_owner_phone_shake_1,owner_phone_shake_1,2533316757003926,2026-09-20T03:51:17.113708Z,0.2908207,3.5004725,8.6653643,0.0480465,-0.4607136,-0.1232222,0.5499150,4.4529390,8.7238197,0.1043808,0.1862164,0.8578496,0.4674636
gait_20260920_035116_owner_phone_shake_1,owner_phone_shake_1,2533316767058044,2026-09-20T03:51:17.114408Z,0.4582652,3.4222870,8.9288015,0.0480465,-0.4607136,-0.1232222,0.5499150,4.4529390,8.7238197,0.1043808,0.1862164,0.8578496,0.4674636
gait_20260920_035116_owner_phone_shake_1,owner_phone_shake_1,2533316777162578,2026-09-20T03:51:17.134067Z,0.6528689,3.4585741,9.0824041,-0.0537255,-0.1863239,-0.1547148,0.6145911,4.4585762,8.7166214,0.1080260,0.1845610,0.8567423,0.4693191
gait_20260920_035116_owner_phone_shake_1,owner_phone_shake_1,2533316787224385,2026-09-20T03:51:17.135290Z,0.6949919,3.5615995,9.2007675,-0.0537255,-0.1863239,-0.1547148,0.6145911,4.4585762,8.7166214,0.1080260,0.1845610,0.8567423,0.4693191
gait_20260920_035116_owner_phone_shake_1,owner_phone_shake_1,2533316797311747,2026-09-20T03:51:17.153921Z,0.7721301,3.5880105,9.2552357,-0.1406589,0.0620525,-0.2539387,0.6234135,4.4458542,8.7224903,0.1085330,0.1834453,0.8559548,0.4710731
gait_20260920_035116_owner_phone_shake_1,owner_phone_shake_1,2533316807417379,2026-09-20T03:51:17.154955Z,0.9949405,3.6503346,9.3123226,-0.1406589,0.0620525,-0.2539387,0.6234135,4.4458542,8.7224903,0.1085330,0.1834453,0.8559548,0.4710731
gait_20260920_035116_owner_phone_shake_1,owner_phone_shake_1,2533316817498027,2026-09-20T03:51:17.173858Z,0.9503484,3.7230585,9.2196970,-0.1910702,0.2477268,-0.4105188,0.5798700,4.4214449,8.7378883,0.1063787,0.1828952,0.8550377,0.4734380
gait_20260920_035116_owner_phone_shake_1,owner_phone_shake_1,2533316827560404,2026-09-20T03:51:17.173987Z,0.6949170,3.6923828,8.9066544,-0.1910702,0.2477268,-0.4105188,0.5798700,4.4214449,8.7378883,0.1063787,0.1828952,0.8550377,0.4734380
gait_20260920_035116_owner_phone_shake_1,owner_phone_shake_1,2533316837666361,2026-09-20T03:51:17.193615Z,0.4216039,3.6115036,8.5792475,-0.2740234,0.2266763,-0.5024983,0.4933012,4.3905129,8.7587757,0.1022782,0.1829102,0.8535967,0.4769232
gait_20260920_035116_owner_phone_shake_1,owner_phone_shake_1,2533316847750305,2026-09-20T03:51:17.193763Z,-0.1166425,3.5722985,8.2561054,-0.2740234,0.2266763,-0.5024983,0.4933012,4.3905129,8.7587757,0.1022782,0.1829102,0.8535967,0.4769232
gait_20260920_035116_owner_phone_shake_1,owner_phone_shake_1,2533316857834371,2026-09-20T03:51:17.213935Z,0.0025438,3.4254293,8.2718172,-0.3732640,0.0008827,-0.4919564,0.4112696,4.3431997,8.7865562,0.0981249,0.1819074,0.8518675,0.4812515
gait_20260920_035116_owner_phone_shake_1,owner_phone_shake_1,2533316867918721,2026-09-20T03:51:17.214174Z,-0.0418985,3.4210150,8.4612589,-0.3732640,0.0008827,-0.4919564,0.4112696,4.3431997,8.7865562,0.0981249,0.1819074,0.8518675,0.4812515
gait_20260920_035116_owner_phone_shake_1,owner_phone_shake_1,2533316877980692,2026-09-20T03:51:17.235051Z,0.0652420,3.3214312,8.8137302,-0.3396897,-0.2258103,-0.4638112,0.3771831,4.2788115,8.8196154,0.0957699,0.1788560,0.8501366,0.4859078
gait_20260920_035116_owner_phone_shake_1,owner_phone_shake_1,2533316888088481,2026-09-20T03:51:17.235691Z,0.0068085,3.2169092,9.1094885,-0.3396897,-0.2258103,-0.4638112,0.3771831,4.2788115,8.8196154,0.0957699,0.1788560,0.8501366,0.4859078
gait_20260920_035116_owner_phone_shake_1,owner_phone_shake_1,2533316898170471,2026-09-20T03:51:17.254034Z,-0.0984615,3.1884782,9.2852383,-0.2319556,-0.3431704,-0.3982948,0.3821825,4.2188449,8.8482428,0.0955738,0.1751955,0.8482221,0.4906032
gait_20260920_035116_owner_phone_shake_1,owner_phone_shake_1,2533316908254944,2026-09-20T03:51:17.254811Z,-0.1703624,3.1446342,9.4768486,-0.2319556,-0.3431704,-0.3982948,0.3821825,4.2188449,8.8482428,0.0955738,0.1751955,0.8482221,0.4906032
gait_20260920_035116_owner_phone_shake_1,owner_phone_shake_1,2533316918317444,2026-09-20T03:51:17.290198Z,0.2384475,3.0360723,9.4002342,-0.1351464,-0.4171970,-0.3501817,0.4091983,4.1666660,8.8717279,0.0969445,0.1719421,0.8463370,0.4947235
gait_20260920_035116_owner_phone_shake_1,owner_phone_shake_1,2533316928401876,2026-09-20T03:51:17.290360Z,0.7002292,2.8954129,9.4292641,-0.1351464,-0.4171970,-0.3501817,0.4091983,4.1666660,8.8717279,0.0969445,0.1719421,0.8463370,0.4947235
gait_20260920_035116_owner_phone_shake_1,owner_phone_shake_1,2533316938485575,2026-09-20T03:51:17.297904Z,0.6035633,2.9279590,9.5799494,-0.1237052,-0.4724879,-0.3837559,0.4592532,4.1229639,8.8896770,0.0994227,0.1689298,0.8444064,0.4985538
gait_20260920_035116_owner_phone_shake_1,owner_phone_shake_1,2533316948591288,2026-09-20T03:51:17.298064Z,0.6200234,3.0316579,9.4627829,-0.1237052,-0.4724879,-0.3837559,0.4592532,4.1229639,8.8896770,0.0994227,0.1689298,0.8444064,0.4985538
gait_20260920_035116_owner_phone_shake_1,owner_phone_shake_1,2533316958653341,2026-09-20T03:51:17.318261Z,0.4736778,3.1257799,9.3953714,-0.2061753,-0.4050396,-0.4058723,0.5126094,4.0978327,8.8983765,0.1021827,0.1657833,0.8421822,0.5027961
gait_20260920_035116_owner_phone_shake_1,owner_phone_shake_1,2533316968737894,2026-09-20T03:51:17.318756Z,1.0518775,2.8357823,9.3376856,-0.2061753,-0.4050396,-0.4058723,0.5126094,4.0978327,8.8983765,0.1021827,0.1657833,0.8421822,0.5027961
gait_20260920_035116_owner_phone_shake_1,owner_phone_shake_1,2533316988926941,2026-09-20T03:51:17.336369Z,2.0152445,2.4987984,9.3349180,-0.3686175,-0.2834828,-0.8063821,0.6385065,3.9717979,8.9472475,0.1066483,0.1560168,0.8410967,0.5067952
gait_20260920_035116_owner_phone_shake_1,owner_phone_shake_1,2533317019179301,2026-09-20T03:51:17.356614Z,-1.4046482,2.6603322,8.9889555,-0.6093497,-0.2520735,-0.7847320,0.6157966,3.9102654,8.9758968,0.1054072,0.1522424,0.8369784,0.5149552
gait_20260920_035116_owner_phone_shake_1,owner_phone_shake_1,2533317039326517,2026-09-20T03:51:17.376936Z,-1.1704654,2.5782559,9.1098623,-0.9003934,0.1231223,-0.4360325,0.5729697,3.7865851,9.0315876,0.1015640,0.1464131,0.8338135,0.5224971
gait_20260920_035116_owner_phone_shake_1,owner_phone_shake_1,2533317059515075,2026-09-20T03:51:17.397341Z,-0.8022820,2.4195652,9.6657667,-0.9342341,0.2152684,-0.1983147,0.4788681,3.6025255,9.1120033,0.0931039,0.1400590,0.8333565,0.5265285
gait_20260920_035116_owner_phone_shake_1,owner_phone_shake_1,2533317079684753,2026-09-20T03:51:17.417085Z,-0.3847931,2.0623803,9.5441856,-0.7536558,0.0308930,-0.0020151,0.3931136,3.4036155,9.1922235,0.0860062,0.1335273,0.8340102,0.5283942
gait_20260920_035116_owner_phone_shake_1,owner_phone_shake_1,2533317099865783,2026-09-20T03:51:17.437920Z,-0.5409399,1.6488568,9.5019131,-0.5562571,-0.2147521,0.1149952,0.3426770,3.1903853,9.2703896,0.0821121,0.1273474,0.8351262,0.5287763
gait_20260920_035116_owner_phone_shake_1,owner_phone_shake_1,2533317120021545,2026-09-20T03:51:17.457319Z,-0.3722984,2.0213048,9.9289789,-0.3589250,-0.5183361,0.2130367,0.3699316,3.0440919,9.3184099,0.0801432,0.1204160,0.8364226,0.5286533
gait_20260920_035116_owner_phone_shake_1,owner_phone_shake_1,2533317140193542,2026-09-20T03:51:17.477646Z,0.4376900,2.6426001,10.3368912,-0.0814376,-0.5922795,0.3765948,0.4806752,2.9730108,9.3362885,0.0834088,0.1145852,0.8376003,0.5275784
gait_20260920_035116_owner_phone_shake_1,owner_phone_shake_1,2533317160348001,2026-09-20T03:51:17.498103Z,1.4009073,3.1599722,10.6846485,0.2635147,-0.6181930,0.4483398,0.6188377,2.9640813,9.3309898,0.0888596,0.1108238,0.8392537,0.5248574
gait_20260920_035116_owner_phone_shake_1,owner_phone_shake_1,2533317180524230,2026-09-20T03:51:17.518119Z,1.9696798,3.1272764,10.3014269,0.6131635,-0.5261301,0.3152917,0.7613869,3.0203531,9.3023577,0.0963234,0.1099827,0.8406826,0.5214196
gait_20260920_035116_owner_phone_shake_1,owner_phone_shake_1,2533317200719950,2026-09-20T03:51:17.538117Z,1.5351322,3.1353567,9.6831245,0.7764550,-0.4705894,0.0767745,0.8742613,3.1412518,9.2522593,0.1044884,0.1127103,0.8408832,0.5189354
gait_20260920_035116_owner_phone_shake_1,owner_phone_shake_1,2533317220839700,2026-09-20T03:51:17.558490Z,1.0066122,3.3352726,9.4955540,0.6466045,-0.2985379,-0.0722113,0.9605075,3.2872024,9.1928139,0.1124814,0.1169850,0.8396518,0.5183121
gait_20260920_035116_owner_phone_shake_1,owner_phone_shake_1,2533317241030741,2026-09-20T03:51:17.578241Z,0.8652046,3.3070660,9.7141743,0.4018088,-0.2269927,-0.0114912,1.0051590,3.4019711,9.1461658,0.1178853,0.1208286,0.8381457,0.5186669
gait_20260920_035116_owner_phone_shake_1,owner_phone_shake_1,2533317261174905,2026-09-20T03:51:17.598948Z,1.2633903,3.4750342,9.9423714,0.2294575,-0.0477467,0.1116644,1.0443714,3.4676938,9.1170444,0.1215396,0.1227442,0.8374954,0.5184241
gait_20260920_035116_owner_phone_shake_1,owner_phone_shake_1,2533317281348490,2026-09-20T03:51:17.619175Z,1.4759505,3.7214873,9.4853783,0.1676715,0.1331147,0.0938614,1.0556890,3.5023882,9.1024666,0.1228681,0.1242413,0.8378975,0.5171029
gait_20260920_035116_owner_phone_shake_1,owner_phone_shake_1,2533317301518940,2026-09-20T03:51:17.639846Z,0.9359084,3.7331591,9.5393972,0.0955101,0.2170004,-0.0106585,1.0315776,3.5293472,9.0948153,0.1224121,0.1263080,0.8383220,0.5160211
gait_20260920_035116_owner_phone_shake_1,owner_phone_shake_1,2533317321704365,2026-09-20T03:51:17.659226Z,0.7540987,3.6602855,10.2036390,0.0718949,0.0753256,0.0201346,0.9905278,3.5448174,9.0933619,0.1209912,0.1281468,0.8383647,0.5158335
gait_20260920_035116_owner_phone_shake_1,owner_phone_shake_1,2533317341872578,2026-09-20T03:51:17.679488Z,1.1376199,3.6966474,10.9359655,0.2010293,0.0995570,0.0923959,0.9825491,3.5583451,9.0889425,0.1209687,0.1290501,0.8384904,0.5154091
gait_20260920_035116_owner_phone_shake_1,owner_phone_shake_1,2533317362038267,2026-09-20T03:51:17.700513Z,0.9976339,3.6871455,11.5877113,0.4158147,0.5878496,0.1178763,0.9665802,3.5986545,9.0747738,0.1212276,0.1315441,0.8388827,0.5140777
gait_20260920_035116_owner_phone_shake_1,owner_phone_shake_1,2533317382208760,2026-09-20T03:51:17.720037Z,0.8208371,3.6195092,10.6821051,0.5611367,1.0676652,0.1753490,0.8484306,3.6796467,9.0540867,0.1178678,0.1388473,0.8397374,0.5115367
gait_20260920_035116_owner_phone_shake_1,owner_phone_shake_1,2533317402356301,2026-09-20T03:51:17.740337Z,0.4409820,4.2327991,10.4164982,0.5049297,1.0630354,0.3087468,0.6573914,3.7813928,9.0280132,0.1115496,0.1492821,0.8412001,0.5075963
gait_20260920_035116_owner_phone_shake_1,owner_phone_shake_1,2533317422519429,2026-09-20T03:51:17.760011Z,0.6940192,4.9691658,10.5938187,0.4573828,0.7726579,0.3816076,0.4933593,3.8670621,9.0021410,0.1057199,0.1584138,0.8432724,0.5026133
gait_20260920_035116_owner_phone_shake_1,owner_phone_shake_1,2533317442712787,2026-09-20T03:51:17.781282Z,0.8922890,5.3764043,11.6718082,0.4568333,0.2522567,0.3385239,0.3969945,3.9456458,8.9727573,0.1026842,0.1653918,0.8452206,0.4976985
gait_20260920_035116_owner_phone_shake_1,owner_phone_shake_1,2533317462881408,2026-09-20T03:51:17.801422Z,1.3861680,5.3309894,13.2616329,0.4905741,-0.1256704,0.2763549,0.3953472,4.0258980,8.9371109,0.1042195,0.1697377,0.8462423,0.4941673
gait_20260920_035116_owner_phone_shake_1,owner_phone_shake_1,2533317483045307,2026-09-20T03:51:17.821045Z,1.6231191,5.7462339,14.7389297,0.6452556,-0.3685509,0.2105387,0.4507894,4.1138434,8.8943348,0.1087766,0.1728038,0.8464937,0.4916858
gait_20260920_035116_owner_phone_shake_1,owner_phone_shake_1,2533317503216856,2026-09-20T03:51:17.841015Z,1.4538041,5.3748331,14.8563957,1.0010163,-0.4379810,0.0469140,0.5397826,4.2350988,8.8322525,0.1160076,0.1764495,0.8457723,0.4899767
gait_20260920_035116_owner_phone_shake_1,owner_phone_shake_1,2533317523360411,2026-09-20T03:51:17.860916Z,1.1445781,5.2435260,14.3925943,1.3028517,-0.2449789,-0.1158945,0.6172020,4.4239826,8.7340450,0.1249766,0.1833935,0.8433731,0.4893563
gait_20260920_035116_owner_phone_shake_1,owner_phone_shake_1,2533317543552509,2026-09-20T03:51:17.880983Z,2.0050690,5.1846437,13.9587946,1.5456822,0.0009493,-0.1507178,0.6397743,4.6622858,8.6075478,0.1331019,0.1940595,0.8398592,0.4891435
gait_20260920_035116_owner_phone_shake_1,owner_phone_shake_1,2533317563717752,2026-09-20T03:51:17.900945Z,2.2864625,4.6743793,12.6016560,1.8512647,0.1665390,-0.2374181,0.6166861,4.9383726,8.4538918,0.1402567,0.2079577,0.8359129,0.4881920
gait_20260920_035116_owner_phone_shake_1,owner_phone_shake_1,2533317583885720,2026-09-20T03:51:17.921320Z,1.9072809,4.2284594,10.2179289,2.0916138,0.1853080,-0.3971290,0.5606714,5.2634463,8.2594128,0.1476114,0.2252560,0.8307576,0.4871471
gait_20260920_035116_owner_phone_shake_1,owner_phone_shake_1,2533317604038186,2026-09-20T03:51:17.941180Z,1.3990368,3.7250037,8.3130426,1.9736875,0.2849150,-0.6656899,0.4804403,5.6144395,8.0301523,0.1553032,0.2444774,0.8239156,0.4871087
gait_20260920_035116_owner_phone_shake_1,owner_phone_shake_1,2533317624200865,2026-09-20T03:51:17.961517Z,0.8378209,2.9612534,7.0794301,1.6957172,0.5883825,-0.8023852,0.3530608,5.9217858,7.8130603,0.1604899,0.2625974,0.8161461,0.4890718
gait_20260920_035116_owner_phone_shake_1,owner_phone_shake_1,2533317644413063,2026-09-20T03:51:17.982482Z,0.0588076,2.1553800,5.7566338,1.4893254,1.1176269,-0.7925427,0.1497896,6.1807361,7.6165729,0.1609011,0.2806236,0.8087023,0.4912859
gait_20260920_035116_owner_phone_shake_1,owner_phone_shake_1,2533317664536802,2026-09-20T03:51:18.001925Z,-0.7094319,1.5650598,4.1239376,1.4353168,1.4781173,-0.6820107,-0.1335182,6.4011641,7.4325895,0.1559570,0.2996757,0.8025232,0.4917605
gait_20260920_035116_owner_phone_shake_1,owner_phone_shake_1,2533317684726703,2026-09-20T03:51:18.022697Z,-1.2651860,1.3401544,2.3539491,1.5351070,1.4791498,-0.4969858,-0.4460411,6.6086507,7.2362204,0.1486511,0.3197724,0.7971463,0.4901085
gait_20260920_035116_owner_phone_shake_1,owner_phone_shake_1,2533317704894794,2026-09-20T03:51:18.042387Z,-1.4260464,1.5342344,0.3182044,1.6637917,1.1371620,-0.2927423,-0.7188017,6.8267770,7.0081778,0.1430696,0.3401193,0.7918317,0.4866750
gait_20260920_035116_owner_phone_shake_1,owner_phone_shake_1,2533317725065733,2026-09-20T03:51:18.062705Z,-1.4903158,1.7205333,-1.4003836,1.5186030,0.6203413,-0.1912368,-0.9040760,7.0556417,6.7554922,0.1418786,0.3590797,0.7861137,0.4826569
gait_20260920_035116_owner_phone_shake_1,owner_phone_shake_1,2533317745227883,2026-09-20T03:51:18.083134Z,-1.7852515,1.5369278,-2.3247697,1.0103425,0.3876363,-0.1174267,-1.0040202,7.2509933,6.5307846,0.1440663,0.3737451,0.7805340,0.4799230
gait_20260920_035116_owner_phone_shake_1,owner_phone_shake_1,2533317765378680,2026-09-20T03:51:18.104046Z,-1.7185131,1.5898248,-2.7683706,0.4223264,0.3109117,-0.0030976,-1.0676198,7.3689532,6.3870821,0.1452366,0.3829284,0.7770199,0.4780296
gait_20260920_035116_owner_phone_shake_1,owner_phone_shake_1,2533317785562559,2026-09-20T03:51:18.124473Z,-1.2654104,1.8542345,-2.6879404,-0.1183760,0.1511342,0.0997569,-1.1047248,7.4116578,6.3311152,0.1444960,0.3869739,0.7762349,0.4762682
gait_20260920_035116_owner_phone_shake_1,owner_phone_shake_1,2533317805730121,2026-09-20T03:51:18.146861Z,-0.8219594,2.0413563,-2.4473979,-0.5693138,-0.2435967,0.1589449,-1.1023464,7.3891168,6.3578215,0.1431166,0.3858271,0.7776923,0.4752366
gait_20260920_035116_owner_phone_shake_1,owner_phone_shake_1,2533317825903419,2026-09-20T03:51:18.168397Z,-0.0399532,2.3536499,-1.8347067,-0.9639114,-0.7491925,0.1688040,-1.0359963,7.3111691,6.4582992,0.1432696,0.3790937,0.7804523,0.4760841
gait_20260920_035116_owner_phone_shake_1,owner_phone_shake_1,2533317846051044,2026-09-20T03:51:18.193377Z,0.6068553,2.6161890,-0.4123264,-1.3322791,-1.2824839,0.1517004,-0.8993264,7.1809516,6.6227822,0.1457224,0.3667890,0.7838424,0.4793974
gait_20260920_035116_owner_phone_shake_1,owner_phone_shake_1,2533317866218117,2026-09-20T03:51:18.204849Z,1.0241197,3.1310921,1.8342577,-1.6424247,-1.5817546,0.1374780,-0.6897969,6.9956770,6.8425727,0.1505053,0.3488969,0.7875168,0.4852179
gait_20260920_035116_owner_phone_shake_1,owner_phone_shake_1,2533317886417051,2026-09-20T03:51:18.223941Z,2.0884173,3.4961331,3.6092591,-1.9037411,-1.6072516,0.1472205,-0.4412552,6.7599096,7.0954227,0.1556273,0.3272195,0.7914795,0.4922071
gait_20260920_035116_owner_phone_shake_1,owner_phone_shake_1,2533317906554176,2026-09-20T03:51:18.243876Z,1.8097172,3.6462944,6.4656911,-2.1980324,-1.5570235,-0.0197349,-0.1870437,6.4750905,7.3671112,0.1592014,0.3032570,0.7958661,0.4992869
gait_20260920_035116_owner_phone_shake_1,owner_phone_shake_1,2533317926744159,2026-09-20T03:51:18.264172Z,1.1219079,3.5509753,9.7140245,-2.3008368,-1.7743403,-0.1077841,0.0451341,6.1338229,7.6557350,0.1602887,0.2772301,0.7996787,0.5079027
gait_20260920_035116_owner_phone_shake_1,owner_phone_shake_1,2533317946892718,2026-09-20T03:51:18.284334Z,1.6479590,3.9959226,11.6323786,-2.1291850,-1.9839797,0.0083436,0.3225196,5.7595706,7.9346991,0.1626602,0.2486227,0.8025137,0.5173975
gait_20260920_035116_owner_phone_shake_1,owner_phone_shake_1,2533317967059140,2026-09-20T03:51:18.304624Z,2.0406079,4.5516019,13.9705410,-2.1176605,-2.1515346,0.0444659,0.6539744,5.4168229,8.1526966,0.1680236,0.2208413,0.8042959,0.5254573
gait_20260920_035116_owner_phone_shake_1,owner_phone_shake_1,2533317987227272,2026-09-20T03:51:18.325949Z,2.3371150,4.3670239,16.5282974,-2.1119316,-1.9614470,-0.0029644,1.0197994,5.0620914,8.3409433,0.1743804,0.1919107,0.8052191,0.5332766
gait_20260920_035116_owner_phone_shake_1,owner_phone_shake_1,2533318007395322,2026-09-20T03:51:18.344882Z,2.6109517,4.2987890,18.1704197,-1.9103528,-1.4210278,0.0232322,1.3410778,4.7049313,8.5030136,0.1783841,0.1645765,0.8055823,0.5404913
gait_20260920_035116_owner_phone_shake_1,owner_phone_shake_1,2533318027584898,2026-09-20T03:51:18.364861Z,2.4381204,4.7988782,18.6078854,-1.6077013,-0.8219535,0.0697466,1.5709864,4.3811903,8.6355820,0.1788899,0.1421459,0.8062701,0.5456387
gait_20260920_035116_owner_phone_shake_1,owner_phone_shake_1,2533318047731707,2026-09-20T03:51:18.385717Z,2.2356606,5.2343984,18.4015350,-1.3101960,-0.3240850,0.0594877,1.7016178,4.1058798,8.7454185,0.1761788,0.1254339,0.8075076,0.5487794
gait_20260920_035116_owner_phone_shake_1,owner_phone_shake_1,2533318067929615,2026-09-20T03:51:18.405460Z,2.0857239,5.3915176,18.1906204,-0.9664927,-0.0726610,0.0159045,1.7487049,3.8818498,8.8379517,0.1712711,0.1137942,0.8088972,0.5508198
gait_20260920_035116_owner_phone_shake_1,owner_phone_shake_1,2533318088080299,2026-09-20T03:51:18.428385Z,1.9574844,5.6513634,17.3431473,-0.5383208,0.0671985,-0.0156547,1.7546682,3.7207553,8.9057970,0.1665366,0.1062771,0.8098789,0.5523288
gait_20260920_035116_owner_phone_shake_1,owner_phone_shake_1,2533318098173113,2026-09-20T03:51:18.435724Z,1.9536686,5.8337717,16.6070805,-0.5383208,0.0671985,-0.0156547,1.7355592,3.6395710,8.9430122,0.1631899,0.1031409,0.8104092,0.5531436
gait_20260920_035116_owner_phone_shake_1,owner_phone_shake_1,2533318108258399,2026-09-20T03:51:18.447390Z,1.9854666,5.9769001,15.8941326,-0.1023216,0.2532559,-0.0031309,1.7355592,3.6395710,8.9430122,0.1631899,0.1031409,0.8104092,0.5531436
gait_20260920_035116_owner_phone_shake_1,owner_phone_shake_1,2533318118344866,2026-09-20T03:51:18.455897Z,2.1498435,6.1117234,15.1707096,-0.1023216,0.2532559,-0.0031309,1.6822014,3.6350341,8.9550447,0.1606421,0.1045887,0.8109246,0.5528623
gait_20260920_035116_owner_phone_shake_1,owner_phone_shake_1,2533318128430560,2026-09-20T03:51:18.469742Z,2.2106712,6.1403790,14.5634804,0.2309563,0.4944711,0.0396529,1.6822014,3.6350341,8.9550447,0.1606421,0.1045887,0.8109246,0.5528623
gait_20260920_035116_owner_phone_shake_1,owner_phone_shake_1,2533318138487933,2026-09-20T03:51:18.476041Z,2.2866123,6.1237693,14.0126638,0.2309563,0.4944711,0.0396529,1.5890698,3.6856225,8.9513769,0.1579373,0.1098524,0.8117211,0.5514500
gait_20260920_035116_owner_phone_shake_1,owner_phone_shake_1,2533318148593645,2026-09-20T03:51:18.486311Z,2.6247933,6.0596495,13.4957409,0.4781003,0.6220900,0.0349232,1.5890698,3.6856225,8.9513769,0.1579373,0.1098524,0.8117211,0.5514500
gait_20260920_035116_owner_phone_shake_1,owner_phone_shake_1,2533318158677752,2026-09-20T03:51:18.496258Z,2.8384008,5.9540057,13.2043219,0.4781003,0.6220900,0.0349232,1.4758329,3.7795455,8.9315767,0.1556610,0.1176671,0.8122895,0.5496451
gait_20260920_035116_owner_phone_shake_1,owner_phone_shake_1,2533318168740862,2026-09-20T03:51:18.508614Z,2.9239936,5.7818475,13.0862579,0.7081074,0.6101658,-0.0527096,1.4758329,3.7795455,8.9315767,0.1556610,0.1176671,0.8122895,0.5496451
gait_20260920_035116_owner_phone_shake_1,owner_phone_shake_1,2533318178846005,2026-09-20T03:51:18.517055Z,2.8778305,5.5233483,12.8751192,0.7081074,0.6101658,-0.0527096,1.3627131,3.9165621,8.8904247,0.1548475,0.1272346,0.8118756,0.5483536
gait_20260920_035116_owner_phone_shake_1,owner_phone_shake_1,2533318188929664,2026-09-20T03:51:18.526301Z,2.8369045,5.2698622,12.7548103,0.9295877,0.5103922,-0.2214470,1.3627131,3.9165621,8.8904247,0.1548475,0.1272346,0.8118756,0.5483536
gait_20260920_035116_owner_phone_shake_1,owner_phone_shake_1,2533318199016538,2026-09-20T03:51:18.536749Z,2.7519104,5.0625396,12.4750624,0.9295877,0.5103922,-0.2214470,1.2540914,4.0966353,8.8250179,0.1558518,0.1382976,0.8099484,0.5482404
gait_20260920_035116_owner_phone_shake_1,owner_phone_shake_1,2533318209103574,2026-09-20T03:51:18.546501Z,2.4468741,4.9782186,11.6326780,1.1077344,0.5207343,-0.3570930,1.2540914,4.0966353,8.8250179,0.1558518,0.1382976,0.8099484,0.5482404
gait_20260920_035116_owner_phone_shake_1,owner_phone_shake_1,2533318219181617,2026-09-20T03:51:18.556601Z,2.3417537,4.6737809,11.1667814,1.1077344,0.5207343,-0.3570930,1.1261433,4.3062029,8.7421122,0.1571545,0.1511212,0.8070721,0.5487253
gait_20260920_035116_owner_phone_shake_1,owner_phone_shake_1,2533318229266130,2026-09-20T03:51:18.569316Z,2.2334909,4.3956046,11.2666645,1.0973758,0.8578260,-0.3783601,1.1261433,4.3062029,8.7421122,0.1571545,0.1511212,0.8070721,0.5487253
gait_20260920_035116_owner_phone_shake_1,owner_phone_shake_1,2533318239329973,2026-09-20T03:51:18.576837Z,2.3025486,4.3563247,11.2809544,1.0973758,0.8578260,-0.3783601,0.9339125,4.5041542,8.6646700,0.1552084,0.1655205,0.8046821,0.5486347
gait_20260920_035116_owner_phone_shake_1,owner_phone_shake_1,2533318249434181,2026-09-20T03:51:18.587549Z,2.2673090,4.1611223,11.0542536,1.0654335,1.0432506,-0.3914833,0.9339125,4.5041542,8.6646700,0.1552084,0.1655205,0.8046821,0.5486347
gait_20260920_035116_owner_phone_shake_1,owner_phone_shake_1,2533318259501319,2026-09-20T03:51:18.605511Z,2.0908864,3.8557122,10.6998367,1.0654335,1.0432506,-0.3914833,0.7081300,4.6964688,8.5835800,0.1516353,0.1807913,0.8022929,0.5483133
gait_20260920_035116_owner_phone_shake_1,owner_phone_shake_1,2533318269602760,2026-09-20T03:51:18.607122Z,1.7123032,3.6028247,10.4099894,1.1691874,1.2836996,-0.4920230,0.7081300,4.6964688,8.5835800,0.1516353,0.1807913,0.8022929,0.5483133
gait_20260920_035116_owner_phone_shake_1,owner_phone_shake_1,2533318279687965,2026-09-20T03:51:18.617548Z,1.0457424,3.3629556,10.1470013,1.1691874,1.2836996,-0.4920230,0.4342767,4.9054723,8.4843302,0.1466683,0.1982948,0.7991747,0.5481673
gait_20260920_035116_owner_phone_shake_1,owner_phone_shake_1,2533318289749122,2026-09-20T03:51:18.627873Z,0.3430442,3.1052797,9.9301758,1.2279757,1.2250446,-0.5981916,0.4342767,4.9054723,8.4843302,0.1466683,0.1982948,0.7991747,0.5481673
gait_20260920_035116_owner_phone_shake_1,owner_phone_shake_1,2533318299856137,2026-09-20T03:51:18.637424Z,-0.2994997,2.8427405,9.6335192,1.2279757,1.2250446,-0.5981916,0.0954546,5.0933018,8.3836317,0.1421636,0.2151060,0.7951714,0.5488366
gait_20260920_035116_owner_phone_shake_1,owner_phone_shake_1,2533318309935646,2026-09-20T03:51:18.647573Z,-0.5308394,2.7002854,9.1125565,1.2924929,1.2128706,-0.5339409,-0.1222738,4.7945085,8.5576782,0.1315901,0.2125338,0.7959429,0.5513514
gait_20260920_035116_owner_phone_shake_1,owner_phone_shake_1,2533318320002255,2026-09-20T03:51:18.658380Z,-0.4463690,2.6333225,8.3781347,1.2924929,1.2128706,-0.5339409,-0.2573456,4.8888907,8.5010958,0.1216919,0.2124240,0.7963243,0.5531138
gait_20260920_035116_owner_phone_shake_1,owner_phone_shake_1,2533318330091244,2026-09-20T03:51:18.667742Z,-0.2905214,2.5956888,7.4821048,1.4667593,1.3930825,-0.2275257,-0.3876378,5.0145521,8.4225950,0.1198363,0.2220623,0.7949156,0.5517580
gait_20260920_035116_owner_phone_shake_1,owner_phone_shake_1,2533318340190813,2026-09-20T03:51:18.677704Z,-0.1387889,2.6121488,6.4320230,1.4667593,1.3930825,-0.2275257,-0.5190911,5.1480818,8.3345003,0.1180533,0.2324048,0.7937991,0.5494857
gait_20260920_035116_owner_phone_shake_1,owner_phone_shake_1,2533318350274920,2026-09-20T03:51:18.687726Z,-0.0878373,2.7203369,5.2104564,1.6424913,1.6073849,0.0153549,-0.6536328,5.2874026,8.2372475,0.1162104,0.2432890,0.7928532,0.5465251
gait_20260920_035116_owner_phone_shake_1,owner_phone_shake_1,2533318360347836,2026-09-20T03:51:18.697976Z,-0.2593968,2.9212253,3.9399581,1.6424913,1.6073849,0.0153549,-0.7877445,5.4285827,8.1330233,0.1142529,0.2545981,0.7919479,0.5430880
gait_20260920_035116_owner_phone_shake_1,owner_phone_shake_1,2533318370421526,2026-09-20T03:51:18.708078Z,-0.5475988,3.1041572,2.7929859,1.6721187,1.6383113,0.0986910,-0.9146280,5.5668335,8.0255795,0.1123658,0.2659085,0.7909749,0.5394676
gait_20260920_035116_owner_phone_shake_1,owner_phone_shake_1,2533318380526913,2026-09-20T03:51:18.719157Z,-0.8274960,3.2711530,1.9336920,1.6721187,1.6383113,0.0986910,-1.0270783,5.6969423,7.9199791,0.1107827,0.2767074,0.7898744,0.5359652
gait_20260920_035116_owner_phone_shake_1,owner_phone_shake_1,2533318390614112,2026-09-20T03:51:18.728180Z,-1.0654945,3.3500118,1.3633482,1.4660432,1.2755393,0.0773241,-1.1195631,5.8145032,7.8213964,0.1097155,0.2864347,0.7886559,0.5328596
gait_20260920_035116_owner_phone_shake_1,owner_phone_shake_1,2533318400724178,2026-09-20T03:51:18.738478Z,-1.2268788,3.3316813,1.0520272,1.4660432,1.2755393,0.0773241,-1.1891160,5.9166574,7.7340341,0.1092926,0.2947693,0.7873373,0.5303453
gait_20260920_035116_owner_phone_shake_1,owner_phone_shake_1,2533318410783220,2026-09-20T03:51:18.748416Z,-1.3186814,3.2097266,0.9056816,1.1254876,0.7139862,0.0218333,-1.2382817,6.0036354,7.6589251,0.1095245,0.3015856,0.7859796,0.5284756
gait_20260920_035116_owner_phone_shake_1,owner_phone_shake_1,2533318420867327,2026-09-20T03:51:18.758950Z,-1.2882302,3.0576949,0.8247277,1.1254876,0.7139862,0.0218333,-1.2721411,6.0757847,7.5962234,0.1101925,0.3070710,0.7846757,0.5271139
gait_20260920_035116_owner_phone_shake_1,owner_phone_shake_1,2533318430951310,2026-09-20T03:51:18.768380Z,-1.1897686,2.9701569,0.7335984,0.7740235,0.3507479,0.0264964,-1.2954402,6.1346369,7.5448112,0.1110112,0.3114545,0.7835588,0.5260306
gait_20260920_035116_owner_phone_shake_1,owner_phone_shake_1,2533318441033179,2026-09-20T03:51:18.778553Z,-1.1391912,2.9747956,0.6852654,0.7740235,0.3507479,0.0264964,-1.3111935,6.1807985,7.5043063,0.1117819,0.3148833,0.7827336,0.5250537
gait_20260920_035116_owner_phone_shake_1,owner_phone_shake_1,2533318451119442,2026-09-20T03:51:18.788582Z,-1.1751789,2.9859436,0.6722469,0.4371650,0.2068415,0.0700963,-1.3230306,6.2147055,7.4741645,0.1123633,0.3174986,0.7822006,0.5241482
gait_20260920_035116_owner_phone_shake_1,owner_phone_shake_1,2533318461203346,2026-09-20T03:51:18.798772Z,-1.2299463,2.9587095,0.5842600,0.4371650,0.2068415,0.0700963,-1.3336810,6.2374640,7.4532847,0.1126336,0.3194352,0.7819293,0.5233178
gait_20260920_035116_owner_phone_shake_1,owner_phone_shake_1,2533318471287655,2026-09-20T03:51:18.808867Z,-1.1767502,2.9265375,0.3049614,0.1596776,0.1848917,0.1018719,-1.3438317,6.2521338,7.4391565,0.1125576,0.3208444,0.7818999,0.5225152
gait_20260920_035116_owner_phone_shake_1,owner_phone_shake_1,2533318481349016,2026-09-20T03:51:18.819433Z,-1.0283844,2.9135189,-0.2264017,0.1596776,0.1848917,0.1018719,-1.3531332,6.2624464,7.4287882,0.1122310,0.3219424,0.7821003,0.5216096
gait_20260920_035116_owner_phone_shake_1,owner_phone_shake_1,2533318491453142,2026-09-20T03:51:18.829342Z,-0.8310873,2.9665656,-0.8237550,-0.0074776,0.2066250,0.1788962,-1.3591777,6.2694564,7.4217696,0.1117629,0.3228554,0.7825248,0.5205078
gait_20260920_035116_owner_phone_shake_1,owner_phone_shake_1,2533318501539852,2026-09-20T03:51:18.839042Z,-0.6058078,3.1082723,-1.2281506,-0.0074776,0.2066250,0.1788962,-1.3552221,6.2706351,7.4214969,0.1113494,0.3233843,0.7831743,0.5192899
gait_20260920_035116_owner_phone_shake_1,owner_phone_shake_1,2533318511623592,2026-09-20T03:51:18.850049Z,-0.3754407,3.3964744,-1.3053637,-0.2266763,-0.0413850,0.2325052,-1.3332927,6.2617426,7.4329691,0.1113356,0.3230300,0.7839981,0.5182691
gait_20260920_035116_owner_phone_shake_1,owner_phone_shake_1,2533318521683651,2026-09-20T03:51:18.860958Z,-0.2259528,3.6770449,-1.1771243,-0.2266763,-0.0413850,0.2325052,-1.2892138,6.2386169,7.4601407,0.1120352,0.3212954,0.7848625,0.5178883
gait_20260920_035116_owner_phone_shake_1,owner_phone_shake_1,2533318531791806,2026-09-20T03:51:18.869551Z,-0.1217302,3.8624458,-0.6885574,-0.5973423,-0.6638913,0.1332146,-1.2226204,6.1975050,7.5054812,0.1135135,0.3178714,0.7856677,0.5184579
gait_20260920_035116_owner_phone_shake_1,owner_phone_shake_1,2533318541875911,2026-09-20T03:51:18.879883Z,0.1573439,4.0491190,0.1522563,-0.5973423,-0.6638913,0.1332146,-1.1329279,6.1331530,7.5721216,0.1156446,0.3125232,0.7864427,0.5200611
gait_20260920_035116_owner_phone_shake_1,owner_phone_shake_1,2533318551960466,2026-09-20T03:51:18.889767Z,0.5308394,4.2002530,1.3351415,-1.1493360,-1.3007865,-0.0000999,-1.0234827,6.0422311,7.6602902,0.1181555,0.3051045,0.7873131,0.5225788
gait_20260920_035116_owner_phone_shake_1,owner_phone_shake_1,2533318562041154,2026-09-20T03:51:18.899720Z,0.5761796,4.1879077,2.7854292,-1.1493360,-1.3007865,-0.0000999,-0.8974205,5.9220314,7.7691889,0.1207050,0.2956308,0.7883533,0.5258629
gait_20260920_035116_owner_phone_shake_1,owner_phone_shake_1,2533318572104427,2026-09-20T03:51:18.909870Z,0.6596774,4.1223664,4.4469304,-1.7897785,-1.7873471,-0.1206908,-0.7553746,5.7717791,7.8963337,0.1231118,0.2841184,0.7895010,0.5299135
gait_20260920_035116_owner_phone_shake_1,owner_phone_shake_1,2533318582211971,2026-09-20T03:51:18.920100Z,0.8710405,4.1160817,6.4222965,-1.7897785,-1.7873471,-0.1206908,-0.5959377,5.5938520,8.0367775,0.1253887,0.2706872,0.7907164,0.5345782
gait_20260920_035116_owner_phone_shake_1,owner_phone_shake_1,2533318592296444,2026-09-20T03:51:18.929889Z,1.2491000,4.0191913,8.4613333,-2.3251517,-2.1119149,-0.1624922,-0.4176938,5.3891368,8.1865044,0.1275241,0.2555858,0.7920031,0.5395783
gait_20260920_035116_owner_phone_shake_1,owner_phone_shake_1,2533318602356177,2026-09-20T03:51:18.940528Z,1.5961095,3.8498764,10.2738190,-2.3251517,-2.1119149,-0.1624922,-0.1402629,5.0917792,8.3839264,0.1321541,0.2322173,0.7954869,0.5438853
gait_20260920_035116_owner_phone_shake_1,owner_phone_shake_1,2533318612435548,2026-09-20T03:51:18.955281Z,1.4763994,3.9038208,11.7233582,-2.5125079,-1.9146328,-0.1561470,0.0115722,4.8743033,8.5133505,0.1328697,0.2165492,0.7966545,0.5484467
gait_20260920_035116_owner_phone_shake_1,owner_phone_shake_1,2533318622523739,2026-09-20T03:51:18.959937Z,1.6719010,3.7451301,13.0680017,-2.5125079,-1.9146328,-0.1561470,0.1515427,4.6579289,8.6323137,0.1328114,0.2015799,0.7977805,0.5525153
gait_20260920_035116_owner_phone_shake_1,owner_phone_shake_1,2533318632607479,2026-09-20T03:51:18.970152Z,1.8757823,3.7681742,14.1759186,-2.4046574,-1.6197754,-0.0712288,0.2880321,4.4476585,8.7390766,0.1323942,0.1872144,0.7989351,0.5559903
gait_20260920_035116_owner_phone_shake_1,owner_phone_shake_1,2533318642692317,2026-09-20T03:51:18.980043Z,1.8838626,3.8706760,15.0123177,-2.4046574,-1.6197754,-0.0712288,0.4190282,4.2504015,8.8314552,0.1320745,0.1734977,0.7998760,0.5591542
gait_20260920_035116_owner_phone_shake_1,owner_phone_shake_1,2533318652775692,2026-09-20T03:51:18.990885Z,1.7327287,3.9787891,15.4334726,-2.0508618,-1.4279391,-0.1022550,0.5392948,4.0724158,8.9084625,0.1319256,0.1608915,0.8004326,0.5621540
gait_20260920_035116_owner_phone_shake_1,owner_phone_shake_1,2533318662885474,2026-09-20T03:51:19.000897Z,1.5936406,4.1172786,15.5189161,-2.0508618,-1.4279391,-0.1022550,0.6448852,3.9170246,8.9709053,0.1318584,0.1497089,0.8006766,0.5649049
gait_20260920_035116_owner_phone_shake_1,owner_phone_shake_1,2533318672943579,2026-09-20T03:51:19.010857Z,1.5322143,4.2122240,15.4748478,-1.5574065,-1.0864841,-0.0994238,0.7337810,3.7833567,9.0213013,0.1317638,0.1401073,0.8007869,0.5672289
gait_20260920_035116_owner_phone_shake_1,owner_phone_shake_1,2533318683048925,2026-09-20T03:51:19.021144Z,1.4986206,4.2230725,15.3096476,-1.5574065,-1.0864841,-0.0994238,0.8032980,3.6704798,9.0619202,0.1314865,0.1320619,0.8008933,0.5690702
gait_20260920_035116_owner_phone_shake_1,owner_phone_shake_1,2533318693112606,2026-09-20T03:51:19.030953Z,1.4796166,4.2324996,15.1438494,-1.1088502,-0.6746997,-0.0680812,0.8556707,3.5758307,9.0949097,0.1309565,0.1255353,0.8010006,0.5705168
gait_20260920_035116_owner_phone_shake_1,owner_phone_shake_1,2533318703221981,2026-09-20T03:51:19.041102Z,1.4283658,4.2381859,15.0153856,-1.1088502,-0.6746997,-0.0680812,0.8984416,3.4984424,9.1208448,0.1303672,0.1202659,0.8010440,0.5717247
gait_20260920_035116_owner_phone_shake_1,owner_phone_shake_1,2533318713288916,2026-09-20T03:51:19.050617Z,1.3887867,4.2570400,14.8026762,-0.7479768,-0.5132900,-0.0974587,0.9404417,3.4355531,9.1404953,0.1300847,0.1157992,0.8009294,0.5728706
gait_20260920_035116_owner_phone_shake_1,owner_phone_shake_1,2533318723365657,2026-09-20T03:51:19.060709Z,1.3100772,4.2301054,14.4649439,-0.7479768,-0.5132900,-0.0974587,0.9789427,3.3870780,9.1545334,0.1302356,0.1119715,0.8005930,0.5740663
gait_20260920_035116_owner_phone_shake_1,owner_phone_shake_1,2533318733470882,2026-09-20T03:51:19.070944Z,1.1642554,4.1130891,14.0807495,-0.4580157,-0.4309864,-0.1680046,1.0104803,3.3508580,9.1644306,0.1305722,0.1088982,0.8000788,0.5752965
gait_20260920_035116_owner_phone_shake_1,owner_phone_shake_1,2533318743556291,2026-09-20T03:51:19.081041Z,1.0427496,4.0312371,13.6524115,-0.4580157,-0.4309864,-0.1680046,1.0339863,3.3227801,9.1720285,0.1309331,0.1064855,0.7994777,0.5765007
gait_20260920_035116_owner_phone_shake_1,owner_phone_shake_1,2533318753638850,2026-09-20T03:51:19.093332Z,0.9586533,3.9585881,13.1610765,-0.2873298,-0.2315726,-0.1785965,1.0449175,3.3000650,9.1789885,0.1310417,0.1046745,0.7989131,0.5775892
gait_20260920_035116_owner_phone_shake_1,owner_phone_shake_1,2533318763707820,2026-09-20T03:51:19.101121Z,0.9474305,3.9411552,12.6629324,-0.2873298,-0.2315726,-0.1785965,1.0399244,3.2817318,9.1861258,0.1306504,0.1035480,0.7985000,0.5784515
gait_20260920_035116_owner_phone_shake_1,owner_phone_shake_1,2533318773805802,2026-09-20T03:51:19.111177Z,0.9076269,3.9737015,12.1520700,-0.1771476,0.1058689,-0.1096327,1.0204023,3.2678511,9.1932602,0.1296703,0.1031516,0.7983149,0.5789981
gait_20260920_035116_owner_phone_shake_1,owner_phone_shake_1,2533318783889990,2026-09-20T03:51:19.121806Z,0.8087164,3.9993644,11.6739035,-0.1771476,0.1058689,-0.1096327,0.9913639,3.2585490,9.1997366,0.1282793,0.1033785,0.7983219,0.5792577
gait_20260920_035116_owner_phone_shake_1,owner_phone_shake_1,2533318793974259,2026-09-20T03:51:19.131504Z,0.7594857,4.0221839,11.2703304,-0.0713287,0.2997037,-0.0480299,0.9591402,3.2541952,9.2046928,0.1267451,0.1040323,0.7984275,0.5793329
gait_20260920_035116_owner_phone_shake_1,owner_phone_shake_1,2533318804059464,2026-09-20T03:51:19.141729Z,0.7356933,4.0596681,10.9450932,-0.0713287,0.2997037,-0.0480299,0.9302175,3.2545555,9.2075329,0.1253605,0.1049172,0.7985536,0.5793008
gait_20260920_035116_owner_phone_shake_1,owner_phone_shake_1,2533318814137264,2026-09-20T03:51:19.151381Z,0.7608324,4.1032877,10.7887964,0.0194684,0.2363023,-0.0246977,0.9091223,3.2583385,9.2083025,0.1243662,0.1057950,0.7986403,0.5792359
gait_20260920_035116_owner_phone_shake_1,owner_phone_shake_1,2533318824221410,2026-09-20T03:51:19.161755Z,0.7301567,4.0590696,10.8675060,0.0194684,0.2363023,-0.0246977,0.8983302,3.2637639,9.2074404,0.1238396,0.1065028,0.7986454,0.5792119
gait_20260920_035116_owner_phone_shake_1,owner_phone_shake_1,2533318834305395,2026-09-20T03:51:19.171448Z,0.7416788,3.9680901,11.0783453,0.0546581,0.0237651,-0.0372714,0.8985420,3.2697816,9.2052841,0.1238420,0.1068858,0.7985365,0.5792911
gait_20260920_035116_owner_phone_shake_1,owner_phone_shake_1,2533318844400407,2026-09-20T03:51:19.181549Z,0.8327333,3.9334490,11.4143562,0.0546581,0.0237651,-0.0372714,0.9074174,3.2768488,9.2018995,0.1242963,0.1069787,0.7983161,0.5794804
gait_20260920_035116_owner_phone_shake_1,owner_phone_shake_1,2533318854458065,2026-09-20T03:51:19.191984Z,0.8861539,3.9613564,11.8884830,0.0885988,-0.1635080,-0.0445492,0.9239934,3.2860067,9.1969833,0.1251506,0.1068908,0.7980305,0.5797061
gait_20260920_035116_owner_phone_shake_1,owner_phone_shake_1,2533318864563167,2026-09-20T03:51:19.201998Z,1.1293150,4.0292168,12.3269968,0.0885988,-0.1635080,-0.0445492,0.9440299,3.2978964,9.1906910,0.1263610,0.1066978,0.7977040,0.5799283
gait_20260920_035116_owner_phone_shake_1,owner_phone_shake_1,2533318874623917,2026-09-20T03:51:19.212317Z,1.4551508,4.0211368,12.7449341,0.1644573,-0.1797123,-0.0357726,0.9588947,3.3146560,9.1831198,0.1276412,0.1067054,0.7973810,0.5800907
gait_20260920_035116_owner_phone_shake_1,owner_phone_shake_1,2533318884731868,2026-09-20T03:51:19.222702Z,1.5390975,3.9809589,13.2237749,0.1644573,-0.1797123,-0.0357726,0.9673241,3.3361430,9.1744509,0.1287782,0.1071623,0.7970878,0.5801580
gait_20260920_035116_owner_phone_shake_1,owner_phone_shake_1,2533318894815160,2026-09-20T03:51:19.232803Z,1.5554081,3.9477394,13.6073704,0.2596843,-0.0702961,-0.0557906,0.9700747,3.3615911,9.1648664,0.1298200,0.1079598,0.7967625,0.5802249
gait_20260920_035116_owner_phone_shake_1,owner_phone_shake_1,2533318904899226,2026-09-20T03:51:19.242793Z,1.5399206,3.8632689,13.8594351,0.2596843,-0.0702961,-0.0557906,0.9618413,3.3925891,9.1543055,0.1306799,0.1091745,0.7963709,0.5803423
gait_20260920_035116_owner_phone_shake_1,owner_phone_shake_1,2533318914983414,2026-09-20T03:51:19.253080Z,1.4802152,3.7987752,13.8937769,0.3895848,0.1476868,-0.1038871,0.9401305,3.4310150,9.1422310,0.1312084,0.1110655,0.7959477,0.5804446
gait_20260920_035116_owner_phone_shake_1,owner_phone_shake_1,2533318925070044,2026-09-20T03:51:19.262780Z,1.4566473,3.7615902,13.6945343,0.3895848,0.1476868,-0.1038871,0.9020929,3.4776928,9.1284170,0.1313752,0.1137466,0.7955379,0.5804498
gait_20260920_035116_owner_phone_shake_1,owner_phone_shake_1,2533318935151505,2026-09-20T03:51:19.273453Z,1.3569887,3.7495444,13.4693298,0.5688474,0.5052462,-0.0980748,0.8454688,3.5329349,9.1126099,0.1310028,0.1174065,0.7952342,0.5802211
gait_20260920_035116_owner_phone_shake_1,owner_phone_shake_1,2533318945235733,2026-09-20T03:51:19.283024Z,1.2906991,3.7465515,13.1138659,0.5688474,0.5052462,-0.0980748,0.7768790,3.5947013,9.0945415,0.1301872,0.1219167,0.7950392,0.5797417
gait_20260920_035116_owner_phone_shake_1,owner_phone_shake_1,2533318955297623,2026-09-20T03:51:19.293152Z,1.2142344,3.6880434,12.7024374,0.7146690,0.8084971,-0.0763915,0.6951827,3.6618874,9.0743275,0.1290586,0.1270448,0.7948990,0.5790848
gait_20260920_035116_owner_phone_shake_1,owner_phone_shake_1,2533318965401708,2026-09-20T03:51:19.303012Z,1.0482115,3.6403837,12.3421097,0.7146690,0.8084971,-0.0763915,0.6016393,3.7329578,9.0520258,0.1274555,0.1328665,0.7948077,0.5782581
gait_20260920_035116_owner_phone_shake_1,owner_phone_shake_1,2533318975487849,2026-09-20T03:51:19.313005Z,0.9594764,3.5993829,11.9178867,0.8146757,1.0412188,-0.0665490,0.5009357,3.8080151,9.0268602,0.1255881,0.1391091,0.7947299,0.5773047
gait_20260920_035116_owner_phone_shake_1,owner_phone_shake_1,2533318985572037,2026-09-20T03:51:19.323754Z,0.9038112,3.6017771,11.4509430,0.8146757,1.0412188,-0.0665490,0.3928682,3.8887353,8.9977493,0.1235349,0.1458021,0.7946582,0.5761937
gait_20260920_035116_owner_phone_shake_1,owner_phone_shake_1,2533318995656144,2026-09-20T03:51:19.333329Z,0.8819640,3.6445735,10.8152828,0.9581158,1.2200150,-0.0462146,0.2783063,3.9771039,8.9633303,0.1213680,0.1530708,0.7945727,0.5748857
gait_20260920_035116_owner_phone_shake_1,owner_phone_shake_1,2533319005718969,2026-09-20T03:51:19.343458Z,0.8415619,3.6665702,10.0309572,0.9581158,1.2200150,-0.0462146,0.1558729,4.0749178,8.9222670,0.1191533,0.1609482,0.7944432,0.5733744
gait_20260920_035116_owner_phone_shake_1,owner_phone_shake_1,2533319015823949,2026-09-20T03:51:19.353186Z,0.7639000,3.7253778,9.0703583,1.1711359,1.4184630,-0.0331579,0.0267956,4.1816769,8.8740616,0.1168531,0.1695837,0.7942368,0.5716420
gait_20260920_035116_owner_phone_shake_1,owner_phone_shake_1,2533319025908422,2026-09-20T03:51:19.363226Z,0.6279542,3.8201733,7.9677534,1.1711359,1.4184630,-0.0331579,-0.1121943,4.2985559,8.8173656,0.1146638,0.1787189,0.7939795,0.5696564
gait_20260920_035116_owner_phone_shake_1,owner_phone_shake_1,2533319036002538,2026-09-20T03:51:19.373546Z,0.4404583,3.8755391,6.8594627,1.3521472,1.5985417,-0.0377044,-0.2572676,4.4213958,8.7533522,0.1121580,0.1887255,0.7935380,0.5675392
gait_20260920_035116_owner_phone_shake_1,owner_phone_shake_1,2533319046079768,2026-09-20T03:51:19.383523Z,0.3063830,3.9450459,5.7861123,1.3521472,1.5985417,-0.0377044,-0.4038976,4.5465417,8.6834288,0.1096071,0.1990759,0.7929776,0.5652801
gait_20260920_035116_owner_phone_shake_1,owner_phone_shake_1,2533319056160538,2026-09-20T03:51:19.393852Z,0.2662801,4.0393176,4.7201686,1.3970461,1.6405596,-0.0294941,-0.5470509,4.6705356,8.6094685,0.1070719,0.2094846,0.7923335,0.5629027
gait_20260920_035116_owner_phone_shake_1,owner_phone_shake_1,2533319066244685,2026-09-20T03:51:19.403666Z,0.1660229,4.1546884,3.8087261,1.3970461,1.6405596,-0.0294941,-0.6823871,4.7906575,8.5334663,0.1046775,0.2196784,0.7916171,0.5604697
gait_20260920_035116_owner_phone_shake_1,owner_phone_shake_1,2533319076333837,2026-09-20T03:51:19.413707Z,-0.0451906,4.2199302,3.2138417,1.2802689,1.4596981,-0.0363721,-0.8043882,4.9021192,8.4592142,0.1025362,0.2293140,0.7908108,0.5581395
gait_20260920_035116_owner_phone_shake_1,owner_phone_shake_1,2533319086414810,2026-09-20T03:51:19.424737Z,-0.2837129,4.2004023,2.8304701,1.2802689,1.4596981,-0.0363721,-0.9083822,5.0004516,8.3908548,0.1007918,0.2379340,0.7898854,0.5561561
gait_20260920_035116_owner_phone_shake_1,owner_phone_shake_1,2533319096497249,2026-09-20T03:51:19.434064Z,-0.4201076,4.1003695,2.5729439,1.0063955,1.0244483,-0.1047864,-0.9930506,5.0848045,8.3303499,0.0995311,0.2452624,0.7888417,0.5546789
gait_20260920_035116_owner_phone_shake_1,owner_phone_shake_1,2533319106581192,2026-09-20T03:51:19.443946Z,-0.5484218,3.9240966,2.4711902,1.0063955,1.0244483,-0.1047864,-1.0599668,5.1568127,8.2776728,0.0987636,0.2513932,0.7877012,0.5536911
gait_20260920_035116_owner_phone_shake_1,owner_phone_shake_1,2533319116660578,2026-09-20T03:51:19.454196Z,-0.7127239,3.7330093,2.4945338,0.7367021,0.5809215,-0.1576792,-1.1106583,5.2171445,8.2331009,0.0984364,0.2563929,0.7865323,0.5531183
gait_20260920_035116_owner_phone_shake_1,owner_phone_shake_1,2533319126744156,2026-09-20T03:51:19.464445Z,-0.8558523,3.5598786,2.5041106,0.7367021,0.5809215,-0.1576792,-1.1459692,5.2670846,8.1963825,0.0985253,0.2603290,0.7853773,0.5529051
gait_20260920_035116_owner_phone_shake_1,owner_phone_shake_1,2533319136828181,2026-09-20T03:51:19.475184Z,-1.0238205,3.4195933,2.5345619,0.5269129,0.2221631,-0.1501516,-1.1682715,5.3099923,8.1654911,0.0989805,0.2633783,0.7842871,0.5529271
gait_20260920_035116_owner_phone_shake_1,owner_phone_shake_1,2533319146915949,2026-09-20T03:51:19.484455Z,-1.1018565,3.3372178,2.3642743,0.5269129,0.2221631,-0.1501516,-1.1788943,5.3504605,8.1374989,0.0998183,0.2658044,0.7832892,0.5530302
gait_20260920_035116_owner_phone_shake_1,owner_phone_shake_1,2533319157002131,2026-09-20T03:51:19.496295Z,-1.0299556,3.2505777,1.8474259,0.4874764,0.0063618,-0.0573560,-1.1807264,5.3945327,8.1080828,0.1011036,0.2679457,0.7823837,0.5530452
gait_20260920_035116_owner_phone_shake_1,owner_phone_shake_1,2533319167069962,2026-09-20T03:51:19.504918Z,-0.9591771,3.1887774,1.2207435,0.4874764,0.0063618,-0.0573560,-1.1775548,5.4446797,8.0749578,0.1027857,0.2701893,0.7815777,0.5527830
gait_20260920_035116_owner_phone_shake_1,owner_phone_shake_1,2533319177169611,2026-09-20T03:51:19.514629Z,-0.8317606,3.2568624,0.5876269,0.5383708,-0.0600540,0.0802885,-1.1684788,5.4978786,8.0401554,0.1047459,0.2725935,0.7808906,0.5522054
gait_20260920_035116_owner_phone_shake_1,owner_phone_shake_1,2533319187243342,2026-09-20T03:51:19.525333Z,-0.6510732,3.4236336,-0.0109235,0.5383708,-0.0600540,0.0802885,-1.1481932,5.5479021,8.0086546,0.1070170,0.2747743,0.7803496,0.5514534
gait_20260920_035116_owner_phone_shake_1,owner_phone_shake_1,2533319197343399,2026-09-20T03:51:19.535358Z,-0.5552303,3.5635448,-0.3380314,0.3707492,-0.2991374,0.1467542,-1.1124198,5.5864911,7.9868484,0.1096467,0.2761761,0.7799298,0.5508301
gait_20260920_035116_owner_phone_shake_1,owner_phone_shake_1,2533319207399633,2026-09-20T03:51:19.544543Z,-0.6293758,3.5707273,-0.1657237,0.3707492,-0.2991374,0.1467542,-1.0562924,5.6050940,7.9814334,0.1126431,0.2761887,0.7795846,0.5507079
gait_20260920_035116_owner_phone_shake_1,owner_phone_shake_1,2533319217504369,2026-09-20T03:51:19.555223Z,-0.6781576,3.4235587,0.5633107,-0.1323819,-0.8716987,0.0570563,-0.9763672,5.5956244,7.9982376,0.1160226,0.2741836,0.7792655,0.5514594
gait_20260920_035116_owner_phone_shake_1,owner_phone_shake_1,2533319227568334,2026-09-20T03:51:19.565776Z,-0.6628198,3.1526399,1.6280571,-0.1323819,-0.8716987,0.0570563,-0.8730692,5.5529094,8.0398426,0.1196369,0.2697507,0.7790062,0.5532368
gait_20260920_035116_owner_phone_shake_1,owner_phone_shake_1,2533319237669408,2026-09-20T03:51:19.575249Z,-0.4117279,2.9165866,2.9146414,-0.8203048,-1.4416120,-0.0384705,-0.7518439,5.4787970,8.1026926,0.1231790,0.2629635,0.7789404,0.5558138
gait_20260920_035116_owner_phone_shake_1,owner_phone_shake_1,2533319247762060,2026-09-20T03:51:19.585113Z,0.0465373,2.7669489,4.2675896,-0.8203048,-1.4416120,-0.0384705,-0.6177276,5.3782554,8.1810083,0.1264180,0.2542696,0.7792230,0.5587282
gait_20260920_035116_owner_phone_shake_1,owner_phone_shake_1,2533319257842625,2026-09-20T03:51:19.596986Z,0.5443816,2.7662008,5.5912838,-1.3532797,-1.6127975,0.0116078,-0.4793274,5.2572184,8.2684946,0.1291412,0.2442830,0.7798845,0.5616304
gait_20260920_035116_owner_phone_shake_1,owner_phone_shake_1,2533319267927749,2026-09-20T03:51:19.605784Z,1.0870423,2.8832173,6.8480153,-1.3532797,-1.6127975,0.0116078,-0.3435166,5.1210356,8.3602095,0.1311877,0.2335428,0.7808264,0.5644090
gait_20260920_035116_owner_phone_shake_1,owner_phone_shake_1,2533319278014257,2026-09-20T03:51:19.616065Z,1.3647698,3.0336781,8.1516581,-1.6494027,-1.5029982,0.0288279,-0.2140927,4.9750500,8.4521685,0.1325432,0.2224706,0.7818941,0.5670809
gait_20260920_035116_owner_phone_shake_1,owner_phone_shake_1,2533319288098688,2026-09-20T03:51:19.627344Z,1.3328222,3.1571290,9.2985554,-1.6494027,-1.5029982,0.0288279,0.1981478,4.5232286,8.7027159,0.1336290,0.2104072,0.7831170,0.5697368
gait_20260920_035116_owner_phone_shake_1,owner_phone_shake_1,2533319298178888,2026-09-20T03:51:19.635848Z,1.1831098,3.2386816,10.2375317,-1.6645911,-1.4569335,-0.0919795,0.3407772,4.3508463,8.7857914,0.1381725,0.1770945,0.7890751,0.5717573
gait_20260920_035116_owner_phone_shake_1,owner_phone_shake_1,2533319308264297,2026-09-20T03:51:19.645801Z,0.9510218,3.2388313,11.0903168,-1.6645911,-1.4569335,-0.0919795,0.4686430,4.2117133,8.8474836,0.1392756,0.1663443,0.7890114,0.5747983
gait_20260920_035116_owner_phone_shake_1,owner_phone_shake_1,2533319318348119,2026-09-20T03:51:19.658918Z,0.7982418,3.2983122,11.8645411,-1.4909742,-1.5933124,-0.1824102,0.6060923,4.0807905,8.9003325,0.1409608,0.1558700,0.7885698,0.5779207
gait_20260920_035116_owner_phone_shake_1,owner_phone_shake_1,2533319328431777,2026-09-20T03:51:19.665735Z,0.8378209,3.3770964,12.5450935,-1.4909742,-1.5933124,-0.1824102,0.7543935,3.9564426,8.9450302,0.1433233,0.1454046,0.7879343,0.5809265
gait_20260920_035116_owner_phone_shake_1,owner_phone_shake_1,2533319338494237,2026-09-20T03:51:19.676402Z,1.0182840,3.5062335,13.2360449,-1.3346273,-1.7142364,-0.1021384,0.9073625,3.8374074,8.9826002,0.1461513,0.1349919,0.7872793,0.5836166
gait_20260920_035116_owner_phone_shake_1,owner_phone_shake_1,2533319348599462,2026-09-20T03:51:19.686014Z,1.2874072,3.6849756,13.8999119,-1.3346273,-1.7142364,-0.1021384,1.0586305,3.7230282,9.0141258,0.1490934,0.1248806,0.7867340,0.5858547
gait_20260920_035116_owner_phone_shake_1,owner_phone_shake_1,2533319358683730,2026-09-20T03:51:19.696184Z,1.4939818,3.7686980,14.5797901,-1.2072415,-1.5859014,0.0260134,1.2017907,3.6130567,9.0408859,0.1518895,0.1151862,0.7863315,0.5876601
gait_20260920_035116_owner_phone_shake_1,owner_phone_shake_1,2533319368768284,2026-09-20T03:51:19.706427Z,1.6780361,3.8151605,15.0225677,-1.2072415,-1.5859014,0.0260134,1.3292390,3.5100307,9.0636044,0.1543037,0.1061897,0.7860466,0.5891051
gait_20260920_035116_owner_phone_shake_1,owner_phone_shake_1,2533319378852106,2026-09-20T03:51:19.716572Z,1.8136826,3.8888569,15.1602345,-1.0302439,-1.1806287,0.0764081,1.4316791,3.4166422,9.0836649,0.1561060,0.0982027,0.7858630,0.5902598
gait_20260920_035116_owner_phone_shake_1,owner_phone_shake_1,2533319388936498,2026-09-20T03:51:19.726695Z,1.8061259,4.0001874,14.8781681,-1.0302439,-1.1806287,0.0764081,1.5009947,3.3362322,9.1023445,0.1569679,0.0917154,0.7858542,0.5910858
gait_20260920_035116_owner_phone_shake_1,owner_phone_shake_1,2533319399022231,2026-09-20T03:51:19.736483Z,1.7349732,4.1302972,14.2303123,-0.7509745,-0.4979517,0.1042368,1.5372883,3.2698989,9.1203403,0.1568040,0.0869476,0.7860841,0.5915441
gait_20260920_035116_owner_phone_shake_1,owner_phone_shake_1,2533319409105117,2026-09-20T03:51:19.746607Z,1.5159786,4.3147254,13.5070381,-0.7509745,-0.4979517,0.1042368,1.5472096,3.2162342,9.1377287,0.1557786,0.0837711,0.7865472,0.5916577
gait_20260920_035116_owner_phone_shake_1,owner_phone_shake_1,2533319419188329,2026-09-20T03:51:19.757089Z,1.3064111,4.4644380,12.6687689,-0.4999169,0.0593712,0.1131300,1.5352441,3.1724870,9.1550236,0.1541024,0.0818538,0.7871511,0.5915620
gait_20260920_035116_owner_phone_shake_1,owner_phone_shake_1,2533319429273126,2026-09-20T03:51:19.766812Z,1.0957214,4.5731497,11.9337492,-0.4999169,0.0593712,0.1131300,1.5110708,3.1353557,9.1718216,0.1519298,0.0808664,0.7878257,0.5913617
gait_20260920_035116_owner_phone_shake_1,owner_phone_shake_1,2533319439348647,2026-09-20T03:51:19.776915Z,1.0191817,4.6799159,11.3763485,-0.3775274,0.2707925,0.1016554,1.4858140,3.1013966,9.1874809,0.1496543,0.0802870,0.7885028,0.5911185
gait_20260920_035116_owner_phone_shake_1,owner_phone_shake_1,2533319449440729,2026-09-20T03:51:19.787345Z,1.0161141,4.7493482,11.0912886,-0.3775274,0.2707925,0.1016554,1.4659646,3.0682194,9.2017984,0.1475631,0.0796854,0.7891258,0.5908942
gait_20260920_035116_owner_phone_shake_1,owner_phone_shake_1,2533319459524632,2026-09-20T03:51:19.796900Z,1.0455179,4.7929673,11.0645037,-0.3615063,0.1490191,0.0775406,1.4564884,3.0347717,9.2143860,0.1458087,0.0788222,0.7896374,0.5907620
gait_20260920_035116_owner_phone_shake_1,owner_phone_shake_1,2533319469609145,2026-09-20T03:51:19.807391Z,1.1214590,4.8172088,11.1974573,-0.3615063,0.1490191,0.0775406,1.4601523,3.0021360,9.2244921,0.1446111,0.0775298,0.7899746,0.5907765
gait_20260920_035116_owner_phone_shake_1,owner_phone_shake_1,2533319479693048,2026-09-20T03:51:19.817137Z,1.2140847,4.7961097,11.3708868,-0.3332280,-0.0822203,0.0291776,1.4716005,2.9727409,9.2321892,0.1439722,0.0759464,0.7901241,0.5909384
gait_20260920_035116_owner_phone_shake_1,owner_phone_shake_1,2533319489777440,2026-09-20T03:51:19.827777Z,1.2826935,4.7483754,11.5451403,-0.3332280,-0.0822203,0.0291776,1.4851005,2.9487667,9.2377138,0.1436759,0.0743952,0.7901493,0.5911739
gait_20260920_035116_owner_phone_shake_1,owner_phone_shake_1,2533319499861423,2026-09-20T03:51:19.837326Z,1.3367876,4.7188220,11.6888666,-0.2279420,-0.1427073,-0.0007161,1.4982167,2.9306600,9.2413578,0.1435946,0.0730550,0.7901081,0.5914160
gait_20260920_035116_owner_phone_shake_1,owner_phone_shake_1,2533319509945490,2026-09-20T03:51:19.847911Z,1.3664906,4.6951790,11.8305740,-0.2279420,-0.1427073,-0.0007161,1.5092770,2.9189336,9.2432690,0.1436629,0.0720227,0.7900340,0.5916249
gait_20260920_035116_owner_phone_shake_1,owner_phone_shake_1,2533319520031142,2026-09-20T03:51:19.857916Z,1.4012814,4.6997433,12.0231571,-0.1028212,-0.1016221,-0.0110082,1.5167511,2.9126959,9.2440128,0.1437997,0.0713332,0.7899489,0.5917887
gait_20260920_035116_owner_phone_shake_1,owner_phone_shake_1,2533319530092788,2026-09-20T03:51:19.867512Z,1.4492402,4.7057285,12.2810574,-0.1028212,-0.1016221,-0.0110082,1.5201823,2.9108067,9.2440453,0.1439227,0.0709798,0.7898661,0.5919119
gait_20260920_035116_owner_phone_shake_1,owner_phone_shake_1,2533319540197931,2026-09-20T03:51:19.877823Z,1.4416087,4.6863503,12.5977659,-0.0057456,-0.0300270,-0.0191686,1.5204349,2.9130487,9.2432966,0.1440202,0.0709214,0.7897839,0.5920048
gait_20260920_035116_owner_phone_shake_1,owner_phone_shake_1,2533319550282078,2026-09-20T03:51:19.888734Z,1.3652935,4.6333790,13.0519905,-0.0057456,-0.0300270,-0.0191686,1.5195025,2.9193389,9.2414656,0.1441587,0.0711010,0.7896837,0.5920832
gait_20260920_035116_owner_phone_shake_1,owner_phone_shake_1,2533319560347956,2026-09-20T03:51:19.898226Z,1.3176340,4.5630493,13.4853411,0.0924458,-0.0163375,-0.0270459,1.5193906,2.9306114,9.2379150,0.1444282,0.0714637,0.7895565,0.5921435
gait_20260920_035116_owner_phone_shake_1,owner_phone_shake_1,2533319570428725,2026-09-20T03:51:19.909115Z,1.3661165,4.4975080,13.8513546,0.0924458,-0.0163375,-0.0270459,1.5191181,2.9491162,9.2320690,0.1449233,0.0720637,0.7894087,0.5921470
gait_20260920_035116_owner_phone_shake_1,owner_phone_shake_1,2533319580534153,2026-09-20T03:51:19.918391Z,1.5254058,4.4542627,14.0569563,0.2734405,0.0181361,-0.0051960,1.5158018,2.9781599,9.2232876,0.1456393,0.0730949,0.7892851,0.5920096
gait_20260920_035116_owner_phone_shake_1,owner_phone_shake_1,2533319590735203,2026-09-20T03:51:19.930194Z,1.6271594,4.4229884,14.1236954,0.2734405,0.0181361,-0.0051960,1.5040753,3.0204916,9.2114334,0.1464883,0.0748479,0.7892265,0.5916592
gait_20260920_035116_owner_phone_shake_1,owner_phone_shake_1,2533319600725275,2026-09-20T03:51:19.938563Z,1.7206829,4.4182000,13.9878244,0.5557075,0.1980649,0.0302435,1.4824743,3.0772669,9.1961298,0.1473553,0.0775182,0.7892478,0.5910713
gait_20260920_035116_owner_phone_shake_1,owner_phone_shake_1,2533319610790704,2026-09-20T03:51:19.948555Z,1.7526305,4.4210429,13.7840929,0.5557075,0.1980649,0.0302435,1.4504730,3.1454952,9.1781311,0.1486233,0.0832269,0.7893467,0.5898442
gait_20260920_035116_owner_phone_shake_1,owner_phone_shake_1,2533319620875014,2026-09-20T03:51:19.959489Z,1.7034745,4.4322658,13.5133982,0.8064820,0.4195119,0.0252973,1.4081732,3.2234979,9.1576319,0.1493122,0.0879677,0.7893932,0.5889192
gait_20260920_035116_owner_phone_shake_1,owner_phone_shake_1,2533319630958999,2026-09-20T03:51:19.968531Z,1.6607530,4.3899183,13.3112373,0.8064820,0.4195119,0.0252973,1.3576744,3.3062344,9.1357346,0.1498113,0.0931595,0.7893733,0.5880201
gait_20260920_035116_owner_phone_shake_1,owner_phone_shake_1,2533319641040500,2026-09-20T03:51:19.978708Z,1.4936826,4.2779894,13.3676510,0.8794927,0.5653168,-0.0299104,1.3015926,3.3878410,9.1139727,0.1500494,0.0984601,0.7892712,0.5872324
gait_20260920_035116_owner_phone_shake_1,owner_phone_shake_1,2533319651127293,2026-09-20T03:51:19.988685Z,1.3207015,4.1271548,13.5769196,0.8794927,0.5653168,-0.0299104,1.2453114,3.4642377,9.0930939,0.1501311,0.1035171,0.7890601,0.5866253
gait_20260920_035116_owner_phone_shake_1,owner_phone_shake_1,2533319661211562,2026-09-20T03:51:19.998819Z,1.2922704,3.9053171,13.7414455,0.8195553,0.5795392,-0.0943444,1.1878990,3.5384288,9.0721846,0.1501099,0.1084980,0.7887616,0.5861318
gait_20260920_035116_owner_phone_shake_1,owner_phone_shake_1,2533319671295872,2026-09-20T03:51:20.009438Z,1.4330045,3.6705356,13.6893721,0.8195553,0.5795392,-0.0943444,1.1272537,3.6179562,9.0485249,0.1501262,0.1138193,0.7884161,0.5855831
gait_20260920_035116_owner_phone_shake_1,owner_phone_shake_1,2533319681355889,2026-09-20T03:51:20.019148Z,1.6228198,3.5535939,13.3408661,0.9794661,0.6525167,-0.1065850,1.0623820,3.7103915,9.0188942,0.1503729,0.1198594,0.7880220,0.5848445
gait_20260920_035116_owner_phone_shake_1,owner_phone_shake_1,2533319691464247,2026-09-20T03:51:20.029186Z,1.7208325,3.5265844,12.6044989,0.9794661,0.6525167,-0.1065850,0.9884021,3.8207388,8.9811544,0.1508005,0.1270012,0.7875650,0.5838419
gait_20260920_035116_owner_phone_shake_1,owner_phone_shake_1,2533319701548639,2026-09-20T03:51:20.039050Z,1.7699136,3.5688570,11.4686747,1.3727647,0.9092532,-0.1060188,0.8971582,3.9517338,8.9339247,0.1511448,0.1356355,0.7870447,0.5825109
gait_20260920_035116_owner_phone_shake_1,owner_phone_shake_1,2533319711632257,2026-09-20T03:51:20.049194Z,1.7627310,3.6293852,9.9448404,1.3727647,0.9092532,-0.1060188,0.7886055,4.0998759,8.8772306,0.1512882,0.1456260,0.7864497,0.5808630
gait_20260920_035116_owner_phone_shake_1,owner_phone_shake_1,2533319721716648,2026-09-20T03:51:20.059435Z,1.5419407,3.6982186,8.4882679,1.7292582,1.2535727,-0.1271359,0.6785827,4.2538347,8.8136549,0.1517937,0.1557958,0.7858717,0.5788713
gait_20260920_035116_owner_phone_shake_1,owner_phone_shake_1,2533319731800592,2026-09-20T03:51:20.069732Z,1.1910405,3.7398179,7.1542487,1.7292582,1.2535727,-0.1271359,0.5505749,4.4183922,8.7413254,0.1516486,0.1672150,0.7849348,0.5769916
gait_20260920_035116_owner_phone_shake_1,owner_phone_shake_1,2533319741884617,2026-09-20T03:51:20.079520Z,0.8495675,3.7384710,6.0027127,1.8218373,1.3588587,-0.1947341,0.4220580,4.5805793,8.6646566,0.1514448,0.1785846,0.7837770,0.5752093
gait_20260920_035116_owner_phone_shake_1,owner_phone_shake_1,2533319751968723,2026-09-20T03:51:20.089636Z,0.5829133,3.7172973,5.0103908,1.8218373,1.3588587,-0.1947341,0.2950828,4.7364831,8.5857306,0.1511404,0.1896653,0.7824531,0.5735424
gait_20260920_035116_owner_phone_shake_1,owner_phone_shake_1,2533319762049208,2026-09-20T03:51:20.099566Z,0.3143886,3.6916347,4.1815481,1.7085408,1.3008366,-0.2410819,0.1730738,4.8842392,8.5059013,0.1508075,0.2002772,0.7810380,0.5719491
gait_20260920_035116_owner_phone_shake_1,owner_phone_shake_1,2533319772137709,2026-09-20T03:51:20.110233Z,0.1031003,3.6554971,3.4739118,1.7085408,1.3008366,-0.2410819,0.0591748,5.0223236,8.4266758,0.1505203,0.2102540,0.7795915,0.5704157
gait_20260920_035116_owner_phone_shake_1,owner_phone_shake_1,2533319782229506,2026-09-20T03:51:20.119859Z,-0.0210241,3.6295350,2.9614778,1.5018824,1.1197919,-0.2228959,-0.0433071,5.1497846,8.3494883,0.1503850,0.2194404,0.7781519,0.5689549
gait_20260920_035116_owner_phone_shake_1,owner_phone_shake_1,2533319792305922,2026-09-20T03:51:20.130684Z,-0.0897077,3.5794811,2.6247933,1.5018824,1.1197919,-0.2228959,-0.1328002,5.2653947,8.2761154,0.1504353,0.2277103,0.7767367,0.5676242
gait_20260920_035116_owner_phone_shake_1,owner_phone_shake_1,2533319802420058,2026-09-20T03:51:20.140934Z,-0.1581669,3.5358617,2.3611319,1.2338878,0.8521637,-0.1951005,-0.2094718,5.3678904,8.2084093,0.1506341,0.2349849,0.7753541,0.5664959
gait_20260920_035116_owner_phone_shake_1,owner_phone_shake_1,2533319812449599,2026-09-20T03:51:20.149825Z,-0.3102736,3.5228434,2.1805191,1.2338878,0.8521637,-0.1951005,-0.2763815,5.4572868,8.1472530,0.1508551,0.2413423,0.7740117,0.5655993
gait_20260920_035116_owner_phone_shake_1,owner_phone_shake_1,2533319822557956,2026-09-20T03:51:20.160182Z,-0.5137807,3.4467525,2.1481225,0.9279056,0.6418248,-0.1854246,-0.3369569,5.5326128,8.0939960,0.1508878,0.2468498,0.7728025,0.5648665
gait_20260920_035116_owner_phone_shake_1,owner_phone_shake_1,2533319832641493,2026-09-20T03:51:20.170123Z,-0.7610568,3.3180642,2.2149358,0.9279056,0.6418248,-0.1854246,-0.3934208,5.5949740,8.0484533,0.1506458,0.2516358,0.7717795,0.5642176
gait_20260920_035116_owner_phone_shake_1,owner_phone_shake_1,2533319842726373,2026-09-20T03:51:20.180365Z,-0.9374796,3.1430631,2.2409728,0.6361625,0.5397863,-0.1356127,-0.4454558,5.6456103,8.0102911,0.1501565,0.2557566,0.7709908,0.5635733
gait_20260920_035116_owner_phone_shake_1,owner_phone_shake_1,2533319852810561,2026-09-20T03:51:20.192268Z,-1.0229975,2.9999347,2.0718822,0.6361625,0.5397863,-0.1356127,-0.4945458,5.6888795,7.9767275,0.1494556,0.2594933,0.7704779,0.5627522
gait_20260920_035116_owner_phone_shake_1,owner_phone_shake_1,2533319862894707,2026-09-20T03:51:20.201072Z,-1.0202292,2.9340193,1.6071827,0.4813645,0.5609035,-0.0059121,-0.5427254,5.7300611,7.9440513,0.1485847,0.2631942,0.7702641,0.5615555
gait_20260920_035116_owner_phone_shake_1,owner_phone_shake_1,2533319872953993,2026-09-20T03:51:20.210549Z,-0.9091981,3.0200610,0.8983493,0.4813645,0.5609035,-0.0059121,-0.5896642,5.7735772,7.9091225,0.1476721,0.2670828,0.7703490,0.5598412
gait_20260920_035116_owner_phone_shake_1,owner_phone_shake_1,2533319883059096,2026-09-20T03:51:20.220861Z,-0.6646903,3.2317982,0.1862240,0.4700065,0.6142793,0.1935184,-0.6284125,5.8208475,7.8714008,0.1470864,0.2709912,0.7706665,0.5576760
gait_20260920_035116_owner_phone_shake_1,owner_phone_shake_1,2533319893147596,2026-09-20T03:51:20.231327Z,-0.3872621,3.4969561,-0.3644424,0.4700065,0.6142793,0.1935184,-0.6492585,5.8688722,7.8339591,0.1472490,0.2743984,0.7710680,0.5554074
gait_20260920_035116_owner_phone_shake_1,owner_phone_shake_1,2533319903205783,2026-09-20T03:51:20.240920Z,-0.1911620,3.7715411,-0.6925228,0.3878028,0.2486928,0.2865970,-0.6447368,5.9106979,7.8028235,0.1484296,0.2766151,0.7713307,0.5536261
gait_20260920_035116_owner_phone_shake_1,owner_phone_shake_1,2533319913311741,2026-09-20T03:51:20.251391Z,-0.1204583,3.9751978,-0.6430676,0.3878028,0.2486928,0.2865970,-0.6123971,5.9381742,7.7845464,0.1506196,0.2770597,0.7712943,0.5528625
gait_20260920_035116_owner_phone_shake_1,owner_phone_shake_1,2533319923415175,2026-09-20T03:51:20.261884Z,-0.1051204,4.0289178,-0.0671873,0.0036639,-0.5342406,0.1267029,-0.5523356,5.9429259,7.7854137,0.1536016,0.2752647,0.7709513,0.5534167
gait_20260920_035116_owner_phone_shake_1,owner_phone_shake_1,2533319933480807,2026-09-20T03:51:20.271637Z,-0.0638953,3.9457941,0.8578724,0.0036639,-0.5342406,0.1267029,-0.4703047,5.9181609,7.8096294,0.1568405,0.2710930,0.7704571,0.5552526
gait_20260920_035116_owner_phone_shake_1,owner_phone_shake_1,2533319943567722,2026-09-20T03:51:20.281249Z,-0.1453729,3.7603183,2.0773442,-0.6614431,-1.1620761,-0.0883157,-0.3777696,5.8615942,7.8571696,0.1596056,0.2648905,0.7700564,0.5580073
gait_20260920_035116_owner_phone_shake_1,owner_phone_shake_1,2533319953649306,2026-09-20T03:51:20.291312Z,-0.2982278,3.5737202,3.4103158,-0.6614431,-1.1620761,-0.0883157,-0.2820656,5.7734222,7.9261689,0.1614433,0.2570111,0.7699504,0.5613000
gait_20260920_035116_owner_phone_shake_1,owner_phone_shake_1,2533319963732313,2026-09-20T03:51:20.301284Z,-0.4040215,3.3712604,4.5911808,-1.3197387,-1.2834831,-0.1570130,-0.1885552,5.6581268,8.0116262,0.1621715,0.2479540,0.7702420,0.5647535
gait_20260920_035116_owner_phone_shake_1,owner_phone_shake_1,2533319973816460,2026-09-20T03:51:20.311595Z,-0.4526538,3.2422729,5.7194486,-1.3197387,-1.2834831,-0.1570130,-0.1002096,5.5207224,8.1084948,0.1617715,0.2381477,0.7709917,0.5680559
gait_20260920_035116_owner_phone_shake_1,owner_phone_shake_1,2533319983900526,2026-09-20T03:51:20.321510Z,-0.3883096,3.2546179,6.7540431,-1.7762889,-1.0452157,-0.0602039,-0.0219022,5.3663483,8.2120600,0.1601607,0.2280759,0.7722809,0.5708872
gait_20260920_035116_owner_phone_shake_1,owner_phone_shake_1,2533319993984674,2026-09-20T03:51:20.331571Z,-0.2467524,3.3228526,7.7409778,-1.7762889,-1.0452157,-0.0602039,0.0434817,5.2020183,8.3170443,0.1574475,0.2182065,0.7741162,0.5730100
gait_20260920_035116_owner_phone_shake_1,owner_phone_shake_1,2533320004070977,2026-09-20T03:51:20.343140Z,-0.1221043,3.4530375,8.6334162,-1.9445266,-0.6425409,0.1410253,0.0984053,5.0252013,8.4245939,0.1537759,0.2083295,0.7764297,0.5745510
gait_20260920_035116_owner_phone_shake_1,owner_phone_shake_1,2533320014153049,2026-09-20T03:51:20.351723Z,0.1998410,3.6910360,9.3664913,-1.9445266,-0.6425409,0.1410253,0.1368395,4.6895695,8.6154118,0.1467064,0.1944994,0.7800033,0.5764044
gait_20260920_035116_owner_phone_shake_1,owner_phone_shake_1,2533320024237196,2026-09-20T03:51:20.365382Z,0.6454618,3.9876177,9.9164839,-1.8220538,-0.5455153,0.2708425,0.1976882,4.5309806,8.6986923,0.1438712,0.1856021,0.7821924,0.5770857
gait_20260920_035116_owner_phone_shake_1,owner_phone_shake_1,2533320034326958,2026-09-20T03:51:20.371703Z,0.9276783,4.2198553,10.4396172,-1.8220538,-0.5455153,0.2708425,0.2660452,4.3880258,8.7698660,0.1419210,0.1771833,0.7840642,0.5776746
gait_20260920_035116_owner_phone_shake_1,owner_phone_shake_1,2533320044385308,2026-09-20T03:51:20.382226Z,1.1686697,4.4219408,10.9423246,-1.4909575,-0.7367521,0.2459116,0.3467474,4.2600055,8.8299618,0.1410911,0.1690258,0.7854488,0.5784408
gait_20260920_035116_owner_phone_shake_1,owner_phone_shake_1,2533320054468356,2026-09-20T03:51:20.392462Z,1.2543372,4.5234699,11.4855089,-1.4909575,-0.7367521,0.2459116,0.4409964,4.1443071,8.8806734,0.1413514,0.1609446,0.7862951,0.5795315
gait_20260920_035116_owner_phone_shake_1,owner_phone_shake_1,2533320064552260,2026-09-20T03:51:20.406497Z,1.1317092,4.4173021,12.1731691,-1.2427644,-1.0655668,0.1091164,0.4409964,4.1443071,8.8806734,0.1413514,0.1609446,0.7862951,0.5795315
gait_20260920_035116_owner_phone_shake_1,owner_phone_shake_1,2533320074657972,2026-09-20T03:51:20.412205Z,1.1092635,4.1858130,12.9054956,-1.2427644,-1.0655668,0.1091164,0.6012601,3.9822764,8.9451704,0.1430610,0.1486608,0.7867514,0.5817695
gait_20260920_035116_owner_phone_shake_1,owner_phone_shake_1,2533320084742892,2026-09-20T03:51:20.422281Z,1.1486931,4.0204630,13.8210535,-1.1935687,-1.2075247,0.0343070,0.6012601,3.9822764,8.9451704,0.1430610,0.1486608,0.7867514,0.5817695
gait_20260920_035116_owner_phone_shake_1,owner_phone_shake_1,2533320094821221,2026-09-20T03:51:20.432675Z,1.2269535,3.9215527,14.5051212,-1.1935687,-1.2075247,0.0343070,0.8224378,3.7660968,9.0208769,0.1456866,0.1320599,0.7868456,0.5849869
gait_20260920_035116_owner_phone_shake_1,owner_phone_shake_1,2533320104910087,2026-09-20T03:51:20.446576Z,1.4736311,3.9176621,14.8742771,-1.1190925,-0.9222932,0.0910636,0.8224378,3.7660968,9.0208769,0.1456866,0.1320599,0.7868456,0.5849869
gait_20260920_035116_owner_phone_shake_1,owner_phone_shake_1,2533320114994601,2026-09-20T03:51:20.453049Z,1.6294039,4.0887728,14.9506674,-1.1190925,-0.9222932,0.0910636,0.9845688,3.5632069,9.0868187,0.1460287,0.1181743,0.7876191,0.5868277
gait_20260920_035116_owner_phone_shake_1,owner_phone_shake_1,2533320125081963,2026-09-20T03:51:20.462999Z,1.7524809,4.3402386,14.6348572,-0.9232259,-0.3864372,0.1721015,0.9845688,3.5632069,9.0868187,0.1460287,0.1181743,0.7876191,0.5868277
gait_20260920_035116_owner_phone_shake_1,owner_phone_shake_1,2533320135166924,2026-09-20T03:51:20.475004Z,1.5282489,4.4742393,14.1513777,-0.9232259,-0.3864372,0.1721015,1.0492815,3.3970110,9.1430540,0.1432596,0.1092050,0.7892824,0.5870132
gait_20260920_035116_owner_phone_shake_1,owner_phone_shake_1,2533320145250949,2026-09-20T03:51:20.483643Z,1.1528829,4.4919715,13.5992899,-0.6942680,0.0483130,0.1264531,1.0492815,3.3970110,9.1430540,0.1432596,0.1092050,0.7892824,0.5870132
gait_20260920_035116_owner_phone_shake_1,owner_phone_shake_1,2533320155329196,2026-09-20T03:51:20.493893Z,0.9009680,4.5231709,13.1440172,-0.6942680,0.0483130,0.1264531,1.0361111,3.2737238,9.1894131,0.1386178,0.1044996,0.7908207,0.5869138
gait_20260920_035116_owner_phone_shake_1,owner_phone_shake_1,2533320165398939,2026-09-20T03:51:20.503187Z,0.7048680,4.5881882,12.8778868,-0.5092764,0.1643241,0.0580222,1.0361111,3.2737238,9.1894131,0.1386178,0.1044996,0.7908207,0.5869138
gait_20260920_035116_owner_phone_shake_1,owner_phone_shake_1,2533320175503269,2026-09-20T03:51:20.513827Z,0.6492776,4.6270943,12.6551514,-0.5092764,0.1643241,0.0580222,1.0075786,3.1844487,9.2238922,0.1344977,0.1016475,0.7918280,0.5870149
gait_20260920_035116_owner_phone_shake_1,owner_phone_shake_1,2533320185587822,2026-09-20T03:51:20.523832Z,0.7169138,4.6027780,12.4039850,-0.3313628,0.0660161,0.0312261,1.0075786,3.1844487,9.2238922,0.1344977,0.1016475,0.7918280,0.5870149
gait_20260920_035116_owner_phone_shake_1,owner_phone_shake_1,2533320195646579,2026-09-20T03:51:20.534229Z,0.7594857,4.5174098,12.1455612,-0.3313628,0.0660161,0.0312261,0.9997296,3.1291225,9.2436600,0.1323782,0.0995651,0.7923499,0.5871493
gait_20260920_035116_owner_phone_shake_1,owner_phone_shake_1,2533320205756442,2026-09-20T03:51:20.543695Z,0.7059154,4.4645128,11.9671926,-0.1461047,0.0208340,0.0158046,0.9997296,3.1291225,9.2436600,0.1323782,0.0995651,0.7923499,0.5871493
gait_20260920_035116_owner_phone_shake_1,owner_phone_shake_1,2533320215840263,2026-09-20T03:51:20.554079Z,0.7413795,4.4233623,11.7073469,-0.1461047,0.0208340,0.0158046,0.9976088,3.1085002,9.2508440,0.1316230,0.0987695,0.7925571,0.5871739
gait_20260920_035116_owner_phone_shake_1,owner_phone_shake_1,2533320225924573,2026-09-20T03:51:20.564133Z,0.8215853,4.4346600,11.3678942,0.0480632,0.0067615,0.0170703,0.9976088,3.1085002,9.2508440,0.1316230,0.0987695,0.7925571,0.5871739
gait_20260920_035116_owner_phone_shake_1,owner_phone_shake_1,2533320236006279,2026-09-20T03:51:20.574758Z,0.8800188,4.4639893,11.0639057,0.0480632,0.0067615,0.0170703,0.9975545,3.1246328,9.2454128,0.1321178,0.0994912,0.7925850,0.5869033
gait_20260920_035116_owner_phone_shake_1,owner_phone_shake_1,2533320246093153,2026-09-20T03:51:20.584737Z,0.9662849,4.5851955,10.7253504,0.2391501,-0.0076608,0.0281784,0.9975545,3.1246328,9.2454128,0.1321178,0.0994912,0.7925850,0.5869033
gait_20260920_035116_owner_phone_shake_1,owner_phone_shake_1,2533320256177055,2026-09-20T03:51:20.594428Z,0.9848399,4.6766992,10.4829369,0.2391501,-0.0076608,0.0281784,1.0008265,3.1749251,9.2279091,0.1338302,0.1015887,0.7924619,0.5863221
gait_20260920_035116_owner_phone_shake_1,owner_phone_shake_1,2533320266261203,2026-09-20T03:51:20.606327Z,0.9678560,4.6871734,10.3680906,0.3215203,0.0100590,0.0094594,1.0008265,3.1749251,9.2279091,0.1338302,0.1015887,0.7924619,0.5863221
gait_20260920_035116_owner_phone_shake_1,owner_phone_shake_1,2533320276345147,2026-09-20T03:51:20.614188Z,0.9812486,4.6611366,10.4889231,0.3215203,0.0100590,0.0094594,0.9987972,3.2365129,9.2067099,0.1357014,0.1043081,0.7921596,0.5858228
gait_20260920_035116_owner_phone_shake_1,owner_phone_shake_1,2533320286430147,2026-09-20T03:51:20.624293Z,0.9751883,4.6692920,10.9580364,0.2713087,0.0003331,-0.0183359,0.9987972,3.2365129,9.2067099,0.1357014,0.1043081,0.7921596,0.5858228
gait_20260920_035116_owner_phone_shake_1,owner_phone_shake_1,2533320296513522,2026-09-20T03:51:20.634142Z,1.1381437,4.7208419,11.6635780,0.2713087,0.0003331,-0.0183359,0.9980498,3.2849209,9.1896305,0.1372418,0.1063798,0.7917413,0.5856569
gait_20260920_035116_owner_phone_shake_1,owner_phone_shake_1,2533320306597995,2026-09-20T03:51:20.644306Z,1.3926023,4.7870564,12.4111671,0.1827433,-0.0478800,-0.0375546,0.9980498,3.2849209,9.1896305,0.1372418,0.1063798,0.7917413,0.5856569
gait_20260920_035116_owner_phone_shake_1,owner_phone_shake_1,2533320316682264,2026-09-20T03:51:20.654282Z,1.4018050,4.8639703,13.2230263,0.1827433,-0.0478800,-0.0375546,1.0061182,3.3178706,9.1769047,0.1386947,0.1074735,0.7912169,0.5858235
gait_20260920_035116_owner_phone_shake_1,owner_phone_shake_1,2533320326766370,2026-09-20T03:51:20.664654Z,1.2927941,4.8189297,14.0446863,0.2267929,-0.1321820,-0.1008894,1.0061182,3.3178706,9.1769047,0.1386947,0.1074735,0.7912169,0.5858235
gait_20260920_035116_owner_phone_shake_1,owner_phone_shake_1,2533320336850395,2026-09-20T03:51:20.675044Z,1.1810148,4.7545853,14.7565870,0.2267929,-0.1321820,-0.1008894,1.0271056,3.3658872,9.1570721,0.1412753,0.1086825,0.7900357,0.5865774
gait_20260920_035116_owner_phone_shake_1,owner_phone_shake_1,2533320346917046,2026-09-20T03:51:20.684900Z,1.3315502,4.5668650,15.1980934,0.4555342,-0.2843321,-0.2049929,1.0271056,3.3658872,9.1570721,0.1412753,0.1086825,0.7900357,0.5865774
gait_20260920_035116_owner_phone_shake_1,owner_phone_shake_1,2533320356993013,2026-09-20T03:51:20.695511Z,1.4550761,4.3464489,15.4304056,0.4555342,-0.2843321,-0.2049929,1.0679581,3.4639041,9.1157532,0.1464581,0.1112256,0.7877062,0.5879607
gait_20260920_035116_owner_phone_shake_1,owner_phone_shake_1,2533320367077568,2026-09-20T03:51:20.709045Z,1.5928175,4.1743655,15.3618717,0.7896283,-0.2940580,-0.2890452,1.0679581,3.4639041,9.1157532,0.1464581,0.1112256,0.7877062,0.5879607
gait_20260920_035116_owner_phone_shake_1,owner_phone_shake_1,2533320377189710,2026-09-20T03:51:20.716025Z,1.6186299,4.0545058,15.1110039,0.7896283,-0.2940580,-0.2890452,1.0969460,3.6258755,9.0490799,0.1533401,0.1167633,0.7845130,0.5894003
gait_20260920_035116_owner_phone_shake_1,owner_phone_shake_1,2533320387251071,2026-09-20T03:51:20.725752Z,1.5013889,3.9612815,14.5225544,1.0898482,-0.0351231,-0.3523300,1.0969460,3.6258755,9.0490799,0.1533401,0.1167633,0.7845130,0.5894003
gait_20260920_035116_owner_phone_shake_1,owner_phone_shake_1,2533320397355725,2026-09-20T03:51:20.736082Z,1.4243256,3.7919667,13.5215530,1.0898482,-0.0351231,-0.3523300,1.0626980,3.8403540,8.9642887,0.1593580,0.1265419,0.7810381,0.5903996
gait_20260920_035116_owner_phone_shake_1,owner_phone_shake_1,2533320407416720,2026-09-20T03:51:20.745750Z,1.2413936,3.6388874,12.3272209,1.3087971,0.6198916,-0.3566434,1.0626980,3.8403540,8.9642887,0.1593580,0.1265419,0.7810381,0.5903996
gait_20260920_035116_owner_phone_shake_1,owner_phone_shake_1,2533320417527234,2026-09-20T03:51:20.756981Z,1.0021230,3.6357448,10.8500729,1.3087971,0.6198916,-0.3566434,0.8976940,4.0883942,8.8721638,0.1608757,0.1421775,0.7783680,0.5899557
gait_20260920_035116_owner_phone_shake_1,owner_phone_shake_1,2533320427583467,2026-09-20T03:51:20.766659Z,0.7100304,3.7461774,9.4161711,1.4206281,1.3972293,-0.2831663,0.8976940,4.0883942,8.8721638,0.1608757,0.1421775,0.7783680,0.5899557
gait_20260920_035116_owner_phone_shake_1,owner_phone_shake_1,2533320437666923,2026-09-20T03:51:20.775764Z,0.5651813,3.7983263,8.0772133,1.4206281,1.3972293,-0.2831663,0.6028994,4.3470721,8.7735729,0.1569667,0.1629070,0.7770547,0.5873747
gait_20260920_035116_owner_phone_shake_1,owner_phone_shake_1,2533320447784070,2026-09-20T03:51:20.785646Z,0.4723311,3.7969046,6.8152447,1.4427278,1.8666530,-0.1784133,0.6028994,4.3470721,8.7735729,0.1569667,0.1629070,0.7770547,0.5873747
gait_20260920_035116_owner_phone_shake_1,owner_phone_shake_1,2533320457860812,2026-09-20T03:51:20.795682Z,0.2983026,3.8111949,5.6979756,1.4427278,1.8666530,-0.1784133,0.2495741,4.6025143,8.6597166,0.1501204,0.1858460,0.7765514,0.5830037
gait_20260920_035116_owner_phone_shake_1,owner_phone_shake_1,2533320467946179,2026-09-20T03:51:20.805710Z,0.1274912,3.8220437,4.6333790,1.4584991,1.8917837,-0.1349632,0.2495741,4.6025143,8.6597166,0.1501204,0.1858460,0.7765514,0.5830037
gait_20260920_035116_owner_phone_shake_1,owner_phone_shake_1,2533320478029187,2026-09-20T03:51:20.816088Z,0.0276081,3.8068554,3.6580410,1.4584991,1.8917837,-0.1349632,-0.0872868,4.8566051,8.5230207,0.1437911,0.2084668,0.7756552,0.5781219
gait_20260920_035116_owner_phone_shake_1,owner_phone_shake_1,2533320488114352,2026-09-20T03:51:20.827775Z,-0.1180641,3.7630866,2.7407625,1.4661099,1.6559644,-0.1306998,-0.0872868,4.8566051,8.5230207,0.1437911,0.2084668,0.7756552,0.5781219
gait_20260920_035116_owner_phone_shake_1,owner_phone_shake_1,2533320498197684,2026-09-20T03:51:20.836109Z,-0.3084779,3.7386208,1.8923172,1.4661099,1.6559644,-0.1306998,-0.3736282,5.1075306,8.3671761,0.1395490,0.2295098,0.7739370,0.5734745
gait_20260920_035116_owner_phone_shake_1,owner_phone_shake_1,2533320508283134,2026-09-20T03:51:20.846006Z,-0.4303578,3.7023337,1.1305121,1.3707829,1.3399898,-0.1160278,-0.3736282,5.1075306,8.3671761,0.1395490,0.2295098,0.7739370,0.5734745
gait_20260920_035116_owner_phone_shake_1,owner_phone_shake_1,2533320518362236,2026-09-20T03:51:20.857018Z,-0.5487211,3.6412816,0.5336077,1.3707829,1.3399898,-0.1160278,-0.5994300,5.3347640,8.2107906,0.1371849,0.2476917,0.7717829,0.5693684
gait_20260920_035116_owner_phone_shake_1,owner_phone_shake_1,2533320528438245,2026-09-20T03:51:20.866581Z,-0.6640917,3.5461121,0.1660977,1.0962600,1.0012827,-0.0975086,-0.5994300,5.3347640,8.2107906,0.1371849,0.2476917,0.7717829,0.5693684
gait_20260920_035116_owner_phone_shake_1,owner_phone_shake_1,2533320538534354,2026-09-20T03:51:20.876411Z,-0.8203133,3.4119618,-0.0092027,1.0962600,1.0012827,-0.0975086,-0.7642649,5.5083652,8.0814552,0.1357389,0.2614901,0.7697961,0.5662259
gait_20260920_035116_owner_phone_shake_1,owner_phone_shake_1,2533320548620333,2026-09-20T03:51:20.886390Z,-0.9689783,3.2229695,-0.0854431,0.6707526,0.6638579,-0.0770410,-0.7642649,5.5083652,8.0814552,0.1357389,0.2614901,0.7697961,0.5662259
gait_20260920_035116_owner_phone_shake_1,owner_phone_shake_1,2533320558703137,2026-09-20T03:51:20.896359Z,-1.0152164,3.0332291,0.0208744,0.6707526,0.6638579,-0.0770410,-0.8720618,5.6077323,8.0018101,0.1343224,0.2699124,0.7685500,0.5643011
gait_20260920_035116_owner_phone_shake_1,owner_phone_shake_1,2533320568787284,2026-09-20T03:51:20.906993Z,-0.9354595,2.8651860,0.2000655,0.2244613,0.4186792,-0.0046631,-0.8720618,5.6077323,8.0018101,0.1343224,0.2699124,0.7685500,0.5643011
gait_20260920_035116_owner_phone_shake_1,owner_phone_shake_1,2533320578871472,2026-09-20T03:51:20.922059Z,-0.8171710,2.7580454,0.3401263,0.2244613,0.4186792,-0.0046631,-0.9330243,5.6369843,7.9743323,0.1324004,0.2734976,0.7686160,0.5629375
gait_20260920_035116_owner_phone_shake_1,owner_phone_shake_1,2533320588929537,2026-09-20T03:51:20.927511Z,-0.6795792,2.7019315,0.2915689,-0.0711455,0.1944343,0.0921127,-0.9330243,5.6369843,7.9743323,0.1324004,0.2734976,0.7686160,0.5629375
gait_20260920_035116_owner_phone_shake_1,owner_phone_shake_1,2533320599039563,2026-09-20T03:51:20.936837Z,-0.5371990,2.6980410,0.1031751,-0.0711455,0.1944343,0.0921127,-0.9464144,5.6254768,7.9808784,0.1309929,0.2736158,0.7696661,0.5617735
gait_20260920_035116_owner_phone_shake_1,owner_phone_shake_1,2533320609124320,2026-09-20T03:51:20.946597Z,-0.4543746,2.7323079,-0.1097592,-0.2411319,-0.0796390,0.1741499,-0.9464144,5.6254768,7.9808784,0.1309929,0.2736158,0.7696661,0.5617735
gait_20260920_035116_owner_phone_shake_1,owner_phone_shake_1,2533320619207857,2026-09-20T03:51:20.957155Z,-0.3859154,2.7537060,-0.1652747,-0.2411319,-0.0796390,0.1741499,-0.9033911,5.5901880,8.0106049,0.1312099,0.2707434,0.7711969,0.5610145
gait_20260920_035116_owner_phone_shake_1,owner_phone_shake_1,2533320629267102,2026-09-20T03:51:20.968290Z,-0.3619734,2.7507882,0.1370680,-0.5162211,-0.5273792,0.1909537,-0.9033911,5.5901880,8.0106049,0.1312099,0.2707434,0.7711969,0.5610145
gait_20260920_035116_owner_phone_shake_1,owner_phone_shake_1,2533320639351738,2026-09-20T03:51:20.976810Z,-0.4817583,2.7735331,0.8104373,-0.5162211,-0.5273792,0.1909537,-0.7818766,5.5045810,8.0823488,0.1334459,0.2627392,0.7729064,0.5619395
gait_20260920_035116_owner_phone_shake_1,owner_phone_shake_1,2533320649461641,2026-09-20T03:51:20.987312Z,-0.5009119,2.7272949,1.5781530,-1.0208677,-1.0736272,0.1452887,-0.7818766,5.5045810,8.0823488,0.1334459,0.2627392,0.7729064,0.5619395
gait_20260920_035116_owner_phone_shake_1,owner_phone_shake_1,2533320659544730,2026-09-20T03:51:20.998147Z,-0.3889830,2.5501242,2.5397990,-1.0208677,-1.0736272,0.1452887,-0.5751810,5.3259168,8.2182655,0.1366594,0.2473646,0.7749347,0.5653416
gait_20260920_035116_owner_phone_shake_1,owner_phone_shake_1,2533320669629163,2026-09-20T03:51:21.008310Z,-0.2366519,2.4653544,3.6724062,-1.5920467,-1.4592818,0.1767479,-0.5751810,5.3259168,8.2182655,0.1366594,0.2473646,0.7749347,0.5653416
gait_20260920_035116_owner_phone_shake_1,owner_phone_shake_1,2533320679688122,2026-09-20T03:51:21.018021Z,0.0222212,2.5298481,4.7759085,-1.5920467,-1.4592818,0.1767479,-0.3005614,5.0437593,8.4087009,0.1393365,0.2251469,0.7779106,0.5698678
gait_20260920_035116_owner_phone_shake_1,owner_phone_shake_1,2533320689797538,2026-09-20T03:51:21.028411Z,0.4493617,2.6219501,5.8929534,-2.0488634,-1.6863911,0.2563869,-0.3005614,5.0437593,8.4087009,0.1393365,0.2251469,0.7779106,0.5698678
gait_20260920_035116_owner_phone_shake_1,owner_phone_shake_1,2533320699856864,2026-09-20T03:51:21.037615Z,1.0103531,2.7116578,6.9835873,-2.0488634,-1.6863911,0.2563869,0.0220468,4.6788411,8.6223001,0.1411851,0.1980830,0.7815902,0.5744100
gait_20260920_035116_owner_phone_shake_1,owner_phone_shake_1,2533320709966199,2026-09-20T03:51:21.049579Z,1.4908395,2.8086979,8.1477680,-2.3433375,-1.7327389,0.3097793,0.0220468,4.6788411,8.6223001,0.1411851,0.1980830,0.7815902,0.5744100
gait_20260920_035116_owner_phone_shake_1,owner_phone_shake_1,2533320720050142,2026-09-20T03:51:21.057692Z,1.8176481,2.8914475,9.4178171,-2.3433375,-1.7327389,0.3097793,0.3556278,4.2561955,8.8314457,0.1415555,0.1686373,0.7853695,0.5785484
gait_20260920_035116_owner_phone_shake_1,owner_phone_shake_1,2533320730134777,2026-09-20T03:51:21.069073Z,1.8884265,2.8175266,10.6117001,-2.4636955,-1.6601611,0.2257770,0.3556278,4.2561955,8.8314457,0.1415555,0.1686373,0.7853695,0.5785484
gait_20260920_035116_owner_phone_shake_1,owner_phone_shake_1,2533320740219169,2026-09-20T03:51:21.078508Z,1.8348563,2.7455509,11.6656733,-2.4636955,-1.6601611,0.2257770,0.6811258,3.7959132,9.0201569,0.1406060,0.1381169,0.7882177,0.5829808
gait_20260920_035116_owner_phone_shake_1,owner_phone_shake_1,2533320750303193,2026-09-20T03:51:21.088300Z,1.7851766,2.6994624,12.5273609,-2.3222871,-1.5988082,0.0619692,0.6811258,3.7959132,9.0201569,0.1406060,0.1381169,0.7882177,0.5829808
gait_20260920_035116_owner_phone_shake_1,owner_phone_shake_1,2533320760387056,2026-09-20T03:51:21.098481Z,1.8121862,2.6390836,13.3588972,-2.3222871,-1.5988082,0.0619692,0.9732375,3.3768818,9.1589079,0.1397360,0.1105988,0.7890813,0.5878710
gait_20260920_035116_owner_phone_shake_1,owner_phone_shake_1,2533320770446097,2026-09-20T03:51:21.108137Z,1.8677766,2.6121488,14.1942492,-2.0088773,-1.4680583,0.0209006,0.9732375,3.3768818,9.1589079,0.1397360,0.1105988,0.7890813,0.5878710
gait_20260920_035116_owner_phone_shake_1,owner_phone_shake_1,2533320780555595,2026-09-20T03:51:21.118723Z,1.9742438,2.6830771,14.9369755,-2.0088773,-1.4680583,0.0209006,1.2439448,3.0133700,9.2524757,0.1396753,0.0863786,0.7890934,0.5919133
gait_20260920_035116_owner_phone_shake_1,owner_phone_shake_1,2533320790641043,2026-09-20T03:51:21.128304Z,2.0523546,2.7821372,15.4927292,-1.7014629,-1.3722651,0.0332079,1.2439448,3.0133700,9.2524757,0.1396753,0.0863786,0.7890934,0.5919133
gait_20260920_035116_owner_phone_shake_1,owner_phone_shake_1,2533320800723807,2026-09-20T03:51:21.143876Z,2.2040870,2.8497734,15.7795105,-1.7014629,-1.3722651,0.0332079,1.4974077,2.7039063,9.3103580,0.1405272,0.0651857,0.7886825,0.5949646
gait_20260920_035116_owner_phone_shake_1,owner_phone_shake_1,2533320810783012,2026-09-20T03:51:21.150660Z,2.3016508,2.9851954,15.9795752,-1.3757291,-1.0846854,0.0829031,1.4974077,2.7039063,9.3103580,0.1405272,0.0651857,0.7886825,0.5949646
gait_20260920_035116_owner_phone_shake_1,owner_phone_shake_1,2533320820869437,2026-09-20T03:51:21.158793Z,2.3320272,3.1666310,15.9149323,-1.3757291,-1.0846854,0.0829031,1.6941833,2.4540865,9.3457642,0.1408145,0.0484926,0.7885539,0.5966595
gait_20260920_035116_owner_phone_shake_1,owner_phone_shake_1,2533320851145723,2026-09-20T03:51:21.188781Z,2.3296330,3.4911950,14.5432043,-0.6680548,-0.3273492,0.1543817,1.8195806,2.2735708,9.3678236,0.1402774,0.0371347,0.7890107,0.5969971
gait_20260920_035116_owner_phone_shake_1,owner_phone_shake_1,2533320871313325,2026-09-20T03:51:21.208850Z,1.9591304,3.6659718,13.6744080,-0.5539588,-0.0866669,0.1229558,1.8757461,2.1511765,9.3856344,0.1386980,0.0304345,0.7897624,0.5967512
gait_20260920_035116_owner_phone_shake_1,owner_phone_shake_1,2533320891482229,2026-09-20T03:51:21.229170Z,1.8763059,3.7174470,13.7402487,-0.5194852,0.0125071,0.0997402,1.8895408,2.0446358,9.4066582,0.1358668,0.0256985,0.7905483,0.5965846
gait_20260920_035116_owner_phone_shake_1,owner_phone_shake_1,2533320911650239,2026-09-20T03:51:21.249186Z,1.9512744,3.7345805,13.9225826,-0.3298306,0.0535090,0.0878493,1.8878504,1.9457263,9.4279518,0.1326453,0.0217439,0.7912776,0.5965000
gait_20260920_035116_owner_phone_shake_1,owner_phone_shake_1,2533320931819266,2026-09-20T03:51:21.269726Z,2.0449476,3.8246624,13.5448217,0.0007161,0.0845852,0.0765580,1.8791366,1.8894778,9.4411249,0.1304896,0.0197861,0.7919252,0.5961841
gait_20260920_035116_owner_phone_shake_1,owner_phone_shake_1,2533320951987153,2026-09-20T03:51:21.290078Z,1.9775358,3.9480386,13.1604776,0.2471440,0.0928955,0.0500450,1.8643125,1.8991979,9.4421129,0.1301652,0.0207693,0.7924667,0.5955017
gait_20260920_035116_owner_phone_shake_1,owner_phone_shake_1,2533320972155732,2026-09-20T03:51:21.310483Z,1.9478327,3.9435494,13.2938795,0.3891518,0.0557073,0.0148553,1.8483964,1.9529371,9.4342766,0.1311874,0.0235915,0.7927765,0.5947595
gait_20260920_035116_owner_phone_shake_1,owner_phone_shake_1,2533320992324149,2026-09-20T03:51:21.330358Z,2.2384291,3.9068134,13.3793230,0.5416183,0.1251874,-0.0062619,1.8378329,2.0325005,9.4195232,0.1332554,0.0272833,0.7927927,0.5941198
gait_20260920_035116_owner_phone_shake_1,owner_phone_shake_1,2533321012502697,2026-09-20T03:51:21.350977Z,2.4087164,3.8581064,13.4349136,0.6874399,0.2382008,-0.0573894,1.8102881,2.1417880,9.4006224,0.1355529,0.0327376,0.7927369,0.5933988
gait_20260920_035116_owner_phone_shake_1,owner_phone_shake_1,2533321032661469,2026-09-20T03:51:21.370718Z,2.3332243,3.6594625,13.3116865,0.7877630,0.4043069,-0.1437398,1.7569917,2.2800839,9.3781834,0.1377043,0.0401486,0.7924147,0.5928782
gait_20260920_035116_owner_phone_shake_1,owner_phone_shake_1,2533321052829886,2026-09-20T03:51:21.390469Z,2.1541080,3.2828245,13.1568117,0.8268164,0.6142293,-0.2030611,1.6664368,2.4371994,9.3551674,0.1389280,0.0494069,0.7917120,0.5928323
gait_20260920_035116_owner_phone_shake_1,owner_phone_shake_1,2533321072998261,2026-09-20T03:51:21.410823Z,2.1898715,3.1235354,12.9998417,0.8911005,0.7719252,-0.2221131,1.5329056,2.6010993,9.3338413,0.1386003,0.0602495,0.7909040,0.5929847
gait_20260920_035116_owner_phone_shake_1,owner_phone_shake_1,2533321093167085,2026-09-20T03:51:21.431357Z,1.9200001,2.8856864,12.3934355,1.0485965,0.8690174,-0.2770211,1.3708442,2.7782216,9.3079739,0.1375268,0.0725562,0.7900490,0.5929965
gait_20260920_035116_owner_phone_shake_1,owner_phone_shake_1,2533321113334972,2026-09-20T03:51:21.451057Z,1.3150901,2.7165959,10.4949827,1.2217138,0.9785002,-0.3095628,1.1878667,2.9874554,9.2682352,0.1366780,0.0868367,0.7886973,0.5930725
gait_20260920_035116_owner_phone_shake_1,owner_phone_shake_1,2533321133503226,2026-09-20T03:51:21.471437Z,0.8429835,2.6379614,8.3994579,1.2656468,1.0201516,-0.2727077,0.9824261,3.2261841,9.2120943,0.1358985,0.1031169,0.7870226,0.5928693
gait_20260920_035116_owner_phone_shake_1,owner_phone_shake_1,2533321153671804,2026-09-20T03:51:21.491713Z,0.4529530,2.5737667,6.8093343,1.1954672,1.0414519,-0.1872232,0.7757362,3.4646742,9.1449642,0.1350569,0.1195889,0.7854310,0.5920779
gait_20260920_035116_owner_phone_shake_1,owner_phone_shake_1,2533321173840587,2026-09-20T03:51:21.511479Z,0.3572598,2.4520366,5.1429696,1.0915636,1.1884893,-0.0411685,0.5693071,3.6839304,9.0741749,0.1335132,0.1354723,0.7843587,0.5904260
gait_20260920_035116_owner_phone_shake_1,owner_phone_shake_1,2533321194009898,2026-09-20T03:51:21.532083Z,0.5377976,2.5490766,4.0316858,0.9248580,1.1936853,0.0508277,0.3482985,3.8789899,9.0037909,0.1303075,0.1511116,0.7843338,0.5873719
gait_20260920_035116_owner_phone_shake_1,owner_phone_shake_1,2533321214177216,2026-09-20T03:51:21.551859Z,0.4414309,2.5305965,3.2104001,0.8037341,1.0378214,0.0253472,0.1400471,4.0419493,8.9375134,0.1264195,0.1651303,0.7847899,0.5838279
gait_20260920_035116_owner_phone_shake_1,owner_phone_shake_1,2533321234345755,2026-09-20T03:51:21.572697Z,0.0008978,2.4019828,2.4424598,0.6973156,0.7604007,-0.0194185,-0.0367783,4.1846447,8.8726263,0.1232655,0.1772313,0.7847861,0.5809522
gait_20260920_035116_owner_phone_shake_1,owner_phone_shake_1,2533321254490652,2026-09-20T03:51:21.592001Z,-0.4394856,2.2263832,1.9607763,0.5293111,0.3952471,-0.0381874,-0.1635051,4.3077245,8.8120880,0.1217417,0.1868122,0.7842291,0.5790206
gait_20260920_035116_owner_phone_shake_1,owner_phone_shake_1,2533321274683279,2026-09-20T03:51:21.612656Z,-0.7472902,2.2010195,1.9384804,0.3131101,0.0785731,-0.0029977,-0.2258692,4.3985806,8.7657051,0.1220481,0.1928592,0.7834067,0.5780861
gait_20260920_035116_owner_phone_shake_1,owner_phone_shake_1,2533321294850963,2026-09-20T03:51:21.632629Z,-0.5294179,1.9184289,1.5439608,0.1897046,0.0058289,0.1095660,-0.2335429,4.4510698,8.7389669,0.1234348,0.1954729,0.7829027,0.5775965
gait_20260920_035116_owner_phone_shake_1,owner_phone_shake_1,2533321315019461,2026-09-20T03:51:21.653144Z,-0.1379659,2.2060325,0.6365584,0.0942111,-0.0381041,0.2279420,-0.2230225,4.4855504,8.7215948,0.1247671,0.1968738,0.7832783,0.5763237
gait_20260920_035116_owner_phone_shake_1,owner_phone_shake_1,2533321335188161,2026-09-20T03:51:21.674835Z,-0.0383820,2.4260745,0.7337480,-0.1499351,-0.3940647,0.2142858,-0.1906483,4.5059834,8.7118244,0.1263650,0.1971078,0.7843946,0.5743741
gait_20260920_035116_owner_phone_shake_1,owner_phone_shake_1,2533321355356862,2026-09-20T03:51:21.693886Z,-0.3250877,2.5145104,2.6063879,-0.5439165,-0.9034743,0.1732506,-0.0872839,4.4769340,8.7284336,0.1296210,0.1927260,0.7852831,0.5739210
gait_20260920_035116_owner_phone_shake_1,owner_phone_shake_1,2533321375525889,2026-09-20T03:51:21.713830Z,-0.0719757,2.0232501,4.1328411,-0.8907174,-0.9117347,0.2984546,0.0991084,4.3710084,8.7818317,0.1341507,0.1821393,0.7861321,0.5751741
gait_20260920_035116_owner_phone_shake_1,owner_phone_shake_1,2533321395668874,2026-09-20T03:51:21.733744Z,0.5534347,2.1148283,5.5397339,-1.3116949,-0.5823538,0.5809048,0.2827901,4.1988010,8.8615017,0.1360925,0.1690016,0.7885545,0.5754121
gait_20260920_035116_owner_phone_shake_1,owner_phone_shake_1,2533321415862763,2026-09-20T03:51:21.753846Z,1.3414264,3.4139071,9.1122570,-1.7972561,-0.5765249,0.6549647,0.4302954,3.9416299,8.9729881,0.1332422,0.1538503,0.7937527,0.5731782
gait_20260920_035116_owner_phone_shake_1,owner_phone_shake_1,2533321436007009,2026-09-20T03:51:21.774969Z,1.7209821,3.1661072,14.0496244,-1.9349173,-1.0625191,0.4263400,0.5955819,3.5913827,9.1095200,0.1285564,0.1340948,0.7994422,0.5713003
gait_20260920_035116_owner_phone_shake_1,owner_phone_shake_1,2533321456199962,2026-09-20T03:51:21.795105Z,1.4979472,2.7158477,17.0898113,-1.4248415,-1.3640047,0.2454619,0.8370320,3.2304497,9.2249489,0.1273469,0.1113730,0.8025493,0.5720958
gait_20260920_035116_owner_phone_shake_1,owner_phone_shake_1,2533321476367604,2026-09-20T03:51:21.814097Z,1.4853777,3.2389059,16.4102325,-0.7004466,-1.1400430,0.2324719,1.1093835,2.9811258,9.2799921,0.1312110,0.0924553,0.8033776,0.5734283
gait_20260920_035116_owner_phone_shake_1,owner_phone_shake_1,2533321496536590,2026-09-20T03:51:21.835785Z,1.7126024,4.2010760,14.8504848,-0.3549447,-0.7416650,0.2500917,1.3246344,2.8655536,9.2881670,0.1367455,0.0811683,0.8038037,0.5732470
gait_20260920_035116_owner_phone_shake_1,owner_phone_shake_1,2533321516705210,2026-09-20T03:51:21.854889Z,1.7572693,4.5485344,14.1718035,-0.3560438,-0.3804918,0.1661727,1.4630709,2.7994926,9.2875385,0.1405052,0.0744286,0.8045433,0.5722138
gait_20260920_035116_owner_phone_shake_1,owner_phone_shake_1,2533321536873382,2026-09-20T03:51:21.875107Z,1.5216649,4.3513865,14.2283669,-0.3645373,-0.0509776,0.0615695,1.5291809,2.7276139,9.2982712,0.1410518,0.0695141,0.8052023,0.5717705
gait_20260920_035116_owner_phone_shake_1,owner_phone_shake_1,2533321557042287,2026-09-20T03:51:21.895211Z,1.6043396,4.4994531,14.1869917,-0.1640243,0.1112481,0.0307931,1.5309637,2.6601436,9.3175049,0.1390300,0.0666115,0.8057064,0.5719011
gait_20260920_035116_owner_phone_shake_1,owner_phone_shake_1,2533321577219777,2026-09-20T03:51:21.915456Z,2.0953007,5.1340661,14.7803049,0.1822936,0.0171868,-0.0087266,1.5082542,2.6380389,9.3274879,0.1373593,0.0663913,0.8061010,0.5717742
gait_20260920_035116_owner_phone_shake_1,owner_phone_shake_1,2533321597354950,2026-09-20T03:51:21.935018Z,2.7020810,5.5421281,15.5210114,0.7388672,-0.3470674,-0.1428072,1.5104797,2.6883812,9.3127422,0.1390213,0.0684658,0.8057705,0.5715937
gait_20260920_035116_owner_phone_shake_1,owner_phone_shake_1,2533321617546274,2026-09-20T03:51:21.955684Z,2.4108114,5.4394765,15.6710978,1.5733443,-0.9661097,-0.3699831,1.5825012,2.8563373,9.2505751,0.1474557,0.0732390,0.8034981,0.5720872
gait_20260920_035116_owner_phone_shake_1,owner_phone_shake_1,2533321637729340,2026-09-20T03:51:21.975907Z,2.0738275,5.3870287,14.6302929,2.4723055,-1.3439201,-0.4722215,1.7563014,3.1932979,9.1079283,0.1658930,0.0817797,0.7980727,0.5734733
gait_20260920_035116_owner_phone_shake_1,owner_phone_shake_1,2533321657884531,2026-09-20T03:51:21.997053Z,2.5900774,6.0318918,13.1939220,3.0374889,-1.3820909,-0.4282552,1.9750103,3.6874762,8.8734417,0.1917839,0.0956328,0.7904423,0.5738243
gait_20260920_035116_owner_phone_shake_1,owner_phone_shake_1,2533321678053313,2026-09-20T03:51:22.016197Z,3.1598225,6.6443586,12.2464914,3.2546060,-1.2649307,-0.4501717,2.1825445,4.2534513,8.5662575,0.2202282,0.1132921,0.7818744,0.5721338
gait_20260920_035116_owner_phone_shake_1,owner_phone_shake_1,2533321698222341,2026-09-20T03:51:22.036108Z,3.5634699,7.0617728,11.7826891,3.3111794,-1.1939185,-0.5522435,2.3509474,4.8306999,8.2081366,0.2483358,0.1329706,0.7721999,0.5695223
gait_20260920_035116_owner_phone_shake_1,owner_phone_shake_1,2533321718390512,2026-09-20T03:51:22.059020Z,3.8551884,7.5084410,11.7361526,3.4336689,-0.9992843,-0.6315827,2.4819767,5.3946018,7.8085957,0.2756132,0.1533964,0.7610393,0.5668564
gait_20260920_035116_owner_phone_shake_1,owner_phone_shake_1,2533321738558156,2026-09-20T03:51:22.076407Z,4.2886887,7.3996544,10.9469633,3.7339053,-0.7979052,-0.7562705,2.5546174,5.9575553,7.3632588,0.3015716,0.1761930,0.7488270,0.5632662
gait_20260920_035116_owner_phone_shake_1,owner_phone_shake_1,2533321758727589,2026-09-20T03:51:22.097362Z,3.9083099,6.9921165,9.7954273,4.1435080,-0.8520304,-1.0212342,2.5666127,6.5406442,6.8460631,0.3272757,0.2026139,0.7347071,0.5586088
gait_20260920_035116_owner_phone_shake_1,owner_phone_shake_1,2533321778884165,2026-09-20T03:51:22.116440Z,2.8093712,6.2414594,7.5495167,4.5775590,-1.1179600,-1.2865474,2.5342395,7.1521320,6.2177763,0.3550304,0.2322540,0.7164148,0.5538604
gait_20260920_035116_owner_phone_shake_1,owner_phone_shake_1,2533321799063608,2026-09-20T03:51:22.136950Z,1.8004397,5.5822310,4.9320555,4.7372532,-1.3242519,-1.3917168,2.4872136,7.6896806,5.5604577,0.3823763,0.2591500,0.6959084,0.5498555
gait_20260920_035116_owner_phone_shake_1,owner_phone_shake_1,2533321819207610,2026-09-20T03:51:22.157359Z,1.5483751,5.3035307,2.4764276,4.5545764,-1.2784036,-1.3540624,2.4019153,8.2506437,4.7322087,0.4139015,0.2899515,0.6696693,0.5442028
gait_20260920_035116_owner_phone_shake_1,owner_phone_shake_1,2533321839375620,2026-09-20T03:51:22.177427Z,1.2015152,4.9491143,0.3984849,4.0829215,-1.0499288,-1.3315463,2.2812545,8.7056637,3.9042814,0.4425834,0.3186599,0.6431434,0.5375337
gait_20260920_035116_owner_phone_shake_1,owner_phone_shake_1,2533321859569508,2026-09-20T03:51:22.197555Z,0.3568857,4.4847889,-0.9261072,3.4267075,-0.8583090,-1.3303806,2.1145399,9.0486498,3.1443253,0.4660608,0.3447220,0.6179993,0.5310660
gait_20260920_035116_owner_phone_shake_1,owner_phone_shake_1,2533321879724415,2026-09-20T03:51:22.222208Z,-0.4314052,4.2137203,-1.8053029,2.7916274,-0.8078976,-1.2303572,1.9154681,9.2921772,2.4945006,0.4841318,0.3670253,0.5949534,0.5262502
gait_20260920_035116_owner_phone_shake_1,owner_phone_shake_1,2533321899906422,2026-09-20T03:51:22.237970Z,-0.7713071,4.0348282,-2.1558290,2.0902982,-0.7563704,-1.0219336,1.7206991,9.4581614,1.9540986,0.4985489,0.3847444,0.5742611,0.5231107
gait_20260920_035116_owner_phone_shake_1,owner_phone_shake_1,2533321920056121,2026-09-20T03:51:22.257687Z,-0.6655881,3.7924902,-2.0991163,1.3832899,-0.5102757,-0.7622826,1.5553770,9.5614872,1.5475492,0.5093224,0.3973050,0.5573990,0.5215800
gait_20260920_035116_owner_phone_shake_1,owner_phone_shake_1,2533321940243499,2026-09-20T03:51:22.278161Z,-0.4988918,3.6428528,-1.7363948,0.8000869,-0.2130867,-0.5456652,1.4271843,9.6202993,1.2841667,0.5157063,0.4058488,0.5459562,0.5208316
gait_20260920_035116_owner_phone_shake_1,owner_phone_shake_1,2533321960412647,2026-09-20T03:51:22.298245Z,-0.8301146,3.3200843,-1.2190976,0.4152651,-0.0023815,-0.3835894,1.3293175,9.6527414,1.1373700,0.5182806,0.4117443,0.5393414,0.5205409
gait_20260920_035116_owner_phone_shake_1,owner_phone_shake_1,2533321980555877,2026-09-20T03:51:22.319077Z,-1.3091794,3.1230865,-1.0217255,0.2654632,-0.0719449,-0.2006629,1.2561135,9.6710377,1.0627011,0.5186443,0.4158979,0.5358711,0.5204606
gait_20260920_035116_owner_phone_shake_1,owner_phone_shake_1,2533322000749520,2026-09-20T03:51:22.339716Z,-1.5474772,3.0842555,-1.2366800,0.2015622,-0.3027180,0.0434001,1.2204648,9.6814871,1.0076793,0.5197877,0.4178407,0.5331950,0.5205122
gait_20260920_035116_owner_phone_shake_1,owner_phone_shake_1,2533322020903533,2026-09-20T03:51:22.358977Z,-1.3960440,3.3224037,-1.6692075,0.0337242,-0.4008262,0.3952638,1.2397618,9.6840763,0.9579874,0.5229940,0.4168584,0.5308514,0.5204836
gait_20260920_035116_owner_phone_shake_1,owner_phone_shake_1,2533322041086556,2026-09-20T03:51:22.379691Z,-0.5726631,4.0441809,-1.7572693,-0.2974554,-0.4152318,0.7432971,1.3326466,9.6732254,0.9427958,0.5271543,0.4125102,0.5308405,0.5197614
gait_20260920_035116_owner_phone_shake_1,owner_phone_shake_1,2533322061254933,2026-09-20T03:51:22.399485Z,0.2067992,4.8782606,-1.2618191,-0.6956503,-0.4450257,0.9481901,1.4938008,9.6442614,0.9964439,0.5308884,0.4043126,0.5340896,0.5190734
gait_20260920_035116_owner_phone_shake_1,owner_phone_shake_1,2533322081423837,2026-09-20T03:51:22.420059Z,0.8203882,5.8720040,-0.3124433,-0.9907741,-0.6760986,1.0718620,1.6923156,9.5971146,1.1258692,0.5334191,0.3926392,0.5396715,0.5196666
gait_20260920_035116_owner_phone_shake_1,owner_phone_shake_1,2533322101591887,2026-09-20T03:51:22.439641Z,1.6308254,7.0932713,0.8210616,-1.1107821,-0.9879596,1.2215639,1.9211090,9.5322838,1.2965418,0.5362983,0.3773060,0.5454376,0.5220365
gait_20260920_035116_owner_phone_shake_1,owner_phone_shake_1,2533322121760832,2026-09-20T03:51:22.459476Z,2.6377368,8.4407578,1.7126772,-1.1568302,-1.1220236,1.3778108,2.1897104,9.4490128,1.4688224,0.5407532,0.3588035,0.5505755,0.5250834
gait_20260920_035116_owner_phone_shake_1,owner_phone_shake_1,2533322141929818,2026-09-20T03:51:22.480157Z,4.0060234,9.9737206,2.6577134,-1.2251612,-1.0809883,1.4946879,2.4918933,9.3460598,1.6363796,0.5458405,0.3385613,0.5559236,0.5276204
gait_20260920_035116_owner_phone_shake_1,owner_phone_shake_1,2533322162098479,2026-09-20T03:51:22.499681Z,5.1953430,11.3100595,3.8807764,-1.2663130,-0.9522703,1.4439102,2.8123698,9.2218332,1.8123089,0.5502325,0.3174993,0.5622101,0.5294887
gait_20260920_035116_owner_phone_shake_1,owner_phone_shake_1,2533322182266773,2026-09-20T03:51:22.520288Z,5.7648635,12.3007345,4.5156889,-1.1562972,-0.8313796,1.2602010,3.1118846,9.0876465,1.9917260,0.5531518,0.2973399,0.5686413,0.5312808
gait_20260920_035116_owner_phone_shake_1,owner_phone_shake_1,2533322202435637,2026-09-20T03:51:22.540637Z,5.8978915,12.8995094,4.6205101,-1.0179533,-0.6811947,1.0547917,3.3689170,8.9599648,2.1460545,0.5552666,0.2796050,0.5740328,0.5329037
gait_20260920_035116_owner_phone_shake_1,owner_phone_shake_1,2533322222603809,2026-09-20T03:51:22.560637Z,5.9599161,13.1405764,4.4784293,-0.9785501,-0.4102689,0.8620394,3.5805187,8.8438406,2.2808990,0.5564162,0.2646011,0.5786490,0.5343713
gait_20260920_035116_owner_phone_shake_1,owner_phone_shake_1,2533322242771941,2026-09-20T03:51:22.580450Z,5.9187660,13.0737629,4.5545945,-0.9847621,-0.0634680,0.7119544,3.7440121,8.7360916,2.4288235,0.5553383,0.2523316,0.5837184,0.5359114
gait_20260920_035116_owner_phone_shake_1,owner_phone_shake_1,2533322262940316,2026-09-20T03:51:22.600708Z,5.7348614,12.6591167,4.5454669,-0.9070216,0.1619925,0.5279954,3.8635252,8.6338501,2.6011398,0.5517273,0.2426916,0.5898541,0.5373732
gait_20260920_035116_owner_phone_shake_1,owner_phone_shake_1,2533322283108854,2026-09-20T03:51:22.620630Z,5.1176810,12.1112194,4.3810148,-0.6976987,0.1889219,0.3168405,3.9378181,8.5473833,2.7698298,0.5469474,0.2357407,0.5957201,0.5388808
gait_20260920_035116_owner_phone_shake_1,owner_phone_shake_1,2533322303281340,2026-09-20T03:51:22.640681Z,4.2283845,11.4891005,4.2015247,-0.4048897,0.0500283,0.1624922,3.9746614,8.4882030,2.8963027,0.5429538,0.2312992,0.5997559,0.5403653
gait_20260920_035116_owner_phone_shake_1,owner_phone_shake_1,2533322323446948,2026-09-20T03:51:22.661656Z,3.8565352,11.1622925,3.9573162,-0.1187590,-0.0879326,0.1289179,3.9965267,8.4566832,2.9577680,0.5412329,0.2285661,0.6014266,0.5413968
gait_20260920_035116_owner_phone_shake_1,owner_phone_shake_1,2533322343615202,2026-09-20T03:51:22.681397Z,4.1832690,11.1962595,3.5439422,0.1035040,-0.1071512,0.1185425,4.0229697,8.4430923,2.9607477,0.5417786,0.2269402,0.6016530,0.5412834
gait_20260920_035116_owner_phone_shake_1,owner_phone_shake_1,2533322363783048,2026-09-20T03:51:22.702022Z,4.4814968,11.3823338,3.2686090,0.2211972,-0.0761583,0.0433168,4.0474253,8.4427814,2.9281225,0.5434364,0.2266410,0.6013363,0.5400976
gait_20260920_035116_owner_phone_shake_1,owner_phone_shake_1,2533322383952482,2026-09-20T03:51:22.721569Z,4.5770402,11.5272579,3.4172740,0.2866637,-0.0502615,-0.0701962,4.0551219,8.4552774,2.8810408,0.5452371,0.2276106,0.6005031,0.5388006
gait_20260920_035116_owner_phone_shake_1,owner_phone_shake_1,2533322404120288,2026-09-20T03:51:22.742477Z,4.8577604,11.8436670,3.8682818,0.3558607,0.0065450,-0.1502349,4.0414653,8.4802866,2.8262033,0.5469149,0.2297190,0.5990612,0.5378094
gait_20260920_035116_owner_phone_shake_1,owner_phone_shake_1,2533322424289396,2026-09-20T03:51:22.761842Z,5.3348050,12.2771673,4.2458177,0.4941880,0.0938781,-0.2335710,4.0114813,8.5149622,2.7639773,0.5484224,0.2330115,0.5973940,0.5367112
gait_20260920_035116_owner_phone_shake_1,owner_phone_shake_1,2533322444432300,2026-09-20T03:51:22.781968Z,5.6072950,12.5494328,4.0646062,0.6847420,0.1785965,-0.3673685,3.9613485,8.5642548,2.6827934,0.5499730,0.2381901,0.5953975,0.5350675
gait_20260920_035116_owner_phone_shake_1,owner_phone_shake_1,2533322464626066,2026-09-20T03:51:22.802927Z,6.5037742,13.1018944,4.0831614,0.8466179,0.1217234,-0.5178199,3.8832519,8.6334543,2.5729222,0.5517721,0.2456819,0.5925586,0.5329750
gait_20260920_035116_owner_phone_shake_1,owner_phone_shake_1,2533322484769580,2026-09-20T03:51:22.822334Z,7.4184341,13.2144222,3.9037459,1.0079442,0.0874497,-0.8076977,3.7811828,8.7202511,2.4281645,0.5544308,0.2545592,0.5880008,0.5310944
gait_20260920_035116_owner_phone_shake_1,owner_phone_shake_1,2533322504963224,2026-09-20T03:51:22.842392Z,6.8415060,12.5896101,3.4648588,1.1289349,0.1270027,-1.2208978,3.6238914,8.8337746,2.2512121,0.5572026,0.2659715,0.5811264,0.5301666
gait_20260920_035116_owner_phone_shake_1,owner_phone_shake_1,2533322525132454,2026-09-20T03:51:22.863644Z,5.6922894,11.0790186,2.9109752,1.2185829,0.2071579,-1.5279292,3.3868630,8.9745369,2.0549893,0.5589939,0.2806202,0.5718629,0.5308021
gait_20260920_035116_owner_phone_shake_1,owner_phone_shake_1,2533322545300585,2026-09-20T03:51:22.882806Z,4.5258641,9.5757589,2.4181437,1.3089969,0.2598842,-1.7122545,3.0919447,9.1254196,1.8446411,0.5597668,0.2976795,0.5611104,0.5321685
gait_20260920_035116_owner_phone_shake_1,owner_phone_shake_1,2533322565443612,2026-09-20T03:51:22.903004Z,3.2293291,8.1111813,1.6240917,1.4960536,0.2140360,-1.8286821,2.7612374,9.2740040,1.6138626,0.5600619,0.3163166,0.5491848,0.5335454
gait_20260920_035116_owner_phone_shake_1,owner_phone_shake_1,2533322585618416,2026-09-20T03:51:22.923423Z,1.7062428,6.6219130,0.4719570,1.6775812,0.0648503,-1.8540626,2.4088807,9.4153833,1.3356497,0.5611843,0.3361322,0.5353684,0.5342922
gait_20260920_035116_owner_phone_shake_1,owner_phone_shake_1,2533322605806404,2026-09-20T03:51:22.943462Z,0.3405752,5.3271737,-0.7998878,1.7214142,-0.1143124,-1.7496759,2.0547845,9.5390015,1.0106562,0.5637749,0.3558657,0.5196257,0.5343282
gait_20260920_035116_owner_phone_shake_1,owner_phone_shake_1,2533322625974617,2026-09-20T03:51:22.963531Z,-0.6489035,4.3229556,-1.4654011,1.5496125,-0.2483597,-1.5436171,1.7224743,9.6343193,0.6701254,0.5675083,0.3738663,0.5030707,0.5339273
gait_20260920_035116_owner_phone_shake_1,owner_phone_shake_1,2533322646118944,2026-09-20T03:51:22.983636Z,-1.6088287,3.6575921,-1.7708863,1.2484434,-0.2752224,-1.2539557,1.4293036,9.6985245,0.3631086,0.5712659,0.3887751,0.4874568,0.5337557
gait_20260920_035116_owner_phone_shake_1,owner_phone_shake_1,2533322666311735,2026-09-20T03:51:23.003943Z,-1.9722985,2.9968672,-1.7179893,0.9016757,-0.2475936,-0.8568101,1.1905098,9.7367897,0.1170373,0.5743057,0.4002594,0.4743983,0.5337712
gait_20260920_035116_owner_phone_shake_1,owner_phone_shake_1,2533322686456225,2026-09-20T03:51:23.024324Z,-1.9736452,2.6819549,-1.5601217,0.6011060,-0.1722014,-0.4423610,1.0290703,9.7556982,-0.0590797,0.5767867,0.4078371,0.4650173,0.5336151
gait_20260920_035116_owner_phone_shake_1,owner_phone_shake_1,2533322706649707,2026-09-20T03:51:23.044312Z,-1.7955016,2.4961798,-1.9052608,0.3605237,-0.0581221,-0.0753423,0.9480571,9.7624903,-0.1764327,0.5789471,0.4120932,0.4594962,0.5327878
gait_20260920_035116_owner_phone_shake_1,owner_phone_shake_1,2533322726817390,2026-09-20T03:51:23.064552Z,-1.7800890,2.3662944,-2.3596354,0.0258469,-0.0662659,0.1874730,0.9371982,9.7620325,-0.2459175,0.5808150,0.4137698,0.4574703,0.5311963
gait_20260920_035116_owner_phone_shake_1,owner_phone_shake_1,2533322746975511,2026-09-20T03:51:23.084873Z,-1.8664298,2.1375732,-2.0076878,-0.4673918,-0.1555974,0.4314194,0.9752621,9.7582855,-0.2467127,0.5819861,0.4121784,0.4580515,0.5306505
gait_20260920_035116_owner_phone_shake_1,owner_phone_shake_1,2533322767129890,2026-09-20T03:51:23.104736Z,-1.7330279,2.1270986,-0.7297826,-0.9541355,-0.1930021,0.7737238,1.0604897,9.7513962,-0.1474668,0.5818073,0.4062524,0.4615090,0.5324180
gait_20260920_035116_owner_phone_shake_1,owner_phone_shake_1,2533322787331143,2026-09-20T03:51:23.125395Z,-0.5098901,2.8580034,0.5860557,-1.2084739,-0.2029445,1.2312732,1.2166395,9.7341490,0.0472239,0.5805040,0.3957626,0.4687175,0.5354354
gait_20260920_035116_owner_phone_shake_1,owner_phone_shake_1,2533322807493009,2026-09-20T03:51:23.145509Z,1.1517607,4.1896286,1.0929531,-1.1682714,-0.2075743,1.5905645,1.4706622,9.6948853,0.2871614,0.5797566,0.3811282,0.4794409,0.5373639
gait_20260920_035116_owner_phone_shake_1,owner_phone_shake_1,2533322827657762,2026-09-20T03:51:23.165737Z,2.3414545,5.8130469,0.7438486,-1.0309267,-0.3160578,1.7609339,1.7948598,9.6310701,0.5070355,0.5807208,0.3645912,0.4915313,0.5368739
gait_20260920_035116_owner_phone_shake_1,owner_phone_shake_1,2533322847830208,2026-09-20T03:51:23.186785Z,3.1625907,7.3477302,0.9629928,-1.0476305,-0.4721549,1.8152922,2.1466465,9.5473461,0.6900814,0.5834016,0.3470852,0.5028775,0.5350597
gait_20260920_035116_owner_phone_shake_1,owner_phone_shake_1,2533322867998217,2026-09-20T03:51:23.206399Z,4.3965025,8.7290354,1.3709049,-1.2120379,-0.3993440,1.8617234,2.5061100,9.4444456,0.8706166,0.5864459,0.3281653,0.5134977,0.5335814
gait_20260920_035116_owner_phone_shake_1,owner_phone_shake_1,2533322888166388,2026-09-20T03:51:23.226841Z,5.3532853,10.2325935,1.4926351,-1.5141231,-0.0166539,1.8172408,3.3369839,9.1501570,1.1727171,0.5943614,0.2900476,0.5390654,0.5215510
gait_20260920_035116_owner_phone_shake_1,owner_phone_shake_1,2533322908335904,2026-09-20T03:51:23.246855Z,5.6573491,11.9800615,2.5154829,-1.8867875,0.3370584,1.6747667,3.6655686,8.9805584,1.4660432,0.5908256,0.2708761,0.5533947,0.5208701
gait_20260920_035116_owner_phone_shake_1,owner_phone_shake_1,2533322928478075,2026-09-20T03:51:23.266769Z,6.2616606,13.2061920,4.3619361,-2.0521774,0.3567100,1.4746033,3.9475164,8.7891779,1.8448832,0.5827494,0.2521077,0.5694374,0.5220977
gait_20260920_035116_owner_phone_shake_1,owner_phone_shake_1,2533322948676806,2026-09-20T03:51:23.287577Z,6.6664300,13.7994308,5.7616463,-1.8467015,0.1891884,1.2412821,4.1843877,8.5867796,2.2347779,0.5733557,0.2335902,0.5840746,0.5249341
gait_20260920_035116_owner_phone_shake_1,owner_phone_shake_1,2533322968842129,2026-09-20T03:51:23.306965Z,6.9206643,13.9409132,6.5388641,-1.3945813,0.0162542,1.0265300,4.3816018,8.3968477,2.5555093,0.5656174,0.2169038,0.5954052,0.5277522
gait_20260920_035116_owner_phone_shake_1,owner_phone_shake_1,2533322989010220,2026-09-20T03:51:23.326452Z,6.7912278,13.4526453,6.1340194,-0.8128937,-0.0884489,0.7836995,4.5469713,8.2383966,2.7730842,0.5608212,0.2034014,0.6033456,0.5292273
gait_20260920_035116_owner_phone_shake_1,owner_phone_shake_1,2533323009178921,2026-09-20T03:51:23.347479Z,6.1371617,12.6294889,4.5470381,-0.2956235,-0.1407422,0.5266798,4.6735082,8.1301231,2.8801970,0.5591384,0.1944315,0.6081047,0.5289323
gait_20260920_035116_owner_phone_shake_1,owner_phone_shake_1,2533323029330817,2026-09-20T03:51:23.367662Z,5.3626375,11.6728554,3.1086464,-0.0341905,-0.2172668,0.2986711,4.7597685,8.0727215,2.9003232,0.5598629,0.1896546,0.6101838,0.5275040
gait_20260920_035116_owner_phone_shake_1,owner_phone_shake_1,2533323049516364,2026-09-20T03:51:23.387293Z,4.8869395,10.8877821,2.5374796,0.0238984,-0.2514573,0.1623756,4.8145308,8.0484304,2.8773546,0.5617898,0.1870217,0.6102231,0.5263487
gait_20260920_035116_owner_phone_shake_1,owner_phone_shake_1,2533323069683885,2026-09-20T03:51:23.407608Z,4.7269773,10.3638258,2.2136638,0.0541418,-0.2194152,0.0752757,4.8509641,8.0375166,2.8465083,0.5638083,0.1851365,0.6094145,0.5257935
gait_20260920_035116_owner_phone_shake_1,owner_phone_shake_1,2533323089852302,2026-09-20T03:51:23.427853Z,4.4854622,10.0718079,1.9488053,0.0759418,-0.1762982,-0.0110915,4.8716178,8.0360756,2.8151286,0.5655598,0.1841079,0.6083574,0.5254976
gait_20260920_035116_owner_phone_shake_1,owner_phone_shake_1,2533323110021246,2026-09-20T03:51:23.447838Z,4.2874165,10.0151701,1.7713351,0.0965260,-0.2037272,-0.0596043,4.8760195,8.0443316,2.7837543,0.5670364,0.1839080,0.6070133,0.5255306
gait_20260920_035116_owner_phone_shake_1,owner_phone_shake_1,2533323130189948,2026-09-20T03:51:23.468273Z,4.5926776,10.2435923,1.8252795,0.0721447,-0.2105220,-0.0709290,4.8759284,8.0573092,2.7461257,0.5687443,0.1838456,0.6052248,0.5257697
gait_20260920_035116_owner_phone_shake_1,owner_phone_shake_1,2533323150359219,2026-09-20T03:51:23.488587Z,4.9058690,10.6696100,2.0900633,0.0493788,-0.2116045,-0.1023716,4.8742657,8.0694809,2.7131391,0.5702860,0.1836402,0.6034253,0.5262396
gait_20260920_035116_owner_phone_shake_1,owner_phone_shake_1,2533323170527351,2026-09-20T03:51:23.508093Z,5.4076037,11.2894840,2.5255086,0.0704960,-0.2041935,-0.1126304,4.8674235,8.0834980,2.6835358,0.5716574,0.1834826,0.6014951,0.5270156
gait_20260920_035116_owner_phone_shake_1,owner_phone_shake_1,2533323190695685,2026-09-20T03:51:23.528768Z,6.2336783,12.1558857,3.0225301,0.1569464,-0.2165341,-0.1762483,4.8587132,8.0998116,2.6499174,0.5731179,0.1835936,0.5995150,0.5276469
gait_20260920_035116_owner_phone_shake_1,owner_phone_shake_1,2533323210863613,2026-09-20T03:51:23.548387Z,6.7583823,12.6324072,3.4100165,0.2920928,-0.2641309,-0.3633049,4.8374825,8.1291237,2.5984981,0.5750554,0.1846643,0.5968094,0.5282320
gait_20260920_035116_owner_phone_shake_1,owner_phone_shake_1,2533323231033332,2026-09-20T03:51:23.569357Z,7.1756468,12.7675295,3.9501336,0.4561005,-0.2863472,-0.5860676,4.7850490,8.1848955,2.5193057,0.5776435,0.1874838,0.5924672,0.5293017
gait_20260920_035116_owner_phone_shake_1,owner_phone_shake_1,2533323251201503,2026-09-20T03:51:23.588735Z,7.3278284,12.5444202,4.0240545,0.6853748,-0.2562203,-0.8410222,4.6945486,8.2696543,2.4104264,0.5807658,0.1925554,0.5864744,0.5307366
gait_20260920_035116_owner_phone_shake_1,owner_phone_shake_1,2533323271370164,2026-09-20T03:51:23.609261Z,6.8988175,11.8928976,3.2941971,0.9059391,-0.1927523,-1.1456221,4.5566168,8.3870745,2.2650285,0.5843564,0.2007466,0.5788087,0.5321738
gait_20260920_035116_owner_phone_shake_1,owner_phone_shake_1,2533323291538458,2026-09-20T03:51:23.629316Z,5.8080339,10.9530983,2.6024225,0.9435436,-0.1260867,-1.4545354,4.3588138,8.5365944,2.0888827,0.5879259,0.2123381,0.5693206,0.5339755
gait_20260920_035116_owner_phone_shake_1,owner_phone_shake_1,2533323311681851,2026-09-20T03:51:23.649468Z,4.4827685,9.5737391,2.5911248,0.8144426,-0.0582554,-1.6775812,4.1015482,8.7029638,1.9162128,0.5903115,0.2259956,0.5584319,0.5372263
gait_20260920_035116_owner_phone_shake_1,owner_phone_shake_1,2533323331876634,2026-09-20T03:51:23.669853Z,3.0294881,8.1127529,2.4544308,0.6967161,0.0771242,-1.8054998,3.7992747,8.8687468,1.7739693,0.5907703,0.2403769,0.5470340,0.5421838
gait_20260920_035116_owner_phone_shake_1,owner_phone_shake_1,2533323352045334,2026-09-20T03:51:23.690332Z,1.5888520,6.6899233,2.2259343,0.5984747,0.2045433,-1.8039510,3.4668310,9.0256186,1.6599486,0.5893529,0.2554778,0.5359554,0.5478559
gait_20260920_035116_owner_phone_shake_1,owner_phone_shake_1,2533323372213222,2026-09-20T03:51:23.709765Z,0.3960907,5.4832458,1.8992004,0.5265465,0.3147088,-1.6807287,3.1292136,9.1639357,1.5704914,0.5865130,0.2705033,0.5258299,0.5534741
gait_20260920_035116_owner_phone_shake_1,owner_phone_shake_1,2533323392359014,2026-09-20T03:51:23.730303Z,-0.5225345,4.6217818,1.4931588,0.5184527,0.3334611,-1.4574997,2.8095281,9.2791834,1.4964786,0.5829263,0.2848591,0.5170761,0.5582871
gait_20260920_035116_owner_phone_shake_1,owner_phone_shake_1,2533323412549607,2026-09-20T03:51:23.750692Z,-1.1768998,4.0101380,1.0334722,0.5788231,0.2522734,-1.1554812,2.5300903,9.3714256,1.4181528,0.5798672,0.2978256,0.5094569,0.5617007
gait_20260920_035116_owner_phone_shake_1,owner_phone_shake_1,2533323432693446,2026-09-20T03:51:23.770796Z,-1.4974235,3.5473840,0.3292775,0.6307666,0.1178930,-0.8134100,2.3101799,9.4424686,1.3187069,0.5785364,0.3087308,0.5026757,0.5632922
gait_20260920_035116_owner_phone_shake_1,owner_phone_shake_1,2533323452875616,2026-09-20T03:51:23.790388Z,-1.7122283,3.0764744,-0.3164835,0.5526598,0.0854678,-0.4799156,2.1580420,9.4939051,1.2019765,0.5791642,0.3170809,0.4968119,0.5632109
gait_20260920_035116_owner_phone_shake_1,owner_phone_shake_1,2533323473056972,2026-09-20T03:51:23.811278Z,-1.8413656,2.5101709,-0.9132383,0.3141926,0.1380942,-0.1844586,2.0679309,9.5260143,1.1021914,0.5803040,0.3229676,0.4929831,0.5620559
gait_20260920_035116_owner_phone_shake_1,owner_phone_shake_1,2533323493224737,2026-09-20T03:51:23.830791Z,-2.2271314,2.3427265,-0.8991724,-0.0398861,0.1430237,0.1279186,2.0313148,9.5393105,1.0542507,0.5806001,0.3262114,0.4919326,0.5607959
gait_20260920_035116_owner_phone_shake_1,owner_phone_shake_1,2533323513394008,2026-09-20T03:51:23.851146Z,-1.9008465,2.4838347,-0.3265841,-0.3247178,0.0309263,0.5430838,2.0560498,9.5315619,1.0761642,0.5799098,0.3257367,0.4938328,0.5601156
gait_20260920_035116_owner_phone_shake_1,owner_phone_shake_1,2533323533561651,2026-09-20T03:51:23.871614Z,-0.7088333,3.3114054,0.3892822,-0.4323520,-0.1415582,1.0048633,2.1667881,9.4989958,1.1446539,0.5797594,0.3206131,0.4982812,0.5592873
gait_20260920_035116_owner_phone_shake_1,owner_phone_shake_1,2533323553705979,2026-09-20T03:51:23.891726Z,0.9721955,4.6226797,0.8629601,-0.4127504,-0.3463346,1.3986449,2.3738945,9.4397707,1.2212641,0.5815263,0.3111878,0.5046657,0.5570474
gait_20260920_035116_owner_phone_shake_1,owner_phone_shake_1,2533323573899297,2026-09-20T03:51:23.911808Z,2.8817210,6.0135612,1.1260229,-0.4019920,-0.5478802,1.6000905,2.6604364,9.3552933,1.2793398,0.5857061,0.2983235,0.5118186,0.5531665
gait_20260920_035116_owner_phone_shake_1,owner_phone_shake_1,2533323594067633,2026-09-20T03:51:23.932325Z,4.0035543,7.5656028,1.5251813,-0.5459816,-0.5595046,1.5692142,2.9815702,9.2517500,1.3234419,0.5912074,0.2833185,0.5186630,0.5488107
gait_20260920_035116_owner_phone_shake_1,owner_phone_shake_1,2533323614237269,2026-09-20T03:51:23.952270Z,4.1779566,8.8812914,2.3162405,-0.8833064,-0.3706660,1.4630289,3.2869556,9.1365547,1.3983541,0.5951933,0.2678035,0.5256519,0.5456340
gait_20260920_035116_owner_phone_shake_1,owner_phone_shake_1,2533323634405401,2026-09-20T03:51:23.972882Z,4.6043491,10.0146465,3.2441432,-1.2079576,-0.0162875,1.4756192,3.5638661,9.0068398,1.5530065,0.5954417,0.2521338,0.5342734,0.5444536
gait_20260920_035116_owner_phone_shake_1,owner_phone_shake_1,2533323654548589,2026-09-20T03:51:23.992475Z,5.3918920,11.0742302,3.6288617,-1.3076979,0.3282818,1.4705731,3.8285675,8.8538504,1.7853590,0.5918272,0.2367046,0.5458708,0.5438167
gait_20260920_035116_owner_phone_shake_1,owner_phone_shake_1,2533323674764165,2026-09-20T03:51:24.013404Z,5.9899187,12.0049019,3.5047371,-1.2090402,0.4258403,1.3338612,4.0725408,8.6864052,2.0486283,0.5858855,0.2227644,0.5591869,0.5426088
gait_20260920_035116_owner_phone_shake_1,owner_phone_shake_1,2533323694885992,2026-09-20T03:51:24.033095Z,5.9659767,12.4403467,3.2155626,-1.0334247,0.3490159,1.0915136,4.2789044,8.5252924,2.2905164,0.5797918,0.2107516,0.5714068,0.5412204
gait_20260920_035116_owner_phone_shake_1,owner_phone_shake_1,2533323715079554,2026-09-20T03:51:24.053104Z,5.4871364,12.3952312,2.9300539,-0.8654202,0.2026281,0.8669357,4.4411364,8.3853989,2.4894791,0.5746170,0.2006623,0.5810719,0.5402828
gait_20260920_035116_owner_phone_shake_1,owner_phone_shake_1,2533323735248296,2026-09-20T03:51:24.073195Z,5.4620719,12.3012590,3.0763996,-0.7540555,0.1060354,0.7490926,4.5703988,8.2674179,2.6452582,0.5706813,0.1919534,0.5882196,0.5398837
gait_20260920_035116_owner_phone_shake_1,owner_phone_shake_1,2533323755416916,2026-09-20T03:51:24.093217Z,6.0288992,12.3387432,3.1072998,-0.6310331,0.0955768,0.6762152,4.6854410,8.1599474,2.7745337,0.5675425,0.1839592,0.5940781,0.5395607
gait_20260920_035116_owner_phone_shake_1,owner_phone_shake_1,2533323775560349,2026-09-20T03:51:24.113424Z,6.5221047,12.4178267,3.0823851,-0.4865105,0.1010392,0.4871600,4.7863598,8.0636778,2.8816628,0.5649014,0.1771502,0.5992360,0.5389068
gait_20260920_035116_owner_phone_shake_1,owner_phone_shake_1,2533323795754359,2026-09-20T03:51:24.134353Z,5.9081416,12.0385695,2.9695582,-0.3389902,0.1148287,0.2122707,4.8515024,7.9943471,2.9647017,0.5626115,0.1724570,0.6029857,0.5386419
gait_20260920_035116_owner_phone_shake_1,owner_phone_shake_1,2533323815922897,2026-09-20T03:51:24.153851Z,5.1692309,11.6254950,2.7963529,-0.2041769,0.1449722,0.0616528,4.8699217,7.9603519,3.0253541,0.5605131,0.1703400,0.6050408,0.5391985
gait_20260920_035116_owner_phone_shake_1,owner_phone_shake_1,2533323836091151,2026-09-20T03:51:24.173957Z,5.3585229,11.6403847,3.0179660,-0.0383706,0.0739267,0.0294108,4.8664632,7.9466429,3.0666783,0.5587732,0.1698981,0.6063237,0.5397025
gait_20260920_035116_owner_phone_shake_1,owner_phone_shake_1,2533323856260177,2026-09-20T03:51:24.194317Z,5.9840827,11.9917336,3.4868555,0.1996303,-0.0663658,-0.0643840,4.8652363,7.9456630,3.0711601,0.5584989,0.1701424,0.6066824,0.5395064
gait_20260920_035116_owner_phone_shake_1,owner_phone_shake_1,2533323876413172,2026-09-20T03:51:24.215586Z,6.5904889,12.6960773,3.6667199,0.4258903,-0.1702029,-0.2052427,4.8562422,7.9701753,3.0214791,0.5602875,0.1716959,0.6052195,0.5388022
gait_20260920_035116_owner_phone_shake_1,owner_phone_shake_1,2533323896598068,2026-09-20T03:51:24.234660Z,7.1636758,13.1865892,4.4311438,0.5071447,-0.1937515,-0.3718817,4.8290229,8.0212736,2.9284523,0.5635300,0.1748534,0.6020535,0.5379516
gait_20260920_035116_owner_phone_shake_1,owner_phone_shake_1,2533323916766159,2026-09-20T03:51:24.254619Z,8.0218477,13.4139643,5.5368161,0.6059357,-0.1393099,-0.5478968,4.7740612,8.0909023,2.8252017,0.5667946,0.1792823,0.5978200,0.5377854
gait_20260920_035116_owner_phone_shake_1,owner_phone_shake_1,2533323936934494,2026-09-20T03:51:24.275986Z,8.7651720,13.1415491,5.8940010,0.8558941,-0.0536589,-0.8329117,4.6850252,8.1819019,2.7098231,0.5698886,0.1857477,0.5927737,0.5379072
gait_20260920_035116_owner_phone_shake_1,owner_phone_shake_1,2533323957103520,2026-09-20T03:51:24.295395Z,8.0567884,12.1261082,5.4631195,1.1559975,0.0423009,-1.2780706,4.5378976,8.3131666,2.5563366,0.5732692,0.1961047,0.5859888,0.5380731
gait_20260920_035116_owner_phone_shake_1,owner_phone_shake_1,2533323977253341,2026-09-20T03:51:24.315513Z,6.5390139,10.7260237,4.7130609,1.4141830,0.0578723,-1.6919701,4.3054323,8.4935398,2.3577864,0.5766776,0.2113148,0.5764962,0.5389260
gait_20260920_035116_owner_phone_shake_1,owner_phone_shake_1,2533323997440963,2026-09-20T03:51:24.335443Z,4.9119291,9.0321255,3.4243069,1.5982919,0.1086334,-1.9800160,3.9973354,8.7063360,2.1111929,0.5802948,0.2302902,0.5640694,0.5404165
gait_20260920_035116_owner_phone_shake_1,owner_phone_shake_1,2533324017605189,2026-09-20T03:51:24.355944Z,3.1179240,7.3317938,1.9558383,1.6095833,0.2432136,-2.1136971,3.6333756,8.9259024,1.8338331,0.5834897,0.2518932,0.5498734,0.5419677
gait_20260920_035116_owner_phone_shake_1,owner_phone_shake_1,2533324037774133,2026-09-20T03:51:24.376042Z,1.4287399,5.7799768,0.6743419,1.4616966,0.4313361,-2.0858350,3.2371135,9.1277761,1.5623381,0.5850780,0.2746531,0.5356334,0.5434577
gait_20260920_035116_owner_phone_shake_1,owner_phone_shake_1,2533324057946660,2026-09-20T03:51:24.396151Z,-0.0318728,4.4693012,-0.2041805,1.2381846,0.5783402,-1.9164981,2.8380439,9.2964888,1.3254901,0.5844457,0.2970759,0.5228887,0.5447537
gait_20260920_035116_owner_phone_shake_1,owner_phone_shake_1,2533324078090051,2026-09-20T03:51:24.416204Z,-1.1299884,3.4423382,-0.8707412,1.0441666,0.6116646,-1.6421416,2.4652395,9.4277849,1.1294103,0.5820866,0.3178256,0.5122433,0.5456822
gait_20260920_035116_owner_phone_shake_1,owner_phone_shake_1,2533324098258794,2026-09-20T03:51:24.436115Z,-1.9856162,2.8387003,-1.3938743,0.8981118,0.5090100,-1.2823840,2.1428263,9.5248413,0.9601129,0.5793257,0.3359509,0.5034774,0.5459207
gait_20260920_035116_owner_phone_shake_1,owner_phone_shake_1,2533324118431604,2026-09-20T03:51:24.455912Z,-2.3893385,2.5571570,-1.6826749,0.7416151,0.2460781,-0.8632718,1.8919821,9.5920458,0.8057165,0.5775404,0.3504436,0.4962093,0.5453557
gait_20260920_035116_owner_phone_shake_1,owner_phone_shake_1,2533324138621586,2026-09-20T03:51:24.476430Z,-2.3912089,2.1117606,-1.6037410,0.5055959,-0.0144223,-0.4613132,1.7270122,9.6335831,0.6690402,0.5776779,0.3600357,0.4900545,0.5445265
gait_20260920_035116_owner_phone_shake_1,owner_phone_shake_1,2533324158789881,2026-09-20T03:51:24.496354Z,-2.3880665,1.5539865,-1.5651345,0.2552044,-0.0763582,-0.1184592,1.6416181,9.6547785,0.5713508,0.5790402,0.3647357,0.4854963,0.5440345
gait_20260920_035116_owner_phone_shake_1,owner_phone_shake_1,2533324178958134,2026-09-20T03:51:24.517062Z,-2.8632407,1.3037176,-1.7234511,-0.0046464,-0.0533425,0.2354196,1.6204329,9.6611996,0.5211045,0.5803695,0.3661344,0.4834828,0.5434716
gait_20260920_035116_owner_phone_shake_1,owner_phone_shake_1,2533324199128056,2026-09-20T03:51:24.538187Z,-2.7492917,1.4637550,-1.7824084,-0.3323786,-0.0810046,0.7290747,1.6695929,9.6526833,0.5237135,0.5814385,0.3642551,0.4845989,0.5425970
gait_20260920_035116_owner_phone_shake_1,owner_phone_shake_1,2533324219274255,2026-09-20T03:51:24.557249Z,-1.5819688,2.4548049,-1.1094133,-0.7069582,-0.1816941,1.3028682,1.8203672,9.6215200,0.5905367,0.5827380,0.3574419,0.4895583,0.5412804
gait_20260920_035116_owner_phone_shake_1,owner_phone_shake_1,2533324239464726,2026-09-20T03:51:24.577294Z,0.5292682,4.1527429,0.2453309,-1.0394201,-0.3720482,1.8087972,2.0863502,9.5579882,0.7267200,0.5845363,0.3445645,0.4983728,0.5396455
gait_20260920_035116_owner_phone_shake_1,owner_phone_shake_1,2533324259632613,2026-09-20T03:51:24.597481Z,3.3066170,6.4514008,1.9194015,-1.2259939,-0.5544751,2.0903814,2.4548695,9.4534750,0.9173586,0.5870720,0.3256277,0.5098777,0.5379015
gait_20260920_035116_owner_phone_shake_1,owner_phone_shake_1,2533324279801599,2026-09-20T03:51:24.617734Z,5.4336410,8.9269304,3.2638206,-1.1871903,-0.5817542,2.0633190,2.8712649,9.3127699,1.1243992,0.5900481,0.3032664,0.5220057,0.5360810
gait_20260920_035116_owner_phone_shake_1,owner_phone_shake_1,2533324299964644,2026-09-20T03:51:24.638032Z,6.3926682,10.7881985,3.5690064,-1.0437169,-0.4232923,1.8407727,3.2682223,9.1564665,1.3091853,0.5927783,0.2816324,0.5331712,0.5338778
gait_20260920_035116_owner_phone_shake_1,owner_phone_shake_1,2533324320138675,2026-09-20T03:51:24.658685Z,6.4142909,12.2240458,2.9741971,-0.9611968,-0.1248710,1.5911640,3.6096098,9.0023146,1.4714531,0.5942717,0.2631952,0.5434278,0.5312775
gait_20260920_035116_owner_phone_shake_1,owner_phone_shake_1,2533324340307703,2026-09-20T03:51:24.678089Z,6.6201921,13.2880440,2.7763762,-1.0351901,0.0811212,1.3796427,3.8911831,8.8548489,1.6390500,0.5935320,0.2482184,0.5537727,0.5286238
gait_20260920_035116_owner_phone_shake_1,owner_phone_shake_1,2533324360450524,2026-09-20T03:51:24.699105Z,6.7485814,13.6619139,3.3188124,-1.1287017,0.1216235,1.1252711,4.1243324,8.7098255,1.8343856,0.5905771,0.2348696,0.5641015,0.5271096
gait_20260920_035116_owner_phone_shake_1,owner_phone_shake_1,2533324380644373,2026-09-20T03:51:24.719062Z,6.4621749,13.2720327,3.7597945,-1.0987080,0.1609600,0.8540622,4.3063989,8.5740175,2.0438352,0.5862656,0.2226484,0.5731930,0.5274184
gait_20260920_035116_owner_phone_shake_1,owner_phone_shake_1,2533324400813439,2026-09-20T03:51:24.738637Z,6.0755863,12.5958948,3.8698530,-0.9264234,0.1929355,0.6313329,4.4367590,8.4564114,2.2450795,0.5812634,0.2125245,0.5808429,0.5287607
gait_20260920_035116_owner_phone_shake_1,owner_phone_shake_1,2533324420963138,2026-09-20T03:51:24.758613Z,5.6206131,11.7910690,3.5497034,-0.6479868,0.1607102,0.4306700,4.5271482,8.3616629,2.4132190,0.5766140,0.2049191,0.5869864,0.5300676
gait_20260920_035116_owner_phone_shake_1,owner_phone_shake_1,2533324441150598,2026-09-20T03:51:24.779208Z,5.2425537,11.2098017,2.7186909,-0.3363090,0.0844853,0.2755888,4.5849748,8.2964745,2.5263872,0.5733460,0.1999795,0.5911652,0.5308543
gait_20260920_035116_owner_phone_shake_1,owner_phone_shake_1,2533324461319502,2026-09-20T03:51:24.799367Z,4.7679029,10.7203369,1.8775779,-0.1273358,-0.0262132,0.1551311,4.6220489,8.2597141,2.5787387,0.5719597,0.1972768,0.5933942,0.5308740
gait_20260920_035116_owner_phone_shake_1,owner_phone_shake_1,2533324481488000,2026-09-20T03:51:24.819460Z,4.5337200,10.4842091,1.5868320,-0.0771742,-0.0735769,0.0921627,4.6459141,8.2430315,2.5892150,0.5720234,0.1957430,0.5939820,0.5307158
gait_20260920_035116_owner_phone_shake_1,owner_phone_shake_1,2533324501656660,2026-09-20T03:51:24.839767Z,4.4726682,10.7127056,1.7670705,-0.0879659,-0.0343404,0.0693802,4.6624079,8.2327518,2.5922713,0.5723108,0.1945101,0.5940432,0.5307909
gait_20260920_035116_owner_phone_shake_1,owner_phone_shake_1,2533324521824670,2026-09-20T03:51:24.859277Z,4.9499373,11.2492313,2.2792051,-0.0532425,-0.0103088,0.0811378,4.6736250,8.2230787,2.6027508,0.5721764,0.1935418,0.5943427,0.5309544
gait_20260920_035116_owner_phone_shake_1,owner_phone_shake_1,2533324541967817,2026-09-20T03:51:24.879397Z,5.7248354,11.8028154,2.8924949,0.0777571,-0.0599041,0.0156880,4.6861978,8.2144585,2.6073594,0.5722049,0.1928606,0.5947300,0.5307379
gait_20260920_035116_owner_phone_shake_1,owner_phone_shake_1,2533324562162398,2026-09-20T03:51:24.899607Z,5.8841248,11.8643913,3.1352072,0.2816342,-0.1128968,-0.1684376,4.6882548,8.2213812,2.5817182,0.5732289,0.1932138,0.5940332,0.5302845
gait_20260920_035116_owner_phone_shake_1,owner_phone_shake_1,2533324582331221,2026-09-20T03:51:24.920321Z,5.6528597,11.8274317,3.2451160,0.4760185,-0.0895647,-0.3645873,4.6592522,8.2578611,2.5169857,0.5752467,0.1957392,0.5915922,0.5299020
gait_20260920_035116_owner_phone_shake_1,owner_phone_shake_1,2533324602518964,2026-09-20T03:51:24.940799Z,5.8904095,12.0405149,3.4094181,0.6533993,-0.1015555,-0.5156882,4.5961542,8.3210669,2.4230869,0.5776990,0.2006793,0.5879126,0.5294814
gait_20260920_035116_owner_phone_shake_1,owner_phone_shake_1,2533324622667728,2026-09-20T03:51:24.960917Z,6.2579193,12.0599680,3.4349313,0.7720584,-0.1065517,-0.7106221,4.5085311,8.4040442,2.2981086,0.5808416,0.2073657,0.5829611,0.5289413
gait_20260920_035116_owner_phone_shake_1,owner_phone_shake_1,2533324642836795,2026-09-20T03:51:24.980731Z,6.0770078,11.8342400,3.5076551,0.8285317,-0.0360224,-0.9513044,4.3846779,8.5069962,2.1544688,0.5840350,0.2158719,0.5766748,0.5289127
gait_20260920_035116_owner_phone_shake_1,owner_phone_shake_1,2533324663005659,2026-09-20T03:51:25.001032Z,6.2003088,11.5746937,3.9192333,0.8865873,-0.0400859,-1.1319993,4.2141576,8.6281042,2.0081859,0.5864187,0.2264221,0.5693702,0.5297772
gait_20260920_035116_owner_phone_shake_1,owner_phone_shake_1,2533324683174034,2026-09-20T03:51:25.020907Z,6.2433300,10.8547115,4.0506153,1.0382044,-0.0894315,-1.3554447,4.0118866,8.7593851,1.8477126,0.5887282,0.2381848,0.5607980,0.5311994
gait_20260920_035116_owner_phone_shake_1,owner_phone_shake_1,2533324703343184,2026-09-20T03:51:25.042397Z,5.2925324,9.8169756,3.3198600,1.2293080,-0.0949772,-1.6320493,3.7668231,8.9061995,1.6512976,0.5915050,0.2519216,0.5501364,0.5329232
gait_20260920_035116_owner_phone_shake_1,owner_phone_shake_1,2533324723511640,2026-09-20T03:51:25.061292Z,4.0963297,8.7466917,2.5246108,1.3196554,-0.0613030,-1.7972062,3.4666953,9.0668020,1.4181879,0.5943450,0.2682861,0.5373263,0.5348431
gait_20260920_035116_owner_phone_shake_1,owner_phone_shake_1,2533324743679161,2026-09-20T03:51:25.081973Z,3.0362966,7.6107183,1.7130513,1.3369588,-0.0116577,-1.8486834,3.3087115,9.1251106,1.4215757,0.5913854,0.2752014,0.5342698,0.5376647
gait_20260920_035116_owner_phone_shake_1,owner_phone_shake_1,2533324763845218,2026-09-20T03:51:25.101452Z,1.8008885,6.5568204,0.7358429,1.3247849,0.0574893,-1.8358765,2.9653788,9.2770805,1.1740671,0.5933281,0.2933426,0.5203979,0.5395351
gait_20260920_035116_owner_phone_shake_1,owner_phone_shake_1,2533324784017459,2026-09-20T03:51:25.122199Z,0.8414122,5.7407718,-0.2508675,1.2762054,0.0670320,-1.6986316,2.6199744,9.4078875,0.9292536,0.5946002,0.3114783,0.5068361,0.5408781
gait_20260920_035116_owner_phone_shake_1,owner_phone_shake_1,2533324804174726,2026-09-20T03:51:25.141650Z,-0.0139163,4.9321303,-1.1268460,1.1759655,0.0533758,-1.5246983,2.2993858,9.5117359,0.6897920,0.5958141,0.3283021,0.4939826,0.5414836
gait_20260920_035116_owner_phone_shake_1,owner_phone_shake_1,2533324824354739,2026-09-20T03:51:25.162451Z,-1.0119243,4.1367316,-1.9196260,0.9832299,0.0535923,-1.3353101,2.0088596,9.5907717,0.4665605,0.5968724,0.3433690,0.4820855,0.5416961
gait_20260920_035116_owner_phone_shake_1,owner_phone_shake_1,2533324844522830,2026-09-20T03:51:25.182105Z,-1.9452889,3.4008138,-2.2735939,0.6678216,0.1066183,-1.0477138,1.7526745,9.6480722,0.2809739,0.5972569,0.3562409,0.4717819,0.5420318
gait_20260920_035116_owner_phone_shake_1,owner_phone_shake_1,2533324864690921,2026-09-20T03:51:25.202341Z,-2.6708069,2.7559507,-2.4816649,0.3201713,0.1463045,-0.6641244,1.5527034,9.6850166,0.1603570,0.5964895,0.3660289,0.4645402,0.5426099
gait_20260920_035116_owner_phone_shake_1,owner_phone_shake_1,2533324884859825,2026-09-20T03:51:25.222914Z,-3.1759086,2.0386627,-2.6330233,-0.0023815,0.1677714,-0.2724246,1.4283911,9.7048521,0.1078981,0.5950408,0.3719985,0.4608678,0.5432721
gait_20260920_035116_owner_phone_shake_1,owner_phone_shake_1,2533324905029218,2026-09-20T03:51:25.242579Z,-3.4123359,1.6675615,-2.9508536,-0.2723247,0.1370450,0.1365953,1.3793532,9.7118406,0.1168543,0.5932159,0.3742990,0.4605806,0.5439309
gait_20260920_035116_owner_phone_shake_1,owner_phone_shake_1,2533324925197349,2026-09-20T03:51:25.263157Z,-3.3082631,1.6902316,-2.9773395,-0.5665825,-0.0667822,0.5870335,1.4118062,9.7062941,0.1754176,0.5917646,0.3726104,0.4632443,0.5444087
gait_20260920_035116_owner_phone_shake_1,owner_phone_shake_1,2533324945365603,2026-09-20T03:51:25.283727Z,-2.8005426,1.9773114,-2.3991396,-0.9531196,-0.2977219,1.0334747,1.5339588,9.6851025,0.2861516,0.5914204,0.3655163,0.4681352,0.5454074
gait_20260920_035116_owner_phone_shake_1,owner_phone_shake_1,2533324965509198,2026-09-20T03:51:25.303340Z,-1.5949124,2.7156234,-0.9771336,-1.4566671,-0.3484830,1.5215673,1.7452170,9.6421108,0.4690748,0.5914114,0.3525440,0.4756342,0.5474647
gait_20260920_035116_owner_phone_shake_1,owner_phone_shake_1,2533324985700646,2026-09-20T03:51:25.324235Z,0.4220529,4.2080340,0.9790040,-1.8992280,-0.2526564,2.0126245,2.0534089,9.5632095,0.7514538,0.5900887,0.3338505,0.4875190,0.5501494
gait_20260920_035116_owner_phone_shake_1,owner_phone_shake_1,2533325005871828,2026-09-20T03:51:25.344248Z,3.1130607,6.2648778,3.0134022,-2.0831704,-0.1111315,2.3465352,2.4586005,9.4305820,1.1205084,0.5870106,0.3102759,0.5042420,0.5521662
gait_20260920_035116_owner_phone_shake_1,owner_phone_shake_1,2533325026017093,2026-09-20T03:51:25.363505Z,5.5150437,8.3838959,4.6040497,-1.9868108,0.0023982,2.3759627,2.9130709,9.2441149,1.5154171,0.5828232,0.2846882,0.5235078,0.5524576
gait_20260920_035116_owner_phone_shake_1,owner_phone_shake_1,2533325046183311,2026-09-20T03:51:25.383639Z,7.0337157,10.4144783,5.2591634,-1.6858249,0.0043633,2.1843760,3.3503418,9.0266123,1.8792548,0.5782966,0.2603224,0.5422624,0.5511415
gait_20260920_035116_owner_phone_shake_1,owner_phone_shake_1,2533325066376996,2026-09-20T03:51:25.403963Z,7.6847143,12.1329908,5.4128413,-1.3383244,-0.0660327,1.9035746,3.7376807,8.8057547,2.1735995,0.5746385,0.2387299,0.5583304,0.5486947
gait_20260920_035116_owner_phone_shake_1,owner_phone_shake_1,2533325086546145,2026-09-20T03:51:25.424101Z,7.7631240,13.1464119,5.0264020,-1.0643177,-0.1261533,1.5906978,4.0672345,8.6005154,2.3926668,0.5723040,0.2202534,0.5710908,0.5457215
gait_20260920_035116_owner_phone_shake_1,owner_phone_shake_1,2533325106715252,2026-09-20T03:51:25.444307Z,7.7165871,13.8305550,4.8828998,-0.9663595,-0.0721447,1.2988380,4.3372078,8.4192142,2.5576506,0.5707255,0.2047271,0.5809551,0.5430012
gait_20260920_035116_owner_phone_shake_1,owner_phone_shake_1,2533325126883669,2026-09-20T03:51:25.464669Z,7.9316912,13.9817638,5.1737204,-0.9602975,0.1561470,1.0171539,4.5490098,8.2567873,2.7144208,0.5682623,0.1916665,0.5893939,0.5412549
gait_20260920_035116_owner_phone_shake_1,owner_phone_shake_1,2533325147026817,2026-09-20T03:51:25.485294Z,7.3996544,13.5611324,5.2612581,-0.8380411,0.3712655,0.6695369,4.6956263,8.1134872,2.8911150,0.5636382,0.1815922,0.5975762,0.5405914
gait_20260920_035116_owner_phone_shake_1,owner_phone_shake_1,2533325167197675,2026-09-20T03:51:25.505226Z,6.0125136,12.6992197,4.7691002,-0.5415850,0.3708325,0.3558440,4.7688327,8.0082588,3.0597603,0.5579156,0.1755340,0.6045478,0.5407773
gait_20260920_035116_owner_phone_shake_1,owner_phone_shake_1,2533325187389813,2026-09-20T03:51:25.524991Z,5.2593131,11.8287029,3.9638255,-0.1884389,0.1983147,0.1952337,4.7943316,7.9493761,3.1714230,0.5536318,0.1728984,0.6090375,0.5409911
gait_20260920_035116_owner_phone_shake_1,owner_phone_shake_1,2533325207533042,2026-09-20T03:51:25.545720Z,5.0609684,11.1174755,3.1947629,0.1016887,-0.0083103,0.1024881,4.8099523,7.9259515,3.2062075,0.5522707,0.1721409,0.6110336,0.5403727
gait_20260920_035116_owner_phone_shake_1,owner_phone_shake_1,2533325227700645,2026-09-20T03:51:25.565792Z,4.7325139,10.4925137,2.5864861,0.2744897,-0.1216734,0.0002498,4.8248043,7.9287353,3.1768742,0.5535278,0.1724491,0.6109246,0.5391099
gait_20260920_035116_owner_phone_shake_1,owner_phone_shake_1,2533325247892213,2026-09-20T03:51:25.585763Z,4.4926448,10.1246300,2.0965724,0.3322954,-0.1097159,-0.0594378,4.8292937,7.9507999,3.1142926,0.5559961,0.1737494,0.6094819,0.5377837
gait_20260920_035116_owner_phone_shake_1,owner_phone_shake_1,2533325268039187,2026-09-20T03:51:25.608118Z,4.4759603,10.0635777,2.0947020,0.3279487,-0.0759418,-0.0913467,4.8234811,7.9799156,3.0481315,0.5583978,0.1757381,0.6078497,0.5364949
gait_20260920_035116_owner_phone_shake_1,owner_phone_shake_1,2533325288232708,2026-09-20T03:51:25.626333Z,4.5087309,10.2025909,2.3359179,0.3639378,-0.1082171,-0.1144456,4.8110704,8.0107622,2.9862058,0.5605060,0.1779925,0.6062436,0.5353695
gait_20260920_035116_owner_phone_shake_1,owner_phone_shake_1,2533325308400678,2026-09-20T03:51:25.645935Z,4.7609448,10.4909430,2.4607155,0.4122674,-0.1410086,-0.1289678,4.7975326,8.0456762,2.9132245,0.5630472,0.1804028,0.6042087,0.5341954
gait_20260920_035116_owner_phone_shake_1,owner_phone_shake_1,2533325328572837,2026-09-20T03:51:25.666069Z,5.2005053,10.9863186,2.7540801,0.4224263,-0.1310995,-0.1706526,4.7831564,8.0839138,2.8298180,0.5659729,0.1830073,0.6018400,0.5328900
gait_20260920_035116_owner_phone_shake_1,owner_phone_shake_1,2533325348738689,2026-09-20T03:51:25.686475Z,5.9735332,11.5999069,3.4524388,0.4297707,-0.0961097,-0.2599008,4.7596502,8.1260452,2.7475898,0.5686958,0.1859889,0.5993058,0.5318137
gait_20260920_035116_owner_phone_shake_1,owner_phone_shake_1,2533325368907554,2026-09-20T03:51:25.707724Z,6.6015625,12.0848083,4.3758526,0.5112249,-0.0648836,-0.4414784,4.7174964,8.1772118,2.6673105,0.5710328,0.1897884,0.5964341,0.5311952
gait_20260920_035116_owner_phone_shake_1,owner_phone_shake_1,2533325389075929,2026-09-20T03:51:25.726822Z,6.6017118,12.0904942,4.8164606,0.7157182,-0.0166872,-0.6797125,4.6406097,8.2507820,2.5739918,0.5732796,0.1954597,0.5925003,0.5311210
gait_20260920_035116_owner_phone_shake_1,owner_phone_shake_1,2533325409218589,2026-09-20T03:51:25.747038Z,6.2638302,11.6801882,4.6588173,1.0154718,0.0302435,-0.8976122,4.5194602,8.3560133,2.4469705,0.5758936,0.2041418,0.5870778,0.5310484
gait_20260920_035116_owner_phone_shake_1,owner_phone_shake_1,2533325429412721,2026-09-20T03:51:25.767221Z,5.4602761,11.0053225,3.7386956,1.3317795,0.0145389,-1.1082008,4.3580480,8.4909735,2.2686806,0.5794021,0.2161171,0.5800110,0.5302584
gait_20260920_035116_owner_phone_shake_1,owner_phone_shake_1,2533325449582074,2026-09-20T03:51:25.788753Z,4.6464720,10.3633766,2.5880573,1.5165712,-0.0184026,-1.2560709,4.1595840,8.6492329,2.0309439,0.5841290,0.2309156,0.5708534,0.5287700
gait_20260920_035116_owner_phone_shake_1,owner_phone_shake_1,2533325469750449,2026-09-20T03:51:25.807664Z,4.1130142,9.7202349,1.9323453,1.5214008,-0.0371382,-1.3467680,3.9347579,8.8126354,1.7581981,0.5893596,0.2471521,0.5601896,0.5270283
gait_20260920_035116_owner_phone_shake_1,owner_phone_shake_1,2533325489919110,2026-09-20T03:51:25.827334Z,3.3500118,8.7524529,1.4684687,1.4877266,-0.0251641,-1.4088870,3.6918747,8.9669027,1.4835171,0.5941112,0.2635484,0.5488330,0.5256962
gait_20260920_035116_owner_phone_shake_1,owner_phone_shake_1,2533325510082399,2026-09-20T03:51:25.847706Z,2.6373627,7.6825442,0.6619220,1.5177369,-0.0484962,-1.4040574,3.4344664,9.1090012,1.2110630,0.5982277,0.2800631,0.5371213,0.5245847
gait_20260920_035116_owner_phone_shake_1,owner_phone_shake_1,2533325530255372,2026-09-20T03:51:25.868540Z,1.7208325,6.4817772,-0.3342156,1.5374385,-0.1144623,-1.3956472,3.1760716,9.2354078,0.9251559,0.6025079,0.2964298,0.5249355,0.5230262
gait_20260920_035116_owner_phone_shake_1,owner_phone_shake_1,2533325550424969,2026-09-20T03:51:25.888567Z,0.6634932,5.2988920,-1.3391069,1.4527202,-0.1913201,-1.3073982,2.9169047,9.3452578,0.6276700,0.6070513,0.3123143,0.5120516,0.5212980
gait_20260920_035116_owner_phone_shake_1,owner_phone_shake_1,2533325570593792,2026-09-20T03:51:25.908606Z,-0.1996166,4.3378444,-1.9794811,1.2243785,-0.2237619,-1.1152954,2.6737266,9.4324198,0.3417405,0.6115499,0.3265502,0.4993011,0.5196827
gait_20260920_035116_owner_phone_shake_1,owner_phone_shake_1,2533325590762330,2026-09-20T03:51:25.928650Z,-0.7939771,3.5339913,-2.3310547,0.9100193,-0.1727010,-0.8618396,2.4658215,9.4945221,0.0996178,0.6153547,0.3380997,0.4880860,0.5184585
gait_20260920_035116_owner_phone_shake_1,owner_phone_shake_1,2533325610929688,2026-09-20T03:51:25.949043Z,-1.3079823,2.8009915,-2.5720460,0.5647006,-0.0779736,-0.5683478,2.3046703,9.5351095,-0.0792877,0.6179373,0.3467698,0.4795617,0.5176145
gait_20260920_035116_owner_phone_shake_1,owner_phone_shake_1,2533325631098471,2026-09-20T03:51:25.969186Z,-2.0793641,2.0661213,-3.0318074,0.2272092,0.0614529,-0.2832996,2.1985142,9.5586300,-0.1876921,0.6191806,0.3524787,0.4743346,0.5170890
gait_20260920_035116_owner_phone_shake_1,owner_phone_shake_1,2533325651266684,2026-09-20T03:51:25.989389Z,-2.6152165,1.7667712,-3.2109237,-0.1761983,0.0920128,0.0816874,2.1464844,9.5696230,-0.2259446,0.6189986,0.3555574,0.4725879,0.5167983
gait_20260920_035116_owner_phone_shake_1,owner_phone_shake_1,2533325671435588,2026-09-20T03:51:26.008926Z,-2.3396587,1.9164088,-2.5623944,-0.6670389,0.0124072,0.5459150,2.1675231,9.5657969,-0.1829395,0.6179552,0.3542919,0.4743472,0.5173039
gait_20260920_035116_owner_phone_shake_1,owner_phone_shake_1,2533325691604900,2026-09-20T03:51:26.029098Z,-1.0727520,2.4834604,-1.3542204,-1.1000237,-0.0395031,1.0279956,2.2799971,9.5412550,-0.0465655,0.6163724,0.3471686,0.4798264,0.5189659
gait_20260920_035116_owner_phone_shake_1,owner_phone_shake_1,2533325711774008,2026-09-20T03:51:26.049918Z,0.5324854,3.7545571,-0.0299275,-1.3577596,-0.1122140,1.4049234,2.4857602,9.4883404,0.1689126,0.6143799,0.3346573,0.4889936,0.5209869
gait_20260920_035116_owner_phone_shake_1,owner_phone_shake_1,2533325731941855,2026-09-20T03:51:26.070063Z,2.4949827,5.4136643,1.1024550,-1.4312032,-0.2543051,1.6702701,2.7645915,9.4027157,0.4267175,0.6125287,0.3180023,0.5004299,0.5227361
gait_20260920_035116_owner_phone_shake_1,owner_phone_shake_1,2533325752110027,2026-09-20T03:51:26.090884Z,4.4902506,7.2718639,2.0266917,-1.3748631,-0.3871533,1.7465283,3.0920143,9.2849045,0.6827180,0.6116763,0.2985273,0.5122800,0.5237393
gait_20260920_035116_owner_phone_shake_1,owner_phone_shake_1,2533325772278484,2026-09-20T03:51:26.110675Z,5.3893480,9.0305548,2.5088990,-1.2147359,-0.4719717,1.6199254,3.4257379,9.1472445,0.9101490,0.6116912,0.2783980,0.5230588,0.5241545
gait_20260920_035116_owner_phone_shake_1,owner_phone_shake_1,2533325792447429,2026-09-20T03:51:26.130091Z,5.8360162,10.4186678,2.3676410,-1.0615199,-0.6012892,1.4695572,3.7293577,9.0074158,1.0929178,0.6123499,0.2595783,0.5317519,0.5242964
gait_20260920_035116_owner_phone_shake_1,owner_phone_shake_1,2533325812616374,2026-09-20T03:51:26.151779Z,6.1561661,11.4607439,1.9084032,-1.0621694,-0.6327984,1.3464016,4.0055661,8.8696232,1.2334211,0.6138284,0.2416679,0.5382339,0.5245147
gait_20260920_035116_owner_phone_shake_1,owner_phone_shake_1,2533325832784140,2026-09-20T03:51:26.170907Z,6.3982048,12.1173544,1.6594062,-1.1649240,-0.5307599,1.1949676,4.2573195,8.7310781,1.3709985,0.6147107,0.2242872,0.5438647,0.5253925
gait_20260920_035116_owner_phone_shake_1,owner_phone_shake_1,2533325852953491,2026-09-20T03:51:26.191901Z,6.3881044,12.5467396,2.5142858,-1.3354434,-0.3533626,0.9799157,4.4750957,8.5940809,1.5334347,0.6137569,0.2078399,0.5494465,0.5274597
gait_20260920_035116_owner_phone_shake_1,owner_phone_shake_1,2533325873121501,2026-09-20T03:51:26.210473Z,6.3242836,12.5346937,3.6647747,-1.4103693,-0.0300936,0.8272827,4.6466198,8.4626865,1.7401128,0.6100762,0.1927993,0.5553135,0.5312838
gait_20260920_035116_owner_phone_shake_1,owner_phone_shake_1,2533325893290324,2026-09-20T03:51:26.231352Z,6.4505029,12.4945908,4.4697499,-1.2689276,0.2056258,0.7151687,4.7804418,8.3337975,1.9827523,0.6037915,0.1801156,0.5624498,0.5353919
gait_20260920_035116_owner_phone_shake_1,owner_phone_shake_1,2533325913458700,2026-09-20T03:51:26.251634Z,6.3625164,12.3062716,4.7341599,-0.8904010,0.2639810,0.5449491,4.8843656,8.2149305,2.2122433,0.5969326,0.1702679,0.5698208,0.5385021
gait_20260920_035116_owner_phone_shake_1,owner_phone_shake_1,2533325933627767,2026-09-20T03:51:26.271159Z,6.0817962,12.1316442,4.1286511,-0.3895682,0.0652833,0.3469841,4.9552116,8.1274452,2.3720536,0.5918523,0.1639973,0.5755053,0.5400088
gait_20260920_035116_owner_phone_shake_1,owner_phone_shake_1,2533325953796591,2026-09-20T03:51:26.291758Z,5.9627595,11.8940201,3.6194344,-0.0133231,-0.1619259,0.1721514,5.0037379,8.0823450,2.4237185,0.5905736,0.1605581,0.5777900,0.5400025
gait_20260920_035116_owner_phone_shake_1,owner_phone_shake_1,2533325973964559,2026-09-20T03:51:26.311443Z,5.7739167,11.7971296,3.0290391,0.2139194,-0.1850915,0.0296939,5.0345798,8.0713158,2.3964522,0.5921639,0.1590242,0.5773010,0.5392373
gait_20260920_035116_owner_phone_shake_1,owner_phone_shake_1,2533325994132934,2026-09-20T03:51:26.332070Z,5.9280434,11.8766623,2.7059717,0.3233023,-0.1137129,-0.0784565,5.0426979,8.0835896,2.3372836,0.5945706,0.1595264,0.5758067,0.5380371
gait_20260920_035116_owner_phone_shake_1,owner_phone_shake_1,2533326014276612,2026-09-20T03:51:26.351967Z,6.1255651,12.0069218,2.6372132,0.4049064,-0.0544250,-0.2231290,5.0296583,8.1106243,2.2707779,0.5968476,0.1616359,0.5740588,0.5367526
gait_20260920_035116_owner_phone_shake_1,owner_phone_shake_1,2533326034470622,2026-09-20T03:51:26.372078Z,6.1883378,12.1357594,2.5515456,0.5022984,-0.0024481,-0.3844720,4.9892249,8.1558714,2.1967072,0.5989734,0.1654094,0.5716938,0.5357582
gait_20260920_035116_owner_phone_shake_1,owner_phone_shake_1,2533326054638876,2026-09-20T03:51:26.392329Z,6.1013236,12.1532669,2.3774424,0.5687808,0.0439163,-0.5469809,4.9194369,8.2206240,2.1110671,0.6010454,0.1709967,0.5685742,0.5350026
gait_20260920_035116_owner_phone_shake_1,owner_phone_shake_1,2533326074782430,2026-09-20T03:51:26.413008Z,6.1290817,12.1926966,2.3396587,0.5784900,0.1255371,-0.7091233,4.8197799,8.3022442,2.0195525,0.6028423,0.1781649,0.5647312,0.5347123
gait_20260920_035116_owner_phone_shake_1,owner_phone_shake_1,2533326094976359,2026-09-20T03:51:26.433219Z,6.3880296,12.2699842,2.6657190,0.5778239,0.1829265,-0.8609070,4.6890554,8.3966742,1.9351343,0.6038176,0.1867382,0.5605040,0.5351341
gait_20260920_035116_owner_phone_shake_1,owner_phone_shake_1,2533326115144694,2026-09-20T03:51:26.453195Z,6.7410245,11.9340477,3.0118308,0.6520670,0.1665724,-1.0227662,4.5299406,8.5017786,1.8535172,0.6041778,0.1964664,0.5557160,0.5362367
gait_20260920_035116_owner_phone_shake_1,owner_phone_shake_1,2533326135313069,2026-09-20T03:51:26.473007Z,6.5774708,11.0212584,2.9887867,0.7930756,0.1871899,-1.2576029,4.3421865,8.6202059,1.7531614,0.6047264,0.2074938,0.5496644,0.5377001
gait_20260920_035116_owner_phone_shake_1,owner_phone_shake_1,2533326155482340,2026-09-20T03:51:26.493637Z,5.5630026,9.9972887,2.6213515,0.9685245,0.1875063,-1.5151722,4.1078272,8.7588825,1.6259949,0.6053091,0.2209812,0.5420117,0.5394363
gait_20260920_035116_owner_phone_shake_1,owner_phone_shake_1,2533326175650065,2026-09-20T03:51:26.513684Z,4.4826188,8.9029140,2.2799535,1.0955938,0.1342971,-1.6785804,3.8255355,8.9139786,1.4636927,0.6061456,0.2368422,0.5323856,0.5413492
gait_20260920_035116_owner_phone_shake_1,owner_phone_shake_1,2533326195820475,2026-09-20T03:51:26.533670Z,3.4272997,7.7225723,1.9449896,1.1884227,0.1017221,-1.7633154,3.5392060,9.0564861,1.3000699,0.6068762,0.2526231,0.5222628,0.5432535
gait_20260920_035116_owner_phone_shake_1,owner_phone_shake_1,2533326215988077,2026-09-20T03:51:26.553929Z,2.1756561,6.5010056,1.3609540,1.2959236,0.0999234,-1.7823009,3.2110851,9.2057037,1.0863057,0.6082668,0.2702373,0.5100138,0.5448572
gait_20260920_035116_owner_phone_shake_1,owner_phone_shake_1,2533326236156291,2026-09-20T03:51:26.574031Z,0.8056489,5.3513403,0.3446154,1.3886858,0.0994238,-1.7209812,2.8762894,9.3404703,0.8477533,0.6099352,0.2883733,0.4971713,0.5455647
gait_20260920_035116_owner_phone_shake_1,owner_phone_shake_1,2533326256316040,2026-09-20T03:51:26.594021Z,-0.4470423,4.2853217,-0.7116016,1.3768948,0.0816541,-1.5481304,2.5503922,9.4544315,0.5876738,0.6120182,0.3063918,0.4841640,0.5451084
gait_20260920_035116_owner_phone_shake_1,owner_phone_shake_1,2533326276493122,2026-09-20T03:51:26.614075Z,-1.5474025,3.4252796,-1.5434371,1.2657801,0.0500783,-1.2833998,2.2553058,9.5416679,0.3260261,0.6143896,0.3229721,0.4717871,0.5437199
gait_20260920_035116_owner_phone_shake_1,owner_phone_shake_1,2533326296662557,2026-09-20T03:51:26.634212Z,-2.4116344,2.9028947,-2.0286369,1.0886991,-0.0178863,-0.9197618,2.0094788,9.6016340,0.0821557,0.6169427,0.3370539,0.4608159,0.5416873
gait_20260920_035116_owner_phone_shake_1,owner_phone_shake_1,2533326316831298,2026-09-20T03:51:26.654387Z,-2.7635074,2.4770262,-2.2328923,0.8763784,-0.1529994,-0.5002167,1.8343000,9.6360903,-0.1311683,0.6199777,0.3474644,0.4518499,0.5391920
gait_20260920_035116_owner_phone_shake_1,owner_phone_shake_1,2533326336999837,2026-09-20T03:51:26.674736Z,-3.0021045,1.9780595,-2.5767596,0.6104988,-0.2456118,-0.1095161,1.7393161,9.6496677,-0.3079185,0.6238585,0.3534374,0.4449535,0.5365621
gait_20260920_035116_owner_phone_shake_1,owner_phone_shake_1,2533326357167520,2026-09-20T03:51:26.694510Z,-3.0334535,1.8317139,-2.8536639,0.2433968,-0.2345203,0.3303135,1.7185889,9.6485310,-0.4340914,0.6279517,0.3552862,0.4405969,0.5341561
gait_20260920_035116_owner_phone_shake_1,owner_phone_shake_1,2533326377336141,2026-09-20T03:51:26.714754Z,-2.4610896,2.2545898,-2.4441059,-0.2412152,-0.1519502,0.8539956,1.7859713,9.6338816,-0.4845395,0.6314574,0.3526851,0.4402228,0.5320515
gait_20260920_035116_owner_phone_shake_1,owner_phone_shake_1,2533326397505330,2026-09-20T03:51:26.734995Z,-0.7776666,3.2540941,-1.3581858,-0.7135199,-0.0781568,1.4000272,1.9590992,9.6025877,-0.4339722,0.6337323,0.3448671,0.4451131,0.5304005
gait_20260920_035116_owner_phone_shake_1,owner_phone_shake_1,2533326417669555,2026-09-20T03:51:26.755212Z,1.3233202,4.9133506,-0.2255039,-0.9805319,-0.0955268,1.8168077,2.2408712,9.5462427,-0.2895921,0.6349845,0.3316417,0.4550393,0.5289118
gait_20260920_035116_owner_phone_shake_1,owner_phone_shake_1,2533326437842162,2026-09-20T03:51:26.775316Z,3.5530701,6.8109803,0.6260089,-1.0161879,-0.1972655,2.0293615,2.6019309,9.4581175,-0.1005242,0.6362250,0.3142771,0.4677030,0.5269741
gait_20260920_035116_owner_phone_shake_1,owner_phone_shake_1,2533326458010415,2026-09-20T03:51:26.795941Z,5.1243401,8.7253685,1.1100118,-0.9185794,-0.2758053,1.9701903,2.9939241,9.3416309,0.0805401,0.6382036,0.2949835,0.4804145,0.5242927
gait_20260920_035116_owner_phone_shake_1,owner_phone_shake_1,2533326478179076,2026-09-20T03:51:26.815855Z,5.6233811,10.4635592,1.0005518,-0.8022352,-0.2620325,1.7595184,3.4773827,9.1683798,0.2910645,0.6403308,0.2713821,0.4961875,0.5197368
gait_20260920_035116_owner_phone_shake_1,owner_phone_shake_1,2533326498322590,2026-09-20T03:51:26.835926Z,6.1623759,11.6640272,0.8058733,-0.8180898,-0.2011958,1.5910474,3.7966168,9.0359077,0.4173713,0.6420810,0.2548780,0.5056680,0.5167873
gait_20260920_035116_owner_phone_shake_1,owner_phone_shake_1,2533326518516357,2026-09-20T03:51:26.855838Z,6.5849524,12.5605059,0.9881319,-0.9573497,-0.0687640,1.3905344,4.0810738,8.9036579,0.5530273,0.6426091,0.2395161,0.5146614,0.5145963
gait_20260920_035116_owner_phone_shake_1,owner_phone_shake_1,2533326538684732,2026-09-20T03:51:26.876161Z,6.6888757,12.9604874,1.4514099,-1.1209244,0.1115312,1.1446729,4.3220735,8.7766361,0.7255717,0.6408634,0.2254188,0.5237133,0.5140088
gait_20260920_035116_owner_phone_shake_1,owner_phone_shake_1,2533326558853352,2026-09-20T03:51:26.896539Z,6.5420065,13.0568542,1.9231426,-1.1996807,0.2405657,0.9108853,4.5127840,8.6594610,0.9405399,0.6365631,0.2129590,0.5328737,0.5152489
gait_20260920_035116_owner_phone_shake_1,owner_phone_shake_1,2533326579022460,2026-09-20T03:51:26.916418Z,6.2082400,12.7907228,2.1639094,-1.1587287,0.3111449,0.7075578,4.6572871,8.5537319,1.1745051,0.6306618,0.2022574,0.5415828,0.5177314
gait_20260920_035116_owner_phone_shake_1,owner_phone_shake_1,2533326599190591,2026-09-20T03:51:26.937062Z,5.8910828,12.1328411,2.4012346,-1.0147390,0.2957234,0.5086102,4.7630410,8.4608774,1.4011146,0.6242440,0.1934327,0.5493654,0.5206736
gait_20260920_035116_owner_phone_shake_1,owner_phone_shake_1,2533326619359944,2026-09-20T03:51:26.957197Z,5.4346881,11.5305500,2.4268227,-0.7711757,0.2506413,0.3257504,4.8330708,8.3863220,1.5959800,0.6183449,0.1865991,0.5555167,0.5236712
gait_20260920_035116_owner_phone_shake_1,owner_phone_shake_1,2533326639502765,2026-09-20T03:51:26.977235Z,5.2804117,11.2641201,2.4536078,-0.4811979,0.1509510,0.2104221,4.8735909,8.3338604,1.7409711,0.6137175,0.1820317,0.5598757,0.5260747
gait_20260920_035116_owner_phone_shake_1,owner_phone_shake_1,2533326659672240,2026-09-20T03:51:26.997138Z,5.2965727,11.1505451,2.3692870,-0.1939014,-0.0014822,0.1047864,4.8995023,8.3006773,1.8247617,0.6110721,0.1791893,0.5624058,0.5274295
gait_20260920_035116_owner_phone_shake_1,owner_phone_shake_1,2533326679864907,2026-09-20T03:51:27.017374Z,5.1419225,10.9406042,1.9849428,0.0732272,-0.1015055,-0.0101922,4.9132266,8.2880440,1.8451662,0.6106306,0.1777932,0.5628904,0.5278962
gait_20260920_035116_owner_phone_shake_1,owner_phone_shake_1,2533326700008992,2026-09-20T03:51:27.037914Z,5.0453310,10.9422503,1.6639702,0.2713754,-0.1390435,-0.0994738,4.9110069,8.2964344,1.8130971,0.6118751,0.1781154,0.5617483,0.5275630
gait_20260920_035116_owner_phone_shake_1,owner_phone_shake_1,2533326720202472,2026-09-20T03:51:27.057931Z,5.0961332,11.1326637,1.2759598,0.4146156,-0.1691870,-0.1864238,4.8955126,8.3197775,1.7468253,0.6141230,0.1798556,0.5596303,0.5266108
gait_20260920_035116_owner_phone_shake_1,owner_phone_shake_1,2533326740371010,2026-09-20T03:51:27.077899Z,5.0195937,11.4387474,0.8420856,0.4636114,-0.1572295,-0.2921261,4.8655076,8.3560772,1.6549661,0.6170740,0.1827509,0.5565922,0.5253827
gait_20260920_035116_owner_phone_shake_1,owner_phone_shake_1,2533326760539265,2026-09-20T03:51:27.098351Z,5.1966147,11.8584061,0.9633669,0.3971124,-0.0551078,-0.3773442,4.8163452,8.4026184,1.5604330,0.6198253,0.1865868,0.5530751,0.5245091
gait_20260920_035116_owner_phone_shake_1,owner_phone_shake_1,2533326780707965,2026-09-20T03:51:27.118159Z,5.5316534,12.1353102,1.3350667,0.3251508,0.0785232,-0.4913068,4.7489438,8.4534159,1.4911108,0.6213058,0.1910836,0.5499880,0.5243847
gait_20260920_035116_owner_phone_shake_1,owner_phone_shake_1,2533326800876138,2026-09-20T03:51:27.138306Z,5.8257661,12.2904100,1.7437270,0.3457850,0.1743997,-0.6458884,4.6564803,8.5124712,1.4460802,0.6214131,0.1966703,0.5472363,0.5250706
gait_20260920_035116_owner_phone_shake_1,owner_phone_shake_1,2533326821018594,2026-09-20T03:51:27.158901Z,6.1790605,12.4381771,2.0586393,0.4688574,0.1369451,-0.8114948,4.5336905,8.5859156,1.4013636,0.6209217,0.2038966,0.5440613,0.5261938
gait_20260920_035116_owner_phone_shake_1,owner_phone_shake_1,2533326841214232,2026-09-20T03:51:27.179081Z,6.3992524,12.2500830,2.2931216,0.6124307,0.0090431,-1.0349902,4.3828893,8.6756496,1.3264737,0.6211000,0.2125403,0.5392864,0.5274767
gait_20260920_035116_owner_phone_shake_1,owner_phone_shake_1,2533326861383136,2026-09-20T03:51:27.198950Z,6.3159790,11.7966061,2.5585785,0.7409655,-0.0515438,-1.2861145,4.1931825,8.7852707,1.2134084,0.6221884,0.2226792,0.5320658,0.5293408
gait_20260920_035116_owner_phone_shake_1,owner_phone_shake_1,2533326881550738,2026-09-20T03:51:27.219042Z,5.9902925,10.9245930,2.6602573,0.8759121,-0.0612198,-1.5393870,3.9577880,8.9117804,1.0734137,0.6234912,0.2347359,0.5228617,0.5317644
gait_20260920_035116_owner_phone_shake_1,owner_phone_shake_1,2533326901719440,2026-09-20T03:51:27.239302Z,4.9506855,9.8254299,2.2990322,1.0360228,-0.0632349,-1.7656304,3.6727908,9.0512390,0.9065313,0.6247672,0.2490308,0.5118073,0.5345118
gait_20260920_035116_owner_phone_shake_1,owner_phone_shake_1,2533326921888425,2026-09-20T03:51:27.259360Z,3.8379800,8.6731453,1.6624738,1.1424912,-0.0655664,-1.8880032,3.3438892,9.1952629,0.7082844,0.6261254,0.2653766,0.4990007,0.5371599
gait_20260920_035116_owner_phone_shake_1,owner_phone_shake_1,2533326942057331,2026-09-20T03:51:27.279443Z,2.7652280,7.3677816,0.9467571,1.1637082,0.0167538,-1.9427114,3.1722000,9.2548409,0.7219423,0.6226072,0.2726681,0.4957641,0.5405834
gait_20260920_035116_owner_phone_shake_1,owner_phone_shake_1,2533326962225584,2026-09-20T03:51:27.300102Z,1.2978070,6.0823946,0.1756745,1.1379447,0.1530660,-1.9478574,2.8058193,9.3865499,0.5061508,0.6232223,0.2908320,0.4820857,0.5427744
gait_20260920_035116_owner_phone_shake_1,owner_phone_shake_1,2533326982394285,2026-09-20T03:51:27.320250Z,-0.1608604,4.9115553,-0.6506991,1.0698968,0.2544051,-1.8121281,2.4342766,9.4984369,0.3002294,0.6226867,0.3094362,0.4691291,0.5444525
gait_20260920_035116_owner_phone_shake_1,owner_phone_shake_1,2533327002562457,2026-09-20T03:51:27.340300Z,-1.3044659,3.9930048,-1.4481927,0.9873267,0.2768046,-1.5521606,2.0878012,9.5846577,0.1073771,0.6215295,0.3271485,0.4575313,0.5452890
gait_20260920_035116_owner_phone_shake_1,owner_phone_shake_1,2533327022730508,2026-09-20T03:51:27.360366Z,-2.1685481,3.5598786,-2.1128082,0.8621727,0.1786797,-1.2149689,1.7909857,9.6448402,-0.0745421,0.6205938,0.3427351,0.4474469,0.5451490
gait_20260920_035116_owner_phone_shake_1,owner_phone_shake_1,2533327042873614,2026-09-20T03:51:27.380383Z,-2.6253171,3.3345244,-2.3271639,0.6375948,0.0475636,-0.7930423,1.5603422,9.6822023,-0.2374484,0.6204891,0.3548326,0.4388382,0.5445258
gait_20260920_035116_owner_phone_shake_1,owner_phone_shake_1,2533327063068275,2026-09-20T03:51:27.400464Z,-2.4973021,2.9884126,-2.2162077,0.3647039,-0.0096426,-0.3660362,1.4127573,9.7011185,-0.3585302,0.6210846,0.3624117,0.4325655,0.5438738
gait_20260920_035116_owner_phone_shake_1,owner_phone_shake_1,2533327083226886,2026-09-20T03:51:27.420861Z,-2.6033204,2.7135284,-2.2596028,0.1069847,0.0360724,-0.0202012,1.3467693,9.7077370,-0.4267813,0.6218300,0.3659208,0.4293301,0.5432358
gait_20260920_035116_owner_phone_shake_1,owner_phone_shake_1,2533327103405149,2026-09-20T03:51:27.441153Z,-2.7822869,2.6796355,-2.4261494,-0.1138627,0.0546914,0.3444860,1.3465461,9.7069817,-0.4443633,0.6221732,0.3665658,0.4292051,0.5425062
gait_20260920_035116_owner_phone_shake_1,owner_phone_shake_1,2533327123573525,2026-09-20T03:51:27.461249Z,-2.5793781,3.0752025,-2.4108863,-0.3104121,-0.0662326,0.7734906,1.4190277,9.6977329,-0.4200593,0.6226966,0.3639826,0.4319270,0.5414841
gait_20260920_035116_owner_phone_shake_1,owner_phone_shake_1,2533327143742470,2026-09-20T03:51:27.481402Z,-1.2681787,3.9101055,-1.6698809,-0.5078942,-0.2868468,1.2529899,1.5770707,9.6756277,-0.3622432,0.6244166,0.3569206,0.4368264,0.5402725
gait_20260920_035116_owner_phone_shake_1,owner_phone_shake_1,2533327163885577,2026-09-20T03:51:27.508471Z,0.3980360,4.9986444,-0.8256255,-0.6695369,-0.3868702,1.6322159,1.8296443,9.6340170,-0.2724686,0.6276760,0.3445783,0.4437068,0.5388998
gait_20260920_035116_owner_phone_shake_1,owner_phone_shake_1,2533327184066160,2026-09-20T03:51:27.521732Z,2.0786159,6.2526822,-0.2908955,-0.7925094,-0.3732140,1.8541958,2.1543796,9.5692520,-0.1555143,0.6314826,0.3285990,0.4526394,0.5370010
gait_20260920_035116_owner_phone_shake_1,owner_phone_shake_1,2533327194138914,2026-09-20T03:51:27.531561Z,2.9261634,6.9753571,0.0395791,-0.7925094,-0.3732140,1.8541958,2.5160594,9.4818411,-0.0162950,0.6348552,0.3108176,0.4631137,0.5346747
gait_20260920_035116_owner_phone_shake_1,owner_phone_shake_1,2533327204222206,2026-09-20T03:51:27.541857Z,3.0490158,7.3879080,0.2199673,-0.9320691,-0.2779204,1.8790268,2.5160594,9.4818411,-0.0162950,0.6348552,0.3108176,0.4631137,0.5346747
gait_20260920_035116_owner_phone_shake_1,owner_phone_shake_1,2533327214332313,2026-09-20T03:51:27.551741Z,3.0244005,7.7703815,0.3225439,-0.9320691,-0.2779204,1.8790268,2.8749750,9.3780289,0.1522937,0.6366312,0.2928382,0.4745544,0.5326769
gait_20260920_035116_owner_phone_shake_1,owner_phone_shake_1,2533327224391070,2026-09-20T03:51:27.562456Z,3.1797991,8.1601877,0.4640262,-1.0387207,-0.0908304,1.8647543,2.8749750,9.3780289,0.1522937,0.6366312,0.2928382,0.4745544,0.5326769
gait_20260920_035116_owner_phone_shake_1,owner_phone_shake_1,2533327234500771,2026-09-20T03:51:27.572021Z,3.4770541,8.6206226,0.6294506,-1.0387207,-0.0908304,1.8647543,3.2266445,9.2576427,0.3477678,0.6365875,0.2754015,0.4872484,0.5305652
gait_20260920_035116_owner_phone_shake_1,owner_phone_shake_1,2533327244585284,2026-09-20T03:51:27.582077Z,3.8213704,9.1350021,0.8895208,-1.1182598,0.0410019,1.9082711,3.2266445,9.2576427,0.3477678,0.6365875,0.2754015,0.4872484,0.5305652
gait_20260920_035116_owner_phone_shake_1,owner_phone_shake_1,2533327254669472,2026-09-20T03:51:27.592234Z,4.2359414,9.7366943,1.1728595,-1.1182598,0.0410019,1.9082711,3.5815556,9.1155434,0.5616344,0.6354112,0.2577613,0.5009007,0.5281195
gait_20260920_035116_owner_phone_shake_1,owner_phone_shake_1,2533327264753660,2026-09-20T03:51:27.602180Z,4.8897829,10.3789396,1.3926772,-1.1460718,0.0374213,1.9201286,3.5815556,9.1155434,0.5616344,0.6354112,0.2577613,0.5009007,0.5281195
gait_20260920_035116_owner_phone_shake_1,owner_phone_shake_1,2533327274832109,2026-09-20T03:51:27.612400Z,5.7260327,11.0775976,1.6395044,-1.1460718,0.0374213,1.9201286,3.9317074,8.9542837,0.7736791,0.6339637,0.2397313,0.5142100,0.5255542
gait_20260920_035116_owner_phone_shake_1,owner_phone_shake_1,2533327284922808,2026-09-20T03:51:27.622425Z,6.5249476,11.7631617,1.9277812,-1.1122644,-0.0188689,1.8836899,3.9317074,8.9542837,0.7736791,0.6339637,0.2397313,0.5142100,0.5255542
gait_20260920_035116_owner_phone_shake_1,owner_phone_shake_1,2533327295007647,2026-09-20T03:51:27.632749Z,7.1467667,12.2969942,2.2731450,-1.1122644,-0.0188689,1.8836899,4.2660232,8.7805233,0.9693199,0.6325887,0.2219030,0.5265108,0.5228547
gait_20260920_035116_owner_phone_shake_1,owner_phone_shake_1,2533327305090411,2026-09-20T03:51:27.642915Z,7.4601827,12.6476698,2.5130887,-1.0285119,0.0427506,1.6915038,4.2660232,8.7805233,0.9693199,0.6325887,0.2219030,0.5265108,0.5228547
gait_20260920_035116_owner_phone_shake_1,owner_phone_shake_1,2533327315174964,2026-09-20T03:51:27.652957Z,7.3608985,12.8519249,2.5389013,-1.0285119,0.0427506,1.6915038,4.5537457,8.6124077,1.1514904,0.6305273,0.2063033,0.5377246,0.5203140
gait_20260920_035116_owner_phone_shake_1,owner_phone_shake_1,2533327325259722,2026-09-20T03:51:27.663319Z,7.2729115,12.9984207,2.3465421,-0.8470509,0.1036872,1.3548118,4.5537457,8.6124077,1.1514904,0.6305273,0.2063033,0.5377246,0.5203140
gait_20260920_035116_owner_phone_shake_1,owner_phone_shake_1,2533327335343707,2026-09-20T03:51:27.673435Z,7.1034470,13.1879368,2.1842601,-0.8470509,0.1036872,1.3548118,4.7736325,8.4707136,1.3021393,0.6282689,0.1942356,0.5468417,0.5181842
gait_20260920_035116_owner_phone_shake_1,owner_phone_shake_1,2533327345428179,2026-09-20T03:51:27.683039Z,7.0022168,13.3646584,2.1588964,-0.6707526,0.0978417,1.0604874,4.7736325,8.4707136,1.3021393,0.6282689,0.1942356,0.5468417,0.5181842
gait_20260920_035116_owner_phone_shake_1,owner_phone_shake_1,2533327355511960,2026-09-20T03:51:27.692942Z,7.0741925,13.4494276,2.1188686,-0.6707526,0.0978417,1.0604874,4.9417329,8.3545628,1.4200934,0.6263221,0.1848248,0.5539239,0.5164579
gait_20260920_035116_owner_phone_shake_1,owner_phone_shake_1,2533327365570839,2026-09-20T03:51:27.703091Z,7.1993647,13.3739357,1.9818753,-0.5287781,0.0680312,0.8330950,4.9417329,8.3545628,1.4200934,0.6263221,0.1848248,0.5539239,0.5164579
gait_20260920_035116_owner_phone_shake_1,owner_phone_shake_1,2533327375680295,2026-09-20T03:51:27.713095Z,7.1350203,13.1465616,1.8062755,-0.5287781,0.0680312,0.8330950,5.0711584,8.2607222,1.5099529,0.6248146,0.1773936,0.5592905,0.5151044
gait_20260920_035116_owner_phone_shake_1,owner_phone_shake_1,2533327385764727,2026-09-20T03:51:27.723569Z,6.8832550,12.8486328,1.6277579,-0.3925825,0.0301103,0.5713788,5.0711584,8.2607222,1.5099529,0.6248146,0.1773936,0.5592905,0.5151044
gait_20260920_035116_owner_phone_shake_1,owner_phone_shake_1,2533327395849647,2026-09-20T03:51:27.733692Z,6.4525232,12.4442377,1.4356980,-0.3925825,0.0301103,0.5713788,5.1556315,8.1965008,1.5725707,0.6237053,0.1722321,0.5627422,0.5144406
gait_20260920_035116_owner_phone_shake_1,owner_phone_shake_1,2533327405939613,2026-09-20T03:51:27.744196Z,5.9452519,11.9980183,1.2584523,-0.2646139,0.0118742,0.2908271,5.1556315,8.1965008,1.5725707,0.6237053,0.1722321,0.5627422,0.5144406
gait_20260920_035116_owner_phone_shake_1,owner_phone_shake_1,2533327416017535,2026-09-20T03:51:27.754125Z,5.4659624,11.5615253,1.1663504,-0.2646139,0.0118742,0.2908271,5.1938415,8.1645422,1.6125686,0.6228353,0.1694460,0.5643993,0.5146044
gait_20260920_035116_owner_phone_shake_1,owner_phone_shake_1,2533327426076779,2026-09-20T03:51:27.763357Z,5.0850601,11.2077074,1.1716624,-0.2011292,-0.0118742,0.0931286,5.1938415,8.1645422,1.6125686,0.6228353,0.1694460,0.5643993,0.5146044
gait_20260920_035116_owner_phone_shake_1,owner_phone_shake_1,2533327436186276,2026-09-20T03:51:27.773649Z,4.8936734,10.9567652,1.2097452,-0.2011292,-0.0118742,0.0931286,5.2031474,8.1528816,1.6413053,0.6220623,0.1679630,0.5648791,0.5154984
gait_20260920_035116_owner_phone_shake_1,owner_phone_shake_1,2533327446271156,2026-09-20T03:51:27.784011Z,4.8101010,10.7942581,1.2045827,-0.1541819,-0.0256470,0.0059454,5.2031474,8.1528816,1.6413053,0.6220623,0.1679630,0.5648791,0.5154984
gait_20260920_035116_owner_phone_shake_1,owner_phone_shake_1,2533327456354692,2026-09-20T03:51:27.793941Z,4.7298951,10.6759701,1.2279263,-0.1541819,-0.0256470,0.0059454,5.2009511,8.1502962,1.6609912,0.6214756,0.1671519,0.5648350,0.5165169
gait_20260920_035116_owner_phone_shake_1,owner_phone_shake_1,2533327466439043,2026-09-20T03:51:27.804174Z,4.7618427,10.6283102,1.2701988,-0.0787896,-0.0262965,-0.0487959,5.2009511,8.1502962,1.6609912,0.6214756,0.1671519,0.5648350,0.5165169
gait_20260920_035116_owner_phone_shake_1,owner_phone_shake_1,2533327476523231,2026-09-20T03:51:27.814129Z,4.8070331,10.6451445,1.2885294,-0.0787896,-0.0262965,-0.0487959,5.1902590,8.1558065,1.6673851,0.6212229,0.1671225,0.5643821,0.5173250
gait_20260920_035116_owner_phone_shake_1,owner_phone_shake_1,2533327486607989,2026-09-20T03:51:27.824179Z,4.8368859,10.6535244,1.2936171,0.0191520,-0.0466809,-0.1110482,5.1902590,8.1558065,1.6673851,0.6212229,0.1671225,0.5643821,0.5173250
gait_20260920_035116_owner_phone_shake_1,owner_phone_shake_1,2533327496691932,2026-09-20T03:51:27.834711Z,4.9402108,10.7959042,1.3647698,0.0191520,-0.0466809,-0.1110482,5.1698942,8.1712465,1.6550035,0.6215127,0.1679357,0.5632859,0.5179079
gait_20260920_035116_owner_phone_shake_1,owner_phone_shake_1,2533327506775998,2026-09-20T03:51:27.844433Z,5.1419225,11.0412350,1.5287726,0.1077841,-0.0623189,-0.1746495,5.1698942,8.1712465,1.6550035,0.6215127,0.1679357,0.5632859,0.5179079
gait_20260920_035116_owner_phone_shake_1,owner_phone_shake_1,2533327516860511,2026-09-20T03:51:27.854569Z,5.3270988,11.2972651,1.6709284,0.1077841,-0.0623189,-0.1746495,5.1397290,8.1958885,1.6268739,0.6222274,0.1695547,0.5616310,0.5183195
gait_20260920_035116_owner_phone_shake_1,owner_phone_shake_1,2533327526945105,2026-09-20T03:51:27.864771Z,5.5012770,11.5948944,1.6957681,0.2169504,-0.0667822,-0.2291078,5.1397290,8.1958885,1.6268739,0.6222274,0.1695547,0.5616310,0.5183195
gait_20260920_035116_owner_phone_shake_1,owner_phone_shake_1,2533327537028765,2026-09-20T03:51:27.874982Z,5.6355767,11.8779335,1.6199768,0.2169504,-0.0667822,-0.2291078,5.1003804,8.2296324,1.5796844,0.6234453,0.1721576,0.5594841,0.5183197
gait_20260920_035116_owner_phone_shake_1,owner_phone_shake_1,2533327547094154,2026-09-20T03:51:27.885416Z,5.8128223,12.1562595,1.5601965,0.3448358,-0.0542584,-0.3179896,5.1003804,8.2296324,1.5796844,0.6234453,0.1721576,0.5594841,0.5183197
gait_20260920_035116_owner_phone_shake_1,owner_phone_shake_1,2533327557197385,2026-09-20T03:51:27.895205Z,6.1188312,12.4253826,1.6653169,0.3448358,-0.0542584,-0.3179896,5.0446930,8.2763653,1.5129385,0.6250609,0.1761385,0.5567154,0.5180174
gait_20260920_035116_owner_phone_shake_1,owner_phone_shake_1,2533327567269446,2026-09-20T03:51:27.905220Z,6.4465375,12.6888952,1.9080291,0.4194952,-0.0239150,-0.4197617,5.0446930,8.2763653,1.5129385,0.6250609,0.1761385,0.5567154,0.5180174
gait_20260920_035116_owner_phone_shake_1,owner_phone_shake_1,2533327577366248,2026-09-20T03:51:27.915340Z,6.7975874,12.8832741,2.2061071,0.4194952,-0.0239150,-0.4197617,4.9702144,8.3345213,1.4383514,0.6266255,0.1813008,0.5534778,0.5178155
gait_20260920_035116_owner_phone_shake_1,owner_phone_shake_1,2533327587425656,2026-09-20T03:51:27.925355Z,7.1198320,13.0739870,2.5394998,0.4938216,-0.0065117,-0.5760086,4.9702144,8.3345213,1.4383514,0.6266255,0.1813008,0.5534778,0.5178155
gait_20260920_035116_owner_phone_shake_1,owner_phone_shake_1,2533327597541337,2026-09-20T03:51:27.935334Z,7.4072113,13.0546093,2.8840404,0.4938216,-0.0065117,-0.5760086,4.8667793,8.4096804,1.3519827,0.6281601,0.1880121,0.5493186,0.5179919
gait_20260920_035116_owner_phone_shake_1,owner_phone_shake_1,2533327607594275,2026-09-20T03:51:27.945199Z,7.6252332,12.8927011,3.0933087,0.6356296,0.0279119,-0.7982216,4.8667793,8.4096804,1.3519827,0.6281601,0.1880121,0.5493186,0.5179919
gait_20260920_035116_owner_phone_shake_1,owner_phone_shake_1,2533327617700029,2026-09-20T03:51:27.955815Z,7.6779056,12.6214828,3.0636055,0.6356296,0.0279119,-0.7982216,4.7215524,8.5088015,1.2423159,0.6297768,0.1972476,0.5438625,0.5183514
gait_20260920_035116_owner_phone_shake_1,owner_phone_shake_1,2533327627790850,2026-09-20T03:51:27.965969Z,7.3473563,12.1666594,2.7306619,0.8658864,0.0906972,-1.1003401,4.7215524,8.5088015,1.2423159,0.6297768,0.1972476,0.5438625,0.5183514
gait_20260920_035116_owner_phone_shake_1,owner_phone_shake_1,2533327637871904,2026-09-20T03:51:27.975480Z,6.7320461,11.6625309,2.3160160,0.8658864,0.0906972,-1.1003401,4.5192032,8.6378431,1.0957133,0.6315605,0.2100771,0.5366304,0.5186779
gait_20260920_035116_owner_phone_shake_1,owner_phone_shake_1,2533327647957353,2026-09-20T03:51:27.985811Z,6.2082400,11.1836901,1.9607763,1.0652504,0.1445059,-1.4069219,4.5192032,8.6378431,1.0957133,0.6315605,0.2100771,0.5366304,0.5186779
gait_20260920_035116_owner_phone_shake_1,owner_phone_shake_1,2533327658040199,2026-09-20T03:51:27.995909Z,5.7552867,10.6764183,1.7031752,1.0652504,0.1445059,-1.4069219,4.2603946,8.7888145,0.9175527,0.6332456,0.2260218,0.5276036,0.5191807
gait_20260920_035116_owner_phone_shake_1,owner_phone_shake_1,2533327668126176,2026-09-20T03:51:28.005792Z,5.4120932,10.1026335,1.6067338,1.1522504,0.1448723,-1.6143130,4.2603946,8.7888145,0.9175527,0.6332456,0.2260218,0.5276036,0.5191807
gait_20260920_035116_owner_phone_shake_1,owner_phone_shake_1,2533327678205156,2026-09-20T03:51:28.016358Z,5.0591726,9.4452009,1.5319898,1.1522504,0.1448723,-1.6143130,3.9644907,8.9441051,0.7224481,0.6346739,0.2433590,0.5171766,0.5200903
gait_20260920_035116_owner_phone_shake_1,owner_phone_shake_1,2533327688294674,2026-09-20T03:51:28.025842Z,4.5731497,8.7553711,1.3759927,1.1865574,0.1101656,-1.7728581,3.9644907,8.9441051,0.7224481,0.6346739,0.2433590,0.5171766,0.5200903
gait_20260920_035116_owner_phone_shake_1,owner_phone_shake_1,2533327698378903,2026-09-20T03:51:28.036288Z,3.9839516,8.0437698,1.1341783,1.1865574,0.1101656,-1.7728581,3.6425681,9.0938044,0.5200941,0.6357036,0.2612725,0.5056922,0.5214337
gait_20260920_035116_owner_phone_shake_1,owner_phone_shake_1,2533327708461707,2026-09-20T03:51:28.046113Z,3.3434279,7.3389764,0.7365163,1.2486099,0.1175599,-1.9099364,3.6425681,9.0938044,0.5200941,0.6357036,0.2612725,0.5056922,0.5214337
gait_20260920_035116_owner_phone_shake_1,owner_phone_shake_1,2533327718546261,2026-09-20T03:51:28.056514Z,2.6526258,6.6697221,0.2069488,1.2486099,0.1175599,-1.9099364,3.2860351,9.2385101,0.2967024,0.6364318,0.2805854,0.4929411,0.5227194
gait_20260920_035116_owner_phone_shake_1,owner_phone_shake_1,2533327728631059,2026-09-20T03:51:28.066301Z,1.8810943,5.9931359,-0.3819500,1.2999372,0.1824602,-1.9638784,3.2860351,9.2385101,0.2967024,0.6364318,0.2805854,0.4929411,0.5227194
gait_20260920_035116_owner_phone_shake_1,owner_phone_shake_1,2533327738714921,2026-09-20T03:51:28.076375Z,1.0636241,5.2927570,-0.9008184,1.2999372,0.1824602,-1.9638784,2.9166703,9.3661661,0.0638194,0.6366084,0.3006322,0.4800013,0.5234013
gait_20260920_035116_owner_phone_shake_1,owner_phone_shake_1,2533327748818925,2026-09-20T03:51:28.086393Z,0.2767548,4.6534305,-1.3611037,1.2651138,0.2350199,-1.9215775,2.9166703,9.3661661,0.0638194,0.6366084,0.3006322,0.4800013,0.5234013
gait_20260920_035116_owner_phone_shake_1,owner_phone_shake_1,2533327758882850,2026-09-20T03:51:28.096791Z,-0.4963479,4.0692449,-1.7496377,1.2651138,0.2350199,-1.9215775,2.5535903,9.4704056,-0.1634537,0.6361718,0.3201981,0.4674624,0.5236770
gait_20260920_035116_owner_phone_shake_1,owner_phone_shake_1,2533327768968747,2026-09-20T03:51:28.106914Z,-1.1752537,3.5627966,-2.1135564,1.1340976,0.2351698,-1.7519741,2.5535903,9.4704056,-0.1634537,0.6361718,0.3201981,0.4674624,0.5236770
gait_20260920_035116_owner_phone_shake_1,owner_phone_shake_1,2533327779052079,2026-09-20T03:51:28.116708Z,-1.7134254,3.1304936,-2.4595184,1.1340976,0.2351698,-1.7519741,2.2208323,9.5481358,-0.3703288,0.6353397,0.3378421,0.4559478,0.5237536
gait_20260920_035116_owner_phone_shake_1,owner_phone_shake_1,2533327789137040,2026-09-20T03:51:28.127124Z,-2.1841853,2.8919711,-2.7228806,0.9218270,0.2140027,-1.4385976,2.2208323,9.5481358,-0.3703288,0.6353397,0.3378421,0.4559478,0.5237536
gait_20260920_035116_owner_phone_shake_1,owner_phone_shake_1,2533327799197059,2026-09-20T03:51:28.137137Z,-2.5389762,2.7672482,-2.8504467,0.9218270,0.2140027,-1.4385976,1.9494467,9.5992069,-0.5394408,0.6343817,0.3521090,0.4465293,0.5236321
gait_20260920_035116_owner_phone_shake_1,owner_phone_shake_1,2533327809306392,2026-09-20T03:51:28.147028Z,-2.7183168,2.6728270,-2.8210430,0.6365122,0.1423243,-1.0172205,1.9494467,9.5992069,-0.5394408,0.6343817,0.3521090,0.4465293,0.5236321
gait_20260920_035116_owner_phone_shake_1,owner_phone_shake_1,2533327819389604,2026-09-20T03:51:28.157363Z,-2.7626095,2.5214684,-2.6527007,0.6365122,0.1423243,-1.0172205,1.7598224,9.6285686,-0.6556085,0.6335979,0.3618031,0.4398333,0.5236401
gait_20260920_035116_owner_phone_shake_1,owner_phone_shake_1,2533327829473426,2026-09-20T03:51:28.167760Z,-2.6543467,2.3726540,-2.4609401,0.2940913,0.0770243,-0.5476637,1.7598224,9.6285686,-0.6556085,0.6335979,0.3618031,0.4398333,0.5236401
gait_20260920_035116_owner_phone_shake_1,owner_phone_shake_1,2533327839557369,2026-09-20T03:51:28.177660Z,-2.6086323,2.2331169,-2.3502831,0.2940913,0.0770243,-0.5476637,1.6604521,9.6425867,-0.7068045,0.6329015,0.3666022,0.4364658,0.5239619
gait_20260920_035116_owner_phone_shake_1,owner_phone_shake_1,2533327849619869,2026-09-20T03:51:28.187363Z,-2.5472810,2.2046857,-2.2635682,-0.0044133,0.0585218,-0.1079340,1.6604521,9.6425867,-0.7068045,0.6329015,0.3666022,0.4364658,0.5239619
gait_20260920_035116_owner_phone_shake_1,owner_phone_shake_1,2533327859725785,2026-09-20T03:51:28.197502Z,-2.4399159,2.2911015,-2.0955250,-0.0044133,0.0585218,-0.1079340,1.6450189,9.6455488,-0.7024465,0.6323263,0.3672957,0.4363616,0.5242574
gait_20260920_035116_owner_phone_shake_1,owner_phone_shake_1,2533327869811642,2026-09-20T03:51:28.208237Z,-2.1741595,2.4183681,-1.8805707,-0.2425142,0.0028312,0.3257337,1.6450189,9.6455488,-0.7024465,0.6323263,0.3672957,0.4363616,0.5242574
gait_20260920_035116_owner_phone_shake_1,owner_phone_shake_1,2533327879894894,2026-09-20T03:51:28.218080Z,-1.7818847,2.5659857,-1.6547675,-0.2425142,0.0028312,0.3257337,1.7131901,9.6370125,-0.6550531,0.6324182,0.3638353,0.4389879,0.5243671
gait_20260920_035116_owner_phone_shake_1,owner_phone_shake_1,2533327889978837,2026-09-20T03:51:28.227956Z,-1.4189386,2.7791445,-1.4998926,-0.4539521,-0.1062686,0.7446128,1.7131901,9.6370125,-0.6550531,0.6324182,0.3638353,0.4389879,0.5243671
gait_20260920_035116_owner_phone_shake_1,owner_phone_shake_1,2533327900076005,2026-09-20T03:51:28.237692Z,-1.0402806,3.0914381,-1.3678373,-0.4539521,-0.1062686,0.7446128,1.8614495,9.6148481,-0.5708023,0.6334015,0.3561423,0.4438675,0.5243537
gait_20260920_035116_owner_phone_shake_1,owner_phone_shake_1,2533327910147498,2026-09-20T03:51:28.247870Z,-0.4471172,3.5400517,-1.1838579,-0.6447892,-0.2026281,1.1306336,1.8614495,9.6148481,-0.5708023,0.6334015,0.3561423,0.4438675,0.5243537
gait_20260920_035116_owner_phone_shake_1,owner_phone_shake_1,2533327920231970,2026-09-20T03:51:28.257949Z,0.2204162,4.0105124,-0.8904186,-0.6447892,-0.2026281,1.1306336,2.0859187,9.5749598,-0.4529967,0.6350989,0.3444973,0.4509312,0.5240535
gait_20260920_035116_owner_phone_shake_1,owner_phone_shake_1,2533327930316036,2026-09-20T03:51:28.268150Z,0.8984990,4.5276599,-0.5636100,-0.8243350,-0.2634981,1.4998673,2.0859187,9.5749598,-0.4529967,0.6350989,0.3444973,0.4509312,0.5240535
gait_20260920_035116_owner_phone_shake_1,owner_phone_shake_1,2533327940399980,2026-09-20T03:51:28.278376Z,1.4151229,5.0659065,-0.3626467,-0.8243350,-0.2634981,1.4998673,2.3824871,9.5114698,-0.3030290,0.6371741,0.3292291,0.4602352,0.5232599
gait_20260920_035116_owner_phone_shake_1,owner_phone_shake_1,2533327950484290,2026-09-20T03:51:28.288395Z,1.9850177,5.6124578,-0.2519149,-0.9416451,-0.2500917,1.7690277,2.3824871,9.5114698,-0.3030290,0.6371741,0.3292291,0.4602352,0.5232599
gait_20260920_035116_owner_phone_shake_1,owner_phone_shake_1,2533327960568355,2026-09-20T03:51:28.298402Z,2.5324669,6.2460232,-0.1691653,-0.9416451,-0.2500917,1.7690277,2.7287016,9.4219160,-0.1333879,0.6391850,0.3117304,0.4713092,0.5216650
gait_20260920_035116_owner_phone_shake_1,owner_phone_shake_1,2533327970654049,2026-09-20T03:51:28.308693Z,3.1826422,6.9573255,-0.0855179,-0.9719885,-0.2335377,1.9394804,2.7287016,9.4219160,-0.1333879,0.6391850,0.3117304,0.4713092,0.5216650
gait_20260920_035116_owner_phone_shake_1,owner_phone_shake_1,2533327980737179,2026-09-20T03:51:28.318566Z,3.7229836,7.6781301,-0.0173580,-0.9719885,-0.2335377,1.9394804,3.1005158,9.3070717,0.0364089,0.6412163,0.2931174,0.4831039,0.5191672
gait_20260920_035116_owner_phone_shake_1,owner_phone_shake_1,2533327990821447,2026-09-20T03:51:28.329203Z,4.0652046,8.3976622,0.0606780,-0.9502552,-0.2450955,1.9888760,3.1005158,9.3070717,0.0364089,0.6412163,0.2931174,0.4831039,0.5191672
gait_20260920_035116_owner_phone_shake_1,owner_phone_shake_1,2533328000905798,2026-09-20T03:51:28.338639Z,4.3563247,9.0775414,0.0940472,-0.9502552,-0.2450955,1.9888760,3.4739745,9.1721983,0.1959215,0.6432366,0.2742075,0.4946389,0.5161290
gait_20260920_035116_owner_phone_shake_1,owner_phone_shake_1,2533328010989986,2026-09-20T03:51:28.348446Z,4.6320319,9.7861500,0.1284639,-0.9128838,-0.2459948,1.9475409,3.4739745,9.1721983,0.1959215,0.6432366,0.2742075,0.4946389,0.5161290
gait_20260920_035116_owner_phone_shake_1,owner_phone_shake_1,2533328021074825,2026-09-20T03:51:28.359030Z,5.0484734,10.4913168,0.1714099,-0.9128838,-0.2459948,1.9475409,3.8311322,9.0244150,0.3442589,0.6449506,0.2557676,0.5055278,0.5128971
gait_20260920_035116_owner_phone_shake_1,owner_phone_shake_1,2533328031158605,2026-09-20T03:51:28.368895Z,5.7413707,11.1979055,0.2818424,-0.9028581,-0.2563036,1.9053233,3.8311322,9.0244150,0.3442589,0.6449506,0.2557676,0.5055278,0.5128971
gait_20260920_035116_owner_phone_shake_1,owner_phone_shake_1,2533328041242794,2026-09-20T03:51:28.378758Z,6.4582095,11.8355865,0.5347300,-0.9028581,-0.2563036,1.9053233,4.1757021,8.8636150,0.4857534,0.6463701,0.2374233,0.5158525,0.5096392
gait_20260920_035116_owner_phone_shake_1,owner_phone_shake_1,2533328051313798,2026-09-20T03:51:28.389324Z,6.8293109,12.3095636,0.8764275,-0.9339510,-0.2765214,1.7894121,4.1757021,8.8636150,0.4857534,0.6463701,0.2374233,0.5158525,0.5096392
gait_20260920_035116_owner_phone_shake_1,owner_phone_shake_1,2533328061411128,2026-09-20T03:51:28.399517Z,7.0827222,12.5670900,1.1505636,-0.9339510,-0.2765214,1.7894121,4.4900565,8.6994886,0.6280208,0.6470535,0.2196181,0.5252264,0.5071755
gait_20260920_035116_owner_phone_shake_1,owner_phone_shake_1,2533328071495682,2026-09-20T03:51:28.409974Z,7.0360351,12.7111158,1.4760253,-0.9465913,-0.2053760,1.5142562,4.4900565,8.6994886,0.6280208,0.6470535,0.2196181,0.5252264,0.5071755
gait_20260920_035116_owner_phone_shake_1,owner_phone_shake_1,2533328081580196,2026-09-20T03:51:28.419302Z,6.8538513,12.7975321,1.7258453,-0.9465913,-0.2053760,1.5142562,4.7461939,8.5503836,0.7750689,0.6463377,0.2041116,0.5334681,0.5059624
gait_20260920_035116_owner_phone_shake_1,owner_phone_shake_1,2533328091664140,2026-09-20T03:51:28.429194Z,6.7485814,12.8536463,1.7556232,-0.8717486,-0.0818206,1.2157184,4.7461939,8.5503836,0.7750689,0.6463377,0.2041116,0.5334681,0.5059624
gait_20260920_035116_owner_phone_shake_1,owner_phone_shake_1,2533328101748490,2026-09-20T03:51:28.439145Z,6.7665377,12.9659491,1.7482910,-0.8717486,-0.0818206,1.2157184,4.9457335,8.4224758,0.9152775,0.6446201,0.1916567,0.5407113,0.5053356
gait_20260920_035116_owner_phone_shake_1,owner_phone_shake_1,2533328111832841,2026-09-20T03:51:28.449589Z,7.0561614,13.1128931,1.6637458,-0.7032944,0.0158046,1.0094764,4.9457335,8.4224758,0.9152775,0.6446201,0.1916567,0.5407113,0.5053356
gait_20260920_035116_owner_phone_shake_1,owner_phone_shake_1,2533328121918127,2026-09-20T03:51:28.459703Z,7.2664771,13.1663885,1.4819360,-0.7032944,0.0158046,1.0094764,5.1079583,8.3115387,1.0311320,0.6428686,0.1818872,0.5470818,0.5043200
gait_20260920_035116_owner_phone_shake_1,owner_phone_shake_1,2533328131996984,2026-09-20T03:51:28.469597Z,7.3611975,13.1767883,1.2787281,-0.5208342,0.0297106,0.7983382,5.1079583,8.3115387,1.0311320,0.6428686,0.1818872,0.5470818,0.5043200
gait_20260920_035116_owner_phone_shake_1,owner_phone_shake_1,2533328142085526,2026-09-20T03:51:28.480119Z,7.2999210,13.0965080,1.1684452,-0.5208342,0.0297106,0.7983382,5.2320995,8.2229795,1.1152792,0.6415873,0.1744739,0.5519302,0.5032869
gait_20260920_035116_owner_phone_shake_1,owner_phone_shake_1,2533328152175940,2026-09-20T03:51:28.489879Z,7.0788312,12.9170923,1.1969513,-0.4122341,-0.0213170,0.5259969,5.2320995,8.2229795,1.1152792,0.6415873,0.1744739,0.5519302,0.5032869
gait_20260920_035116_owner_phone_shake_1,owner_phone_shake_1,2533328162254146,2026-09-20T03:51:28.500258Z,6.7664628,12.5957451,1.2877064,-0.4122341,-0.0213170,0.5259969,5.3101640,8.1641064,1.1771393,0.6405708,0.1690932,0.5547896,0.5032743
gait_20260920_035116_owner_phone_shake_1,owner_phone_shake_1,2533328172338293,2026-09-20T03:51:28.510003Z,6.4088292,12.2289839,1.3721020,-0.3957301,-0.0151384,0.2806683,5.3101640,8.1641064,1.1771393,0.6405708,0.1690932,0.5547896,0.5032743
gait_20260920_035116_owner_phone_shake_1,owner_phone_shake_1,2533328182444331,2026-09-20T03:51:28.519795Z,6.2056212,11.9472914,1.5546600,-0.3957301,-0.0151384,0.2806683,5.3480940,8.1299248,1.2402986,0.6390290,0.1653717,0.5565487,0.5045274
gait_20260920_035116_owner_phone_shake_1,owner_phone_shake_1,2533328192497758,2026-09-20T03:51:28.529953Z,6.0232878,11.7351046,1.8124855,-0.3743631,0.0371049,0.0934617,5.3480940,8.1299248,1.2402986,0.6390290,0.1653717,0.5565487,0.5045274
gait_20260920_035116_owner_phone_shake_1,owner_phone_shake_1,2533328202591344,2026-09-20T03:51:28.540409Z,5.9953055,11.5013704,2.0277393,-0.3743631,0.0371049,0.0934617,5.3554468,8.1149483,1.3049576,0.6369980,0.1632348,0.5577219,0.5064922
gait_20260920_035116_owner_phone_shake_1,owner_phone_shake_1,2533328212650671,2026-09-20T03:51:28.553177Z,5.9136033,11.2613525,2.0944028,-0.2557040,0.0666822,-0.0395697,5.3554468,8.1149483,1.3049576,0.6369980,0.1632348,0.5577219,0.5064922
gait_20260920_035116_owner_phone_shake_1,owner_phone_shake_1,2533328222734533,2026-09-20T03:51:28.560158Z,5.7560349,11.0590420,1.9297266,-0.2557040,0.0666822,-0.0395697,5.3414941,8.1168709,1.3494228,0.6353279,0.1628077,0.5581715,0.5082290
gait_20260920_035116_owner_phone_shake_1,owner_phone_shake_1,2533328232819087,2026-09-20T03:51:28.570153Z,5.5436993,10.9125471,1.5974562,-0.0150718,0.0410852,-0.1766979,5.3414941,8.1168709,1.3494228,0.6353279,0.1628077,0.5581715,0.5082290
gait_20260920_035116_owner_phone_shake_1,owner_phone_shake_1,2533328242902705,2026-09-20T03:51:28.580422Z,5.3667526,10.8175268,1.3141174,-0.0150718,0.0410852,-0.1766979,5.3057919,8.1405230,1.3478025,0.6349518,0.1645262,0.5572510,0.5091548
gait_20260920_035116_owner_phone_shake_1,owner_phone_shake_1,2533328253012935,2026-09-20T03:51:28.590685Z,5.2315550,10.7049246,1.1995698,0.1899711,-0.0138727,-0.3030511,5.3057919,8.1405230,1.3478025,0.6349518,0.1645262,0.5572510,0.5091548
gait_20260920_035116_owner_phone_shake_1,owner_phone_shake_1,2533328263097001,2026-09-20T03:51:28.600694Z,5.1588311,10.6259909,1.1858780,0.1899711,-0.0138727,-0.3030511,5.2512507,8.1822224,1.3083210,0.6356800,0.1678036,0.5549942,0.5096415
gait_20260920_035116_owner_phone_shake_1,owner_phone_shake_1,2533328273180862,2026-09-20T03:51:28.610981Z,5.0902972,10.5806503,1.2449849,0.2778204,-0.0582887,-0.3976620,5.2512507,8.1822224,1.3083210,0.6356800,0.1678036,0.5549942,0.5096415
gait_20260920_035116_owner_phone_shake_1,owner_phone_shake_1,2533328283264969,2026-09-20T03:51:28.620971Z,5.0898485,10.5950909,1.2999018,0.2778204,-0.0582887,-0.3976620,5.1826115,8.2344589,1.2531315,0.6368115,0.1718520,0.5519137,0.5102248
gait_20260920_035116_owner_phone_shake_1,owner_phone_shake_1,2533328293349605,2026-09-20T03:51:28.631147Z,5.1146884,10.6621284,1.3369372,0.3305134,-0.0235819,-0.4616129,5.1826115,8.2344589,1.2531315,0.6368115,0.1718520,0.5519137,0.5102248
gait_20260920_035116_owner_phone_shake_1,owner_phone_shake_1,2533328303429683,2026-09-20T03:51:28.641289Z,5.1686325,10.8209686,1.3156139,0.3305134,-0.0235819,-0.4616129,5.1026974,8.2928448,1.1947061,0.6378043,0.1767704,0.5487421,0.5107250
gait_20260920_035116_owner_phone_shake_1,owner_phone_shake_1,2533328313518753,2026-09-20T03:51:28.651411Z,5.3178959,11.0361471,1.3144168,0.3773941,0.0340905,-0.5128903,5.1026974,8.2928448,1.1947061,0.6378043,0.1767704,0.5487421,0.5107250
gait_20260920_035116_owner_phone_shake_1,owner_phone_shake_1,2533328323602331,2026-09-20T03:51:28.661432Z,5.5308304,11.2861176,1.4150480,0.3773941,0.0340905,-0.5128903,5.0126796,8.3559313,1.1347183,0.6385750,0.1825499,0.5456162,0.5110778
gait_20260920_035116_owner_phone_shake_1,owner_phone_shake_1,2533328333686722,2026-09-20T03:51:28.671614Z,5.9915648,11.7099657,1.7458968,0.4044234,0.0865670,-0.5489793,5.0126796,8.3559313,1.1347183,0.6385750,0.1825499,0.5456162,0.5110778
gait_20260920_035116_owner_phone_shake_1,owner_phone_shake_1,2533328343770951,2026-09-20T03:51:28.681596Z,6.7080293,12.1580553,2.1963060,0.4044234,0.0865670,-0.5489793,4.9159875,8.4210987,1.0743750,0.6391482,0.1888674,0.5425416,0.5113389
gait_20260920_035116_owner_phone_shake_1,owner_phone_shake_1,2533328353855545,2026-09-20T03:51:28.692769Z,7.6064534,12.6996689,2.7343280,0.4703063,0.0122906,-0.5742766,4.9159875,8.4210987,1.0743750,0.6391482,0.1888674,0.5425416,0.5113389
gait_20260920_035116_owner_phone_shake_1,owner_phone_shake_1,2533328363939489,2026-09-20T03:51:28.701772Z,8.4062662,12.9710369,3.2052376,0.4703063,0.0122906,-0.5742766,4.8160157,8.4887934,0.9912066,0.6405402,0.1952714,0.5385438,0.5114176
gait_20260920_035116_owner_phone_shake_1,owner_phone_shake_1,2533328374023636,2026-09-20T03:51:28.711523Z,8.6822729,12.6525326,3.3200843,0.6711857,-0.1102155,-0.7840825,4.8160157,8.4887934,0.9912066,0.6405402,0.1952714,0.5385438,0.5114176
gait_20260920_035116_owner_phone_shake_1,owner_phone_shake_1,2533328384082758,2026-09-20T03:51:28.721856Z,8.1821842,11.9751234,2.8247838,0.6711857,-0.1102155,-0.7840825,4.6736236,8.5825253,0.8565300,0.6432030,0.2039084,0.5319583,0.5115972
gait_20260920_035116_owner_phone_shake_1,owner_phone_shake_1,2533328394192174,2026-09-20T03:51:28.731718Z,6.9886746,11.3873472,2.0030489,1.0162213,-0.1609267,-1.2930259,4.6736236,8.5825253,0.8565300,0.6432030,0.2039084,0.5319583,0.5115972
gait_20260920_035116_owner_phone_shake_1,owner_phone_shake_1,2533328404251623,2026-09-20T03:51:28.742226Z,5.8479872,10.9492083,1.3069348,1.0162213,-0.1609267,-1.2930259,4.4356222,8.7253475,0.6554986,0.6466299,0.2177325,0.5215533,0.5122934
gait_20260920_035116_owner_phone_shake_1,owner_phone_shake_1,2533328414360550,2026-09-20T03:51:28.752581Z,5.2257195,10.4316120,0.7155671,1.2215306,-0.0694468,-1.6159284,4.4356222,8.7253475,0.6554986,0.6466299,0.2177325,0.5215533,0.5122934
gait_20260920_035116_owner_phone_shake_1,owner_phone_shake_1,2533328424445022,2026-09-20T03:51:28.762385Z,4.8350153,9.8905220,0.2747346,1.2215306,-0.0694468,-1.6159284,4.1427603,8.8819036,0.4306428,0.6495359,0.2347458,0.5098636,0.5128710
gait_20260920_035116_owner_phone_shake_1,owner_phone_shake_1,2533328434529088,2026-09-20T03:51:28.772144Z,4.4785037,9.4152727,-0.1001824,1.2228962,0.0301436,-1.6893555,4.1427603,8.8819036,0.4306428,0.6495359,0.2347458,0.5098636,0.5128710
gait_20260920_035116_owner_phone_shake_1,owner_phone_shake_1,2533328444614253,2026-09-20T03:51:28.782499Z,4.0525603,8.8839846,-0.4495114,1.2228962,0.0301436,-1.6893555,3.8358421,9.0264206,0.2148969,0.6514230,0.2522939,0.4983940,0.5134192
gait_20260920_035116_owner_phone_shake_1,owner_phone_shake_1,2533328454698155,2026-09-20T03:51:28.792441Z,3.6278141,8.3385553,-0.6506243,1.1336979,0.0797222,-1.7869973,3.8358421,9.0264206,0.2148969,0.6514230,0.2522939,0.4983940,0.5134192
gait_20260920_035116_owner_phone_shake_1,owner_phone_shake_1,2533328464756749,2026-09-20T03:51:28.802147Z,3.1785271,7.7563157,-0.7707085,1.1336979,0.0797222,-1.7869973,3.5051785,9.1624012,0.0156670,0.6520703,0.2701370,0.4866618,0.5147725
gait_20260920_035116_owner_phone_shake_1,owner_phone_shake_1,2533328474866409,2026-09-20T03:51:28.812441Z,2.6220250,7.1058412,-0.9144354,1.0191857,0.1072345,-1.8603411,3.5051785,9.1624012,0.0156670,0.6520703,0.2701370,0.4866618,0.5147725
gait_20260920_035116_owner_phone_shake_1,owner_phone_shake_1,2533328484951167,2026-09-20T03:51:28.823081Z,1.9922003,6.4109240,-1.1591678,1.0191857,0.1072345,-1.8603411,3.1581557,9.2863007,-0.1637174,0.6515086,0.2878454,0.4748572,0.5169064
gait_20260920_035116_owner_phone_shake_1,owner_phone_shake_1,2533328495035029,2026-09-20T03:51:28.832877Z,1.3326725,5.7231894,-1.4065187,0.9164810,0.1587617,-1.8854219,3.1581557,9.2863007,-0.1637174,0.6515086,0.2878454,0.4748572,0.5169064
gait_20260920_035116_owner_phone_shake_1,owner_phone_shake_1,2533328505119624,2026-09-20T03:51:28.843212Z,0.6548890,5.0485482,-1.6231191,0.9164810,0.1587617,-1.8854219,2.8034592,9.3952513,-0.3255350,0.6498423,0.3054137,0.4633637,0.5193473
gait_20260920_035116_owner_phone_shake_1,owner_phone_shake_1,2533328515203283,2026-09-20T03:51:28.853109Z,-0.0979378,4.4802246,-1.8455554,0.8170239,0.2348534,-1.7965733,2.8034592,9.3952513,-0.3255350,0.6498423,0.3054137,0.4633637,0.5193473
gait_20260920_035116_owner_phone_shake_1,owner_phone_shake_1,2533328525288284,2026-09-20T03:51:28.864052Z,-0.7958476,4.0075197,-2.0736032,0.8170239,0.2348534,-1.7965733,2.4651942,9.4835911,-0.4694969,0.6474051,0.3221548,0.4529447,0.5214634
gait_20260920_035116_owner_phone_shake_1,owner_phone_shake_1,2533328535372919,2026-09-20T03:51:28.873091Z,-1.2857611,3.5996823,-2.1814919,0.7152686,0.2445959,-1.5737607,2.4651942,9.4835911,-0.4694969,0.6474051,0.3221548,0.4529447,0.5214634
gait_20260920_035116_owner_phone_shake_1,owner_phone_shake_1,2533328545456741,2026-09-20T03:51:28.883280Z,-1.7227030,3.3102832,-2.1912184,0.7152686,0.2445959,-1.5737607,2.1686068,9.5485220,-0.5991385,0.6450484,0.3368149,0.4437960,0.5229852
gait_20260920_035116_owner_phone_shake_1,owner_phone_shake_1,2533328555515539,2026-09-20T03:51:28.893724Z,-2.1156514,3.0782700,-2.1651814,0.6016556,0.1363122,-1.2332383,2.1686068,9.5485220,-0.5991385,0.6450484,0.3368149,0.4437960,0.5229852
gait_20260920_035116_owner_phone_shake_1,owner_phone_shake_1,2533328565607172,2026-09-20T03:51:28.903051Z,-2.3811831,2.8369045,-2.1123593,0.6016556,0.1363122,-1.2332383,1.9354138,9.5906010,-0.7146111,0.6436831,0.3479865,0.4358895,0.5240018
gait_20260920_035116_owner_phone_shake_1,owner_phone_shake_1,2533328575708857,2026-09-20T03:51:28.913345Z,-2.4295161,2.5407717,-2.0403836,0.4928057,-0.0110748,-0.8190390,1.9354138,9.5906010,-0.7146111,0.6436831,0.3479865,0.4358895,0.5240018
gait_20260920_035116_owner_phone_shake_1,owner_phone_shake_1,2533328585793777,2026-09-20T03:51:28.923495Z,-2.5775826,2.2337153,-2.0447230,0.4928057,-0.0110748,-0.8190390,1.7799371,9.6126528,-0.8153884,0.6437654,0.3551463,0.4295371,0.5243426
gait_20260920_035116_owner_phone_shake_1,owner_phone_shake_1,2533328595877842,2026-09-20T03:51:28.934702Z,-2.8465562,1.8689737,-2.1623383,0.3799922,-0.0785398,-0.4213938,1.7799371,9.6126528,-0.8153884,0.6437654,0.3551463,0.4295371,0.5243426
gait_20260920_035116_owner_phone_shake_1,owner_phone_shake_1,2533328605962519,2026-09-20T03:51:28.944553Z,-3.2950201,1.6377088,-2.3777416,0.3799922,-0.0785398,-0.4213938,1.6973294,9.6203880,-0.8963121,0.6447898,0.3590771,0.4252674,0.5238869
gait_20260920_035116_owner_phone_shake_1,owner_phone_shake_1,2533328616026647,2026-09-20T03:51:28.953730Z,-3.6263926,1.4303858,-2.5967362,0.2274757,-0.0479799,-0.0426007,1.6973294,9.6203880,-0.8963121,0.6447898,0.3590771,0.4252674,0.5238869
gait_20260920_035116_owner_phone_shake_1,owner_phone_shake_1,2533328626105586,2026-09-20T03:51:28.963827Z,-3.8404491,1.3535470,-2.7097874,0.2274757,-0.0479799,-0.0426007,1.6894174,9.6171827,-0.9443581,0.6461617,0.3600234,0.4238456,0.5226979
gait_20260920_035116_owner_phone_shake_1,owner_phone_shake_1,2533328636214919,2026-09-20T03:51:28.974293Z,-3.8946929,1.4815619,-2.6354175,-0.0331080,-0.0568897,0.4939382,1.6894174,9.6171827,-0.9443581,0.6461617,0.3600234,0.4238456,0.5226979
gait_20260920_035116_owner_phone_shake_1,owner_phone_shake_1,2533328646276280,2026-09-20T03:51:28.984618Z,-3.5604024,1.8359786,-2.3259668,-0.0331080,-0.0568897,0.4939382,1.7910820,9.5992594,-0.9393272,0.6482185,0.3559490,0.4262651,0.5209713
gait_20260920_035116_owner_phone_shake_1,owner_phone_shake_1,2533328656383662,2026-09-20T03:51:28.993882Z,-2.5357590,2.4299650,-1.8870798,-0.3224862,-0.1576792,1.1844590,1.7910820,9.5992594,-0.9393272,0.6482185,0.3559490,0.4262651,0.5209713
gait_20260920_035116_owner_phone_shake_1,owner_phone_shake_1,2533328666467604,2026-09-20T03:51:29.004431Z,-1.2805238,3.1721675,-1.4783447,-0.3224862,-0.1576792,1.1844590,2.0285296,9.5573120,-0.8825718,0.6517314,0.3453116,0.4327019,0.5184354
gait_20260920_035116_owner_phone_shake_1,owner_phone_shake_1,2533328676551752,2026-09-20T03:51:29.014447Z,-0.1082628,4.1352353,-1.1391912,-0.5189024,-0.3006196,1.8409892,2.0285296,9.5573120,-0.8825718,0.6517314,0.3453116,0.4327019,0.5184354
gait_20260920_035116_owner_phone_shake_1,owner_phone_shake_1,2533328686636794,2026-09-20T03:51:29.024796Z,1.4163200,5.2417307,-0.8182933,-0.5189024,-0.3006196,1.8409892,2.3906283,9.4808397,-0.7966943,0.6569912,0.3285991,0.4422411,0.5145952
gait_20260920_035116_owner_phone_shake_1,owner_phone_shake_1,2533328696720454,2026-09-20T03:51:29.034336Z,3.0240264,6.4070334,-0.4345476,-0.6191922,-0.4286382,2.2714095,2.3906283,9.4808397,-0.7966943,0.6569912,0.3285991,0.4422411,0.5145952
gait_20260920_035116_owner_phone_shake_1,owner_phone_shake_1,2533328706804885,2026-09-20T03:51:29.044468Z,4.6679449,7.5291657,-0.1004068,-0.6191922,-0.4286382,2.2714095,2.8286486,9.3671875,-0.7004812,0.6632641,0.3078762,0.4533735,0.5096523
gait_20260920_035116_owner_phone_shake_1,owner_phone_shake_1,2533328716889114,2026-09-20T03:51:29.055111Z,6.0239611,8.5111628,0.0985364,-0.6357795,-0.4147655,2.3592589,2.8286486,9.3671875,-0.7004812,0.6632641,0.3078762,0.4533735,0.5096523
gait_20260920_035116_owner_phone_shake_1,owner_phone_shake_1,2533328726948603,2026-09-20T03:51:29.064907Z,6.3786020,9.2089977,0.1014543,-0.6357795,-0.4147655,2.3592589,3.3734877,9.1934767,-0.5793691,0.6696925,0.2829883,0.4683892,0.5020371
gait_20260920_035116_owner_phone_shake_1,owner_phone_shake_1,2533328737057774,2026-09-20T03:51:29.075005Z,5.9790697,9.8298435,0.0705541,-0.6123141,-0.2110050,2.1160285,3.3734877,9.1934767,-0.5793691,0.6696925,0.2829883,0.4683892,0.5020371
gait_20260920_035116_owner_phone_shake_1,owner_phone_shake_1,2533328747116856,2026-09-20T03:51:29.085007Z,5.5655465,10.3553715,0.1483657,-0.6123141,-0.2110050,2.1160285,3.7548769,9.0503139,-0.4783818,0.6731383,0.2651528,0.4794720,0.4966744
gait_20260920_035116_owner_phone_shake_1,owner_phone_shake_1,2533328757226231,2026-09-20T03:51:29.095726Z,5.5711579,10.8108683,0.3597288,-0.5613199,0.0364054,1.8985618,3.7548769,9.0503139,-0.4783818,0.6731383,0.2651528,0.4794720,0.4966744
gait_20260920_035116_owner_phone_shake_1,owner_phone_shake_1,2533328767291010,2026-09-20T03:51:29.104926Z,5.8037696,11.2975645,0.5470751,-0.5613199,0.0364054,1.8985618,4.0938196,8.9071531,-0.3733442,0.6749238,0.2500910,0.4906613,0.4911048
gait_20260920_035116_owner_phone_shake_1,owner_phone_shake_1,2533328777394444,2026-09-20T03:51:29.115343Z,6.1403790,11.7195425,0.5625626,-0.4174135,-0.0736769,1.7491096,4.0938196,8.9071531,-0.3733442,0.6749238,0.2500910,0.4906613,0.4911048
gait_20260920_035116_owner_phone_shake_1,owner_phone_shake_1,2533328787454014,2026-09-20T03:51:29.124910Z,6.5318313,12.0169468,0.4320786,-0.4174135,-0.0736769,1.7491096,4.3994937,8.7625685,-0.3130096,0.6777573,0.2358746,0.4993427,0.4854534
gait_20260920_035116_owner_phone_shake_1,owner_phone_shake_1,2533328797559931,2026-09-20T03:51:29.135249Z,6.7450647,12.1588039,0.1882441,-0.2615662,-0.3174900,1.5448662,4.3994937,8.7625685,-0.3130096,0.6777573,0.2358746,0.4993427,0.4854534
gait_20260920_035116_owner_phone_shake_1,owner_phone_shake_1,2533328807636427,2026-09-20T03:51:29.146604Z,6.7277818,12.1224413,-0.0470610,-0.2615662,-0.3174900,1.5448662,4.6605654,8.6269436,-0.3017912,0.6817853,0.2226828,0.5048569,0.4803133
gait_20260920_035116_owner_phone_shake_1,owner_phone_shake_1,2533328817729323,2026-09-20T03:51:29.155712Z,6.6378493,12.0601177,-0.1505354,-0.2446459,-0.2656631,1.2852151,4.6605654,8.6269436,-0.3017912,0.6817853,0.2226828,0.5048569,0.4803133
gait_20260920_035116_owner_phone_shake_1,owner_phone_shake_1,2533328827817255,2026-09-20T03:51:29.165250Z,6.5109568,12.0170965,-0.1051204,-0.2446459,-0.2656631,1.2852151,4.8726110,8.5096846,-0.2811786,0.6845023,0.2117169,0.5097097,0.4762653
gait_20260920_035116_owner_phone_shake_1,owner_phone_shake_1,2533328837896397,2026-09-20T03:51:29.175313Z,6.3771806,11.9636011,0.0571616,-0.3406889,-0.0680978,1.0684645,4.8726110,8.5096846,-0.2811786,0.6845023,0.2117169,0.5097097,0.4762653
gait_20260920_035116_owner_phone_shake_1,owner_phone_shake_1,2533328847985793,2026-09-20T03:51:29.185439Z,6.2137017,11.8571339,0.0378583,-0.3406889,-0.0680978,1.0684645,5.0474653,8.4088860,-0.2232455,0.6850949,0.2026323,0.5151519,0.4735017
gait_20260920_035116_owner_phone_shake_1,owner_phone_shake_1,2533328858068801,2026-09-20T03:51:29.195635Z,5.9927616,11.7094421,-0.2601450,-0.3564435,0.0761250,0.8982450,5.0474653,8.4088860,-0.2232455,0.6850949,0.2026323,0.5151519,0.4735017
gait_20260920_035116_owner_phone_shake_1,owner_phone_shake_1,2533328868154535,2026-09-20T03:51:29.205557Z,5.9550529,11.6644754,-0.6317700,-0.3564435,0.0761250,0.8982450,5.1929140,8.3214359,-0.1532257,0.6846166,0.1953129,0.5206410,0.4712600
gait_20260920_035116_owner_phone_shake_1,owner_phone_shake_1,2533328878237462,2026-09-20T03:51:29.215733Z,6.0916719,11.6807117,-0.8542063,-0.3403892,0.1353296,0.7774209,5.1929140,8.3214359,-0.1532257,0.6846166,0.1953129,0.5206410,0.4712600
gait_20260920_035116_owner_phone_shake_1,owner_phone_shake_1,2533328888322951,2026-09-20T03:51:29.225564Z,6.4118967,11.7946606,-0.7306056,-0.3403892,0.1353296,0.7774209,5.3184981,8.2427616,-0.0811933,0.6837056,0.1890075,0.5258331,0.4693852
gait_20260920_035116_owner_phone_shake_1,owner_phone_shake_1,2533328898402093,2026-09-20T03:51:29.236342Z,6.7649665,12.0141792,-0.3788824,-0.4284883,0.1591947,0.6818442,5.3184981,8.2427616,-0.0811933,0.6837056,0.1890075,0.5258331,0.4693852
gait_20260920_035116_owner_phone_shake_1,owner_phone_shake_1,2533328908491490,2026-09-20T03:51:29.245790Z,6.9724393,12.1392756,-0.0343418,-0.4284883,0.1591947,0.6818442,5.4265223,8.1724463,0.0096087,0.6819724,0.1829313,0.5308634,0.4686511
gait_20260920_035116_owner_phone_shake_1,owner_phone_shake_1,2533328918574497,2026-09-20T03:51:29.256031Z,7.0823479,12.1181021,0.1113304,-0.4749694,0.1938181,0.5195186,5.4265223,8.1724463,0.0096087,0.6819724,0.1829313,0.5308634,0.4686511
gait_20260920_035116_owner_phone_shake_1,owner_phone_shake_1,2533328928658807,2026-09-20T03:51:29.265860Z,7.2467246,12.1493769,0.1512088,-0.4749694,0.1938181,0.5195186,5.5048971,8.1191225,0.1098329,0.6795186,0.1780381,0.5353671,0.4689766
gait_20260920_035116_owner_phone_shake_1,owner_phone_shake_1,2533328938742995,2026-09-20T03:51:29.276280Z,7.3422685,12.2676649,0.1530793,-0.4140161,0.2366187,0.3207542,5.5048971,8.1191225,0.1098329,0.6795186,0.1780381,0.5353671,0.4689766
gait_20260920_035116_owner_phone_shake_1,owner_phone_shake_1,2533328948827265,2026-09-20T03:51:29.286421Z,7.2738094,12.2841253,0.0508020,-0.4140161,0.2366187,0.3207542,5.5490270,8.0872431,0.2022663,0.6767965,0.1751578,0.5390503,0.4697778
gait_20260920_035116_owner_phone_shake_1,owner_phone_shake_1,2533328958911492,2026-09-20T03:51:29.297088Z,6.9932389,12.0206137,-0.2556559,-0.3452188,0.2932253,0.1083503,5.5490270,8.0872431,0.2022663,0.6767965,0.1751578,0.5390503,0.4697778
gait_20260920_035116_owner_phone_shake_1,owner_phone_shake_1,2533328968996983,2026-09-20T03:51:29.306985Z,6.5247235,11.7856827,-0.5035306,-0.3452188,0.2932253,0.1083503,5.5573835,8.0787735,0.2916106,0.6736315,0.1743643,0.5420221,0.4712003
gait_20260920_035116_owner_phone_shake_1,owner_phone_shake_1,2533328979079746,2026-09-20T03:51:29.317424Z,6.0550108,11.5964651,-0.5914426,-0.4271061,0.4266731,-0.0854512,5.5573835,8.0787735,0.2916106,0.6736315,0.1743643,0.5420221,0.4712003
gait_20260920_035116_owner_phone_shake_1,owner_phone_shake_1,2533328989165683,2026-09-20T03:51:29.326583Z,5.7494512,11.3967743,-0.6060323,-0.4271061,0.4266731,-0.0854512,5.5337024,8.0895929,0.4156277,0.6687767,0.1749362,0.5453030,0.4741095
gait_20260920_035116_owner_phone_shake_1,owner_phone_shake_1,2533328999248447,2026-09-20T03:51:29.336715Z,5.4790559,11.2567129,-0.6813000,-0.6428407,0.6739169,-0.1649236,5.5337024,8.0895929,0.4156277,0.6687767,0.1749362,0.5453030,0.4741095
gait_20260920_035116_owner_phone_shake_1,owner_phone_shake_1,2533329009334385,2026-09-20T03:51:29.346903Z,5.4287777,11.1691751,-0.8213608,-0.6428407,0.6739169,-0.1649236,5.4957719,8.1033564,0.6068240,0.6612038,0.1758802,0.5504314,0.4784360
gait_20260920_035116_owner_phone_shake_1,owner_phone_shake_1,2533329019416783,2026-09-20T03:51:29.356892Z,5.6952820,11.2107744,-0.3971382,-0.9773011,0.9452423,-0.1438564,5.4957719,8.1033564,0.6068240,0.6612038,0.1758802,0.5504314,0.4784360
gait_20260920_035116_owner_phone_shake_1,owner_phone_shake_1,2533329029493646,2026-09-20T03:51:29.366886Z,6.4038911,11.3864489,0.5972785,-0.9773011,0.9452423,-0.1438564,5.4569550,8.1038198,0.8864759,0.6503507,0.1758426,0.5581245,0.4843763
gait_20260920_035116_owner_phone_shake_1,owner_phone_shake_1,2533329039585524,2026-09-20T03:51:29.377244Z,7.3258829,11.6287127,1.9425954,-1.3611736,1.2131704,-0.1053693,5.4569550,8.1038198,0.8864759,0.6503507,0.1758426,0.5581245,0.4843763
gait_20260920_035116_owner_phone_shake_1,owner_phone_shake_1,2533329049669916,2026-09-20T03:51:29.387147Z,7.8131781,11.7076464,2.9970915,-1.3611736,1.2131704,-0.1053693,5.4107213,8.0861349,1.2548529,0.6360651,0.1747278,0.5681672,0.4920138
gait_20260920_035116_owner_phone_shake_1,owner_phone_shake_1,2533329059754306,2026-09-20T03:51:29.398442Z,7.8492408,11.7112379,3.5777605,-1.4667428,1.3098962,-0.3097626,5.4107213,8.0861349,1.2548529,0.6360651,0.1747278,0.5681672,0.4920138
gait_20260920_035116_owner_phone_shake_1,owner_phone_shake_1,2533329069840203,2026-09-20T03:51:29.407463Z,7.7505546,11.5975876,3.5232923,-1.4667428,1.3098962,-0.3097626,5.3137808,8.0818024,1.6383899,0.6204047,0.1751215,0.5773734,0.5010692
gait_20260920_035116_owner_phone_shake_1,owner_phone_shake_1,2533329079922560,2026-09-20T03:51:29.417559Z,7.5428576,11.2452660,3.0516346,-1.3880863,1.4539858,-0.5837860,5.3137808,8.0818024,1.6383899,0.6204047,0.1751215,0.5773734,0.5010692
gait_20260920_035116_owner_phone_shake_1,owner_phone_shake_1,2533329090006830,2026-09-20T03:51:29.428091Z,7.5076928,11.0404873,2.8070519,-1.3880863,1.4539858,-0.5837860,5.1559672,8.0966969,2.0237613,0.6033810,0.1785257,0.5859400,0.5106214
gait_20260920_035116_owner_phone_shake_1,owner_phone_shake_1,2533329100091383,2026-09-20T03:51:29.437955Z,7.3509474,10.8693018,2.6912324,-1.5683149,1.9580328,-0.7214305,5.1559672,8.0966969,2.0237613,0.6033810,0.1785257,0.5859400,0.5106214
gait_20260920_035116_owner_phone_shake_1,owner_phone_shake_1,2533329110175775,2026-09-20T03:51:29.448658Z,6.7993832,10.4673004,2.5313447,-1.5683149,1.9580328,-0.7214305,4.9399648,8.0986500,2.4989469,0.5812532,0.1840773,0.5973889,0.5209479
gait_20260920_035116_owner_phone_shake_1,owner_phone_shake_1,2533329120259596,2026-09-20T03:51:29.457875Z,6.2241015,9.9275570,2.8122144,-2.0518610,2.7126212,-0.8755124,4.9399648,8.0986500,2.4989469,0.5812532,0.1840773,0.5973889,0.5209479
gait_20260920_035116_owner_phone_shake_1,owner_phone_shake_1,2533329130344109,2026-09-20T03:51:29.468084Z,5.5362172,9.2821703,3.4360535,-2.0518610,2.7126212,-0.8755124,4.6312170,8.0637503,3.1247189,0.5507082,0.1913001,0.6129751,0.5332790
gait_20260920_035116_owner_phone_shake_1,owner_phone_shake_1,2533329140427972,2026-09-20T03:51:29.478543Z,4.9154458,8.5591211,4.0322099,-2.5758760,3.4723058,-0.9862942,4.6312170,8.0637503,3.1247189,0.5507082,0.1913001,0.6129751,0.5332790
gait_20260920_035116_owner_phone_shake_1,owner_phone_shake_1,2533329150513828,2026-09-20T03:51:29.488580Z,4.2642231,7.8995190,4.7138090,-2.5758760,3.4723058,-0.9862942,4.2146416,7.9657249,3.8755839,0.5116637,0.1996218,0.6320450,0.5466905
gait_20260920_035116_owner_phone_shake_1,owner_phone_shake_1,2533329160597080,2026-09-20T03:51:29.498675Z,3.6023757,7.3545389,5.3818660,-2.7365696,3.9104202,-1.0495458,4.2146416,7.9657249,3.8755839,0.5116637,0.1996218,0.6320450,0.5466905
gait_20260920_035116_owner_phone_shake_1,owner_phone_shake_1,2533329170681267,2026-09-20T03:51:29.508381Z,3.0433297,6.8618569,5.8729019,-2.7365696,3.9104202,-1.0495458,3.7054398,7.8152671,4.6289763,0.4685301,0.2092454,0.6513966,0.5589082
gait_20260920_035116_owner_phone_shake_1,owner_phone_shake_1,2533329180765211,2026-09-20T03:51:29.519470Z,2.5540895,6.4248405,6.1376858,-2.4449432,3.8969638,-1.0526267,3.7054398,7.8152671,4.6289763,0.4685301,0.2092454,0.6513966,0.5589082
gait_20260920_035116_owner_phone_shake_1,owner_phone_shake_1,2533329190849521,2026-09-20T03:51:29.530113Z,2.2144868,6.1213751,6.2030025,-2.4449432,3.8969638,-1.0526267,3.1549184,7.6477671,5.2720265,0.4268479,0.2200568,0.6681545,0.5682830
gait_20260920_035116_owner_phone_shake_1,owner_phone_shake_1,2533329200935173,2026-09-20T03:51:29.542243Z,1.9431939,5.8689365,6.0827689,-1.7779542,3.4821484,-0.9663595,3.1549184,7.6477671,5.2720265,0.4268479,0.2200568,0.6681545,0.5682830
gait_20260920_035116_owner_phone_shake_1,owner_phone_shake_1,2533329211018059,2026-09-20T03:51:29.549728Z,1.6115971,5.5933042,5.7290254,-1.7779542,3.4821484,-0.9663595,2.6330256,7.5215735,5.7209473,0.3921765,0.2323867,0.6804237,0.5737750
gait_20260920_035116_owner_phone_shake_1,owner_phone_shake_1,2533329221080193,2026-09-20T03:51:29.559103Z,1.2744635,5.3383965,5.0192943,-0.8512144,2.9108527,-0.8667358,2.6330256,7.5215735,5.7209473,0.3921765,0.2323867,0.6804237,0.5737750
gait_20260920_035116_owner_phone_shake_1,owner_phone_shake_1,2533329231186964,2026-09-20T03:51:29.569579Z,0.9039608,5.1357121,4.1371803,-0.8512144,2.9108527,-0.8667358,2.1747057,7.4830003,5.9591479,0.3669018,0.2471684,0.6878242,0.5754901
gait_20260920_035116_owner_phone_shake_1,owner_phone_shake_1,2533329241270867,2026-09-20T03:51:29.580574Z,0.5467010,5.0476503,3.2488568,0.0497286,2.2443302,-0.7784868,2.1747057,7.4830003,5.9591479,0.3669018,0.2471684,0.6878242,0.5754901
gait_20260920_035116_owner_phone_shake_1,owner_phone_shake_1,2533329251356398,2026-09-20T03:51:29.590276Z,0.1261445,4.9580922,2.2201731,0.0497286,2.2443302,-0.7784868,1.8025426,7.5393653,6.0120664,0.3514346,0.2636983,0.6904849,0.5746195
gait_20260920_035116_owner_phone_shake_1,owner_phone_shake_1,2533329261440341,2026-09-20T03:51:29.600073Z,-0.2867056,4.8086791,1.1046249,0.6569965,1.6198587,-0.6879062,1.8025426,7.5393653,6.0120664,0.3514346,0.2636983,0.6904849,0.5746195
gait_20260920_035116_owner_phone_shake_1,owner_phone_shake_1,2533329271525424,2026-09-20T03:51:29.609627Z,-0.6305729,4.6402621,0.0280571,0.6569965,1.6198587,-0.6879062,1.5149485,7.6555405,5.9442177,0.3434821,0.2802531,0.6897275,0.5724982
gait_20260920_035116_owner_phone_shake_1,owner_phone_shake_1,2533329281590854,2026-09-20T03:51:29.620034Z,-0.9125649,4.5091796,-0.8678233,0.7881627,1.1950343,-0.5366887,1.5149485,7.6555405,5.9442177,0.3434821,0.2802531,0.6897275,0.5724982
gait_20260920_035116_owner_phone_shake_1,owner_phone_shake_1,2533329291693515,2026-09-20T03:51:29.629687Z,-1.1645547,4.4265795,-1.4684687,0.7881627,1.1950343,-0.5366887,1.2985951,7.7705045,5.8454280,0.3389518,0.2944210,0.6881417,0.5699903
gait_20260920_035116_owner_phone_shake_1,owner_phone_shake_1,2533329301777744,2026-09-20T03:51:29.639727Z,-1.3184570,4.3649292,-1.7922844,0.4388970,0.9155318,-0.3190389,1.2985951,7.7705045,5.8454280,0.3389518,0.2944210,0.6881417,0.5699903
gait_20260920_035116_owner_phone_shake_1,owner_phone_shake_1,2533329311836052,2026-09-20T03:51:29.650164Z,-1.3126211,4.2212768,-1.9363106,0.4388970,0.9155318,-0.3190389,1.1470115,7.8277802,5.8005457,0.3343368,0.3034669,0.6881214,0.5679927
gait_20260920_035116_owner_phone_shake_1,owner_phone_shake_1,2533329321946119,2026-09-20T03:51:29.660145Z,-1.2660090,4.0624366,-1.9437177,-0.2080739,0.8481334,-0.0770909,1.1470115,7.8277802,5.8005457,0.3343368,0.3034669,0.6881214,0.5679927
gait_20260920_035116_owner_phone_shake_1,owner_phone_shake_1,2533329332026808,2026-09-20T03:51:29.669671Z,-1.2724434,3.9645736,-1.8850597,-0.2080739,0.8481334,-0.0770909,1.0363681,7.7991400,5.8596482,0.3267189,0.3068101,0.6914147,0.5666289
gait_20260920_035116_owner_phone_shake_1,owner_phone_shake_1,2533329342113641,2026-09-20T03:51:29.681436Z,-1.2653356,3.8475571,-1.8798972,-0.8207044,0.9008597,0.1268361,1.0363681,7.7991400,5.8596482,0.3267189,0.3068101,0.6914147,0.5666289
gait_20260920_035116_owner_phone_shake_1,owner_phone_shake_1,2533329352174472,2026-09-20T03:51:29.690087Z,-1.2734909,3.7315879,-1.9118448,-0.8207044,0.9008597,0.1268361,0.9478439,7.6953573,6.0099239,0.3159066,0.3056830,0.6977525,0.5655991
gait_20260920_035116_owner_phone_shake_1,owner_phone_shake_1,2533329362256585,2026-09-20T03:51:29.700135Z,-1.1498153,3.6982934,-1.8534114,-1.2373018,0.7582856,0.2978717,0.9478439,7.6953573,6.0099239,0.3159066,0.3056830,0.6977525,0.5655991
gait_20260920_035116_owner_phone_shake_1,owner_phone_shake_1,2533329372363152,2026-09-20T03:51:29.710265Z,-0.9183260,3.7501428,-1.6791584,-1.2373018,0.7582856,0.2978717,0.9056142,7.5392179,6.2109714,0.3047812,0.3002003,0.7054558,0.5650844
gait_20260920_035116_owner_phone_shake_1,owner_phone_shake_1,2533329382450798,2026-09-20T03:51:29.720988Z,-0.6057330,3.8287027,-1.3429976,-1.5006500,0.2588350,0.4500218,0.9056142,7.5392179,6.2109714,0.3047812,0.3002003,0.7054558,0.5650844
gait_20260920_035116_owner_phone_shake_1,owner_phone_shake_1,2533329392535474,2026-09-20T03:51:29.730736Z,-0.3760393,3.8105216,-0.9488521,-1.5006500,0.2588350,0.4500218,0.9542118,7.3440351,6.4335632,0.2966803,0.2892399,0.7128771,0.5657980
gait_20260920_035116_owner_phone_shake_1,owner_phone_shake_1,2533329402619785,2026-09-20T03:51:29.741237Z,-0.1433528,3.7145290,-0.6261585,-1.7376684,-0.3802752,0.5554910,0.9542118,7.3440351,6.4335632,0.2966803,0.2892399,0.7128771,0.5657980
gait_20260920_035116_owner_phone_shake_1,owner_phone_shake_1,2533329412703688,2026-09-20T03:51:29.751335Z,0.2489222,3.5877113,-0.2575263,-1.7376684,-0.3802752,0.5554910,1.1011269,7.1058106,6.6731615,0.2920189,0.2723882,0.7194974,0.5682018
gait_20260920_035116_owner_phone_shake_1,owner_phone_shake_1,2533329422787834,2026-09-20T03:51:29.760980Z,0.7707833,3.4534116,0.4826561,-2.1567640,-0.8221200,0.7008796,1.1011269,7.1058106,6.6731615,0.2920189,0.2723882,0.7194974,0.5682018
gait_20260920_035116_owner_phone_shake_1,owner_phone_shake_1,2533329432872429,2026-09-20T03:51:29.771292Z,1.4463223,3.4324622,1.7304093,-2.1567640,-0.8221200,0.7008796,1.3270737,6.7868738,6.9579692,0.2879224,0.2491070,0.7268032,0.5716674
gait_20260920_035116_owner_phone_shake_1,owner_phone_shake_1,2533329442956739,2026-09-20T03:51:29.781884Z,1.9506010,3.4658315,3.3710361,-2.8356936,-1.0819709,0.8410888,1.3270737,6.7868738,6.9579692,0.2879224,0.2491070,0.7268032,0.5716674
gait_20260920_035116_owner_phone_shake_1,owner_phone_shake_1,2533329453041577,2026-09-20T03:51:29.791896Z,2.4028058,3.4086699,5.0953102,-2.8356936,-1.0819709,0.8410888,1.6076996,6.3362556,7.3145938,0.2813576,0.2182072,0.7355124,0.5764071
gait_20260920_035116_owner_phone_shake_1,owner_phone_shake_1,2533329463124708,2026-09-20T03:51:29.801775Z,2.8848634,3.2294040,6.6590981,-3.4976864,-1.2941417,0.8910339,1.6076996,6.3362556,7.3145938,0.2813576,0.2182072,0.7355124,0.5764071
gait_20260920_035116_owner_phone_shake_1,owner_phone_shake_1,2533329473209221,2026-09-20T03:51:29.811483Z,3.3785179,3.0923359,8.4259443,-3.4976864,-1.2941417,0.8910339,1.9210757,5.7551394,7.7086930,0.2719991,0.1808511,0.7443904,0.5824022
gait_20260920_035116_owner_phone_shake_1,owner_phone_shake_1,2533329483293287,2026-09-20T03:51:29.821183Z,4.0193410,3.1323640,10.3071880,-3.8904688,-1.3313465,0.9003267,1.9210757,5.7551394,7.7086930,0.2719991,0.1808511,0.7443904,0.5824022
gait_20260920_035116_owner_phone_shake_1,owner_phone_shake_1,2533329493377637,2026-09-20T03:51:29.831491Z,4.5804071,3.3550997,12.1715975,-3.8904688,-1.3313465,0.9003267,2.2718856,5.0302849,8.1099243,0.2596980,0.1371433,0.7535913,0.5880890
gait_20260920_035116_owner_phone_shake_1,owner_phone_shake_1,2533329503462680,2026-09-20T03:51:29.841080Z,4.9206829,3.5107975,14.0147591,-3.8880873,-1.3926162,0.7920930,2.2718856,5.0302849,8.1099243,0.2596980,0.1371433,0.7535913,0.5880890
gait_20260920_035116_owner_phone_shake_1,owner_phone_shake_1,2533329513546501,2026-09-20T03:51:29.852476Z,5.0308166,3.6321535,15.5165224,-3.8880873,-1.3926162,0.7920930,2.5781541,4.3467741,8.4080191,0.2481969,0.0972673,0.7591835,0.5937827
gait_20260920_035116_owner_phone_shake_1,owner_phone_shake_1,2533329523630526,2026-09-20T03:51:29.862304Z,4.8392801,3.7004633,16.2029095,-3.3927834,-1.1882727,0.5760086,2.5781541,4.3467741,8.4080191,0.2481969,0.0972673,0.7591835,0.5937827
gait_20260920_035116_owner_phone_shake_1,owner_phone_shake_1,2533329533715080,2026-09-20T03:51:29.872264Z,4.5474119,3.8676832,16.2781773,-3.3927834,-1.1882727,0.5760086,2.8136594,3.7532618,8.6158257,0.2374356,0.0640459,0.7623847,0.5985751
gait_20260920_035116_owner_phone_shake_1,owner_phone_shake_1,2533329543799594,2026-09-20T03:51:29.883285Z,4.2758946,4.0748563,16.0466881,-2.5342414,-0.5737936,0.4618294,2.8136594,3.7532618,8.6158257,0.2374356,0.0640459,0.7623847,0.5985751
gait_20260920_035116_owner_phone_shake_1,owner_phone_shake_1,2533329553884148,2026-09-20T03:51:29.892415Z,4.0161986,4.3317094,15.5226574,-2.5342414,-0.5737936,0.4618294,2.9259195,3.3106356,8.7586985,0.2268255,0.0419107,0.7652995,0.6009245
gait_20260920_035116_owner_phone_shake_1,owner_phone_shake_1,2533329563968213,2026-09-20T03:51:29.902863Z,3.8821981,4.4794765,14.7972889,-1.7408993,-0.1684709,0.4295708,2.9259195,3.3106356,8.7586985,0.2268255,0.0419107,0.7652995,0.6009245
gait_20260920_035116_owner_phone_shake_1,owner_phone_shake_1,2533329574052279,2026-09-20T03:51:29.911899Z,3.5589061,4.5830259,14.1512280,-1.7408993,-0.1684709,0.4295708,2.9706655,2.9995577,8.8551626,0.2179970,0.0278904,0.7681582,0.6013588
gait_20260920_035116_owner_phone_shake_1,owner_phone_shake_1,2533329584124138,2026-09-20T03:51:29.922691Z,3.2367363,4.5804071,13.5113783,-1.2725083,-0.0098258,0.2931587,2.9706655,2.9995577,8.8551626,0.2179970,0.0278904,0.7681582,0.6013588
gait_20260920_035116_owner_phone_shake_1,owner_phone_shake_1,2533329594221183,2026-09-20T03:51:29.934239Z,3.1000423,4.4931684,12.9717102,-1.2725083,-0.0098258,0.2931587,2.9818683,2.7687538,8.9262857,0.2106075,0.0181634,0.7700900,0.6018937
gait_20260920_035116_owner_phone_shake_1,owner_phone_shake_1,2533329604279411,2026-09-20T03:51:29.942718Z,3.0707881,4.3788452,12.5835505,-1.0467645,0.0769244,0.1957167,2.9818683,2.7687538,8.9262857,0.2106075,0.0181634,0.7700900,0.6018937
gait_20260920_035116_owner_phone_shake_1,owner_phone_shake_1,2533329614389315,2026-09-20T03:51:29.953792Z,3.0468462,4.3269210,12.2836761,-1.0467645,0.0769244,0.1957167,2.9740498,2.5761261,8.9863625,0.2037690,0.0105469,0.7715147,0.6026043
gait_20260920_035116_owner_phone_shake_1,owner_phone_shake_1,2533329624472974,2026-09-20T03:51:29.964316Z,3.0490906,4.3047748,11.9948006,-0.9350168,0.1150951,0.1424242,2.9740498,2.5761261,8.9863625,0.2037690,0.0105469,0.7715147,0.6026043
gait_20260920_035116_owner_phone_shake_1,owner_phone_shake_1,2533329634557609,2026-09-20T03:51:29.974733Z,3.0849290,4.2336969,11.6777935,-0.9350168,0.1150951,0.1424242,2.9560678,2.4034863,9.0399685,0.1972158,0.0040352,0.7726218,0.6034446
gait_20260920_035116_owner_phone_shake_1,owner_phone_shake_1,2533329644642367,2026-09-20T03:51:29.982664Z,3.0802901,4.1079264,11.5072813,-0.8552613,0.2276256,0.0657163,2.9560678,2.4034863,9.0399685,0.1972158,0.0040352,0.7726218,0.6034446
gait_20260920_035116_owner_phone_shake_1,owner_phone_shake_1,2533329654726555,2026-09-20T03:51:29.993567Z,2.8535891,3.9731028,11.6366434,-0.8552613,0.2276256,0.0657163,2.9125614,2.2483661,9.0938406,0.1901951,-0.0010318,0.7733965,0.6047169
gait_20260920_035116_owner_phone_shake_1,owner_phone_shake_1,2533329664785270,2026-09-20T03:51:30.004167Z,2.6861446,3.8777838,11.8322201,-0.8157415,0.2439464,-0.0335909,2.9125614,2.2483661,9.0938406,0.1901951,-0.0010318,0.7733965,0.6047169
gait_20260920_035116_owner_phone_shake_1,owner_phone_shake_1,2533329674895256,2026-09-20T03:51:30.014505Z,2.5220671,3.7742345,12.0504665,-0.8157415,0.2439464,-0.0335909,2.8645890,2.1050456,9.1432505,0.1834005,-0.0056297,0.7734994,0.6066558
gait_20260920_035116_owner_phone_shake_1,owner_phone_shake_1,2533329684979281,2026-09-20T03:51:30.024448Z,2.4098389,3.6729298,12.2012262,-0.7143193,0.1909703,-0.0892316,2.8645890,2.1050456,9.1432505,0.1834005,-0.0056297,0.7734994,0.6066558
gait_20260920_035116_owner_phone_shake_1,owner_phone_shake_1,2533329695038526,2026-09-20T03:51:30.034431Z,2.4063971,3.6218286,12.3434563,-0.7143193,0.1909703,-0.0892316,2.8252530,1.9846824,9.1823244,0.1777427,-0.0096001,0.7731858,0.6086864
gait_20260920_035116_owner_phone_shake_1,owner_phone_shake_1,2533329705148917,2026-09-20T03:51:30.043863Z,2.4550295,3.5314474,12.5340204,-0.5660662,0.1515838,-0.0766912,2.8252530,1.9846824,9.1823244,0.1777427,-0.0096001,0.7731858,0.6086864
gait_20260920_035116_owner_phone_shake_1,owner_phone_shake_1,2533329715231763,2026-09-20T03:51:30.053786Z,2.5068040,3.4614918,12.7771807,-0.5660662,0.1515838,-0.0766912,2.7934582,1.8908501,9.2118073,0.1732899,-0.0126366,0.7729297,0.6102383
gait_20260920_035116_owner_phone_shake_1,owner_phone_shake_1,2533329725316602,2026-09-20T03:51:30.063709Z,2.5626187,3.4428620,12.9748526,-0.3868036,0.1579456,-0.0551577,2.7934582,1.8908501,9.2118073,0.1732899,-0.0126366,0.7729297,0.6102383
gait_20260920_035116_owner_phone_shake_1,owner_phone_shake_1,2533329735400992,2026-09-20T03:51:30.073867Z,2.5766098,3.4862568,13.1730471,-0.3868036,0.1579456,-0.0551577,2.7598331,1.8308580,9.2340345,0.1698881,-0.0141408,0.7728333,0.6112829
gait_20260920_035116_owner_phone_shake_1,owner_phone_shake_1,2533329745484611,2026-09-20T03:51:30.083212Z,2.6345944,3.5461121,13.2403841,-0.0865170,0.1600940,-0.0517603,2.7598331,1.8308580,9.2340345,0.1698881,-0.0141408,0.7728333,0.6112829
gait_20260920_035116_owner_phone_shake_1,owner_phone_shake_1,2533329755568636,2026-09-20T03:51:30.094938Z,2.7044752,3.5532198,13.1562881,-0.0865170,0.1600940,-0.0517603,2.7260478,1.8312448,9.2439880,0.1684813,-0.0131102,0.7727722,0.6117722
gait_20260920_035116_owner_phone_shake_1,owner_phone_shake_1,2533329765628736,2026-09-20T03:51:30.103210Z,2.8060043,3.5433438,12.9973726,0.2981549,0.2016455,-0.0747594,2.7260478,1.8312448,9.2439880,0.1684813,-0.0131102,0.7727722,0.6117722
gait_20260920_035116_owner_phone_shake_1,owner_phone_shake_1,2533329775737337,2026-09-20T03:51:30.113843Z,2.8559833,3.5323453,12.8618011,0.2981549,0.2016455,-0.0747594,2.6823659,1.9053668,9.2417850,0.1691002,-0.0087185,0.7726693,0.6118098
gait_20260920_035116_owner_phone_shake_1,owner_phone_shake_1,2533329785821728,2026-09-20T03:51:30.124843Z,2.8687027,3.4763060,12.9122286,0.5629686,0.2252441,-0.1184592,2.6823659,1.9053668,9.2417850,0.1691002,-0.0087185,0.7726693,0.6118098
gait_20260920_035116_owner_phone_shake_1,owner_phone_shake_1,2533329795906161,2026-09-20T03:51:30.134639Z,2.9898343,3.4386723,13.1500778,0.5629686,0.2252441,-0.1184592,2.6344943,2.0250435,9.2300997,0.1710556,-0.0023682,0.7722925,0.6117997
gait_20260920_035116_owner_phone_shake_1,owner_phone_shake_1,2533329805990227,2026-09-20T03:51:30.144279Z,3.1185226,3.3176153,13.4872866,0.6406591,0.1646738,-0.1786464,2.6344943,2.0250435,9.2300997,0.1710556,-0.0023682,0.7722925,0.6117997
gait_20260920_035116_owner_phone_shake_1,owner_phone_shake_1,2533329816074373,2026-09-20T03:51:30.154795Z,3.1367035,3.1533132,13.7505741,0.6406591,0.1646738,-0.1786464,2.5961113,2.1569381,9.2110767,0.1738290,0.0040626,0.7713701,0.6121725
gait_20260920_035116_owner_phone_shake_1,owner_phone_shake_1,2533329826158805,2026-09-20T03:51:30.164914Z,3.1435120,2.9956701,13.7905273,0.7155850,0.2511409,-0.2686608,2.5961113,2.1569381,9.2110767,0.1738290,0.0040626,0.7713701,0.6121725
gait_20260920_035116_owner_phone_shake_1,owner_phone_shake_1,2533329836242790,2026-09-20T03:51:30.175099Z,3.2011225,2.8579288,13.5921078,0.7155850,0.2511409,-0.2686608,2.5286663,2.3081944,9.1931601,0.1760648,0.0121017,0.7700738,0.6130589
gait_20260920_035116_owner_phone_shake_1,owner_phone_shake_1,2533329846327913,2026-09-20T03:51:30.184614Z,3.1633389,2.7374704,13.0785513,0.8941981,0.6657232,-0.3103455,2.5286663,2.3081944,9.1931601,0.1760648,0.0121017,0.7700738,0.6130589
gait_20260920_035116_owner_phone_shake_1,owner_phone_shake_1,2533329856411369,2026-09-20T03:51:30.195128Z,2.8072762,2.7321582,12.3488436,0.8941981,0.6657232,-0.3103455,2.3728433,2.4952130,9.1858387,0.1758430,0.0245352,0.7693142,0.6137044
gait_20260920_035116_owner_phone_shake_1,owner_phone_shake_1,2533329866495679,2026-09-20T03:51:30.206219Z,2.3968952,2.7756279,11.5432692,1.0870836,1.1813614,-0.3067649,2.3728433,2.4952130,9.1858387,0.1758430,0.0245352,0.7693142,0.6137044
gait_20260920_035116_owner_phone_shake_1,owner_phone_shake_1,2533329876580477,2026-09-20T03:51:30.216646Z,2.1217117,2.7439048,10.6878662,1.0870836,1.1813614,-0.3067649,2.1204867,2.7151482,9.1851845,0.1727305,0.0416012,0.7693170,0.6136650
gait_20260920_035116_owner_phone_shake_1,owner_phone_shake_1,2533329886664705,2026-09-20T03:51:30.226091Z,1.9091514,2.7374704,9.9298763,1.1787467,1.5840029,-0.2562037,2.1204867,2.7151482,9.1851845,0.1727305,0.0416012,0.7693170,0.6136650
gait_20260920_035116_owner_phone_shake_1,owner_phone_shake_1,2533329896748771,2026-09-20T03:51:30.235379Z,1.7582419,2.7466731,9.2225399,1.1787467,1.5840029,-0.2562037,1.8011417,2.9442446,9.1827784,0.1671326,0.0614110,0.7700293,0.6126584
gait_20260920_035116_owner_phone_shake_1,owner_phone_shake_1,2533329906807690,2026-09-20T03:51:30.246051Z,1.6726491,2.7727849,8.5636854,1.1957171,1.8034347,-0.1801120,1.8011417,2.9442446,9.1827784,0.1671326,0.0614110,0.7700293,0.6126584
gait_20260920_035116_owner_phone_shake_1,owner_phone_shake_1,2533329916917309,2026-09-20T03:51:30.255652Z,1.4220810,2.7653029,7.9281745,1.1957171,1.8034347,-0.1801120,1.4523002,3.1714008,9.1689234,0.1601858,0.0822765,0.7711549,0.6106483
gait_20260920_035116_owner_phone_shake_1,owner_phone_shake_1,2533329926976188,2026-09-20T03:51:30.266010Z,1.2638392,2.8224645,7.2377467,1.2452124,1.8324958,-0.1436399,1.4523002,3.1714008,9.1689234,0.1601858,0.0822765,0.7711549,0.6106483
gait_20260920_035116_owner_phone_shake_1,owner_phone_shake_1,2533329937085807,2026-09-20T03:51:30.275245Z,1.0416274,2.9019969,6.4972649,1.2452124,1.8324958,-0.1436399,1.1061425,3.4071145,9.1325855,0.1535821,0.1034973,0.7720079,0.6080334
gait_20260920_035116_owner_phone_shake_1,owner_phone_shake_1,2533329947145215,2026-09-20T03:51:30.286855Z,0.7463924,2.8574049,5.7730937,1.3174071,1.7284588,-0.1497020,1.1061425,3.4071145,9.1325855,0.1535821,0.1034973,0.7720079,0.6080334
gait_20260920_035116_owner_phone_shake_1,owner_phone_shake_1,2533329957232088,2026-09-20T03:51:30.295865Z,0.5025579,2.8796260,5.0433111,1.3174071,1.7284588,-0.1497020,0.7837647,3.6549551,9.0699015,0.1483536,0.1245042,0.7721506,0.6052053
gait_20260920_035116_owner_phone_shake_1,owner_phone_shake_1,2533329967313794,2026-09-20T03:51:30.305568Z,0.2317138,2.8898015,4.2488103,1.3419549,1.5519441,-0.1271859,0.7837647,3.6549551,9.0699015,0.1483536,0.1245042,0.7721506,0.6052053
gait_20260920_035116_owner_phone_shake_1,owner_phone_shake_1,2533329977397615,2026-09-20T03:51:30.315425Z,0.0629974,2.9670892,3.5351136,1.3419549,1.5519441,-0.1271859,0.4988605,3.9029927,8.9863167,0.1446448,0.1444354,0.7718166,0.6020926
gait_20260920_035116_owner_phone_shake_1,owner_phone_shake_1,2533329987482535,2026-09-20T03:51:30.324881Z,-0.1405845,3.0205100,2.8438628,1.2562706,1.3213874,-0.0706958,0.4988605,3.9029927,8.9863167,0.1446448,0.1444354,0.7718166,0.6020926
gait_20260920_035116_owner_phone_shake_1,owner_phone_shake_1,2533329997588696,2026-09-20T03:51:30.335135Z,-0.3333178,3.0814123,2.2984335,1.2562706,1.3213874,-0.0706958,0.2636551,4.1308222,8.8939810,0.1422518,0.1620654,0.7713439,0.5987719
gait_20260920_035116_owner_phone_shake_1,owner_phone_shake_1,2533330007650830,2026-09-20T03:51:30.346296Z,-0.4944775,3.1555579,1.8389714,1.0493792,1.0645676,0.0060620,0.2636551,4.1308222,8.8939810,0.1422518,0.1620654,0.7713439,0.5987719
gait_20260920_035116_owner_phone_shake_1,owner_phone_shake_1,2533330017757886,2026-09-20T03:51:30.355113Z,-0.5612158,3.2286558,1.3628244,1.0493792,1.0645676,0.0060620,0.0817145,4.3187551,8.8078251,0.1406361,0.1764154,0.7711082,0.5953916
gait_20260920_035116_owner_phone_shake_1,owner_phone_shake_1,2533330027845531,2026-09-20T03:51:30.366088Z,-0.5677999,3.2714522,0.6772598,0.8167741,0.8598577,0.0868501,0.0817145,4.3187551,8.8078251,0.1406361,0.1764154,0.7711082,0.5953916
gait_20260920_035116_owner_phone_shake_1,owner_phone_shake_1,2533330037928458,2026-09-20T03:51:30.376563Z,-0.5095161,3.2615762,-0.0683844,0.8167741,0.8598577,0.0868501,-0.0573885,4.4683228,8.7330933,0.1393915,0.1878498,0.7712959,0.5919333
gait_20260920_035116_owner_phone_shake_1,owner_phone_shake_1,2533330048010245,2026-09-20T03:51:30.385716Z,-0.5062240,3.2135425,-0.8001871,0.6516839,0.6043369,0.1495021,-0.0573885,4.4683228,8.7330933,0.1393915,0.1878498,0.7712959,0.5919333
gait_20260920_035116_owner_phone_shake_1,owner_phone_shake_1,2533330058097321,2026-09-20T03:51:30.396099Z,-0.4945523,3.1848867,-1.3839234,0.6516839,0.6043369,0.1495021,-0.1407980,4.5927057,8.6673717,0.1395850,0.1964380,0.7716075,0.5886850
gait_20260920_035116_owner_phone_shake_1,owner_phone_shake_1,2533330068156933,2026-09-20T03:51:30.423634Z,-0.4325275,3.1114147,-1.6863410,0.3591581,0.0807381,0.1549479,-0.1407980,4.5927057,8.6673717,0.1395850,0.1964380,0.7716075,0.5886850
gait_20260920_035116_owner_phone_shake_1,owner_phone_shake_1,2533330078240877,2026-09-20T03:51:30.424109Z,-0.4048446,2.9635727,-1.5698482,0.3591581,0.0807381,0.1549479,-0.1407980,4.5927057,8.6673717,0.1395850,0.1964380,0.7716075,0.5886850
gait_20260920_035116_owner_phone_shake_1,owner_phone_shake_1,2533330088350089,2026-09-20T03:51:30.434330Z,-0.3309236,2.7737575,-0.9487773,-0.1589282,-0.6591116,0.1111981,-0.1227445,4.6607232,8.6312628,0.1423735,0.1990980,0.7716646,0.5870464
gait_20260920_035116_owner_phone_shake_1,owner_phone_shake_1,2533330098442496,2026-09-20T03:51:30.442290Z,-0.1116297,2.5369561,0.0177321,-0.1589282,-0.6591116,0.1111981,0.0319330,4.6233482,8.6521521,0.1477929,0.1923341,0.7714400,0.5882559
gait_20260920_035116_owner_phone_shake_1,owner_phone_shake_1,2533330108493806,2026-09-20T03:51:30.456559Z,0.2133832,2.3974190,1.2095956,-0.8291147,-1.2829002,0.1126304,0.0319330,4.6233482,8.6521521,0.1477929,0.1923341,0.7714400,0.5882559
gait_20260920_035116_owner_phone_shake_1,owner_phone_shake_1,2533330118603263,2026-09-20T03:51:30.457348Z,0.5313631,2.3573160,2.5432408,-0.8291147,-1.2829002,0.1126304,0.2852421,4.4688516,8.7283506,0.1535526,0.1770844,0.7716680,0.5912623
gait_20260920_035116_owner_phone_shake_1,owner_phone_shake_1,2533330128661774,2026-09-20T03:51:30.470445Z,0.8518121,2.3897126,3.7035308,-1.4288051,-1.5953941,0.1862406,0.2852421,4.4688516,8.7283506,0.1535526,0.1770844,0.7716680,0.5912623
gait_20260920_035116_owner_phone_shake_1,owner_phone_shake_1,2533330138746451,2026-09-20T03:51:30.476039Z,1.3726257,2.3906105,4.5878143,-1.4288051,-1.5953941,0.1862406,0.5948775,4.1996374,8.8456354,0.1576932,0.1551718,0.7728387,0.5947898
gait_20260920_035116_owner_phone_shake_1,owner_phone_shake_1,2533330148830558,2026-09-20T03:51:30.486235Z,1.9211224,2.3643489,5.6037788,-1.8235693,-1.5608040,0.2723746,0.5948775,4.1996374,8.8456354,0.1576932,0.1551718,0.7728387,0.5947898
gait_20260920_035116_owner_phone_shake_1,owner_phone_shake_1,2533330158940218,2026-09-20T03:51:30.496759Z,2.4498668,2.4628105,6.8449478,-1.8235693,-1.5608040,0.2723746,0.8970877,3.8558223,8.9757433,0.1588520,0.1306526,0.7748407,0.5977608
gait_20260920_035116_owner_phone_shake_1,owner_phone_shake_1,2533330169025829,2026-09-20T03:51:30.506758Z,2.8033109,2.4821138,8.0708542,-2.1459889,-1.3078978,0.2767712,0.8970877,3.8558223,8.9757433,0.1588520,0.1306526,0.7748407,0.5977608
gait_20260920_035116_owner_phone_shake_1,owner_phone_shake_1,2533330179108389,2026-09-20T03:51:30.517048Z,2.8461821,2.3754222,9.6262617,-2.1459889,-1.3078978,0.2767712,1.1512465,3.4472167,9.1119394,0.1558712,0.1051810,0.7770751,0.6006626
gait_20260920_035116_owner_phone_shake_1,owner_phone_shake_1,2533330189192862,2026-09-20T03:51:30.526708Z,2.8195467,2.2379801,11.3672953,-2.3673525,-1.2050099,0.0942611,1.1512465,3.4472167,9.1119394,0.1558712,0.1051810,0.7770751,0.6006626
gait_20260920_035116_owner_phone_shake_1,owner_phone_shake_1,2533330199251781,2026-09-20T03:51:30.537915Z,2.6642976,2.0608840,13.0629892,-2.3673525,-1.2050099,0.0942611,1.3798405,2.9998560,9.2375870,0.1508022,0.0788211,0.7777947,0.6050466
gait_20260920_035116_owner_phone_shake_1,owner_phone_shake_1,2533330209361807,2026-09-20T03:51:30.547301Z,2.5597758,1.9467852,14.5308590,-2.3946483,-1.2793363,-0.0959098,1.3798405,2.9998560,9.2375870,0.1508022,0.0788211,0.7777947,0.6050466
gait_20260920_035116_owner_phone_shake_1,owner_phone_shake_1,2533330219445222,2026-09-20T03:51:30.558276Z,2.6507554,1.9847932,15.5765266,-2.3946483,-1.2793363,-0.0959098,1.6136277,2.5558553,9.3327341,0.1461426,0.0523997,0.7767198,0.6104121
gait_20260920_035116_owner_phone_shake_1,owner_phone_shake_1,2533330229530427,2026-09-20T03:51:30.567657Z,2.6622775,2.0282629,16.4088116,-2.0797563,-1.1439734,-0.1361290,1.6136277,2.5558553,9.3327341,0.1461426,0.0523997,0.7767198,0.6104121
gait_20260920_035116_owner_phone_shake_1,owner_phone_shake_1,2533330239614655,2026-09-20T03:51:30.577112Z,2.6092310,2.1380222,16.9380798,-2.0797563,-1.1439734,-0.1361290,1.8155935,2.1811595,9.3905420,0.1423135,0.0300533,0.7750962,0.6148736
gait_20260920_035116_owner_phone_shake_1,owner_phone_shake_1,2533330249699535,2026-09-20T03:51:30.587780Z,2.4245782,2.3606830,17.1997948,-1.5346739,-0.9005433,-0.1342971,1.8155935,2.1811595,9.3905420,0.1423135,0.0300533,0.7750962,0.6148736
gait_20260920_035116_owner_phone_shake_1,owner_phone_shake_1,2533330259782462,2026-09-20T03:51:30.598219Z,2.2682068,2.5884314,17.0554695,-1.5346739,-0.9005433,-0.1342971,1.9710138,1.9153477,9.4171467,0.1400305,0.0138152,0.7733687,0.6181436
gait_20260920_035116_owner_phone_shake_1,owner_phone_shake_1,2533330269868359,2026-09-20T03:51:30.607490Z,2.0254946,2.7021558,16.6382809,-0.8870036,-0.6389270,-0.1341139,1.9710138,1.9153477,9.4171467,0.1400305,0.0138152,0.7733687,0.6181436
gait_20260920_035116_owner_phone_shake_1,owner_phone_shake_1,2533330279951488,2026-09-20T03:51:30.618086Z,1.7200843,2.8189480,15.9982805,-0.8870036,-0.6389270,-0.1341139,2.0760581,1.7747266,9.4221249,0.1397302,0.0043969,0.7717876,0.6203225
gait_20260920_035116_owner_phone_shake_1,owner_phone_shake_1,2533330290035269,2026-09-20T03:51:30.627670Z,1.5063269,3.0239515,15.2479973,-0.3230191,-0.3688507,-0.1015722,2.0760581,1.7747266,9.4221249,0.1397302,0.0043969,0.7717876,0.6203225
gait_20260920_035116_owner_phone_shake_1,owner_phone_shake_1,2533330300095938,2026-09-20T03:51:30.638345Z,1.4114567,3.1738136,14.3952122,-0.3230191,-0.3688507,-0.1015722,2.1302021,1.7356200,9.4173231,0.1406621,0.0008708,0.7707753,0.6213846
gait_20260920_035116_owner_phone_shake_1,owner_phone_shake_1,2533330310204417,2026-09-20T03:51:30.647915Z,1.4078654,3.2663646,13.4791307,0.0251141,-0.0544083,-0.0283283,2.1302021,1.7356200,9.4173231,0.1406621,0.0008708,0.7707753,0.6213846
gait_20260920_035116_owner_phone_shake_1,owner_phone_shake_1,2533330320288443,2026-09-20T03:51:30.658082Z,1.4466215,3.3518825,12.6386166,0.0251141,-0.0544083,-0.0283283,2.1260767,1.7518078,9.4152575,0.1410292,0.0016458,0.7707034,0.6213892
gait_20260920_035116_owner_phone_shake_1,owner_phone_shake_1,2533330330372794,2026-09-20T03:51:30.668325Z,1.4556746,3.4698715,11.9359932,0.1550478,0.2301237,0.0546581,2.1260767,1.7518078,9.4152575,0.1410292,0.0016458,0.7707034,0.6213892
gait_20260920_035116_owner_phone_shake_1,owner_phone_shake_1,2533330340457022,2026-09-20T03:51:30.678310Z,1.5601217,3.5688570,11.2490072,0.1550478,0.2301237,0.0546581,2.0740304,1.7829249,9.4210234,0.1399244,0.0047308,0.7715033,0.6206299
gait_20260920_035116_owner_phone_shake_1,owner_phone_shake_1,2533330350540884,2026-09-20T03:51:30.688605Z,1.6249148,3.5583074,10.7350769,0.1397096,0.3700498,0.0796390,2.0740304,1.7829249,9.4210234,0.1399244,0.0047308,0.7715033,0.6206299
gait_20260920_035116_owner_phone_shake_1,owner_phone_shake_1,2533330360625438,2026-09-20T03:51:30.698370Z,1.5263035,3.5291281,10.5239382,0.1397096,0.3700498,0.0796390,2.0024896,1.8068526,9.4319372,0.1377790,0.0081750,0.7725122,0.6198185
gait_20260920_035116_owner_phone_shake_1,owner_phone_shake_1,2533330370710521,2026-09-20T03:51:30.708259Z,1.4454244,3.5209730,10.6377373,0.0218832,0.2709424,0.0231656,2.0024896,1.8068526,9.4319372,0.1377790,0.0081750,0.7725122,0.6198185
gait_20260920_035116_owner_phone_shake_1,owner_phone_shake_1,2533330380794057,2026-09-20T03:51:30.718636Z,1.3759927,3.4522891,10.9655933,0.0218832,0.2709424,0.0231656,1.9562172,1.8088872,9.4412527,0.1359527,0.0097864,0.7728860,0.6197326
gait_20260920_035116_owner_phone_shake_1,owner_phone_shake_1,2533330390878286,2026-09-20T03:51:30.728734Z,1.3422493,3.3012300,11.3119297,-0.0544083,0.0377044,-0.0427839,1.9562172,1.8088872,9.4412527,0.1359527,0.0097864,0.7728860,0.6197326
gait_20260920_035116_owner_phone_shake_1,owner_phone_shake_1,2533330400972647,2026-09-20T03:51:30.738477Z,1.3842226,3.2302270,11.6003561,-0.0544083,0.0377044,-0.0427839,1.9525082,1.8019067,9.4433546,0.1355790,0.0095429,0.7725574,0.6202277
gait_20260920_035116_owner_phone_shake_1,owner_phone_shake_1,2533330411046825,2026-09-20T03:51:30.749005Z,1.5418659,3.2202761,11.8903542,0.0208840,-0.0801886,-0.0444326,1.9525082,1.8019067,9.4433546,0.1355790,0.0095429,0.7725574,0.6202277
gait_20260920_035116_owner_phone_shake_1,owner_phone_shake_1,2533330421131704,2026-09-20T03:51:30.758936Z,1.7103578,3.2137668,12.1799030,0.0208840,-0.0801886,-0.0444326,1.9684755,1.8131680,9.4378834,0.1366085,0.0094120,0.7721362,0.6205282
gait_20260920_035116_owner_phone_shake_1,owner_phone_shake_1,2533330431215811,2026-09-20T03:51:30.768947Z,1.7429788,3.1976061,12.4369802,0.1777138,-0.1654899,-0.0390034,1.9684755,1.8131680,9.4378834,0.1366085,0.0094120,0.7721362,0.6205282
gait_20260920_035116_owner_phone_shake_1,owner_phone_shake_1,2533330441299592,2026-09-20T03:51:30.779099Z,1.7464954,3.2074821,12.6042004,0.1777138,-0.1654899,-0.0390034,1.9996785,1.8561139,9.4229631,0.1393045,0.0100798,0.7716061,0.6205777
gait_20260920_035116_owner_phone_shake_1,owner_phone_shake_1,2533330451365346,2026-09-20T03:51:30.790924Z,1.8855087,3.1718683,12.6809645,0.3671353,-0.1795457,-0.0489125,1.9996785,1.8561139,9.4229631,0.1393045,0.0100798,0.7716061,0.6205777
gait_20260920_035116_owner_phone_shake_1,owner_phone_shake_1,2533330461468333,2026-09-20T03:51:30.799576Z,2.0517561,3.1626656,12.8020954,0.3671353,-0.1795457,-0.0489125,2.0297124,1.9355626,9.4005308,0.1431615,0.0122695,0.7710057,0.6204067
gait_20260920_035116_owner_phone_shake_1,owner_phone_shake_1,2533330471552399,2026-09-20T03:51:30.809237Z,2.2447886,3.1453078,12.9999914,0.5332580,-0.1005729,-0.0239983,2.0297124,1.9355626,9.4005308,0.1431615,0.0122695,0.7710057,0.6204067
gait_20260920_035116_owner_phone_shake_1,owner_phone_shake_1,2533330481636872,2026-09-20T03:51:30.820071Z,2.3062148,3.1482255,13.2418804,0.5332580,-0.1005729,-0.0239983,2.0434215,2.0431058,9.3747673,0.1472812,0.0161966,0.7706702,0.6197688
gait_20260920_035116_owner_phone_shake_1,owner_phone_shake_1,2533330491720978,2026-09-20T03:51:30.829488Z,2.2993314,3.1245081,13.3538847,0.6611267,0.0251307,-0.0388702,2.0434215,2.0431058,9.3747673,0.1472812,0.0161966,0.7706702,0.6197688
gait_20260920_035116_owner_phone_shake_1,owner_phone_shake_1,2533330501804963,2026-09-20T03:51:30.839756Z,2.2675335,3.0658500,13.3023338,0.6611267,0.0251307,-0.0388702,2.0300555,2.1751258,9.3479309,0.1511094,0.0220006,0.7703503,0.6190657
gait_20260920_035116_owner_phone_shake_1,owner_phone_shake_1,2533330511889842,2026-09-20T03:51:30.849557Z,2.1434090,3.0295630,13.1375837,0.8165410,0.2766380,-0.0648003,2.0300555,2.1751258,9.3479309,0.1511094,0.0220006,0.7703503,0.6190657
gait_20260920_035116_owner_phone_shake_1,owner_phone_shake_1,2533330521973623,2026-09-20T03:51:30.860100Z,2.0515316,3.0288897,12.8213987,0.8165410,0.2766380,-0.0648003,1.9638209,2.3367326,9.3230467,0.1537522,0.0307495,0.7702116,0.6182142
gait_20260920_035116_owner_phone_shake_1,owner_phone_shake_1,2533330532058299,2026-09-20T03:51:30.870974Z,1.9966146,3.0282161,12.5174847,0.9452757,0.5851682,-0.0623023,1.9638209,2.3367326,9.3230467,0.1537522,0.0307495,0.7702116,0.6182142
gait_20260920_035116_owner_phone_shake_1,owner_phone_shake_1,2533330542142202,2026-09-20T03:51:30.880488Z,1.9579333,3.0504375,12.2722292,0.9452757,0.5851682,-0.0623023,1.8401873,2.5197153,9.3005838,0.1547310,0.0423174,0.7704800,0.6169506
gait_20260920_035116_owner_phone_shake_1,owner_phone_shake_1,2533330552226756,2026-09-20T03:51:30.890631Z,1.9359366,3.0929346,12.0331078,1.0205179,0.8021353,-0.0518936,1.8401873,2.5197153,9.3005838,0.1547310,0.0423174,0.7704800,0.6169506
gait_20260920_035116_owner_phone_shake_1,owner_phone_shake_1,2533330562310984,2026-09-20T03:51:30.900450Z,1.8905964,3.0922611,11.7197666,1.0205179,0.8021353,-0.0518936,1.6799321,2.7148955,9.2759523,0.1545841,0.0556439,0.7709618,0.6153255
gait_20260920_035116_owner_phone_shake_1,owner_phone_shake_1,2533330572395376,2026-09-20T03:51:30.909957Z,1.8386720,3.0853777,11.3296614,1.1251878,0.9436436,-0.0744096,1.6799321,2.7148955,9.2759523,0.1545841,0.0556439,0.7709618,0.6153255
gait_20260920_035116_owner_phone_shake_1,owner_phone_shake_1,2533330582461375,2026-09-20T03:51:30.921Z,1.7717841,3.0820110,10.8740149,1.1251878,0.9436436,-0.0744096,1.4948761,2.9309692,9.2418003,0.1541027,0.0706481,0.7712455,0.6135485
gait_20260920_035116_owner_phone_shake_1,owner_phone_shake_1,2533330592538238,2026-09-20T03:51:30.930181Z,1.6531962,3.1058781,10.3127241,1.2615167,1.0506616,-0.1178930,1.4948761,2.9309692,9.2418003,0.1541027,0.0706481,0.7712455,0.6135485
gait_20260920_035116_owner_phone_shake_1,owner_phone_shake_1,2533330602648143,2026-09-20T03:51:30.940907Z,1.3727006,3.0996683,9.6852942,1.2615167,1.0506616,-0.1178930,1.2876433,3.1727655,9.1930218,0.1535760,0.0874398,0.7711167,0.6116762
gait_20260920_035116_owner_phone_shake_1,owner_phone_shake_1,2533330612733348,2026-09-20T03:51:30.951455Z,1.1212345,3.0811131,8.8612394,1.3813082,1.2475773,-0.1508511,1.2876433,3.1727655,9.1930218,0.1535760,0.0874398,0.7711167,0.6116762
gait_20260920_035116_owner_phone_shake_1,owner_phone_shake_1,2533330622817332,2026-09-20T03:51:30.961640Z,0.9366566,3.0539539,7.8778214,1.3813082,1.2475773,-0.1508511,1.0387398,3.4346821,9.1301746,0.1519902,0.1064998,0.7708098,0.6094334
gait_20260920_035116_owner_phone_shake_1,owner_phone_shake_1,2533330632901113,2026-09-20T03:51:30.971431Z,0.7787141,3.0971243,6.8503346,1.4598314,1.5570068,-0.1163775,1.0387398,3.4346821,9.1301746,0.1519902,0.1064998,0.7708098,0.6094334
gait_20260920_035116_owner_phone_shake_1,owner_phone_shake_1,2533330642985423,2026-09-20T03:51:30.981437Z,0.5939865,3.1810710,5.8821793,1.4598314,1.5570068,-0.1163775,0.7358009,3.7064788,9.0529957,0.1483682,0.1279716,0.7708656,0.6061159
gait_20260920_035116_owner_phone_shake_1,owner_phone_shake_1,2533330653069204,2026-09-20T03:51:30.991980Z,0.4588637,3.2210991,4.9902644,1.4494393,1.7484934,-0.0619525,0.7358009,3.7064788,9.0529957,0.1483682,0.1279716,0.7708656,0.6061159
gait_20260920_035116_owner_phone_shake_1,owner_phone_shake_1,2533330663154652,2026-09-20T03:51:31.001452Z,0.2975544,3.2131684,4.0798693,1.4494393,1.7484934,-0.0619525,0.4108429,3.9710078,8.9609375,0.1434118,0.1501016,0.7711098,0.6019071
gait_20260920_035116_owner_phone_shake_1,owner_phone_shake_1,2533330673238149,2026-09-20T03:51:31.010930Z,0.1343746,3.1564558,3.2615762,1.3463516,1.7094234,-0.0400859,0.4108429,3.9710078,8.9609375,0.1434118,0.1501016,0.7711098,0.6019071
gait_20260920_035116_owner_phone_shake_1,owner_phone_shake_1,2533330683322296,2026-09-20T03:51:31.020883Z,-0.0799065,3.0665236,2.5670331,1.3463516,1.7094234,-0.0400859,0.1058280,4.2129340,8.8586731,0.1384201,0.1707779,0.7711096,0.5975488
gait_20260920_035116_owner_phone_shake_1,owner_phone_shake_1,2533330693382070,2026-09-20T03:51:31.031469Z,-0.3067571,3.0725837,2.1121347,1.1411588,1.4495559,-0.0252640,0.1058280,4.2129340,8.8586731,0.1384201,0.1707779,0.7711096,0.5975488
gait_20260920_035116_owner_phone_shake_1,owner_phone_shake_1,2533330703492096,2026-09-20T03:51:31.041414Z,-0.5701941,3.0514100,1.7464205,1.1411588,1.4495559,-0.0252640,-0.1435600,4.4157615,8.7587986,0.1344151,0.1880460,0.7708128,0.5936489
gait_20260920_035116_owner_phone_shake_1,owner_phone_shake_1,2533330713575022,2026-09-20T03:51:31.051775Z,-0.7662942,2.9874399,1.4818612,0.8797925,1.0213174,-0.0090597,-0.1435600,4.4157615,8.7587986,0.1344151,0.1880460,0.7708128,0.5936489
gait_20260920_035116_owner_phone_shake_1,owner_phone_shake_1,2533330723659617,2026-09-20T03:51:31.061307Z,-0.9051579,2.9270613,1.2214170,0.8797925,1.0213174,-0.0090597,-0.3117449,4.5717955,8.6739616,0.1323084,0.2006382,0.7702848,0.5906778
gait_20260920_035116_owner_phone_shake_1,owner_phone_shake_1,2533330733725535,2026-09-20T03:51:31.071498Z,-0.9438392,2.8580782,0.8161235,0.6907707,0.5872999,0.0477801,-0.3117449,4.5717955,8.6739616,0.1323084,0.2006382,0.7702848,0.5906778
gait_20260920_035116_owner_phone_shake_1,owner_phone_shake_1,2533330743827626,2026-09-20T03:51:31.081429Z,-0.8743325,2.7675476,0.3191770,0.6907707,0.5872999,0.0477801,-0.3993407,4.6996608,8.6017342,0.1326476,0.2094056,0.7697880,0.5882010
gait_20260920_035116_owner_phone_shake_1,owner_phone_shake_1,2533330753912181,2026-09-20T03:51:31.091938Z,-0.8114848,2.7043257,-0.2424129,0.5993240,0.1816275,0.1527663,-0.3993407,4.6996608,8.6017342,0.1326476,0.2094056,0.7697880,0.5882010
gait_20260920_035116_owner_phone_shake_1,owner_phone_shake_1,2533330763996694,2026-09-20T03:51:31.101963Z,-0.6753893,2.6999114,-0.7030723,0.5993240,0.1816275,0.1527663,-0.4056763,4.8156729,8.5370274,0.1359449,0.2150848,0.7694907,0.5857829
gait_20260920_035116_owner_phone_shake_1,owner_phone_shake_1,2533330774081085,2026-09-20T03:51:31.111889Z,-0.4317045,2.7148750,-1.0324994,0.3944477,-0.3173402,0.2422977,-0.4056763,4.8156729,8.5370274,0.1359449,0.2150848,0.7694907,0.5857829
gait_20260920_035116_owner_phone_shake_1,owner_phone_shake_1,2533330784140330,2026-09-20T03:51:31.122133Z,-0.2006640,2.6348190,-1.1146505,0.3944477,-0.3173402,0.2422977,-0.3121513,4.8934722,8.4966230,0.1422224,0.2157938,0.7694302,0.5841087
gait_20260920_035116_owner_phone_shake_1,owner_phone_shake_1,2533330794249502,2026-09-20T03:51:31.132197Z,-0.0379331,2.4622121,-0.8629601,-0.0643507,-0.8867372,0.2524565,-0.3121513,4.8934722,8.4966230,0.1422224,0.2157938,0.7694302,0.5841087
gait_20260920_035116_owner_phone_shake_1,owner_phone_shake_1,2533330804334463,2026-09-20T03:51:31.142355Z,0.1005565,2.2019923,-0.2541595,-0.0643507,-0.8867372,0.2524565,-0.1190924,4.8830609,8.5075054,0.1499928,0.2091147,0.7695807,0.5843960
gait_20260920_035116_owner_phone_shake_1,owner_phone_shake_1,2533330814418202,2026-09-20T03:51:31.152161Z,0.3255366,1.9147629,0.5851579,-0.7837328,-1.2918767,0.2116212,-0.1190924,4.8830609,8.5075054,0.1499928,0.2091147,0.7695807,0.5843960
gait_20260920_035116_owner_phone_shake_1,owner_phone_shake_1,2533330824494090,2026-09-20T03:51:31.162906Z,0.5396680,1.6159365,1.6043396,-0.7837328,-1.2918767,0.2116212,0.1361567,4.7386065,8.5885496,0.1560526,0.1942430,0.7704244,0.5868250
gait_20260920_035116_owner_phone_shake_1,owner_phone_shake_1,2533330834561961,2026-09-20T03:51:31.172750Z,0.7298574,1.3592331,2.7819877,-1.5511614,-1.4806987,0.2277088,0.1361567,4.7386065,8.5885496,0.1560526,0.1942430,0.7704244,0.5868250
gait_20260920_035116_owner_phone_shake_1,owner_phone_shake_1,2533330844670765,2026-09-20T03:51:31.182994Z,1.1861025,1.1541549,3.9826050,-1.5511614,-1.4806987,0.2277088,0.4252421,4.4442620,8.7352057,0.1584208,0.1717554,0.7725391,0.5904120
gait_20260920_035116_owner_phone_shake_1,owner_phone_shake_1,2533330854755401,2026-09-20T03:51:31.192475Z,1.6695068,0.9526678,5.2192850,-2.1864245,-1.5532430,0.3093962,0.4252421,4.4442620,8.7352057,0.1584208,0.1717554,0.7725391,0.5904120
gait_20260920_035116_owner_phone_shake_1,owner_phone_shake_1,2533330864848622,2026-09-20T03:51:31.204437Z,2.0159178,0.8592191,6.7324204,-2.1864245,-1.5532430,0.3093962,0.7360224,4.0280495,8.9145498,0.1574895,0.1436850,0.7757282,0.5939676
gait_20260920_035116_owner_phone_shake_1,owner_phone_shake_1,2533330874918284,2026-09-20T03:51:31.212693Z,2.3614311,1.0693852,8.3689318,-2.6169281,-1.5750431,0.4252575,0.7360224,4.0280495,8.9145498,0.1574895,0.1436850,0.7757282,0.5939676
gait_20260920_035116_owner_phone_shake_1,owner_phone_shake_1,2533330885007639,2026-09-20T03:51:31.223531Z,2.6494086,1.3712790,9.8828154,-2.6169281,-1.5750431,0.4252575,1.0605208,3.5279057,9.0920458,0.1543344,0.1121478,0.7794241,0.5967429
gait_20260920_035116_owner_phone_shake_1,owner_phone_shake_1,2533330895092926,2026-09-20T03:51:31.233846Z,2.9030445,1.5497218,11.2021704,-2.7234130,-1.5902981,0.4377978,1.0605208,3.5279057,9.0920458,0.1543344,0.1121478,0.7794241,0.5967429
gait_20260920_035116_owner_phone_shake_1,owner_phone_shake_1,2533330905176422,2026-09-20T03:51:31.243018Z,3.3417070,1.6309003,12.2143192,-2.7234130,-1.5902981,0.4377978,1.3861722,3.0103636,9.2332191,0.1508704,0.0802131,0.7822772,0.5990378
gait_20260920_035116_owner_phone_shake_1,owner_phone_shake_1,2533330915261626,2026-09-20T03:51:31.253071Z,3.6569185,1.5803227,13.1240406,-2.4869943,-1.5215673,0.3452521,1.3861722,3.0103636,9.2332191,0.1508704,0.0802131,0.7822772,0.5990378
gait_20260920_035116_owner_phone_shake_1,owner_phone_shake_1,2533330925319813,2026-09-20T03:51:31.265840Z,3.6365678,1.6347909,14.0633907,-2.4869943,-1.5215673,0.3452521,1.6879178,2.5414131,9.3235331,0.1482102,0.0512021,0.7835976,0.6011545
gait_20260920_035116_owner_phone_shake_1,owner_phone_shake_1,2533330935429107,2026-09-20T03:51:31.273035Z,3.4513915,1.7799393,15.0091753,-2.1847093,-1.4053897,0.1560637,1.6879178,2.5414131,9.3235331,0.1482102,0.0512021,0.7835976,0.6011545
gait_20260920_035116_owner_phone_shake_1,owner_phone_shake_1,2533330945489736,2026-09-20T03:51:31.283312Z,3.2415996,1.8210149,15.8928604,-2.1847093,-1.4053897,0.1560637,1.9547373,2.1336904,9.3734989,0.1462028,0.0257154,0.7831064,0.6039105
gait_20260920_035116_owner_phone_shake_1,owner_phone_shake_1,2533330955598052,2026-09-20T03:51:31.293815Z,3.0637553,1.8161516,16.5024090,-1.8872871,-1.2503419,-0.0272957,1.9547373,2.1336904,9.3734989,0.1462028,0.0257154,0.7831064,0.6039105
gait_20260920_035116_owner_phone_shake_1,owner_phone_shake_1,2533330965682200,2026-09-20T03:51:31.304642Z,2.9088802,1.9137154,16.9267807,-1.8872871,-1.2503419,-0.0272957,2.1823161,1.7891641,9.3953447,0.1445814,0.0039331,0.7812703,0.6072048
gait_20260920_035116_owner_phone_shake_1,owner_phone_shake_1,2533330975779693,2026-09-20T03:51:31.313727Z,2.7415855,2.0608840,17.1109104,-1.4795495,-1.0351235,-0.0845186,2.1823161,1.7891641,9.3953447,0.1445814,0.0039331,0.7812703,0.6072048
gait_20260920_035116_owner_phone_shake_1,owner_phone_shake_1,2533330985850615,2026-09-20T03:51:31.324684Z,2.5921721,2.2038627,16.9823723,-1.4795495,-1.0351235,-0.0845186,2.3651214,1.5281497,9.3971844,0.1437162,-0.0129587,0.7792380,0.6098900
gait_20260920_035116_owner_phone_shake_1,owner_phone_shake_1,2533330995934966,2026-09-20T03:51:31.334868Z,2.5450363,2.3643489,16.6016941,-1.0309600,-0.7359860,-0.0511608,2.3651214,1.5281497,9.3971844,0.1437162,-0.0129587,0.7792380,0.6098900
gait_20260920_035116_owner_phone_shake_1,owner_phone_shake_1,2533331006019236,2026-09-20T03:51:31.344247Z,2.4292917,2.5126398,16.1332531,-1.0309600,-0.7359860,-0.0511608,2.4893255,1.3499207,9.3923950,0.1430625,-0.0244491,0.7778232,0.6114953
gait_20260920_035116_owner_phone_shake_1,owner_phone_shake_1,2533331016078196,2026-09-20T03:51:31.354115Z,2.1719151,2.6694601,15.7694845,-0.7246780,-0.3948474,-0.0045632,2.4893255,1.3499207,9.3923950,0.1430625,-0.0244491,0.7778232,0.6114953
gait_20260920_035116_owner_phone_shake_1,owner_phone_shake_1,2533331026187611,2026-09-20T03:51:31.364577Z,1.9280057,2.8775311,15.3627691,-0.7246780,-0.3948474,-0.0045632,2.5495298,1.2225523,9.3936882,0.1414077,-0.0316793,0.7771878,0.6123558
gait_20260920_035116_owner_phone_shake_1,owner_phone_shake_1,2533331036271921,2026-09-20T03:51:31.373909Z,1.8402433,3.1021373,14.8287125,-0.5156215,-0.0916631,0.0594544,2.5495298,1.2225523,9.3936882,0.1414077,-0.0316793,0.7771878,0.6123558
gait_20260920_035116_owner_phone_shake_1,owner_phone_shake_1,2533331046356353,2026-09-20T03:51:31.384265Z,1.8566287,3.2932992,14.2635317,-0.5156215,-0.0916631,0.0594544,2.5555778,1.1317059,9.4034233,0.1387250,-0.0355284,0.7774349,0.6124444
gait_20260920_035116_owner_phone_shake_1,owner_phone_shake_1,2533331056440703,2026-09-20T03:51:31.394161Z,1.9819500,3.5669117,13.6493435,-0.1941845,0.0905806,0.1561137,2.5555778,1.1317059,9.4034233,0.1387250,-0.0355284,0.7774349,0.6124444
gait_20260920_035116_owner_phone_shake_1,owner_phone_shake_1,2533331066520985,2026-09-20T03:51:31.405Z,2.0978444,3.8297501,13.0337343,-0.1941845,0.0905806,0.1561137,2.5356882,1.1009543,9.4124537,0.1369669,-0.0359112,0.7785854,0.6113552
gait_20260920_035116_owner_phone_shake_1,owner_phone_shake_1,2533331076609283,2026-09-20T03:51:31.414509Z,2.2022915,4.0174704,12.4969845,0.1314493,0.0621857,0.1720182,2.5356882,1.1009543,9.4124537,0.1369669,-0.0359112,0.7785854,0.6113552
gait_20260920_035116_owner_phone_shake_1,owner_phone_shake_1,2533331086693837,2026-09-20T03:51:31.425008Z,2.2661867,4.1206455,12.1092739,0.1314493,0.0621857,0.1720182,2.5282137,1.1316794,9.4108210,0.1377164,-0.0341602,0.7797391,0.6098149
gait_20260920_035116_owner_phone_shake_1,owner_phone_shake_1,2533331096777861,2026-09-20T03:51:31.434313Z,2.3997383,4.1611223,11.9768448,0.3238185,-0.0772741,0.1076009,2.5282137,1.1316794,9.4108210,0.1377164,-0.0341602,0.7797391,0.6098149
gait_20260920_035116_owner_phone_shake_1,owner_phone_shake_1,2533331106862294,2026-09-20T03:51:31.445547Z,2.4915409,4.1435399,12.1461592,0.3238185,-0.0772741,0.1076009,2.5490119,1.1976529,9.3970356,0.1407482,-0.0319700,0.7802553,0.6085800
gait_20260920_035116_owner_phone_shake_1,owner_phone_shake_1,2533331116961293,2026-09-20T03:51:31.455039Z,2.6399815,4.1011925,12.4021893,0.3956135,-0.2262266,0.0277621,2.5490119,1.1976529,9.3970356,0.1407482,-0.0319700,0.7802553,0.6085800
gait_20260920_035116_owner_phone_shake_1,owner_phone_shake_1,2533331127007394,2026-09-20T03:51:31.466014Z,2.7975500,4.0167971,12.5521259,0.3956135,-0.2262266,0.0277621,2.5948362,1.2790279,9.3737411,0.1452937,-0.0300618,0.7800869,0.6078244
gait_20260920_035116_owner_phone_shake_1,owner_phone_shake_1,2533331137115101,2026-09-20T03:51:31.475440Z,2.9498062,3.9058409,12.6242514,0.5283118,-0.2540387,-0.0324585,2.5948362,1.2790279,9.3737411,0.1452937,-0.0300618,0.7800869,0.6078244
gait_20260920_035116_owner_phone_shake_1,owner_phone_shake_1,2533331147174549,2026-09-20T03:51:31.485813Z,3.1946132,3.8176293,12.6151237,0.5283118,-0.2540387,-0.0324585,2.6400185,1.3899318,9.3452930,0.1507625,-0.0269857,0.7795835,0.6072824
gait_20260920_035116_owner_phone_shake_1,owner_phone_shake_1,2533331157283721,2026-09-20T03:51:31.495980Z,3.3565960,3.7437084,12.6564236,0.6881393,-0.1500517,-0.0932952,2.6400185,1.3899318,9.3452930,0.1507625,-0.0269857,0.7795835,0.6072824
gait_20260920_035116_owner_phone_shake_1,owner_phone_shake_1,2533331167343087,2026-09-20T03:51:31.505771Z,3.4054527,3.6661212,12.6654768,0.6881393,-0.1500517,-0.0932952,2.6596336,1.5330093,9.3173141,0.1562088,-0.0218332,0.7788922,0.6070001
gait_20260920_035116_owner_phone_shake_1,owner_phone_shake_1,2533331177452056,2026-09-20T03:51:31.516665Z,3.4052281,3.4726400,12.6887455,0.7862142,0.0065949,-0.2013624,2.6596336,1.5330093,9.3173141,0.1562088,-0.0218332,0.7788922,0.6070001
gait_20260920_035116_owner_phone_shake_1,owner_phone_shake_1,2533331187511870,2026-09-20T03:51:31.525598Z,3.3354223,3.2341924,12.9155207,0.7862142,0.0065949,-0.2013624,2.6455307,1.6970518,9.2928619,0.1609283,-0.0148997,0.7777067,0.6074969
gait_20260920_035116_owner_phone_shake_1,owner_phone_shake_1,2533331197617908,2026-09-20T03:51:31.536186Z,3.2647185,3.0472951,13.2496614,0.8018355,0.1087667,-0.3255006,2.6455307,1.6970518,9.2928619,0.1609283,-0.0148997,0.7777067,0.6074969
gait_20260920_035116_owner_phone_shake_1,owner_phone_shake_1,2533331207679839,2026-09-20T03:51:31.545751Z,3.2568624,2.8064532,13.4854908,0.8018355,0.1087667,-0.3255006,2.6083117,1.8667521,9.2708178,0.1648902,-0.0071914,0.7758709,0.6089204
gait_20260920_035116_owner_phone_shake_1,owner_phone_shake_1,2533331217789214,2026-09-20T03:51:31.555751Z,3.1526399,2.5235634,13.6818151,0.8541288,0.2602839,-0.4190789,2.6083117,1.8667521,9.2708178,0.1648902,-0.0071914,0.7758709,0.6089204
gait_20260920_035116_owner_phone_shake_1,owner_phone_shake_1,2533331227875111,2026-09-20T03:51:31.566982Z,2.9367127,2.3107786,13.6586962,0.8541288,0.2602839,-0.4190789,2.5353246,2.0518885,9.2519178,0.1679218,0.0021746,0.7737154,0.6108701
gait_20260920_035116_owner_phone_shake_1,owner_phone_shake_1,2533331237957996,2026-09-20T03:51:31.576157Z,2.7938089,2.0590882,13.2936554,1.0172871,0.5142393,-0.4781170,2.5353246,2.0518885,9.2519178,0.1679218,0.0021746,0.7737154,0.6108701
gait_20260920_035116_owner_phone_shake_1,owner_phone_shake_1,2533331248043364,2026-09-20T03:51:31.586774Z,2.7153988,1.8265514,12.9328794,1.0172871,0.5142393,-0.4781170,2.4065516,2.2705336,9.2352200,0.1698195,0.0146930,0.7716287,0.6128089
gait_20260920_035116_owner_phone_shake_1,owner_phone_shake_1,2533331258126169,2026-09-20T03:51:31.596180Z,2.6214263,1.7589152,12.5798836,1.1856081,0.8553612,-0.4730875,2.4065516,2.2705336,9.2352200,0.1698195,0.0146930,0.7716287,0.6128089
gait_20260920_035116_owner_phone_shake_1,owner_phone_shake_1,2533331268224843,2026-09-20T03:51:31.606613Z,2.5010428,1.7820343,12.2465658,1.1856081,0.8553612,-0.4730875,2.2127943,2.5156446,9.2201509,0.1699887,0.0305077,0.7700258,0.6141933
gait_20260920_035116_owner_phone_shake_1,owner_phone_shake_1,2533331278294951,2026-09-20T03:51:31.616147Z,2.3804350,1.7512089,11.7856827,1.2660965,1.0983583,-0.4790662,2.2127943,2.5156446,9.2201509,0.1699887,0.0305077,0.7700258,0.6141933
gait_20260920_035116_owner_phone_shake_1,owner_phone_shake_1,2533331288353992,2026-09-20T03:51:31.626331Z,2.2043116,1.6571617,11.4068003,1.2660965,1.0983583,-0.4790662,1.9754273,2.7715447,9.2006702,0.1688188,0.0482350,0.7685008,0.6152887
gait_20260920_035116_owner_phone_shake_1,owner_phone_shake_1,2533331298463368,2026-09-20T03:51:31.636361Z,1.9721488,1.6240917,11.0157223,1.3926661,1.2184496,-0.5024983,1.9754273,2.7715447,9.2006702,0.1688188,0.0482350,0.7685008,0.6152887
gait_20260920_035116_owner_phone_shake_1,owner_phone_shake_1,2533331308524646,2026-09-20T03:51:31.646060Z,1.7581670,1.6239421,10.4295912,1.3926661,1.2184496,-0.5024983,1.7168915,3.0500455,9.1643667,0.1676634,0.0676216,0.7666591,0.6160766
gait_20260920_035116_owner_phone_shake_1,owner_phone_shake_1,2533331318630034,2026-09-20T03:51:31.656116Z,1.5004163,1.6365117,9.6495304,1.6048869,1.2984051,-0.4951872,1.7168915,3.0500455,9.1643667,0.1676634,0.0676216,0.7666591,0.6160766
gait_20260920_035116_owner_phone_shake_1,owner_phone_shake_1,2533331328711659,2026-09-20T03:51:31.666861Z,1.2645874,1.7108067,8.6605759,1.6048869,1.2984051,-0.4951872,1.4478774,3.3073838,9.1214571,0.1654442,0.0866756,0.7651629,0.6161503
gait_20260920_035116_owner_phone_shake_1,owner_phone_shake_1,2533331338807036,2026-09-20T03:51:31.676747Z,1.0180595,1.8254292,7.5089645,1.8845226,1.4589820,-0.4123673,1.4478774,3.3073838,9.1214571,0.1654442,0.0866756,0.7651629,0.6161503
gait_20260920_035116_owner_phone_shake_1,owner_phone_shake_1,2533331348860096,2026-09-20T03:51:31.687370Z,0.7722797,1.9803789,6.2546277,1.8845226,1.4589820,-0.4123673,1.1476461,3.6679986,9.0257854,0.1654482,0.1113294,0.7633215,0.6144696
gait_20260920_035116_owner_phone_shake_1,owner_phone_shake_1,2533331358969430,2026-09-20T03:51:31.697554Z,0.5447557,2.1233575,4.9622073,2.0272133,1.6501021,-0.2833662,1.1476461,3.6679986,9.0257854,0.1654482,0.1113294,0.7633215,0.6144696
gait_20260920_035116_owner_phone_shake_1,owner_phone_shake_1,2533331369054432,2026-09-20T03:51:31.708446Z,0.3713257,2.2988076,3.7778258,2.0272133,1.6501021,-0.2833662,0.8230297,4.0405636,8.9012680,0.1647229,0.1378001,0.7619992,0.6109294
gait_20260920_035116_owner_phone_shake_1,owner_phone_shake_1,2533331379138131,2026-09-20T03:51:31.717885Z,0.1502362,2.4541316,2.7379942,1.9169477,1.7914939,-0.1538821,0.8230297,4.0405636,8.9012680,0.1647229,0.1378001,0.7619992,0.6109294
gait_20260920_035116_owner_phone_shake_1,owner_phone_shake_1,2533331389223662,2026-09-20T03:51:31.727713Z,-0.0575357,2.6170120,1.8278981,1.9169477,1.7914939,-0.1538821,0.4909897,4.3799543,8.7641916,0.1623179,0.1636260,0.7612945,0.6060612
gait_20260920_035116_owner_phone_shake_1,owner_phone_shake_1,2533331399307321,2026-09-20T03:51:31.739173Z,-0.3130419,2.7252002,1.0642974,1.6301175,1.7188828,-0.0487626,0.4909897,4.3799543,8.7641916,0.1623179,0.1636260,0.7612945,0.6060612
gait_20260920_035116_owner_phone_shake_1,owner_phone_shake_1,2533331409370391,2026-09-20T03:51:31.748768Z,-0.5610662,2.8550856,0.4117279,1.6301175,1.7188828,-0.0487626,0.1902640,4.6655741,8.6274176,0.1591379,0.1864918,0.7609599,0.6006963
gait_20260920_035116_owner_phone_shake_1,owner_phone_shake_1,2533331419450346,2026-09-20T03:51:31.758119Z,-0.7743746,2.9841480,-0.0995090,1.2951576,1.3912339,0.0352064,0.1902640,4.6655741,8.6274176,0.1591379,0.1864918,0.7609599,0.6006963
gait_20260920_035116_owner_phone_shake_1,owner_phone_shake_1,2533331429534087,2026-09-20T03:51:31.767389Z,-0.9556606,3.0813377,-0.4192846,1.2951576,1.3912339,0.0352064,-0.0354524,4.8928037,8.5026655,0.1569634,0.2045354,0.7607139,0.5956863
gait_20260920_035116_owner_phone_shake_1,owner_phone_shake_1,2533331439618600,2026-09-20T03:51:31.778322Z,-1.1003602,3.1212909,-0.6943185,0.9708560,0.8177234,0.1090498,-0.0354524,4.8928037,8.5026655,0.1569634,0.2045354,0.7607139,0.5956863
gait_20260920_035116_owner_phone_shake_1,owner_phone_shake_1,2533331449729805,2026-09-20T03:51:31.788338Z,-1.1693431,3.0978725,-1.0448446,0.9708560,0.8177234,0.1090498,-0.1497867,5.0645123,8.4002609,0.1575894,0.2164751,0.7603805,0.5917141
gait_20260920_035116_owner_phone_shake_1,owner_phone_shake_1,2533331459812447,2026-09-20T03:51:31.799745Z,-1.1005098,3.0015807,-1.4565724,0.6801122,0.2695268,0.1978317,-0.1497867,5.0645123,8.4002609,0.1575894,0.2164751,0.7603805,0.5917141
gait_20260920_035116_owner_phone_shake_1,owner_phone_shake_1,2533331469896757,2026-09-20T03:51:31.809904Z,-0.9288006,2.9545197,-1.7436522,0.6801122,0.2695268,0.1978317,-0.1629021,5.1873841,8.3246994,0.1608098,0.2229045,0.7602905,0.5885679
gait_20260920_035116_owner_phone_shake_1,owner_phone_shake_1,2533331479980946,2026-09-20T03:51:31.818836Z,-0.6686556,2.9783120,-1.8759319,0.3508312,-0.2137029,0.3250676,-0.1629021,5.1873841,8.3246994,0.1608098,0.2229045,0.7602905,0.5885679
gait_20260920_035116_owner_phone_shake_1,owner_phone_shake_1,2533331490066435,2026-09-20T03:51:31.829434Z,-0.3939210,3.0895677,-1.8960581,0.3508312,-0.2137029,0.3250676,-0.0790403,5.2528100,8.2847958,0.1660743,0.2235939,0.7609305,0.5860119
gait_20260920_035116_owner_phone_shake_1,owner_phone_shake_1,2533331500149809,2026-09-20T03:51:31.839394Z,0.0326958,3.1405191,-1.6386065,-0.1179430,-0.7460117,0.4061887,-0.0790403,5.2528100,8.2847958,0.1660743,0.2235939,0.7609305,0.5860119
gait_20260920_035116_owner_phone_shake_1,owner_phone_shake_1,2533331510233672,2026-09-20T03:51:31.848161Z,0.4632780,3.0847793,-0.9831939,-0.1179430,-0.7460117,0.4061887,0.1057967,5.2336287,8.2966290,0.1728049,0.2170275,0.7621753,0.5849158
gait_20260920_035116_owner_phone_shake_1,owner_phone_shake_1,2533331520317859,2026-09-20T03:51:31.859551Z,0.7561188,2.9613283,-0.1021277,-0.8090134,-1.2167343,0.3815576,0.1057967,5.2336287,8.2966290,0.1728049,0.2170275,0.7621753,0.5849158
gait_20260920_035116_owner_phone_shake_1,owner_phone_shake_1,2533331530402738,2026-09-20T03:51:31.868867Z,1.0279355,2.8072762,1.0176105,-0.8090134,-1.2167343,0.3815576,0.3664550,5.0886993,8.3789597,0.1787003,0.2020425,0.7638869,0.5862780
gait_20260920_035116_owner_phone_shake_1,owner_phone_shake_1,2533331540486845,2026-09-20T03:51:31.878727Z,1.3321488,2.6610055,2.4278703,-1.5929793,-1.5451659,0.3186058,0.3664550,5.0886993,8.3789597,0.1787003,0.2020425,0.7638869,0.5862780
gait_20260920_035116_owner_phone_shake_1,owner_phone_shake_1,2533331550572335,2026-09-20T03:51:31.888977Z,1.6769886,2.5066543,3.9818566,-1.5929793,-1.5451659,0.3186058,0.6770019,4.7972002,8.5302200,0.1818955,0.1787416,0.7660714,0.5900000
gait_20260920_035116_owner_phone_shake_1,owner_phone_shake_1,2533331560655261,2026-09-20T03:51:31.898750Z,2.1561282,2.3621793,5.6230822,-2.2728083,-1.8305306,0.3023183,0.6770019,4.7972002,8.5302200,0.1818955,0.1787416,0.7660714,0.5900000
gait_20260920_035116_owner_phone_shake_1,owner_phone_shake_1,2533331570739124,2026-09-20T03:51:31.909160Z,2.6990135,2.2911015,7.5108352,-2.2728083,-1.8305306,0.3023183,1.0379781,4.3762932,8.7181864,0.1829034,0.1482901,0.7683839,0.5950990
gait_20260920_035116_owner_phone_shake_1,owner_phone_shake_1,2533331580823881,2026-09-20T03:51:31.920037Z,3.3229275,2.3502831,9.4169188,-2.6921704,-2.0109923,0.3146589,1.0379781,4.3762932,8.7181864,0.1829034,0.1482901,0.7683839,0.5950990
gait_20260920_035116_owner_phone_shake_1,owner_phone_shake_1,2533331590883044,2026-09-20T03:51:31.930780Z,3.7992988,2.4328830,11.1076746,-2.6921704,-2.0109923,0.3146589,1.4426965,3.8678412,8.8991308,0.1828058,0.1131113,0.7703716,0.6002629
gait_20260920_035116_owner_phone_shake_1,owner_phone_shake_1,2533331600992134,2026-09-20T03:51:31.940098Z,3.9937530,2.5002947,12.5078335,-2.7006304,-1.9407128,0.2292910,1.4426965,3.8678412,8.8991308,0.1828058,0.1131113,0.7703716,0.6002629
gait_20260920_035116_owner_phone_shake_1,owner_phone_shake_1,2533331611076485,2026-09-20T03:51:31.951093Z,3.9770682,2.5801265,13.5868702,-2.7006304,-1.9407128,0.2292910,1.8088917,3.3734293,9.0323858,0.1816943,0.0799965,0.7707326,0.6054412
gait_20260920_035116_owner_phone_shake_1,owner_phone_shake_1,2533331621161202,2026-09-20T03:51:31.964683Z,3.7779756,2.6223991,14.4811792,-2.4114022,-1.8610572,0.0602871,1.8088917,3.3734293,9.0323858,0.1816943,0.0799965,0.7707326,0.6054412
gait_20260920_035116_owner_phone_shake_1,owner_phone_shake_1,2533331631245715,2026-09-20T03:51:31.969860Z,3.6108303,2.6438720,15.0979109,-2.4114022,-1.8610572,0.0602871,2.1484773,2.9402781,9.1090565,0.1815645,0.0503072,0.7691195,0.6107035
gait_20260920_035116_owner_phone_shake_1,owner_phone_shake_1,2533331641329537,2026-09-20T03:51:31.979465Z,3.5783589,2.6241946,15.4426756,-2.0092604,-1.6401598,-0.0444826,2.1484773,2.9402781,9.1090565,0.1815645,0.0503072,0.7691195,0.6107035
gait_20260920_035116_owner_phone_shake_1,owner_phone_shake_1,2533331651415393,2026-09-20T03:51:31.989610Z,3.5742438,2.6007764,15.6624184,-2.0092604,-1.6401598,-0.0444826,2.4370458,2.5856800,9.1439142,0.1818192,0.0255931,0.7666192,0.6152899
gait_20260920_035116_owner_phone_shake_1,owner_phone_shake_1,2533331661498278,2026-09-20T03:51:32.000241Z,3.5898061,2.6871173,15.8140011,-1.6028217,-1.2932256,-0.0404190,2.4370458,2.5856800,9.1439142,0.1818192,0.0255931,0.7666192,0.6152899
gait_20260920_035116_owner_phone_shake_1,owner_phone_shake_1,2533331671582588,2026-09-20T03:51:32.010303Z,3.6767457,2.7720366,15.8409367,-1.6028217,-1.2932256,-0.0404190,2.6598923,2.3037937,9.1571617,0.1816458,0.0062175,0.7644026,0.6185911
gait_20260920_035116_owner_phone_shake_1,owner_phone_shake_1,2533331681667102,2026-09-20T03:51:32.020442Z,3.6822822,2.8100445,15.7453928,-1.2585356,-0.8898848,-0.0264131,2.6598923,2.3037937,9.1571617,0.1816458,0.0062175,0.7644026,0.6185911
gait_20260920_035116_owner_phone_shake_1,owner_phone_shake_1,2533331691751819,2026-09-20T03:51:32.031703Z,3.4851346,2.8535891,15.4625778,-1.2585356,-0.8898848,-0.0264131,2.8067055,2.0839779,9.1659994,0.1803298,-0.0079634,0.7627552,0.6209850
gait_20260920_035116_owner_phone_shake_1,owner_phone_shake_1,2533331701813586,2026-09-20T03:51:32.040705Z,3.2231941,2.9358897,14.9089184,-0.9196786,-0.4408122,-0.0534757,2.8067055,2.0839779,9.1659994,0.1803298,-0.0079634,0.7627552,0.6209850
gait_20260920_035116_owner_phone_shake_1,owner_phone_shake_1,2533331711919625,2026-09-20T03:51:32.050111Z,2.9649196,3.0131028,14.1979151,-0.9196786,-0.4408122,-0.0534757,2.8685541,1.9293790,9.1806860,0.1776516,-0.0165996,0.7616462,0.6229442
gait_20260920_035116_owner_phone_shake_1,owner_phone_shake_1,2533331722004749,2026-09-20T03:51:32.060093Z,2.7282677,3.0162451,13.4634943,-0.5560073,-0.0889485,-0.0584219,2.8685541,1.9293790,9.1806860,0.1776516,-0.0165996,0.7616462,0.6229442
gait_20260920_035116_owner_phone_shake_1,owner_phone_shake_1,2533331732088448,2026-09-20T03:51:32.071434Z,2.6752958,3.0672717,12.7463560,-0.5560073,-0.0889485,-0.0584219,2.8702254,1.8426232,9.1979704,0.1747666,-0.0203655,0.7611398,0.6242661
gait_20260920_035116_owner_phone_shake_1,owner_phone_shake_1,2533331742172025,2026-09-20T03:51:32.081159Z,2.6803088,3.1651347,12.1037369,-0.2597176,0.0734937,-0.0360391,2.8702254,1.8426232,9.1979704,0.1747666,-0.0203655,0.7611398,0.6242661
gait_20260920_035116_owner_phone_shake_1,owner_phone_shake_1,2533331752257719,2026-09-20T03:51:32.091195Z,2.6934021,3.2180316,11.6487637,-0.2597176,0.0734937,-0.0360391,2.8501534,1.8066984,9.2113285,0.1727112,-0.0212396,0.7610404,0.6249297
gait_20260920_035116_owner_phone_shake_1,owner_phone_shake_1,2533331762340645,2026-09-20T03:51:32.101236Z,2.7474213,3.2603042,11.3041487,-0.0805050,0.0384206,-0.0466809,2.8501534,1.8066984,9.2113285,0.1727112,-0.0212396,0.7610404,0.6249297
gait_20260920_035116_owner_phone_shake_1,owner_phone_shake_1,2533331772402738,2026-09-20T03:51:32.110958Z,2.7293899,3.2907555,11.0137014,-0.0805050,0.0384206,-0.0466809,2.8421247,1.8015112,9.2148247,0.1721923,-0.0212866,0.7607320,0.6254466
gait_20260920_035116_owner_phone_shake_1,owner_phone_shake_1,2533331782510282,2026-09-20T03:51:32.122344Z,2.5978584,3.2403276,10.8861361,-0.0043467,-0.0480465,-0.1037372,2.8421247,1.8015112,9.2148247,0.1721923,-0.0212866,0.7607320,0.6254466
gait_20260920_035116_owner_phone_shake_1,owner_phone_shake_1,2533331792595040,2026-09-20T03:51:32.131382Z,2.4800189,3.2154129,10.9888620,-0.0043467,-0.0480465,-0.1037372,2.8478289,1.8108661,9.2112293,0.1727195,-0.0213166,0.7598902,0.6263231
gait_20260920_035116_owner_phone_shake_1,owner_phone_shake_1,2533331802677966,2026-09-20T03:51:32.142481Z,2.4218099,3.1943889,11.2665148,-0.0301103,-0.0738268,-0.1300837,2.8478289,1.8108661,9.2112293,0.1727195,-0.0213166,0.7598902,0.6263231
gait_20260920_035116_owner_phone_shake_1,owner_phone_shake_1,2533331812762438,2026-09-20T03:51:32.152514Z,2.3677158,3.1950622,11.6206322,-0.0301103,-0.0738268,-0.1300837,2.8549612,1.8132187,9.2085581,0.1730635,-0.0217174,0.7589090,0.6274029
gait_20260920_035116_owner_phone_shake_1,owner_phone_shake_1,2533331822847115,2026-09-20T03:51:32.161712Z,2.4729860,3.2088289,11.8986588,-0.0463811,-0.0143057,-0.0935450,2.8549612,1.8132187,9.2085581,0.1730635,-0.0217174,0.7589090,0.6274029
gait_20260920_035116_owner_phone_shake_1,owner_phone_shake_1,2533331832931669,2026-09-20T03:51:32.173002Z,2.6235213,3.2883613,12.1926222,-0.0463811,-0.0143057,-0.0935450,2.8499384,1.8121880,9.2103167,0.1728024,-0.0217533,0.7583629,0.6281336
gait_20260920_035116_owner_phone_shake_1,owner_phone_shake_1,2533331843033271,2026-09-20T03:51:32.183384Z,2.7507133,3.3833063,12.4205198,0.0765747,0.0488626,-0.0323752,2.8499384,1.8121880,9.2103167,0.1728024,-0.0217533,0.7583629,0.6281336
gait_20260920_035116_owner_phone_shake_1,owner_phone_shake_1,2533331853100288,2026-09-20T03:51:32.193126Z,2.8771570,3.4326868,12.5876646,0.0765747,0.0488626,-0.0323752,2.8363264,1.8349289,9.2100163,0.1730126,-0.0204071,0.7583225,0.6281699
gait_20260920_035116_owner_phone_shake_1,owner_phone_shake_1,2533331863183663,2026-09-20T03:51:32.202047Z,2.9755437,3.4078469,12.6772232,0.2734238,0.0884822,-0.0397029,2.8363264,1.8349289,9.2100163,0.1730126,-0.0204071,0.7583225,0.6281699
gait_20260920_035116_owner_phone_shake_1,owner_phone_shake_1,2533331873268705,2026-09-20T03:51:32.211795Z,3.0449758,3.2982373,12.8012724,0.2734238,0.0884822,-0.0397029,2.8151784,1.8967878,9.2039700,0.1742434,-0.0172292,0.7582600,0.6280001
gait_20260920_035116_owner_phone_shake_1,owner_phone_shake_1,2533331883353258,2026-09-20T03:51:32.221548Z,3.0186393,3.1815200,12.9684925,0.4627287,0.1278520,-0.0906306,2.8151784,1.8967878,9.2039700,0.1742434,-0.0172292,0.7582600,0.6280001
gait_20260920_035116_owner_phone_shake_1,owner_phone_shake_1,2533331893437406,2026-09-20T03:51:32.231881Z,2.9335704,3.0802901,13.1577091,0.4627287,0.1278520,-0.0906306,2.7850590,1.9954071,9.1922750,0.1763533,-0.0123358,0.7579209,0.6279357
gait_20260920_035116_owner_phone_shake_1,owner_phone_shake_1,2533331903521553,2026-09-20T03:51:32.241803Z,2.8917468,2.9814544,13.3152027,0.6250877,0.1459881,-0.1428239,2.7850590,1.9954071,9.1922750,0.1763533,-0.0123358,0.7579209,0.6279357
gait_20260920_035116_owner_phone_shake_1,owner_phone_shake_1,2533331913605211,2026-09-20T03:51:32.252049Z,2.8273277,2.9303532,13.4567604,0.6250877,0.1459881,-0.1428239,2.7492869,2.1258078,9.1737919,0.1793222,-0.0060275,0.7573040,0.6279316
gait_20260920_035116_owner_phone_shake_1,owner_phone_shake_1,2533331923690213,2026-09-20T03:51:32.262005Z,2.8808980,2.9280338,13.4835453,0.8203713,0.1990974,-0.1445725,2.7492869,2.1258078,9.1737919,0.1793222,-0.0060275,0.7573040,0.6279316
gait_20260920_035116_owner_phone_shake_1,owner_phone_shake_1,2533331933751045,2026-09-20T03:51:32.272144Z,3.1224880,2.9089551,13.4228678,0.8203713,0.1990974,-0.1445725,2.7014225,2.2920802,9.1479387,0.1830389,0.0021985,0.7568188,0.6274689
gait_20260920_035116_owner_phone_shake_1,owner_phone_shake_1,2533331943857776,2026-09-20T03:51:32.282051Z,3.4202669,2.9149406,13.3555307,1.0332415,0.3493823,-0.1261034,2.7014225,2.2920802,9.1479387,0.1830389,0.0021985,0.7568188,0.6274689
gait_20260920_035116_owner_phone_shake_1,owner_phone_shake_1,2533331953943143,2026-09-20T03:51:32.292418Z,3.5691562,2.9459155,13.2471180,1.0332415,0.3493823,-0.1261034,2.6243346,2.4951510,9.1171923,0.1868269,0.0130026,0.7566576,0.6264153
gait_20260920_035116_owner_phone_shake_1,owner_phone_shake_1,2533331964026598,2026-09-20T03:51:32.302277Z,3.5359366,2.9251907,13.0617914,1.2020622,0.5462481,-0.1891551,2.6243346,2.4951510,9.1171923,0.1868269,0.0130026,0.7566576,0.6264153
gait_20260920_035116_owner_phone_shake_1,owner_phone_shake_1,2533331974111153,2026-09-20T03:51:32.312577Z,3.3646765,2.8454340,12.6721354,1.2020622,0.5462481,-0.1891551,2.5054786,2.7310796,9.0829449,0.1900463,0.0264710,0.7562326,0.6255350
gait_20260920_035116_owner_phone_shake_1,owner_phone_shake_1,2533331984195950,2026-09-20T03:51:32.322429Z,3.1043818,2.7476456,12.2111769,1.3868706,0.7702098,-0.3222530,2.5054786,2.7310796,9.0829449,0.1900463,0.0264710,0.7562326,0.6255350
gait_20260920_035116_owner_phone_shake_1,owner_phone_shake_1,2533331994280097,2026-09-20T03:51:32.332180Z,2.7433810,2.6641479,11.8052101,1.3868706,0.7702098,-0.3222530,2.3376622,3.0058210,9.0408230,0.1926591,0.0429939,0.7551365,0.6251423
gait_20260920_035116_owner_phone_shake_1,owner_phone_shake_1,2533332004364245,2026-09-20T03:51:32.343346Z,2.4105871,2.5864861,11.3075905,1.5504119,0.9293712,-0.4113348,2.3376622,3.0058210,9.0408230,0.1926591,0.0429939,0.7551365,0.6251423
gait_20260920_035116_owner_phone_shake_1,owner_phone_shake_1,2533332014448189,2026-09-20T03:51:32.352986Z,2.1273229,2.5457098,10.7304382,1.5504119,0.9293712,-0.4113348,2.1361289,3.3091767,8.9845657,0.1949842,0.0617756,0.7535447,0.6247684
gait_20260920_035116_owner_phone_shake_1,owner_phone_shake_1,2533332024533068,2026-09-20T03:51:32.362828Z,1.9189527,2.5071781,10.0455465,1.6991147,1.1215739,-0.4079874,2.1361289,3.3091767,8.9845657,0.1949842,0.0617756,0.7535447,0.6247684
gait_20260920_035116_owner_phone_shake_1,owner_phone_shake_1,2533332034617378,2026-09-20T03:51:32.372720Z,1.7181391,2.4996214,9.3079081,1.6991147,1.1215739,-0.4079874,1.8980806,3.6348429,8.9118643,0.1966486,0.0829033,0.7520761,0.6235688
gait_20260920_035116_owner_phone_shake_1,owner_phone_shake_1,2533332044701484,2026-09-20T03:51:32.382803Z,1.5223382,2.5230396,8.5416136,1.8320128,1.3418218,-0.3390069,1.8980806,3.6348429,8.9118643,0.1966486,0.0829033,0.7520761,0.6235688
gait_20260920_035116_owner_phone_shake_1,owner_phone_shake_1,2533332054786119,2026-09-20T03:51:32.393030Z,1.3267618,2.5846155,7.7441201,1.8320128,1.3418218,-0.3390069,1.6358259,3.8101497,8.8906097,0.1919225,0.0991298,0.7529759,0.6215838
gait_20260920_035116_owner_phone_shake_1,owner_phone_shake_1,2533332064844388,2026-09-20T03:51:32.403488Z,1.1292402,2.6687868,6.8929067,1.9220105,1.5336914,-0.2617661,1.6358259,3.8101497,8.8906097,0.1919225,0.0991298,0.7529759,0.6215838
gait_20260920_035116_owner_phone_shake_1,owner_phone_shake_1,2533332074954577,2026-09-20T03:51:32.413124Z,0.9060557,2.7515364,5.9625349,1.9220105,1.5336914,-0.2617661,1.3368794,4.1610112,8.7826443,0.1918008,0.1240237,0.7523136,0.6179442
gait_20260920_035116_owner_phone_shake_1,owner_phone_shake_1,2533332085038765,2026-09-20T03:51:32.423051Z,0.6275053,2.8113914,4.9372931,1.9732713,1.6967998,-0.1813943,1.3368794,4.1610112,8.7826443,0.1918008,0.1240237,0.7523136,0.6179442
gait_20260920_035116_owner_phone_shake_1,owner_phone_shake_1,2533332095123318,2026-09-20T03:51:32.433125Z,0.3815011,2.9237692,3.8729205,1.9732713,1.6967998,-0.1813943,1.0196574,4.5124946,8.6506529,0.1907779,0.1500264,0.7518961,0.6129830
gait_20260920_035116_owner_phone_shake_1,owner_phone_shake_1,2533332105206977,2026-09-20T03:51:32.442954Z,0.1622072,3.0709379,2.9016228,1.9301043,1.7596016,-0.0808547,1.0196574,4.5124946,8.6506529,0.1907779,0.1500264,0.7518961,0.6129830
gait_20260920_035116_owner_phone_shake_1,owner_phone_shake_1,2533332115291247,2026-09-20T03:51:32.452638Z,-0.0185551,3.2686090,2.0501847,1.9301043,1.7596016,-0.0808547,0.7098774,4.8474865,8.4990625,0.1892325,0.1755844,0.7517018,0.6068819
gait_20260920_035116_owner_phone_shake_1,owner_phone_shake_1,2533332125376370,2026-09-20T03:51:32.462835Z,-0.1565958,3.4296191,1.3820529,1.7208480,1.5746933,0.0087766,0.7098774,4.8474865,8.4990625,0.1892325,0.1755844,0.7517018,0.6068819
gait_20260920_035116_owner_phone_shake_1,owner_phone_shake_1,2533332135459500,2026-09-20T03:51:32.472844Z,-0.1999158,3.5932479,0.8091654,1.7208480,1.5746933,0.0087766,0.4523725,5.1393204,8.3437910,0.1881624,0.1978769,0.7514864,0.6005896
gait_20260920_035116_owner_phone_shake_1,owner_phone_shake_1,2533332145519518,2026-09-20T03:51:32.483167Z,-0.2659808,3.6903627,0.4010288,1.3750297,1.1704865,0.0681311,0.4523725,5.1393204,8.3437910,0.1881624,0.1978769,0.7514864,0.6005896
gait_20260920_035116_owner_phone_shake_1,owner_phone_shake_1,2533332155628975,2026-09-20T03:51:32.493326Z,-0.4657471,3.7748330,0.3091513,1.3750297,1.1704865,0.0681311,0.2776926,5.3678679,8.2063990,0.1883206,0.2147173,0.7511177,0.5951925
gait_20260920_035116_owner_phone_shake_1,owner_phone_shake_1,2533332165713243,2026-09-20T03:51:32.503322Z,-0.6061819,3.8561611,0.4005799,0.9476238,0.6670055,0.0738934,0.2776926,5.3678679,8.2063990,0.1883206,0.2147173,0.7511177,0.5951925
gait_20260920_035116_owner_phone_shake_1,owner_phone_shake_1,2533332175796943,2026-09-20T03:51:32.513726Z,-0.6503251,3.8023665,0.3990835,0.9476238,0.6670055,0.0738934,0.1888119,5.5227761,8.1055164,0.1896950,0.2252287,0.7505212,0.5916128
gait_20260920_035116_owner_phone_shake_1,owner_phone_shake_1,2533332185881863,2026-09-20T03:51:32.523373Z,-0.6723966,3.6732292,0.3144634,0.6145790,0.2352197,0.0824202,0.1888119,5.5227761,8.1055164,0.1896950,0.2252287,0.7505212,0.5916128
gait_20260920_035116_owner_phone_shake_1,owner_phone_shake_1,2533332195966906,2026-09-20T03:51:32.533807Z,-0.6197242,3.5785086,0.1397615,0.6145790,0.2352197,0.0824202,0.1690035,5.6257129,8.0348549,0.1923290,0.2309171,0.7498528,0.5894130
gait_20260920_035116_owner_phone_shake_1,owner_phone_shake_1,2533332206050686,2026-09-20T03:51:32.543544Z,-0.5691466,3.5984104,-0.0675614,0.3898846,-0.1061853,0.1459881,0.1690035,5.6257129,8.0348549,0.1923290,0.2309171,0.7498528,0.5894130
gait_20260920_035116_owner_phone_shake_1,owner_phone_shake_1,2533332216134711,2026-09-20T03:51:32.553639Z,-0.4281132,3.6638768,-0.2442086,0.3898846,-0.1061853,0.1459881,0.2121735,5.6937041,7.9857888,0.1964223,0.2328717,0.7494273,0.5878331
gait_20260920_035116_owner_phone_shake_1,owner_phone_shake_1,2533332226218777,2026-09-20T03:51:32.565676Z,-0.0854431,3.7656302,-0.2421136,0.1017387,-0.5282286,0.2306566,0.2121735,5.6937041,7.9857888,0.1964223,0.2328717,0.7494273,0.5878331
gait_20260920_035116_owner_phone_shake_1,owner_phone_shake_1,2533332236279812,2026-09-20T03:51:32.574021Z,0.3486556,3.9231238,0.1226280,0.1017387,-0.5282286,0.2306566,0.3383655,5.7114172,7.9687724,0.2023198,0.2296494,0.7493302,0.5872241
gait_20260920_035116_owner_phone_shake_1,owner_phone_shake_1,2533332246387071,2026-09-20T03:51:32.584686Z,0.7425018,4.0109611,0.9074025,-0.4046399,-1.0349402,0.2647971,0.3383655,5.7114172,7.9687724,0.2023198,0.2296494,0.7493302,0.5872241
gait_20260920_035116_owner_phone_shake_1,owner_phone_shake_1,2533332256471381,2026-09-20T03:51:32.594258Z,1.0523264,3.9462430,1.9042882,-0.4046399,-1.0349402,0.2647971,0.5515519,5.6376133,8.0093212,0.2088624,0.2190278,0.7495689,0.5886847
gait_20260920_035116_owner_phone_shake_1,owner_phone_shake_1,2533332266555366,2026-09-20T03:51:32.604166Z,1.2339865,3.8102224,3.1054292,-1.0662663,-1.3715656,0.2114879,0.5515519,5.6376133,8.0093212,0.2088624,0.2190278,0.7495689,0.5886847
gait_20260920_035116_owner_phone_shake_1,owner_phone_shake_1,2533332276639594,2026-09-20T03:51:32.614025Z,1.4078654,3.6648495,4.3900681,-1.0662663,-1.3715656,0.2114879,0.8089533,5.4472723,8.1184311,0.2133309,0.2012876,0.7501681,0.5926391
gait_20260920_035116_owner_phone_shake_1,owner_phone_shake_1,2533332286724311,2026-09-20T03:51:32.624190Z,1.6985365,3.5467105,5.5457191,-1.6527169,-1.5469313,0.1656730,0.8089533,5.4472723,8.1184311,0.2133309,0.2012876,0.7501681,0.5926391
gait_20260920_035116_owner_phone_shake_1,owner_phone_shake_1,2533332296808580,2026-09-20T03:51:32.634236Z,1.9892824,3.4951603,6.5423059,-1.6527169,-1.5469313,0.1656730,1.0878153,5.1559949,8.2745686,0.2151344,0.1782651,0.7511112,0.5981393
gait_20260920_035116_owner_phone_shake_1,owner_phone_shake_1,2533332306897284,2026-09-20T03:51:32.644577Z,2.2327428,3.5745432,7.3184013,-1.9819812,-1.4402963,0.2153516,1.0878153,5.1559949,8.2745686,0.2151344,0.1782651,0.7511112,0.5981393
gait_20260920_035116_owner_phone_shake_1,owner_phone_shake_1,2533332316977118,2026-09-20T03:51:32.654665Z,2.4684968,3.7325604,8.0225210,-1.9819812,-1.4402963,0.2153516,1.3496515,4.8078489,8.4438829,0.2139484,0.1537964,0.7528611,0.6031360
gait_20260920_035116_owner_phone_shake_1,owner_phone_shake_1,2533332327035712,2026-09-20T03:51:32.664974Z,2.6687119,3.8762126,8.6869869,-2.1079347,-1.1926361,0.2715086,1.3496515,4.8078489,8.4438829,0.2139484,0.1537964,0.7528611,0.6031360
gait_20260920_035116_owner_phone_shake_1,owner_phone_shake_1,2533332337145494,2026-09-20T03:51:32.674802Z,2.8379521,3.9806595,9.5016136,-2.1079347,-1.1926361,0.2715086,1.5887924,4.4271698,8.6088333,0.2105221,0.1292285,0.7552614,0.6070921
gait_20260920_035116_owner_phone_shake_1,owner_phone_shake_1,2533332347210923,2026-09-20T03:51:32.685157Z,3.0458734,4.0675244,10.4004869,-2.1957009,-1.2165678,0.2353530,1.5887924,4.4271698,8.6088333,0.2105221,0.1292285,0.7552614,0.6070921
gait_20260920_035116_owner_phone_shake_1,owner_phone_shake_1,2533332357314317,2026-09-20T03:51:32.694845Z,3.1901989,4.0647559,11.3417072,-2.1957009,-1.2165678,0.2353530,1.8266335,4.0320950,8.7545261,0.2067144,0.1042274,0.7566304,0.6114872
gait_20260920_035116_owner_phone_shake_1,owner_phone_shake_1,2533332367374010,2026-09-20T03:51:32.705097Z,3.3621325,4.0272717,12.2559185,-2.1675723,-1.4766518,0.1046531,1.8266335,4.0320950,8.7545261,0.2067144,0.1042274,0.7566304,0.6114872
gait_20260920_035116_owner_phone_shake_1,owner_phone_shake_1,2533332377483547,2026-09-20T03:51:32.715057Z,3.4855835,3.9311295,13.1171579,-2.1675723,-1.4766518,0.1046531,2.1041064,3.6463330,8.8607626,0.2050944,0.0781914,0.7559625,0.6167197
gait_20260920_035116_owner_phone_shake_1,owner_phone_shake_1,2533332387542833,2026-09-20T03:51:32.724892Z,3.5972881,3.8501756,13.7932205,-1.9496726,-1.5699636,0.0016321,2.1041064,3.6463330,8.8607626,0.2050944,0.0781914,0.7559625,0.6167197
gait_20260920_035116_owner_phone_shake_1,owner_phone_shake_1,2533332397647813,2026-09-20T03:51:32.735420Z,3.6953754,3.7698951,14.2339029,-1.9496726,-1.5699636,0.0016321,2.3828943,3.3049159,8.9238701,0.2050507,0.0539667,0.7539322,0.6217942
gait_20260920_035116_owner_phone_shake_1,owner_phone_shake_1,2533332407710883,2026-09-20T03:51:32.745281Z,3.6900635,3.8088756,14.6122618,-1.5915304,-1.2184330,-0.0418513,2.3828943,3.3049159,8.9238701,0.2050507,0.0539667,0.7539322,0.6217942
gait_20260920_035116_owner_phone_shake_1,owner_phone_shake_1,2533332417795030,2026-09-20T03:51:32.755074Z,3.5667620,3.8220437,14.6527386,-1.5915304,-1.2184330,-0.0418513,2.5844016,3.0323262,8.9644842,0.2040516,0.0353581,0.7519771,0.6258140
gait_20260920_035116_owner_phone_shake_1,owner_phone_shake_1,2533332427905910,2026-09-20T03:51:32.765511Z,3.3379660,3.7844098,14.4498301,-1.1851418,-0.7177666,-0.0681478,2.5844016,3.0323262,8.9644842,0.2040516,0.0353581,0.7519771,0.6258140
gait_20260920_035116_owner_phone_shake_1,owner_phone_shake_1,2533332437988430,2026-09-20T03:51:32.775526Z,3.0458734,3.7668273,14.0921965,-1.1851418,-0.7177666,-0.0681478,2.6921194,2.8348575,8.9973431,0.2016851,0.0231725,0.7505763,0.6288255
gait_20260920_035116_owner_phone_shake_1,owner_phone_shake_1,2533332448074082,2026-09-20T03:51:32.786045Z,2.7734582,3.8481555,13.6616144,-0.8123109,-0.3151418,-0.0710289,2.6921194,2.8348575,8.9973431,0.2016851,0.0231725,0.7505763,0.6288255
gait_20260920_035116_owner_phone_shake_1,owner_phone_shake_1,2533332458157131,2026-09-20T03:51:32.796533Z,2.5281274,3.9344215,13.2707605,-0.8123109,-0.3151418,-0.0710289,2.7321968,2.7026796,9.0258923,0.1987505,0.0161114,0.7497784,0.6309287
gait_20260920_035116_owner_phone_shake_1,owner_phone_shake_1,2533332468241970,2026-09-20T03:51:32.806317Z,2.4506152,4.0063224,12.8076324,-0.5289280,-0.1002399,-0.0521600,2.7321968,2.7026796,9.0258923,0.1987505,0.0161114,0.7497784,0.6309287
gait_20260920_035116_owner_phone_shake_1,owner_phone_shake_1,2533332478322496,2026-09-20T03:51:32.816931Z,2.4707413,4.0771012,12.3682213,-0.5289280,-0.1002399,-0.0521600,2.7396157,2.6190739,9.0482635,0.1961457,0.0122744,0.7494127,0.6322634
gait_20260920_035116_owner_phone_shake_1,owner_phone_shake_1,2533332488411200,2026-09-20T03:51:32.826780Z,2.4646809,4.1777325,11.9189348,-0.2674784,-0.0044632,-0.0206342,2.7396157,2.6190739,9.0482635,0.1961457,0.0122744,0.7494127,0.6322634
gait_20260920_035116_owner_phone_shake_1,owner_phone_shake_1,2533332498469224,2026-09-20T03:51:32.837015Z,2.4721630,4.2830024,11.4124861,-0.2674784,-0.0044632,-0.0206342,2.7353363,2.5807965,9.0605488,0.1946353,0.0107940,0.7493365,0.6328471
gait_20260920_035116_owner_phone_shake_1,owner_phone_shake_1,2533332508580024,2026-09-20T03:51:32.847313Z,2.5097220,4.3011084,10.8826189,-0.0679146,0.0352397,-0.0330580,2.7353363,2.5807965,9.0605488,0.1946353,0.0107940,0.7493365,0.6328471
gait_20260920_035116_owner_phone_shake_1,owner_phone_shake_1,2533332518663315,2026-09-20T03:51:32.857074Z,2.5276785,4.2690859,10.4136553,-0.0679146,0.0352397,-0.0330580,2.7240489,2.5786002,9.0645733,0.1940982,0.0110071,0.7491668,0.6332091
gait_20260920_035116_owner_phone_shake_1,owner_phone_shake_1,2533332528747626,2026-09-20T03:51:32.867288Z,2.4192660,4.2026472,10.0795145,0.0457649,0.0551910,-0.0797889,2.7240489,2.5786002,9.0645733,0.1940982,0.0110071,0.7491668,0.6332091
gait_20260920_035116_owner_phone_shake_1,owner_phone_shake_1,2533332538832098,2026-09-20T03:51:32.877952Z,2.2884078,4.1125650,9.8623152,0.0457649,0.0551910,-0.0797889,2.7080710,2.5963337,9.0642986,0.1940709,0.0120948,0.7486676,0.6337879
gait_20260920_035116_owner_phone_shake_1,owner_phone_shake_1,2533332548916490,2026-09-20T03:51:32.888344Z,2.1900959,3.9951744,9.7517328,0.0355561,0.0263298,-0.1403591,2.7080710,2.5963337,9.0642986,0.1940709,0.0120948,0.7486676,0.6337879
gait_20260920_035116_owner_phone_shake_1,owner_phone_shake_1,2533332559000148,2026-09-20T03:51:32.897500Z,2.1517138,3.8578072,9.7732058,0.0355561,0.0263298,-0.1403591,2.6952589,2.6124332,9.0634918,0.1941276,0.0128783,0.7477243,0.6348678
gait_20260920_035116_owner_phone_shake_1,owner_phone_shake_1,2533332569059719,2026-09-20T03:51:32.906901Z,2.1284454,3.7683988,9.8472767,0.0113413,-0.0179696,-0.1584286,2.6952589,2.6124332,9.0634918,0.1941276,0.0128783,0.7477243,0.6348678
gait_20260920_035116_owner_phone_shake_1,owner_phone_shake_1,2533332579169419,2026-09-20T03:51:32.917923Z,2.0680666,3.6777182,9.9339914,0.0113413,-0.0179696,-0.1584286,2.6910362,2.6228456,9.0617390,0.1943415,0.0131117,0.7466433,0.6360686
gait_20260920_035116_owner_phone_shake_1,owner_phone_shake_1,2533332589254298,2026-09-20T03:51:32.927737Z,1.9896564,3.6563201,10.0461454,-0.0002332,-0.0119575,-0.1552310,2.6910362,2.6228456,9.0617390,0.1943415,0.0131117,0.7466433,0.6360686
gait_20260920_035116_owner_phone_shake_1,owner_phone_shake_1,2533332599337144,2026-09-20T03:51:32.937893Z,1.8734628,3.6661961,10.2503252,-0.0002332,-0.0119575,-0.1552310,2.6825342,2.6323543,9.0615025,0.1943494,0.0134657,0.7456331,0.6372427
gait_20260920_035116_owner_phone_shake_1,owner_phone_shake_1,2533332609421739,2026-09-20T03:51:32.947532Z,1.7273417,3.6772695,10.4625120,-0.0007328,0.0329747,-0.1260201,2.6825342,2.6323543,9.0615025,0.1943494,0.0134657,0.7456331,0.6372427
gait_20260920_035116_owner_phone_shake_1,owner_phone_shake_1,2533332619505764,2026-09-20T03:51:32.957914Z,1.6635960,3.6932058,10.6791124,-0.0007328,0.0329747,-0.1260201,2.6660013,2.6400139,9.0641527,0.1939589,0.0140976,0.7449408,0.6381572
gait_20260920_035116_owner_phone_shake_1,owner_phone_shake_1,2533332629590561,2026-09-20T03:51:32.968356Z,1.6389059,3.7773769,10.9460659,-0.0011991,0.1105486,-0.0763748,2.6660013,2.6400139,9.0641527,0.1939589,0.0140976,0.7449408,0.6381572
gait_20260920_035116_owner_phone_shake_1,owner_phone_shake_1,2533332639674749,2026-09-20T03:51:32.978224Z,1.7081881,3.8998554,11.2461643,-0.0011991,0.1105486,-0.0763748,2.6368549,2.6446929,9.0713120,0.1929390,0.0151661,0.7447574,0.6386557
gait_20260920_035116_owner_phone_shake_1,owner_phone_shake_1,2533332649759019,2026-09-20T03:51:32.989430Z,1.8213141,4.0045266,11.5969143,0.0221663,0.1914533,-0.0085435,2.6368549,2.6446929,9.0713120,0.1929390,0.0151661,0.7447574,0.6386557
gait_20260920_035116_owner_phone_shake_1,owner_phone_shake_1,2533332659843043,2026-09-20T03:51:32.998255Z,1.9523966,4.0423102,11.9313545,0.0221663,0.1914533,-0.0085435,2.5974748,2.6507313,9.0809059,0.1915368,0.0167937,0.7451517,0.6385770
gait_20260920_035116_owner_phone_shake_1,owner_phone_shake_1,2533332669927801,2026-09-20T03:51:33.008368Z,2.1790977,4.0195656,12.4101944,0.0428505,0.2042768,0.0161210,2.5974748,2.6507313,9.0809059,0.1915368,0.0167937,0.7451517,0.6385770
gait_20260920_035116_owner_phone_shake_1,owner_phone_shake_1,2533332680012315,2026-09-20T03:51:33.018262Z,2.5052328,3.9662943,13.1564379,0.0428505,0.2042768,0.0161210,2.5597129,2.6585841,9.0893297,0.1902623,0.0184708,0.7456350,0.6383476
gait_20260920_035116_owner_phone_shake_1,owner_phone_shake_1,2533332690097276,2026-09-20T03:51:33.028051Z,2.7750294,3.8010945,14.0731926,0.0261966,0.0938281,-0.0137395,2.5597129,2.6585841,9.0893297,0.1902623,0.0184708,0.7456350,0.6383476
gait_20260920_035116_owner_phone_shake_1,owner_phone_shake_1,2533332700155665,2026-09-20T03:51:33.038671Z,2.8824692,3.5999815,14.9930897,0.0261966,0.0938281,-0.0137395,2.5447288,2.6647253,9.0917377,0.1898701,0.0191936,0.7456015,0.6384822
gait_20260920_035116_owner_phone_shake_1,owner_phone_shake_1,2533332710264674,2026-09-20T03:51:33.048718Z,3.0047231,3.4796729,15.6968355,0.1221730,-0.0589548,-0.1038204,2.5447288,2.6647253,9.0917377,0.1898701,0.0191936,0.7456015,0.6384822
gait_20260920_035116_owner_phone_shake_1,owner_phone_shake_1,2533332720349147,2026-09-20T03:51:33.059191Z,3.0776715,3.3559973,15.9833164,0.1221730,-0.0589548,-0.1038204,2.5491202,2.6992762,9.0803080,0.1912916,0.0202043,0.7446799,0.6391019
gait_20260920_035116_owner_phone_shake_1,owner_phone_shake_1,2533332730408311,2026-09-20T03:51:33.069544Z,3.2564137,3.2635963,15.7179346,0.5387372,0.1697033,-0.1447557,2.5491202,2.6992762,9.0803080,0.1912916,0.0202043,0.7446799,0.6391019
gait_20260920_035116_owner_phone_shake_1,owner_phone_shake_1,2533332740535914,2026-09-20T03:51:33.078255Z,3.3779941,3.2075570,15.1259680,0.5387372,0.1697033,-0.1447557,2.4951327,2.8215618,9.0581026,0.1934222,0.0268179,0.7440809,0.6389149
gait_20260920_035116_owner_phone_shake_1,owner_phone_shake_1,2533332750601914,2026-09-20T03:51:33.089929Z,3.3458221,3.3001077,14.1931267,1.1611103,0.7572031,-0.1043367,2.4951327,2.8215618,9.0581026,0.1934222,0.0268179,0.7440809,0.6389149
gait_20260920_035116_owner_phone_shake_1,owner_phone_shake_1,2533332760686265,2026-09-20T03:51:33.099305Z,3.2597804,3.4304421,13.1255379,1.1611103,0.7572031,-0.1043367,2.3309095,3.0574756,9.0252323,0.1950215,0.0421125,0.7447135,0.6368635
gait_20260920_035116_owner_phone_shake_1,owner_phone_shake_1,2533332770770940,2026-09-20T03:51:33.111840Z,3.1761329,3.4473512,12.0619135,1.6787802,1.2257774,-0.1287846,2.3309095,3.0574756,9.0252323,0.1950215,0.0421125,0.7447135,0.6368635
gait_20260920_035116_owner_phone_shake_1,owner_phone_shake_1,2533332780855657,2026-09-20T03:51:33.118867Z,3.0242507,3.4714429,11.0202112,1.6787802,1.2257774,-0.1287846,2.0863085,3.3820932,8.9691067,0.1964330,0.0638957,0.7454777,0.6337148
gait_20260920_035116_owner_phone_shake_1,owner_phone_shake_1,2533332790914007,2026-09-20T03:51:33.129955Z,2.6942999,3.4810944,9.9933977,1.9876436,1.4561675,-0.2150519,2.0863085,3.3820932,8.9691067,0.1964330,0.0638957,0.7454777,0.6337148
gait_20260920_035116_owner_phone_shake_1,owner_phone_shake_1,2533332801023179,2026-09-20T03:51:33.139588Z,2.3547721,3.4596963,8.9833441,1.9876436,1.4561675,-0.2150519,1.8026239,3.7555764,8.8815708,0.1980038,0.0890285,0.7454078,0.6302662
gait_20260920_035116_owner_phone_shake_1,owner_phone_shake_1,2533332811108953,2026-09-20T03:51:33.149147Z,2.1047277,3.4515409,7.9717937,2.1259542,1.5789235,-0.3032010,1.8026239,3.7555764,8.8815708,0.1980038,0.0890285,0.7454078,0.6302662
gait_20260920_035116_owner_phone_shake_1,owner_phone_shake_1,2533332821192449,2026-09-20T03:51:33.159640Z,1.8154782,3.4457052,6.9335332,2.1259542,1.5789235,-0.3032010,1.5037388,4.1406651,8.7652588,0.1994353,0.1152712,0.7445363,0.6265811
gait_20260920_035116_owner_phone_shake_1,owner_phone_shake_1,2533332831276637,2026-09-20T03:51:33.173361Z,1.5575030,3.4672530,5.8704329,2.1404431,1.6729513,-0.3191887,1.5037388,4.1406651,8.7652588,0.1994353,0.1152712,0.7445363,0.6265811
gait_20260920_035116_owner_phone_shake_1,owner_phone_shake_1,2533332841360377,2026-09-20T03:51:33.180183Z,1.3040169,3.5008466,4.8503532,2.1404431,1.6729513,-0.3191887,1.1817272,4.5232844,8.6243563,0.1998629,0.1424810,0.7431688,0.6224582
gait_20260920_035116_owner_phone_shake_1,owner_phone_shake_1,2533332851444850,2026-09-20T03:51:33.190783Z,0.9867852,3.5515738,4.0349030,1.9838464,1.7313733,-0.2997870,1.1817272,4.5232844,8.6243563,0.1998629,0.1424810,0.7431688,0.6224582
gait_20260920_035116_owner_phone_shake_1,owner_phone_shake_1,2533332861529160,2026-09-20T03:51:33.200979Z,0.6991069,3.5728223,3.4145057,1.9838464,1.7313733,-0.2997870,0.8574277,4.8660526,8.4748135,0.1987359,0.1684523,0.7417569,0.6180006
gait_20260920_035116_owner_phone_shake_1,owner_phone_shake_1,2533332871614040,2026-09-20T03:51:33.210162Z,0.4415058,3.5693059,2.9222729,1.6750664,1.6577797,-0.2621824,0.8574277,4.8660526,8.4748135,0.1987359,0.1684523,0.7417569,0.6180006
gait_20260920_035116_owner_phone_shake_1,owner_phone_shake_1,2533332881698268,2026-09-20T03:51:33.220505Z,0.1859995,3.5419221,2.4647558,1.6750664,1.6577797,-0.2621824,0.5554163,5.1480112,8.3322029,0.1962826,0.1913614,0.7404687,0.6136450
gait_20260920_035116_owner_phone_shake_1,owner_phone_shake_1,2533332891784938,2026-09-20T03:51:33.229880Z,-0.0219219,3.5420718,2.0302830,1.3515810,1.4979022,-0.2048597,0.5554163,5.1480112,8.3322029,0.1962826,0.1913614,0.7404687,0.6136450
gait_20260920_035116_owner_phone_shake_1,owner_phone_shake_1,2533332901841416,2026-09-20T03:51:33.241657Z,-0.2243816,3.5268836,1.6532711,1.3515810,1.4979022,-0.2048597,0.2913079,5.3720531,8.2031889,0.1932198,0.2106971,0.7394317,0.6095192
gait_20260920_035116_owner_phone_shake_1,owner_phone_shake_1,2533332911951238,2026-09-20T03:51:33.251249Z,-0.4118775,3.4855835,1.3567642,1.0505782,1.2209644,-0.1382274,0.2913079,5.3720531,8.2031889,0.1932198,0.2106971,0.7394317,0.6095192
gait_20260920_035116_owner_phone_shake_1,owner_phone_shake_1,2533332922035222,2026-09-20T03:51:33.260664Z,-0.5500678,3.4576013,1.1619360,1.0505782,1.2209644,-0.1382274,0.0851235,5.5445404,8.0923996,0.1906482,0.2259023,0.7385896,0.6058936
gait_20260920_035116_owner_phone_shake_1,owner_phone_shake_1,2533332932119736,2026-09-20T03:51:33.271677Z,-0.7410802,3.4022355,1.0096049,0.7643809,0.8674186,-0.0627519,0.0851235,5.5445404,8.0923996,0.1906482,0.2259023,0.7385896,0.6058936
gait_20260920_035116_owner_phone_shake_1,owner_phone_shake_1,2533332942203721,2026-09-20T03:51:33.280989Z,-0.8696190,3.3850272,0.8017583,0.7643809,0.8674186,-0.0627519,-0.0539362,5.6702728,8.0050735,0.1891630,0.2367487,0.7379788,0.6029549
gait_20260920_035116_owner_phone_shake_1,owner_phone_shake_1,2533332952287948,2026-09-20T03:51:33.290153Z,-0.9214684,3.3471687,0.4073136,0.5389203,0.5315927,0.0015655,-0.0539362,5.6702728,8.0050735,0.1891630,0.2367487,0.7379788,0.6029549
gait_20260920_035116_owner_phone_shake_1,owner_phone_shake_1,2533332962373113,2026-09-20T03:51:33.300871Z,-0.9945663,3.3259950,-0.0184802,0.5389203,0.5315927,0.0015655,-0.1326619,5.7618289,7.9385037,0.1889762,0.2439568,0.7375357,0.6006782
gait_20260920_035116_owner_phone_shake_1,owner_phone_shake_1,2533332972457708,2026-09-20T03:51:33.310636Z,-1.1100118,3.2845454,-0.3730465,0.3327117,0.1981815,0.0750258,-0.1326619,5.7618289,7.9385037,0.1889762,0.2439568,0.7375357,0.6006782
gait_20260920_035116_owner_phone_shake_1,owner_phone_shake_1,2533332982516016,2026-09-20T03:51:33.321693Z,-1.2125136,3.2972646,-0.5520880,0.3327117,0.1981815,0.0750258,-0.1483187,5.8203077,7.8954501,0.1902442,0.2474427,0.7373520,0.5990754
gait_20260920_035116_owner_phone_shake_1,owner_phone_shake_1,2533332992625961,2026-09-20T03:51:33.330674Z,-1.2035353,3.2543187,-0.4757728,-0.0804050,-0.2375679,0.1454052,-0.1483187,5.8203077,7.8954501,0.1902442,0.2474427,0.7373520,0.5990754
gait_20260920_035116_owner_phone_shake_1,owner_phone_shake_1,2533333002709335,2026-09-20T03:51:33.341134Z,-1.0865935,3.1215901,-0.0132429,-0.0804050,-0.2375679,0.1454052,-0.0854170,5.8067160,7.9063807,0.1922370,0.2447580,0.7378479,0.5989315
gait_20260920_035116_owner_phone_shake_1,owner_phone_shake_1,2533333012793646,2026-09-20T03:51:33.350911Z,-0.8934861,2.9823523,0.7927800,-0.6911703,-0.6327651,0.2294742,-0.0854170,5.8067160,7.9063807,0.1922370,0.2447580,0.7378479,0.5989315
gait_20260920_035116_owner_phone_shake_1,owner_phone_shake_1,2533333022877914,2026-09-20T03:51:33.361300Z,-0.6518962,2.9102271,1.6588076,-0.6911703,-0.6327651,0.2294742,0.0492847,5.6885262,7.9921432,0.1933605,0.2347343,0.7396967,0.6003002
gait_20260920_035116_owner_phone_shake_1,owner_phone_shake_1,2533333032962224,2026-09-20T03:51:33.370891Z,-0.5049521,2.8461072,2.4091654,-1.2794529,-0.8912004,0.3285815,0.0492847,5.6885262,7.9921432,0.1933605,0.2347343,0.7396967,0.6003002
gait_20260920_035116_owner_phone_shake_1,owner_phone_shake_1,2533333043046616,2026-09-20T03:51:33.381863Z,-0.3767127,2.7589433,2.9671640,-1.2794529,-0.8912004,0.3285815,0.2351120,5.4695745,8.1403065,0.1928094,0.2185418,0.7430153,0.6024884
gait_20260920_035116_owner_phone_shake_1,owner_phone_shake_1,2533333053131576,2026-09-20T03:51:33.393567Z,-0.0927005,2.7047746,3.2807298,-1.6601945,-0.9351501,0.4295208,0.2351120,5.4695745,8.1403065,0.1928094,0.2185418,0.7430153,0.6024884
gait_20260920_035116_owner_phone_shake_1,owner_phone_shake_1,2533333063189600,2026-09-20T03:51:33.403547Z,0.3372084,2.6996868,3.5766380,-1.6601945,-0.9351501,0.4295208,0.4365505,5.1828213,8.3176861,0.1903027,0.1992013,0.7475337,0.6043982
gait_20260920_035116_owner_phone_shake_1,owner_phone_shake_1,2533333073273219,2026-09-20T03:51:33.411833Z,0.8431331,2.8050318,4.0704422,-1.9799495,-0.8634217,0.5504116,0.4365505,5.1828213,8.3176861,0.1903027,0.1992013,0.7475337,0.6043982
gait_20260920_035116_owner_phone_shake_1,owner_phone_shake_1,2533333083384466,2026-09-20T03:51:33.422042Z,1.2783540,2.8377275,4.7483006,-1.9799495,-0.8634217,0.5504116,0.6393609,4.8307014,8.5142031,0.1854272,0.1774825,0.7532645,0.6055652
gait_20260920_035116_owner_phone_shake_1,owner_phone_shake_1,2533333093468897,2026-09-20T03:51:33.432275Z,1.5029601,2.6727521,5.8018990,-2.4307873,-0.8401728,0.5681480,0.6393609,4.8307014,8.5142031,0.1854272,0.1774825,0.7532645,0.6055652
gait_20260920_035116_owner_phone_shake_1,owner_phone_shake_1,2533333103552353,2026-09-20T03:51:33.441996Z,1.7438018,2.4141784,7.2236805,-2.4307873,-0.8401728,0.5681480,0.8424091,4.3833203,8.7357292,0.1775284,0.1519266,0.7593605,0.6072673
gait_20260920_035116_owner_phone_shake_1,owner_phone_shake_1,2533333113657496,2026-09-20T03:51:33.451764Z,2.0103812,2.1847839,8.8689461,-2.9112191,-1.0611535,0.4829632,0.8424091,4.3833203,8.7357292,0.1775284,0.1519266,0.7593605,0.6072673
gait_20260920_035116_owner_phone_shake_1,owner_phone_shake_1,2533333123721582,2026-09-20T03:51:33.462058Z,2.3594110,2.0362685,10.3488617,-2.9112191,-1.0611535,0.4829632,1.0825840,3.8392580,8.9623785,0.1684341,0.1211693,0.7644217,0.6104159
gait_20260920_035116_owner_phone_shake_1,owner_phone_shake_1,2533333133805160,2026-09-20T03:51:33.472503Z,2.7494414,1.9617491,11.7716913,-3.0781245,-1.4399632,0.4007596,1.0825840,3.8392580,8.9623785,0.1684341,0.1211693,0.7644217,0.6104159
gait_20260920_035116_owner_phone_shake_1,owner_phone_shake_1,2533333143889755,2026-09-20T03:51:33.483123Z,3.0995934,1.8344822,13.1142397,-3.0781245,-1.4399632,0.4007596,1.3890506,3.2627423,9.1466475,0.1614586,0.0871494,0.7675908,0.6141177
gait_20260920_035116_owner_phone_shake_1,owner_phone_shake_1,2533333153973740,2026-09-20T03:51:33.492114Z,3.2825253,1.7245734,14.3087215,-2.8205886,-1.7643313,0.3562936,1.3890506,3.2627423,9.1466475,0.1614586,0.0871494,0.7675908,0.6141177
gait_20260920_035116_owner_phone_shake_1,owner_phone_shake_1,2533333164033146,2026-09-20T03:51:33.501553Z,3.4938138,1.7755998,15.2385702,-2.8205886,-1.7643313,0.3562936,1.7465632,2.7388513,9.2565823,0.1585917,0.0539409,0.7688217,0.6171323
gait_20260920_035116_owner_phone_shake_1,owner_phone_shake_1,2533333174162501,2026-09-20T03:51:33.511985Z,3.6531029,1.8484733,15.7905083,-2.2498760,-1.7636485,0.2928922,1.7465632,2.7388513,9.2565823,0.1585917,0.0539409,0.7688217,0.6171323
gait_20260920_035116_owner_phone_shake_1,owner_phone_shake_1,2533333184226913,2026-09-20T03:51:33.522393Z,3.5791070,1.9488053,15.7846727,-2.2498760,-1.7636485,0.2928922,2.0870507,2.3271859,9.2986307,0.1588650,0.0260332,0.7686691,0.6190574
gait_20260920_035116_owner_phone_shake_1,owner_phone_shake_1,2533333194285670,2026-09-20T03:51:33.533310Z,3.7936873,2.2786815,15.8385420,-1.5219504,-1.4716889,0.2953237,2.0870507,2.3271859,9.2986307,0.1588650,0.0260332,0.7686691,0.6190574
gait_20260920_035116_owner_phone_shake_1,owner_phone_shake_1,2533333204396102,2026-09-20T03:51:33.542794Z,4.0384197,2.5174282,15.6852379,-1.5219504,-1.4716889,0.2953237,2.3607950,2.0531871,9.2976980,0.1610064,0.0061108,0.7685287,0.6191956
gait_20260920_035116_owner_phone_shake_1,owner_phone_shake_1,2533333214454696,2026-09-20T03:51:33.552236Z,3.9229743,2.6585364,15.1808844,-0.8144259,-0.9954538,0.2665957,2.3607950,2.0531871,9.2976980,0.1610064,0.0061108,0.7685287,0.6191956
gait_20260920_035116_owner_phone_shake_1,owner_phone_shake_1,2533333224538762,2026-09-20T03:51:33.563075Z,3.6193595,2.8758104,14.6207161,-0.8144259,-0.9954538,0.2665957,2.5414073,1.9100729,9.2805691,0.1637115,-0.0053905,0.7686000,0.6184042
gait_20260920_035116_owner_phone_shake_1,owner_phone_shake_1,2533333234632918,2026-09-20T03:51:33.574324Z,3.4501195,3.0682442,14.1336460,-0.4336843,-0.6867404,0.1335144,2.5414073,1.9100729,9.2805691,0.1637115,-0.0053905,0.7686000,0.6184042
gait_20260920_035116_owner_phone_shake_1,owner_phone_shake_1,2533333244732609,2026-09-20T03:51:33.583411Z,3.4204912,3.1093199,13.7988319,-0.4336843,-0.6867404,0.1335144,2.6633945,1.8321686,9.2620516,0.1661811,-0.0124859,0.7682237,0.6181104
gait_20260920_035116_owner_phone_shake_1,owner_phone_shake_1,2533333254817042,2026-09-20T03:51:33.592830Z,3.3049710,3.0814123,13.6043034,-0.3842722,-0.4587318,0.0922626,2.6633945,1.8321686,9.2620516,0.1661811,-0.0124859,0.7682237,0.6181104
gait_20260920_035116_owner_phone_shake_1,owner_phone_shake_1,2533333264888656,2026-09-20T03:51:33.603496Z,3.1657331,3.1489737,13.3984766,-0.3842722,-0.4587318,0.0922626,2.7429888,1.7574253,9.2533007,0.1670030,-0.0180935,0.7680000,0.6180279
gait_20260920_035116_owner_phone_shake_1,owner_phone_shake_1,2533333275002222,2026-09-20T03:51:33.613667Z,3.1510687,3.2627733,12.9776955,-0.3373082,-0.2201646,0.0817207,2.7429888,1.7574253,9.2533007,0.1670030,-0.0180935,0.7680000,0.6180279
gait_20260920_035116_owner_phone_shake_1,owner_phone_shake_1,2533333285068832,2026-09-20T03:51:33.623380Z,3.1598973,3.3298109,12.4545622,-0.3373082,-0.2201646,0.0817207,2.7769773,1.6947608,9.2548523,0.1663392,-0.0216871,0.7681497,0.6179052
gait_20260920_035116_owner_phone_shake_1,owner_phone_shake_1,2533333295155217,2026-09-20T03:51:33.634334Z,3.1968579,3.4241574,11.8469591,-0.1560471,-0.0011658,0.0963095,2.7769773,1.6947608,9.2548523,0.1663392,-0.0216871,0.7681497,0.6179052
gait_20260920_035116_owner_phone_shake_1,owner_phone_shake_1,2533333305239323,2026-09-20T03:51:33.643651Z,3.2154129,3.4899979,11.3048220,-0.1560471,-0.0011658,0.0963095,2.7732038,1.6680009,9.2608433,0.1653131,-0.0225067,0.7687640,0.6173874
gait_20260920_035116_owner_phone_shake_1,owner_phone_shake_1,2533333315322738,2026-09-20T03:51:33.654238Z,3.1024365,3.4915690,10.9385090,-0.0783400,0.0860674,0.0492956,2.7732038,1.6680009,9.2608433,0.1653131,-0.0225067,0.7687640,0.6173874
gait_20260920_035116_owner_phone_shake_1,owner_phone_shake_1,2533333325406926,2026-09-20T03:51:33.664037Z,2.9783120,3.3992426,10.7786217,-0.0783400,0.0860674,0.0492956,2.7561784,1.6543604,9.2683697,0.1641607,-0.0224499,0.7691067,0.6172701
gait_20260920_035116_owner_phone_shake_1,owner_phone_shake_1,2533333335491440,2026-09-20T03:51:33.673798Z,2.8141596,3.2610524,11.0101109,-0.1776472,0.0778570,-0.0525098,2.7561784,1.6543604,9.2683697,0.1641607,-0.0224499,0.7691067,0.6172701
gait_20260920_035116_owner_phone_shake_1,owner_phone_shake_1,2533333345553166,2026-09-20T03:51:33.684039Z,2.6292825,3.0321069,11.2930002,-0.1776472,0.0778570,-0.0525098,2.7390859,1.6232418,9.2789335,0.1623982,-0.0233040,0.7687179,0.6181882
gait_20260920_035116_owner_phone_shake_1,owner_phone_shake_1,2533333355634587,2026-09-20T03:51:33.694459Z,2.4358010,2.8089223,11.4528131,-0.2758386,0.1049196,-0.1257703,2.7390859,1.6232418,9.2789335,0.1623982,-0.0233040,0.7687179,0.6181882
gait_20260920_035116_owner_phone_shake_1,owner_phone_shake_1,2533333365744125,2026-09-20T03:51:33.705680Z,2.2884078,2.7504888,11.5170832,-0.2758386,0.1049196,-0.1257703,2.7109752,1.5790918,9.2947941,0.1597304,-0.0244294,0.7680051,0.6197240
gait_20260920_035116_owner_phone_shake_1,owner_phone_shake_1,2533333375828312,2026-09-20T03:51:33.715398Z,2.2358103,2.7516859,11.5332441,-0.2072079,0.2522400,-0.0902309,2.7109752,1.5790918,9.2947941,0.1597304,-0.0244294,0.7680051,0.6197240
gait_20260920_035116_owner_phone_shake_1,owner_phone_shake_1,2533333385912744,2026-09-20T03:51:33.725473Z,2.3650224,2.7887213,11.4962835,-0.2072079,0.2522400,-0.0902309,2.6547258,1.5500505,9.3158941,0.1564208,-0.0238972,0.7678845,0.6207375
gait_20260920_035116_owner_phone_shake_1,owner_phone_shake_1,2533333395997380,2026-09-20T03:51:33.734693Z,2.5001452,2.7926118,11.6172647,-0.0456650,0.3007362,-0.0442494,2.6547258,1.5500505,9.3158941,0.1564208,-0.0238972,0.7678845,0.6207375
gait_20260920_035116_owner_phone_shake_1,owner_phone_shake_1,2533333406081283,2026-09-20T03:51:33.745263Z,2.5449617,2.7644053,11.8386536,-0.0456650,0.3007362,-0.0442494,2.5962849,1.5512514,9.3321505,0.1540443,-0.0219753,0.7680808,0.6211596
gait_20260920_035116_owner_phone_shake_1,owner_phone_shake_1,2533333416191105,2026-09-20T03:51:33.754748Z,2.5801265,2.6920555,12.0816650,0.1299171,0.1877561,-0.0820038,2.5962849,1.5512514,9.3321505,0.1540443,-0.0219753,0.7680808,0.6211596
gait_20260920_035116_owner_phone_shake_1,owner_phone_shake_1,2533333426250350,2026-09-20T03:51:33.764764Z,2.5074027,2.6520274,12.3747311,0.1299171,0.1877561,-0.0820038,2.5610163,1.5884787,9.3356333,0.1538129,-0.0194265,0.7677851,0.6216674
gait_20260920_035116_owner_phone_shake_1,owner_phone_shake_1,2533333436334335,2026-09-20T03:51:33.775735Z,2.4602666,2.6739492,12.6010580,0.3438865,0.0844020,-0.1378111,2.5610163,1.5884787,9.3356333,0.1538129,-0.0194265,0.7677851,0.6216674
gait_20260920_035116_owner_phone_shake_1,owner_phone_shake_1,2533333446418684,2026-09-20T03:51:33.787Z,2.5928457,2.6874914,12.7432880,0.3438865,0.0844020,-0.1378111,2.5415299,1.6699492,9.3267365,0.1557001,-0.0156722,0.7670445,0.6222174
gait_20260920_035116_owner_phone_shake_1,owner_phone_shake_1,2533333456503198,2026-09-20T03:51:33.795798Z,2.8455088,2.6901100,12.8008242,0.6040038,0.0635846,-0.1509676,2.5415299,1.6699492,9.3267365,0.1557001,-0.0156722,0.7670445,0.6222174
gait_20260920_035116_owner_phone_shake_1,owner_phone_shake_1,2533333466587305,2026-09-20T03:51:33.806672Z,2.9938743,2.7023804,12.9122286,0.6040038,0.0635846,-0.1509676,2.5234017,1.8009305,9.3072662,0.1593083,-0.0099399,0.7662595,0.6223893
gait_20260920_035116_owner_phone_shake_1,owner_phone_shake_1,2533333476671371,2026-09-20T03:51:33.815016Z,3.0213330,2.7529578,13.0702467,0.8139263,0.0673484,-0.1847584,2.5234017,1.8009305,9.3072662,0.1593083,-0.0099399,0.7662595,0.6223893
gait_20260920_035116_owner_phone_shake_1,owner_phone_shake_1,2533333486756168,2026-09-20T03:51:33.825551Z,2.9732993,2.7437551,13.2548246,0.8139263,0.0673484,-0.1847584,2.5018489,1.9697484,9.2788439,0.1640619,-0.0026028,0.7652040,0.6225270
gait_20260920_035116_owner_phone_shake_1,owner_phone_shake_1,2533333496840804,2026-09-20T03:51:33.835624Z,3.0381672,2.6818800,13.3559790,0.9359661,0.1421244,-0.2534225,2.5018489,1.9697484,9.2788439,0.1640619,-0.0026028,0.7652040,0.6225270
gait_20260920_035116_owner_phone_shake_1,owner_phone_shake_1,2533333506917098,2026-09-20T03:51:33.845801Z,3.1013889,2.5671828,13.3581495,0.9359661,0.1421244,-0.2534225,2.4589858,2.1616304,9.2475319,0.1687490,0.0062848,0.7638170,0.6229510
gait_20260920_035116_owner_phone_shake_1,owner_phone_shake_1,2533333517008691,2026-09-20T03:51:33.857368Z,3.0994437,2.5002201,13.3009872,1.0680815,0.3703162,-0.2815010,2.4589858,2.1616304,9.2475319,0.1687490,0.0062848,0.7638170,0.6229510
gait_20260920_035116_owner_phone_shake_1,owner_phone_shake_1,2533333527090437,2026-09-20T03:51:33.866043Z,3.1322143,2.5012674,13.2368679,1.0680815,0.3703162,-0.2815010,2.3674297,2.3779964,9.2182713,0.1723031,0.0177928,0.7626188,0.6232236
gait_20260920_035116_owner_phone_shake_1,owner_phone_shake_1,2533333537177474,2026-09-20T03:51:33.875759Z,2.9954455,2.5404725,13.1719999,1.1922364,0.6430073,-0.3057324,2.3674297,2.3779964,9.2182713,0.1723031,0.0177928,0.7626188,0.6232236
gait_20260920_035116_owner_phone_shake_1,owner_phone_shake_1,2533333547237167,2026-09-20T03:51:33.885226Z,2.7086651,2.5528924,12.8895588,1.1922364,0.6430073,-0.3057324,2.2231379,2.6168423,9.1894455,0.1744999,0.0319858,0.7615806,0.6233152
gait_20260920_035116_owner_phone_shake_1,owner_phone_shake_1,2533333557346134,2026-09-20T03:51:33.896181Z,2.4383447,2.5276785,12.3457756,1.3894852,0.8813080,-0.3422211,2.2231379,2.6168423,9.1894455,0.1744999,0.0319858,0.7615806,0.6233152
gait_20260920_035116_owner_phone_shake_1,owner_phone_shake_1,2533333567405827,2026-09-20T03:51:33.907311Z,2.2162826,2.5092731,11.5805292,1.3894852,0.8813080,-0.3422211,2.0317173,2.8953800,9.1501379,0.1761731,0.0493930,0.7604796,0.6230523
gait_20260920_035116_owner_phone_shake_1,owner_phone_shake_1,2533333577515568,2026-09-20T03:51:33.915419Z,1.8873792,2.5921721,10.7350769,1.7057428,1.1486864,-0.3251841,2.0317173,2.8953800,9.1501379,0.1761731,0.0493930,0.7604796,0.6230523
gait_20260920_035116_owner_phone_shake_1,owner_phone_shake_1,2533333587575138,2026-09-20T03:51:33.925835Z,1.5886277,2.7216089,9.8467531,1.7057428,1.1486864,-0.3251841,1.7917211,3.2294855,9.0882492,0.1777805,0.0708894,0.7595626,0.6216377
gait_20260920_035116_owner_phone_shake_1,owner_phone_shake_1,2533333597679305,2026-09-20T03:51:33.935496Z,1.3364135,2.7372458,8.8159742,1.9744703,1.3998939,-0.2857644,1.7917211,3.2294855,9.0882492,0.1777805,0.0708894,0.7595626,0.6216377
gait_20260920_035116_owner_phone_shake_1,owner_phone_shake_1,2533333607743066,2026-09-20T03:51:33.945900Z,1.1133038,2.7659764,7.7174101,1.9744703,1.3998939,-0.2857644,1.5078892,3.5869238,9.0053520,0.1783936,0.0951342,0.7589471,0.6189705
gait_20260920_035116_owner_phone_shake_1,owner_phone_shake_1,2533333617851994,2026-09-20T03:51:33.957009Z,0.8584710,2.8232126,6.5563717,2.1429579,1.6523339,-0.2195651,1.5078892,3.5869238,9.0053520,0.1783936,0.0951342,0.7589471,0.6189705
gait_20260920_035116_owner_phone_shake_1,owner_phone_shake_1,2533333627937686,2026-09-20T03:51:33.966339Z,0.5508909,2.9293807,5.4316206,2.1429579,1.6523339,-0.2195651,1.1860859,3.9819171,8.8867111,0.1786143,0.1225659,0.7583578,0.6147911
gait_20260920_035116_owner_phone_shake_1,owner_phone_shake_1,2533333638017765,2026-09-20T03:51:33.977123Z,0.2278981,3.0645781,4.4356327,2.1108658,1.8136768,-0.1530660,1.1860859,3.9819171,8.8867111,0.1786143,0.1225659,0.7583578,0.6147911
gait_20260920_035116_owner_phone_shake_1,owner_phone_shake_1,2533333648079614,2026-09-20T03:51:33.986483Z,0.0012719,3.1640124,3.4896238,2.1108658,1.8136768,-0.1530660,0.8486981,4.3580422,8.7477598,0.1773831,0.1501605,0.7578894,0.6095823
gait_20260920_035116_owner_phone_shake_1,owner_phone_shake_1,2533333658189559,2026-09-20T03:51:33.996758Z,-0.1919102,3.1957355,2.6994624,1.8994612,1.7657969,-0.0796723,0.8486981,4.3580422,8.7477598,0.1773831,0.1501605,0.7578894,0.6095823
gait_20260920_035116_owner_phone_shake_1,owner_phone_shake_1,2533333668274316,2026-09-20T03:51:34.008236Z,-0.3710265,3.2362125,2.0872951,1.8994612,1.7657969,-0.0796723,0.5360336,4.6881580,8.6005783,0.1754031,0.1753688,0.7574917,0.6038922
gait_20260920_035116_owner_phone_shake_1,owner_phone_shake_1,2533333678357609,2026-09-20T03:51:34.017461Z,-0.5871031,3.2722003,1.6205004,1.5713959,1.5256809,0.0044632,0.5360336,4.6881580,8.6005783,0.1754031,0.1753688,0.7574917,0.6038922
gait_20260920_035116_owner_phone_shake_1,owner_phone_shake_1,2533333688443058,2026-09-20T03:51:34.028277Z,-0.8049755,3.2963669,1.2443863,1.5713959,1.5256809,0.0044632,0.2818526,4.9560199,8.4613543,0.1735357,0.1962325,0.7572479,0.5982924
gait_20260920_035116_owner_phone_shake_1,owner_phone_shake_1,2533333698523827,2026-09-20T03:51:34.037230Z,-0.9498995,3.3085623,0.8440309,1.2367023,1.1803288,0.0816208,0.2818526,4.9560199,8.4613543,0.1735357,0.1962325,0.7572479,0.5982924
gait_20260920_035116_owner_phone_shake_1,owner_phone_shake_1,2533333708613549,2026-09-20T03:51:34.047223Z,-0.9974095,3.2502036,0.3445406,1.2367023,1.1803288,0.0816208,0.0977989,5.1665859,8.3386412,0.1725100,0.2124166,0.7571610,0.5931498
gait_20260920_035116_owner_phone_shake_1,owner_phone_shake_1,2533333718695092,2026-09-20T03:51:34.057673Z,-0.9631425,3.1690252,-0.2305167,0.9722550,0.8387573,0.1772475,0.0977989,5.1665859,8.3386412,0.1725100,0.2124166,0.7571610,0.5931498
gait_20260920_035116_owner_phone_shake_1,owner_phone_shake_1,2533333728779769,2026-09-20T03:51:34.067387Z,-0.8529344,3.1429882,-0.7355437,0.9722550,0.8387573,0.1772475,-0.0157679,5.3345904,8.2327394,0.1728424,0.2245131,0.7573956,0.5882781
gait_20260920_035116_owner_phone_shake_1,owner_phone_shake_1,2533333738864200,2026-09-20T03:51:34.077648Z,-0.6504747,3.2020204,-1.1336545,0.6491359,0.3721315,0.2730075,-0.0157679,5.3345904,8.2327394,0.1728424,0.2245131,0.7573956,0.5882781
gait_20260920_035116_owner_phone_shake_1,owner_phone_shake_1,2533333748948958,2026-09-20T03:51:34.087241Z,-0.4858733,3.3057940,-1.2671312,0.6491359,0.3721315,0.2730075,-0.0338247,5.4466348,8.1589909,0.1752655,0.2309146,0.7579657,0.5843360
gait_20260920_035116_owner_phone_shake_1,owner_phone_shake_1,2533333759032006,2026-09-20T03:51:34.097160Z,-0.2402432,3.3708115,-1.0748470,0.1525498,-0.2705260,0.2940747,-0.0338247,5.4466348,8.1589909,0.1752655,0.2309146,0.7579657,0.5843360
gait_20260920_035116_owner_phone_shake_1,owner_phone_shake_1,2533333769117129,2026-09-20T03:51:34.107652Z,0.0148141,3.3265936,-0.5622633,0.1525498,-0.2705260,0.2940747,0.0621296,5.4709406,8.1425467,0.1798004,0.2292302,0.7586068,0.5827874
gait_20260920_035116_owner_phone_shake_1,owner_phone_shake_1,2533333779179304,2026-09-20T03:51:34.118877Z,0.1393126,3.0763996,0.3137901,-0.5407357,-0.9674587,0.2507578,0.0621296,5.4709406,8.1425467,0.1798004,0.2292302,0.7586068,0.5827874
gait_20260920_035116_owner_phone_shake_1,owner_phone_shake_1,2533333789285994,2026-09-20T03:51:34.127971Z,0.5229834,2.7959039,1.4732571,-0.5407357,-0.9674587,0.2507578,0.2681432,5.3727880,8.2034969,0.1852064,0.2178557,0.7593623,0.5844710
gait_20260920_035116_owner_phone_shake_1,owner_phone_shake_1,2533333799370182,2026-09-20T03:51:34.138364Z,1.0811317,2.6054151,2.7775733,-1.3385243,-1.4286053,0.2454786,0.2681432,5.3727880,8.2034969,0.1852064,0.2178557,0.7593623,0.5844710
gait_20260920_035116_owner_phone_shake_1,owner_phone_shake_1,2533333809428287,2026-09-20T03:51:34.147718Z,1.4176667,2.3954737,4.0139542,-1.3385243,-1.4286053,0.2454786,0.5479099,5.1291146,8.3443441,0.1887949,0.1973182,0.7610333,0.5884304
gait_20260920_035116_owner_phone_shake_1,owner_phone_shake_1,2533333819537784,2026-09-20T03:51:34.159091Z,1.5970074,2.0670938,5.2048450,-2.0477974,-1.5737441,0.2318557,0.5479099,5.1291146,8.3443441,0.1887949,0.1973182,0.7610333,0.5884304
gait_20260920_035116_owner_phone_shake_1,owner_phone_shake_1,2533333829622908,2026-09-20T03:51:34.167450Z,1.6051626,1.7614591,6.4547677,-2.0477974,-1.5737441,0.2318557,0.8421505,4.7540054,8.5396910,0.1884333,0.1706186,0.7634874,0.5936913
gait_20260920_035116_owner_phone_shake_1,owner_phone_shake_1,2533333839706363,2026-09-20T03:51:34.178850Z,1.5355811,1.4856770,7.7276602,-2.6162784,-1.2250112,0.2452121,0.8421505,4.7540054,8.5396910,0.1884333,0.1706186,0.7634874,0.5936913
gait_20260920_035116_owner_phone_shake_1,owner_phone_shake_1,2533333849791771,2026-09-20T03:51:34.187543Z,1.5377508,1.3708301,8.8313122,-2.6162784,-1.2250112,0.2452121,1.0662371,4.2711620,8.7667799,0.1812509,0.1421024,0.7672182,0.5986077
gait_20260920_035116_owner_phone_shake_1,owner_phone_shake_1,2533333859875797,2026-09-20T03:51:34.198734Z,1.9824739,1.3740473,9.6729488,-2.9537032,-0.6956669,0.3631051,1.0662371,4.2711620,8.7667799,0.1812509,0.1421024,0.7672182,0.5986077
gait_20260920_035116_owner_phone_shake_1,owner_phone_shake_1,2533333869935530,2026-09-20T03:51:34.208646Z,2.3403323,1.5401450,10.1777515,-2.9537032,-0.6956669,0.3631051,1.2416577,3.6146643,9.0348539,0.1659944,0.1088090,0.7736459,0.6017297
gait_20260920_035116_owner_phone_shake_1,owner_phone_shake_1,2533333880044009,2026-09-20T03:51:34.219373Z,2.8083985,1.7531542,10.7900686,-3.0083780,-0.3264165,0.4408122,1.2416577,3.6146643,9.0348539,0.1659944,0.1088090,0.7736459,0.6017297
gait_20260920_035116_owner_phone_shake_1,owner_phone_shake_1,2533333890129296,2026-09-20T03:51:34.228555Z,2.9699323,2.0225768,11.6650743,-3.0083780,-0.3264165,0.4408122,1.3237653,3.0454295,9.2308788,0.1502491,0.0826828,0.7788239,0.6033424
gait_20260920_035116_owner_phone_shake_1,owner_phone_shake_1,2533333900213118,2026-09-20T03:51:34.239291Z,2.9482350,2.2747910,12.9322805,-2.9408631,-0.2593180,0.2490425,1.3237653,3.0454295,9.2308788,0.1502491,0.0826828,0.7788239,0.6033424
gait_20260920_035116_owner_phone_shake_1,owner_phone_shake_1,2533333910298159,2026-09-20T03:51:34.248865Z,2.6611552,2.2629695,14.2427320,-2.9408631,-0.2593180,0.2490425,1.3868910,2.4897246,9.3869009,0.1346975,0.0576566,0.7817367,0.6061519
gait_20260920_035116_owner_phone_shake_1,owner_phone_shake_1,2533333920381127,2026-09-20T03:51:34.258617Z,2.1509657,2.0678420,15.3747406,-2.6888394,-0.4489393,-0.0995737,1.3868910,2.4897246,9.3869009,0.1346975,0.0576566,0.7817367,0.6061519
gait_20260920_035116_owner_phone_shake_1,owner_phone_shake_1,2533333930465966,2026-09-20T03:51:34.268888Z,1.3412766,2.2385786,16.1813622,-2.6888394,-0.4489393,-0.0995737,1.4731693,1.9946188,9.4914370,0.1223866,0.0341707,0.7813573,0.6110111
gait_20260920_035116_owner_phone_shake_1,owner_phone_shake_1,2533333940549422,2026-09-20T03:51:34.279366Z,1.5569044,2.0492122,16.3883114,-2.0792899,-0.6704529,-0.2304900,1.4731693,1.9946188,9.4914370,0.1223866,0.0341707,0.7813573,0.6110111
gait_20260920_035116_owner_phone_shake_1,owner_phone_shake_1,2533333950613833,2026-09-20T03:51:34.289041Z,2.1288943,1.9515736,16.3730469,-2.0792899,-0.6704529,-0.2304900,1.5986300,1.6278768,9.5409908,0.1157761,0.0148018,0.7795625,0.6153527
gait_20260920_035116_owner_phone_shake_1,owner_phone_shake_1,2533333960718814,2026-09-20T03:51:34.299969Z,2.5208700,2.2353613,16.0144405,-1.2445130,-0.7131868,-0.1194418,1.5986300,1.6278768,9.5409908,0.1157761,0.0148018,0.7795625,0.6153527
gait_20260920_035116_owner_phone_shake_1,owner_phone_shake_1,2533333970803816,2026-09-20T03:51:34.309303Z,2.5292497,2.6578631,15.2563019,-1.2445130,-0.7131868,-0.1194418,1.7288561,1.4227393,9.5510721,0.1144756,0.0021012,0.7781896,0.6175045
gait_20260920_035116_owner_phone_shake_1,owner_phone_shake_1,2533333980886945,2026-09-20T03:51:34.319169Z,2.2521956,2.9987376,14.3462067,-0.4731208,-0.4188124,-0.1515838,1.7288561,1.4227393,9.5510721,0.1144756,0.0021012,0.7781896,0.6175045
gait_20260920_035116_owner_phone_shake_1,owner_phone_shake_1,2533333990971418,2026-09-20T03:51:34.329248Z,1.9059342,3.2522986,13.4391775,-0.4731208,-0.4188124,-0.1515838,1.7930020,1.3630395,9.5479517,0.1151543,-0.0026010,0.7767601,0.6191740
gait_20260920_035116_owner_phone_shake_1,owner_phone_shake_1,2533334001056054,2026-09-20T03:51:34.339652Z,1.7004069,3.3653498,12.6939821,-0.0638844,-0.1651901,-0.2168671,1.7930020,1.3630395,9.5479517,0.1151543,-0.0026010,0.7767601,0.6191740
gait_20260920_035116_owner_phone_shake_1,owner_phone_shake_1,2533334011140160,2026-09-20T03:51:34.348842Z,1.5347581,3.3200095,12.2016745,-0.0638844,-0.1651901,-0.2168671,1.8097107,1.3713216,9.5436115,0.1160964,-0.0030829,0.7751920,0.6209584
gait_20260920_035116_owner_phone_shake_1,owner_phone_shake_1,2533334021224063,2026-09-20T03:51:34.360953Z,1.5668554,3.2776620,11.9059906,-0.0084768,-0.0342071,-0.2212138,1.8097107,1.3713216,9.5436115,0.1160964,-0.0030829,0.7751920,0.6209584
gait_20260920_035116_owner_phone_shake_1,owner_phone_shake_1,2533334031308902,2026-09-20T03:51:34.371234Z,1.8389714,3.2533460,11.6091852,-0.0084768,-0.0342071,-0.2212138,1.8055797,1.3799586,9.5431490,0.1162040,-0.0028678,0.7737841,0.6226931
gait_20260920_035116_owner_phone_shake_1,owner_phone_shake_1,2533334041392724,2026-09-20T03:51:34.380862Z,1.8947862,3.1320648,11.3385649,-0.0927789,0.0610865,-0.2089899,1.8055797,1.3799586,9.5431490,0.1162040,-0.0028678,0.7737841,0.6226931
gait_20260920_035116_owner_phone_shake_1,owner_phone_shake_1,2533334051476829,2026-09-20T03:51:34.392312Z,1.8065748,3.0647278,11.1587753,-0.0927789,0.0610865,-0.2089899,1.7830714,1.3692522,9.5489225,0.1149372,-0.0028255,0.7725297,0.6244832
gait_20260920_035116_owner_phone_shake_1,owner_phone_shake_1,2533334061562319,2026-09-20T03:51:34.419878Z,1.5583260,2.9758432,10.9952221,-0.1647404,0.1734171,-0.2640643,1.7830714,1.3692522,9.5489225,0.1149372,-0.0028255,0.7725297,0.6244832
gait_20260920_035116_owner_phone_shake_1,owner_phone_shake_1,2533334071646670,2026-09-20T03:51:34.420325Z,1.3354409,2.8570309,10.7938099,-0.1647404,0.1734171,-0.2640643,1.7381871,1.3479068,9.5602274,0.1124186,-0.0025446,0.7710090,0.6268179
gait_20260920_035116_owner_phone_shake_1,owner_phone_shake_1,2533334081704939,2026-09-20T03:51:34.420613Z,1.1457752,2.7992706,10.6235971,-0.1775140,0.2288913,-0.2662626,1.7381871,1.3479068,9.5602274,0.1124186,-0.0025446,0.7710090,0.6268179
gait_20260920_035116_owner_phone_shake_1,owner_phone_shake_1,2533334091789289,2026-09-20T03:51:34.429369Z,1.0724527,2.8336873,10.5284271,-0.1775140,0.2288913,-0.2662626,1.6837004,1.3255407,9.5730972,0.1094854,-0.0019646,0.7695940,0.6290742
gait_20260920_035116_owner_phone_shake_1,owner_phone_shake_1,2533334101899030,2026-09-20T03:51:34.439735Z,1.0884639,2.8255322,10.6217260,-0.1372448,0.2076742,-0.2193819,1.6837004,1.3255407,9.5730972,0.1094854,-0.0019646,0.7695940,0.6290742
gait_20260920_035116_owner_phone_shake_1,owner_phone_shake_1,2533334111983788,2026-09-20T03:51:34.449625Z,1.2090719,2.7270706,10.9229469,-0.1372448,0.2076742,-0.2193819,1.6404667,1.3107129,9.5826406,0.1072592,-0.0013786,0.7684503,0.6308548
gait_20260920_035116_owner_phone_shake_1,owner_phone_shake_1,2533334122041568,2026-09-20T03:51:34.459729Z,1.2508956,2.7185411,11.3720093,-0.0516604,-0.0095593,-0.1851581,1.6404667,1.3107129,9.5826406,0.1072592,-0.0013786,0.7684503,0.6308548
gait_20260920_035116_owner_phone_shake_1,owner_phone_shake_1,2533334132152082,2026-09-20T03:51:34.470719Z,1.3228712,2.5504234,11.4782515,-0.0516604,-0.0095593,-0.1851581,1.6438268,1.3131081,9.5817366,0.1074707,-0.0016006,0.7672228,0.6323108
gait_20260920_035116_owner_phone_shake_1,owner_phone_shake_1,2533334142235578,2026-09-20T03:51:34.480073Z,1.4429555,2.3296330,11.5338421,0.0994571,-0.1481032,-0.2083903,1.6438268,1.3131081,9.5817366,0.1074707,-0.0016006,0.7672228,0.6323108
gait_20260920_035116_owner_phone_shake_1,owner_phone_shake_1,2533334152302717,2026-09-20T03:51:34.491003Z,1.3703812,2.3540239,11.8184528,0.0994571,-0.1481032,-0.2083903,1.6693383,1.3463893,9.5727043,0.1095890,-0.0013563,0.7656668,0.6338319
gait_20260920_035116_owner_phone_shake_1,owner_phone_shake_1,2533334162383608,2026-09-20T03:51:34.500776Z,1.2800750,2.4037786,12.2221003,0.2163842,-0.1590614,-0.2239784,1.6693383,1.3463893,9.5727043,0.1095890,-0.0013563,0.7656668,0.6338319
gait_20260920_035116_owner_phone_shake_1,owner_phone_shake_1,2533334172488752,2026-09-20T03:51:34.510945Z,1.2012159,2.3756466,12.5354414,0.2163842,-0.1590614,-0.2239784,1.6903759,1.4005773,9.5612297,0.1122260,-0.0001497,0.7640604,0.6353087
gait_20260920_035116_owner_phone_shake_1,owner_phone_shake_1,2533334182572980,2026-09-20T03:51:34.521059Z,1.2552351,2.2189012,12.9615345,0.2699931,-0.0374546,-0.2027780,1.6903759,1.4005773,9.5612297,0.1122260,-0.0001497,0.7640604,0.6353087
gait_20260920_035116_owner_phone_shake_1,owner_phone_shake_1,2533334192634870,2026-09-20T03:51:34.530690Z,1.4550761,2.0182371,13.5110035,0.2699931,-0.0374546,-0.2027780,1.6862277,1.4610271,9.5529127,0.1140743,0.0021683,0.7627747,0.6365197
gait_20260920_035116_owner_phone_shake_1,owner_phone_shake_1,2533334202742617,2026-09-20T03:51:34.541634Z,1.5869068,1.7878702,14.2107840,0.2627153,0.0510276,-0.1533492,1.6862277,1.4610271,9.5529127,0.1140743,0.0021683,0.7627747,0.6365197
gait_20260920_035116_owner_phone_shake_1,owner_phone_shake_1,2533334212826154,2026-09-20T03:51:34.551319Z,1.5916952,1.6843209,14.9801464,0.2627153,0.0510276,-0.1533492,1.6672784,1.5160733,9.5476608,0.1151594,0.0048266,0.7619376,0.6373116
gait_20260920_035116_owner_phone_shake_1,owner_phone_shake_1,2533334222910790,2026-09-20T03:51:34.561279Z,1.5594484,1.7724575,15.4452200,0.3185392,0.2492423,-0.0818706,1.6672784,1.5160733,9.5476608,0.1151594,0.0048266,0.7619376,0.6373116
gait_20260920_035116_owner_phone_shake_1,owner_phone_shake_1,2533334232995262,2026-09-20T03:51:34.571920Z,1.4997429,1.8133085,15.6021147,0.3185392,0.2492423,-0.0818706,1.6049634,1.5831667,9.5474491,0.1149183,0.0095032,0.7618468,0.6374111
gait_20260920_035116_owner_phone_shake_1,owner_phone_shake_1,2533334243078554,2026-09-20T03:51:34.582510Z,1.4490157,1.8310406,15.5263233,0.5856346,0.6743832,0.0346901,1.6049634,1.5831667,9.5474491,0.1149183,0.0095032,0.7618468,0.6374111
gait_20260920_035116_owner_phone_shake_1,owner_phone_shake_1,2533334253163556,2026-09-20T03:51:34.592384Z,1.6956185,1.9507507,14.9769287,0.5856346,0.6743832,0.0346901,1.4578791,1.7060478,9.5498743,0.1131350,0.0193857,0.7630368,0.6360815
gait_20260920_035116_owner_phone_shake_1,owner_phone_shake_1,2533334263248396,2026-09-20T03:51:34.602818Z,1.9556887,2.0736032,14.2318087,1.0865840,1.2098229,0.1956501,1.4578791,1.7060478,9.5498743,0.1131350,0.0193857,0.7630368,0.6360815
gait_20260920_035116_owner_phone_shake_1,owner_phone_shake_1,2533334273332013,2026-09-20T03:51:34.611464Z,1.8711435,2.2950668,13.2869968,1.0865840,1.2098229,0.1956501,1.2156243,1.9275742,9.5416365,0.1107346,0.0365604,0.7655828,0.6326801
gait_20260920_035116_owner_phone_shake_1,owner_phone_shake_1,2533334283416608,2026-09-20T03:51:34.622232Z,1.8747348,2.8171525,12.0636339,1.5843192,1.4628956,0.2175333,1.2156243,1.9275742,9.5416365,0.1107346,0.0365604,0.7655828,0.6326801
gait_20260920_035116_owner_phone_shake_1,owner_phone_shake_1,2533334293500389,2026-09-20T03:51:34.632292Z,2.0954502,3.2377088,10.8527670,1.5843192,1.4628956,0.2175333,0.9379162,2.2423406,9.5041218,0.1098746,0.0586650,0.7677769,0.6284940
gait_20260920_035116_owner_phone_shake_1,owner_phone_shake_1,2533334303585105,2026-09-20T03:51:34.642584Z,1.6228946,3.5090020,9.9157362,1.8336948,1.4366491,0.0230490,0.9379162,2.2423406,9.5041218,0.1098746,0.0586650,0.7677769,0.6284940
gait_20260920_035116_owner_phone_shake_1,owner_phone_shake_1,2533334313669659,2026-09-20T03:51:34.652062Z,1.4531308,3.8747163,8.8741083,1.8336948,1.4366491,0.0230490,0.6698381,2.5997555,9.4355021,0.1108574,0.0820001,0.7678594,0.6256027
gait_20260920_035116_owner_phone_shake_1,owner_phone_shake_1,2533334323753888,2026-09-20T03:51:34.661981Z,1.1189152,4.5744963,8.2776527,1.8519309,1.0296943,-0.3070980,0.6698381,2.5997555,9.4355021,0.1108574,0.0820001,0.7678594,0.6256027
gait_20260920_035116_owner_phone_shake_1,owner_phone_shake_1,2533334333838036,2026-09-20T03:51:34.672133Z,0.7116016,5.1689320,8.1702137,1.8519309,1.0296943,-0.3070980,0.8640341,3.5530787,9.1030321,0.1509172,0.1148839,0.7618423,0.6193722
gait_20260920_035116_owner_phone_shake_1,owner_phone_shake_1,2533334343921775,2026-09-20T03:51:34.681644Z,0.8838345,4.6642041,8.4170408,1.8496493,0.6152452,-0.6266198,0.8640341,3.5530787,9.1030321,0.1509172,0.1148839,0.7618423,0.6193722
gait_20260920_035116_owner_phone_shake_1,owner_phone_shake_1,2533334354006085,2026-09-20T03:51:34.692341Z,0.6169559,3.3057191,8.9254341,1.8496493,0.6152452,-0.6266198,0.7150651,3.9160092,8.9660282,0.1580669,0.1340774,0.7559388,0.6209626
gait_20260920_035116_owner_phone_shake_1,owner_phone_shake_1,2533334364090843,2026-09-20T03:51:34.703293Z,1.4698154,2.3294086,8.5376482,2.1739175,0.6196085,-0.7939416,0.7150651,3.9160092,8.9660282,0.1580669,0.1340774,0.7559388,0.6209626
gait_20260920_035116_owner_phone_shake_1,owner_phone_shake_1,2533334374151348,2026-09-20T03:51:34.712148Z,2.3386114,1.7322798,7.1692872,2.1739175,0.6196085,-0.7939416,0.5371878,4.3169570,8.7926912,0.1658099,0.1558962,0.7489462,0.6223206
gait_20260920_035116_owner_phone_shake_1,owner_phone_shake_1,2533334384259381,2026-09-20T03:51:34.723724Z,2.0154688,1.2719196,5.2566195,2.5481641,0.7954571,-0.7834830,0.5371878,4.3169570,8.7926912,0.1658099,0.1558962,0.7489462,0.6223206
gait_20260920_035116_owner_phone_shake_1,owner_phone_shake_1,2533334394343244,2026-09-20T03:51:34.732852Z,1.1064205,1.5610195,3.7991493,2.5481641,0.7954571,-0.7834830,0.3392819,4.7732038,8.5637331,0.1751444,0.1810809,0.7410222,0.6224310
gait_20260920_035116_owner_phone_shake_1,owner_phone_shake_1,2533334404428245,2026-09-20T03:51:34.744040Z,0.3366098,2.3223009,3.0223804,2.2405331,-0.1198582,-0.7065586,0.3392819,4.7732038,8.5637331,0.1751444,0.1810809,0.7410222,0.6224310
gait_20260920_035116_owner_phone_shake_1,owner_phone_shake_1,2533334414512514,2026-09-20T03:51:34.753029Z,-0.0882862,2.9422495,2.5649383,2.2405331,-0.1198582,-0.7065586,0.3153445,5.1436296,8.3474388,0.1892975,0.1966018,0.7320439,0.6242002
gait_20260920_035116_owner_phone_shake_1,owner_phone_shake_1,2533334424596661,2026-09-20T03:51:34.763157Z,-0.6172552,3.1982045,2.2804770,1.5687811,-0.2396996,-0.7614665,0.3153445,5.1436296,8.3474388,0.1892975,0.1966018,0.7320439,0.6242002
gait_20260920_035116_owner_phone_shake_1,owner_phone_shake_1,2533334434680809,2026-09-20T03:51:34.773285Z,-1.2880806,3.2150388,1.9641433,1.5687811,-0.2396996,-0.7614665,0.2660982,5.3910990,8.1915417,0.1983678,0.2075548,0.7237916,0.6274529
gait_20260920_035116_owner_phone_shake_1,owner_phone_shake_1,2533334444764670,2026-09-20T03:51:34.784358Z,-1.7276410,2.9944730,1.6787095,0.9288383,0.2880959,-0.6529496,0.2660982,5.3910990,8.1915417,0.1983678,0.2075548,0.7237916,0.6274529
gait_20260920_035116_owner_phone_shake_1,owner_phone_shake_1,2533334454849672,2026-09-20T03:51:34.795176Z,-1.9601778,2.7096379,1.4787936,0.9288383,0.2880959,-0.6529496,0.1333694,5.5301986,8.1015577,0.1994952,0.2172954,0.7187531,0.6295859
gait_20260920_035116_owner_phone_shake_1,owner_phone_shake_1,2533334464933779,2026-09-20T03:51:34.804100Z,-2.1850832,2.6069117,1.5424645,0.3322121,0.4774674,-0.3017854,0.1333694,5.5301986,8.1015577,0.1994952,0.2172954,0.7187531,0.6295859
gait_20260920_035116_owner_phone_shake_1,owner_phone_shake_1,2533334475018781,2026-09-20T03:51:34.815016Z,-2.3597102,2.4001873,1.5758337,0.3322121,0.4774674,-0.3017854,0.0189669,5.5707450,8.0748100,0.1967179,0.2228966,0.7175336,0.6298926
gait_20260920_035116_owner_phone_shake_1,owner_phone_shake_1,2533334485102642,2026-09-20T03:51:34.825681Z,-2.3936031,2.0225019,1.4689924,-0.1045699,0.4764016,-0.0068781,0.0189669,5.5707450,8.0748100,0.1967179,0.2228966,0.7175336,0.6298926
gait_20260920_035116_owner_phone_shake_1,owner_phone_shake_1,2533334495186139,2026-09-20T03:51:34.834627Z,-2.6086323,1.3498061,1.4722096,-0.1045699,0.4764016,-0.0068781,-0.0589527,5.5445185,8.0926476,0.1922101,0.2247876,0.7189060,0.6290470
gait_20260920_035116_owner_phone_shake_1,owner_phone_shake_1,2533334505271344,2026-09-20T03:51:34.845362Z,-2.8369045,0.9582044,1.6488568,-0.4328017,0.3418547,0.1790295,-0.0589527,5.5445185,8.0926476,0.1922101,0.2247876,0.7189060,0.6290470
gait_20260920_035116_owner_phone_shake_1,owner_phone_shake_1,2533334515355531,2026-09-20T03:51:34.853815Z,-2.5591023,1.2449101,2.1643584,-0.4328017,0.3418547,0.1790295,-0.1055839,5.4622951,8.1479015,0.1865426,0.2232990,0.7217554,0.6280197
gait_20260920_035116_owner_phone_shake_1,owner_phone_shake_1,2533334525439760,2026-09-20T03:51:34.864814Z,-2.2747910,1.7590649,2.9275100,-0.8238853,0.6487029,0.1731506,-0.1055839,5.4622951,8.1479015,0.1865426,0.2232990,0.7217554,0.6280197
gait_20260920_035116_owner_phone_shake_1,owner_phone_shake_1,2533334535524192,2026-09-20T03:51:34.874996Z,-1.9651159,2.0420296,3.3312323,-0.8238853,0.6487029,0.1731506,-0.2085683,5.3170104,8.2414808,0.1760285,0.2211555,0.7260046,0.6269144
gait_20260920_035116_owner_phone_shake_1,owner_phone_shake_1,2533334545583844,2026-09-20T03:51:34.883954Z,-1.6115222,1.9705029,3.3016789,-0.9042737,0.7570032,0.3718984,-0.2085683,5.3170104,8.2414808,0.1760285,0.2211555,0.7260046,0.6269144
gait_20260920_035116_owner_phone_shake_1,owner_phone_shake_1,2533334555692771,2026-09-20T03:51:34.893603Z,-1.3079075,1.8762311,3.2501287,-0.9042737,0.7570032,0.3718984,-0.2965712,5.1679006,8.3331242,0.1654886,0.2187317,0.7318593,0.6238206
gait_20260920_035116_owner_phone_shake_1,owner_phone_shake_1,2533334565777122,2026-09-20T03:51:34.904068Z,-1.0045172,1.7882442,3.3825581,-0.8187892,0.5855680,0.6583622,-0.2965712,5.1679006,8.3331242,0.1654886,0.2187317,0.7318593,0.6238206
gait_20260920_035116_owner_phone_shake_1,owner_phone_shake_1,2533334575860984,2026-09-20T03:51:34.914351Z,-0.8836101,1.7695395,4.7236104,-0.8187892,0.5855680,0.6583622,-0.3166813,5.0357676,8.4128990,0.1579308,0.2150021,0.7388440,0.6188226
gait_20260920_035116_owner_phone_shake_1,owner_phone_shake_1,2533334585945822,2026-09-20T03:51:34.924066Z,-0.5956325,2.2164323,4.6990700,-0.8511478,0.3290811,0.8033844,-0.3166813,5.0357676,8.4128990,0.1579308,0.2150021,0.7388440,0.6188226
gait_20260920_035116_owner_phone_shake_1,owner_phone_shake_1,2533334596029603,2026-09-20T03:51:34.934281Z,-0.6658874,2.4574237,5.1490302,-0.8511478,0.3290811,0.8033844,-0.2863778,4.8914170,8.4987144,0.1520036,0.2090267,0.7461856,0.6135225
gait_20260920_035116_owner_phone_shake_1,owner_phone_shake_1,2533334606114239,2026-09-20T03:51:34.944897Z,-0.8318354,2.8420670,6.3940897,-1.0488962,0.0855844,0.6724014,-0.2863778,4.8914170,8.4987144,0.1520036,0.2090267,0.7461856,0.6135225
gait_20260920_035116_owner_phone_shake_1,owner_phone_shake_1,2533334616173199,2026-09-20T03:51:34.954598Z,-0.6688801,2.8949640,7.0845923,-1.0488962,0.0855844,0.6724014,-0.2284352,4.7050867,8.6050034,0.1463834,0.1998843,0.7523752,0.6103685
gait_20260920_035116_owner_phone_shake_1,owner_phone_shake_1,2533334626256613,2026-09-20T03:51:34.964331Z,-0.2248305,2.8944402,7.8665986,-1.2473775,-0.3606570,0.3775607,-0.2284352,4.7050867,8.6050034,0.1463834,0.1998843,0.7523752,0.6103685
gait_20260920_035116_owner_phone_shake_1,owner_phone_shake_1,2533334636341615,2026-09-20T03:51:34.973922Z,0.0456395,2.8203697,8.3866644,-1.2473775,-0.3606570,0.3775607,-0.1263956,4.4839377,8.7243595,0.1423484,0.1871782,0.7561570,0.6106782
gait_20260920_035116_owner_phone_shake_1,owner_phone_shake_1,2533334646450299,2026-09-20T03:51:34.983893Z,0.3255366,2.9181578,8.7857475,-1.1422247,-0.3950140,-0.0420011,-0.1263956,4.4839377,8.7243595,0.1423484,0.1871782,0.7561570,0.6106782
gait_20260920_035116_owner_phone_shake_1,owner_phone_shake_1,2533334656509910,2026-09-20T03:51:34.994948Z,0.6314707,2.8844893,9.1997948,-1.1422247,-0.3950140,-0.0420011,-0.0684808,4.2868061,8.8235321,0.1382305,0.1764555,0.7568476,0.6139525
gait_20260920_035116_owner_phone_shake_1,owner_phone_shake_1,2533334666594178,2026-09-20T03:51:35.004791Z,0.6073790,2.8651860,9.6938982,-0.8586920,-0.3166740,-0.5337244,-0.0684808,4.2868061,8.8235321,0.1382305,0.1764555,0.7568476,0.6139525
gait_20260920_035116_owner_phone_shake_1,owner_phone_shake_1,2533334676704571,2026-09-20T03:51:35.020130Z,0.2650082,2.9709051,9.5073748,-0.8586920,-0.3166740,-0.5337244,0.1211224,3.7610631,9.0595713,0.1276671,0.1480752,0.7624032,0.6168598
gait_20260920_035116_owner_phone_shake_1,owner_phone_shake_1,2533334686788474,2026-09-20T03:51:35.024445Z,-0.5262755,3.1134348,9.3305779,-0.7888122,-0.3923660,-0.6993974,0.1211224,3.7610631,9.0595713,0.1276671,0.1480752,0.7624032,0.6168598
gait_20260920_035116_owner_phone_shake_1,owner_phone_shake_1,2533334696873516,2026-09-20T03:51:35.034362Z,-1.0891373,3.4627638,9.7308588,-0.7888122,-0.3923660,-0.6993974,0.1582995,3.6151133,9.1182241,0.1253081,0.1397614,0.7587079,0.6238005
gait_20260920_035116_owner_phone_shake_1,owner_phone_shake_1,2533334706950705,2026-09-20T03:51:35.045019Z,-0.7989152,3.5916018,10.1729631,-1.0019655,-1.3393903,-0.1603105,0.1582995,3.6151133,9.1182241,0.1253081,0.1397614,0.7587079,0.6238005
gait_20260920_035116_owner_phone_shake_1,owner_phone_shake_1,2533334717041526,2026-09-20T03:51:35.054887Z,-0.2085948,3.5527709,10.8658600,-1.0019655,-1.3393903,-0.1603105,0.4257871,3.4206686,9.1844349,0.1298101,0.1224990,0.7579249,0.6274498
gait_20260920_035116_owner_phone_shake_1,owner_phone_shake_1,2533334727099957,2026-09-20T03:51:35.064804Z,0.1887678,3.7517889,11.6718826,-1.2713424,-1.3658867,0.3516305,0.4257871,3.4206686,9.1844349,0.1298101,0.1224990,0.7579249,0.6274498
gait_20260920_035116_owner_phone_shake_1,owner_phone_shake_1,2533334737210226,2026-09-20T03:51:35.074845Z,0.2666542,4.1549125,11.9449711,-1.2713424,-1.3658867,0.3516305,0.6982362,3.1717339,9.2568178,0.1320538,0.1035658,0.7603005,0.6275182
gait_20260920_035116_owner_phone_shake_1,owner_phone_shake_1,2533334747269390,2026-09-20T03:51:35.084994Z,0.1677438,4.3602901,11.9338236,-1.3964633,-0.8455520,0.3812412,0.6982362,3.1717339,9.2568178,0.1320538,0.1035658,0.7603005,0.6275182
gait_20260920_035116_owner_phone_shake_1,owner_phone_shake_1,2533334757353293,2026-09-20T03:51:35.095479Z,0.4198831,4.1244612,12.2045927,-1.3964633,-0.8455520,0.3812412,0.8618542,2.8986776,9.3322544,0.1291610,0.0873811,0.7630667,0.6272249
gait_20260920_035116_owner_phone_shake_1,owner_phone_shake_1,2533334767437521,2026-09-20T03:51:35.105053Z,0.8613141,3.8366334,12.6909895,-1.5982586,-0.6051530,0.3472506,0.8618542,2.8986776,9.3322544,0.1291610,0.0873811,0.7630667,0.6272249
gait_20260920_035116_owner_phone_shake_1,owner_phone_shake_1,2533334777545635,2026-09-20T03:51:35.115188Z,1.1886463,3.7009120,13.4267578,-1.5982586,-0.6051530,0.3472506,0.9895929,2.5838554,9.4117222,0.1235570,0.0707183,0.7657563,0.6271762
gait_20260920_035116_owner_phone_shake_1,owner_phone_shake_1,2533334787605816,2026-09-20T03:51:35.125028Z,1.2003928,3.6837785,14.3833914,-1.6874570,-0.6105155,0.2313061,0.9895929,2.5838554,9.4117222,0.1235570,0.0707183,0.7657563,0.6271762
gait_20260920_035116_owner_phone_shake_1,owner_phone_shake_1,2533334797713360,2026-09-20T03:51:35.135041Z,1.0567408,3.5972133,15.3481045,-1.6874570,-0.6105155,0.2313061,1.1153501,2.2593906,9.4808893,0.1177516,0.0536304,0.7673335,0.6280587
gait_20260920_035116_owner_phone_shake_1,owner_phone_shake_1,2533334807801042,2026-09-20T03:51:35.154361Z,0.8194904,3.4552071,16.0767651,-1.4145993,-0.5025649,0.0373714,1.1153501,2.2593906,9.4808893,0.1177516,0.0536304,0.7673335,0.6280587
gait_20260920_035116_owner_phone_shake_1,owner_phone_shake_1,2533334817860332,2026-09-20T03:51:35.155576Z,0.3459621,3.3553989,16.4900646,-1.4145993,-0.5025649,0.0373714,1.1153501,2.2593906,9.4808893,0.1177516,0.0536304,0.7673335,0.6280587
gait_20260920_035116_owner_phone_shake_1,owner_phone_shake_1,2533334827968365,2026-09-20T03:51:35.165460Z,-0.0650924,3.1733646,16.3764153,-0.8176734,-0.1596943,-0.0139726,1.2043060,2.0025983,9.5276098,0.1128442,0.0403277,0.7674670,0.6297891
gait_20260920_035116_owner_phone_shake_1,owner_phone_shake_1,2533334838052348,2026-09-20T03:51:35.175494Z,-0.3669114,3.0440779,15.7299795,-0.8176734,-0.1596943,-0.0139726,1.2201068,1.8702954,9.5524578,0.1091155,0.0344682,0.7675442,0.6306995
gait_20260920_035116_owner_phone_shake_1,owner_phone_shake_1,2533334848134461,2026-09-20T03:51:35.186182Z,-0.5832874,3.0278420,14.8409081,-0.0793725,0.1583786,0.1226227,1.2201068,1.8702954,9.5524578,0.1091155,0.0344682,0.7675442,0.6306995
gait_20260920_035116_owner_phone_shake_1,owner_phone_shake_1,2533334858221091,2026-09-20T03:51:35.196074Z,-0.6706758,3.1331871,13.8008518,-0.0793725,0.1583786,0.1226227,1.1858630,1.8779145,9.5552750,0.1079344,0.0360774,0.7687296,0.6293674
gait_20260920_035116_owner_phone_shake_1,owner_phone_shake_1,2533334868280458,2026-09-20T03:51:35.205795Z,-0.6102970,3.1965585,12.6275434,0.5432504,0.1793792,0.3434701,1.1858630,1.8779145,9.5552750,0.1079344,0.0360774,0.7687296,0.6293674
gait_20260920_035116_owner_phone_shake_1,owner_phone_shake_1,2533334878389792,2026-09-20T03:51:35.215881Z,-0.5736358,3.2386816,11.5973635,0.5432504,0.1793792,0.3434701,1.1669182,1.9937663,9.5341129,0.1108263,0.0418053,0.7710748,0.6256306
gait_20260920_035116_owner_phone_shake_1,owner_phone_shake_1,2533334888474061,2026-09-20T03:51:35.225884Z,-0.4899135,3.3267434,10.8122892,0.8641378,-0.0316258,0.4999669,1.1669182,1.9937663,9.5341129,0.1108263,0.0418053,0.7710748,0.6256306
gait_20260920_035116_owner_phone_shake_1,owner_phone_shake_1,2533334898558249,2026-09-20T03:51:35.236092Z,-0.2912696,3.4933648,10.4485207,0.8641378,-0.0316258,0.4999669,1.2040055,2.1545863,9.4944324,0.1173594,0.0477331,0.7738153,0.6206111
gait_20260920_035116_owner_phone_shake_1,owner_phone_shake_1,2533334908642721,2026-09-20T03:51:35.246220Z,0.1216554,3.6776435,10.4702177,0.7847320,-0.4434602,0.5246979,1.2040055,2.1545863,9.4944324,0.1173594,0.0477331,0.7738153,0.6206111
gait_20260920_035116_owner_phone_shake_1,owner_phone_shake_1,2533334918726787,2026-09-20T03:51:35.256142Z,0.7384616,3.7707181,10.8262806,0.7847320,-0.4434602,0.5246979,1.3255305,2.2863071,9.4473219,0.1263685,0.0498151,0.7760304,0.6158947
gait_20260920_035116_owner_phone_shake_1,owner_phone_shake_1,2533334928811667,2026-09-20T03:51:35.266128Z,1.3590088,3.7660792,11.3220301,0.5549747,-0.6863074,0.4352998,1.3255305,2.2863071,9.4473219,0.1263685,0.0498151,0.7760304,0.6158947
gait_20260920_035116_owner_phone_shake_1,owner_phone_shake_1,2533334938895285,2026-09-20T03:51:35.276443Z,1.5218145,3.7660792,11.8729963,0.5549747,-0.6863074,0.4352998,1.4785558,2.3739398,9.4028931,0.1353190,0.0490003,0.7773581,0.6123743
gait_20260920_035116_owner_phone_shake_1,owner_phone_shake_1,2533334948954814,2026-09-20T03:51:35.286499Z,1.4147488,3.6351464,12.1349363,0.4856612,-0.5285617,0.2402159,1.4785558,2.3739398,9.4028931,0.1353190,0.0490003,0.7773581,0.6123743
gait_20260920_035116_owner_phone_shake_1,owner_phone_shake_1,2533334959063864,2026-09-20T03:51:35.297435Z,1.0907834,3.5308490,12.0315371,0.4856612,-0.5285617,0.2402159,1.5781560,2.4604959,9.3643732,0.1421621,0.0496341,0.7776793,0.6103616
gait_20260920_035116_owner_phone_shake_1,owner_phone_shake_1,2533334969149232,2026-09-20T03:51:35.306577Z,0.6891560,3.6041713,11.7930889,0.6325486,-0.0866836,0.0719948,1.5781560,2.4604959,9.3643732,0.1421621,0.0496341,0.7776793,0.6103616
gait_20260920_035116_owner_phone_shake_1,owner_phone_shake_1,2533334979233256,2026-09-20T03:51:35.316909Z,0.3719991,3.6916347,11.4337349,0.6325486,-0.0866836,0.0719948,1.5791764,2.5842986,9.3307934,0.1462164,0.0548224,0.7776285,0.6090231
gait_20260920_035116_owner_phone_shake_1,owner_phone_shake_1,2533334989316875,2026-09-20T03:51:35.327054Z,0.2700211,3.7027078,11.0433302,0.7746730,0.3359426,0.0565400,1.5791764,2.5842986,9.3307934,0.1462164,0.0548224,0.7776285,0.6090231
gait_20260920_035116_owner_phone_shake_1,owner_phone_shake_1,2533334999401266,2026-09-20T03:51:35.336923Z,0.3009960,3.7657800,10.8990049,0.7746730,0.3359426,0.0565400,1.5062283,2.7321341,9.3006897,0.1479589,0.0634680,0.7781182,0.6071344
gait_20260920_035116_owner_phone_shake_1,owner_phone_shake_1,2533335009486512,2026-09-20T03:51:35.347043Z,0.4305074,3.8663366,10.9765167,0.7999536,0.4397963,0.1373281,1.5062283,2.7321341,9.3006897,0.1479589,0.0634680,0.7781182,0.6071344
gait_20260920_035116_owner_phone_shake_1,owner_phone_shake_1,2533335019569845,2026-09-20T03:51:35.357900Z,0.5095161,3.8893058,11.1026611,0.7999536,0.4397963,0.1373281,1.4320596,2.8776691,9.2684584,0.1494902,0.0722253,0.7791370,0.6044683
gait_20260920_035116_owner_phone_shake_1,owner_phone_shake_1,2533335029654643,2026-09-20T03:51:35.367338Z,0.2501941,4.1601501,11.6102324,0.7454288,0.3112948,0.1554809,1.4320596,2.8776691,9.2684584,0.1494902,0.0722253,0.7791370,0.6044683
gait_20260920_035116_owner_phone_shake_1,owner_phone_shake_1,2533335039738302,2026-09-20T03:51:35.377474Z,0.3158850,4.4368300,12.5355911,0.7454288,0.3112948,0.1554809,1.3893856,3.0097136,9.2329483,0.1518730,0.0794284,0.7799354,0.6019356
gait_20260920_035116_owner_phone_shake_1,owner_phone_shake_1,2533335049823059,2026-09-20T03:51:35.388495Z,0.6006454,4.4127383,13.5368910,0.6395766,-0.0238650,0.1341139,1.3893856,3.0097136,9.2329483,0.1518730,0.0794284,0.7799354,0.6019356
gait_20260920_035116_owner_phone_shake_1,owner_phone_shake_1,2533335059907044,2026-09-20T03:51:35.398201Z,0.9317934,4.1423430,14.3948383,0.6395766,-0.0238650,0.1341139,1.4122201,3.1223414,9.1919928,0.1564062,0.0836555,0.7800398,0.6000641
gait_20260920_035116_owner_phone_shake_1,owner_phone_shake_1,2533335069991395,2026-09-20T03:51:35.408075Z,1.1816882,3.7207391,14.9419136,0.6707860,-0.1964328,0.0380042,1.4122201,3.1223414,9.1919928,0.1564062,0.0836555,0.7800398,0.6000641
gait_20260920_035116_owner_phone_shake_1,owner_phone_shake_1,2533335080075827,2026-09-20T03:51:35.419261Z,1.4147488,3.2901568,15.2057991,0.6707860,-0.1964328,0.0380042,1.4489267,3.2490728,9.1422234,0.1620965,0.0878720,0.7792326,0.5989990
gait_20260920_035116_owner_phone_shake_1,owner_phone_shake_1,2533335090160299,2026-09-20T03:51:35.429172Z,1.7111061,2.9620764,15.3124914,0.9396466,0.1202578,-0.0751424,1.4489267,3.2490728,9.1422234,0.1620965,0.0878720,0.7792326,0.5989990
gait_20260920_035116_owner_phone_shake_1,owner_phone_shake_1,2533335100244161,2026-09-20T03:51:35.438891Z,1.5807717,2.7711389,14.8710604,0.9396466,0.1202578,-0.0751424,1.4061294,3.4358387,9.0804138,0.1664929,0.0970944,0.7780769,0.5978705
gait_20260920_035116_owner_phone_shake_1,owner_phone_shake_1,2533335110329082,2026-09-20T03:51:35.451173Z,1.1584195,2.6522517,14.0717707,1.4653438,0.6188591,-0.1225228,1.4061294,3.4358387,9.0804138,0.1664929,0.0970944,0.7780769,0.5978705
gait_20260920_035116_owner_phone_shake_1,owner_phone_shake_1,2533335120412619,2026-09-20T03:51:35.458851Z,0.7948002,2.6117747,13.0781775,1.4653438,0.6188591,-0.1225228,1.2668912,3.7234426,8.9870501,0.1701337,0.1138506,0.7769275,0.5953791
gait_20260920_035116_owner_phone_shake_1,owner_phone_shake_1,2533335130498352,2026-09-20T03:51:35.470238Z,0.5526865,2.7037270,11.9696617,1.9726883,1.0453990,0.0190354,1.2668912,3.7234426,8.9870501,0.1701337,0.1138506,0.7769275,0.5953791
gait_20260920_035116_owner_phone_shake_1,owner_phone_shake_1,2533335140581930,2026-09-20T03:51:35.478779Z,0.4878186,2.8781297,10.7971764,1.9726883,1.0453990,0.0190354,1.0709615,4.0898352,8.8522539,0.1736923,0.1364242,0.7766354,0.5899633
gait_20260920_035116_owner_phone_shake_1,owner_phone_shake_1,2533335150665915,2026-09-20T03:51:35.489113Z,0.5583727,2.9738977,9.7086372,2.2264938,1.2392504,0.2822670,1.0709615,4.0898352,8.8522539,0.1736923,0.1364242,0.7766354,0.5899633
gait_20260920_035116_owner_phone_shake_1,owner_phone_shake_1,2533335160749654,2026-09-20T03:51:35.499242Z,0.6721721,3.0158710,8.5729628,2.2264938,1.2392504,0.2822670,0.8739780,4.4812469,8.6827812,0.1774831,0.1610013,0.7774720,0.5814770
gait_20260920_035116_owner_phone_shake_1,owner_phone_shake_1,2533335170834778,2026-09-20T03:51:35.508779Z,0.7086837,3.0696659,7.4088573,2.2655971,1.4441267,0.4402460,0.8739780,4.4812469,8.6827812,0.1774831,0.1610013,0.7774720,0.5814770
gait_20260920_035116_owner_phone_shake_1,owner_phone_shake_1,2533335180918803,2026-09-20T03:51:35.519573Z,0.6593033,3.1902738,6.2389903,2.2655971,1.4441267,0.4402460,0.6599218,4.8642206,8.4935255,0.1797066,0.1864874,0.7789052,0.5711697
gait_20260920_035116_owner_phone_shake_1,owner_phone_shake_1,2533335191003032,2026-09-20T03:51:35.529984Z,0.5027823,3.4066498,5.1776857,2.0748434,1.6539493,0.4596644,0.6599218,4.8642206,8.4935255,0.1797066,0.1864874,0.7789052,0.5711697
gait_20260920_035116_owner_phone_shake_1,owner_phone_shake_1,2533335201088236,2026-09-20T03:51:35.540753Z,0.3334674,3.6566942,4.2378864,2.0748434,1.6539493,0.4596644,0.4214552,5.2018051,8.3066063,0.1789260,0.2111628,0.7805396,0.5604942
gait_20260920_035116_owner_phone_shake_1,owner_phone_shake_1,2533335211171977,2026-09-20T03:51:35.550321Z,0.1910124,3.8450880,3.5217960,1.6848589,1.7240123,0.4536690,0.4214552,5.2018051,8.3066063,0.1789260,0.2111628,0.7805396,0.5604942
gait_20260920_035116_owner_phone_shake_1,owner_phone_shake_1,2533335221255677,2026-09-20T03:51:35.559831Z,0.0273837,3.9551463,3.0731823,1.6848589,1.7240123,0.4536690,0.1842110,5.4659295,8.1440639,0.1753642,0.2326839,0.7825549,0.5501940
gait_20260920_035116_owner_phone_shake_1,owner_phone_shake_1,2533335231340352,2026-09-20T03:51:35.570209Z,-0.0306757,4.0167971,2.8622682,1.1765651,1.6340644,0.4580989,0.1842110,5.4659295,8.1440639,0.1753642,0.2326839,0.7825549,0.5501940
gait_20260920_035116_owner_phone_shake_1,owner_phone_shake_1,2533335241424540,2026-09-20T03:51:35.580107Z,-0.0302268,4.0369983,2.8060791,1.1765651,1.6340644,0.4580989,-0.0271086,5.6435890,8.0240440,0.1697639,0.2493940,0.7852168,0.5407563
gait_20260920_035116_owner_phone_shake_1,owner_phone_shake_1,2533335251509217,2026-09-20T03:51:35.592276Z,0.0124199,4.0944591,2.8494742,0.6834263,1.4813815,0.4707726,-0.0271086,5.6435890,8.0240440,0.1697639,0.2493940,0.7852168,0.5407563
gait_20260920_035116_owner_phone_shake_1,owner_phone_shake_1,2533335261593079,2026-09-20T03:51:35.600621Z,0.0698808,4.0872765,2.8285997,0.6834263,1.4813815,0.4707726,-0.2064725,5.7432208,7.9504023,0.1627971,0.2612905,0.7885985,0.5322939
gait_20260920_035116_owner_phone_shake_1,owner_phone_shake_1,2533335271677510,2026-09-20T03:51:35.612463Z,0.0712275,4.0657287,2.8060043,0.3090132,1.3163912,0.4331514,-0.2064725,5.7432208,7.9504023,0.1627971,0.2612905,0.7885985,0.5322939
gait_20260920_035116_owner_phone_shake_1,owner_phone_shake_1,2533335281761658,2026-09-20T03:51:35.622152Z,-0.0407762,3.9999628,2.7822869,0.3090132,1.3163912,0.4331514,-0.3615927,5.7876925,7.9125204,0.1551615,0.2695104,0.7921779,0.5251128
gait_20260920_035116_owner_phone_shake_1,owner_phone_shake_1,2533335291846049,2026-09-20T03:51:35.631013Z,-0.1707365,3.9603837,2.7619362,0.0576225,1.0424179,0.3073478,-0.3615927,5.7876925,7.9125204,0.1551615,0.2695104,0.7921779,0.5251128
gait_20260920_035116_owner_phone_shake_1,owner_phone_shake_1,2533335301930725,2026-09-20T03:51:35.640564Z,-0.3640683,4.0080433,2.7514615,0.0576225,1.0424179,0.3073478,-0.4862358,5.7954412,7.9001603,0.1482156,0.2745480,0.7950600,0.5201299
gait_20260920_035116_owner_phone_shake_1,owner_phone_shake_1,2533335312014465,2026-09-20T03:51:35.650932Z,-0.6054338,4.1083007,2.7784710,-0.0975586,0.7900446,0.1659229,-0.4862358,5.7954412,7.9001603,0.1482156,0.2745480,0.7950600,0.5201299
gait_20260920_035116_owner_phone_shake_1,owner_phone_shake_1,2533335322098531,2026-09-20T03:51:35.660652Z,-0.9789292,4.2469397,2.9222729,-0.0975586,0.7900446,0.1659229,-0.5887632,5.7802944,7.9042816,0.1420766,0.2774010,0.7971644,0.5170996
gait_20260920_035116_owner_phone_shake_1,owner_phone_shake_1,2533335332183655,2026-09-20T03:51:35.671208Z,-0.9237130,4.5227966,2.8909237,-0.1895881,0.5972424,0.0955934,-0.5887632,5.7802944,7.9042816,0.1420766,0.2774010,0.7971644,0.5170996
gait_20260920_035116_owner_phone_shake_1,owner_phone_shake_1,2533335342267924,2026-09-20T03:51:35.680868Z,-0.8215853,4.6409354,2.8104935,-0.1895881,0.5972424,0.0955934,-0.6699246,5.7519555,7.9184799,0.1367746,0.2787618,0.7989062,0.5151052
gait_20260920_035116_owner_phone_shake_1,owner_phone_shake_1,2533335352351583,2026-09-20T03:51:35.691355Z,-0.7035212,4.5726261,2.6698341,-0.2440796,0.4586652,0.0777071,-0.6699246,5.7519555,7.9184799,0.1367746,0.2787618,0.7989062,0.5151052
gait_20260920_035116_owner_phone_shake_1,owner_phone_shake_1,2533335362435852,2026-09-20T03:51:35.701083Z,-0.5874773,4.4170775,2.4779987,-0.2440796,0.4586652,0.0777071,-0.7307675,5.7157040,7.9393215,0.1323038,0.2790168,0.8004791,0.5136911
gait_20260920_035116_owner_phone_shake_1,owner_phone_shake_1,2533335372520609,2026-09-20T03:51:35.712045Z,-0.4700865,4.2219501,2.2660370,-0.2789362,0.2576859,0.0068114,-0.7307675,5.7157040,7.9393215,0.1323038,0.2790168,0.8004791,0.5136911
gait_20260920_035116_owner_phone_shake_1,owner_phone_shake_1,2533335382604797,2026-09-20T03:51:35.721427Z,-0.4004302,3.9740007,1.8913445,-0.2789362,0.2576859,0.0068114,-0.7685706,5.6747594,7.9650812,0.1291099,0.2781604,0.8014488,0.5134562
gait_20260920_035116_owner_phone_shake_1,owner_phone_shake_1,2533335392688985,2026-09-20T03:51:35.731744Z,-0.4047697,3.7892730,1.5239842,-0.2277088,0.1931686,-0.0246478,-0.7685706,5.6747594,7.9650812,0.1291099,0.2781604,0.8014488,0.5134562
gait_20260920_035116_owner_phone_shake_1,owner_phone_shake_1,2533335402773336,2026-09-20T03:51:35.741512Z,-0.4332757,3.7707181,1.2025626,-0.2277088,0.1931686,-0.0246478,-0.8002840,5.6433587,7.9842448,0.1266131,0.2775527,0.8020508,0.5134669
gait_20260920_035116_owner_phone_shake_1,owner_phone_shake_1,2533335412857442,2026-09-20T03:51:35.751886Z,-0.3804536,3.8349125,1.0062381,-0.2787864,-0.0100423,-0.0219332,-0.8002840,5.6433587,7.9842448,0.1266131,0.2775527,0.8020508,0.5134669
gait_20260920_035116_owner_phone_shake_1,owner_phone_shake_1,2533335422941874,2026-09-20T03:51:35.761683Z,-0.3572598,3.9844005,1.1039515,-0.2787864,-0.0100423,-0.0219332,-0.7921434,5.5994577,8.0159025,0.1257045,0.2750471,0.8025724,0.5142227
gait_20260920_035116_owner_phone_shake_1,owner_phone_shake_1,2533335433026021,2026-09-20T03:51:35.772085Z,-0.4774188,4.2070613,1.3576620,-0.6092498,-0.4537523,-0.0659328,-0.7921434,5.5994577,8.0159025,0.1257045,0.2750471,0.8025724,0.5142227
gait_20260920_035116_owner_phone_shake_1,owner_phone_shake_1,2533335443110982,2026-09-20T03:51:35.781864Z,-0.5369745,4.1616464,1.9613749,-0.6092498,-0.4537523,-0.0659328,-0.7141607,5.4918752,8.0972462,0.1264206,0.2670628,0.8032526,0.5171852
gait_20260920_035116_owner_phone_shake_1,owner_phone_shake_1,2533335453195088,2026-09-20T03:51:35.792126Z,-0.5567267,3.7814171,2.9592333,-1.1650072,-0.7825337,-0.0994405,-0.7141607,5.4918752,8.0972462,0.1264206,0.2670628,0.8032526,0.5171852
gait_20260920_035116_owner_phone_shake_1,owner_phone_shake_1,2533335463279724,2026-09-20T03:51:35.802400Z,-0.9484031,3.3410337,3.8817492,-1.1650072,-0.7825337,-0.0994405,-0.5881644,5.2853556,8.2434940,0.1263797,0.2527372,0.8049142,0.5217903
gait_20260920_035116_owner_phone_shake_1,owner_phone_shake_1,2533335473363627,2026-09-20T03:51:35.811612Z,-0.8057237,2.9833250,4.7212911,-1.5737274,-0.9959035,0.0288945,-0.5881644,5.2853556,8.2434940,0.1263797,0.2527372,0.8049142,0.5217903
gait_20260920_035116_owner_phone_shake_1,owner_phone_shake_1,2533335483448303,2026-09-20T03:51:35.821530Z,-0.2546832,2.7617116,6.0100451,-1.5737274,-0.9959035,0.0288945,-0.4025200,5.0134411,8.4225588,0.1266284,0.2338441,0.8078770,0.5259440
gait_20260920_035116_owner_phone_shake_1,owner_phone_shake_1,2533335493532287,2026-09-20T03:51:35.833782Z,0.3970634,2.6327989,7.0939450,-1.5500122,-1.7388508,0.3249010,-0.4025200,5.0134411,8.4225588,0.1266284,0.2338441,0.8078770,0.5259440
gait_20260920_035116_owner_phone_shake_1,owner_phone_shake_1,2533335503616801,2026-09-20T03:51:35.842638Z,0.9169044,2.6437972,7.6426659,-1.5500122,-1.7388508,0.3249010,-0.0407754,4.7547898,8.5805845,0.1348421,0.2108908,0.8108025,0.5290956
gait_20260920_035116_owner_phone_shake_1,owner_phone_shake_1,2533335513701151,2026-09-20T03:51:35.854333Z,1.2912977,2.9804819,8.0229702,-1.1151621,-2.4436774,0.4414950,-0.0407754,4.7547898,8.5805845,0.1348421,0.2108908,0.8108025,0.5290956
gait_20260920_035116_owner_phone_shake_1,owner_phone_shake_1,2533335523785298,2026-09-20T03:51:35.864255Z,1.5016134,3.4879777,8.4644012,-1.1151621,-2.4436774,0.4414950,0.4453918,4.5709696,8.6685629,0.1510126,0.1880419,0.8116587,0.5320204
gait_20260920_035116_owner_phone_shake_1,owner_phone_shake_1,2533335533869445,2026-09-20T03:51:35.873528Z,1.5191958,3.8883331,9.1381445,-0.9329184,-2.6372957,0.3565768,0.4453918,4.5709696,8.6685629,0.1510126,0.1880419,0.8116587,0.5320204
gait_20260920_035116_owner_phone_shake_1,owner_phone_shake_1,2533335543953837,2026-09-20T03:51:35.882771Z,1.5674540,4.0516624,10.1543331,-0.9329184,-2.6372957,0.3565768,0.9426377,4.4003210,8.7169218,0.1682776,0.1654478,0.8109338,0.5354399
gait_20260920_035116_owner_phone_shake_1,owner_phone_shake_1,2533335554037780,2026-09-20T03:51:35.894080Z,1.8348563,3.9742999,11.3907890,-1.2475940,-2.4358668,0.2852980,0.9426377,4.4003210,8.7169218,0.1682776,0.1654478,0.8109338,0.5354399
gait_20260920_035116_owner_phone_shake_1,owner_phone_shake_1,2533335564122293,2026-09-20T03:51:35.903238Z,2.3419034,3.6388125,12.4931688,-1.2475940,-2.4358668,0.2852980,1.3842068,4.1598473,8.7758627,0.1808801,0.1412827,0.8102859,0.5392203
gait_20260920_035116_owner_phone_shake_1,owner_phone_shake_1,2533335574206604,2026-09-20T03:51:35.913741Z,2.5457847,3.1679029,13.4414968,-1.6877567,-1.8717324,0.2204311,1.3842068,4.1598473,8.7758627,0.1808801,0.1412827,0.8102859,0.5392203
gait_20260920_035116_owner_phone_shake_1,owner_phone_shake_1,2533335584290670,2026-09-20T03:51:35.923108Z,2.3559692,2.9985132,14.2113829,-1.6877567,-1.8717324,0.2204311,1.7126907,3.8379955,8.8641176,0.1858028,0.1168414,0.8104570,0.5431250
gait_20260920_035116_owner_phone_shake_1,owner_phone_shake_1,2533335594374897,2026-09-20T03:51:35.932715Z,1.9721488,3.0913632,14.7527714,-1.9338847,-1.1705197,0.0987743,1.7126907,3.8379955,8.8641176,0.1858028,0.1168414,0.8104570,0.5431250
gait_20260920_035116_owner_phone_shake_1,owner_phone_shake_1,2533335604459899,2026-09-20T03:51:35.942764Z,1.5233108,3.2493806,15.0640926,-1.9338847,-1.1705197,0.0987743,1.9031062,3.4807494,8.9721060,0.1834481,0.0949440,0.8110759,0.5472554
gait_20260920_035116_owner_phone_shake_1,owner_phone_shake_1,2533335614544047,2026-09-20T03:51:35.953638Z,1.1644050,3.4213891,15.1589632,-1.8821077,-0.4348001,0.0498451,1.9031062,3.4807494,8.9721060,0.1834481,0.0949440,0.8110759,0.5472554
gait_20260920_035116_owner_phone_shake_1,owner_phone_shake_1,2533335624628234,2026-09-20T03:51:35.963425Z,0.9708488,3.5258360,14.8820581,-1.8821077,-0.4348001,0.0498451,1.9601812,3.1397994,9.0849028,0.1756084,0.0779721,0.8124114,0.5505179
gait_20260920_035116_owner_phone_shake_1,owner_phone_shake_1,2533335634712503,2026-09-20T03:51:35.973587Z,0.8442554,3.5746927,14.2728090,-1.5982919,0.1222230,0.0759251,1.9601812,3.1397994,9.0849028,0.1756084,0.0779721,0.8124114,0.5505179
gait_20260920_035116_owner_phone_shake_1,owner_phone_shake_1,2533335644796162,2026-09-20T03:51:35.983388Z,0.6991069,3.6114287,13.5870199,-1.5982919,0.1222230,0.0759251,1.9242103,2.8527575,9.1866913,0.1652858,0.0664207,0.8143335,0.5523858
gait_20260920_035116_owner_phone_shake_1,owner_phone_shake_1,2533335654881205,2026-09-20T03:51:35.992887Z,0.5618892,3.6927569,13.1229191,-1.2978555,0.3521302,0.0610699,1.9242103,2.8527575,9.1866913,0.1652858,0.0664207,0.8143335,0.5523858
gait_20260920_035116_owner_phone_shake_1,owner_phone_shake_1,2533335664965636,2026-09-20T03:51:36.005437Z,0.4524293,3.7821653,13.0785513,-1.2978555,0.3521302,0.0610699,1.8571168,2.6173904,9.2701941,0.1552344,0.0581292,0.8160313,0.5537293
gait_20260920_035116_owner_phone_shake_1,owner_phone_shake_1,2533335675049865,2026-09-20T03:51:36.014323Z,0.5407903,3.7801452,13.2311068,-1.1979986,0.2266430,0.0357226,1.8571168,2.6173904,9.2701941,0.1552344,0.0581292,0.8160313,0.5537293
gait_20260920_035116_owner_phone_shake_1,owner_phone_shake_1,2533335685134094,2026-09-20T03:51:36.023975Z,0.7404817,3.6780925,13.4973869,-1.1979986,0.2266430,0.0357226,1.8189410,2.3944714,9.3377762,0.1469007,0.0495319,0.8171602,0.5551720
gait_20260920_035116_owner_phone_shake_1,owner_phone_shake_1,2533335695192605,2026-09-20T03:51:36.034253Z,0.9555109,3.5259109,13.7758627,-1.1246215,0.1521667,0.0223662,1.8189410,2.3944714,9.3377762,0.1469007,0.0495319,0.8171602,0.5551720
gait_20260920_035116_owner_phone_shake_1,owner_phone_shake_1,2533335705302876,2026-09-20T03:51:36.044773Z,0.9414450,3.3947535,13.8990889,-1.1246215,0.1521667,0.0223662,1.7898982,2.1861842,9.3943052,0.1394467,0.0413228,0.8179632,0.5565819
gait_20260920_035116_owner_phone_shake_1,owner_phone_shake_1,2533335715386820,2026-09-20T03:51:36.054393Z,0.6260837,3.3013797,13.9174948,-0.9164477,0.2427473,-0.0515605,1.7898982,2.1861842,9.3943052,0.1394467,0.0413228,0.8179632,0.5565819
gait_20260920_035116_owner_phone_shake_1,owner_phone_shake_1,2533335725470764,2026-09-20T03:51:36.064906Z,0.3052607,3.2386816,13.7208710,-0.9164477,0.2427473,-0.0515605,1.7349576,2.0239229,9.4408560,0.1322877,0.0357996,0.8182759,0.5582501
gait_20260920_035116_owner_phone_shake_1,owner_phone_shake_1,2533335735555683,2026-09-20T03:51:36.075899Z,0.0849942,3.1445594,13.3354788,-0.6000901,0.4019253,-0.0980748,1.7349576,2.0239229,9.4408560,0.1322877,0.0357996,0.8182759,0.5582501
gait_20260920_035116_owner_phone_shake_1,owner_phone_shake_1,2533335745638895,2026-09-20T03:51:36.083593Z,-0.0014964,3.0816369,12.9430542,-0.6000901,0.4019253,-0.0980748,1.6470966,1.9254662,9.4771175,0.1256164,0.0339958,0.8184477,0.5596502
gait_20260920_035116_owner_phone_shake_1,owner_phone_shake_1,2533335755698465,2026-09-20T03:51:36.093183Z,-0.0136918,3.0927100,12.5178595,-0.2691438,0.5038806,-0.0450155,1.6470966,1.9254662,9.4771175,0.1256164,0.0339958,0.8184477,0.5596502
gait_20260920_035116_owner_phone_shake_1,owner_phone_shake_1,2533335765808613,2026-09-20T03:51:36.103972Z,0.0347159,3.1456819,12.1181774,-0.2691438,0.5038806,-0.0450155,1.5451164,1.8870217,9.5019932,0.1200965,0.0352998,0.8189701,0.5600168
gait_20260920_035116_owner_phone_shake_1,owner_phone_shake_1,2533335775892638,2026-09-20T03:51:36.114076Z,0.1401356,3.1664815,11.7621889,-0.0073777,0.5104422,0.0393365,1.5451164,1.8870217,9.5019932,0.1200965,0.0352998,0.8189701,0.5600168
gait_20260920_035116_owner_phone_shake_1,owner_phone_shake_1,2533335785977355,2026-09-20T03:51:36.124136Z,0.2309656,3.1766567,11.4490728,-0.0073777,0.5104422,0.0393365,1.4484589,1.8934199,9.5159359,0.1161010,0.0384832,0.8198572,0.5593513
gait_20260920_035116_owner_phone_shake_1,owner_phone_shake_1,2533335796061014,2026-09-20T03:51:36.134133Z,0.2876783,3.1989527,11.2107744,0.1747827,0.4329682,0.1041036,1.4484589,1.8934199,9.5159359,0.1161010,0.0384832,0.8198572,0.5593513
gait_20260920_035116_owner_phone_shake_1,owner_phone_shake_1,2533335806145527,2026-09-20T03:51:36.145463Z,0.2572270,3.2701054,10.9822035,0.1747827,0.4329682,0.1041036,1.3714327,1.9307436,9.5198479,0.1138319,0.0424827,0.8208742,0.5580350
gait_20260920_035116_owner_phone_shake_1,owner_phone_shake_1,2533335816230122,2026-09-20T03:51:36.154212Z,0.2268506,3.3509097,10.7477207,0.2975387,0.3634049,0.1233055,1.3714327,1.9307436,9.5198479,0.1138319,0.0424827,0.8208742,0.5580350
gait_20260920_035116_owner_phone_shake_1,owner_phone_shake_1,2533335826313944,2026-09-20T03:51:36.164375Z,0.2297685,3.4005895,10.5279036,0.2975387,0.3634049,0.1233055,1.3068693,1.9894110,9.5168505,0.1127086,0.0470460,0.8218171,0.5565072
gait_20260920_035116_owner_phone_shake_1,owner_phone_shake_1,2533335836398416,2026-09-20T03:51:36.175109Z,0.2489970,3.4635868,10.3583641,0.3587751,0.3504148,0.1179430,1.3068693,1.9894110,9.5168505,0.1127086,0.0470460,0.8218171,0.5565072
gait_20260920_035116_owner_phone_shake_1,owner_phone_shake_1,2533335846492817,2026-09-20T03:51:36.184659Z,0.2950105,3.5043631,10.4280205,0.3587751,0.3504148,0.1179430,1.2436777,2.0580010,9.5107307,0.1119256,0.0519844,0.8226463,0.5549986
gait_20260920_035116_owner_phone_shake_1,owner_phone_shake_1,2533335856546365,2026-09-20T03:51:36.194305Z,0.3152864,3.4668040,10.7364235,0.3330615,0.3166740,0.0764581,1.2436777,2.0580010,9.5107307,0.1119256,0.0519844,0.8226463,0.5549986
gait_20260920_035116_owner_phone_shake_1,owner_phone_shake_1,2533335866665628,2026-09-20T03:51:36.205315Z,0.2697218,3.3937061,11.2209501,0.3330615,0.3166740,0.0764581,1.1858537,2.1195452,9.5045986,0.1111834,0.0564062,0.8231681,0.5539411
gait_20260920_035116_owner_phone_shake_1,owner_phone_shake_1,2533335876735818,2026-09-20T03:51:36.218118Z,0.2380734,3.3123782,11.7689228,0.2566866,0.3148920,0.0143723,1.1858537,2.1195452,9.5045986,0.1111834,0.0564062,0.8231681,0.5539411
gait_20260920_035116_owner_phone_shake_1,owner_phone_shake_1,2533335886820169,2026-09-20T03:51:36.225484Z,0.1337012,3.2288055,12.4414692,0.2566866,0.3148920,0.0143723,1.1237984,2.1674240,9.5013399,0.1098913,0.0602873,0.8233778,0.5534785
gait_20260920_035116_owner_phone_shake_1,owner_phone_shake_1,2533335896903869,2026-09-20T03:51:36.234674Z,-0.0776619,3.1833904,13.0710697,0.2719416,0.3428706,-0.0184192,1.1237984,2.1674240,9.5013399,0.1098913,0.0602873,0.8233778,0.5534785
gait_20260920_035116_owner_phone_shake_1,owner_phone_shake_1,2533335906962746,2026-09-20T03:51:36.245390Z,-0.2372504,3.1267526,13.4803286,0.2719416,0.3428706,-0.0184192,1.0548996,2.2229536,9.4964085,0.1085389,0.0646727,0.8234491,0.5531443
gait_20260920_035116_owner_phone_shake_1,owner_phone_shake_1,2533335917072773,2026-09-20T03:51:36.255840Z,-0.2906711,3.0066683,13.7487783,0.4591482,0.3731973,0.0058788,1.0548996,2.2229536,9.4964085,0.1085389,0.0646727,0.8234491,0.5531443
gait_20260920_035116_owner_phone_shake_1,owner_phone_shake_1,2533335927139749,2026-09-20T03:51:36.265230Z,-0.2528127,2.9795840,13.9450274,0.4591482,0.3731973,0.0058788,0.9818744,2.3187680,9.4813156,0.1081528,0.0709707,0.8235909,0.5522356
gait_20260920_035116_owner_phone_shake_1,owner_phone_shake_1,2533335937241434,2026-09-20T03:51:36.275546Z,-0.1966986,3.0564229,14.0994539,0.7329050,0.3921995,0.0923792,0.9818744,2.3187680,9.4813156,0.1081528,0.0709707,0.8235909,0.5522356
gait_20260920_035116_owner_phone_shake_1,owner_phone_shake_1,2533335947307351,2026-09-20T03:51:36.285451Z,-0.0559645,3.1524155,14.2737818,0.7329050,0.3921995,0.0923792,0.9092304,2.4660847,9.4513407,0.1091973,0.0796174,0.8240377,0.5501808
gait_20260920_035116_owner_phone_shake_1,owner_phone_shake_1,2533335957409565,2026-09-20T03:51:36.296183Z,0.1310825,3.1633389,14.3199444,0.9901080,0.4995838,0.1752823,0.9092304,2.4660847,9.4513407,0.1091973,0.0796174,0.8240377,0.5501808
gait_20260920_035116_owner_phone_shake_1,owner_phone_shake_1,2533335967470031,2026-09-20T03:51:36.305649Z,0.2230349,3.1308677,14.1585608,0.9901080,0.4995838,0.1752823,0.8179439,2.6597431,9.4070635,0.1106736,0.0909547,0.8247700,0.5470219
gait_20260920_035116_owner_phone_shake_1,owner_phone_shake_1,2533335977576272,2026-09-20T03:51:36.316733Z,0.2238579,3.1637878,13.9076929,1.2300074,0.6745831,0.1898046,0.8179439,2.6597431,9.4070635,0.1106736,0.0909547,0.8247700,0.5470219
gait_20260920_035116_owner_phone_shake_1,owner_phone_shake_1,2533335987637795,2026-09-20T03:51:36.325405Z,0.2125602,3.2265608,13.6650562,1.2300074,0.6745831,0.1898046,0.6934010,2.8964853,9.3469610,0.1118835,0.1052100,0.8253474,0.5433366
gait_20260920_035116_owner_phone_shake_1,owner_phone_shake_1,2533335997744119,2026-09-20T03:51:36.335302Z,0.2348562,3.2535706,13.4096994,1.4027584,0.8477504,0.1563802,0.6934010,2.8964853,9.3469610,0.1118835,0.1052100,0.8253474,0.5433366
gait_20260920_035116_owner_phone_shake_1,owner_phone_shake_1,2533336007832539,2026-09-20T03:51:36.346814Z,0.2371756,3.3090861,13.1170082,1.4027584,0.8477504,0.1563802,0.5371526,3.1627035,9.2706461,0.1125156,0.1217365,0.8255364,0.5394536
gait_20260920_035116_owner_phone_shake_1,owner_phone_shake_1,2533336017915912,2026-09-20T03:51:36.356324Z,0.2070985,3.3846531,12.6842566,1.5582726,1.0130737,0.1326650,0.5371526,3.1627035,9.2706461,0.1125156,0.1217365,0.8255364,0.5394536
gait_20260920_035116_owner_phone_shake_1,owner_phone_shake_1,2533336027978738,2026-09-20T03:51:36.365658Z,0.2192939,3.3498623,12.0301151,1.5582726,1.0130737,0.1326650,0.3500519,3.4561126,9.1743584,0.1125107,0.1404705,0.8253294,0.5352018
gait_20260920_035116_owner_phone_shake_1,owner_phone_shake_1,2533336038084492,2026-09-20T03:51:36.376742Z,0.1937059,3.2418239,11.1715698,1.7539393,1.2366190,0.0994072,0.3500519,3.4561126,9.1743584,0.1125107,0.1404705,0.8253294,0.5352018
gait_20260920_035116_owner_phone_shake_1,owner_phone_shake_1,2533336048169494,2026-09-20T03:51:36.385801Z,0.1926584,3.1921442,10.2224178,1.7539393,1.2366190,0.0994072,0.1215334,3.7834330,9.0502472,0.1115834,0.1620794,0.8245585,0.5304553
gait_20260920_035116_owner_phone_shake_1,owner_phone_shake_1,2533336058252541,2026-09-20T03:51:36.397321Z,0.2015619,3.1937153,9.2350349,1.9108024,1.4620962,0.0658495,0.1215334,3.7834330,9.0502472,0.1115834,0.1620794,0.8245585,0.5304553
gait_20260920_035116_owner_phone_shake_1,owner_phone_shake_1,2533336068311949,2026-09-20T03:51:36.406978Z,0.1299603,3.2646437,8.3051119,1.9108024,1.4620962,0.0658495,-0.1436104,4.1272874,8.8983698,0.1093906,0.1857399,0.8232641,0.5251387
gait_20260920_035116_owner_phone_shake_1,owner_phone_shake_1,2533336078421650,2026-09-20T03:51:36.417598Z,0.0516250,3.3952024,7.3271551,1.9204284,1.6151623,0.0506445,-0.1436104,4.1272874,8.8983698,0.1093906,0.1857399,0.8232641,0.5251387
gait_20260920_035116_owner_phone_shake_1,owner_phone_shake_1,2533336088505471,2026-09-20T03:51:36.427164Z,0.0175076,3.4756327,6.3414922,1.9204284,1.6151623,0.0506445,-0.4296881,4.4668097,8.7234793,0.1059926,0.2101201,0.8214911,0.5193914
gait_20260920_035116_owner_phone_shake_1,owner_phone_shake_1,2533336098589618,2026-09-20T03:51:36.437102Z,-0.1121534,3.4858081,5.5102553,1.8092302,1.6330986,0.0206342,-0.4296881,4.4668097,8.7234793,0.1059926,0.2101201,0.8214911,0.5193914
gait_20260920_035116_owner_phone_shake_1,owner_phone_shake_1,2533336108674050,2026-09-20T03:51:36.448694Z,-0.3423708,3.4616416,4.8642697,1.8092302,1.6330986,0.0206342,-0.7113075,4.7772336,8.5386295,0.1018649,0.2333135,0.8192797,0.5137793
gait_20260920_035116_owner_phone_shake_1,owner_phone_shake_1,2533336118758564,2026-09-20T03:51:36.459868Z,-0.6393267,3.4436851,4.3632832,1.6132305,1.5344741,-0.0400526,-0.7113075,4.7772336,8.5386295,0.1018649,0.2333135,0.8192797,0.5137793
gait_20260920_035116_owner_phone_shake_1,owner_phone_shake_1,2533336128842873,2026-09-20T03:51:36.467730Z,-0.8591443,3.4080713,3.9217024,1.6132305,1.5344741,-0.0400526,-0.9734414,5.0455780,8.3564739,0.0974318,0.2541803,0.8166693,0.5088719
gait_20260920_035116_owner_phone_shake_1,owner_phone_shake_1,2533336138926654,2026-09-20T03:51:36.478068Z,-0.9959131,3.3761237,3.5488803,1.4098862,1.3919667,-0.0356560,-0.9734414,5.0455780,8.3564739,0.0974318,0.2541803,0.8166693,0.5088719
gait_20260920_035116_owner_phone_shake_1,owner_phone_shake_1,2533336149029153,2026-09-20T03:51:36.487714Z,-0.9178023,3.2496798,3.0139258,1.4098862,1.3919667,-0.0356560,-1.2057028,5.2754426,8.1824265,0.0931316,0.2725844,0.8141354,0.5041902
gait_20260920_035116_owner_phone_shake_1,owner_phone_shake_1,2533336159095396,2026-09-20T03:51:36.498230Z,-0.8026561,3.0551510,2.4771008,1.2334381,1.2588187,0.0117910,-1.2057028,5.2754426,8.1824265,0.0931316,0.2725844,0.8141354,0.5041902
gait_20260920_035116_owner_phone_shake_1,owner_phone_shake_1,2533336169179869,2026-09-20T03:51:36.507320Z,-0.7621043,2.9574378,2.0180876,1.2334381,1.2588187,0.0117910,-1.4032480,5.4748707,8.0182791,0.0893240,0.2887335,0.8119215,0.4994374
gait_20260920_035116_owner_phone_shake_1,owner_phone_shake_1,2533336179264382,2026-09-20T03:51:36.521131Z,-0.9162310,2.9711294,1.7227030,1.0602709,0.9011428,0.0907138,-1.4032480,5.4748707,8.0182791,0.0893240,0.2887335,0.8119215,0.4994374
gait_20260920_035116_owner_phone_shake_1,owner_phone_shake_1,2533336189348326,2026-09-20T03:51:36.529866Z,-1.1537060,3.0638299,1.5575778,1.0602709,0.9011428,0.0907138,-1.5252419,5.6459117,7.8761311,0.0880811,0.3013884,0.8100524,0.4951988
gait_20260920_035116_owner_phone_shake_1,owner_phone_shake_1,2533336199433002,2026-09-20T03:51:36.537970Z,-1.3460650,3.1243584,1.4324059,0.8505982,0.5173535,0.1705859,-1.5252419,5.6459117,7.8761311,0.0880811,0.3013884,0.8100524,0.4951988
gait_20260920_035116_owner_phone_shake_1,owner_phone_shake_1,2533336209516864,2026-09-20T03:51:36.548259Z,-1.3953707,3.2411506,1.3229461,0.8505982,0.5173535,0.1705859,-1.5766543,5.7839890,7.7650332,0.0890735,0.3103590,0.8087782,0.4915497
gait_20260920_035116_owner_phone_shake_1,owner_phone_shake_1,2533336219601174,2026-09-20T03:51:36.558696Z,-1.2523171,3.4058268,1.2043582,0.6553478,0.2061587,0.3057157,-1.5766543,5.7839890,7.7650332,0.0890735,0.3103590,0.8087782,0.4915497
gait_20260920_035116_owner_phone_shake_1,owner_phone_shake_1,2533336229685402,2026-09-20T03:51:36.568596Z,-1.0263643,3.5298016,1.0105776,0.6553478,0.2061587,0.3057157,-1.5637550,5.8961339,7.6828628,0.0920156,0.3161931,0.8084437,0.4878257
gait_20260920_035116_owner_phone_shake_1,owner_phone_shake_1,2533336239769997,2026-09-20T03:51:36.578704Z,-0.8224083,3.5938463,0.7294833,0.4677915,-0.0625021,0.3714487,-1.5637550,5.8961339,7.6828628,0.0920156,0.3161931,0.8084437,0.4878257
gait_20260920_035116_owner_phone_shake_1,owner_phone_shake_1,2533336249854226,2026-09-20T03:51:36.588366Z,-0.6765864,3.6147957,0.3930232,0.4677915,-0.0625021,0.3714487,-1.5044391,5.9802914,7.6294746,0.0963082,0.3192022,0.8086492,0.4846866
gait_20260920_035116_owner_phone_shake_1,owner_phone_shake_1,2533336259938617,2026-09-20T03:51:36.599083Z,-0.6082768,3.6057427,0.0558896,0.2406822,-0.1816108,0.2953736,-1.5044391,5.9802914,7.6294746,0.0963082,0.3192022,0.8086492,0.4846866
gait_20260920_035116_owner_phone_shake_1,owner_phone_shake_1,2533336270022642,2026-09-20T03:51:36.608702Z,-0.8886977,3.6661212,-0.1167921,0.2406822,-0.1816108,0.2953736,-1.4419798,6.0260053,7.6055293,0.0999450,0.3199935,0.8090014,0.4828375
gait_20260920_035116_owner_phone_shake_1,owner_phone_shake_1,2533336280107399,2026-09-20T03:51:36.619213Z,-0.8134300,3.5619736,-0.2828899,-0.0429837,-0.2085735,0.1833595,-1.4419798,6.0260053,7.6055293,0.0999450,0.3199935,0.8090014,0.4828375
gait_20260920_035116_owner_phone_shake_1,owner_phone_shake_1,2533336290191221,2026-09-20T03:51:36.629246Z,-0.4795137,3.3648260,-0.3934721,-0.0429837,-0.2085735,0.1833595,-1.3904265,6.0236826,7.6169586,0.1019519,0.3184446,0.8097084,0.4822564
gait_20260920_035116_owner_phone_shake_1,owner_phone_shake_1,2533336300275612,2026-09-20T03:51:36.640778Z,-0.2877531,3.3158197,-0.4890157,-0.3834895,-0.3572929,0.1039870,-1.3904265,6.0236826,7.6169586,0.1019519,0.3184446,0.8097084,0.4822564
gait_20260920_035116_owner_phone_shake_1,owner_phone_shake_1,2533336310359922,2026-09-20T03:51:36.650327Z,-0.1833061,3.3697641,-0.4128501,-0.3834895,-0.3572929,0.1039870,-1.3170756,5.9653811,7.6756525,0.1036525,0.3131518,0.8109492,0.4832738
gait_20260920_035116_owner_phone_shake_1,owner_phone_shake_1,2533336320444151,2026-09-20T03:51:36.660069Z,-0.2006640,3.4407670,-0.1708861,-0.7990044,-0.8878363,0.0062286,-1.3170756,5.9653811,7.6756525,0.1036525,0.3131518,0.8109492,0.4832738
gait_20260920_035116_owner_phone_shake_1,owner_phone_shake_1,2533336330528664,2026-09-20T03:51:36.670981Z,-0.3692308,3.5870378,0.1720832,-0.7990044,-0.8878363,0.0062286,-1.1619061,5.8363857,7.7988896,0.1077916,0.3015034,0.8123797,0.4873562
gait_20260920_035116_owner_phone_shake_1,owner_phone_shake_1,2533336340612607,2026-09-20T03:51:36.679452Z,-0.4955997,3.5830724,0.6054338,-1.3102293,-1.4753361,-0.0672818,-1.1619061,5.8363857,7.7988896,0.1077916,0.3015034,0.8123797,0.4873562
gait_20260920_035116_owner_phone_shake_1,owner_phone_shake_1,2533336350697324,2026-09-20T03:51:36.689636Z,-0.5297920,3.5367596,1.3204023,-1.3102293,-1.4753361,-0.0672818,-0.9233074,5.6172986,7.9893413,0.1135739,0.2826876,0.8142542,0.4941444
gait_20260920_035116_owner_phone_shake_1,owner_phone_shake_1,2533336360781390,2026-09-20T03:51:36.699449Z,-0.2409166,3.3360207,2.3998132,-1.9931060,-1.5206847,-0.0772242,-0.9233074,5.6172986,7.9893413,0.1135739,0.2826876,0.8142542,0.4941444
gait_20260920_035116_owner_phone_shake_1,owner_phone_shake_1,2533336370865740,2026-09-20T03:51:36.708859Z,0.4822072,2.7257237,4.5846720,-1.9931060,-1.5206847,-0.0772242,-0.6889659,5.2721791,8.2441235,0.1150271,0.2580495,0.8178853,0.5012414
gait_20260920_035116_owner_phone_shake_1,owner_phone_shake_1,2533336380949806,2026-09-20T03:51:36.720166Z,1.5601217,1.8987516,6.4204259,-2.8311472,-1.0516108,0.0098591,-0.6889659,5.2721791,8.2441235,0.1150271,0.2580495,0.8178853,0.5012414
gait_20260920_035116_owner_phone_shake_1,owner_phone_shake_1,2533336391034320,2026-09-20T03:51:36.728951Z,1.7758243,1.3869910,9.0690117,-2.8311472,-1.0516108,0.0098591,-0.5199565,4.7642546,8.5596514,0.1079793,0.2282031,0.8242618,0.5068099
gait_20260920_035116_owner_phone_shake_1,owner_phone_shake_1,2533336401118386,2026-09-20T03:51:36.739319Z,1.5657331,1.4692168,11.3830070,-3.4267075,-0.6536325,-0.0389535,-0.5199565,4.7642546,8.5596514,0.1079793,0.2282031,0.8242618,0.5068099
gait_20260920_035116_owner_phone_shake_1,owner_phone_shake_1,2533336411202736,2026-09-20T03:51:36.749373Z,0.7842507,2.1180456,13.4985094,-3.4267075,-0.6536325,-0.0389535,-0.2926494,3.9791894,8.9619474,0.0951933,0.1848618,0.8340161,0.5110592
gait_20260920_035116_owner_phone_shake_1,owner_phone_shake_1,2533336421286924,2026-09-20T03:51:36.759577Z,-0.0401777,2.8905497,15.3099470,-3.2688451,-0.2222797,-0.1890551,-0.2926494,3.9791894,8.9619474,0.0951933,0.1848618,0.8340161,0.5110592
gait_20260920_035116_owner_phone_shake_1,owner_phone_shake_1,2533336431371397,2026-09-20T03:51:36.769759Z,-0.6602759,3.3580174,16.3171577,-3.2688451,-0.2222797,-0.1890551,-0.2775986,3.3918624,9.2007780,0.0796847,0.1571998,0.8382706,0.5159855
gait_20260920_035116_owner_phone_shake_1,owner_phone_shake_1,2533336441455665,2026-09-20T03:51:36.780199Z,-0.9501988,3.4118872,16.4441261,-2.3961804,-0.2052927,-0.3296307,-0.2775986,3.3918624,9.2007780,0.0796847,0.1571998,0.8382706,0.5159855
gait_20260920_035116_owner_phone_shake_1,owner_phone_shake_1,2533336451540871,2026-09-20T03:51:36.789457Z,-1.2657845,3.3143981,16.1915379,-2.3961804,-0.2052927,-0.3296307,-0.2578542,2.9764903,9.3439894,0.0695302,0.1375732,0.8395030,0.5210314
gait_20260920_035116_owner_phone_shake_1,owner_phone_shake_1,2533336461624204,2026-09-20T03:51:36.801341Z,-1.6713773,3.2677112,15.6870337,-1.3075147,-0.6141127,-0.5316259,-0.2578542,2.9764903,9.3439894,0.0695302,0.1375732,0.8395030,0.5210314
gait_20260920_035116_owner_phone_shake_1,owner_phone_shake_1,2533336471708718,2026-09-20T03:51:36.810617Z,-2.0171149,3.1824925,15.0137396,-1.3075147,-0.6141127,-0.5316259,-0.1583770,2.7622921,9.4117355,0.0687667,0.1248055,0.8375291,0.5274845
gait_20260920_035116_owner_phone_shake_1,owner_phone_shake_1,2533336481792986,2026-09-20T03:51:36.820233Z,-2.3667431,3.2386816,14.5287638,-0.6041037,-1.0978421,-0.5760252,-0.1583770,2.7622921,9.4117355,0.0687667,0.1248055,0.8375291,0.5274845
gait_20260920_035116_owner_phone_shake_1,owner_phone_shake_1,2533336491876971,2026-09-20T03:51:36.832438Z,-2.5115175,3.4219875,14.2747545,-0.6041037,-1.0978421,-0.5760252,0.0329635,2.6642065,9.4412413,0.0752056,0.1146366,0.8342393,0.5340856
gait_20260920_035116_owner_phone_shake_1,owner_phone_shake_1,2533336501961362,2026-09-20T03:51:36.840440Z,-2.3965211,3.6154690,14.2229052,-0.4665758,-1.3394237,-0.3968959,0.0329635,2.6642065,9.4412413,0.0752056,0.1146366,0.8342393,0.5340856
gait_20260920_035116_owner_phone_shake_1,owner_phone_shake_1,2533336512045997,2026-09-20T03:51:36.851031Z,-1.9734956,3.7127335,14.3237610,-0.4665758,-1.3394237,-0.3968959,0.2714276,2.5769610,9.4615908,0.0836449,0.1037264,0.8317384,0.5389394
gait_20260920_035116_owner_phone_shake_1,owner_phone_shake_1,2533336522129860,2026-09-20T03:51:36.862967Z,-1.6401030,3.7743843,14.5957270,-0.5924127,-1.2342542,-0.1501183,0.2714276,2.5769610,9.4615908,0.0836449,0.1037264,0.8317384,0.5389394
gait_20260920_035116_owner_phone_shake_1,owner_phone_shake_1,2533336532214577,2026-09-20T03:51:36.872877Z,-1.3587843,3.8911762,14.9625635,-0.5924127,-1.2342542,-0.1501183,0.4922420,2.4591379,9.4840097,0.0900926,0.0921535,0.8306733,0.5416390
gait_20260920_035116_owner_phone_shake_1,owner_phone_shake_1,2533336542299253,2026-09-20T03:51:36.883133Z,-0.9608979,3.9035962,15.0682077,-0.7212140,-0.8533961,-0.0773407,0.4922420,2.4591379,9.4840097,0.0900926,0.0921535,0.8306733,0.5416390
gait_20260920_035116_owner_phone_shake_1,owner_phone_shake_1,2533336552382952,2026-09-20T03:51:36.890389Z,-0.6496516,3.7742345,14.8055191,-0.7212140,-0.8533961,-0.0773407,0.6326689,2.3197229,9.5107689,0.0923160,0.0819774,0.8302259,0.5435830
gait_20260920_035116_owner_phone_shake_1,owner_phone_shake_1,2533336562467262,2026-09-20T03:51:36.900618Z,-0.5952584,3.7265749,14.2461739,-0.6424577,-0.2770544,-0.1004897,0.6326689,2.3197229,9.5107689,0.0923160,0.0819774,0.8302259,0.5435830
gait_20260920_035116_owner_phone_shake_1,owner_phone_shake_1,2533336572551694,2026-09-20T03:51:36.911312Z,-0.7433996,3.7380970,13.4946938,-0.6424577,-0.2770544,-0.1004897,0.6583123,2.2030597,9.5367317,0.0901925,0.0760524,0.8299456,0.5452263
gait_20260920_035116_owner_phone_shake_1,owner_phone_shake_1,2533336582636330,2026-09-20T03:51:36.921577Z,-0.7875427,3.7289691,12.5640974,-0.4152984,0.2092730,-0.1643574,0.6583123,2.2030597,9.5367317,0.0901925,0.0760524,0.8299456,0.5452263
gait_20260920_035116_owner_phone_shake_1,owner_phone_shake_1,2533336592720273,2026-09-20T03:51:36.931707Z,-0.7618051,3.6364932,11.7060747,-0.4152984,0.2092730,-0.1643574,0.5949117,2.1355512,9.5562344,0.0856432,0.0747723,0.8295177,0.5467858
gait_20260920_035116_owner_phone_shake_1,owner_phone_shake_1,2533336602804502,2026-09-20T03:51:36.941184Z,-0.7403321,3.6089597,11.0866499,-0.1602106,0.3046499,-0.1498685,0.5949117,2.1355512,9.5562344,0.0856432,0.0747723,0.8295177,0.5467858
gait_20260920_035116_owner_phone_shake_1,owner_phone_shake_1,2533336612888730,2026-09-20T03:51:36.952098Z,-0.6590040,3.5794063,10.6087828,-0.1602106,0.3046499,-0.1498685,0.5296408,2.1157660,9.5644722,0.0823632,0.0756514,0.8290313,0.5479054
gait_20260920_035116_owner_phone_shake_1,owner_phone_shake_1,2533336622973121,2026-09-20T03:51:36.963163Z,-0.5531354,3.4543841,10.1936131,-0.0045465,0.0819039,-0.1267529,0.5296408,2.1157660,9.5644722,0.0823632,0.0756514,0.8290313,0.5479054
gait_20260920_035116_owner_phone_shake_1,owner_phone_shake_1,2533336633057309,2026-09-20T03:51:36.972922Z,-0.5242553,3.3740287,10.0066404,-0.0045465,0.0819039,-0.1267529,0.5168959,2.1223090,9.5637197,0.0820976,0.0761930,0.8283482,0.5489025
gait_20260920_035116_owner_phone_shake_1,owner_phone_shake_1,2533336643141823,2026-09-20T03:51:36.982977Z,-0.4274398,3.3298109,9.9910784,0.0552743,-0.2261600,-0.1087500,0.5168959,2.1223090,9.5637197,0.0820976,0.0761930,0.8283482,0.5489025
gait_20260920_035116_owner_phone_shake_1,owner_phone_shake_1,2533336653226865,2026-09-20T03:51:36.991476Z,-0.2941875,3.1878796,10.0465937,0.0552743,-0.2261600,-0.1087500,0.5619738,2.1394882,9.5573473,0.0846361,0.0755390,0.8274161,0.5500121
gait_20260920_035116_owner_phone_shake_1,owner_phone_shake_1,2533336663311012,2026-09-20T03:51:37.004100Z,-0.1665467,2.9394810,10.0522051,0.0554242,-0.3708325,-0.1367452,0.5619738,2.1394882,9.5573473,0.0846361,0.0755390,0.8274161,0.5500121
gait_20260920_035116_owner_phone_shake_1,owner_phone_shake_1,2533336673394427,2026-09-20T03:51:37.012889Z,-0.1140987,2.6874914,10.0498857,0.0554242,-0.3708325,-0.1367452,0.6279095,2.1524978,9.5503187,0.0879784,0.0740689,0.8262304,0.5514681
gait_20260920_035116_owner_phone_shake_1,owner_phone_shake_1,2533336683479388,2026-09-20T03:51:37.024Z,-0.1828572,2.5606735,9.9838209,0.0315092,-0.2244613,-0.1780969,0.6279095,2.1524978,9.5503187,0.0879784,0.0740689,0.8262304,0.5514681
gait_20260920_035116_owner_phone_shake_1,owner_phone_shake_1,2533336693563860,2026-09-20T03:51:37.033547Z,-0.3381810,2.5686791,9.8472767,0.0315092,-0.2244613,-0.1780969,0.6548014,2.1597748,9.5468693,0.0894928,0.0734351,0.8250204,0.5531181
gait_20260920_035116_owner_phone_shake_1,owner_phone_shake_1,2533336703648577,2026-09-20T03:51:37.043056Z,-0.4459949,2.6998365,9.7420816,-0.0365220,0.0627686,-0.1634747,0.6548014,2.1597748,9.5468693,0.0894928,0.0734351,0.8250204,0.5531181
gait_20260920_035116_owner_phone_shake_1,owner_phone_shake_1,2533336713732154,2026-09-20T03:51:37.052677Z,-0.5328595,2.8636897,9.8661308,-0.0365220,0.0627686,-0.1634747,0.6201924,2.1542733,9.5504227,0.0879712,0.0740402,0.8242441,0.5544375
gait_20260920_035116_owner_phone_shake_1,owner_phone_shake_1,2533336723816098,2026-09-20T03:51:37.062845Z,-0.6432921,3.0074167,10.1057758,-0.1478534,0.2143691,-0.1196250,0.6201924,2.1542733,9.5504227,0.0879712,0.0740402,0.8242441,0.5544375
gait_20260920_035116_owner_phone_shake_1,owner_phone_shake_1,2533336733900692,2026-09-20T03:51:37.072609Z,-0.7484125,3.0474446,10.4245787,-0.1478534,0.2143691,-0.1196250,0.5639942,2.1269670,9.5600224,0.0848552,0.0743750,0.8238888,0.5554055
gait_20260920_035116_owner_phone_shake_1,owner_phone_shake_1,2533336743984799,2026-09-20T03:51:37.083153Z,-0.8668507,3.0388405,10.9213009,-0.2116878,0.2087733,-0.1162609,0.5639942,2.1269670,9.5600224,0.0848552,0.0743750,0.8238888,0.5554055
gait_20260920_035116_owner_phone_shake_1,owner_phone_shake_1,2533336754069028,2026-09-20T03:51:37.091974Z,-0.8904934,3.0247746,11.6542253,-0.2116878,0.2087733,-0.1162609,0.5190979,2.0871594,9.5713329,0.0818569,0.0738627,0.8235553,0.5564175
gait_20260920_035116_owner_phone_shake_1,owner_phone_shake_1,2533336764153866,2026-09-20T03:51:37.102669Z,-0.8742577,3.0238020,12.3373966,-0.1597609,0.0851181,-0.1016887,0.5190979,2.0871594,9.5713329,0.0818569,0.0738627,0.8235553,0.5564175
gait_20260920_035116_owner_phone_shake_1,owner_phone_shake_1,2533336774237240,2026-09-20T03:51:37.112436Z,-0.9991303,3.0737808,12.8947964,-0.1597609,0.0851181,-0.1016887,0.5012733,2.0616345,9.5778131,0.0804259,0.0731982,0.8231448,0.5573207
gait_20260920_035116_owner_phone_shake_1,owner_phone_shake_1,2533336784322649,2026-09-20T03:51:37.123359Z,-1.2221651,3.1652844,13.3302422,0.0256637,0.0142224,-0.0749259,0.5012733,2.0616345,9.5778131,0.0804259,0.0731982,0.8231448,0.5573207
gait_20260920_035116_owner_phone_shake_1,owner_phone_shake_1,2533336794406715,2026-09-20T03:51:37.134855Z,-1.4039749,3.2594063,13.8438730,0.0256637,0.0142224,-0.0749259,0.4946097,2.0749769,9.5752783,0.0805832,0.0739052,0.8227062,0.5578520
gait_20260920_035116_owner_phone_shake_1,owner_phone_shake_1,2533336804491146,2026-09-20T03:51:37.144752Z,-1.4428058,3.2927008,14.3866835,0.2224462,0.0818040,-0.0274789,0.4946097,2.0749769,9.5752783,0.0805832,0.0739052,0.8227062,0.5578520
gait_20260920_035116_owner_phone_shake_1,owner_phone_shake_1,2533336814575090,2026-09-20T03:51:37.153382Z,-1.3818284,3.2279825,14.8364935,0.2224462,0.0818040,-0.0274789,0.4722803,2.1254001,9.5653410,0.0811072,0.0767080,0.8225004,0.5577013
gait_20260920_035116_owner_phone_shake_1,owner_phone_shake_1,2533336824658831,2026-09-20T03:51:37.164883Z,-1.2484266,3.2275336,15.1805859,0.4135831,0.2383007,0.0648670,0.4722803,2.1254001,9.5653410,0.0811072,0.0767080,0.8225004,0.5577013
gait_20260920_035116_owner_phone_shake_1,owner_phone_shake_1,2533336834744198,2026-09-20T03:51:37.173693Z,-1.1176432,3.2257378,15.4028721,0.4135831,0.2383007,0.0648670,0.4218243,2.2119946,9.5480499,0.0813950,0.0819724,0.8228125,0.5564486
gait_20260920_035116_owner_phone_shake_1,owner_phone_shake_1,2533336844801897,2026-09-20T03:51:37.183847Z,-0.9977087,3.2163856,15.4841251,0.6628754,0.4292710,0.1231723,0.4218243,2.2119946,9.5480499,0.0813950,0.0819724,0.8228125,0.5564486
gait_20260920_035116_owner_phone_shake_1,owner_phone_shake_1,2533336854886248,2026-09-20T03:51:37.193276Z,-0.9203461,3.1110406,15.3610487,0.6628754,0.4292710,0.1231723,0.3369661,2.3481059,9.5188742,0.0815833,0.0904280,0.8232961,0.5543922
gait_20260920_035116_owner_phone_shake_1,owner_phone_shake_1,2533336864971087,2026-09-20T03:51:37.203297Z,-0.9425673,3.0269444,15.1436253,0.9697236,0.5907140,0.1179263,0.3369661,2.3481059,9.5188742,0.0815833,0.0904280,0.8232961,0.5543922
gait_20260920_035116_owner_phone_shake_1,owner_phone_shake_1,2533336875058448,2026-09-20T03:51:37.215410Z,-0.9850644,2.9282584,14.7708778,0.9697236,0.5907140,0.1179263,0.2226813,2.5434675,9.4719210,0.0822062,0.1023236,0.8234491,0.5519996
gait_20260920_035116_owner_phone_shake_1,owner_phone_shake_1,2533336885142758,2026-09-20T03:51:37.224650Z,-1.0223241,2.8338370,14.1880388,1.2786868,0.7549382,0.1001399,0.2226813,2.5434675,9.4719210,0.0822062,0.1023236,0.8234491,0.5519996
gait_20260920_035116_owner_phone_shake_1,owner_phone_shake_1,2533336895249081,2026-09-20T03:51:37.234192Z,-0.9923218,2.7175686,13.3922663,1.2786868,0.7549382,0.1001399,0.0761163,2.7965055,9.4026527,0.0830827,0.1177209,0.8231792,0.5491951
gait_20260920_035116_owner_phone_shake_1,owner_phone_shake_1,2533336905334123,2026-09-20T03:51:37.243926Z,-0.8783727,2.6307788,12.3918638,1.5700469,1.0104591,0.1285848,0.0761163,2.7965055,9.4026527,0.0830827,0.1177209,0.8231792,0.5491951
gait_20260920_035116_owner_phone_shake_1,owner_phone_shake_1,2533336915418107,2026-09-20T03:51:37.255224Z,-0.7431751,2.6059389,11.2769146,1.5700469,1.0104591,0.1285848,-0.1167794,3.1012757,9.3061571,0.0833303,0.1368879,0.8227500,0.5453441
gait_20260920_035116_owner_phone_shake_1,owner_phone_shake_1,2533336925501970,2026-09-20T03:51:37.265923Z,-0.5523124,2.7278187,10.0617819,1.7950078,1.2369021,0.1895214,-0.1167794,3.1012757,9.3061571,0.0833303,0.1368879,0.8227500,0.5453441
gait_20260920_035116_owner_phone_shake_1,owner_phone_shake_1,2533336935586646,2026-09-20T03:51:37.275048Z,-0.3533692,2.9644706,8.8966293,1.7950078,1.2369021,0.1895214,-0.3410691,3.4418957,9.1800404,0.0830389,0.1588034,0.8221911,0.5402665
gait_20260920_035116_owner_phone_shake_1,owner_phone_shake_1,2533336945659481,2026-09-20T03:51:37.284325Z,-0.1903390,3.1775546,7.8827596,1.8542291,1.2949743,0.2121041,-0.3410691,3.4418957,9.1800404,0.0830389,0.1588034,0.8221911,0.5402665
gait_20260920_035116_owner_phone_shake_1,owner_phone_shake_1,2533336955758440,2026-09-20T03:51:37.296519Z,-0.0849942,3.3038487,7.0858645,1.8542291,1.2949743,0.2121041,-0.5639557,3.7846556,9.0329638,0.0827066,0.1810347,0.8212486,0.5347306
gait_20260920_035116_owner_phone_shake_1,owner_phone_shake_1,2533336965839413,2026-09-20T03:51:37.306895Z,-0.0816273,3.3731310,6.4994345,1.7832335,1.2421649,0.1755322,-0.5639557,3.7846556,9.0329638,0.0827066,0.1810347,0.8212486,0.5347306
gait_20260920_035116_owner_phone_shake_1,owner_phone_shake_1,2533336975923519,2026-09-20T03:51:37.315050Z,-0.0658405,3.4032080,6.0015903,1.7832335,1.2421649,0.1755322,-0.7718378,4.1062613,8.8757524,0.0823857,0.2020962,0.8197473,0.5295130
gait_20260920_035116_owner_phone_shake_1,owner_phone_shake_1,2533336986007870,2026-09-20T03:51:37.326251Z,-0.0852186,3.3362453,5.4165072,1.7041441,1.1587787,0.1069181,-0.7718378,4.1062613,8.8757524,0.0823857,0.2020962,0.8197473,0.5295130
gait_20260920_035116_owner_phone_shake_1,owner_phone_shake_1,2533336996092627,2026-09-20T03:51:37.334637Z,-0.1598878,3.2034419,4.7283239,1.7041441,1.1587787,0.1069181,-0.9660498,4.4084992,8.7102232,0.0821800,0.2220739,0.8175722,0.5248859
gait_20260920_035116_owner_phone_shake_1,owner_phone_shake_1,2533337006176531,2026-09-20T03:51:37.346713Z,-0.2210147,3.0991445,3.9900119,1.6391106,1.1473042,0.0388036,-0.9660498,4.4084992,8.7102232,0.0821800,0.2220739,0.8175722,0.5248859
gait_20260920_035116_owner_phone_shake_1,owner_phone_shake_1,2533337016261003,2026-09-20T03:51:37.355855Z,-0.2706196,3.0164697,3.2971151,1.6391106,1.1473042,0.0388036,-1.1617867,4.6930599,8.5358973,0.0814575,0.2415024,0.8148671,0.5206083
gait_20260920_035116_owner_phone_shake_1,owner_phone_shake_1,2533337026344865,2026-09-20T03:51:37.364547Z,-0.3504513,2.9840732,2.6575639,1.5026152,1.1479703,0.0311261,-1.1617867,4.6930599,8.5358973,0.0814575,0.2415024,0.8148671,0.5206083
gait_20260920_035116_owner_phone_shake_1,owner_phone_shake_1,2533337036429664,2026-09-20T03:51:37.375439Z,-0.4502596,2.9913306,2.1371243,1.5026152,1.1479703,0.0311261,-1.3523575,4.9474926,8.3623896,0.0799871,0.2596293,0.8122159,0.5162365
gait_20260920_035116_owner_phone_shake_1,owner_phone_shake_1,2533337046513689,2026-09-20T03:51:37.386751Z,-0.5784242,3.0370448,1.7332524,1.2633319,1.0437834,0.0595877,-1.3523575,4.9474926,8.3623896,0.0799871,0.2596293,0.8122159,0.5162365
gait_20260920_035116_owner_phone_shake_1,owner_phone_shake_1,2533337056572729,2026-09-20T03:51:37.395906Z,-0.6726959,3.1008654,1.4192379,1.2633319,1.0437834,0.0595877,-1.5152334,5.1573319,8.2062235,0.0783179,0.2750159,0.8100078,0.5119765
gait_20260920_035116_owner_phone_shake_1,owner_phone_shake_1,2533337066661638,2026-09-20T03:51:37.406257Z,-0.7352444,3.1504703,1.1760768,0.9909739,0.7960899,0.0885322,-1.5152334,5.1573319,8.2062235,0.0783179,0.2750159,0.8100078,0.5119765
gait_20260920_035116_owner_phone_shake_1,owner_phone_shake_1,2533337076766252,2026-09-20T03:51:37.416552Z,-0.7933038,3.1560068,0.9616461,0.9909739,0.7960899,0.0885322,-1.6279552,5.3214126,8.0788879,0.0775453,0.2867856,0.8082854,0.5083459
gait_20260920_035116_owner_phone_shake_1,owner_phone_shake_1,2533337086851456,2026-09-20T03:51:37.424890Z,-0.8848820,3.1591492,0.7636755,0.7556210,0.4525199,0.0989908,-1.6279552,5.3214126,8.0788879,0.0775453,0.2867856,0.8082854,0.5083459
gait_20260920_035116_owner_phone_shake_1,owner_phone_shake_1,2533337096935360,2026-09-20T03:51:37.436392Z,-0.9443629,3.1598973,0.5815666,0.7556210,0.4525199,0.0989908,-1.6813577,5.4476795,7.9832277,0.0785120,0.2949093,0.8068439,0.5058333
gait_20260920_035116_owner_phone_shake_1,owner_phone_shake_1,2533337106997006,2026-09-20T03:51:37.445761Z,-0.8952818,3.1452329,0.4183119,0.5432504,0.1129301,0.0650335,-1.6813577,5.4476795,7.9832277,0.0785120,0.2949093,0.8068439,0.5058333
gait_20260920_035116_owner_phone_shake_1,owner_phone_shake_1,2533337117104021,2026-09-20T03:51:37.456498Z,-0.7846248,3.1164277,0.3096750,0.5432504,0.1129301,0.0650335,-1.6851376,5.5383439,7.9197960,0.0810086,0.2996765,0.8054972,0.5047829
gait_20260920_035116_owner_phone_shake_1,owner_phone_shake_1,2533337127162777,2026-09-20T03:51:37.466226Z,-0.7104794,3.1008654,0.2914192,0.2915432,-0.2098559,0.0112580,-1.6851376,5.5383439,7.9197960,0.0810086,0.2996765,0.8054972,0.5047829
gait_20260920_035116_owner_phone_shake_1,owner_phone_shake_1,2533337137247453,2026-09-20T03:51:37.477128Z,-0.6968623,3.0855274,0.3823241,0.2915432,-0.2098559,0.0112580,-1.6437870,5.5852032,7.8955426,0.0846300,0.3007344,0.8043588,0.5053748
gait_20260920_035116_owner_phone_shake_1,owner_phone_shake_1,2533337147334652,2026-09-20T03:51:37.507099Z,-0.6992565,3.0894179,0.5375731,-0.0385371,-0.5110917,-0.0758752,-1.6437870,5.5852032,7.8955426,0.0846300,0.3007344,0.8043588,0.5053748
gait_20260920_035116_owner_phone_shake_1,owner_phone_shake_1,2533337157415828,2026-09-20T03:51:37.507699Z,-0.7558196,3.0683191,0.7507319,-0.0385371,-0.5110917,-0.0758752,-1.5654196,5.5734982,7.9197025,0.0886020,0.2975227,0.8035370,0.5078958
gait_20260920_035116_owner_phone_shake_1,owner_phone_shake_1,2533337167500260,2026-09-20T03:51:37.507998Z,-0.9487024,3.0642040,1.1427824,-0.4823970,-0.8233358,-0.1701196,-1.5654196,5.5734982,7.9197025,0.0886020,0.2975227,0.8035370,0.5078958
gait_20260920_035116_owner_phone_shake_1,owner_phone_shake_1,2533337177606177,2026-09-20T03:51:37.547089Z,-1.2318916,3.0832829,1.7917607,-0.4823970,-0.8233358,-0.1701196,-1.4463997,5.4822965,8.0055275,0.0923921,0.2888890,0.8033097,0.5125430
gait_20260920_035116_owner_phone_shake_1,owner_phone_shake_1,2533337187668474,2026-09-20T03:51:37.547391Z,-1.4151976,3.0452001,2.4944589,-1.0412521,-1.0899981,-0.2503748,-1.4463997,5.4822965,8.0055275,0.0923921,0.2888890,0.8033097,0.5125430
gait_20260920_035116_owner_phone_shake_1,owner_phone_shake_1,2533337197753230,2026-09-20T03:51:37.547605Z,-1.4073417,2.8853123,3.1732152,-1.0412521,-1.0899981,-0.2503748,-1.2944225,5.2922783,8.1579638,0.0948148,0.2742822,0.8040384,0.5189428
gait_20260920_035116_owner_phone_shake_1,owner_phone_shake_1,2533337207839656,2026-09-20T03:51:37.547830Z,-1.2291981,2.6599581,3.9004538,-1.5454324,-1.1250879,-0.2325052,-1.2944225,5.2922783,8.1579638,0.0948148,0.2742822,0.8040384,0.5189428
gait_20260920_035116_owner_phone_shake_1,owner_phone_shake_1,2533337217943661,2026-09-20T03:51:37.566390Z,-0.8917653,2.4718635,4.7153053,-1.5454324,-1.1250879,-0.2325052,-1.1331657,5.0170207,8.3535347,0.0947032,0.2555012,0.8060898,0.5253282
gait_20260920_035116_owner_phone_shake_1,owner_phone_shake_1,2533337228011368,2026-09-20T03:51:37.566703Z,-0.5066729,2.3552210,5.3954830,-1.8079313,-1.0986081,-0.1420412,-1.1331657,5.0170207,8.3535347,0.0947032,0.2555012,0.8060898,0.5253282
gait_20260920_035116_owner_phone_shake_1,owner_phone_shake_1,2533337238093888,2026-09-20T03:51:37.576848Z,-0.2063503,2.4150014,5.9321585,-1.8079313,-1.0986081,-0.1420412,-0.9580464,4.7004261,8.5571165,0.0935425,0.2347774,0.8089213,0.5308255
gait_20260920_035116_owner_phone_shake_1,owner_phone_shake_1,2533337248199357,2026-09-20T03:51:37.585847Z,-0.0451906,2.6705074,6.3976812,-1.8113953,-1.2244951,-0.0987077,-0.9580464,4.7004261,8.5571165,0.0935425,0.2347774,0.8089213,0.5308255
gait_20260920_035116_owner_phone_shake_1,owner_phone_shake_1,2533337258258561,2026-09-20T03:51:37.602890Z,-0.1946037,3.0479684,7.0458364,-1.8113953,-1.2244951,-0.0987077,-0.7457997,4.3816562,8.7453403,0.0938972,0.2132073,0.8113118,0.5361895
gait_20260920_035116_owner_phone_shake_1,owner_phone_shake_1,2533337268347713,2026-09-20T03:51:37.612539Z,-0.4685902,3.3389387,8.0642700,-1.8476675,-1.5376717,-0.1791294,-0.7457997,4.3816562,8.7453403,0.0938972,0.2132073,0.8113118,0.5361895
gait_20260920_035116_owner_phone_shake_1,owner_phone_shake_1,2533337278426570,2026-09-20T03:51:37.615749Z,-0.6868366,3.3833811,9.4207344,-1.8476675,-1.5376717,-0.1791294,-0.4775709,4.0470176,8.9235468,0.0964465,0.1894339,0.8124940,0.5428318
gait_20260920_035116_owner_phone_shake_1,owner_phone_shake_1,2533337288537655,2026-09-20T03:51:37.626094Z,-0.7812579,3.0496144,10.9634237,-1.9856950,-1.8035346,-0.2593513,-0.4775709,4.0470176,8.9235468,0.0964465,0.1894339,0.8124940,0.5428318
gait_20260920_035116_owner_phone_shake_1,owner_phone_shake_1,2533337298595800,2026-09-20T03:51:37.640307Z,-0.9520693,2.6345196,12.5091057,-1.9856950,-1.8035346,-0.2593513,-0.1626953,3.6800277,9.0921412,0.1000355,0.1630410,0.8127511,0.5503147
gait_20260920_035116_owner_phone_shake_1,owner_phone_shake_1,2533337308681046,2026-09-20T03:51:37.655481Z,-1.0044425,2.3720553,13.8703585,-1.9770516,-1.9123845,-0.2320555,-0.1626953,3.6800277,9.0921412,0.1000355,0.1630410,0.8127511,0.5503147
gait_20260920_035116_owner_phone_shake_1,owner_phone_shake_1,2533337318790014,2026-09-20T03:51:37.656825Z,-0.8515128,2.2628946,14.7737961,-1.9770516,-1.9123845,-0.2320555,0.1734411,3.3168933,9.2306147,0.1043200,0.1365441,0.8125532,0.5569832
gait_20260920_035116_owner_phone_shake_1,owner_phone_shake_1,2533337328845370,2026-09-20T03:51:37.672695Z,-0.6974609,2.3678656,15.2348289,-1.6642747,-1.6438403,-0.0329747,0.1734411,3.3168933,9.2306147,0.1043200,0.1365441,0.8125532,0.5569832
gait_20260920_035116_owner_phone_shake_1,owner_phone_shake_1,2533337338934464,2026-09-20T03:51:37.683389Z,-0.3716250,2.9095535,15.4087076,-1.6642747,-1.6438403,-0.0329747,0.4675472,3.0159431,9.3231754,0.1081276,0.1145158,0.8129576,0.5606198
gait_20260920_035116_owner_phone_shake_1,owner_phone_shake_1,2533337349037044,2026-09-20T03:51:37.691539Z,-0.2706196,3.3262944,15.2996969,-1.2763220,-1.1870403,0.1815442,0.6322408,2.8384917,9.3690634,0.1088074,0.1098950,0.8132335,0.5610128
gait_20260920_035116_owner_phone_shake_1,owner_phone_shake_1,2533337359121151,2026-09-20T03:51:37.696496Z,-0.1985691,3.7161002,15.1327763,-1.2763220,-1.1870403,0.1815442,0.7184838,2.7322996,9.3943825,0.1100900,0.0983821,0.8143347,0.5613023
gait_20260920_035116_owner_phone_shake_1,owner_phone_shake_1,2533337369205338,2026-09-20T03:51:37.706572Z,-0.1449988,3.9190838,14.9097414,-1.0619363,-0.7380012,0.2186991,0.7835322,2.6325228,9.4176435,0.1101974,0.0918289,0.8150992,0.5612818
gait_20260920_035116_owner_phone_shake_1,owner_phone_shake_1,2533337379269018,2026-09-20T03:51:37.717770Z,-0.1346738,3.8766615,14.7241907,-1.0619363,-0.7380012,0.2186991,0.8290239,2.5348821,9.4405088,0.1095574,0.0860393,0.8157762,0.5613410
gait_20260920_035116_owner_phone_shake_1,owner_phone_shake_1,2533337389380753,2026-09-20T03:51:37.727384Z,-0.2014122,3.7431848,14.6276741,-1.0165211,-0.3933986,0.0981914,0.8593469,2.4381452,9.4632492,0.1082331,0.0807739,0.8162956,0.5616251
gait_20260920_035116_owner_phone_shake_1,owner_phone_shake_1,2533337399464250,2026-09-20T03:51:37.737280Z,-0.2174983,3.6486886,14.5598135,-1.0165211,-0.3933986,0.0981914,0.8793197,2.3426566,9.4855089,0.1064209,0.0758980,0.8166420,0.5621476
gait_20260920_035116_owner_phone_shake_1,owner_phone_shake_1,2533337409548070,2026-09-20T03:51:37.747849Z,-0.2672528,3.6299839,14.4868660,-0.9656433,-0.2074077,0.0106252,0.8928076,2.2518048,9.5062284,0.1043617,0.0714073,0.8169008,0.5627456
gait_20260920_035116_owner_phone_shake_1,owner_phone_shake_1,2533337419629003,2026-09-20T03:51:37.757507Z,-0.2923171,3.6447232,14.3599730,-0.9656433,-0.2074077,0.0106252,0.9011238,2.1671410,9.5251026,0.1022284,0.0672781,0.8171148,0.5633352
gait_20260920_035116_owner_phone_shake_1,owner_phone_shake_1,2533337429716609,2026-09-20T03:51:37.768271Z,-0.2355296,3.5920508,14.0987053,-0.8292146,-0.0839690,-0.0015155,0.9033592,2.0913756,9.5418129,0.1000789,0.0636568,0.8173225,0.5638404
gait_20260920_035116_owner_phone_shake_1,owner_phone_shake_1,2533337439800837,2026-09-20T03:51:37.777394Z,-0.2483236,3.5387797,13.7777328,-0.8292146,-0.0839690,-0.0015155,0.9013587,2.0268769,9.5559111,0.0979869,0.0606474,0.8175166,0.5642581
gait_20260920_035116_owner_phone_shake_1,owner_phone_shake_1,2533337449884822,2026-09-20T03:51:37.787324Z,-0.2333598,3.5303252,13.4569101,-0.6048698,-0.0056124,0.0082936,0.8975770,1.9743775,9.5672512,0.0961367,0.0582256,0.8177132,0.5645465
gait_20260920_035116_owner_phone_shake_1,owner_phone_shake_1,2533337459969173,2026-09-20T03:51:37.797669Z,-0.1411083,3.4399440,12.9972229,-0.6048698,-0.0056124,0.0082936,0.8892363,1.9349120,9.5760889,0.0945395,0.0564157,0.8178757,0.5647646
gait_20260920_035116_owner_phone_shake_1,owner_phone_shake_1,2533337470053849,2026-09-20T03:51:37.807494Z,0.0093524,3.2700305,12.3775740,-0.3330947,0.1092496,0.0268461,0.8737946,1.9096619,9.5825768,0.0930709,0.0553868,0.8180664,0.5648342
gait_20260920_035116_owner_phone_shake_1,owner_phone_shake_1,2533337480138362,2026-09-20T03:51:37.817765Z,0.1336264,3.1483004,11.6778688,-0.3330947,0.1092496,0.0268461,0.8538137,1.8984637,9.5866022,0.0917526,0.0551656,0.8182928,0.5647435
gait_20260920_035116_owner_phone_shake_1,owner_phone_shake_1,2533337490222550,2026-09-20T03:51:37.827602Z,0.1820341,3.1447091,11.0174427,-0.0622523,0.1871066,0.0477134,0.8334997,1.8992578,9.5882330,0.0907189,0.0555877,0.8185318,0.5645225
gait_20260920_035116_owner_phone_shake_1,owner_phone_shake_1,2533337500306697,2026-09-20T03:51:37.837779Z,0.1860744,3.1192708,10.5044851,-0.0622523,0.1871066,0.0477134,0.8154282,1.9080198,9.5880470,0.0900421,0.0564004,0.8186955,0.5643129
gait_20260920_035116_owner_phone_shake_1,owner_phone_shake_1,2533337510391577,2026-09-20T03:51:37.847877Z,0.2103905,3.0677207,10.1050272,0.0804217,0.1445725,0.0149386,0.8020520,1.9188266,9.5870190,0.0896615,0.0572856,0.8187799,0.5641620
gait_20260920_035116_owner_phone_shake_1,owner_phone_shake_1,2533337520474991,2026-09-20T03:51:37.857951Z,0.2361281,2.9717281,9.8189201,0.0804217,0.1445725,0.0149386,0.7902844,1.9355029,9.5846434,0.0895345,0.0582142,0.8187556,0.5641223
gait_20260920_035116_owner_phone_shake_1,owner_phone_shake_1,2533337530559789,2026-09-20T03:51:37.868348Z,0.2433856,2.9011738,9.6916533,0.1054525,0.0532925,-0.0167039,0.7794661,1.9575492,9.5810518,0.0896496,0.0594061,0.8186240,0.5641708
gait_20260920_035116_owner_phone_shake_1,owner_phone_shake_1,2533337540668595,2026-09-20T03:51:37.878169Z,0.2483236,2.8895023,9.6436195,0.1054525,0.0532925,-0.0167039,0.7707727,1.9794022,9.5772638,0.0899150,0.0605861,0.8183832,0.5643525
gait_20260920_035116_owner_phone_shake_1,owner_phone_shake_1,2533337550728042,2026-09-20T03:51:37.888582Z,0.2427870,2.8461072,9.6659908,0.0668155,-0.0109250,-0.0496120,0.7644038,1.9969774,9.5741253,0.0902243,0.0616545,0.8180988,0.5645996
gait_20260920_035116_owner_phone_shake_1,owner_phone_shake_1,2533337560822484,2026-09-20T03:51:37.898807Z,0.2272995,2.7537808,9.6449671,0.0668155,-0.0109250,-0.0496120,0.7587610,2.0078614,9.5722980,0.0904349,0.0623296,0.8178009,0.5649233
gait_20260920_035116_owner_phone_shake_1,owner_phone_shake_1,2533337570896337,2026-09-20T03:51:37.908726Z,0.1103577,2.6694601,9.6772137,0.0274789,0.0130400,-0.0932119,0.7495044,2.0164325,9.5712242,0.0904352,0.0629063,0.8174790,0.5653251
gait_20260920_035116_owner_phone_shake_1,owner_phone_shake_1,2533337580981217,2026-09-20T03:51:37.918479Z,-0.0487819,2.6411037,9.8173494,0.0274789,0.0130400,-0.0932119,0.7405459,2.0215993,9.5708332,0.0902677,0.0634364,0.8171008,0.5658391
gait_20260920_035116_owner_phone_shake_1,owner_phone_shake_1,2533337591065201,2026-09-20T03:51:37.928602Z,-0.2226608,2.6672904,10.0808611,-0.0178197,-0.0197016,-0.1265031,0.7365954,2.0224891,9.5709496,0.0901245,0.0636890,0.8166983,0.5664144
gait_20260920_035116_owner_phone_shake_1,owner_phone_shake_1,2533337601137019,2026-09-20T03:51:37.938634Z,-0.3347393,2.6946740,10.6026478,-0.0178197,-0.0197016,-0.1265031,0.7390745,2.0188043,9.5715361,0.0900986,0.0635871,0.8162810,0.5670313
gait_20260920_035116_owner_phone_shake_1,owner_phone_shake_1,2533337611211604,2026-09-20T03:51:37.948932Z,-0.3756652,2.7127054,11.2739964,-0.0681644,-0.0670986,-0.1229891,0.7406370,2.0132213,9.5725908,0.0901138,0.0632343,0.8158950,0.5676234
gait_20260920_035116_owner_phone_shake_1,owner_phone_shake_1,2533337621318334,2026-09-20T03:51:37.958975Z,-0.4082862,2.6824038,11.8717985,-0.0681644,-0.0670986,-0.1229891,0.7399709,2.0075870,9.5738258,0.0900160,0.0628883,0.8155546,0.5681662
gait_20260920_035116_owner_phone_shake_1,owner_phone_shake_1,2533337631402440,2026-09-20T03:51:37.968985Z,-0.4655974,2.6325743,12.3279686,-0.0380542,0.0132898,-0.0806382,0.7319156,2.0057220,9.5748358,0.0897596,0.0627774,0.8153150,0.5685629
gait_20260920_035116_owner_phone_shake_1,owner_phone_shake_1,2533337641486832,2026-09-20T03:51:37.979010Z,-0.6090251,2.6583121,12.7047567,-0.0380542,0.0132898,-0.0806382,0.7142469,2.0099404,9.5752859,0.0892690,0.0631735,0.8151549,0.5688258
gait_20260920_035116_owner_phone_shake_1,owner_phone_shake_1,2533337651571223,2026-09-20T03:51:37.989269Z,-0.7832032,2.7219830,13.0533371,0.0750258,0.1867069,-0.0402525,0.6886824,2.0195944,9.5751266,0.0885656,0.0640986,0.8150835,0.5689344
gait_20260920_035116_owner_phone_shake_1,owner_phone_shake_1,2533337661654963,2026-09-20T03:51:37.999298Z,-0.9465327,2.7520599,13.4256353,0.0750258,0.1867069,-0.0402525,0.6567520,2.0336390,9.5743980,0.0877014,0.0654560,0.8150773,0.5689228
gait_20260920_035116_owner_phone_shake_1,owner_phone_shake_1,2533337671741913,2026-09-20T03:51:38.017267Z,-1.0696096,2.7433810,13.8922062,0.1675216,0.3054160,0.0115245,0.6217633,2.0510030,9.5730305,0.0867222,0.0671368,0.8151701,0.5687438
gait_20260920_035116_owner_phone_shake_1,owner_phone_shake_1,2533337681807063,2026-09-20T03:51:38.019347Z,-1.1864017,2.7502644,14.5238256,0.1675216,0.3054160,0.0115245,0.6042666,2.0607915,9.5720482,0.0867222,0.0671368,0.8151701,0.5687438
gait_20260920_035116_owner_phone_shake_1,owner_phone_shake_1,2533337691902318,2026-09-20T03:51:38.029045Z,-1.2447604,2.7944074,15.2282448,0.2647804,0.3391235,0.0859008,0.5520132,2.0974782,9.5672350,0.0849622,0.0710109,0.8156168,0.5678979
gait_20260920_035116_owner_phone_shake_1,owner_phone_shake_1,2533337701986791,2026-09-20T03:51:38.039376Z,-1.2402713,2.7763762,15.7901344,0.2647804,0.3391235,0.0859008,0.5128166,2.1348257,9.5611525,0.0842643,0.0734671,0.8159977,0.5671417
gait_20260920_035116_owner_phone_shake_1,owner_phone_shake_1,2533337712076797,2026-09-20T03:51:38.049721Z,-1.0730513,2.6589105,16.0044155,0.5328750,0.4470408,0.1885722,0.4685329,2.1893456,9.5510912,0.0837658,0.0767072,0.8165114,0.5660464
gait_20260920_035116_owner_phone_shake_1,owner_phone_shake_1,2533337722161596,2026-09-20T03:51:38.059550Z,-0.8340052,2.5313447,15.9439621,0.5328750,0.4470408,0.1885722,0.4165214,2.2656550,9.5356913,0.0835451,0.0809922,0.8171142,0.5646104
gait_20260920_035116_owner_phone_shake_1,owner_phone_shake_1,2533337732219945,2026-09-20T03:51:38.069613Z,-0.6551883,2.4574237,15.7428484,0.9832965,0.6234889,0.2824336,0.3578976,2.3652542,9.5138626,0.0836404,0.0865421,0.8177884,0.5627939
gait_20260920_035116_owner_phone_shake_1,owner_phone_shake_1,2533337742329646,2026-09-20T03:51:38.080687Z,-0.6431424,2.4843583,15.3268566,0.9832965,0.6234889,0.2824336,0.2938423,2.4865768,9.4850779,0.0841393,0.0932317,0.8184167,0.5607340
gait_20260920_035116_owner_phone_shake_1,owner_phone_shake_1,2533337752390193,2026-09-20T03:51:38.089840Z,-0.6531681,2.5819221,14.6879034,1.4336514,0.7983216,0.3144424,0.2202648,2.6282499,9.4488039,0.0849252,0.1010927,0.8189583,0.5584580
gait_20260920_035116_owner_phone_shake_1,owner_phone_shake_1,2533337762473037,2026-09-20T03:51:38.099972Z,-0.5310639,2.6409540,13.8512049,1.4336514,0.7983216,0.3144424,0.1352927,2.7859364,9.4051247,0.0857389,0.1100541,0.8194090,0.5559729
gait_20260920_035116_owner_phone_shake_1,owner_phone_shake_1,2533337772583267,2026-09-20T03:51:38.110220Z,-0.4023755,2.6401310,12.9116306,1.7829671,1.0571399,0.3528463,0.0397589,2.9572785,9.3535566,0.0864470,0.1201089,0.8198223,0.5531657
gait_20260920_035116_owner_phone_shake_1,owner_phone_shake_1,2533337782666844,2026-09-20T03:51:38.120163Z,-0.2703203,2.6719291,11.9072628,1.7829671,1.0571399,0.3528463,-0.0629583,3.1386831,9.2941284,0.0870540,0.1309294,0.8201671,0.5500954
gait_20260920_035116_owner_phone_shake_1,owner_phone_shake_1,2533337792751073,2026-09-20T03:51:38.130320Z,-0.1452233,2.8132617,10.8345108,1.9954209,1.2468278,0.3749960,-0.1702920,3.3260257,9.2273865,0.0875824,0.1423426,0.8204170,0.5467940
gait_20260920_035116_owner_phone_shake_1,owner_phone_shake_1,2533337802835382,2026-09-20T03:51:38.140375Z,-0.0507271,3.0060699,9.7593651,1.9954209,1.2468278,0.3749960,-0.2809624,3.5175250,9.1533699,0.0880384,0.1541610,0.8204942,0.5433902
gait_20260920_035116_owner_phone_shake_1,owner_phone_shake_1,2533337812894424,2026-09-20T03:51:38.154854Z,0.0178069,3.1796496,8.6422453,2.0574734,1.3486665,0.3316625,-0.3934203,3.7058485,9.0745802,0.0883769,0.1661663,0.8203838,0.5399524
gait_20260920_035116_owner_phone_shake_1,owner_phone_shake_1,2533337822979100,2026-09-20T03:51:38.160378Z,0.0320224,3.3278656,7.6229138,2.0574734,1.3486665,0.3316625,-0.5068588,3.8880594,8.9923420,0.0884883,0.1781704,0.8200267,0.5366390
gait_20260920_035116_owner_phone_shake_1,owner_phone_shake_1,2533337833063125,2026-09-20T03:51:38.170554Z,0.0284311,3.4305918,6.7363858,1.9053066,1.3556445,0.2240949,-0.6191326,4.0585690,8.9095907,0.0883739,0.1896684,0.8194817,0.5335409
gait_20260920_035116_owner_phone_shake_1,owner_phone_shake_1,2533337843147313,2026-09-20T03:51:38.180502Z,-0.0066589,3.4551322,6.0544872,1.9053066,1.3556445,0.2240949,-0.7296368,4.2147074,8.8283625,0.0879361,0.2006071,0.8187640,0.5307065
gait_20260920_035116_owner_phone_shake_1,owner_phone_shake_1,2533337853231745,2026-09-20T03:51:38.190877Z,-0.0035165,3.4292450,5.5496101,1.6120480,1.2988880,0.1242881,-0.8366947,4.3554354,8.7502136,0.0871839,0.2108155,0.8179731,0.5280870
gait_20260920_035116_owner_phone_shake_1,owner_phone_shake_1,2533337863341283,2026-09-20T03:51:38.200986Z,0.0307505,3.3840544,5.1654153,1.6120480,1.2988880,0.1242881,-0.9397534,4.4823389,8.6753454,0.0861679,0.2202663,0.8171567,0.5256547
gait_20260920_035116_owner_phone_shake_1,owner_phone_shake_1,2533337873425511,2026-09-20T03:51:38.211307Z,-0.0106243,3.3562968,4.8638954,1.3380413,1.2120379,0.0647670,-1.0384872,4.5982628,8.6031179,0.0849661,0.2290502,0.8163397,0.5233607
gait_20260920_035116_owner_phone_shake_1,owner_phone_shake_1,2533337883510431,2026-09-20T03:51:38.221801Z,-0.0556652,3.3478422,4.6460233,1.3380413,1.2120379,0.0647670,-1.1313548,4.7048655,8.5334864,0.0837194,0.2372607,0.8154618,0.5212682
gait_20260920_035116_owner_phone_shake_1,owner_phone_shake_1,2533337893593806,2026-09-20T03:51:38.231003Z,-0.1337012,3.3283892,4.3760023,1.1599444,1.0797392,-0.0023649,-1.2194077,4.8047972,8.4654045,0.0825214,0.2449300,0.8145043,0.5194058
gait_20260920_035116_owner_phone_shake_1,owner_phone_shake_1,2533337903678684,2026-09-20T03:51:38.241097Z,-0.2167501,3.2744448,4.0130563,1.1599444,1.0797392,-0.0023649,-1.3032571,4.9004650,8.3978024,0.0813953,0.2522517,0.8134447,0.5177371
gait_20260920_035116_owner_phone_shake_1,owner_phone_shake_1,2533337913762872,2026-09-20T03:51:38.251135Z,-0.2922423,3.1821933,3.5833716,1.0749929,0.9601142,-0.0523432,-1.3829188,4.9935956,8.3299246,0.0803993,0.2593148,0.8122882,0.5162169
gait_20260920_035116_owner_phone_shake_1,owner_phone_shake_1,2533337923847183,2026-09-20T03:51:38.261386Z,-0.4076877,3.1004913,3.0784197,1.0749929,0.9601142,-0.0523432,-1.4591011,5.0848289,8.2614555,0.0795365,0.2661885,0.8110537,0.5147910
gait_20260920_035116_owner_phone_shake_1,owner_phone_shake_1,2533337933931737,2026-09-20T03:51:38.271793Z,-0.4983681,3.0806642,2.5271547,1.0166376,0.8647373,-0.0659495,-1.5318713,5.1740284,8.1926136,0.0787782,0.2729062,0.8097645,0.5134176
gait_20260920_035116_owner_phone_shake_1,owner_phone_shake_1,2533337944015354,2026-09-20T03:51:38.281541Z,-0.5746084,3.0538042,1.9660137,1.0166376,0.8647373,-0.0659495,-1.5999389,5.2609272,8.1239738,0.0781408,0.2794428,0.8084580,0.5120563
gait_20260920_035116_owner_phone_shake_1,owner_phone_shake_1,2533337954076105,2026-09-20T03:51:38.293306Z,-0.6888567,3.0619595,1.4633809,0.9106688,0.7478603,-0.0448490,-1.6620815,5.3439455,8.0570364,0.0776396,0.2857181,0.8071697,0.5106999
gait_20260920_035116_owner_phone_shake_1,owner_phone_shake_1,2533337964162734,2026-09-20T03:51:38.302975Z,-0.8562264,3.1339352,1.0514287,0.9106688,0.7478603,-0.0448490,-1.6902809,5.3833189,8.0248947,0.0773149,0.2915649,0.8059180,0.5094200
gait_20260920_035116_owner_phone_shake_1,owner_phone_shake_1,2533337974268610,2026-09-20T03:51:38.311857Z,-1.0057892,3.2474353,0.7371148,0.7111217,0.5363224,-0.0245645,-1.7607559,5.4885087,7.9380183,0.0771896,0.2967559,0.8047354,0.5083097
gait_20260920_035116_owner_phone_shake_1,owner_phone_shake_1,2533337984352675,2026-09-20T03:51:38.322107Z,-1.0958710,3.3425300,0.4519804,0.7111217,0.5363224,-0.0245645,-1.7970244,5.5472760,7.8888865,0.0772255,0.3012424,0.8036533,0.5073761
gait_20260920_035116_owner_phone_shake_1,owner_phone_shake_1,2533337994414647,2026-09-20T03:51:38.331988Z,-1.0287585,3.4154785,0.2005144,0.4651935,0.3221698,-0.0045465,-1.8248781,5.5971093,7.8471837,0.0773655,0.3050310,0.8027096,0.5065847
gait_20260920_035116_owner_phone_shake_1,owner_phone_shake_1,2533338004521214,2026-09-20T03:51:38.342272Z,-0.8289175,3.4611177,0.0278326,0.4651935,0.3221698,-0.0045465,-1.8423634,5.6381159,7.8136706,0.0776752,0.3080919,0.8019146,0.5059435
gait_20260920_035116_owner_phone_shake_1,owner_phone_shake_1,2533338014605646,2026-09-20T03:51:38.352145Z,-0.5989245,3.4646344,-0.1104326,0.2119209,0.0793559,-0.0150884,-1.8484249,5.6692677,7.7896624,0.0782479,0.3103257,0.8012478,0.5055465
gait_20260920_035116_owner_phone_shake_1,owner_phone_shake_1,2533338024689589,2026-09-20T03:51:38.362211Z,-0.4529530,3.4246812,-0.1990180,0.2119209,0.0793559,-0.0150884,-1.8430775,5.6899009,7.7758732,0.0791331,0.3116573,0.8006506,0.5055357
gait_20260920_035116_owner_phone_shake_1,owner_phone_shake_1,2533338034775364,2026-09-20T03:51:38.372072Z,-0.3947440,3.3722332,-0.2294693,-0.0569064,-0.2455285,-0.1169604,-1.8273172,5.6984916,7.7733016,0.0803102,0.3120411,0.8000503,0.5060635
gait_20260920_035116_owner_phone_shake_1,owner_phone_shake_1,2533338044858373,2026-09-20T03:51:38.382331Z,-0.4614076,3.3531542,-0.1815104,-0.0569064,-0.2455285,-0.1169604,-1.7993960,5.6924491,7.7842340,0.0817940,0.3113377,0.7993887,0.5073029
gait_20260920_035116_owner_phone_shake_1,owner_phone_shake_1,2533338054943984,2026-09-20T03:51:38.392361Z,-0.6238392,3.3378913,0.0311246,-0.4099192,-0.7014292,-0.2859642,-1.7568896,5.6678934,7.8118134,0.0836055,0.3093111,0.7986717,0.5093725
gait_20260920_035116_owner_phone_shake_1,owner_phone_shake_1,2533338065026992,2026-09-20T03:51:38.402460Z,-0.8043022,3.2932243,0.5113865,-0.4099192,-0.7014292,-0.2859642,-1.6973623,5.6195707,7.8597388,0.0857289,0.3056279,0.7979563,0.5123551
gait_20260920_035116_owner_phone_shake_1,owner_phone_shake_1,2533338075111058,2026-09-20T03:51:38.412930Z,-0.9448867,3.1876552,1.3831753,-0.9398131,-1.2164844,-0.4338176,-1.6223843,5.5425582,7.9299450,0.0879607,0.3000250,0.7973692,0.5161883
gait_20260920_035116_owner_phone_shake_1,owner_phone_shake_1,2533338085170343,2026-09-20T03:51:38.422569Z,-0.8938602,2.9841480,2.2255602,-0.9398131,-1.2164844,-0.4338176,-1.5373284,5.4341769,8.0213747,0.0899075,0.2924511,0.7970499,0.5206730
gait_20260920_035116_owner_phone_shake_1,owner_phone_shake_1,2533338095279799,2026-09-20T03:51:38.432629Z,-0.7454945,2.6279356,3.0432549,-1.5398366,-1.4330518,-0.5015157,-1.4480815,5.2972827,8.1288357,0.0911746,0.2831779,0.7970960,0.5254858
gait_20260920_035116_owner_phone_shake_1,owner_phone_shake_1,2533338105365208,2026-09-20T03:51:38.443051Z,-0.6508487,2.2337902,3.8876598,-1.5398366,-1.4330518,-0.5015157,-1.3564738,5.1333003,8.2489576,0.0915876,0.2725510,0.7975107,0.5303813
gait_20260920_035116_owner_phone_shake_1,owner_phone_shake_1,2533338115448460,2026-09-20T03:51:38.452838Z,-0.5647323,1.9640684,4.8449664,-2.0149560,-1.4025419,-0.4865771,-1.2640146,4.9482346,8.3757601,0.0911809,0.2608527,0.7982431,0.5352101
gait_20260920_035116_owner_phone_shake_1,owner_phone_shake_1,2533338125532647,2026-09-20T03:51:38.463453Z,-0.4388871,1.8437598,5.7301478,-2.0149560,-1.4025419,-0.4865771,-1.1710570,4.7477112,8.5043507,0.0900915,0.2483822,0.7991996,0.5398796
gait_20260920_035116_owner_phone_shake_1,owner_phone_shake_1,2533338135593642,2026-09-20T03:51:38.472895Z,-0.2365770,1.7716345,6.5850272,-2.2683785,-1.3015360,-0.4250909,-1.0780692,4.5383229,8.6300344,0.0885183,0.2355583,0.8002800,0.5442690
gait_20260920_035116_owner_phone_shake_1,owner_phone_shake_1,2533338145700861,2026-09-20T03:51:38.483247Z,-0.0493804,1.7752258,7.5115085,-2.2683785,-1.3015360,-0.4250909,-0.9850734,4.3249674,8.7498798,0.0866230,0.2225550,0.8014209,0.5483524
gait_20260920_035116_owner_phone_shake_1,owner_phone_shake_1,2533338155786635,2026-09-20T03:51:38.493156Z,0.1137246,1.8641105,8.5339079,-2.3375587,-1.2296743,-0.3720482,-0.8891352,4.1069078,8.8644714,0.0845856,0.2095440,0.8025247,0.5521690
gait_20260920_035116_owner_phone_shake_1,owner_phone_shake_1,2533338165869887,2026-09-20T03:51:38.503218Z,-0.0054618,1.9574844,9.7133512,-2.3375587,-1.2296743,-0.3720482,-0.6108430,3.5271106,9.1335907,0.0824704,0.1957456,0.8036221,0.5559442
gait_20260920_035116_owner_phone_shake_1,owner_phone_shake_1,2533338175954116,2026-09-20T03:51:38.513376Z,-0.3768623,2.0373907,11.1805477,-2.3859551,-1.3441533,-0.4319024,-0.4867882,3.2640190,9.2382536,0.0762428,0.1600073,0.8094405,0.5598131
gait_20260920_035116_owner_phone_shake_1,owner_phone_shake_1,2533338186039484,2026-09-20T03:51:38.523486Z,-0.7237971,1.9998318,12.8178825,-2.3859551,-1.3441533,-0.4319024,-0.3604762,3.0336552,9.3221836,0.0748675,0.1461284,0.8094226,0.5638053
gait_20260920_035116_owner_phone_shake_1,owner_phone_shake_1,2533338196097751,2026-09-20T03:51:38.533326Z,-1.0551696,1.7635540,14.5922852,-2.3546956,-1.6367124,-0.5274958,-0.2172195,2.8074386,9.3971920,0.0741317,0.1319267,0.8090022,0.5679924
gait_20260920_035116_owner_phone_shake_1,owner_phone_shake_1,2533338206206801,2026-09-20T03:51:38.543634Z,-1.3403789,1.5166520,16.1932583,-2.3546956,-1.6367124,-0.5274958,-0.0560599,2.5941870,9.4606104,0.0743507,0.1175313,0.8082392,0.5721958
gait_20260920_035116_owner_phone_shake_1,owner_phone_shake_1,2533338216292291,2026-09-20T03:51:38.553727Z,-1.5274259,1.3409774,17.3277359,-2.0405364,-1.8852886,-0.4867936,0.1145120,2.4017396,9.5107641,0.0756248,0.1035253,0.8072473,0.5761209
gait_20260920_035116_owner_phone_shake_1,owner_phone_shake_1,2533338226375787,2026-09-20T03:51:38.564015Z,-1.5387235,1.2997522,18.0581169,-2.0405364,-1.8852886,-0.4867936,0.2752423,2.2378201,9.5473824,0.0775250,0.0907090,0.8062019,0.5794829
gait_20260920_035116_owner_phone_shake_1,owner_phone_shake_1,2533338236459608,2026-09-20T03:51:38.573816Z,-1.5576527,1.4971991,18.4381962,-1.4949545,-1.6312666,-0.2859475,0.4181367,2.1017754,9.5730772,0.0795332,0.0796320,0.8053185,0.5820614
gait_20260920_035116_owner_phone_shake_1,owner_phone_shake_1,2533338246540134,2026-09-20T03:51:38.583994Z,-1.5223382,1.8507928,18.5112934,-1.4949545,-1.6312666,-0.2859475,0.5357291,1.9905955,9.5909662,0.0813856,0.0703685,0.8047303,0.5838099
gait_20260920_035116_owner_phone_shake_1,owner_phone_shake_1,2533338256629490,2026-09-20T03:51:38.594134Z,-1.4333038,2.2296004,18.1234341,-0.9961200,-1.0101426,-0.0290444,0.6177158,1.9011784,9.6041689,0.0825824,0.0630929,0.8045264,0.5847536
gait_20260920_035116_owner_phone_shake_1,owner_phone_shake_1,2533338266713718,2026-09-20T03:51:38.604073Z,-1.3605051,2.5464580,17.3803329,-0.9961200,-1.0101426,-0.0290444,0.6613917,1.8302621,9.6150303,0.0827498,0.0578825,0.8047400,0.5849750
gait_20260920_035116_owner_phone_shake_1,owner_phone_shake_1,2533338276797214,2026-09-20T03:51:38.614313Z,-1.2216414,2.8025627,16.4206314,-0.6201081,-0.2476269,0.1720681,0.6718301,1.7747606,9.6247072,0.0818850,0.0545185,0.8053270,0.5846118
gait_20260920_035116_owner_phone_shake_1,owner_phone_shake_1,2533338286881402,2026-09-20T03:51:38.624629Z,-1.0672902,3.0565727,15.4443970,-0.6201081,-0.2476269,0.1720681,0.6577702,1.7326053,9.6333551,0.0802103,0.0526881,0.8061821,0.5838329
gait_20260920_035116_owner_phone_shake_1,owner_phone_shake_1,2533338296965630,2026-09-20T03:51:38.634600Z,-0.8990976,3.2930000,14.6030588,-0.3615063,0.2105886,0.2742065,0.6322481,1.7008792,9.6407146,0.0781356,0.0519165,0.8072023,0.5827726
gait_20260920_035116_owner_phone_shake_1,owner_phone_shake_1,2533338307029148,2026-09-20T03:51:38.645075Z,-0.7448212,3.4836383,13.9423342,-0.3615063,0.2105886,0.2742065,0.6056386,1.6769269,9.6466179,0.0760966,0.0516916,0.8082380,0.5816259
gait_20260920_035116_owner_phone_shake_1,owner_phone_shake_1,2533338317134332,2026-09-20T03:51:38.654746Z,-0.6604256,3.6370168,13.4218950,-0.2116212,0.2423809,0.2590681,0.5844083,1.6594362,9.6509504,0.0743753,0.0516684,0.8091847,0.5805332
gait_20260920_035116_owner_phone_shake_1,owner_phone_shake_1,2533338327193618,2026-09-20T03:51:38.665048Z,-0.6414216,3.6944029,13.0379248,-0.2116212,0.2423809,0.2590681,0.5700130,1.6475747,9.6538439,0.0731353,0.0516697,0.8099454,0.5796291
gait_20260920_035116_owner_phone_shake_1,owner_phone_shake_1,2533338337303765,2026-09-20T03:51:38.675056Z,-0.6182278,3.6027498,12.6924114,-0.1084669,0.1253373,0.1481698,0.5596837,1.6407001,9.6556177,0.0723230,0.0516909,0.8104609,0.5790082
gait_20260920_035116_owner_phone_shake_1,owner_phone_shake_1,2533338347362115,2026-09-20T03:51:38.684802Z,-0.5758055,3.4558804,12.3714390,-0.1084669,0.1253373,0.1481698,0.5494191,1.6387130,9.6565456,0.0717515,0.0518321,0.8107700,0.5786341
gait_20260920_035116_owner_phone_shake_1,owner_phone_shake_1,2533338357472426,2026-09-20T03:51:38.695048Z,-0.5002385,3.3384149,12.0105877,-0.0090764,0.1075676,0.0560071,0.5373578,1.6418818,9.6566858,0.0712949,0.0522012,0.8109379,0.5784219
gait_20260920_035116_owner_phone_shake_1,owner_phone_shake_1,2533338367530490,2026-09-20T03:51:38.705760Z,-0.3826233,3.2439189,11.6748009,-0.0090764,0.1075676,0.0560071,0.5217138,1.6504524,9.6560822,0.0708897,0.0528651,0.8110697,0.5782266
gait_20260920_035116_owner_phone_shake_1,owner_phone_shake_1,2533338377640069,2026-09-20T03:51:38.715393Z,-0.2384475,3.1077485,11.2530470,0.1072012,0.1906539,0.0545748,0.5004199,1.6651392,9.6546879,0.0704527,0.0539103,0.8112239,0.5779670
gait_20260920_035116_owner_phone_shake_1,owner_phone_shake_1,2533338387725803,2026-09-20T03:51:38.725373Z,-0.1674445,3.0054712,10.8575554,0.1072012,0.1906539,0.0545748,0.4748060,1.6863128,9.6523066,0.0699695,0.0554044,0.8114380,0.5775838
gait_20260920_035116_owner_phone_shake_1,owner_phone_shake_1,2533338397810032,2026-09-20T03:51:38.735452Z,-0.1938555,2.9813797,10.4915419,0.2344204,0.2471773,0.0638844,0.4498385,1.7134839,9.6487160,0.0695905,0.0572178,0.8116484,0.5771570
gait_20260920_035116_owner_phone_shake_1,owner_phone_shake_1,2533338407891493,2026-09-20T03:51:38.745850Z,-0.2519149,3.0084641,10.1517897,0.2344204,0.2471773,0.0638844,0.4293751,1.7446784,9.6440573,0.0694875,0.0591314,0.8117977,0.5767664
gait_20260920_035116_owner_phone_shake_1,owner_phone_shake_1,2533338417978285,2026-09-20T03:51:38.755880Z,-0.3104980,2.9866171,9.9696808,0.3145256,0.1755988,0.0200346,0.4078482,1.7862946,9.6373711,0.0696959,0.0612489,0.8118116,0.5765008
gait_20260920_035116_owner_phone_shake_1,owner_phone_shake_1,2533338428062595,2026-09-20T03:51:38.765913Z,-0.4318541,2.9338698,10.0061169,0.3145256,0.1755988,0.0200346,0.3901528,1.8274415,9.6303864,0.0701348,0.0636972,0.8116429,0.5764195
gait_20260920_035116_owner_phone_shake_1,owner_phone_shake_1,2533338438125462,2026-09-20T03:51:38.776002Z,-0.5947347,2.8449850,10.3460188,0.2728576,0.0511608,-0.0570063,0.3832311,1.8561654,9.6251698,0.0706905,0.0655558,0.8113517,0.5765534
gait_20260920_035116_owner_phone_shake_1,owner_phone_shake_1,2533338448231418,2026-09-20T03:51:38.786038Z,-0.7166893,2.7168205,10.9294558,0.2728576,0.0511608,-0.0570063,0.3802770,1.8790952,9.6208363,0.0713091,0.0666729,0.8110178,0.5768189
gait_20260920_035116_owner_phone_shake_1,owner_phone_shake_1,2533338458308648,2026-09-20T03:51:38.796136Z,-0.7720552,2.5341129,11.6492128,0.2206976,0.0094261,-0.0779569,0.3757102,1.9008602,9.6167402,0.0718614,0.0676459,0.8106726,0.5771221
gait_20260920_035116_owner_phone_shake_1,owner_phone_shake_1,2533338468392836,2026-09-20T03:51:38.805783Z,-0.8130559,2.3338978,12.4104195,0.2206976,0.0094261,-0.0779569,0.3649218,1.9278376,9.6117840,0.0722829,0.0688261,0.8104261,0.5772762
gait_20260920_035116_owner_phone_shake_1,owner_phone_shake_1,2533338478456759,2026-09-20T03:51:38.816660Z,-0.8521113,2.2032640,13.1467857,0.3839225,0.1416248,0.0045132,0.3463996,1.9683100,9.6042633,0.0726474,0.0706335,0.8103284,0.5771492
gait_20260920_035116_owner_phone_shake_1,owner_phone_shake_1,2533338488567518,2026-09-20T03:51:38.826270Z,-0.8292168,2.2067058,13.6349783,0.3839225,0.1416248,0.0045132,0.3227416,2.0305018,9.5921326,0.0732246,0.0734272,0.8103856,0.5766469
gait_20260920_035116_owner_phone_shake_1,owner_phone_shake_1,2533338498651991,2026-09-20T03:51:38.836235Z,-0.8512135,2.3190837,13.7504988,0.8622226,0.2583687,0.1427573,0.2973191,2.1222250,9.5730810,0.0744140,0.0774467,0.8105627,0.5757195
gait_20260920_035116_owner_phone_shake_1,owner_phone_shake_1,2533338508710585,2026-09-20T03:51:38.846320Z,-1.0095301,2.5591772,13.5187101,0.8622226,0.2583687,0.1427573,0.2738689,2.2463892,9.5454102,0.0764987,0.0828352,0.8108278,0.5743212
gait_20260920_035116_owner_phone_shake_1,owner_phone_shake_1,2533338518821424,2026-09-20T03:51:38.856441Z,-1.3319992,2.9478610,13.1239662,1.4988182,0.2105553,0.2741233,0.2597229,2.4002097,9.5082941,0.0797339,0.0894802,0.8110776,0.5725287
gait_20260920_035116_owner_phone_shake_1,owner_phone_shake_1,2533338528879326,2026-09-20T03:51:38.866314Z,-1.6549920,3.4360535,12.8878384,1.4988182,0.2105553,0.2741233,0.2619539,2.5779703,9.4615831,0.0843062,0.0969281,0.8112133,0.5704652
gait_20260920_035116_owner_phone_shake_1,owner_phone_shake_1,2533338538988620,2026-09-20T03:51:38.876431Z,-1.7613842,3.8381298,13.0552082,1.9581329,-0.1178763,0.3460015,0.2859231,2.7703600,9.4063520,0.0902852,0.1046877,0.8111550,0.5682576
gait_20260920_035116_owner_phone_shake_1,owner_phone_shake_1,2533338549048190,2026-09-20T03:51:38.886884Z,-1.3817537,4.1786304,14.2201366,1.9581329,-0.1178763,0.3460015,0.3328846,2.9744256,9.3422747,0.0975854,0.1123678,0.8109418,0.5658834
gait_20260920_035116_owner_phone_shake_1,owner_phone_shake_1,2533338559132256,2026-09-20T03:51:38.897423Z,-0.8875754,4.2238955,15.3209457,2.2917604,-0.5533093,0.4547349,0.4050629,3.1922333,9.2672367,0.1062056,0.1198765,0.8106046,0.5632674
gait_20260920_035116_owner_phone_shake_1,owner_phone_shake_1,2533338569242119,2026-09-20T03:51:38.909394Z,-0.3718494,3.9882164,15.6489515,2.2917604,-0.5533093,0.4547349,0.4979957,3.4417832,9.1729078,0.1165862,0.1277874,0.8100975,0.5601965
gait_20260920_035116_owner_phone_shake_1,owner_phone_shake_1,2533338579326796,2026-09-20T03:51:38.916996Z,-0.1747767,3.8432174,15.1296339,3.0988753,-0.8524301,0.5783901,0.6009125,3.7372878,9.0502872,0.1287965,0.1371394,0.8092365,0.5565435
gait_20260920_035116_owner_phone_shake_1,owner_phone_shake_1,2533338589410820,2026-09-20T03:51:38.926964Z,0.0161609,4.0408139,14.0326405,3.0988753,-0.8524301,0.5783901,0.7084687,4.0789628,8.8936062,0.1427985,0.1485854,0.8077335,0.5523565
gait_20260920_035116_owner_phone_shake_1,owner_phone_shake_1,2533338599495171,2026-09-20T03:51:38.937296Z,0.1971475,4.5578866,12.7975321,4.1551657,-0.9784335,0.5519437,0.8188052,4.4582348,8.6999893,0.1584781,0.1621191,0.8053523,0.5477313
gait_20260920_035116_owner_phone_shake_1,owner_phone_shake_1,2533338609580173,2026-09-20T03:51:38.948290Z,0.4265420,5.0512419,11.3090868,4.1551657,-0.9784335,0.5519437,0.9317914,4.8592606,8.4708595,0.1754405,0.1772403,0.8020781,0.5426576
gait_20260920_035116_owner_phone_shake_1,owner_phone_shake_1,2533338619663221,2026-09-20T03:51:38.957080Z,0.8155998,5.3605428,9.6493063,4.8020368,-1.0272795,0.4878761,1.0417492,5.2658348,8.2110806,0.1931155,0.1932994,0.7979732,0.5371970
gait_20260920_035116_owner_phone_shake_1,owner_phone_shake_1,2533338629747409,2026-09-20T03:51:38.967590Z,1.0382606,5.6687212,8.1887684,4.8020368,-1.0272795,0.4878761,1.1410292,5.6639156,7.9280653,0.2108798,0.2100416,0.7931246,0.5313809
gait_20260920_035116_owner_phone_shake_1,owner_phone_shake_1,2533338639810235,2026-09-20T03:51:38.979346Z,1.1760019,6.0405707,6.9172978,4.8386588,-0.9014758,0.3382741,1.2276764,6.0388632,7.6328936,0.2279638,0.2267557,0.7876396,0.5255836
gait_20260920_035116_owner_phone_shake_1,owner_phone_shake_1,2533338649894545,2026-09-20T03:51:38.990993Z,1.3935751,6.3734398,5.9755535,4.8386588,-0.9014758,0.3382741,1.3002421,6.3826466,7.3353462,0.2440302,0.2429210,0.7817271,0.5199438
gait_20260920_035116_owner_phone_shake_1,owner_phone_shake_1,2533338659994642,2026-09-20T03:51:38.997615Z,1.6896330,6.6769795,5.3931637,4.4119024,-0.7176001,0.1476702,1.3577867,6.6961403,7.0394773,0.2587788,0.2583104,0.7755619,0.5146000
gait_20260920_035116_owner_phone_shake_1,owner_phone_shake_1,2533338670079115,2026-09-20T03:51:39.007412Z,1.9194015,6.8785415,4.8750434,4.4119024,-0.7176001,0.1476702,1.3976369,6.9781060,6.7519455,0.2721898,0.2729797,0.7692450,0.5095655
gait_20260920_035116_owner_phone_shake_1,owner_phone_shake_1,2533338680169243,2026-09-20T03:51:39.018081Z,1.9687072,6.8372416,4.2884641,3.8327296,-0.4601640,-0.0960264,1.4166392,7.2305589,6.4767480,0.2840116,0.2868586,0.7628815,0.5050359
gait_20260920_035116_owner_phone_shake_1,owner_phone_shake_1,2533338690254936,2026-09-20T03:51:39.028238Z,1.7946038,6.6926918,3.7267246,3.8327296,-0.4601640,-0.0960264,1.4123008,7.4570408,6.2156315,0.2942346,0.3000858,0.7564434,0.5011668
gait_20260920_035116_owner_phone_shake_1,owner_phone_shake_1,2533338700338921,2026-09-20T03:51:39.038270Z,1.5596727,6.5593643,3.2689083,3.2435644,-0.2047098,-0.4364156,1.3853970,7.6590509,5.9712410,0.3028687,0.3127275,0.7499208,0.4980873
gait_20260920_035116_owner_phone_shake_1,owner_phone_shake_1,2533338710422051,2026-09-20T03:51:39.048153Z,1.3383588,6.2642789,2.8657846,3.2435644,-0.2047098,-0.4364156,1.3395185,7.8372750,5.7462091,0.3099685,0.3246551,0.7434518,0.4957804
gait_20260920_035116_owner_phone_shake_1,owner_phone_shake_1,2533338720506280,2026-09-20T03:51:39.058308Z,1.1437551,5.9201126,2.5448868,2.6303844,0.0230657,-0.6996805,1.2773778,7.9926014,5.5428100,0.3156464,0.3358679,0.7371578,0.4941241
gait_20260920_035116_owner_phone_shake_1,owner_phone_shake_1,2533338730590589,2026-09-20T03:51:39.068386Z,0.9561095,5.5378633,2.2036383,2.6303844,0.0230657,-0.6996805,1.2009597,8.1270142,5.3614793,0.3198335,0.3463346,0.7312868,0.4929287
gait_20260920_035116_owner_phone_shake_1,owner_phone_shake_1,2533338740675835,2026-09-20T03:51:39.078258Z,0.6506243,5.2397103,1.8626889,2.0509617,0.3053327,-0.8187226,1.1133441,8.2427979,5.2012377,0.3226365,0.3561466,0.7259326,0.4920236
gait_20260920_035116_owner_phone_shake_1,owner_phone_shake_1,2533338750759128,2026-09-20T03:51:39.088766Z,0.2773533,5.0742860,1.6461633,2.0509617,0.3053327,-0.8187226,1.0184253,8.3419905,5.0606437,0.3242145,0.3653480,0.7211131,0.4913266
gait_20260920_035116_owner_phone_shake_1,owner_phone_shake_1,2533338760844251,2026-09-20T03:51:39.098452Z,-0.0395043,5.0035076,1.5890018,1.5468147,0.5010161,-0.8139096,0.9212666,8.4260674,4.9384995,0.3248414,0.3738504,0.7168241,0.4907924
gait_20260920_035116_owner_phone_shake_1,owner_phone_shake_1,2533338770929293,2026-09-20T03:51:39.108545Z,-0.1416320,5.0324621,1.7353473,1.5468147,0.5010161,-0.8139096,0.8252062,8.4965563,4.8335981,0.3247100,0.3816095,0.7130893,0.4903483
gait_20260920_035116_owner_phone_shake_1,owner_phone_shake_1,2533338781012261,2026-09-20T03:51:39.118621Z,-0.0585831,5.0808702,2.0476410,1.1367955,0.5977586,-0.7214971,0.7328234,8.5552492,4.7441330,0.3240052,0.3886139,0.7098976,0.4899442
gait_20260920_035116_owner_phone_shake_1,owner_phone_shake_1,2533338791096693,2026-09-20T03:51:39.128584Z,0.0224456,4.9547257,2.2643163,1.1367955,0.5977586,-0.7214971,0.6446450,8.6051874,4.6659727,0.3228774,0.3949522,0.7072183,0.4894950
gait_20260920_035116_owner_phone_shake_1,owner_phone_shake_1,2533338801170667,2026-09-20T03:51:39.138876Z,0.0804302,4.7460561,2.3463178,0.9102358,0.6407590,-0.6244881,0.5605050,8.6502199,4.5929985,0.3215067,0.4008426,0.7048854,0.4889737
gait_20260920_035116_owner_phone_shake_1,owner_phone_shake_1,2533338811264905,2026-09-20T03:51:39.148941Z,0.0180313,4.5631242,2.3181109,0.9102358,0.6407590,-0.6244881,0.4824956,8.6936436,4.5192776,0.3202119,0.4064733,0.7026426,0.4884028
gait_20260920_035116_owner_phone_shake_1,owner_phone_shake_1,2533338821350029,2026-09-20T03:51:39.159071Z,-0.1543512,4.4464068,2.2800281,0.9098028,0.4928390,-0.5627021,0.4119881,8.7376289,4.4407434,0.3193522,0.4118640,0.7002432,0.4878952
gait_20260920_035116_owner_phone_shake_1,owner_phone_shake_1,2533338831433809,2026-09-20T03:51:39.168783Z,-0.3513491,4.3383684,2.2527943,0.9098028,0.4928390,-0.5627021,0.3502257,8.7829170,4.3558960,0.3191426,0.4170245,0.6975482,0.4875092
gait_20260920_035116_owner_phone_shake_1,owner_phone_shake_1,2533338841515800,2026-09-20T03:51:39.179086Z,-0.5235820,4.1393504,1.8942624,1.0401529,0.2519236,-0.4818474,0.2969754,8.8308172,4.2619944,0.3196139,0.4220596,0.6945558,0.4871397
gait_20260920_035116_owner_phone_shake_1,owner_phone_shake_1,2533338851595350,2026-09-20T03:51:39.189288Z,-0.7015759,3.9045689,1.3187562,1.0401529,0.2519236,-0.4818474,0.2483377,8.8827381,4.1558886,0.3206887,0.4272641,0.6913158,0.4865047
gait_20260920_035116_owner_phone_shake_1,owner_phone_shake_1,2533338861680962,2026-09-20T03:51:39.199150Z,-1.0600328,3.7812674,0.6995558,1.2269598,0.2272758,-0.3662194,0.2020333,8.9375162,4.0393195,0.3219902,0.4329091,0.6879539,0.4854188
gait_20260920_035116_owner_phone_shake_1,owner_phone_shake_1,2533338871765719,2026-09-20T03:51:39.209049Z,-1.4642788,3.6776435,-0.0300772,1.2269598,0.2272758,-0.3662194,0.1662881,8.9930840,3.9157269,0.3236728,0.4387151,0.6845116,0.4839513
gait_20260920_035116_owner_phone_shake_1,owner_phone_shake_1,2533338881849744,2026-09-20T03:51:39.219543Z,-1.7690158,3.6340241,-0.6353613,1.2638149,0.0998235,-0.1296173,0.1461047,9.0467482,3.7909267,0.3259730,0.4442486,0.6810819,0.4821954
gait_20260920_035116_owner_phone_shake_1,owner_phone_shake_1,2533338891939466,2026-09-20T03:51:39.229951Z,-1.8624644,3.7849336,-1.1162217,1.2638149,0.0998235,-0.1296173,0.1430472,9.0947008,3.6745176,0.3287654,0.4491532,0.6779311,0.4801919
gait_20260920_035116_owner_phone_shake_1,owner_phone_shake_1,2533338902020398,2026-09-20T03:51:39.239692Z,-1.8320132,4.1435399,-1.6525229,0.9968361,-0.0725777,0.1689872,0.1577392,9.1340876,3.5748689,0.3318584,0.4530425,0.6753013,0.4781116
gait_20260920_035116_owner_phone_shake_1,owner_phone_shake_1,2533338912108411,2026-09-20T03:51:39.249607Z,-1.7323545,4.6064439,-1.9936218,0.9968361,-0.0725777,0.1689872,0.1897948,9.1614094,3.5026667,0.3349987,0.4556529,0.6734503,0.4760475
gait_20260920_035116_owner_phone_shake_1,owner_phone_shake_1,2533338922193453,2026-09-20T03:51:39.259741Z,-1.4517840,5.1164088,-1.9381063,0.3260168,-0.2494089,0.4541353,0.2394859,9.1725121,3.4704125,0.3379138,0.4564933,0.6726460,0.4743159
gait_20260920_035116_owner_phone_shake_1,owner_phone_shake_1,2533338932277885,2026-09-20T03:51:39.269998Z,-0.9464579,5.4841433,-1.2422166,0.3260168,-0.2494089,0.4541353,0.3049183,9.1646891,3.4859157,0.3403791,0.4551665,0.6730992,0.4731841
gait_20260920_035116_owner_phone_shake_1,owner_phone_shake_1,2533338942361706,2026-09-20T03:51:39.280068Z,-0.2837877,5.7468324,0.1757494,-0.6370451,-0.4433270,0.6700199,0.3841013,9.1368780,3.5504997,0.3421427,0.4515725,0.6749043,0.4727841
gait_20260920_035116_owner_phone_shake_1,owner_phone_shake_1,2533338952445569,2026-09-20T03:51:39.290081Z,0.2163012,5.9167457,1.8049288,-0.6370451,-0.4433270,0.6700199,0.4747983,9.0916872,3.6540253,0.3433470,0.4457475,0.6778355,0.4732452
gait_20260920_035116_owner_phone_shake_1,owner_phone_shake_1,2533338962530856,2026-09-20T03:51:39.299988Z,0.4743512,5.8944497,3.0228293,-1.2705097,-0.6899047,0.7257272,0.5692984,9.0362520,3.7759964,0.3443096,0.4383461,0.6812721,0.4745230
gait_20260920_035116_owner_phone_shake_1,owner_phone_shake_1,2533338972614271,2026-09-20T03:51:39.310204Z,0.6067805,5.8244195,3.8183029,-1.2705097,-0.6899047,0.7257272,0.6604939,8.9790144,3.8957877,0.3450690,0.4305213,0.6847548,0.4761194
gait_20260920_035116_owner_phone_shake_1,owner_phone_shake_1,2533338982698620,2026-09-20T03:51:39.320104Z,0.6651391,5.9166708,4.1138372,-1.1881229,-0.7634150,0.6599776,0.7500905,8.9267235,3.9983861,0.3459601,0.4230736,0.6878586,0.4776726
gait_20260920_035116_owner_phone_shake_1,owner_phone_shake_1,2533338992783175,2026-09-20T03:51:39.330293Z,0.8182184,6.0137858,3.6177883,-1.1881229,-0.7634150,0.6599776,0.8421569,8.8833418,4.0759177,0.3475632,0.4162552,0.6902563,0.4790382
gait_20260920_035116_owner_phone_shake_1,owner_phone_shake_1,2533339002867322,2026-09-20T03:51:39.340572Z,0.8696190,6.2777467,2.8707974,-0.7874133,-0.7929590,0.6508013,0.9339963,8.8476048,4.1332397,0.3498476,0.4102488,0.6920792,0.4799260
gait_20260920_035116_owner_phone_shake_1,owner_phone_shake_1,2533339012951631,2026-09-20T03:51:39.350439Z,0.6403741,6.8875198,2.3959224,-0.7874133,-0.7929590,0.6508013,1.0248454,8.8129892,4.1853356,0.3522268,0.4049100,0.6937385,0.4803242
gait_20260920_035116_owner_phone_shake_1,owner_phone_shake_1,2533339023036186,2026-09-20T03:51:39.360555Z,0.3725228,7.6693015,2.5007436,-0.8081807,-0.7581690,0.7202314,1.1213098,8.7711906,4.2479386,0.3544730,0.3994246,0.6955501,0.4806443
gait_20260920_035116_owner_phone_shake_1,owner_phone_shake_1,2533339033120414,2026-09-20T03:51:39.370634Z,0.4029741,8.5004635,3.3493385,-0.8081807,-0.7581690,0.7202314,1.2298242,8.7162552,4.3301897,0.3566011,0.3928622,0.6978084,0.4812052
gait_20260920_035116_owner_phone_shake_1,owner_phone_shake_1,2533339043204358,2026-09-20T03:51:39.380614Z,0.8941595,9.1981487,4.8936734,-1.2535727,-0.9903244,0.9014259,1.3514293,8.6477175,4.4302068,0.3586490,0.3851097,0.7003593,0.4822429
gait_20260920_035116_owner_phone_shake_1,owner_phone_shake_1,2533339053288952,2026-09-20T03:51:39.390747Z,1.5524154,9.6531219,6.5767226,-1.2535727,-0.9903244,0.9014259,1.4956766,8.5646143,4.5438352,0.3610346,0.3754591,0.7034395,0.4835880
gait_20260920_035116_owner_phone_shake_1,owner_phone_shake_1,2533339063373466,2026-09-20T03:51:39.401114Z,2.0786159,9.9618244,7.8105593,-1.4393138,-1.3212209,1.0276458,1.6494622,8.4788713,4.6501765,0.3639489,0.3648474,0.7064389,0.4851514
gait_20260920_035116_owner_phone_shake_1,owner_phone_shake_1,2533339073461601,2026-09-20T03:51:39.411244Z,2.4641573,10.2402248,8.3703537,-1.4393138,-1.3212209,1.0276458,1.8013971,8.4003906,4.7354527,0.3673724,0.3545107,0.7089345,0.4865919
gait_20260920_035116_owner_phone_shake_1,owner_phone_shake_1,2533339083542370,2026-09-20T03:51:39.421085Z,2.6945243,10.5484037,8.4353714,-1.0717953,-1.3691342,0.9496390,1.9455713,8.3334408,4.7963128,0.3712033,0.3451696,0.7107800,0.4877068
gait_20260920_035116_owner_phone_shake_1,owner_phone_shake_1,2533339093604992,2026-09-20T03:51:39.431270Z,2.8606970,10.8163300,8.2368021,-1.0717953,-1.3691342,0.9496390,2.0797892,8.2754116,4.8402634,0.3752419,0.3369476,0.7120583,0.4885006
gait_20260920_035116_owner_phone_shake_1,owner_phone_shake_1,2533339103710543,2026-09-20T03:51:39.441476Z,3.0269444,11.0053225,7.9161286,-0.7597511,-1.1006233,0.8511644,2.1994712,8.2215624,4.8789706,0.3789786,0.3296555,0.7132248,0.4888896
gait_20260920_035116_owner_phone_shake_1,owner_phone_shake_1,2533339113794894,2026-09-20T03:51:39.451512Z,2.9902084,11.2958441,7.6861358,-0.7597511,-1.1006233,0.8511644,2.3004377,8.1674843,4.9230375,0.3816674,0.3233753,0.7147801,0.4887207
gait_20260920_035116_owner_phone_shake_1,owner_phone_shake_1,2533339123879894,2026-09-20T03:51:39.461381Z,2.8430398,11.5592804,7.6219411,-0.7602841,-0.5069282,0.7736571,2.3811781,8.1108160,4.9780283,0.3830159,0.3178609,0.7168763,0.4882127
gait_20260920_035116_owner_phone_shake_1,owner_phone_shake_1,2533339133960624,2026-09-20T03:51:39.471342Z,2.9213750,11.7086191,7.6701245,-0.7602841,-0.5069282,0.7736571,2.4437592,8.0512552,5.0439506,0.3830360,0.3129267,0.7194839,0.4875482
gait_20260920_035116_owner_phone_shake_1,owner_phone_shake_1,2533339144047945,2026-09-20T03:51:39.481512Z,2.9961190,11.8405247,7.6779056,-0.8506815,-0.0291443,0.6742666,2.4928384,7.9906874,5.1157398,0.3820131,0.3084679,0.7224729,0.4867715
gait_20260920_035116_owner_phone_shake_1,owner_phone_shake_1,2533339154132254,2026-09-20T03:51:39.491816Z,2.9336452,11.9748993,7.6628671,-0.8506815,-0.0291443,0.6742666,2.5305939,7.9324369,5.1873550,0.3804387,0.3044091,0.7255002,0.4860567
gait_20260920_035116_owner_phone_shake_1,owner_phone_shake_1,2533339164216361,2026-09-20T03:51:39.501575Z,2.8935423,11.9734030,7.7689600,-0.8126773,0.1249209,0.5043302,2.5588031,7.8788075,5.2548113,0.3786373,0.3007834,0.7282850,0.4855556
gait_20260920_035116_owner_phone_shake_1,owner_phone_shake_1,2533339174300956,2026-09-20T03:51:39.512151Z,2.9429228,11.8004217,7.9384995,-0.8126773,0.1249209,0.5043302,2.5821102,7.8307481,5.3149042,0.3768796,0.2975294,0.7306898,0.4853149
gait_20260920_035116_owner_phone_shake_1,owner_phone_shake_1,2533339184385388,2026-09-20T03:51:39.522251Z,2.9190557,11.5261354,7.9925184,-0.6485530,0.0256470,0.3228360,2.6034393,7.7905841,5.3633027,0.3755099,0.2945554,0.7325723,0.4853528
gait_20260920_035116_owner_phone_shake_1,owner_phone_shake_1,2533339194444551,2026-09-20T03:51:39.533278Z,2.7685950,11.2270851,7.9022121,-0.6485530,0.0256470,0.3228360,2.6216044,7.7610564,5.3971567,0.3746515,0.2920648,0.7338810,0.4855442
gait_20260920_035116_owner_phone_shake_1,owner_phone_shake_1,2533339204553804,2026-09-20T03:51:39.542199Z,2.7100120,10.9351425,7.8698907,-0.3395398,-0.1044366,0.1691537,2.6377721,7.7425761,5.4157906,0.3743024,0.2902127,0.7346295,0.4857920
gait_20260920_035116_owner_phone_shake_1,owner_phone_shake_1,2533339214638155,2026-09-20T03:51:39.552107Z,2.6715550,10.6119995,7.7765169,-0.3395398,-0.1044366,0.1691537,2.6558135,7.7337747,5.4195476,0.3745670,0.2888928,0.7348679,0.4860142
gait_20260920_035116_owner_phone_shake_1,owner_phone_shake_1,2533339224723400,2026-09-20T03:51:39.562308Z,2.5801265,10.2815247,7.5272951,-0.0095760,-0.2315559,0.0858342,2.6734700,7.7349253,5.4092145,0.3754555,0.2880446,0.7346471,0.4861657
gait_20260920_035116_owner_phone_shake_1,owner_phone_shake_1,2533339234790295,2026-09-20T03:51:39.572579Z,2.4243536,10.0276651,7.1487122,-0.0095760,-0.2315559,0.0858342,2.6873186,7.7458682,5.3866463,0.3767091,0.2878894,0.7341114,0.4860971
gait_20260920_035116_owner_phone_shake_1,owner_phone_shake_1,2533339244904675,2026-09-20T03:51:39.582447Z,2.3103299,9.8227358,6.6287217,0.2951738,-0.2031776,0.0306598,2.6974418,7.7647653,5.3542833,0.3781729,0.2884245,0.7333422,0.4858042
gait_20260920_035116_owner_phone_shake_1,owner_phone_shake_1,2533339254975924,2026-09-20T03:51:39.592949Z,2.2447138,9.6172085,6.0902505,0.2951738,-0.2031776,0.0306598,2.7031293,7.7887473,5.3164487,0.3797320,0.2895439,0.7324472,0.4852723
gait_20260920_035116_owner_phone_shake_1,owner_phone_shake_1,2533339265059866,2026-09-20T03:51:39.602509Z,2.2150855,9.4456491,5.6672249,0.4376813,-0.0725944,0.0038137,2.7034473,7.8143063,5.2786441,0.3811267,0.2910815,0.7315829,0.4845621
gait_20260920_035116_owner_phone_shake_1,owner_phone_shake_1,2533339275144014,2026-09-20T03:51:39.613119Z,2.1841104,9.3002768,5.3714662,0.4376813,-0.0725944,0.0038137,2.6993375,7.8391709,5.2437668,0.3822139,0.2928460,0.7308462,0.4837538
gait_20260920_035116_owner_phone_shake_1,owner_phone_shake_1,2533339285204846,2026-09-20T03:51:39.622731Z,2.0934300,9.2066031,5.1212721,0.4203612,0.0586884,-0.0194851,2.6920955,7.8624058,5.2126117,0.3830166,0.2946896,0.7302197,0.4829447
gait_20260920_035116_owner_phone_shake_1,owner_phone_shake_1,2533339295313447,2026-09-20T03:51:39.632842Z,1.9839702,9.2043591,4.8982372,0.4203612,0.0586884,-0.0194851,2.6803725,7.8852506,5.1840663,0.3835457,0.2965335,0.7297303,0.4821351
gait_20260920_035116_owner_phone_shake_1,owner_phone_shake_1,2533339305397635,2026-09-20T03:51:39.643421Z,1.9489551,9.2802248,4.8011227,0.3832730,0.1336976,-0.0537422,2.6640530,7.9098434,5.1549301,0.3838575,0.2985841,0.7292082,0.4814109
gait_20260920_035116_owner_phone_shake_1,owner_phone_shake_1,2533339315483003,2026-09-20T03:51:39.653094Z,2.0000563,9.3923788,4.8326960,0.3832730,0.1336976,-0.0537422,2.6522474,7.9314718,5.1277146,0.3841955,0.3005830,0.7286046,0.4808109
gait_20260920_035116_owner_phone_shake_1,owner_phone_shake_1,2533339325560233,2026-09-20T03:51:39.663151Z,2.1188686,9.4808893,4.9553242,0.3188224,0.0251474,-0.0774740,2.6444643,7.9505467,5.1021309,0.3847525,0.3020696,0.7279467,0.4804301
gait_20260920_035116_owner_phone_shake_1,owner_phone_shake_1,2533339335649913,2026-09-20T03:51:39.673264Z,2.2594531,9.5631151,5.2277393,0.3188224,0.0251474,-0.0774740,2.6356995,7.9685760,5.0784845,0.3853816,0.3033770,0.7271785,0.4802655
gait_20260920_035116_owner_phone_shake_1,owner_phone_shake_1,2533339345734346,2026-09-20T03:51:39.683385Z,2.3455694,9.6234188,5.5495353,0.2515073,-0.0143390,-0.1247211,2.6242521,7.9853802,5.0579762,0.3858963,0.3045682,0.7263950,0.4802839
gait_20260920_035116_owner_phone_shake_1,owner_phone_shake_1,2533339355818900,2026-09-20T03:51:39.693357Z,2.2922986,9.7345247,5.7819972,0.2515073,-0.0143390,-0.1247211,2.6083682,8.0021830,5.0396032,0.3862214,0.3057707,0.7256284,0.4804173
gait_20260920_035116_owner_phone_shake_1,owner_phone_shake_1,2533339365904349,2026-09-20T03:51:39.703360Z,2.2328176,9.9405012,6.0274777,0.2436466,0.0771742,-0.1822437,2.5858798,8.0203276,5.0223188,0.3862695,0.3071859,0.7249012,0.4805737
gait_20260920_035116_owner_phone_shake_1,owner_phone_shake_1,2533339375987479,2026-09-20T03:51:39.713467Z,2.2630444,10.1972790,6.2771478,0.2436466,0.0771742,-0.1822437,2.5585124,8.0399866,5.0048728,0.3860086,0.3089294,0.7242551,0.4806398
gait_20260920_035116_owner_phone_shake_1,owner_phone_shake_1,2533339386071952,2026-09-20T03:51:39.723530Z,2.2968624,10.4368486,6.4692078,0.2993040,0.1987810,-0.2085735,2.5283868,8.0615416,4.9854708,0.3856172,0.3109124,0.7236472,0.4805909
gait_20260920_035116_owner_phone_shake_1,owner_phone_shake_1,2533339396156221,2026-09-20T03:51:39.734742Z,2.3264906,10.6553202,6.4965167,0.2993040,0.1987810,-0.2085735,2.4941030,8.0865812,4.9621339,0.3851316,0.3132321,0.7230492,0.4803740
gait_20260920_035116_owner_phone_shake_1,owner_phone_shake_1,2533339406240327,2026-09-20T03:51:39.743923Z,2.3139212,10.9635735,6.4660654,0.4338842,0.3246845,-0.2416148,2.4545629,8.1163435,4.9331727,0.3845616,0.3160407,0.7223957,0.4799740
gait_20260920_035116_owner_phone_shake_1,owner_phone_shake_1,2533339416325247,2026-09-20T03:51:39.753874Z,2.2435915,11.3271179,6.4233437,0.4338842,0.3246845,-0.2416148,2.4108727,8.1506519,4.8980269,0.3839488,0.3193510,0.7216513,0.4793930
gait_20260920_035116_owner_phone_shake_1,owner_phone_shake_1,2533339426409069,2026-09-20T03:51:39.763834Z,2.1260512,11.6667204,6.5010056,0.5746930,0.3849883,-0.2904274,2.3648720,8.1881762,4.8577027,0.3834025,0.3230162,0.7207332,0.4787555
gait_20260920_035116_owner_phone_shake_1,owner_phone_shake_1,2533339436493501,2026-09-20T03:51:39.773899Z,2.1039796,11.9654722,6.8124018,0.5746930,0.3849883,-0.2904274,2.3182995,8.2281170,4.8124504,0.3829423,0.3269050,0.7196781,0.4780711
gait_20260920_035116_owner_phone_shake_1,owner_phone_shake_1,2533339446578136,2026-09-20T03:51:39.784426Z,2.2109704,12.1662111,7.3075523,0.6973156,0.3284816,-0.3170737,2.2744622,8.2707624,4.7599826,0.3827259,0.3308985,0.7184192,0.4773898
gait_20260920_035116_owner_phone_shake_1,owner_phone_shake_1,2533339456662405,2026-09-20T03:51:39.794188Z,2.4116344,12.1882076,7.6935425,0.6973156,0.3284816,-0.3170737,2.2349072,8.3181124,4.6957755,0.3829953,0.3350102,0.7168545,0.4766578
gait_20260920_035116_owner_phone_shake_1,owner_phone_shake_1,2533339466747977,2026-09-20T03:51:39.804171Z,2.5972600,12.1144361,7.8493156,0.9685078,0.2151851,-0.3323786,2.1961298,8.3733826,4.6151481,0.3838469,0.3394659,0.7149005,0.4757539
gait_20260920_035116_owner_phone_shake_1,owner_phone_shake_1,2533339476832083,2026-09-20T03:51:39.814396Z,2.7632082,11.9940529,7.7301292,0.9685078,0.2151851,-0.3323786,2.1539545,8.4384356,4.5154614,0.3851645,0.3447030,0.7124961,0.4745288
gait_20260920_035116_owner_phone_shake_1,owner_phone_shake_1,2533339486916515,2026-09-20T03:51:39.824354Z,2.8446858,11.8215952,7.3365073,1.3897184,0.2242948,-0.4060222,2.1071630,8.5128355,4.3963165,0.3868789,0.3508213,0.7096009,0.4729859
gait_20260920_035116_owner_phone_shake_1,owner_phone_shake_1,2533339496998953,2026-09-20T03:51:39.834421Z,2.7784710,11.6032743,6.8174891,1.3897184,0.2242948,-0.4060222,2.0540390,8.5947809,4.2599034,0.3888707,0.3578597,0.7062559,0.4710825
gait_20260920_035116_owner_phone_shake_1,owner_phone_shake_1,2533339507063488,2026-09-20T03:51:39.844866Z,2.6509051,11.3485909,6.3112655,1.7590021,0.3188557,-0.5031977,1.9941272,8.6817465,4.1093602,0.3909581,0.3657413,0.7025260,0.4688735
gait_20260920_035116_owner_phone_shake_1,owner_phone_shake_1,2533339517169770,2026-09-20T03:51:39.854847Z,2.5507226,11.0840321,5.8376622,1.7590021,0.3188557,-0.5031977,1.9303625,8.7713909,3.9462013,0.3930974,0.3742917,0.6984602,0.4664050
gait_20260920_035116_owner_phone_shake_1,owner_phone_shake_1,2533339527229178,2026-09-20T03:51:39.864983Z,2.4424598,10.8363810,5.3971291,2.0244153,0.3338442,-0.5716786,1.8656641,8.8627348,3.7692623,0.3954484,0.3832823,0.6940173,0.4637404
gait_20260920_035116_owner_phone_shake_1,owner_phone_shake_1,2533339537336925,2026-09-20T03:51:39.874844Z,2.2972364,10.5251350,4.9810619,2.0244153,0.3338442,-0.5716786,1.8008349,8.9537983,3.5808630,0.3981620,0.3925284,0.6890948,0.4610174
gait_20260920_035116_owner_phone_shake_1,owner_phone_shake_1,2533339547409231,2026-09-20T03:51:39.885621Z,2.2367082,10.1386213,4.5813799,2.2175007,0.2120542,-0.6462048,1.7344904,9.0441980,3.3808475,0.4012069,0.4019379,0.6836698,0.4583390
gait_20260920_035116_owner_phone_shake_1,owner_phone_shake_1,2533339557505626,2026-09-20T03:51:39.894992Z,2.1675007,9.6962929,4.2376623,2.2175007,0.2120542,-0.6462048,1.6671675,9.1316395,3.1732974,0.4045289,0.4114286,0.6777694,0.4557539
gait_20260920_035116_owner_phone_shake_1,owner_phone_shake_1,2533339567565075,2026-09-20T03:51:39.905010Z,2.0512323,9.1353760,3.9403322,2.3156755,0.0666822,-0.7329717,1.5972161,9.2155104,2.9596257,0.4080674,0.4209351,0.6714143,0.4533185
gait_20260920_035116_owner_phone_shake_1,owner_phone_shake_1,2533339577675833,2026-09-20T03:51:39.915583Z,1.8283471,8.4891663,3.5523219,2.3156755,0.0666822,-0.7329717,1.5407574,9.2796116,2.7840588,0.4112956,0.4291661,0.6655959,0.4512589
gait_20260920_035116_owner_phone_shake_1,owner_phone_shake_1,2533339587760061,2026-09-20T03:51:39.925140Z,1.5222634,7.7946978,3.0461729,2.3544126,0.0176032,-0.8453355,1.4594762,9.3557758,2.5642743,0.4145424,0.4379904,0.6591440,0.4492752
gait_20260920_035116_owner_phone_shake_1,owner_phone_shake_1,2533339597844493,2026-09-20T03:51:39.935691Z,1.1742811,7.0842185,2.4996214,2.3544126,0.0176032,-0.8453355,1.3724298,9.4268789,2.3423309,0.4177681,0.4476639,0.6519670,0.4472201
gait_20260920_035116_owner_phone_shake_1,owner_phone_shake_1,2533339607927746,2026-09-20T03:51:39.945779Z,0.7760954,6.4275336,1.9166332,2.3648710,0.0391533,-0.9230927,1.2822608,9.4921083,2.1193883,0.4207937,0.4573986,0.6446246,0.4451724
gait_20260920_035116_owner_phone_shake_1,owner_phone_shake_1,2533339618012869,2026-09-20T03:51:39.955428Z,0.3987094,5.8082585,1.2691513,2.3648710,0.0391533,-0.9230927,1.1914670,9.5507269,1.8974017,0.4236936,0.4670318,0.6371745,0.4431408
gait_20260920_035116_owner_phone_shake_1,owner_phone_shake_1,2533339628075165,2026-09-20T03:51:39.965465Z,0.0299275,5.2179379,0.5877017,2.2828672,0.0698798,-0.9007098,1.1018555,9.6021872,1.6793023,0.4264209,0.4764857,0.6297712,0.4410385
gait_20260920_035116_owner_phone_shake_1,owner_phone_shake_1,2533339638155447,2026-09-20T03:51:39.975904Z,-0.3424457,4.7200189,-0.1199345,2.2828672,0.0698798,-0.9007098,1.0151384,9.6460238,1.4696345,0.4288390,0.4857039,0.6226259,0.4387777
gait_20260920_035116_owner_phone_shake_1,owner_phone_shake_1,2533339648266613,2026-09-20T03:51:39.985774Z,-0.7246949,4.2784386,-0.8082675,2.0469980,0.2035440,-0.7838160,0.9328035,9.6824121,1.2715777,0.4308389,0.4945875,0.6159362,0.4363299
gait_20260920_035116_owner_phone_shake_1,owner_phone_shake_1,2533339658349254,2026-09-20T03:51:39.995939Z,-1.0822539,3.9025488,-1.4917372,2.0469980,0.2035440,-0.7838160,0.8570761,9.7115898,1.0892925,0.4323670,0.5029999,0.6098695,0.4337153
gait_20260920_035116_owner_phone_shake_1,owner_phone_shake_1,2533339668434947,2026-09-20T03:51:40.005926Z,-1.2468554,3.5725231,-2.0714333,1.6359130,0.3811080,-0.5855846,0.7909675,9.7338915,0.9283461,0.4333771,0.5107847,0.6046144,0.4309580
gait_20260920_035116_owner_phone_shake_1,owner_phone_shake_1,2533339678527436,2026-09-20T03:51:40.016322Z,-1.2479029,3.3042977,-2.4349031,1.6359130,0.3811080,-0.5855846,0.7369571,9.7501078,0.7927328,0.4338575,0.5177509,0.6003660,0.4280914
gait_20260920_035116_owner_phone_shake_1,owner_phone_shake_1,2533339688577281,2026-09-20T03:51:40.026210Z,-1.0369138,3.0836570,-2.4848821,1.0838695,0.5017155,-0.3371916,0.6968116,9.7612362,0.6847037,0.4338931,0.5236863,0.5972024,0.4252515
gait_20260920_035116_owner_phone_shake_1,owner_phone_shake_1,2533339698687429,2026-09-20T03:51:40.036052Z,-0.7403321,2.9290066,-2.3151183,1.0838695,0.5017155,-0.3371916,0.6701438,9.7684536,0.6036151,0.4337049,0.5284054,0.5950217,0.4226549
gait_20260920_035116_owner_phone_shake_1,owner_phone_shake_1,2533339708772350,2026-09-20T03:51:40.046240Z,-0.4835539,2.7929859,-2.0210803,0.5654167,0.4180130,-0.1305500,0.6535369,9.7730694,0.5441694,0.4334785,0.5319335,0.5936045,0.4204485
gait_20260920_035116_owner_phone_shake_1,owner_phone_shake_1,2533339718838675,2026-09-20T03:51:40.056245Z,-0.4702362,2.6691608,-1.6863410,0.5654167,0.4180130,-0.1305500,0.6403707,9.7762184,0.5015911,0.4332080,0.5345644,0.5926975,0.4186664
gait_20260920_035116_owner_phone_shake_1,owner_phone_shake_1,2533339728940074,2026-09-20T03:51:40.066345Z,-0.8150761,2.4910920,-1.3426982,0.2387337,0.3338775,-0.0977251,0.6223987,9.7788067,0.4729339,0.4326754,0.5366764,0.5921007,0.4173576
gait_20260920_035116_owner_phone_shake_1,owner_phone_shake_1,2533339739024303,2026-09-20T03:51:40.076644Z,-0.9299977,2.5594764,-1.5003414,0.2387337,0.3338775,-0.0977251,0.6036105,9.7808142,0.4554583,0.4317117,0.5385232,0.5917509,0.4164718
gait_20260920_035116_owner_phone_shake_1,owner_phone_shake_1,2533339749083426,2026-09-20T03:51:40.086915Z,-0.9031377,2.2074540,-1.7589900,0.0153549,0.4296208,0.0055957,0.5967204,9.7816324,0.4468770,0.4305122,0.5401009,0.5919371,0.4154044
gait_20260920_035116_owner_phone_shake_1,owner_phone_shake_1,2533339759167735,2026-09-20T03:51:40.097947Z,-1.1755531,1.8710686,-1.9874867,0.0153549,0.4296208,0.0055957,0.6011192,9.7812033,0.4503912,0.4291719,0.5413204,0.5929219,0.4137964
gait_20260920_035116_owner_phone_shake_1,owner_phone_shake_1,2533339769251679,2026-09-20T03:51:40.106539Z,-1.8022354,1.9065328,-2.1086931,-0.3124772,0.5931954,0.1930687,0.6080453,9.7796173,0.4748623,0.4274390,0.5420864,0.5946665,0.4120802
gait_20260920_035116_owner_phone_shake_1,owner_phone_shake_1,2533339779361827,2026-09-20T03:51:40.116900Z,-2.0532525,1.9469349,-2.0059669,-0.3124772,0.5931954,0.1930687,0.6186372,9.7762060,0.5284070,0.4251075,0.5421311,0.5972130,0.4107483
gait_20260920_035116_owner_phone_shake_1,owner_phone_shake_1,2533339789420380,2026-09-20T03:51:40.126787Z,-1.3941736,1.7996914,-1.9580081,-0.8582423,0.7302404,0.4092697,0.6452049,9.7695122,0.6135554,0.4221546,0.5411619,0.6009800,0.4095757
gait_20260920_035116_owner_phone_shake_1,owner_phone_shake_1,2533339799530446,2026-09-20T03:51:40.137439Z,-0.7148188,1.7235260,-1.7264439,-0.8582423,0.7302404,0.4092697,0.6934819,9.7581797,0.7301611,0.4189418,0.5389132,0.6061775,0.4081779
gait_20260920_035116_owner_phone_shake_1,owner_phone_shake_1,2533339809615855,2026-09-20T03:51:40.147423Z,-0.3235165,1.9087025,-1.3834745,-1.5296779,0.6461549,0.7221799,0.7597875,9.7407780,0.8809637,0.4157936,0.5350127,0.6125559,0.4070040
gait_20260920_035116_owner_phone_shake_1,owner_phone_shake_1,2533339819699067,2026-09-20T03:51:40.157417Z,-0.0095768,2.3412299,-0.8738088,-1.5296779,0.6461549,0.7221799,0.8377958,9.7162018,1.0628444,0.4130023,0.5292115,0.6196117,0.4067502
gait_20260920_035116_owner_phone_shake_1,owner_phone_shake_1,2533339829783661,2026-09-20T03:51:40.167467Z,0.3442413,2.9122472,0.0228197,-2.1148961,0.0986744,0.8686343,0.9249050,9.6829967,1.2728945,0.4106752,0.5215040,0.6270026,0.4077343
gait_20260920_035116_owner_phone_shake_1,owner_phone_shake_1,2533339839868459,2026-09-20T03:51:40.177275Z,0.4444985,3.5315223,0.7797616,-2.1148961,0.0986744,0.8686343,1.0170882,9.6406918,1.5029099,0.4090019,0.5118952,0.6343656,0.4101963
gait_20260920_035116_owner_phone_shake_1,owner_phone_shake_1,2533339849952525,2026-09-20T03:51:40.187704Z,0.4266916,3.9811833,1.8879777,-2.4550188,-0.6232890,0.8347270,1.1094452,9.5901489,1.7419201,0.4079769,0.5008894,0.6412339,0.4141058
gait_20260920_035116_owner_phone_shake_1,owner_phone_shake_1,2533339860014293,2026-09-20T03:51:40.197291Z,0.3961655,4.4269538,2.9833250,-2.4550188,-0.6232890,0.8347270,1.2033465,9.5311489,1.9862665,0.4074398,0.4888639,0.6475324,0.4191739
gait_20260920_035116_owner_phone_shake_1,owner_phone_shake_1,2533339870095672,2026-09-20T03:51:40.207263Z,0.7178864,4.6734819,3.7059250,-2.6268370,-1.0656834,0.7940249,1.3020084,9.4626312,2.2359607,0.4072104,0.4760252,0.6534451,0.4249579
gait_20260920_035116_owner_phone_shake_1,owner_phone_shake_1,2533339880199392,2026-09-20T03:51:40.217536Z,1.1801170,4.8716021,4.9693899,-2.6268370,-1.0656834,0.7940249,1.4116524,9.3822203,2.4934540,0.4067871,0.4626149,0.6595754,0.4306647
gait_20260920_035116_owner_phone_shake_1,owner_phone_shake_1,2533339890284231,2026-09-20T03:51:40.228079Z,1.3111995,5.4707508,5.7302971,-2.8006039,-0.9992010,0.9503717,1.5310689,9.2887840,2.7587037,0.4060709,0.4486026,0.6661916,0.4359484
gait_20260920_035116_owner_phone_shake_1,owner_phone_shake_1,2533339900354299,2026-09-20T03:51:40.239562Z,1.7923592,6.1919293,6.2954040,-2.8006039,-0.9992010,0.9503717,1.6540949,9.1828003,3.0292368,0.4045906,0.4346095,0.6735092,0.4402345
gait_20260920_035116_owner_phone_shake_1,owner_phone_shake_1,2533339910433807,2026-09-20T03:51:40.250705Z,2.2806268,7.1891890,6.6551328,-2.9099867,-0.1795457,1.2301407,1.6540949,9.1828003,3.0292368,0.4045906,0.4346095,0.6735092,0.4402345
gait_20260920_035116_owner_phone_shake_1,owner_phone_shake_1,2533339920521983,2026-09-20T03:51:40.258171Z,2.8003182,8.5609169,7.2373724,-2.9099867,-0.1795457,1.2301407,1.8170273,8.5722980,4.4102402,0.3991086,0.4173742,0.6849325,0.4442730
gait_20260920_035116_owner_phone_shake_1,owner_phone_shake_1,2533339930627248,2026-09-20T03:51:40.268272Z,3.2118216,9.8550577,7.9306436,-3.0438342,0.5376214,1.4246750,1.9635360,8.3198776,4.8125138,0.3608658,0.3528479,0.7296588,0.4613809
gait_20260920_035116_owner_phone_shake_1,owner_phone_shake_1,2533339940711354,2026-09-20T03:51:40.278844Z,3.6154690,10.9940996,8.7150440,-3.0438342,0.5376214,1.4246750,1.9635360,8.3198776,4.8125138,0.3608658,0.3528479,0.7296588,0.4613809
gait_20260920_035116_owner_phone_shake_1,owner_phone_shake_1,2533339950795624,2026-09-20T03:51:40.288212Z,3.9974191,12.1020908,9.5231619,-2.9596987,0.6344971,1.3976457,2.1292710,7.9478965,5.3416529,0.3464024,0.3282710,0.7494253,0.4589176
gait_20260920_035116_owner_phone_shake_1,owner_phone_shake_1,2533339960880341,2026-09-20T03:51:40.298392Z,4.1805754,12.9634800,10.0923080,-2.9596987,0.6344971,1.3976457,2.1292710,7.9478965,5.3416529,0.3464024,0.3282710,0.7494253,0.4589176
gait_20260920_035116_owner_phone_shake_1,owner_phone_shake_1,2533339970965546,2026-09-20T03:51:40.308462Z,4.2877159,13.4226427,10.3058414,-2.5326259,0.1654399,1.0694472,2.2796075,7.5899997,5.7819891,0.3350394,0.3050651,0.7649109,0.4578158
gait_20260920_035116_owner_phone_shake_1,owner_phone_shake_1,2533339981049326,2026-09-20T03:51:40.318856Z,4.2181344,13.6750813,10.5097971,-2.5326259,0.1654399,1.0694472,2.2796075,7.5899997,5.7819891,0.3350394,0.3050651,0.7649109,0.4578158
gait_20260920_035116_owner_phone_shake_1,owner_phone_shake_1,2533339991134043,2026-09-20T03:51:40.328894Z,4.1354599,13.6732855,10.8538141,-2.0862679,-0.2780702,0.6444895,2.4154196,7.2914953,6.1021276,0.3285494,0.2847124,0.7743714,0.4597206
gait_20260920_035116_owner_phone_shake_1,owner_phone_shake_1,2533340001192068,2026-09-20T03:51:40.339256Z,4.1723452,13.4688063,11.3312330,-2.0862679,-0.2780702,0.6444895,2.4154196,7.2914953,6.1021276,0.3285494,0.2847124,0.7743714,0.4597206
gait_20260920_035116_owner_phone_shake_1,owner_phone_shake_1,2533340011302012,2026-09-20T03:51:40.348612Z,4.2229977,13.1805296,11.7122850,-1.8667529,-0.2834495,0.3770777,2.5249331,7.0296474,6.3596296,0.3237707,0.2665742,0.7804912,0.4636211
gait_20260920_035116_owner_phone_shake_1,owner_phone_shake_1,2533340021386322,2026-09-20T03:51:40.359389Z,4.0253263,12.8831244,11.7969799,-1.8667529,-0.2834495,0.3770777,2.5249331,7.0296474,6.3596296,0.3237707,0.2665742,0.7804912,0.4636211
gait_20260920_035116_owner_phone_shake_1,owner_phone_shake_1,2533340031470795,2026-09-20T03:51:40.369079Z,3.5739446,12.5477867,11.5006227,-1.6028551,0.1655565,0.1960498,2.5600064,6.7945380,6.5967221,0.3164911,0.2522750,0.7860405,0.4672591
gait_20260920_035116_owner_phone_shake_1,owner_phone_shake_1,2533340041552012,2026-09-20T03:51:40.379214Z,3.1236103,12.1341887,10.9060373,-1.6028551,0.1655565,0.1960498,2.5600064,6.7945380,6.5967221,0.3164911,0.2522750,0.7860405,0.4672591
gait_20260920_035116_owner_phone_shake_1,owner_phone_shake_1,2533340051631317,2026-09-20T03:51:40.389440Z,2.6366146,11.6222029,10.1154270,-1.2097230,0.6190590,0.0931953,2.5052888,6.6077771,6.8041830,0.3063436,0.2436962,0.7915231,0.4693154
gait_20260920_035116_owner_phone_shake_1,owner_phone_shake_1,2533340061722951,2026-09-20T03:51:40.399694Z,2.1914427,11.0740805,9.1534824,-1.2097230,0.6190590,0.0931953,2.5052888,6.6077771,6.8041830,0.3063436,0.2436962,0.7915231,0.4693154
gait_20260920_035116_owner_phone_shake_1,owner_phone_shake_1,2533340071809214,2026-09-20T03:51:40.409622Z,1.8975545,10.5724955,8.0927763,-0.7669789,0.8270162,0.0868501,2.4024506,6.4797425,6.9625630,0.2957966,0.2401281,0.7965062,0.4694900
gait_20260920_035116_owner_phone_shake_1,owner_phone_shake_1,2533340081869557,2026-09-20T03:51:40.419982Z,1.6912042,10.1045036,7.1282868,-0.7669789,0.8270162,0.0868501,2.4024506,6.4797425,6.9625630,0.2957966,0.2401281,0.7965062,0.4694900
gait_20260920_035116_owner_phone_shake_1,owner_phone_shake_1,2533340091976898,2026-09-20T03:51:40.429612Z,1.4909143,9.7049713,6.3200941,-0.4424942,0.7686443,0.1370616,2.3004870,6.4036007,7.0666661,0.2870507,0.2396815,0.8007022,0.4680073
gait_20260920_035116_owner_phone_shake_1,owner_phone_shake_1,2533340102061411,2026-09-20T03:51:40.439739Z,1.4251486,9.3978405,5.7005196,-0.4424942,0.7686443,0.1370616,2.3004870,6.4036007,7.0666661,0.2870507,0.2396815,0.8007022,0.4680073
gait_20260920_035116_owner_phone_shake_1,owner_phone_shake_1,2533340112145559,2026-09-20T03:51:40.449884Z,1.5341595,9.1741323,5.4909520,-0.3610400,0.5793893,0.1787797,2.2273085,6.3486075,7.1393547,0.2805481,0.2396423,0.8041838,0.4659967
gait_20260920_035116_owner_phone_shake_1,owner_phone_shake_1,2533340122226653,2026-09-20T03:51:40.459918Z,1.7985692,8.9656868,5.7270799,-0.3610400,0.5793893,0.1787797,2.2273085,6.3486075,7.1393547,0.2805481,0.2396423,0.8041838,0.4659967
gait_20260920_035116_owner_phone_shake_1,owner_phone_shake_1,2533340132312591,2026-09-20T03:51:40.470183Z,2.0458453,8.7398090,6.1614032,-0.4806650,0.2774707,0.1792293,2.1972327,6.2802796,7.2087698,0.2760186,0.2375065,0.8071195,0.4647177
gait_20260920_035116_owner_phone_shake_1,owner_phone_shake_1,2533340142398732,2026-09-20T03:51:40.480108Z,2.0999393,8.5303907,6.5696893,-0.4806650,0.2774707,0.1792293,2.1972327,6.2802796,7.2087698,0.2760186,0.2375065,0.8071195,0.4647177
gait_20260920_035116_owner_phone_shake_1,owner_phone_shake_1,2533340152483041,2026-09-20T03:51:40.490476Z,2.0021513,8.3827734,6.8626800,-0.5530262,0.1570463,0.0828199,2.1892366,6.1964202,7.2833877,0.2724774,0.2335562,0.8094330,0.4647858
gait_20260920_035116_owner_phone_shake_1,owner_phone_shake_1,2533340162567921,2026-09-20T03:51:40.500798Z,1.8113632,8.3259115,7.1414547,-0.5530262,0.1570463,0.0828199,2.1892366,6.1964202,7.2833877,0.2724774,0.2335562,0.8094330,0.4647858
gait_20260920_035116_owner_phone_shake_1,owner_phone_shake_1,2533340172651825,2026-09-20T03:51:40.510388Z,1.6499791,8.3208237,7.6245599,-0.5768080,0.1640576,-0.0147221,2.1675982,6.1138005,7.3592854,0.2686430,0.2296847,0.8111618,0.4659319
gait_20260920_035116_owner_phone_shake_1,owner_phone_shake_1,2533340182736297,2026-09-20T03:51:40.520756Z,1.7421558,8.2417402,8.0568628,-0.5768080,0.1640576,-0.0147221,2.1675982,6.1138005,7.3592854,0.2686430,0.2296847,0.8111618,0.4659319
gait_20260920_035116_owner_phone_shake_1,owner_phone_shake_1,2533340192795664,2026-09-20T03:51:40.531239Z,1.9655647,8.2591724,8.3385553,-0.5357395,0.2530894,0.0619858,2.1355519,6.0291109,7.4381008,0.2641965,0.2260682,0.8130800,0.4668985
gait_20260920_035116_owner_phone_shake_1,owner_phone_shake_1,2533340202905120,2026-09-20T03:51:40.540837Z,2.1366005,8.5704193,8.6200991,-0.5357395,0.2530894,0.0619858,2.1355519,6.0291109,7.4381008,0.2641965,0.2260682,0.8130800,0.4668985
gait_20260920_035116_owner_phone_shake_1,owner_phone_shake_1,2533340212989512,2026-09-20T03:51:40.550442Z,2.4769514,8.9256592,8.7659206,-0.3252841,0.3056158,0.2366686,2.1108251,5.9599943,7.5005999,0.2601553,0.2236934,0.8156621,0.4658066
gait_20260920_035116_owner_phone_shake_1,owner_phone_shake_1,2533340223073984,2026-09-20T03:51:40.560886Z,2.8166287,9.3190556,8.8495684,-0.3252841,0.3056158,0.2366686,2.1108251,5.9599943,7.5005999,0.2601553,0.2236934,0.8156621,0.4658066
gait_20260920_035116_owner_phone_shake_1,owner_phone_shake_1,2533340233158050,2026-09-20T03:51:40.570712Z,3.0327802,9.6907558,8.8450041,-0.0174533,0.3047664,0.3117445,2.1018112,5.9295893,7.5271826,0.2577787,0.2234111,0.8182324,0.4627456
gait_20260920_035116_owner_phone_shake_1,owner_phone_shake_1,2533340243242848,2026-09-20T03:51:40.581063Z,3.0345759,9.8993511,8.6247377,-0.0174533,0.3047664,0.3117445,2.1018112,5.9295893,7.5271826,0.2577787,0.2234111,0.8182324,0.4627456
gait_20260920_035116_owner_phone_shake_1,owner_phone_shake_1,2533340253327158,2026-09-20T03:51:40.590968Z,2.6575639,10.0429277,8.2908211,0.2805683,0.3713321,0.1492190,2.0801306,5.9512782,7.5160789,0.2565747,0.2260407,0.8196886,0.4595495
gait_20260920_035116_owner_phone_shake_1,owner_phone_shake_1,2533340263411142,2026-09-20T03:51:40.601378Z,2.1760302,10.2616234,7.8875480,0.2805683,0.3713321,0.1492190,2.0801306,5.9512782,7.5160789,0.2565747,0.2260407,0.8196886,0.4595495
gait_20260920_035116_owner_phone_shake_1,owner_phone_shake_1,2533340273496632,2026-09-20T03:51:40.611653Z,1.9587562,10.3561192,7.4277115,0.3995105,0.5264799,-0.0548247,2.0069673,6.0141392,7.4858747,0.2545327,0.2316730,0.8199062,0.4574870
gait_20260920_035116_owner_phone_shake_1,owner_phone_shake_1,2533340283579762,2026-09-20T03:51:40.621068Z,1.9646670,10.3805857,7.1279874,0.3995105,0.5264799,-0.0548247,2.0069673,6.0141392,7.4858747,0.2545327,0.2316730,0.8199062,0.4574870
gait_20260920_035116_owner_phone_shake_1,owner_phone_shake_1,2533340293664519,2026-09-20T03:51:40.631405Z,2.0604351,10.4582472,7.0941691,0.2877295,0.7503917,-0.1116977,1.8916601,6.0738225,7.4676919,0.2503733,0.2381020,0.8202531,0.4558569
gait_20260920_035116_owner_phone_shake_1,owner_phone_shake_1,2533340303748748,2026-09-20T03:51:40.641674Z,2.1478233,10.5409966,7.2225585,0.2877295,0.7503917,-0.1116977,1.8916601,6.0738225,7.4676919,0.2503733,0.2381020,0.8202531,0.4558569
gait_20260920_035116_owner_phone_shake_1,owner_phone_shake_1,2533340313833750,2026-09-20T03:51:40.651531Z,2.0758476,10.6620531,7.4269633,0.1277021,0.9365323,-0.1288013,1.7404239,6.1056128,7.4785380,0.2434358,0.2440440,0.8214841,0.4542524
gait_20260920_035116_owner_phone_shake_1,owner_phone_shake_1,2533340323918385,2026-09-20T03:51:40.661689Z,1.9755905,10.6852474,7.7303534,0.1277021,0.9365323,-0.1288013,1.7404239,6.1056128,7.4785380,0.2434358,0.2440440,0.8214841,0.4542524
gait_20260920_035116_owner_phone_shake_1,owner_phone_shake_1,2533340333999195,2026-09-20T03:51:40.671625Z,1.8895489,10.6225491,8.0508776,0.1312661,0.9849286,-0.1205077,1.5738058,6.1261749,7.4986148,0.2353336,0.2498092,0.8230338,0.4525802
gait_20260920_035116_owner_phone_shake_1,owner_phone_shake_1,2533340344086598,2026-09-20T03:51:40.682070Z,1.8531121,10.5393505,8.2751837,0.1312661,0.9849286,-0.1205077,1.5738058,6.1261749,7.4986148,0.2353336,0.2498092,0.8230338,0.4525802
gait_20260920_035116_owner_phone_shake_1,owner_phone_shake_1,2533340354170989,2026-09-20T03:51:40.691804Z,1.9146131,10.4260750,8.3489552,0.4310364,0.8120444,-0.0984246,1.4245353,6.1750340,7.4883757,0.2289464,0.2566780,0.8239101,0.4504132
gait_20260920_035116_owner_phone_shake_1,owner_phone_shake_1,2533340364255298,2026-09-20T03:51:40.702058Z,1.9741689,10.2132158,8.2104654,0.4310364,0.8120444,-0.0984246,1.4245353,6.1750340,7.4883757,0.2289464,0.2566780,0.8239101,0.4504132
gait_20260920_035116_owner_phone_shake_1,owner_phone_shake_1,2533340374339731,2026-09-20T03:51:40.712344Z,1.9827731,9.8768301,7.8544779,0.9168807,0.4890752,-0.1090331,1.3232901,6.2923985,7.4088283,0.2272409,0.2659119,0.8227982,0.4479459
gait_20260920_035116_owner_phone_shake_1,owner_phone_shake_1,2533340384423756,2026-09-20T03:51:40.722334Z,2.0156186,9.4883709,7.1478143,0.9168807,0.4890752,-0.1090331,1.3232901,6.2923985,7.4088283,0.2272409,0.2659119,0.8227982,0.4479459
gait_20260920_035116_owner_phone_shake_1,owner_phone_shake_1,2533340394508595,2026-09-20T03:51:40.732334Z,1.9437925,9.1866264,6.2508116,1.3935488,0.3005697,-0.1428072,1.2570956,6.4843435,7.2532129,0.2298522,0.2782823,0.8194929,0.4451499
gait_20260920_035116_owner_phone_shake_1,owner_phone_shake_1,2533340404592823,2026-09-20T03:51:40.742595Z,1.7093852,8.9135380,5.3654809,1.3935488,0.3005697,-0.1428072,1.2570956,6.4843435,7.2532129,0.2298522,0.2782823,0.8194929,0.4451499
gait_20260920_035116_owner_phone_shake_1,owner_phone_shake_1,2533340414677255,2026-09-20T03:51:40.752417Z,1.5353566,8.6215200,4.5536966,1.5957272,0.2267929,-0.1752990,1.2014997,6.7197437,7.0453916,0.2346539,0.2929112,0.8146465,0.4421444
gait_20260920_035116_owner_phone_shake_1,owner_phone_shake_1,2533340424761809,2026-09-20T03:51:40.762155Z,1.4077158,8.2853594,3.7616649,1.5957272,0.2267929,-0.1752990,1.2014997,6.7197437,7.0453916,0.2346539,0.2929112,0.8146465,0.4421444
gait_20260920_035116_owner_phone_shake_1,owner_phone_shake_1,2533340434846160,2026-09-20T03:51:40.774507Z,1.1822867,8.0067339,3.1164277,1.4718388,0.2683111,-0.1732839,1.2061330,7.1835575,6.5709853,0.2499175,0.3202389,0.8039326,0.4343739
gait_20260920_035116_owner_phone_shake_1,owner_phone_shake_1,2533340444930591,2026-09-20T03:51:40.782775Z,1.0099041,7.6936922,2.5471313,1.4718388,0.2683111,-0.1732839,1.2061330,7.1835575,6.5709853,0.2499175,0.3202389,0.8039326,0.4343739
gait_20260920_035116_owner_phone_shake_1,owner_phone_shake_1,2533340455014739,2026-09-20T03:51:40.792855Z,0.9072528,7.3128648,2.0790648,1.1385609,0.3391401,-0.1373281,1.1412567,7.3545785,6.3909183,0.2523913,0.3323893,0.7998562,0.4313306
gait_20260920_035116_owner_phone_shake_1,owner_phone_shake_1,2533340465099171,2026-09-20T03:51:40.802900Z,0.8199393,6.8332014,1.7797148,1.1385609,0.3391401,-0.1373281,1.1412567,7.3545785,6.3909183,0.2523913,0.3323893,0.7998562,0.4313306
gait_20260920_035116_owner_phone_shake_1,owner_phone_shake_1,2533340475180917,2026-09-20T03:51:40.813009Z,0.6413468,6.3679032,1.5476270,0.7321723,0.3067316,-0.0742098,1.0849032,7.4686470,6.2672496,0.2531922,0.3411398,0.7973337,0.4286914
gait_20260920_035116_owner_phone_shake_1,owner_phone_shake_1,2533340485267546,2026-09-20T03:51:40.823106Z,0.4245219,5.8704329,1.3210008,0.7321723,0.3067316,-0.0742098,1.0849032,7.4686470,6.2672496,0.2531922,0.3411398,0.7973337,0.4286914
gait_20260920_035116_owner_phone_shake_1,owner_phone_shake_1,2533340495352385,2026-09-20T03:51:40.833273Z,0.3571101,5.3837366,1.0780641,0.3765281,0.3226860,-0.0298438,1.0410646,7.5318680,6.1986494,0.2527981,0.3465096,0.7961838,0.4267499
gait_20260920_035116_owner_phone_shake_1,owner_phone_shake_1,2533340505436492,2026-09-20T03:51:40.843459Z,0.6379051,4.9964743,0.8802432,0.3765281,0.3226860,-0.0298438,1.0410646,7.5318680,6.1986494,0.2527981,0.3465096,0.7961838,0.4267499
gait_20260920_035116_owner_phone_shake_1,owner_phone_shake_1,2533340515495695,2026-09-20T03:51:40.853690Z,1.1296891,4.7228622,0.7190087,0.0645505,0.4814144,0.0288113,0.9906099,7.5543795,6.1794949,0.2502571,0.3497426,0.7966609,0.4247152
gait_20260920_035116_owner_phone_shake_1,owner_phone_shake_1,2533340525606332,2026-09-20T03:51:40.863572Z,1.1801170,4.4570308,0.3668366,0.0645505,0.4814144,0.0288113,0.9906099,7.5543795,6.1794949,0.2502571,0.3497426,0.7966609,0.4247152
gait_20260920_035116_owner_phone_shake_1,owner_phone_shake_1,2533340535689666,2026-09-20T03:51:40.874112Z,0.7871686,4.1640406,-0.2323124,-0.2342205,0.7108552,0.0092096,0.9185014,7.5382943,6.2102003,0.2448634,0.3513141,0.7988002,0.4225383
gait_20260920_035116_owner_phone_shake_1,owner_phone_shake_1,2533340545774422,2026-09-20T03:51:40.883869Z,0.2466028,3.8688803,-0.7327005,-0.2342205,0.7108552,0.0092096,0.9185014,7.5382943,6.2102003,0.2448634,0.3513141,0.7988002,0.4225383
gait_20260920_035116_owner_phone_shake_1,owner_phone_shake_1,2533340555858570,2026-09-20T03:51:40.894187Z,-0.2821417,3.5050364,-0.9032874,-0.5295109,0.8243683,-0.0045465,0.8074797,7.4885330,6.2853761,0.2361576,0.3518132,0.8022363,0.4205641
gait_20260920_035116_owner_phone_shake_1,owner_phone_shake_1,2533340565943368,2026-09-20T03:51:40.903962Z,-0.5771523,3.1599722,-0.7442226,-0.5295109,0.8243683,-0.0045465,0.8074797,7.4885330,6.2853761,0.2361576,0.3518132,0.8022363,0.4205641
gait_20260920_035116_owner_phone_shake_1,owner_phone_shake_1,2533340576019947,2026-09-20T03:51:40.914038Z,-0.6929718,2.7890205,-0.4399346,-0.8457852,0.3021351,0.0939447,0.7442515,7.3968697,6.4006653,0.2288164,0.3482918,0.8062815,0.4198168
gait_20260920_035116_owner_phone_shake_1,owner_phone_shake_1,2533340586111743,2026-09-20T03:51:40.924373Z,-0.5800702,2.4245782,0.0733224,-0.8457852,0.3021351,0.0939447,0.7442515,7.3968697,6.4006653,0.2288164,0.3482918,0.8062815,0.4198168
gait_20260920_035116_owner_phone_shake_1,owner_phone_shake_1,2533340596197193,2026-09-20T03:51:40.934011Z,-0.1922095,2.0378397,0.6969371,-1.1741003,-0.3788597,0.1683876,0.7881535,7.2598052,6.5505843,0.2263206,0.3388289,0.8101053,0.4215490
gait_20260920_035116_owner_phone_shake_1,owner_phone_shake_1,2533340606280567,2026-09-20T03:51:40.944138Z,0.2943372,1.6969652,1.5245079,-1.1741003,-0.3788597,0.1683876,0.7881535,7.2598052,6.5505843,0.2263206,0.3388289,0.8101053,0.4215490
gait_20260920_035116_owner_phone_shake_1,owner_phone_shake_1,2533340616364958,2026-09-20T03:51:40.954168Z,0.6980594,1.4628572,2.5705497,-1.5175704,-0.9475572,0.1995637,0.9216663,7.0687227,6.7394209,0.2274112,0.3235652,0.8138338,0.4257517
gait_20260920_035116_owner_phone_shake_1,owner_phone_shake_1,2533340626449309,2026-09-20T03:51:40.964545Z,0.8532336,1.2190228,3.6415808,-1.5175704,-0.9475572,0.1995637,0.9216663,7.0687227,6.7394209,0.2274112,0.3235652,0.8138338,0.4257517
gait_20260920_035116_owner_phone_shake_1,owner_phone_shake_1,2533340636533700,2026-09-20T03:51:40.973955Z,0.9932944,0.9336638,4.8178821,-1.7370356,-1.3462018,0.1823436,1.1257373,6.8265438,6.9546475,0.2310865,0.3034031,0.8171768,0.4321662
gait_20260920_035116_owner_phone_shake_1,owner_phone_shake_1,2533340646618702,2026-09-20T03:51:40.984325Z,1.0150667,0.5893477,5.8483615,-1.7370356,-1.3462018,0.1823436,1.1257373,6.8265438,6.9546475,0.2310865,0.3034031,0.8171768,0.4321662
gait_20260920_035116_owner_phone_shake_1,owner_phone_shake_1,2533340656702604,2026-09-20T03:51:40.994629Z,1.0213515,0.1169418,6.7273326,-1.6920367,-1.3566271,0.1223562,1.3483258,6.5705771,7.1586061,0.2354646,0.2821890,0.8197370,0.4392686
gait_20260920_035116_owner_phone_shake_1,owner_phone_shake_1,2533340666786874,2026-09-20T03:51:41.004654Z,0.9673323,-0.3118448,7.3632178,-1.6920367,-1.3566271,0.1223562,1.3483258,6.5705771,7.1586061,0.2354646,0.2821890,0.8197370,0.4392686
gait_20260920_035116_owner_phone_shake_1,owner_phone_shake_1,2533340676871387,2026-09-20T03:51:41.014901Z,0.7168390,-0.5547814,7.7935004,-1.5350071,-0.9960201,0.0562735,1.5279096,6.3322892,7.3351016,0.2380994,0.2634392,0.8217039,0.4457703
gait_20260920_035116_owner_phone_shake_1,owner_phone_shake_1,2533340686947233,2026-09-20T03:51:41.024713Z,0.4687398,-0.5006126,8.0773630,-1.5350071,-0.9960201,0.0562735,1.5279096,6.3322892,7.3351016,0.2380994,0.2634392,0.8217039,0.4457703
gait_20260920_035116_owner_phone_shake_1,owner_phone_shake_1,2533340697041553,2026-09-20T03:51:41.034901Z,0.4346224,-0.2445078,8.3282309,-1.5071950,-0.3692837,0.1464378,1.6244003,6.1024013,7.5072055,0.2362144,0.2480542,0.8246407,0.4501552
gait_20260920_035116_owner_phone_shake_1,owner_phone_shake_1,2533340707099333,2026-09-20T03:51:41.045148Z,0.3031658,0.0395043,8.8204632,-1.5071950,-0.3692837,0.1464378,1.6244003,6.1024013,7.5072055,0.2362144,0.2480542,0.8246407,0.4501552
gait_20260920_035116_owner_phone_shake_1,owner_phone_shake_1,2533340717208830,2026-09-20T03:51:41.055118Z,0.3372832,0.5032313,9.5155306,-1.7327888,0.0644506,0.3696834,1.6589170,5.8379960,7.7072644,0.2292711,0.2336059,0.8301297,0.4513840
gait_20260920_035116_owner_phone_shake_1,owner_phone_shake_1,2533340727274341,2026-09-20T03:51:41.065227Z,0.6860136,1.2067524,10.5895538,-1.7327888,0.0644506,0.3696834,1.6589170,5.8379960,7.7072644,0.2292711,0.2336059,0.8301297,0.4513840
gait_20260920_035116_owner_phone_shake_1,owner_phone_shake_1,2533340737377409,2026-09-20T03:51:41.075076Z,0.9365070,1.8510172,11.8656635,-2.0165548,-0.1689705,0.4854780,1.6331862,5.2033596,8.1543770,0.2086460,0.2020983,0.8415648,0.4554030
gait_20260920_035116_owner_phone_shake_1,owner_phone_shake_1,2533340747445280,2026-09-20T03:51:41.085288Z,1.4037504,2.3586628,12.8971901,-2.0165548,-0.1689705,0.4854780,1.6331862,5.2033596,8.1543770,0.2086460,0.2020983,0.8415648,0.4554030
gait_20260920_035116_owner_phone_shake_1,owner_phone_shake_1,2533340757546435,2026-09-20T03:51:41.095061Z,1.6726491,2.8477533,13.6485205,-2.0201354,-0.4204278,0.4837460,1.7494149,4.8386350,8.3524408,0.2032500,0.1816005,0.8473158,0.4558143
gait_20260920_035116_owner_phone_shake_1,owner_phone_shake_1,2533340767605640,2026-09-20T03:51:41.105324Z,1.6138415,3.3444753,14.1623764,-2.0201354,-0.4204278,0.4837460,1.7494149,4.8386350,8.3524408,0.2032500,0.1816005,0.8473158,0.4558143
gait_20260920_035116_owner_phone_shake_1,owner_phone_shake_1,2533340777715585,2026-09-20T03:51:41.115994Z,1.3919290,3.8236148,14.3092461,-1.8383080,-0.3545949,0.3847552,1.8626156,4.4969764,8.5172758,0.1988312,0.1623583,0.8517581,0.4567429
gait_20260920_035116_owner_phone_shake_1,owner_phone_shake_1,2533340787801156,2026-09-20T03:51:41.125469Z,1.3457658,4.1445127,14.1132202,-1.8383080,-0.3545949,0.3847552,1.8626156,4.4969764,8.5172758,0.1988312,0.1623583,0.8517581,0.4567429
gait_20260920_035116_owner_phone_shake_1,owner_phone_shake_1,2533340797884936,2026-09-20T03:51:41.135649Z,1.4145243,4.3719621,13.7195244,-1.6941185,0.2492923,0.3675350,1.8950753,4.1841431,8.6682034,0.1914957,0.1467456,0.8560535,0.4571299
gait_20260920_035116_owner_phone_shake_1,owner_phone_shake_1,2533340807968514,2026-09-20T03:51:41.146072Z,1.4189386,4.7809215,13.3148289,-1.6941185,0.2492923,0.3675350,1.8950753,4.1841431,8.6682034,0.1914957,0.1467456,0.8560535,0.4571299
gait_20260920_035116_owner_phone_shake_1,owner_phone_shake_1,2533340818052824,2026-09-20T03:51:41.155908Z,1.3388824,5.3894978,13.0305176,-1.7795030,1.0934454,0.4648438,1.7778317,3.8638291,8.8400364,0.1767100,0.1349786,0.8620761,0.4553890
gait_20260920_035116_owner_phone_shake_1,owner_phone_shake_1,2533340828138476,2026-09-20T03:51:41.165753Z,1.5076737,6.0951886,12.8368864,-1.7795030,1.0934454,0.4648438,1.7778317,3.8638291,8.8400364,0.1767100,0.1349786,0.8620761,0.4553890
gait_20260920_035116_owner_phone_shake_1,owner_phone_shake_1,2533340838196623,2026-09-20T03:51:41.176160Z,1.5548843,6.5851769,12.9208336,-1.8244852,1.4761522,0.5644841,1.5580091,3.5161190,9.0247231,0.1564391,0.1247216,0.8694108,0.4517701
gait_20260920_035116_owner_phone_shake_1,owner_phone_shake_1,2533340848306852,2026-09-20T03:51:41.186162Z,1.4698902,6.9450555,13.1135664,-1.8244852,1.4761522,0.5644841,1.5580091,3.5161190,9.0247231,0.1564391,0.1247216,0.8694108,0.4517701
gait_20260920_035116_owner_phone_shake_1,owner_phone_shake_1,2533340858390186,2026-09-20T03:51:41.196081Z,1.3394063,7.0887074,13.3183451,-1.6740172,1.3452191,0.4751526,1.3261758,3.1777978,9.1858025,0.1362794,0.1150773,0.8760954,0.4479308
gait_20260920_035116_owner_phone_shake_1,owner_phone_shake_1,2533340868475105,2026-09-20T03:51:41.206050Z,1.0676643,7.1189342,13.5710087,-1.6740172,1.3452191,0.4751526,1.3261758,3.1777978,9.1858025,0.1362794,0.1150773,0.8760954,0.4479308
gait_20260920_035116_owner_phone_shake_1,owner_phone_shake_1,2533340878559578,2026-09-20T03:51:41.216026Z,0.8066215,7.0496521,13.6735106,-1.2572699,0.8861543,0.3245347,1.1489993,2.9053020,9.2992001,0.1208380,0.1069150,0.8807254,0.4452979
gait_20260920_035116_owner_phone_shake_1,owner_phone_shake_1,2533340888618376,2026-09-20T03:51:41.225969Z,0.7704840,6.8308072,13.5579157,-1.2572699,0.8861543,0.3245347,1.1489993,2.9053020,9.2992001,0.1208380,0.1069150,0.8807254,0.4452979
gait_20260920_035116_owner_phone_shake_1,owner_phone_shake_1,2533340898728606,2026-09-20T03:51:41.236507Z,0.8803928,6.6113634,13.0796738,-0.6799623,0.4461914,0.3048497,1.0618794,2.7373700,9.3603058,0.1124023,0.1014047,0.8835634,0.4431689
gait_20260920_035116_owner_phone_shake_1,owner_phone_shake_1,2533340908812508,2026-09-20T03:51:41.246649Z,1.0960954,6.5574193,12.3513126,-0.6799623,0.4461914,0.3048497,1.0618794,2.7373700,9.3603058,0.1124023,0.1014047,0.8835634,0.4431689
gait_20260920_035116_owner_phone_shake_1,owner_phone_shake_1,2533340918897143,2026-09-20T03:51:41.256479Z,1.3022960,6.5859251,11.6249714,-0.2019452,0.3097793,0.4014424,1.0235984,2.6736200,9.3829699,0.1087096,0.0997164,0.8858107,0.4399756
gait_20260920_035116_owner_phone_shake_1,owner_phone_shake_1,2533340928958504,2026-09-20T03:51:41.267084Z,1.4699650,6.7429700,11.2478104,-0.2019452,0.3097793,0.4014424,1.0235984,2.6736200,9.3829699,0.1087096,0.0997164,0.8858107,0.4399756
gait_20260920_035116_owner_phone_shake_1,owner_phone_shake_1,2533340939065641,2026-09-20T03:51:41.276877Z,1.7250223,6.9833627,11.3071413,-0.1057856,0.3230025,0.5129735,0.9908988,2.6522465,9.3925400,0.1061508,0.1000192,0.8883622,0.4353629
gait_20260920_035116_owner_phone_shake_1,owner_phone_shake_1,2533340949151212,2026-09-20T03:51:41.287211Z,2.0392613,7.1513309,11.5881605,-0.1057856,0.3230025,0.5129735,0.9908988,2.6522465,9.3925400,0.1061508,0.1000192,0.8883622,0.4353629
gait_20260920_035116_owner_phone_shake_1,owner_phone_shake_1,2533340959235116,2026-09-20T03:51:41.297042Z,2.0822072,7.2156000,12.0573492,-0.1609766,0.3490326,0.5419847,0.9550251,2.6153607,9.4065895,0.1030189,0.0997069,0.8912819,0.4301885
gait_20260920_035116_owner_phone_shake_1,owner_phone_shake_1,2533340969319019,2026-09-20T03:51:41.307454Z,2.0831051,7.2727618,12.5634985,-0.1609766,0.3490326,0.5419847,0.9550251,2.6153607,9.4065895,0.1030189,0.0997069,0.8912819,0.4301885
gait_20260920_035116_owner_phone_shake_1,owner_phone_shake_1,2533340979403409,2026-09-20T03:51:41.317942Z,2.0142717,7.1979427,12.8101759,-0.0182860,0.3047831,0.4396797,0.9183097,2.5888972,9.4175596,0.1001610,0.0998076,0.8938228,0.4255432
gait_20260920_035116_owner_phone_shake_1,owner_phone_shake_1,2533340989487882,2026-09-20T03:51:41.327178Z,1.8207904,6.9789481,12.6666737,-0.0182860,0.3047831,0.4396797,0.9183097,2.5888972,9.4175596,0.1001610,0.0998076,0.8938228,0.4255432
gait_20260920_035116_owner_phone_shake_1,owner_phone_shake_1,2533340999546639,2026-09-20T03:51:41.337880Z,1.6362872,6.7594299,12.2832270,0.3116612,0.3927657,0.2962064,0.8749524,2.6229196,9.4122715,0.0985067,0.1027501,0.8953689,0.4219638
gait_20260920_035116_owner_phone_shake_1,owner_phone_shake_1,2533341009656217,2026-09-20T03:51:41.347401Z,1.5596727,6.6498203,11.8432932,0.3116612,0.3927657,0.2962064,0.8749524,2.6229196,9.4122715,0.0985067,0.1027501,0.8953689,0.4219638
gait_20260920_035116_owner_phone_shake_1,owner_phone_shake_1,2533341019715462,2026-09-20T03:51:41.358013Z,1.6597055,6.6680760,11.4168253,0.5863840,0.6324487,0.3180230,0.7849145,2.7192614,9.3928499,0.0960576,0.1096353,0.8965196,0.4183368
gait_20260920_035116_owner_phone_shake_1,owner_phone_shake_1,2533341029800016,2026-09-20T03:51:41.367664Z,1.8321629,6.7928739,11.0385418,0.5863840,0.6324487,0.3180230,0.7849145,2.7192614,9.3928499,0.0960576,0.1096353,0.8965196,0.4183368
gait_20260920_035116_owner_phone_shake_1,owner_phone_shake_1,2533341039884855,2026-09-20T03:51:41.377893Z,2.0562451,7.0108213,10.6238213,0.7745065,0.8135766,0.4603806,0.6613523,2.8525569,9.3627796,0.0925954,0.1191638,0.8981550,0.4129693
gait_20260920_035116_owner_phone_shake_1,owner_phone_shake_1,2533341049969124,2026-09-20T03:51:41.387569Z,2.1044285,7.2274961,10.2643166,0.7745065,0.8135766,0.4603806,0.6613523,2.8525569,9.3627796,0.0925954,0.1191638,0.8981550,0.4129693
gait_20260920_035116_owner_phone_shake_1,owner_phone_shake_1,2533341060078458,2026-09-20T03:51:41.397915Z,2.1333086,7.3391261,9.9323454,0.9160814,0.8242850,0.5064785,0.5344096,3.0149870,9.3198910,0.0893630,0.1302602,0.8999345,0.4064042
gait_20260920_035116_owner_phone_shake_1,owner_phone_shake_1,2533341070149910,2026-09-20T03:51:41.408203Z,2.2023664,7.3780317,9.6451912,0.9160814,0.8242850,0.5064785,0.5344096,3.0149870,9.3198910,0.0893630,0.1302602,0.8999345,0.4064042
gait_20260920_035116_owner_phone_shake_1,owner_phone_shake_1,2533341080247200,2026-09-20T03:51:41.417961Z,2.3518543,7.4004774,9.4639797,1.0310766,0.7712090,0.4485729,0.4153098,3.2004805,9.2639380,0.0869216,0.1422794,0.9011902,0.4000719
gait_20260920_035116_owner_phone_shake_1,owner_phone_shake_1,2533341090331754,2026-09-20T03:51:41.427709Z,2.4822633,7.4658689,9.2705736,1.0310766,0.7712090,0.4485729,0.4153098,3.2004805,9.2639380,0.0869216,0.1422794,0.9011902,0.4000719
gait_20260920_035116_owner_phone_shake_1,owner_phone_shake_1,2533341100438810,2026-09-20T03:51:41.438074Z,2.4090908,7.5883474,9.0162640,1.1657734,0.5908139,0.3719816,0.3193255,3.4091229,9.1930418,0.0860852,0.1549046,0.9016654,0.3944533
gait_20260920_035116_owner_phone_shake_1,owner_phone_shake_1,2533341110501514,2026-09-20T03:51:41.448006Z,2.5088990,7.6105685,8.7641249,1.1657734,0.5908139,0.3719816,0.3193255,3.4091229,9.1930418,0.0860852,0.1549046,0.9016654,0.3944533
gait_20260920_035116_owner_phone_shake_1,owner_phone_shake_1,2533341120585497,2026-09-20T03:51:41.458626Z,2.7068694,7.5721865,8.6359606,1.2820842,0.4123174,0.2717751,0.2597979,3.6419384,9.1052132,0.0875994,0.1679392,0.9012085,0.3898026
gait_20260920_035116_owner_phone_shake_1,owner_phone_shake_1,2533341130643888,2026-09-20T03:51:41.468583Z,2.4894459,7.6114664,8.6550388,1.2820842,0.4123174,0.2717751,0.2597979,3.6419384,9.1052132,0.0875994,0.1679392,0.9012085,0.3898026
gait_20260920_035116_owner_phone_shake_1,owner_phone_shake_1,2533341140753670,2026-09-20T03:51:41.478629Z,2.0576668,7.5358248,8.6065569,1.3354933,0.2567366,0.1000733,0.2191007,3.8861003,9.0047951,0.0904870,0.1811150,0.8997706,0.3865517
gait_20260920_035116_owner_phone_shake_1,owner_phone_shake_1,2533341150817797,2026-09-20T03:51:41.488504Z,1.6901568,7.3309708,8.4277401,1.3354933,0.2567366,0.1000733,0.2191007,3.8861003,9.0047951,0.0904870,0.1811150,0.8997706,0.3865517
gait_20260920_035116_owner_phone_shake_1,owner_phone_shake_1,2533341160922574,2026-09-20T03:51:41.498707Z,1.3728502,7.1309052,8.2375498,1.4194123,0.1721015,-0.0611864,0.1823915,4.1392732,8.8920898,0.0941406,0.1945970,0.8972224,0.3850473
gait_20260920_035116_owner_phone_shake_1,owner_phone_shake_1,2533341171008146,2026-09-20T03:51:41.509150Z,1.2389994,6.9654059,7.9416418,1.4194123,0.1721015,-0.0611864,0.1823915,4.1392732,8.8920898,0.0941406,0.1945970,0.8972224,0.3850473
gait_20260920_035116_owner_phone_shake_1,owner_phone_shake_1,2533341181065966,2026-09-20T03:51:41.518926Z,1.2734160,6.8056679,7.5018568,1.5039142,0.0526930,-0.1104820,0.1592418,4.4061093,8.7633877,0.0990361,0.2085136,0.8938174,0.3844534
gait_20260920_035116_owner_phone_shake_1,owner_phone_shake_1,2533341191175626,2026-09-20T03:51:41.529212Z,1.2912977,6.7485814,7.0424695,1.5039142,0.0526930,-0.1104820,0.1592418,4.4061093,8.7633877,0.0990361,0.2085136,0.8938174,0.3844534
gait_20260920_035116_owner_phone_shake_1,owner_phone_shake_1,2533341201234626,2026-09-20T03:51:41.538947Z,1.1840075,6.7368345,6.5531545,1.5127075,0.0114412,-0.0986078,0.2347869,4.8536386,8.5219231,0.1124651,0.2300754,0.8883461,0.3811277
gait_20260920_035116_owner_phone_shake_1,owner_phone_shake_1,2533341211344531,2026-09-20T03:51:41.549306Z,1.0522517,6.6818428,5.9954553,1.5127075,0.0114412,-0.0986078,0.2347869,4.8536386,8.5219231,0.1124651,0.2300754,0.8883461,0.3811277
gait_20260920_035116_owner_phone_shake_1,owner_phone_shake_1,2533341221428799,2026-09-20T03:51:41.559076Z,0.9510967,6.5839801,5.4896054,1.3984450,0.0179196,-0.1080172,0.2399851,5.1424417,8.3506775,0.1193696,0.2450648,0.8840565,0.3796554
gait_20260920_035116_owner_phone_shake_1,owner_phone_shake_1,2533341231511278,2026-09-20T03:51:41.568981Z,0.8656536,6.4813285,4.9528551,1.3984450,0.0179196,-0.1080172,0.2399851,5.1424417,8.3506775,0.1193696,0.2450648,0.8840565,0.3796554
gait_20260920_035116_owner_phone_shake_1,owner_phone_shake_1,2533341241594490,2026-09-20T03:51:41.579233Z,0.8426093,6.3619175,4.3893199,1.1728179,0.0742598,-0.1470873,0.2189204,5.3553271,8.2163649,0.1235053,0.2566988,0.8804100,0.3791180
gait_20260920_035116_owner_phone_shake_1,owner_phone_shake_1,2533341251679654,2026-09-20T03:51:41.589915Z,0.8566005,6.2332292,3.9587376,1.1728179,0.0742598,-0.1470873,0.2189204,5.3553271,8.2163649,0.1235053,0.2566988,0.8804100,0.3791180
gait_20260920_035116_owner_phone_shake_1,owner_phone_shake_1,2533341261766080,2026-09-20T03:51:41.599724Z,0.9065046,6.1275849,3.6825814,0.9269064,0.1754822,-0.2057923,0.1754173,5.5236249,8.1052389,0.1256435,0.2664995,0.8772178,0.3790523
gait_20260920_035116_owner_phone_shake_1,owner_phone_shake_1,2533341271848314,2026-09-20T03:51:41.609817Z,0.9621698,6.0040593,3.4314895,0.9269064,0.1754822,-0.2057923,0.1754173,5.5236249,8.1052389,0.1256435,0.2664995,0.8772178,0.3790523
gait_20260920_035116_owner_phone_shake_1,owner_phone_shake_1,2533341281935636,2026-09-20T03:51:41.620599Z,1.0030957,5.8385601,3.0743046,0.7500586,0.1741166,-0.2764881,0.1164312,5.6560664,8.0144539,0.1263807,0.2747001,0.8743013,0.3796905
gait_20260920_035116_owner_phone_shake_1,owner_phone_shake_1,2533341292019660,2026-09-20T03:51:41.629890Z,0.9716718,5.6127572,2.4942343,0.7500586,0.1741166,-0.2764881,0.1164312,5.6560664,8.0144539,0.1263807,0.2747001,0.8743013,0.3796905
gait_20260920_035116_owner_phone_shake_1,owner_phone_shake_1,2533341302104296,2026-09-20T03:51:41.640087Z,0.7866449,5.3124342,1.7182138,0.6321822,0.0710789,-0.3817241,0.0589440,5.7680807,7.9348526,0.1270723,0.2816728,0.8712140,0.3814435
gait_20260920_035116_owner_phone_shake_1,owner_phone_shake_1,2533341312188606,2026-09-20T03:51:41.649940Z,0.3012953,5.0757074,1.1824363,0.6321822,0.0710789,-0.3817241,0.0589440,5.7680807,7.9348526,0.1270723,0.2816728,0.8712140,0.3814435
gait_20260920_035116_owner_phone_shake_1,owner_phone_shake_1,2533341322259814,2026-09-20T03:51:41.661927Z,-0.2078466,5.0214639,1.0972925,0.4423610,-0.2911269,-0.4320856,0.0267469,5.8557100,7.8705816,0.1289677,0.2865818,0.8678230,0.3848658
gait_20260920_035116_owner_phone_shake_1,owner_phone_shake_1,2533341332353644,2026-09-20T03:51:41.669846Z,-0.2589479,5.1919761,1.5356560,0.4423610,-0.2911269,-0.4320856,0.0267469,5.8557100,7.8705816,0.1289677,0.2865818,0.8678230,0.3848658
gait_20260920_035116_owner_phone_shake_1,owner_phone_shake_1,2533341342441495,2026-09-20T03:51:41.680365Z,-0.1588403,6.9250040,3.1439610,0.2311729,-1.1266533,-0.3125438,0.1096075,5.9062028,7.8320413,0.1361039,0.2867138,0.8644211,0.3899321
gait_20260920_035116_owner_phone_shake_1,owner_phone_shake_1,2533341352526049,2026-09-20T03:51:41.691073Z,0.7068132,5.9029789,4.3307366,0.2311729,-1.1266533,-0.3125438,0.1096075,5.9062028,7.8320413,0.1361039,0.2867138,0.8644211,0.3899321
gait_20260920_035116_owner_phone_shake_1,owner_phone_shake_1,2533341362610807,2026-09-20T03:51:41.700328Z,1.4353987,3.7362266,3.6118028,0.1479699,-1.9374987,-0.4860276,0.3551938,5.9322658,7.8050094,0.1515271,0.2813460,0.8599911,0.3978683
gait_20260920_035116_owner_phone_shake_1,owner_phone_shake_1,2533341372694872,2026-09-20T03:51:41.710462Z,0.8099884,2.7614872,2.6455929,0.1479699,-1.9374987,-0.4860276,0.3551938,5.9322658,7.8050094,0.1515271,0.2813460,0.8599911,0.3978683
gait_20260920_035116_owner_phone_shake_1,owner_phone_shake_1,2533341382755093,2026-09-20T03:51:41.720524Z,-0.3550901,2.5528176,2.0118775,0.2619992,-1.4388807,-0.8263001,0.5350293,5.9814038,7.7571039,0.1653432,0.2778999,0.8534711,0.4086812
gait_20260920_035116_owner_phone_shake_1,owner_phone_shake_1,2533341392863533,2026-09-20T03:51:41.730567Z,-1.1009587,2.3107040,1.8220623,0.2619992,-1.4388807,-0.8263001,0.5350293,5.9814038,7.7571039,0.1653432,0.2778999,0.8534711,0.4086812
gait_20260920_035116_owner_phone_shake_1,owner_phone_shake_1,2533341402948574,2026-09-20T03:51:41.741985Z,-1.0921301,1.7545010,2.0541503,-0.1719849,-1.0677484,-0.7086736,0.6084198,6.0001593,7.7371845,0.1728380,0.2751632,0.8479053,0.4188902
gait_20260920_035116_owner_phone_shake_1,owner_phone_shake_1,2533341413032762,2026-09-20T03:51:41.751234Z,-0.8755296,1.1954548,2.5880573,-0.1719849,-1.0677484,-0.7086736,0.6084198,6.0001593,7.7371845,0.1728380,0.2751632,0.8479053,0.4188902
gait_20260920_035116_owner_phone_shake_1,owner_phone_shake_1,2533341423117317,2026-09-20T03:51:41.760774Z,-0.5815666,0.7802105,3.3099091,-0.7494923,-0.9005433,-0.4071380,0.6906299,5.9125891,7.7974634,0.1766424,0.2670561,0.8458516,0.4266306
gait_20260920_035116_owner_phone_shake_1,owner_phone_shake_1,2533341433203010,2026-09-20T03:51:41.770963Z,-0.2319383,0.5756559,4.2467151,-0.7494923,-0.9005433,-0.4071380,0.6906299,5.9125891,7.7974634,0.1766424,0.2670561,0.8458516,0.4266306
gait_20260920_035116_owner_phone_shake_1,owner_phone_shake_1,2533341443263556,2026-09-20T03:51:41.781135Z,0.2015619,0.4958242,5.3006129,-0.9658599,-1.0437669,-0.2018453,0.8078990,5.7595549,7.9000592,0.1796238,0.2550199,0.8456598,0.4330817
gait_20260920_035116_owner_phone_shake_1,owner_phone_shake_1,2533341453345140,2026-09-20T03:51:41.804539Z,0.5116110,0.3722236,6.1137438,-0.9658599,-1.0437669,-0.2018453,0.8078990,5.7595549,7.9000592,0.1796238,0.2550199,0.8456598,0.4330817
gait_20260920_035116_owner_phone_shake_1,owner_phone_shake_1,2533341463429857,2026-09-20T03:51:41.804727Z,0.7393594,0.1837550,6.7542672,-0.8695170,-1.3247682,-0.1293176,0.9952637,5.6094575,7.9862099,0.1858390,0.2416242,0.8452100,0.4389780
gait_20260920_035116_owner_phone_shake_1,owner_phone_shake_1,2533341473564093,2026-09-20T03:51:41.815443Z,0.8158242,-0.1700631,7.2026567,-0.8695170,-1.3247682,-0.1293176,0.9952637,5.6094575,7.9862099,0.1858390,0.2416242,0.8452100,0.4389780
gait_20260920_035116_owner_phone_shake_1,owner_phone_shake_1,2533341483599575,2026-09-20T03:51:41.825180Z,0.6400748,-0.6593033,7.5341039,-0.8434370,-1.3077146,-0.2502083,1.1961962,5.4765391,8.0506353,0.1932943,0.2286527,0.8437654,0.4454384
gait_20260920_035116_owner_phone_shake_1,owner_phone_shake_1,2533341493682787,2026-09-20T03:51:41.831100Z,0.3387047,-1.1436802,7.8941321,-0.8434370,-1.3077146,-0.2502083,1.1961962,5.4765391,8.0506353,0.1932943,0.2286527,0.8437654,0.4454384
gait_20260920_035116_owner_phone_shake_1,owner_phone_shake_1,2533341503770963,2026-09-20T03:51:41.844959Z,-0.0694318,-1.6588076,8.4751749,-1.1211076,-0.9353166,-0.3705161,1.3350854,5.3188276,8.1341085,0.1970892,0.2157664,0.8423564,0.4528093
gait_20260920_035116_owner_phone_shake_1,owner_phone_shake_1,2533341513876878,2026-09-20T03:51:41.852573Z,-0.3472341,-1.8804958,9.0585365,-1.1211076,-0.9353166,-0.3705161,1.3857374,5.1296124,8.2463884,0.1965798,0.2086083,0.8422550,0.4565583
gait_20260920_035116_owner_phone_shake_1,owner_phone_shake_1,2533341523961066,2026-09-20T03:51:41.861468Z,-0.4770447,-1.8965819,9.8556566,-1.6098831,-0.5149720,-0.2664625,0.7211335,3.2143970,9.2403316,0.1846492,0.1896860,0.8462483,0.4623717
gait_20260920_035116_owner_phone_shake_1,owner_phone_shake_1,2533341534045539,2026-09-20T03:51:41.871456Z,-0.4193594,-1.7114801,10.8317423,-1.6098831,-0.5149720,-0.2664625,0.7391319,2.9620397,9.3228807,0.1108675,0.1200064,0.8637460,0.4767072
gait_20260920_035116_owner_phone_shake_1,owner_phone_shake_1,2533341544129889,2026-09-20T03:51:41.881673Z,-0.3736451,-1.2644378,11.9364424,-2.0272133,-0.2185159,0.0358392,0.7567123,2.7568974,9.3841896,0.1033470,0.1139518,0.8710003,0.4665758
gait_20260920_035116_owner_phone_shake_1,owner_phone_shake_1,2533341554215623,2026-09-20T03:51:41.891601Z,-0.1933318,-0.5328595,13.0622406,-2.0272133,-0.2185159,0.0358392,0.7700274,2.5422888,9.4435129,0.0986959,0.1038690,0.8725743,0.4669950
gait_20260920_035116_owner_phone_shake_1,owner_phone_shake_1,2533341564272183,2026-09-20T03:51:41.901761Z,0.2071733,0.3332430,14.0288248,-2.1506352,-0.0268794,0.3704828,0.7793600,2.3286035,9.4976997,0.0910281,0.0968065,0.8797236,0.4565400
gait_20260920_035116_owner_phone_shake_1,owner_phone_shake_1,2533341574382901,2026-09-20T03:51:41.912386Z,0.5831378,1.2567314,14.6929913,-2.1506352,-0.0268794,0.3704828,0.7771959,2.1270149,9.5450449,0.0859902,0.0872111,0.8818997,0.4552504
gait_20260920_035116_owner_phone_shake_1,owner_phone_shake_1,2533341584467617,2026-09-20T03:51:41.921887Z,0.9036615,2.1559038,14.8932066,-1.8913174,0.2644474,0.5840691,0.7582809,1.9438920,9.5855303,0.0784668,0.0813155,0.8887337,0.4442782
gait_20260920_035116_owner_phone_shake_1,owner_phone_shake_1,2533341594551968,2026-09-20T03:51:41.932039Z,1.0259154,2.9670892,14.5848036,-1.8913174,0.2644474,0.5840691,0.7170804,1.7855412,9.6194458,0.0729486,0.0743174,0.8909467,0.4420060
gait_20260920_035116_owner_phone_shake_1,owner_phone_shake_1,2533341604636278,2026-09-20T03:51:41.942146Z,1.0464906,3.6588640,13.8817310,-1.4469745,0.6846920,0.5578725,0.6515716,1.6507380,9.6481409,0.0651263,0.0710876,0.8968620,0.4316755
gait_20260920_035116_owner_phone_shake_1,owner_phone_shake_1,2533341614744676,2026-09-20T03:51:41.952438Z,0.9505729,4.3095632,13.1282310,-1.4469745,0.6846920,0.5578725,0.5664243,1.5337178,9.6727953,0.0586457,0.0671305,0.8986772,0.4294575
gait_20260920_035116_owner_phone_shake_1,owner_phone_shake_1,2533341624804979,2026-09-20T03:51:41.962249Z,0.8200889,4.9446998,12.5536222,-1.1561641,0.9821141,0.4392467,0.4712203,1.4264666,9.6942902,0.0504530,0.0656436,0.9032394,0.4210750
gait_20260920_035116_owner_phone_shake_1,owner_phone_shake_1,2533341634889777,2026-09-20T03:51:41.972502Z,1.0311527,5.5006785,12.2545719,-1.1561641,0.9821141,0.4392467,0.3754201,1.3234205,9.7130699,0.0436150,0.0629494,0.9047263,0.4190532
gait_20260920_035116_owner_phone_shake_1,owner_phone_shake_1,2533341644973843,2026-09-20T03:51:41.982530Z,1.4169185,5.9312606,12.2155161,-1.0898316,0.9989345,0.4228427,0.2834072,1.2210363,9.7295876,0.0358497,0.0614157,0.9085044,0.4117799
gait_20260920_035116_owner_phone_shake_1,owner_phone_shake_1,2533341655058600,2026-09-20T03:51:41.992438Z,1.5256302,6.3325138,12.3231802,-1.0898316,0.9989345,0.4228427,0.1981740,1.1196251,9.7438841,0.0294701,0.0585962,0.9098661,0.4096851
gait_20260920_035116_owner_phone_shake_1,owner_phone_shake_1,2533341665142666,2026-09-20T03:51:42.002750Z,1.3171850,6.6202669,12.4404964,-1.0601876,0.8651037,0.3211372,0.1196461,1.0217435,9.7559128,0.0231110,0.0560839,0.9119030,0.4058983
gait_20260920_035116_owner_phone_shake_1,owner_phone_shake_1,2533341675227342,2026-09-20T03:51:42.012781Z,1.0333225,6.7158856,12.4490261,-1.0601876,0.8651037,0.3211372,0.0464554,0.9316105,9.7655544,0.0175708,0.0532445,0.9127717,0.4046037
gait_20260920_035116_owner_phone_shake_1,owner_phone_shake_1,2533341685311651,2026-09-20T03:51:42.023134Z,0.8189666,6.5729814,12.3150997,-0.8974622,0.7010461,0.1215735,-0.0188479,0.8536869,9.7727661,0.0124188,0.0508772,0.9137133,0.4029704
gait_20260920_035116_owner_phone_shake_1,owner_phone_shake_1,2533341695370978,2026-09-20T03:51:42.032740Z,0.7338976,6.3093948,12.0179949,-0.8974622,0.7010461,0.1215735,-0.0749437,0.7902634,9.7778311,0.0081405,0.0487784,0.9140719,0.4025257
gait_20260920_035116_owner_phone_shake_1,owner_phone_shake_1,2533341705481452,2026-09-20T03:51:42.043930Z,0.6349872,6.0264301,11.5995331,-0.6172436,0.5176866,0.0009493,-0.1229174,0.7418703,9.7811365,0.0045515,0.0472348,0.9143645,0.4021016
gait_20260920_035116_owner_phone_shake_1,owner_phone_shake_1,2533341715565965,2026-09-20T03:51:42.053275Z,0.5135562,5.8360162,11.0901670,-0.6172436,0.5176866,0.0009493,-0.1647979,0.7059937,9.7831755,0.0016304,0.0461629,0.9144849,0.4019749
gait_20260920_035116_owner_phone_shake_1,owner_phone_shake_1,2533341725649339,2026-09-20T03:51:42.063197Z,0.5514894,5.7424178,10.6295824,-0.3761784,0.3741966,0.0355228,-0.1991731,0.6804488,9.7843466,-0.0008096,0.0455349,0.9147336,0.4014828
gait_20260920_035116_owner_phone_shake_1,owner_phone_shake_1,2533341735734096,2026-09-20T03:51:42.073324Z,0.7924060,5.6915412,10.2923737,-0.3761784,0.3741966,0.0355228,-0.2216641,0.6635736,9.7850218,-0.0025880,0.0451042,0.9150384,0.4008285
gait_20260920_035116_owner_phone_shake_1,owner_phone_shake_1,2533341745818895,2026-09-20T03:51:42.083291Z,1.0886136,5.7440639,10.1186447,-0.1933685,0.1348134,0.2343038,-0.2275169,0.6559945,9.7853975,-0.0035768,0.0448456,0.9156764,0.3993908
gait_20260920_035116_owner_phone_shake_1,owner_phone_shake_1,2533341755879766,2026-09-20T03:51:42.093434Z,1.4050223,5.8117752,9.9770870,-0.1933685,0.1348134,0.2343038,-0.2149564,0.6595196,9.7854452,-0.0034873,0.0446497,0.9163813,0.3977934
gait_20260920_035116_owner_phone_shake_1,owner_phone_shake_1,2533341765987921,2026-09-20T03:51:42.103690Z,1.5171757,5.9005103,9.8549080,0.0227659,-0.1913700,0.3474837,-0.1859789,0.6743344,9.7850294,-0.0023452,0.0446567,0.9171657,0.3959890
gait_20260920_035116_owner_phone_shake_1,owner_phone_shake_1,2533341776071417,2026-09-20T03:51:42.113675Z,1.5191958,5.8958712,9.7283897,0.0227659,-0.1913700,0.3474837,-0.1452203,0.6966370,9.7841558,-0.0003020,0.0448318,0.9178396,0.3944117
gait_20260920_035116_owner_phone_shake_1,owner_phone_shake_1,2533341786156582,2026-09-20T03:51:42.123741Z,1.4188638,5.7021656,9.7122288,0.1342638,-0.3887688,0.2144856,-0.1013281,0.7193210,9.7830677,0.0021834,0.0450534,0.9183197,0.3932612
gait_20260920_035116_owner_phone_shake_1,owner_phone_shake_1,2533341796241135,2026-09-20T03:51:42.133637Z,1.2502222,5.3253779,9.8143568,0.1342638,-0.3887688,0.2144856,-0.0614572,0.7347144,9.7822552,0.0045923,0.0451046,0.9185470,0.3927033
gait_20260920_035116_owner_phone_shake_1,owner_phone_shake_1,2533341806325445,2026-09-20T03:51:42.144182Z,0.9904513,4.8389807,10.0490627,0.0016987,-0.3025681,0.0021650,-0.0338136,0.7383584,9.7821159,0.0064314,0.0448495,0.9185963,0.3925915
gait_20260920_035116_owner_phone_shake_1,owner_phone_shake_1,2533341816383470,2026-09-20T03:51:42.153716Z,0.5588216,4.4159555,10.4628115,0.0016987,-0.3025681,0.0021650,-0.0224038,0.7287604,9.7828684,0.0073205,0.0442819,0.9184827,0.3929062
gait_20260920_035116_owner_phone_shake_1,owner_phone_shake_1,2533341826468553,2026-09-20T03:51:42.164220Z,0.0344915,4.1380782,11.0154228,-0.2255105,-0.0455984,-0.1106319,-0.0243831,0.7076426,9.7844143,0.0072330,0.0434113,0.9183214,0.3933817
gait_20260920_035116_owner_phone_shake_1,owner_phone_shake_1,2533341836577927,2026-09-20T03:51:42.174007Z,-0.2730138,3.9582140,11.5561380,-0.2255105,-0.0455984,-0.1106319,-0.0366999,0.6798990,9.7863426,0.0064164,0.0423218,0.9182126,0.3937682
gait_20260920_035116_owner_phone_shake_1,owner_phone_shake_1,2533341846637132,2026-09-20T03:51:42.184180Z,-0.2736872,3.9110034,11.9444475,-0.3082305,0.1599108,0.0402691,-0.0572974,0.6534163,9.7880478,0.0050815,0.0413032,0.9183483,0.3935793
gait_20260920_035116_owner_phone_shake_1,owner_phone_shake_1,2533341856747728,2026-09-20T03:51:42.194308Z,-0.0953940,4.0903440,12.1707745,-0.3082305,0.1599108,0.0402691,-0.0821075,0.6364431,9.7889891,0.0035445,0.0406813,0.9187809,0.3926501
gait_20260920_035116_owner_phone_shake_1,owner_phone_shake_1,2533341866810715,2026-09-20T03:51:42.204259Z,0.1701380,4.4167037,12.1934452,-0.1145289,0.2688773,0.3532626,-0.1085667,0.6350877,9.7888193,0.0021175,0.0407306,0.9195331,0.3908907
gait_20260920_035116_owner_phone_shake_1,owner_phone_shake_1,2533341876915330,2026-09-20T03:51:42.214658Z,0.4104559,4.7714944,11.9811840,-0.1145289,0.2688773,0.3532626,-0.1365897,0.6525719,9.7873182,0.0009731,0.0416402,0.9204979,0.3885216
gait_20260920_035116_owner_phone_shake_1,owner_phone_shake_1,2533341886977545,2026-09-20T03:51:42.224888Z,0.5339070,5.1480575,11.6195097,0.2202812,0.3329449,0.5337244,-0.1669606,0.6877064,9.7844410,0.0000796,0.0434786,0.9215739,0.3857604
gait_20260920_035116_owner_phone_shake_1,owner_phone_shake_1,2533341897084642,2026-09-20T03:51:42.235184Z,0.6541408,5.4857144,11.2689838,0.2202812,0.3329449,0.5337244,-0.2002183,0.7358194,9.7803164,-0.0006475,0.0460939,0.9226370,0.3829044
gait_20260920_035116_owner_phone_shake_1,owner_phone_shake_1,2533341907144008,2026-09-20T03:51:42.245017Z,0.8300398,5.7426424,11.0160961,0.4460415,0.4015090,0.5384041,-0.2368391,0.7918189,9.7751236,-0.0013315,0.0492656,0.9236137,0.3801433
gait_20260920_035116_owner_phone_shake_1,owner_phone_shake_1,2533341917253058,2026-09-20T03:51:42.255288Z,1.0785130,5.9574471,10.8621187,0.4460415,0.4015090,0.5384041,-0.2773939,0.8500386,9.7691650,-0.0020984,0.0527347,0.9245353,0.3774244
gait_20260920_035116_owner_phone_shake_1,owner_phone_shake_1,2533341927316250,2026-09-20T03:51:42.264959Z,1.2559084,6.1440454,10.8092222,0.4806983,0.5243482,0.4964696,-0.3263381,0.9064246,9.7625818,-0.0031423,0.0563075,0.9253680,0.3748516
gait_20260920_035116_owner_phone_shake_1,owner_phone_shake_1,2533341937423060,2026-09-20T03:51:42.274945Z,1.4176667,6.3398461,10.8694515,0.4806983,0.5243482,0.4964696,-0.3875363,0.9573551,9.7554808,-0.0047938,0.0599004,0.9261580,0.3723178
gait_20260920_035116_owner_phone_shake_1,owner_phone_shake_1,2533341947481410,2026-09-20T03:51:42.285389Z,1.6020950,6.5446253,11.0075665,0.3894016,0.7582190,0.4510710,-0.4606077,1.0031787,9.7476959,-0.0071789,0.0634561,0.9268786,0.3698890
gait_20260920_035116_owner_phone_shake_1,owner_phone_shake_1,2533341957590745,2026-09-20T03:51:42.295417Z,1.5830910,6.7078800,11.1892271,0.3894016,0.7582190,0.4510710,-0.5407825,1.0471889,9.7389460,-0.0101061,0.0670079,0.9275685,0.3674570
gait_20260920_035116_owner_phone_shake_1,owner_phone_shake_1,2533341967676357,2026-09-20T03:51:42.305092Z,1.2165537,6.8714337,11.4808702,0.3811579,0.8892186,0.3928656,-0.6241664,1.0948087,9.7287169,-0.0132877,0.0706799,0.9281551,0.3651793
gait_20260920_035116_owner_phone_shake_1,owner_phone_shake_1,2533341977759201,2026-09-20T03:51:42.315233Z,0.8243536,6.9042044,11.7660046,0.3811579,0.8892186,0.3928656,-0.7002373,1.1521772,9.7169056,-0.0162819,0.0746261,0.9286138,0.3631008
gait_20260920_035116_owner_phone_shake_1,owner_phone_shake_1,2533341987845302,2026-09-20T03:51:42.325346Z,0.6492776,6.7844944,11.9124250,0.6064519,0.6904043,0.3051995,-0.7581113,1.2260773,9.7035093,-0.0184017,0.0789462,0.9289089,0.3613269
gait_20260920_035116_owner_phone_shake_1,owner_phone_shake_1,2533341997928188,2026-09-20T03:51:42.335601Z,0.7823054,6.5571198,11.8316212,0.6064519,0.6904043,0.3051995,-0.7948294,1.3216178,9.6880178,-0.0191692,0.0838113,0.9290960,0.3597066
gait_20260920_035116_owner_phone_shake_1,owner_phone_shake_1,2533342008013636,2026-09-20T03:51:42.346066Z,0.9852140,6.4436197,11.4705458,1.0353400,0.3455519,0.3013857,-0.8162916,1.4401162,9.6693249,-0.0186221,0.0894253,0.9291713,0.3581860
gait_20260920_035116_owner_phone_shake_1,owner_phone_shake_1,2533342018097418,2026-09-20T03:51:42.355498Z,1.2722189,6.5924344,10.9928274,1.0353400,0.3455519,0.3013857,-0.8295953,1.5777961,9.6466808,-0.0171640,0.0958749,0.9291698,0.3565908
gait_20260920_035116_owner_phone_shake_1,owner_phone_shake_1,2533342028182501,2026-09-20T03:51:42.365681Z,1.5779285,6.8466687,10.5011187,1.3780273,0.2144523,0.3569598,-0.8397767,1.7272589,9.6201591,-0.0151737,0.1030210,0.9290977,0.3548720
gait_20260920_035116_owner_phone_shake_1,owner_phone_shake_1,2533342038240891,2026-09-20T03:51:42.376026Z,1.9325697,7.1017261,10.0444241,1.3780273,0.2144523,0.3569598,-0.8504667,1.8816961,9.5902052,-0.0130308,0.1105542,0.9289904,0.3529657
gait_20260920_035116_owner_phone_shake_1,owner_phone_shake_1,2533342048351405,2026-09-20T03:51:42.385782Z,2.1754315,7.3044100,9.7259951,1.4823807,0.2340373,0.3622724,-0.8626345,2.0361040,9.5575237,-0.0109317,0.1182280,0.9287919,0.3510672
gait_20260920_035116_owner_phone_shake_1,owner_phone_shake_1,2533342058431809,2026-09-20T03:51:42.395962Z,2.2667854,7.4480624,9.5173254,1.4823807,0.2340373,0.3622724,-0.8767197,2.1899662,9.5221596,-0.0089250,0.1259660,0.9284456,0.3493446
gait_20260920_035116_owner_phone_shake_1,owner_phone_shake_1,2533342068520595,2026-09-20T03:51:42.405972Z,2.2553380,7.4167881,9.2783546,1.4999672,0.2613997,0.1953503,-0.8944309,2.3426576,9.4840946,-0.0070144,0.1336892,0.9278360,0.3481355
gait_20260920_035116_owner_phone_shake_1,owner_phone_shake_1,2533342078604172,2026-09-20T03:51:42.416034Z,2.2105215,7.2473984,8.9150343,1.4999672,0.2613997,0.1953503,-0.9174221,2.4963396,9.4426022,-0.0052736,0.1415205,0.9269516,0.3474262
gait_20260920_035116_owner_phone_shake_1,owner_phone_shake_1,2533342088663213,2026-09-20T03:51:42.425984Z,2.0213797,7.0480809,8.5190182,1.5470978,0.3087800,-0.0452820,-0.9455838,2.6503572,9.3977432,-0.0036826,0.1495494,0.9257461,0.3472977
gait_20260920_035116_owner_phone_shake_1,owner_phone_shake_1,2533342098747564,2026-09-20T03:51:42.436328Z,1.7942297,6.8723316,8.0921021,1.5470978,0.3087800,-0.0452820,-0.9784800,2.8032115,9.3499031,-0.0022509,0.1576583,0.9242672,0.3476622
gait_20260920_035116_owner_phone_shake_1,owner_phone_shake_1,2533342108851121,2026-09-20T03:51:42.446221Z,1.6556653,6.6826658,7.5361986,1.5673323,0.3511809,-0.2498252,-0.9776136,3.0208042,9.2819777,-0.0006432,0.1660936,0.9225172,0.3483883
gait_20260920_035116_owner_phone_shake_1,owner_phone_shake_1,2533342118935877,2026-09-20T03:51:42.456494Z,1.5130607,6.4918032,6.9663038,1.5673323,0.3511809,-0.2498252,-0.4717446,4.0711403,8.9128771,0.0189536,0.1886476,0.9195791,0.3441327
gait_20260920_035116_owner_phone_shake_1,owner_phone_shake_1,2533342129020025,2026-09-20T03:51:42.466400Z,1.2877812,6.3798742,6.4763904,1.5421683,0.3732140,-0.3643375,-0.4419567,4.3278513,8.7926378,0.0520553,0.2216304,0.9143615,0.3348332
gait_20260920_035116_owner_phone_shake_1,owner_phone_shake_1,2533342139086309,2026-09-20T03:51:42.477008Z,1.0430490,6.2853031,6.0568066,1.5421683,0.3732140,-0.3643375,-0.4867825,4.4682131,8.7197609,0.0540407,0.2306334,0.9118378,0.3353205
gait_20260920_035116_owner_phone_shake_1,owner_phone_shake_1,2533342149169561,2026-09-20T03:51:42.493710Z,0.8966286,6.0871830,5.5413051,1.4752362,0.3703828,-0.4345170,-0.5376334,4.5975704,8.6492434,0.0545581,0.2383256,0.9094231,0.3364134
gait_20260920_035116_owner_phone_shake_1,owner_phone_shake_1,2533342159278936,2026-09-20T03:51:42.496890Z,0.8356512,5.8200049,4.8823009,1.4752362,0.3703828,-0.4345170,-0.5926620,4.7241001,8.5771637,0.0548645,0.2459104,0.9069597,0.3375535
gait_20260920_035116_owner_phone_shake_1,owner_phone_shake_1,2533342169363327,2026-09-20T03:51:42.506989Z,0.7344962,5.6006365,4.0670753,1.4316196,0.4380476,-0.4731874,-0.6529599,4.8484926,8.5030508,0.0549231,0.2534937,0.9044414,0.3386889
gait_20260920_035116_owner_phone_shake_1,owner_phone_shake_1,2533342179448166,2026-09-20T03:51:42.516971Z,0.6514473,5.4058080,3.2354643,1.4316196,0.4380476,-0.4731874,-0.7164379,4.9691558,8.4279480,0.0547386,0.2610926,0.9018514,0.3398507
gait_20260920_035116_owner_phone_shake_1,owner_phone_shake_1,2533342189532516,2026-09-20T03:51:42.527289Z,0.5794716,5.1990089,2.5023897,1.3468345,0.4494722,-0.5059290,-0.7781157,5.0835671,8.3539200,0.0544680,0.2684886,0.8992364,0.3410586
gait_20260920_035116_owner_phone_shake_1,owner_phone_shake_1,2533342199591639,2026-09-20T03:51:42.537258Z,0.5030068,5.0295444,1.9279310,1.3468345,0.4494722,-0.5059290,-0.8322030,5.1888738,8.2836676,0.0543411,0.2754208,0.8966412,0.3423816
gait_20260920_035116_owner_phone_shake_1,owner_phone_shake_1,2533342209701259,2026-09-20T03:51:42.547693Z,0.4564695,4.8885112,1.5315409,1.1448894,0.2420812,-0.5152718,-0.8736013,5.2831535,8.2195635,0.0545944,0.2816261,0.8941173,0.3438904
gait_20260920_035116_owner_phone_shake_1,owner_phone_shake_1,2533342219785934,2026-09-20T03:51:42.557511Z,0.4079869,4.7597480,1.3320739,1.1448894,0.2420812,-0.5152718,-0.8993961,5.3663349,8.1626987,0.0554323,0.2869813,0.8916707,0.3456766
gait_20260920_035116_owner_phone_shake_1,owner_phone_shake_1,2533342229870570,2026-09-20T03:51:42.567509Z,0.3951181,4.6303115,1.3334208,0.8872701,-0.1627586,-0.5264632,-0.9060804,5.4376998,8.1145887,0.0570165,0.2913435,0.8893179,0.3478245
gait_20260920_035116_owner_phone_shake_1,owner_phone_shake_1,2533342239954839,2026-09-20T03:51:42.577688Z,0.4486884,4.4344358,1.4220810,0.8872701,-0.1627586,-0.5264632,-0.8928574,5.4978333,8.0754414,0.0595060,0.2946530,0.8870327,0.3504448
gait_20260920_035116_owner_phone_shake_1,owner_phone_shake_1,2533342250038824,2026-09-20T03:51:42.587921Z,0.4921581,4.1875334,1.5387983,0.6300672,-0.6413085,-0.5732940,-0.8636000,5.5466404,8.0451899,0.0628438,0.2969300,0.8847977,0.3535766
gait_20260920_035116_owner_phone_shake_1,owner_phone_shake_1,2533342260123784,2026-09-20T03:51:42.598308Z,0.4779425,3.9395092,1.7191864,0.6300672,-0.6413085,-0.5732940,-0.8262939,5.5832901,8.0237284,0.0667205,0.2982652,0.8825887,0.3572444
gait_20260920_035116_owner_phone_shake_1,owner_phone_shake_1,2533342270207647,2026-09-20T03:51:42.607737Z,0.4274398,3.6539259,1.8857331,0.3472006,-0.9040406,-0.6990976,-0.7885722,5.6065369,8.0113049,0.0706740,0.2987440,0.8804098,0.3614359
gait_20260920_035116_owner_phone_shake_1,owner_phone_shake_1,2533342280291957,2026-09-20T03:51:42.617905Z,0.3551649,3.2341924,2.0025253,0.3472006,-0.9040406,-0.6990976,-0.7556049,5.6155457,8.0081711,0.0743435,0.2984515,0.8782765,0.3661014
gait_20260920_035116_owner_phone_shake_1,owner_phone_shake_1,2533342290386601,2026-09-20T03:51:42.627855Z,0.1506851,2.7268460,2.0788405,0.0213003,-0.9131169,-0.8660863,-0.7312753,5.6093450,8.0147743,0.0774552,0.2974373,0.8762150,0.3711859
gait_20260920_035116_owner_phone_shake_1,owner_phone_shake_1,2533342300460657,2026-09-20T03:51:42.638688Z,-0.0714520,2.2343140,2.2244380,0.0213003,-0.9131169,-0.8660863,-0.7166395,5.5873408,8.0314484,0.0798172,0.2957322,0.8742629,0.3766112
gait_20260920_035116_owner_phone_shake_1,owner_phone_shake_1,2533342310545415,2026-09-20T03:51:42.649520Z,-0.1821838,1.7325042,2.4994717,-0.3286149,-0.8178899,-0.9631619,-0.7064251,5.5491419,8.0587893,0.0814186,0.2933052,0.8724983,0.3822170
gait_20260920_035116_owner_phone_shake_1,owner_phone_shake_1,2533342320630051,2026-09-20T03:51:42.658585Z,-0.3081038,1.3348423,2.8848634,-0.3286149,-0.8178899,-0.9631619,-0.6896747,5.4955797,8.0968552,0.0826374,0.2900016,0.8710041,0.3878427
gait_20260920_035116_owner_phone_shake_1,owner_phone_shake_1,2533342330714401,2026-09-20T03:51:42.668362Z,-0.2725649,1.0532991,3.4231098,-0.6527831,-0.9489895,-0.9053396,-0.6584696,5.4282713,8.1447163,0.0839914,0.2856772,0.8697734,0.3934824
gait_20260920_035116_owner_phone_shake_1,owner_phone_shake_1,2533342340773239,2026-09-20T03:51:42.679970Z,-0.1824082,0.6513725,4.0716391,-0.6527831,-0.9489895,-0.9053396,-0.6091266,5.3483124,8.2012587,0.0857721,0.2802976,0.8687567,0.3991723
gait_20260920_035116_owner_phone_shake_1,owner_phone_shake_1,2533342350882818,2026-09-20T03:51:42.688853Z,-0.3396774,0.2011878,4.8888102,-0.9418283,-1.2889956,-0.8597912,-0.5419334,5.2552428,8.2658844,0.0881283,0.2737947,0.8678532,0.4050936
gait_20260920_035116_owner_phone_shake_1,owner_phone_shake_1,2533342360968145,2026-09-20T03:51:42.698716Z,-0.5488707,-0.2638111,5.8795609,-0.9418283,-1.2889956,-0.8597912,-0.4600291,5.1470246,8.3386221,0.0909620,0.2661510,0.8669358,0.4114754
gait_20260920_035116_owner_phone_shake_1,owner_phone_shake_1,2533342371052129,2026-09-20T03:51:42.708730Z,-0.8610148,-0.7959973,7.0255604,-1.2409824,-1.6094000,-0.9139163,-0.3676459,5.0262790,8.4164991,0.0940373,0.2574702,0.8659683,0.4182882
gait_20260920_035116_owner_phone_shake_1,owner_phone_shake_1,2533342381136683,2026-09-20T03:51:42.719559Z,-1.3937247,-1.3301287,8.1663227,-1.2409824,-1.6094000,-0.9139163,-0.2674028,4.8972502,8.4959726,0.0971837,0.2480377,0.8650128,0.4251888
gait_20260920_035116_owner_phone_shake_1,owner_phone_shake_1,2533342391209641,2026-09-20T03:51:42.728617Z,-1.8647839,-1.8102410,9.0869684,-1.3967464,-1.6909043,-0.8136598,-0.1852578,4.6890249,8.6148033,0.1003041,0.2382310,0.8641391,0.4317969
gait_20260920_035116_owner_phone_shake_1,owner_phone_shake_1,2533342401280115,2026-09-20T03:51:42.739450Z,-2.0957494,-2.1108630,9.7486658,-1.3967464,-1.6909043,-0.8136598,-0.4417228,3.3509874,9.2093363,0.0614780,0.1800973,0.8714920,0.4519815
gait_20260920_035116_owner_phone_shake_1,owner_phone_shake_1,2533342411389734,2026-09-20T03:51:42.749507Z,-2.1245546,-2.1257517,10.0572186,-1.3162247,-1.4602144,-0.4547682,-0.3402669,3.1815298,9.2735214,0.0574288,0.1632872,0.8721490,0.4575976
gait_20260920_035116_owner_phone_shake_1,owner_phone_shake_1,2533342421474940,2026-09-20T03:51:42.759004Z,-2.0199580,-1.9635447,10.0385885,-1.3162247,-1.4602144,-0.4547682,-0.2483897,3.0386748,9.3242083,0.0586539,0.1540625,0.8728782,0.4592474
gait_20260920_035116_owner_phone_shake_1,owner_phone_shake_1,2533342431554937,2026-09-20T03:51:42.769439Z,-1.8295442,-1.5449334,9.9362364,-1.1774144,-0.9234090,0.0253806,-0.2076329,2.8340659,9.3894119,0.0581970,0.1447757,0.8738035,0.4605655
gait_20260920_035116_owner_phone_shake_1,owner_phone_shake_1,2533342441639327,2026-09-20T03:51:42.780136Z,-1.5206174,-0.9374796,10.0680666,-1.1774144,-0.9234090,0.0253806,-0.2298637,2.5183039,9.4784718,0.0509489,0.1319473,0.8771353,0.4589422
gait_20260920_035116_owner_phone_shake_1,owner_phone_shake_1,2533342451725550,2026-09-20T03:51:42.789655Z,-1.1503391,-0.2480243,10.6263647,-1.3067319,-0.5220500,0.3898180,-0.1938559,2.3418064,9.5244150,0.0446837,0.1197089,0.8794764,0.4584699
gait_20260920_035116_owner_phone_shake_1,owner_phone_shake_1,2533342461787358,2026-09-20T03:51:42.799715Z,-0.5493945,0.3790320,11.4670286,-1.3067319,-0.5220500,0.3898180,-0.1362501,2.1962333,9.5600262,0.0422402,0.1126769,0.8837829,0.4521587
gait_20260920_035116_owner_phone_shake_1,owner_phone_shake_1,2533342471896244,2026-09-20T03:51:42.810046Z,-0.1768717,0.9289503,12.4429655,-1.5614202,-0.4987511,0.5953105,-0.0744370,2.0401950,9.5952168,0.0411336,0.1043873,0.8859103,0.4500826
gait_20260920_035116_owner_phone_shake_1,owner_phone_shake_1,2533342481958256,2026-09-20T03:51:42.819355Z,-0.2114379,1.4727334,13.3410158,-1.5614202,-0.4987511,0.5953105,-0.0116610,1.8784463,9.6284685,0.0389864,0.0964393,0.8903096,0.4433154
gait_20260920_035116_owner_phone_shake_1,owner_phone_shake_1,2533342492065027,2026-09-20T03:51:42.830211Z,-0.3321955,1.8872294,13.8825541,-1.6218572,-0.4730375,0.5849518,0.0434705,1.7201296,9.6579180,0.0378336,0.0877323,0.8923094,0.4411980
gait_20260920_035116_owner_phone_shake_1,owner_phone_shake_1,2533342502124313,2026-09-20T03:51:42.839778Z,-0.4477905,2.1625626,13.9224329,-1.6218572,-0.4730375,0.5849518,0.0798328,1.5721666,9.6828728,0.0358535,0.0800287,0.8952133,0.4369248
gait_20260920_035116_owner_phone_shake_1,owner_phone_shake_1,2533342512233484,2026-09-20T03:51:42.850634Z,-0.5268740,2.4155998,13.4860144,-1.4080544,-0.0918962,0.5692638,0.0882290,1.4393587,9.7034311,0.0335798,0.0731040,0.8969770,0.4346959
gait_20260920_035116_owner_phone_shake_1,owner_phone_shake_1,2533342522312423,2026-09-20T03:51:42.859930Z,-0.5246295,2.7864017,12.7376022,-1.4080544,-0.0918962,0.5692638,0.0638732,1.3184268,9.7207909,0.0301537,0.0676192,0.8989795,0.4316875
gait_20260920_035116_owner_phone_shake_1,owner_phone_shake_1,2533342532396693,2026-09-20T03:51:42.870443Z,-0.4862474,3.2802808,11.8072300,-1.1945180,0.5341240,0.6538323,0.0069414,1.2061118,9.7355719,0.0255154,0.0632547,0.9008459,0.4287475
gait_20260920_035116_owner_phone_shake_1,owner_phone_shake_1,2533342542481164,2026-09-20T03:51:42.879959Z,-0.3054852,3.8892310,10.9085064,-1.1945180,0.5341240,0.6538323,-0.0764483,1.0960110,9.7482834,0.0196163,0.0598255,0.9028892,0.4252381
gait_20260920_035116_owner_phone_shake_1,owner_phone_shake_1,2533342552565515,2026-09-20T03:51:42.890305Z,0.0748188,4.5703068,10.2563114,-1.1933689,1.0100926,0.7928758,-0.1756786,0.9821165,9.7591343,0.0127093,0.0567506,0.9050106,0.4213950
gait_20260920_035116_owner_phone_shake_1,owner_phone_shake_1,2533342562656417,2026-09-20T03:51:42.900265Z,0.5167735,5.2240734,10.0035734,-1.1933689,1.0100926,0.7928758,-0.2775140,0.8602525,9.7682686,0.0052488,0.0535528,0.9072637,0.4171059
gait_20260920_035116_owner_phone_shake_1,owner_phone_shake_1,2533342572740117,2026-09-20T03:51:42.910839Z,0.8536825,5.7902269,10.2313967,-1.3673688,1.0181531,0.8896183,-0.3682900,0.7294648,9.7759066,-0.0021491,0.0497931,0.9095170,0.4126680
gait_20260920_035116_owner_phone_shake_1,owner_phone_shake_1,2533342582824548,2026-09-20T03:51:42.920350Z,1.0476129,6.2711625,10.7790699,-1.3673688,1.0181531,0.8896183,-0.4349954,0.5932914,9.7823763,-0.0088599,0.0452290,0.9117168,0.4082259
gait_20260920_035116_owner_phone_shake_1,owner_phone_shake_1,2533342592883793,2026-09-20T03:51:42.931027Z,1.2957869,6.5162687,11.4451075,-1.4422448,0.5245481,0.7820840,-0.4707195,0.4590379,9.7879419,-0.0142245,0.0398913,0.9136829,0.4042154
gait_20260920_035116_owner_phone_shake_1,owner_phone_shake_1,2533342602993494,2026-09-20T03:51:42.940436Z,1.4823849,6.4900074,11.9976444,-1.4422448,0.5245481,0.7820840,-0.4764574,0.3364915,9.7926445,-0.0179248,0.0342064,0.9153408,0.4008240
gait_20260920_035116_owner_phone_shake_1,owner_phone_shake_1,2533342613078170,2026-09-20T03:51:42.950866Z,1.5448587,6.2587423,12.3812399,-1.1844590,-0.0582720,0.4945377,-0.4570330,0.2324633,9.7965908,-0.0199360,0.0286788,0.9166060,0.3982630
gait_20260920_035116_owner_phone_shake_1,owner_phone_shake_1,2533342623162113,2026-09-20T03:51:42.960631Z,1.3815292,5.9272203,12.5322247,-1.1844590,-0.0582720,0.4945377,-0.4191450,0.1501524,9.7998915,-0.0204604,0.0236950,0.9174682,0.3965753
gait_20260920_035116_owner_phone_shake_1,owner_phone_shake_1,2533342633246749,2026-09-20T03:51:42.970912Z,1.1401638,5.4948425,12.3669500,-0.7636815,-0.4005264,0.1594778,-0.3726367,0.0880085,9.8025255,-0.0198518,0.0194113,0.9179417,0.3957425
gait_20260920_035116_owner_phone_shake_1,owner_phone_shake_1,2533342643331263,2026-09-20T03:51:42.981062Z,0.8032547,5.1393037,12.0616884,-0.7636815,-0.4005264,0.1594778,-0.3332343,0.0415142,9.8042507,-0.0188406,0.0159820,0.9181420,0.3954807
gait_20260920_035116_owner_phone_shake_1,owner_phone_shake_1,2533342653415653,2026-09-20T03:51:42.991156Z,0.3875614,4.9642277,11.8038635,-0.4797823,-0.3026347,0.0051960,-0.3059000,0.0033491,9.8052292,-0.0181063,0.0133699,0.9182001,0.3954771
gait_20260920_035116_owner_phone_shake_1,owner_phone_shake_1,2533342663501021,2026-09-20T03:51:43.001013Z,0.1263690,4.8653173,11.7464027,-0.4797823,-0.3026347,0.0051960,-0.2888052,-0.0332831,9.8056917,-0.0178094,0.0111857,0.9182717,0.3953921
gait_20260920_035116_owner_phone_shake_1,owner_phone_shake_1,2533342673577275,2026-09-20T03:51:43.011410Z,0.2554314,4.8490815,11.8820486,-0.4348668,-0.1321987,0.1144623,-0.2790141,-0.0707755,9.8057766,-0.0179306,0.0091606,0.9184956,0.3949182
gait_20260920_035116_owner_phone_shake_1,owner_phone_shake_1,2533342683669274,2026-09-20T03:51:43.021405Z,0.5136311,4.9602623,12.1436901,-0.4348668,-0.1321987,0.1144623,-0.2721895,-0.1082573,9.8056259,-0.0183159,0.0072042,0.9189873,0.3937957
gait_20260920_035116_owner_phone_shake_1,owner_phone_shake_1,2533342693728438,2026-09-20T03:51:43.031333Z,0.8012345,5.1693058,12.3696432,-0.4163809,-0.0866503,0.3581256,-0.2639028,-0.1428981,9.8054085,-0.0186819,0.0053069,0.9197388,0.3920504
gait_20260920_035116_owner_phone_shake_1,owner_phone_shake_1,2533342703837773,2026-09-20T03:51:43.041911Z,1.1320084,5.3658547,12.5349178,-0.4163809,-0.0866503,0.3581256,-0.2558463,-0.1714854,9.8051643,-0.0188797,0.0035900,0.9206443,0.3899293
gait_20260920_035116_owner_phone_shake_1,owner_phone_shake_1,2533342713922775,2026-09-20T03:51:43.051750Z,1.2638392,5.4682817,12.6873236,-0.3013191,-0.0510442,0.4262234,-0.2515945,-0.1925956,9.8048820,-0.0190466,0.0022476,0.9215564,0.3877705
gait_20260920_035116_owner_phone_shake_1,owner_phone_shake_1,2533342723981408,2026-09-20T03:51:43.062252Z,1.1888708,5.4683566,12.7805481,-0.3013191,-0.0510442,0.4262234,-0.2499575,-0.2050801,9.8046713,-0.0192246,0.0013656,0.9223655,0.3858373
gait_20260920_035116_owner_phone_shake_1,owner_phone_shake_1,2533342734107873,2026-09-20T03:51:43.074050Z,0.9174281,5.2593131,12.7542868,-0.1244047,-0.0053959,0.3006030,-0.2497942,-0.2079575,9.8046150,-0.0193007,0.0009352,0.9230102,0.3842900
gait_20260920_035116_owner_phone_shake_1,owner_phone_shake_1,2533342744176559,2026-09-20T03:51:43.081949Z,0.4658967,4.9692407,12.6737070,-0.1244047,-0.0053959,0.3006030,-0.2548706,-0.2009614,9.8046293,-0.0193249,0.0010409,0.9234727,0.3831758
gait_20260920_035116_owner_phone_shake_1,owner_phone_shake_1,2533342754259932,2026-09-20T03:51:43.091840Z,0.0207996,4.7269773,12.5105267,0.0720115,0.0966426,0.1535823,-0.2668616,-0.1849114,9.8046265,-0.0194784,0.0017235,0.9237790,0.3824267
gait_20260920_035116_owner_phone_shake_1,owner_phone_shake_1,2533342764344364,2026-09-20T03:51:43.101913Z,-0.3020435,4.5576620,12.3519106,0.0720115,0.0966426,0.1535823,-0.2871807,-0.1609160,9.8044758,-0.0198121,0.0029544,0.9240401,0.3817707
gait_20260920_035116_owner_phone_shake_1,owner_phone_shake_1,2533342774407190,2026-09-20T03:51:43.112486Z,-0.2702455,4.5505543,12.2622032,0.2236120,0.2496420,0.2046432,-0.3158072,-0.1306738,9.8040447,-0.0204228,0.0046814,0.9243790,0.3808999
gait_20260920_035116_owner_phone_shake_1,owner_phone_shake_1,2533342784513066,2026-09-20T03:51:43.123109Z,-0.0167594,4.6866498,12.2454443,0.2236120,0.2496420,0.2046432,-0.3493119,-0.0941949,9.8033266,-0.0212430,0.0068213,0.9249344,0.3794715
gait_20260920_035116_owner_phone_shake_1,owner_phone_shake_1,2533342794598555,2026-09-20T03:51:43.132732Z,0.3223942,5.0259533,12.2873421,0.3478001,0.3414717,0.4773675,-0.3848653,-0.0504261,9.8023186,-0.0221048,0.0093277,0.9257773,0.3773075
gait_20260920_035116_owner_phone_shake_1,owner_phone_shake_1,2533342804683353,2026-09-20T03:51:43.142746Z,0.6871359,5.4239144,12.3501158,0.3478001,0.3414717,0.4773675,-0.4172088,0.0021273,9.8011246,-0.0228036,0.0121837,0.9269056,0.3744028
gait_20260920_035116_owner_phone_shake_1,owner_phone_shake_1,2533342814767460,2026-09-20T03:51:43.152395Z,0.9333646,5.8721538,12.5935011,0.5110417,0.2792194,0.7176001,-0.4418646,0.0646584,9.7998314,-0.0230817,0.0153795,0.9282235,0.3709879
gait_20260920_035116_owner_phone_shake_1,owner_phone_shake_1,2533342824852177,2026-09-20T03:51:43.162341Z,1.1364976,6.2561240,12.9222546,0.5110417,0.2792194,0.7176001,-0.4549035,0.1382327,9.7984724,-0.0227334,0.0188590,0.9296287,0.3673118
gait_20260920_035116_owner_phone_shake_1,owner_phone_shake_1,2533342834935591,2026-09-20T03:51:43.172766Z,1.2449101,6.4478846,13.2496614,0.7443630,0.0754422,0.7721416,-0.4554839,0.2257351,9.7968206,-0.0215785,0.0227135,0.9310220,0.3636160
gait_20260920_035116_owner_phone_shake_1,owner_phone_shake_1,2533342844996627,2026-09-20T03:51:43.182558Z,1.4056957,6.4996591,13.4107466,0.7443630,0.0754422,0.7721416,-0.4466506,0.3306566,9.7942467,-0.0196374,0.0271121,0.9323157,0.3600929
gait_20260920_035116_owner_phone_shake_1,owner_phone_shake_1,2533342855105147,2026-09-20T03:51:43.192487Z,1.4710873,6.4658408,13.3279219,1.1053030,-0.0748260,0.6844422,-0.4326204,0.4550769,9.7898855,-0.0170061,0.0322905,0.9334384,0.3568768
gait_20260920_035116_owner_phone_shake_1,owner_phone_shake_1,2533342865188724,2026-09-20T03:51:43.202502Z,1.5175498,6.4331450,13.0792990,1.1053030,-0.0748260,0.6844422,-0.4226741,0.5982520,9.7826147,-0.0140062,0.0384117,0.9343690,0.3539536
gait_20260920_035116_owner_phone_shake_1,owner_phone_shake_1,2533342875272912,2026-09-20T03:51:43.213262Z,1.6710031,6.5659485,12.8345671,1.4381813,0.0280951,0.5892818,-0.4227440,0.7534723,9.7718821,-0.0111418,0.0454484,0.9351145,0.3512423
gait_20260920_035116_owner_phone_shake_1,owner_phone_shake_1,2533342885342208,2026-09-20T03:51:43.223200Z,1.8189199,6.8094091,12.6342773,1.4381813,0.0280951,0.5892818,-0.4330178,0.9132515,9.7577963,-0.0086588,0.0531011,0.9357461,0.3485465
gait_20260920_035116_owner_phone_shake_1,owner_phone_shake_1,2533342895443038,2026-09-20T03:51:43.233148Z,2.0965724,6.9725885,12.5130711,1.5219338,0.2684276,0.5841357,-0.4562708,1.0711559,9.7406645,-0.0067242,0.0610199,0.9363090,0.3457701
gait_20260920_035116_owner_phone_shake_1,owner_phone_shake_1,2533342905526371,2026-09-20T03:51:43.243119Z,2.3290346,7.1265659,12.4909248,1.5219338,0.2684276,0.5841357,-0.4949312,1.2256424,9.7205429,-0.0056217,0.0690695,0.9368445,0.3428122
gait_20260920_035116_owner_phone_shake_1,owner_phone_shake_1,2533342915610966,2026-09-20T03:51:43.253214Z,2.4017584,7.2662525,12.4728184,1.4796995,0.5635848,0.6058857,-0.5447231,1.3778214,9.6974735,-0.0052896,0.0772052,0.9373317,0.3397363
gait_20260920_035116_owner_phone_shake_1,owner_phone_shake_1,2533342925689498,2026-09-20T03:51:43.263379Z,2.4838347,7.3071785,12.3542309,1.4796995,0.5635848,0.6058857,-0.6015366,1.5345863,9.6705379,-0.0054343,0.0855517,0.9377490,0.3365681
gait_20260920_035116_owner_phone_shake_1,owner_phone_shake_1,2533342935774010,2026-09-20T03:51:43.273106Z,2.6866684,7.2732105,11.9302320,1.6241888,0.7206478,0.6187925,-0.6608441,1.7050766,9.6380558,-0.0057146,0.0944420,0.9380473,0.3333399
gait_20260920_035116_owner_phone_shake_1,owner_phone_shake_1,2533342945858809,2026-09-20T03:51:43.283723Z,3.0279169,7.2100635,11.1218147,1.6241888,0.7206478,0.6187925,-0.7180594,1.8971367,9.5979881,-0.0057480,0.1042317,0.9381864,0.3300137
gait_20260920_035116_owner_phone_shake_1,owner_phone_shake_1,2533342955942753,2026-09-20T03:51:43.293318Z,3.4004397,7.1457195,10.0605850,2.0537262,0.7240785,0.6091665,-0.7710785,2.1135736,9.5485258,-0.0052727,0.1151313,0.9380687,0.3267174
gait_20260920_035116_owner_phone_shake_1,owner_phone_shake_1,2533342966033166,2026-09-20T03:51:43.304788Z,3.7293432,7.0620718,8.8300400,2.0537262,0.7240785,0.6091665,-0.8191378,2.3517680,9.4886408,-0.0042168,0.1272107,0.9376084,0.3235585
gait_20260920_035116_owner_phone_shake_1,owner_phone_shake_1,2533342976117679,2026-09-20T03:51:43.314024Z,3.8197992,7.0593786,7.6083241,2.4797831,0.6334646,0.4810147,-0.8605888,2.6050043,9.4185686,-0.0025799,0.1401679,0.9367275,0.3207616
gait_20260920_035116_owner_phone_shake_1,owner_phone_shake_1,2533342986201826,2026-09-20T03:51:43.325211Z,3.7912931,7.0815248,6.5393128,2.4797831,0.6334646,0.4810147,-0.8706133,2.8850567,9.3356619,-0.0003425,0.1535847,0.9354001,0.3184938
gait_20260920_035116_owner_phone_shake_1,owner_phone_shake_1,2533342996287317,2026-09-20T03:51:43.333948Z,3.7701943,6.9974284,5.6720133,2.6222405,0.3809581,0.2474770,-0.0991925,3.9347320,8.9857750,0.0136096,0.1726137,0.9328949,0.3157951
gait_20260920_035116_owner_phone_shake_1,owner_phone_shake_1,2533343006370568,2026-09-20T03:51:43.344205Z,3.7041292,6.7463365,4.9857006,2.6222405,0.3809581,0.2474770,0.1453055,4.4152083,8.7590485,0.0744411,0.2148533,0.9240279,0.3073580
gait_20260920_035116_owner_phone_shake_1,owner_phone_shake_1,2533343016430423,2026-09-20T03:51:43.354892Z,3.4222870,6.4743705,4.5311017,2.4949214,0.0525930,-0.0318423,0.1501632,4.6388555,8.6426029,0.0807560,0.2280446,0.9208127,0.3059055
gait_20260920_035116_owner_phone_shake_1,owner_phone_shake_1,2533343026515506,2026-09-20T03:51:43.378097Z,2.9895349,6.1589341,4.2024975,2.4949214,0.0525930,-0.0318423,0.1522099,4.7429881,8.5858603,0.0849084,0.2392240,0.9176372,0.3057851
gait_20260920_035116_owner_phone_shake_1,owner_phone_shake_1,2533343036599572,2026-09-20T03:51:43.378342Z,2.5154829,5.7674823,3.9436243,2.2299080,-0.1929688,-0.3674018,0.1543234,4.8438549,8.5293236,0.0870237,0.2445097,0.9159414,0.3060938
gait_20260920_035116_owner_phone_shake_1,owner_phone_shake_1,2533343046708865,2026-09-20T03:51:43.385335Z,2.0210803,5.3294182,3.7140801,2.2299080,-0.1929688,-0.3674018,0.1534584,5.1208034,8.3659983,0.0929397,0.2590181,0.9105386,0.3085308
gait_20260920_035116_owner_phone_shake_1,owner_phone_shake_1,2533343056792891,2026-09-20T03:51:43.394361Z,1.5502456,4.8052378,3.3823335,1.9706732,-0.1656231,-0.6554977,0.1207655,5.3680758,8.2100725,0.0961211,0.2681094,0.9067507,0.3109360
gait_20260920_035116_owner_phone_shake_1,owner_phone_shake_1,2533343066877730,2026-09-20T03:51:43.404947Z,1.0370635,4.2187328,2.8299465,1.9706732,-0.1656231,-0.6554977,0.0794765,5.5246553,8.1060467,0.0986021,0.2770867,0.9028753,0.3135552
gait_20260920_035116_owner_phone_shake_1,owner_phone_shake_1,2533343076962527,2026-09-20T03:51:43.415094Z,0.4966472,3.6926820,2.1829882,1.8320462,0.0824368,-0.8400562,0.0210099,5.6755757,8.0014696,0.1001835,0.2860787,0.8989124,0.3163525
gait_20260920_035116_owner_phone_shake_1,owner_phone_shake_1,2533343087021284,2026-09-20T03:51:43.425255Z,0.0347907,3.2829742,1.4950293,1.8320462,0.0824368,-0.8400562,-0.0482971,5.8212910,7.8959703,0.1010417,0.2951035,0.8948785,0.3192132
gait_20260920_035116_owner_phone_shake_1,owner_phone_shake_1,2533343097132083,2026-09-20T03:51:43.434709Z,-0.2932149,2.9273605,0.7975684,1.7277427,0.2013124,-0.8797092,-0.1180690,5.9602251,7.7908850,0.1015858,0.3040034,0.8908119,0.3220503
gait_20260920_035116_owner_phone_shake_1,owner_phone_shake_1,2533343107208540,2026-09-20T03:51:43.444896Z,-0.5432593,2.6865187,0.1480664,1.7277427,0.2013124,-0.8797092,-0.1813517,6.0909338,7.6878953,0.1022456,0.3125170,0.8867684,0.3248396
gait_20260920_035116_owner_phone_shake_1,owner_phone_shake_1,2533343117300825,2026-09-20T03:51:43.454982Z,-0.7372645,2.5816228,-0.3948188,1.5015993,0.0541752,-0.8079475,-0.2347490,6.2082372,7.5920224,0.1032094,0.3203250,0.8828278,0.3276502
gait_20260920_035116_owner_phone_shake_1,owner_phone_shake_1,2533343127359297,2026-09-20T03:51:43.464893Z,-0.8926631,2.5147347,-0.7219266,1.5015993,0.0541752,-0.8079475,-0.2774071,6.3073707,7.5084105,0.1044657,0.3271024,0.8790823,0.3306135
gait_20260920_035116_owner_phone_shake_1,owner_phone_shake_1,2533343137443485,2026-09-20T03:51:43.474840Z,-1.0794109,2.4245033,-0.7382371,1.0217004,-0.2324219,-0.7759054,-0.3089318,6.3818994,7.4439268,0.1059760,0.3324354,0.8756407,0.3339298
gait_20260920_035116_owner_phone_shake_1,owner_phone_shake_1,2533343147527997,2026-09-20T03:51:43.485103Z,-1.2840403,2.2610991,-0.3960907,1.0217004,-0.2324219,-0.7759054,-0.3318213,6.4280281,7.4031377,0.1075964,0.3359791,0.8726105,0.3377752
gait_20260920_035116_owner_phone_shake_1,owner_phone_shake_1,2533343157612877,2026-09-20T03:51:43.494996Z,-1.4830583,1.9831471,0.1659481,0.3126438,-0.5026482,-0.8148256,-0.3506488,6.4437437,7.3885942,0.1090288,0.3375952,0.8700864,0.3421872
gait_20260920_035116_owner_phone_shake_1,owner_phone_shake_1,2533343167733239,2026-09-20T03:51:43.505227Z,-1.6972646,1.6367362,0.8509890,0.3126438,-0.5026482,-0.8148256,-0.3690365,6.4301414,7.3995404,0.1099704,0.3373657,0.8681290,0.3470491
gait_20260920_035116_owner_phone_shake_1,owner_phone_shake_1,2533343177807417,2026-09-20T03:51:43.515417Z,-1.8696470,1.2908489,1.5433623,-0.3711156,-0.5768580,-0.8312796,-0.3869892,6.3903532,7.4330163,0.1102552,0.3355047,0.8667644,0.3521363
gait_20260920_035116_owner_phone_shake_1,owner_phone_shake_1,2533343187912885,2026-09-20T03:51:43.525313Z,-1.9692309,0.9465327,2.2331169,-0.3711156,-0.5768580,-0.8312796,-0.4018265,6.3300529,7.4836540,0.1099750,0.3322775,0.8659592,0.3572279
gait_20260920_035116_owner_phone_shake_1,owner_phone_shake_1,2533343197975263,2026-09-20T03:51:43.535608Z,-1.9800797,0.6564602,2.8663831,-0.8484498,-0.5678982,-0.7225630,-0.4098825,6.2532349,7.5475268,0.1093322,0.3279661,0.8656737,0.3620688
gait_20260920_035116_owner_phone_shake_1,owner_phone_shake_1,2533343208038089,2026-09-20T03:51:43.545530Z,-1.9131168,0.5055506,3.4446578,-0.8484498,-0.5678982,-0.7225630,-0.4081971,6.1644959,7.6202679,0.1085681,0.3227756,0.8658463,0.3665232
gait_20260920_035116_owner_phone_shake_1,owner_phone_shake_1,2533343218144371,2026-09-20T03:51:43.555773Z,-1.7999908,0.4948516,3.9683893,-1.1341143,-0.5987579,-0.5057124,-0.3947420,6.0668788,7.6989136,0.1078575,0.3168424,0.8664194,0.3705336
gait_20260920_035116_owner_phone_shake_1,owner_phone_shake_1,2533343228229576,2026-09-20T03:51:43.565766Z,-1.6189293,0.5419874,4.3847561,-1.1341143,-0.5987579,-0.5057124,-0.3686652,5.9625702,7.7812562,0.1073662,0.3103585,0.8673268,0.3740244
gait_20260920_035116_owner_phone_shake_1,owner_phone_shake_1,2533343238313317,2026-09-20T03:51:43.576083Z,-1.3905075,0.5772271,4.6915131,-1.2842326,-0.6404092,-0.2594179,-0.3336591,5.8537989,7.8649745,0.1070931,0.3034508,0.8685195,0.3769913
gait_20260920_035116_owner_phone_shake_1,owner_phone_shake_1,2533343248397708,2026-09-20T03:51:43.586100Z,-1.2256817,0.6300492,4.8387566,-1.2842326,-0.6404092,-0.2594179,-0.2957791,5.7406235,7.9494572,0.1068116,0.2963007,0.8699522,0.3794475
gait_20260920_035116_owner_phone_shake_1,owner_phone_shake_1,2533343258482099,2026-09-20T03:51:43.596248Z,-1.1927613,0.7080103,4.9144731,-1.3930658,-0.5590882,-0.1040869,-0.2593205,5.6218781,8.0351324,0.1062983,0.2889880,0.8715668,0.3815207
gait_20260920_035116_owner_phone_shake_1,owner_phone_shake_1,2533343268567589,2026-09-20T03:51:43.606143Z,-1.2394483,0.7584382,5.0197430,-1.3930658,-0.5590882,-0.1040869,-0.2246380,5.4949837,8.1234722,0.1054319,0.2814461,0.8733252,0.3833736
gait_20260920_035116_owner_phone_shake_1,owner_phone_shake_1,2533343278650963,2026-09-20T03:51:43.616451Z,-1.1852795,0.7845500,5.2771945,-1.5799559,-0.5006830,-0.0344736,-0.1878702,5.3572044,8.2159100,0.1042888,0.2734697,0.8752306,0.3851099
gait_20260920_035116_owner_phone_shake_1,owner_phone_shake_1,2533343288745690,2026-09-20T03:51:43.626209Z,-0.9229648,0.7781904,5.7217679,-1.5799559,-0.5006830,-0.0344736,-0.1439395,5.2070937,8.3127346,0.1030496,0.2648549,0.8773083,0.3867335
gait_20260920_035116_owner_phone_shake_1,owner_phone_shake_1,2533343298835940,2026-09-20T03:51:43.636333Z,-0.5872528,0.8096891,6.3405943,-1.8255677,-0.5936451,0.0628352,-0.0889604,5.0446830,8.4130478,0.1019326,0.2555021,0.8795546,0.3882168
gait_20260920_035116_owner_phone_shake_1,owner_phone_shake_1,2533343308905398,2026-09-20T03:51:43.646438Z,-0.1547253,0.9706243,7.1846251,-1.8255677,-0.5936451,0.0628352,-0.0200947,4.8715010,8.5149393,0.1011112,0.2453672,0.8819405,0.3895541
gait_20260920_035116_owner_phone_shake_1,owner_phone_shake_1,2533343318983076,2026-09-20T03:51:43.656492Z,0.2861071,1.2828432,8.2692738,-2.0272632,-0.8271828,0.1764148,0.0652649,4.6894693,8.6163063,0.1007810,0.2344877,0.8843940,0.3907763
gait_20260920_035116_owner_phone_shake_1,owner_phone_shake_1,2533343329067385,2026-09-20T03:51:43.667905Z,0.6149358,1.6651673,9.5604963,-2.0272632,-0.8271828,0.1764148,0.1811678,4.4231515,8.7543707,0.1011132,0.2228968,0.8868274,0.3919572
gait_20260920_035116_owner_phone_shake_1,owner_phone_shake_1,2533343339151777,2026-09-20T03:51:43.677082Z,0.8305635,1.9909283,10.8277025,-2.1063359,-1.1420581,0.2287913,0.3122981,4.1609054,8.8783703,0.0997581,0.2028880,0.8917268,0.3920564
gait_20260920_035116_owner_phone_shake_1,owner_phone_shake_1,2533343349219607,2026-09-20T03:51:43.687527Z,0.9951649,2.2049849,11.9837275,-2.1063359,-1.1420581,0.2287913,0.4389986,3.9734049,8.9585409,0.1014946,0.1907007,0.8936642,0.3933147
gait_20260920_035116_owner_phone_shake_1,owner_phone_shake_1,2533343359299971,2026-09-20T03:51:43.697030Z,0.9763854,2.3247697,12.8558903,-1.9639283,-1.3032846,0.1942012,0.5667063,3.7952995,9.0283251,0.1036668,0.1788409,0.8952806,0.3946415
gait_20260920_035116_owner_phone_shake_1,owner_phone_shake_1,2533343369405032,2026-09-20T03:51:43.707021Z,0.7560440,2.3739257,13.3594961,-1.9639283,-1.3032846,0.1942012,0.6855691,3.6286104,9.0884151,0.1059213,0.1676477,0.8965873,0.3959877
gait_20260920_035116_owner_phone_shake_1,owner_phone_shake_1,2533343379489505,2026-09-20T03:51:43.717172Z,0.5353285,2.4800189,13.5569429,-1.7038110,-1.0726447,0.1690704,0.7843243,3.4730282,9.1410627,0.1077135,0.1573910,0.8977213,0.3971429
gait_20260920_035116_owner_phone_shake_1,owner_phone_shake_1,2533343389555992,2026-09-20T03:51:43.727298Z,0.5280711,2.7903674,13.4750156,-1.7038110,-1.0726447,0.1690704,0.8559669,3.3263872,9.1890469,0.1084840,0.1482545,0.8989093,0.3977614
gait_20260920_035116_owner_phone_shake_1,owner_phone_shake_1,2533343399663983,2026-09-20T03:51:43.737549Z,0.6663362,3.2240171,13.1961660,-1.5120246,-0.4664426,0.3546116,0.9001650,3.1843452,9.2350283,0.1079723,0.1401507,0.9003862,0.3974980
gait_20260920_035116_owner_phone_shake_1,owner_phone_shake_1,2533343409749880,2026-09-20T03:51:43.747506Z,0.8830863,3.7803698,12.9369192,-1.5120246,-0.4664426,0.3546116,0.9186911,3.0410361,9.2813911,0.1061002,0.1328283,0.9022778,0.3962251
gait_20260920_035116_owner_phone_shake_1,owner_phone_shake_1,2533343419807742,2026-09-20T03:51:43.757287Z,1.1732336,4.4150577,12.7060280,-1.4951543,0.1312494,0.6311830,0.9163124,2.8942063,9.3284531,0.1029780,0.1259828,0.9045594,0.3940766
gait_20260920_035116_owner_phone_shake_1,owner_phone_shake_1,2533343429917687,2026-09-20T03:51:43.767802Z,1.5255554,5.0795236,12.5249672,-1.4951543,0.1312494,0.6311830,0.8969005,2.7443764,9.3755035,0.0988672,0.1193942,0.9071093,0.3913097
gait_20260920_035116_owner_phone_shake_1,owner_phone_shake_1,2533343440002403,2026-09-20T03:51:43.777817Z,1.8531121,5.6163483,12.3872252,-1.5373054,0.5161711,0.7441464,0.8623204,2.5924861,9.4218636,0.0939670,0.1130334,0.9097600,0.3882401
gait_20260920_035116_owner_phone_shake_1,owner_phone_shake_1,2533343450086632,2026-09-20T03:51:43.788218Z,1.9149125,6.0444613,12.3698673,-1.5373054,0.5161711,0.7441464,0.8174132,2.4424210,9.4658613,0.0885272,0.1069142,0.9123013,0.3852772
gait_20260920_035116_owner_phone_shake_1,owner_phone_shake_1,2533343460171756,2026-09-20T03:51:43.798051Z,1.7999908,6.3008657,12.5158386,-1.5178702,0.6244881,0.5489627,0.7694564,2.2965765,9.5063028,0.0829404,0.1009816,0.9145063,0.3828864
gait_20260920_035116_owner_phone_shake_1,owner_phone_shake_1,2533343470255210,2026-09-20T03:51:43.808498Z,1.5883284,6.3243585,12.6887455,-1.5178702,0.6244881,0.5489627,0.7265978,2.1587179,9.5419130,0.0776598,0.0952237,0.9162331,0.3813377
gait_20260920_035116_owner_phone_shake_1,owner_phone_shake_1,2533343480339724,2026-09-20T03:51:43.817883Z,1.2792519,6.1155396,12.8032932,-1.3583091,0.4224097,0.2066583,0.6938168,2.0334561,9.5718222,0.0731030,0.0897237,0.9174501,0.3806455
gait_20260920_035116_owner_phone_shake_1,owner_phone_shake_1,2533343490424156,2026-09-20T03:51:43.828041Z,0.9805004,5.7504983,12.8378592,-1.3583091,0.4224097,0.2066583,0.6712263,1.9232514,9.5961800,0.0694122,0.0846300,0.9182110,0.3806685
gait_20260920_035116_owner_phone_shake_1,owner_phone_shake_1,2533343500508833,2026-09-20T03:51:43.847198Z,0.6934206,5.4093995,12.7585516,-1.0623026,0.1829098,-0.0241482,0.6564464,1.8294479,9.6155243,0.0665356,0.0800864,0.9186305,0.3811523
gait_20260920_035116_owner_phone_shake_1,owner_phone_shake_1,2533343510594037,2026-09-20T03:51:43.848736Z,0.4857237,5.2152448,12.5974665,-1.0623026,0.1829098,-0.0241482,0.6458389,1.7514441,9.6307554,0.0642753,0.0761964,0.9188746,0.3817492
gait_20260920_035116_owner_phone_shake_1,owner_phone_shake_1,2533343520677859,2026-09-20T03:51:43.858332Z,0.4893898,5.1789575,12.3411369,-0.7420147,0.1009393,0.0141558,0.6371464,1.6879450,9.6426649,0.0624407,0.0730100,0.9191244,0.3820747
gait_20260920_035116_owner_phone_shake_1,owner_phone_shake_1,2533343530762047,2026-09-20T03:51:43.868371Z,0.6783073,5.2911110,12.0571251,-0.7420147,0.1009393,0.0141558,0.6289061,1.6377829,9.6518517,0.0608898,0.0704856,0.9195358,0.3818091
gait_20260920_035116_owner_phone_shake_1,owner_phone_shake_1,2533343540821250,2026-09-20T03:51:43.878577Z,0.9758617,5.4408236,11.6818342,-0.4555010,0.1287680,0.2483264,0.6205087,1.6002191,9.6586943,0.0595639,0.0686251,0.9201619,0.3808474
gait_20260920_035116_owner_phone_shake_1,owner_phone_shake_1,2533343550907229,2026-09-20T03:51:43.889024Z,1.2977321,5.5856724,11.2061357,-0.4555010,0.1287680,0.2483264,0.6100925,1.5744345,9.6635942,0.0584173,0.0674092,0.9209576,0.3793160
gait_20260920_035116_owner_phone_shake_1,owner_phone_shake_1,2533343560990277,2026-09-20T03:51:43.898607Z,1.5871313,5.7527428,10.7848310,-0.2450622,0.2092397,0.3747795,0.5949282,1.5558254,9.6675529,0.0572827,0.0667434,0.9218189,0.3775102
gait_20260920_035116_owner_phone_shake_1,owner_phone_shake_1,2533343571099856,2026-09-20T03:51:43.908868Z,1.7129765,5.8705077,10.4705172,-0.2450622,0.2092397,0.3747795,0.5744238,1.5387256,9.6715288,0.0559908,0.0663754,0.9226297,0.3757842
gait_20260920_035116_owner_phone_shake_1,owner_phone_shake_1,2533343581184409,2026-09-20T03:51:43.919266Z,1.5652841,5.8740244,10.3124256,-0.2448457,0.2905107,0.2302735,0.5487259,1.5176716,9.6763468,0.0544544,0.0660163,0.9232561,0.3745327
gait_20260920_035116_owner_phone_shake_1,owner_phone_shake_1,2533343591268597,2026-09-20T03:51:43.929323Z,1.2855366,5.6259999,10.2643166,-0.2448457,0.2905107,0.2302735,0.5183476,1.4893116,9.6824265,0.0526171,0.0654122,0.9236109,0.3740263
gait_20260920_035116_owner_phone_shake_1,owner_phone_shake_1,2533343601328209,2026-09-20T03:51:43.939167Z,0.8211364,5.1810527,10.4530849,-0.4003266,0.3252674,-0.0979083,0.4842076,1.4522562,9.6898193,0.0504652,0.0644539,0.9236529,0.3743854
gait_20260920_035116_owner_phone_shake_1,owner_phone_shake_1,2533343611438560,2026-09-20T03:51:43.949447Z,0.3009212,4.6218567,10.8001690,-0.4003266,0.3252674,-0.0979083,0.4482843,1.4069284,9.6982317,0.0480527,0.0630860,0.9233847,0.3755954
gait_20260920_035116_owner_phone_shake_1,owner_phone_shake_1,2533343621519696,2026-09-20T03:51:43.959199Z,-0.1928081,4.0168719,11.0961523,-0.5366055,0.3207043,-0.3867536,0.4103389,1.3571415,9.7070026,0.0454909,0.0613842,0.9228604,0.3774803
gait_20260920_035116_owner_phone_shake_1,owner_phone_shake_1,2533343631581464,2026-09-20T03:51:43.976487Z,-0.6744915,3.4968064,11.3042231,-0.5366055,0.3207043,-0.3867536,0.3673945,1.3084413,9.7154055,0.0427355,0.0596848,0.9221928,0.3796999
gait_20260920_035116_owner_phone_shake_1,owner_phone_shake_1,2533343641666059,2026-09-20T03:51:43.981441Z,-1.0531495,3.1735144,11.4304428,-0.4970858,0.3873365,-0.4468409,0.3207666,1.2647808,9.7228355,0.0398033,0.0582374,0.9215013,0.3819157
gait_20260920_035116_owner_phone_shake_1,owner_phone_shake_1,2533343666876873,2026-09-20T03:51:44.004402Z,-0.9867104,3.2189293,11.6405334,-0.3302802,0.4018754,-0.2322554,0.2108884,1.1929126,9.7349167,0.0318589,0.0562985,0.9204887,0.3853777
gait_20260920_035116_owner_phone_shake_1,owner_phone_shake_1,2533343687053713,2026-09-20T03:51:44.024610Z,-0.1873463,3.8708255,11.3745527,-0.0824202,0.3514973,0.1230890,0.1460971,1.1911738,9.7363167,0.0286793,0.0575403,0.9212835,0.3835406
gait_20260920_035116_owner_phone_shake_1,owner_phone_shake_1,2533343707214927,2026-09-20T03:51:44.044665Z,0.1688660,4.4174519,10.7578964,0.1578624,0.3365588,0.2761217,0.0874183,1.2353878,9.7315102,0.0266282,0.0608587,0.9223320,0.3806452
gait_20260920_035116_owner_phone_shake_1,owner_phone_shake_1,2533343727409223,2026-09-20T03:51:44.064927Z,-0.0602291,4.6515598,10.4542818,0.2066750,0.3549114,0.2128369,0.0215432,1.2834324,9.7256594,0.0243413,0.0644623,0.9230075,0.3785621
gait_20260920_035116_owner_phone_shake_1,owner_phone_shake_1,2533343747579022,2026-09-20T03:51:44.085393Z,-0.4104559,4.5982141,10.9669399,0.1078340,0.3977452,0.1567299,-0.0539072,1.3092238,9.7220955,0.0211795,0.0671750,0.9235790,0.3768828
gait_20260920_035116_owner_phone_shake_1,owner_phone_shake_1,2533343767747601,2026-09-20T03:51:44.105321Z,-0.4035726,4.6273932,11.7303915,0.0937781,0.3668855,0.2496920,-0.1183654,1.3378136,9.7176304,0.0185078,0.0698263,0.9245802,0.3740766
gait_20260920_035116_owner_phone_shake_1,owner_phone_shake_1,2533343787916302,2026-09-20T03:51:44.125552Z,-0.1514333,4.8982372,11.7441578,0.3425542,0.3646705,0.4463080,-0.1769226,1.4250613,9.7043295,0.0170825,0.0751889,0.9261096,0.3692912
gait_20260920_035116_owner_phone_shake_1,owner_phone_shake_1,2533343808085613,2026-09-20T03:51:44.145828Z,0.0978630,5.3249292,11.0781212,0.6945344,0.4223597,0.5502950,-0.2439809,1.5820894,9.6785116,0.0164441,0.0840618,0.9276106,0.3635959
gait_20260920_035116_owner_phone_shake_1,owner_phone_shake_1,2533343828274375,2026-09-20T03:51:44.165651Z,0.2415151,5.8713307,11.0549269,0.8319791,0.4397963,0.5572230,-0.3087002,1.7586466,9.6461372,0.0161805,0.0938432,0.9288949,0.3578912
gait_20260920_035116_owner_phone_shake_1,owner_phone_shake_1,2533343848422161,2026-09-20T03:51:44.186013Z,0.1174655,6.0044336,12.0109615,0.8007031,0.3355096,0.5103922,-0.3493299,1.9255786,9.6128149,0.0168493,0.1027305,0.9298802,0.3528249
gait_20260920_035116_owner_phone_shake_1,owner_phone_shake_1,2533343868592450,2026-09-20T03:51:44.206008Z,-0.1937807,5.7867856,12.7343102,0.9014592,0.1842588,0.4085369,-0.3633934,2.1160653,9.5721636,0.0192562,0.1122904,0.9302408,0.3488157
gait_20260920_035116_owner_phone_shake_1,owner_phone_shake_1,2533343888760011,2026-09-20T03:51:44.226263Z,-0.1920599,5.6619129,12.8176584,1.1662230,0.1232222,0.3886522,-0.3690001,2.3593385,9.5149078,0.0229589,0.1243296,0.9301541,0.3447150
gait_20260920_035116_owner_phone_shake_1,owner_phone_shake_1,2533343908929242,2026-09-20T03:51:44.247051Z,0.3321207,5.9038019,11.9481888,1.4638616,0.2888620,0.5176200,-0.4033896,2.6584022,9.4343138,0.0259659,0.1397675,0.9300566,0.3388002
gait_20260920_035116_owner_phone_shake_1,owner_phone_shake_1,2533343929098797,2026-09-20T03:51:44.266964Z,0.9166052,6.5713353,10.5603752,1.6767484,0.5669489,0.6242883,-0.4803638,2.9939885,9.3295975,0.0272007,0.1579540,0.9297639,0.3314359
gait_20260920_035116_owner_phone_shake_1,owner_phone_shake_1,2533343949267131,2026-09-20T03:51:44.286978Z,1.4553006,6.9790978,9.0589113,1.7300243,0.7318891,0.5747263,-0.5810590,3.3330376,9.2081127,0.0271992,0.1768938,0.9288192,0.3244439
gait_20260920_035116_owner_phone_shake_1,owner_phone_shake_1,2533343969436891,2026-09-20T03:51:44.307331Z,1.5202433,6.9976530,7.6291237,1.6931193,0.7335046,0.3545783,-0.6676071,3.6873138,9.0660973,0.0283875,0.1964587,0.9265642,0.3194946
gait_20260920_035116_owner_phone_shake_1,owner_phone_shake_1,2533343989584189,2026-09-20T03:51:44.327699Z,1.3358897,6.7336173,6.2573209,1.6295513,0.5602540,0.0861340,-0.2054671,4.8854485,8.5044870,0.0722692,0.2502709,0.9142484,0.3103089
gait_20260920_035116_owner_phone_shake_1,owner_phone_shake_1,2533344009790163,2026-09-20T03:51:44.349074Z,1.0897359,6.3677535,4.7979803,1.5554081,0.1767312,-0.1387437,-0.2357725,5.1538801,8.3437424,0.0761434,0.2651958,0.9095598,0.3107639
gait_20260920_035116_owner_phone_shake_1,owner_phone_shake_1,2533344029917807,2026-09-20T03:51:44.367831Z,1.1042507,5.8664675,3.7335331,1.4443932,-0.2632150,-0.2966560,-0.2103118,5.3975654,8.1889048,0.0832260,0.2777602,0.9041492,0.3137469
gait_20260920_035116_owner_phone_shake_1,owner_phone_shake_1,2533344050111736,2026-09-20T03:51:44.387671Z,1.0617536,5.1633205,2.8241105,1.2968562,-0.5224497,-0.4169971,-0.1641813,5.6120224,8.0445242,0.0915042,0.2882927,0.8983809,0.3184749
gait_20260920_035116_owner_phone_shake_1,owner_phone_shake_1,2533344070280641,2026-09-20T03:51:44.408096Z,0.6644658,4.4248590,1.7383400,1.1355965,-0.4997171,-0.5231824,-0.1446660,5.7974958,7.9122829,0.0983435,0.2976481,0.8925969,0.3240448
gait_20260920_035116_owner_phone_shake_1,owner_phone_shake_1,2533344090449831,2026-09-20T03:51:44.427885Z,0.2160019,3.9575405,0.8378209,0.9099028,-0.4190622,-0.5567234,-0.1431422,5.9456458,7.8015971,0.1036584,0.3052518,0.8874003,0.3295408
gait_20260920_035116_owner_phone_shake_1,owner_phone_shake_1,2533344110594036,2026-09-20T03:51:44.448609Z,0.1852514,3.5300260,0.5031564,0.6629586,-0.4836127,-0.4481566,-0.1157339,6.0546961,7.7177310,0.1093488,0.3102275,0.8831167,0.3345247
gait_20260920_035116_owner_phone_shake_1,owner_phone_shake_1,2533344130767579,2026-09-20T03:51:44.470990Z,0.3073556,3.0406361,0.7744494,0.3816409,-0.6625257,-0.3868369,-0.0545572,6.1171408,7.6690102,0.1158484,0.3118476,0.8796331,0.3399647
gait_20260920_035116_owner_phone_shake_1,owner_phone_shake_1,2533344150931642,2026-09-20T03:51:44.498292Z,0.3143138,2.4463503,1.7524060,0.0078107,-0.7308400,-0.4279387,-0.0378952,6.1234717,7.6640568,0.1158484,0.3118476,0.8796331,0.3399647
gait_20260920_035116_owner_phone_shake_1,owner_phone_shake_1,2533344186252767,2026-09-20T03:51:44.523829Z,-0.1895908,1.0900352,4.4948893,-0.6909039,-0.8746631,-0.5154550,-0.0373055,6.1240826,7.6635718,0.1173919,0.3117037,0.8789219,0.3414035
gait_20260920_035116_owner_phone_shake_1,owner_phone_shake_1,2533344206396201,2026-09-20T03:51:44.544154Z,-0.2712182,0.4648492,6.0791025,-0.6865239,-1.1456388,-0.4259236,0.1397312,5.8729630,7.8565192,0.1270456,0.2912758,0.8760583,0.3626839
gait_20260920_035116_owner_phone_shake_1,owner_phone_shake_1,2533344226564901,2026-09-20T03:51:44.563732Z,-0.0124199,0.0282067,6.8650742,-0.5373549,-1.4154154,-0.3176233,0.2829965,5.7647524,7.9324431,0.1338937,0.2812881,0.8749846,0.3706098
gait_20260920_035116_owner_phone_shake_1,owner_phone_shake_1,2533344246733806,2026-09-20T03:51:44.587435Z,0.1477671,-0.0095768,7.6072764,-0.5235821,-1.5528934,-0.2328049,0.4827198,5.6814466,7.9827471,0.1438898,0.2715090,0.8733219,0.3780046
gait_20260920_035116_owner_phone_shake_1,owner_phone_shake_1,2533344266902141,2026-09-20T03:51:44.604177Z,0.2160019,0.3045873,9.0541973,-0.8600576,-1.5489464,-0.2304567,0.8802238,5.4725008,8.0940132,0.1597361,0.2541008,0.8711389,0.3886313
gait_20260920_035116_owner_phone_shake_1,owner_phone_shake_1,2533344287070354,2026-09-20T03:51:44.624452Z,-0.0870143,0.4337994,11.5452890,-1.2745399,-1.3598913,-0.2456784,0.9932759,4.6491566,8.5810757,0.1465338,0.2088761,0.8831329,0.3936689
gait_20260920_035116_owner_phone_shake_1,owner_phone_shake_1,2533344307240967,2026-09-20T03:51:44.644889Z,-0.4079121,0.2824410,12.8300028,-1.3589253,-0.7823172,-0.1817774,1.1200392,4.4029016,8.6946011,0.1492721,0.1922836,0.8836979,0.3997788
gait_20260920_035116_owner_phone_shake_1,owner_phone_shake_1,2533344327435669,2026-09-20T03:51:44.664911Z,-0.8361750,0.7681646,12.4855375,-1.1986481,-0.0421677,-0.0047630,1.1281292,4.1808209,8.8025103,0.1459796,0.1796884,0.8854896,0.4028775
gait_20260920_035116_owner_phone_shake_1,owner_phone_shake_1,2533344347604656,2026-09-20T03:51:44.685602Z,-0.7861960,1.7334769,11.7258272,-1.0868671,0.4713055,0.2749560,1.0614096,3.9758813,8.9051609,0.1382100,0.1708146,0.8887758,0.4022411
gait_20260920_035116_owner_phone_shake_1,owner_phone_shake_1,2533344367773763,2026-09-20T03:51:44.705250Z,-0.1298854,2.8103440,11.3769474,-1.0938618,0.7089734,0.5471474,0.9718076,3.7635984,9.0070543,0.1283525,0.1629796,0.8934745,0.3983299
gait_20260920_035116_owner_phone_shake_1,owner_phone_shake_1,2533344387941407,2026-09-20T03:51:44.725896Z,0.6034884,3.6706853,10.7649298,-1.0395701,0.9307701,0.6671221,0.8539204,3.5571678,9.1023893,0.1173045,0.1557469,0.8989199,0.3923336
gait_20260920_035116_owner_phone_shake_1,owner_phone_shake_1,2533344408111328,2026-09-20T03:51:44.745598Z,0.7720552,4.2565913,9.7254715,-0.9229428,1.1247048,0.5767081,0.6876963,3.3767571,9.1848078,0.1046131,0.1505977,0.9041063,0.3859642
gait_20260920_035116_owner_phone_shake_1,owner_phone_shake_1,2533344428280640,2026-09-20T03:51:44.765786Z,0.3452139,4.5879641,8.9062805,-0.8904010,1.0746431,0.3799089,0.4867068,3.3686500,9.2006207,0.0919639,0.1477419,0.9079171,0.3813157
gait_20260920_035116_owner_phone_shake_1,owner_phone_shake_1,2533344448449463,2026-09-20T03:51:44.785948Z,-0.1379659,4.7771058,9.0486612,-0.9634451,0.7112216,0.2280419,0.2987702,3.4855056,9.1650476,0.0865187,0.1619840,0.9055283,0.3824844
gait_20260920_035116_owner_phone_shake_1,owner_phone_shake_1,2533344468592448,2026-09-20T03:51:44.809564Z,-0.2318635,4.7931170,9.8100920,-1.0196186,0.2127536,0.1715519,0.2636464,3.3474472,9.2174397,0.0796589,0.1548840,0.9077973,0.3815356
gait_20260920_035116_owner_phone_shake_1,owner_phone_shake_1,2533344488786581,2026-09-20T03:51:44.826621Z,0.1378911,4.7618427,10.6553202,-0.9803321,-0.1987477,0.2044600,0.3193584,3.1168623,9.2961969,0.0775393,0.1476819,0.9093726,0.3810765
gait_20260920_035116_owner_phone_shake_1,owner_phone_shake_1,2533344508956665,2026-09-20T03:51:44.846441Z,0.6355109,4.9203091,11.2755680,-0.8829401,-0.3921328,0.2706259,0.4103221,2.9490120,9.3472490,0.0776385,0.1351660,0.9117929,0.3799158
gait_20260920_035116_owner_phone_shake_1,owner_phone_shake_1,2533344529120931,2026-09-20T03:51:44.867122Z,0.8472481,5.2467432,11.5866642,-0.7655634,-0.3888520,0.2672285,0.5032049,2.8027868,9.3876123,0.0788926,0.1260480,0.9135570,0.3785518
gait_20260920_035116_owner_phone_shake_1,owner_phone_shake_1,2533344549293253,2026-09-20T03:51:44.887305Z,0.4849755,5.3437085,11.5966148,-0.6828101,-0.2309730,0.1429072,0.5581054,2.6748993,9.4217587,0.0792377,0.1184911,0.9148716,0.3777449
gait_20260920_035116_owner_phone_shake_1,owner_phone_shake_1,2533344569463420,2026-09-20T03:51:44.908180Z,0.1520318,4.9311576,11.6419554,-0.7220134,-0.0282617,0.0225327,0.5677841,2.5420377,9.4578953,0.0776859,0.1118049,0.9156783,0.3781506
gait_20260920_035116_owner_phone_shake_1,owner_phone_shake_1,2533344589631632,2026-09-20T03:51:44.927991Z,-0.1356465,4.6238022,11.7140055,-0.8144259,0.3085802,0.0132898,0.5121894,2.3897986,9.5006647,0.0729019,0.1054301,0.9166222,0.3786470
gait_20260920_035116_owner_phone_shake_1,owner_phone_shake_1,2533344609800943,2026-09-20T03:51:44.947282Z,-0.3205986,4.6099606,11.7767038,-0.8324454,0.5916133,0.0891317,0.4009291,2.2298973,9.5447845,0.0647934,0.0997201,0.9180027,0.3783236
gait_20260920_035116_owner_phone_shake_1,owner_phone_shake_1,2533344629969808,2026-09-20T03:51:44.967948Z,-0.4006547,4.7805476,12.1727200,-0.6915534,0.5423177,0.1926357,0.2967623,2.0938730,9.5793390,0.0563289,0.0950601,0.9196747,0.3768146
gait_20260920_035116_owner_phone_shake_1,owner_phone_shake_1,2533344650139160,2026-09-20T03:51:44.987972Z,-0.1485901,4.8842463,12.3766012,-0.3717485,0.2714420,0.2902776,0.2511628,2.0182552,9.5968571,0.0513245,0.0919155,0.9212322,0.3744978
gait_20260920_035116_owner_phone_shake_1,owner_phone_shake_1,2533344670331421,2026-09-20T03:51:45.008423Z,-0.0609773,5.0225115,12.1403236,-0.0107751,0.0733271,0.3507979,0.2505413,2.0148611,9.5975866,0.0502281,0.0912728,0.9224804,0.3717209
gait_20260920_035116_owner_phone_shake_1,owner_phone_shake_1,2533344690455525,2026-09-20T03:51:45.028480Z,0.0229694,5.1698298,11.6801882,0.2337376,-0.0147054,0.3797257,0.2688008,2.0616465,9.5871515,0.0513625,0.0929518,0.9234822,0.3686497
gait_20260920_035116_owner_phone_shake_1,owner_phone_shake_1,2533344710645223,2026-09-20T03:51:45.048929Z,0.1218050,5.2013283,11.4830399,0.2979883,0.0580389,0.3690672,0.2768377,2.1235478,9.5734015,0.0529074,0.0958327,0.9244242,0.3653176
gait_20260920_035116_owner_phone_shake_1,owner_phone_shake_1,2533344730813761,2026-09-20T03:51:45.068655Z,0.0743699,5.2488384,11.8030405,0.2694935,0.2391334,0.3550279,0.2470187,2.1781168,9.5619507,0.0526389,0.0991380,0.9254324,0.3619057
gait_20260920_035116_owner_phone_shake_1,owner_phone_shake_1,2533344750984294,2026-09-20T03:51:45.089169Z,0.1717840,5.2121773,12.1506481,0.3251841,0.3990109,0.3880859,0.1884356,2.2401857,9.5489359,0.0508288,0.1031021,0.9266341,0.3579606
gait_20260920_035116_owner_phone_shake_1,owner_phone_shake_1,2533344771151855,2026-09-20T03:51:45.108784Z,0.2192939,5.2014031,12.1339636,0.5134565,0.4981849,0.4309365,0.1120215,2.3374505,9.5267982,0.0484140,0.1088700,0.9278403,0.3534343
gait_20260920_035116_owner_phone_shake_1,owner_phone_shake_1,2533344791321044,2026-09-20T03:51:45.128927Z,0.1875707,5.0613422,11.7354794,0.7876631,0.4968692,0.4676250,0.0378222,2.4875805,9.4892902,0.0466617,0.1171413,0.9288463,0.3483463
gait_20260920_035116_owner_phone_shake_1,owner_phone_shake_1,2533344811495320,2026-09-20T03:51:45.149183Z,0.1888427,5.0013375,11.1792755,1.0675153,0.3893683,0.5107753,-0.0119524,2.6918287,9.4334517,0.0467176,0.1278567,0.9294960,0.3427936
gait_20260920_035116_owner_phone_shake_1,owner_phone_shake_1,2533344831639566,2026-09-20T03:51:45.169169Z,0.2651578,5.1208982,10.7686701,1.2455289,0.2385672,0.5663493,-0.0268260,2.9311447,9.3618250,0.0489879,0.1400488,0.9298153,0.3367937
gait_20260920_035116_owner_phone_shake_1,owner_phone_shake_1,2533344851802897,2026-09-20T03:51:45.189860Z,0.4834791,5.3493948,10.4112606,1.3151922,0.1363622,0.6038373,-0.0142489,3.1826394,9.2793703,0.0529348,0.1527128,0.9299095,0.3303713
gait_20260920_035116_owner_phone_shake_1,owner_phone_shake_1,2533344871996866,2026-09-20T03:51:45.209526Z,0.8135797,5.5962968,10.2596035,1.2968895,0.0958599,0.6230726,0.0109722,3.4284797,9.1913824,0.0574221,0.1651293,0.9298562,0.3237323
gait_20260920_035116_owner_phone_shake_1,owner_phone_shake_1,2533344892165893,2026-09-20T03:51:45.230004Z,1.0009259,5.9269958,10.2678337,1.2829835,0.0708457,0.6072513,0.0430710,3.6673942,9.0985975,0.0620278,0.1771514,0.9296507,0.3170485
gait_20260920_035116_owner_phone_shake_1,owner_phone_shake_1,2533344912334879,2026-09-20T03:51:45.249687Z,1.2913725,6.1808562,10.2412729,1.3478504,0.0276954,0.5521935,0.0825047,3.9136240,8.9951572,0.0670176,0.1893366,0.9290380,0.3107231
gait_20260920_035116_owner_phone_shake_1,owner_phone_shake_1,2533344932504108,2026-09-20T03:51:45.269897Z,1.6112977,6.2618103,9.9406509,1.4928393,0.0054125,0.4636780,0.1227122,4.1819692,8.8731155,0.0725467,0.2025858,0.9277129,0.3050324
gait_20260920_035116_owner_phone_shake_1,owner_phone_shake_1,2533344952673705,2026-09-20T03:51:45.290094Z,1.9465609,6.2297130,9.2196970,1.6750997,0.0128735,0.3478335,0.1561682,4.4789786,8.7264233,0.0784823,0.2175039,0.9254632,0.3000840
gait_20260920_035116_owner_phone_shake_1,owner_phone_shake_1,2533344972841755,2026-09-20T03:51:45.310360Z,2.0575171,6.3068509,8.1123781,1.8058828,0.0543084,0.1740833,0.1804587,4.8038497,8.5514069,0.0843446,0.2341499,0.9221234,0.2962233
gait_20260920_035116_owner_phone_shake_1,owner_phone_shake_1,2533344993010619,2026-09-20T03:51:45.330767Z,1.9464860,6.2261214,6.9276977,1.8136102,0.0889818,-0.0387037,0.6341664,5.4502120,8.1319818,0.1144141,0.2632429,0.9153597,0.2823640
gait_20260920_035116_owner_phone_shake_1,owner_phone_shake_1,2533345013179320,2026-09-20T03:51:45.350621Z,1.2802993,6.0327897,6.0417681,1.7248782,0.1172102,-0.2862307,0.5938511,5.7429233,7.9310966,0.1208521,0.2812260,0.9090791,0.2826343
gait_20260920_035116_owner_phone_shake_1,owner_phone_shake_1,2533345033349690,2026-09-20T03:51:45.370711Z,0.8872762,5.8352680,5.1378074,1.6512680,0.2099891,-0.4561172,0.5094121,6.0114527,7.7355700,0.1232575,0.2975013,0.9027935,0.2850695
gait_20260920_035116_owner_phone_shake_1,owner_phone_shake_1,2533345053518838,2026-09-20T03:51:45.390966Z,1.0155156,5.2388873,3.6170402,1.5994077,0.4318691,-0.5600542,0.3796483,6.2676740,7.5371246,0.1242987,0.3138427,0.8954973,0.2900643
gait_20260920_035116_owner_phone_shake_1,owner_phone_shake_1,2533345073661945,2026-09-20T03:51:45.419597Z,0.8375217,4.5153146,1.9776106,1.4224100,0.7136865,-0.7025450,0.2428545,6.4430718,7.3935075,0.1213465,0.3302259,0.8891814,0.2925445
gait_20260920_035116_owner_phone_shake_1,owner_phone_shake_1,2533345093856363,2026-09-20T03:51:45.431805Z,0.4828057,3.6767457,0.5811924,1.1028715,0.8770446,-0.7881793,-0.0478519,6.6664500,7.1966844,0.1147542,0.3448879,0.8835281,0.2954013
gait_20260920_035116_owner_phone_shake_1,owner_phone_shake_1,2533345114025552,2026-09-20T03:51:45.451666Z,0.0215478,3.0982466,-0.0325462,0.6881726,0.6467711,-0.7825337,-0.2549398,6.7790580,7.0862889,0.1078994,0.3561113,0.8786557,0.2991769
gait_20260920_035116_owner_phone_shake_1,owner_phone_shake_1,2533345134193602,2026-09-20T03:51:45.471702Z,-0.5407155,2.8436382,0.6364836,0.2364188,0.0730607,-0.7059091,-0.3740678,6.8215408,7.0400825,0.1041448,0.3616846,0.8749413,0.3046571
gait_20260920_035116_owner_phone_shake_1,owner_phone_shake_1,2533345154363198,2026-09-20T03:51:45.492972Z,-0.8301146,2.5956888,1.9900305,-0.0749592,-0.5544918,-0.5990909,-0.3876026,6.8107715,7.0497699,0.1051773,0.3614738,0.8723130,0.3120008
gait_20260920_035116_owner_phone_shake_1,owner_phone_shake_1,2533345174532551,2026-09-20T03:51:45.512411Z,-0.9028385,1.9865888,2.9477861,-0.1702862,-0.9423112,-0.5071614,-0.3281165,6.7802701,7.0821176,0.1102076,0.3578148,0.8701874,0.3203075
gait_20260920_035116_owner_phone_shake_1,owner_phone_shake_1,2533345194675495,2026-09-20T03:51:45.532897Z,-0.7624784,1.2737153,3.0999675,-0.1450555,-1.0275959,-0.3708325,-0.2356565,6.7515693,7.1131492,0.1170656,0.3532669,0.8682029,0.3282101
gait_20260920_035116_owner_phone_shake_1,owner_phone_shake_1,2533345214869749,2026-09-20T03:51:45.552445Z,-0.2486229,0.7357681,2.6102035,-0.1753323,-0.8409389,-0.1773807,-0.1382302,6.7206950,7.1448770,0.1236561,0.3488457,0.8669106,0.3338888
gait_20260920_035116_owner_phone_shake_1,owner_phone_shake_1,2533345235039834,2026-09-20T03:51:45.572693Z,0.0008978,0.5196166,2.1159506,-0.4762684,-0.5741600,-0.1019719,-0.0656277,6.6496143,7.2121034,0.1275964,0.3434221,0.8671443,0.3374035
gait_20260920_035116_owner_phone_shake_1,owner_phone_shake_1,2533345255207436,2026-09-20T03:51:45.592802Z,-0.1637784,0.3825485,2.4887726,-1.0747764,-0.5385540,-0.1982814,-0.0136796,6.4904447,7.3559537,0.1283275,0.3339587,0.8691563,0.3414250
gait_20260920_035116_owner_phone_shake_1,owner_phone_shake_1,2533345275377521,2026-09-20T03:51:45.612761Z,-0.6356605,-0.0270096,3.9855976,-1.7573700,-0.7559208,-0.3758287,0.0467149,6.2204604,7.5854993,0.1273014,0.3178677,0.8725432,0.3484581
gait_20260920_035116_owner_phone_shake_1,owner_phone_shake_1,2533345295545286,2026-09-20T03:51:45.633560Z,-0.7508067,-0.5650316,6.3077488,-2.2463119,-1.0615698,-0.4421612,0.1509225,5.8599548,7.8660197,0.1262963,0.2955465,0.8765857,0.3581888
gait_20260920_035116_owner_phone_shake_1,owner_phone_shake_1,2533345315714273,2026-09-20T03:51:45.653340Z,-0.4299088,-0.5874773,9.1665001,-2.4737043,-1.4226599,-0.3647372,0.3251649,5.3699923,8.2032652,0.1273806,0.2690535,0.8806286,0.3686161
gait_20260920_035116_owner_phone_shake_1,owner_phone_shake_1,2533345335883747,2026-09-20T03:51:45.674075Z,-0.1334767,0.1628805,12.6210346,-2.5292618,-1.6944848,-0.2221464,0.5755745,4.8010664,8.5354891,0.1248577,0.2296506,0.8883030,0.3776095
gait_20260920_035116_owner_phone_shake_1,owner_phone_shake_1,2533345356052611,2026-09-20T03:51:45.693672Z,0.0662895,0.9464579,15.7711306,-2.3487167,-1.7447963,-0.0297605,0.8777304,4.3780580,8.7348900,0.1308621,0.2005669,0.8911082,0.3854536
gait_20260920_035116_owner_phone_shake_1,owner_phone_shake_1,2533345376222288,2026-09-20T03:51:45.713781Z,-0.1666963,1.9097500,17.5162792,-1.9254246,-1.3903179,0.1764481,1.1437289,4.0196576,8.8752661,0.1366080,0.1752993,0.8935299,0.3901444
gait_20260920_035116_owner_phone_shake_1,owner_phone_shake_1,2533345396390419,2026-09-20T03:51:45.733877Z,-0.1359458,3.1759834,16.9935207,-1.4605641,-0.7324221,0.3606403,1.3144436,3.7385280,8.9739494,0.1397062,0.1562052,0.8960380,0.3914051
gait_20260920_035116_owner_phone_shake_1,owner_phone_shake_1,2533345416553994,2026-09-20T03:51:45.754173Z,0.4647744,4.3033533,14.7329445,-1.2097397,0.3190555,0.5231491,1.3029211,3.5051482,9.0693130,0.1355838,0.1442229,0.8997476,0.3889359
gait_20260920_035116_owner_phone_shake_1,owner_phone_shake_1,2533345436723712,2026-09-20T03:51:45.774316Z,0.7165397,5.2756982,13.0492973,-1.3468180,1.1379780,0.5190523,1.1296558,3.2500165,9.1868048,0.1226974,0.1357931,0.9047256,0.3846780
gait_20260920_035116_owner_phone_shake_1,owner_phone_shake_1,2533345456897744,2026-09-20T03:51:45.794753Z,0.1287632,5.7396498,12.7992525,-1.5646343,1.3511646,0.2851981,0.8890158,2.9538691,9.3123798,0.1047123,0.1268564,0.9095959,0.3815469
gait_20260920_035116_owner_phone_shake_1,owner_phone_shake_1,2533345477067340,2026-09-20T03:51:45.814735Z,-1.0603321,5.5808840,12.9913874,-1.4864776,0.9911904,-0.0239317,0.6873376,2.6701763,9.4145546,0.0880413,0.1170335,0.9122208,0.3826293
gait_20260920_035116_owner_phone_shake_1,owner_phone_shake_1,2533345497211099,2026-09-20T03:51:45.835718Z,-1.2173767,5.1758900,12.8474360,-1.0954939,0.4008595,-0.0210672,0.5970165,2.4580905,9.4782629,0.0776550,0.1080511,0.9132925,0.3849563
gait_20260920_035116_owner_phone_shake_1,owner_phone_shake_1,2533345517405109,2026-09-20T03:51:45.855071Z,0.0159364,5.1461120,12.2516537,-0.6154284,-0.0340239,0.2916265,0.6137724,2.3356168,9.5081167,0.0744725,0.1012621,0.9139887,0.3857779
gait_20260920_035116_owner_phone_shake_1,owner_phone_shake_1,2533345537573728,2026-09-20T03:51:45.875714Z,0.8300398,5.7228904,11.6383638,-0.2636646,-0.2538721,0.4438765,0.6821491,2.2829943,9.5162344,0.0756362,0.0971476,0.9151625,0.3838220
gait_20260920_035116_owner_phone_shake_1,owner_phone_shake_1,2533345557742430,2026-09-20T03:51:45.895621Z,1.2641385,5.8520274,11.2721262,-0.0956933,-0.4312862,0.3388570,0.7811233,2.2664757,9.5125723,0.0793610,0.0944850,0.9161552,0.3813582
gait_20260920_035116_owner_phone_shake_1,owner_phone_shake_1,2533345577912432,2026-09-20T03:51:45.915667Z,1.1207857,5.2104564,11.2949457,-0.0901476,-0.4629785,0.0917131,0.8771520,2.2549179,9.5069475,0.0838832,0.0920800,0.9161152,0.3810748
gait_20260920_035116_owner_phone_shake_1,owner_phone_shake_1,2533345598056923,2026-09-20T03:51:45.935999Z,0.6643162,4.4095960,11.8524208,-0.1470207,-0.3288313,-0.0670153,0.9399977,2.2321036,9.5063257,0.0871065,0.0895483,0.9154307,0.3825968
gait_20260920_035116_owner_phone_shake_1,owner_phone_shake_1,2533345618249631,2026-09-20T03:51:45.956032Z,0.0855927,3.9266405,12.3852053,-0.1166106,-0.0717950,-0.0640509,0.9529181,2.2111783,9.5099287,0.0880611,0.0877229,0.9146248,0.3847225
gait_20260920_035116_owner_phone_shake_1,owner_phone_shake_1,2533345638393349,2026-09-20T03:51:45.976168Z,-0.4710592,3.7294929,12.4341373,0.0330080,0.2274923,0.0375546,0.9091579,2.2158351,9.5131283,0.0865402,0.0881452,0.9145731,0.3850938
gait_20260920_035116_owner_phone_shake_1,owner_phone_shake_1,2533345658587481,2026-09-20T03:51:45.996717Z,-0.5704185,3.7669022,12.0602674,0.2327716,0.4158980,0.2220965,0.8351619,2.2567365,9.5102968,0.0838092,0.0911499,0.9148558,0.3843261
gait_20260920_035116_owner_phone_shake_1,owner_phone_shake_1,2533345678758420,2026-09-20T03:51:46.017135Z,-0.3574094,4.2464910,11.8013191,0.3851548,0.5066618,0.4366820,0.7543308,2.3254938,9.5004826,0.0809111,0.0960694,0.9160693,0.3808428
gait_20260920_035116_owner_phone_shake_1,owner_phone_shake_1,2533345698920123,2026-09-20T03:51:46.036791Z,-0.1612345,4.7076740,11.7108631,0.5042303,0.5387871,0.5814378,0.6761631,2.4160378,9.4837589,0.0782825,0.1021916,0.9179537,0.3752196
gait_20260920_035116_owner_phone_shake_1,owner_phone_shake_1,2533345719089312,2026-09-20T03:51:46.056730Z,-0.0685340,4.9948287,11.7440834,0.6391602,0.5221332,0.6560972,0.6058348,2.5316031,9.4583330,0.0762116,0.1094016,0.9200397,0.3684430
gait_20260920_035116_owner_phone_shake_1,owner_phone_shake_1,2533345739263588,2026-09-20T03:51:46.077105Z,0.1191864,5.2046204,11.8476324,0.8020021,0.4864106,0.7287083,0.5497932,2.6773231,9.4215593,0.0751984,0.1178052,0.9220822,0.3608761
gait_20260920_035116_owner_phone_shake_1,owner_phone_shake_1,2533345759433225,2026-09-20T03:51:46.097687Z,0.5773767,5.4006457,11.7571764,1.0092267,0.4842289,0.7876631,0.5017524,2.8611832,9.3700581,0.0751349,0.1278662,0.9239363,0.3526285
gait_20260920_035116_owner_phone_shake_1,owner_phone_shake_1,2533345779601845,2026-09-20T03:51:46.117419Z,0.8659528,5.6463504,11.3242750,1.1893220,0.5363890,0.7631819,0.4489139,3.0807378,9.3028831,0.0755738,0.1399033,0.9254241,0.3439563
gait_20260920_035116_owner_phone_shake_1,owner_phone_shake_1,2533345799771115,2026-09-20T03:51:46.137735Z,0.8622119,5.7577558,10.7441301,1.2995042,0.6121643,0.7062588,0.3806681,3.3212807,9.2228136,0.0755575,0.1534798,0.9263827,0.3354852
gait_20260920_035116_owner_phone_shake_1,owner_phone_shake_1,2533345819939573,2026-09-20T03:51:46.157761Z,0.9901521,5.8447700,10.7244520,1.3868372,0.5076277,0.6864406,0.3311299,3.5752621,9.1292906,0.0759810,0.1676773,0.9268184,0.3272902
gait_20260920_035116_owner_phone_shake_1,owner_phone_shake_1,2533345840109413,2026-09-20T03:51:46.179181Z,1.3928268,6.0223899,10.6043682,1.5784404,0.3103955,0.6849585,0.3263792,3.8587608,9.0132990,0.0788189,0.1824858,0.9266365,0.3191103
gait_20260920_035116_owner_phone_shake_1,owner_phone_shake_1,2533345860278114,2026-09-20T03:51:46.198155Z,1.6760908,6.3772554,10.0689650,1.8065324,0.1853413,0.6166775,0.3459836,4.1818247,8.8672857,0.0838143,0.1990228,0.9254520,0.3112935
gait_20260920_035116_owner_phone_shake_1,owner_phone_shake_1,2533345880447710,2026-09-20T03:51:46.218154Z,1.8024598,6.6312652,9.2326403,1.9208781,0.1809280,0.5114747,0.3647527,4.5227761,8.6975613,0.0896709,0.2169575,0.9231700,0.3043775
gait_20260920_035116_owner_phone_shake_1,owner_phone_shake_1,2533345900616126,2026-09-20T03:51:46.238470Z,1.9713259,6.6673279,8.3587570,1.9151158,0.2771709,0.3852714,0.3600147,4.8574419,8.5153837,0.0946303,0.2353329,0.9201680,0.2982521
gait_20260920_035116_owner_phone_shake_1,owner_phone_shake_1,2533345920785316,2026-09-20T03:51:46.258593Z,1.9764884,6.6381488,7.4655700,1.8566272,0.3878195,0.2222130,0.4114110,5.2522230,8.2753248,0.0995342,0.2545049,0.9163954,0.2924718
gait_20260920_035116_owner_phone_shake_1,owner_phone_shake_1,2533345940953976,2026-09-20T03:51:46.278562Z,1.9711761,6.5726824,6.2952542,1.7905779,0.4079874,0.0516937,0.8144149,5.9323945,7.7704272,0.1343264,0.2887409,0.9049713,0.2821563
gait_20260920_035116_owner_phone_shake_1,owner_phone_shake_1,2533345961123736,2026-09-20T03:51:46.298881Z,1.6965911,6.3919201,5.2102318,1.6804622,0.3289979,-0.1397429,0.7504328,6.2003899,7.5649266,0.1375889,0.3058517,0.8986196,0.2828551
gait_20260920_035116_owner_phone_shake_1,owner_phone_shake_1,2533345981292111,2026-09-20T03:51:46.318991Z,1.6566379,5.9865518,4.0164976,1.5595882,0.2820006,-0.3153583,0.6723962,6.4439325,7.3661203,0.1400050,0.3213302,0.8919805,0.2855108
gait_20260920_035116_owner_phone_shake_1,owner_phone_shake_1,2533346001461463,2026-09-20T03:51:46.339222Z,1.6607530,5.5062900,2.5341878,1.4424614,0.3541786,-0.5144391,0.5597414,6.6683440,7.1732831,0.1412973,0.3361813,0.8849556,0.2896046
gait_20260920_035116_owner_phone_shake_1,owner_phone_shake_1,2533346021627276,2026-09-20T03:51:46.359736Z,1.3946973,5.0023851,1.4071172,1.2408491,0.3484996,-0.7458284,0.4118612,6.8626499,6.9978943,0.1405738,0.3501081,0.8780273,0.2945021
gait_20260920_035116_owner_phone_shake_1,owner_phone_shake_1,2533346041799964,2026-09-20T03:51:46.379516Z,1.2359318,4.4922705,1.1487679,0.9669923,0.1196250,-0.9434437,0.2641219,7.0144806,6.8529863,0.1394114,0.3617024,0.8711910,0.3012677
gait_20260920_035116_owner_phone_shake_1,owner_phone_shake_1,2533346061968869,2026-09-20T03:51:46.400441Z,0.7735516,3.8856397,1.5793501,0.7279422,-0.3336443,-1.1508847,0.1469955,7.1260395,6.7404799,0.1398283,0.3698893,0.8644565,0.3103949
gait_20260920_035116_owner_phone_shake_1,owner_phone_shake_1,2533346082137610,2026-09-20T03:51:46.419909Z,-0.3739444,2.9943981,2.0680666,0.6191589,-0.8347270,-1.3665861,0.0585713,7.2152562,6.6462598,0.1430672,0.3752580,0.8567643,0.3235247
gait_20260920_035116_owner_phone_shake_1,owner_phone_shake_1,2533346102280759,2026-09-20T03:51:46.440008Z,-1.4912136,2.0528784,2.3511808,0.5950440,-1.3107623,-1.4082708,0.0126119,7.2952566,6.5585966,0.1495197,0.3786601,0.8478458,0.3397321
gait_20260920_035116_owner_phone_shake_1,owner_phone_shake_1,2533346122475827,2026-09-20T03:51:46.460106Z,-1.6621746,1.2646623,2.0769699,0.5389370,-1.5271630,-1.1719186,0.0244975,7.3654609,6.4796214,0.1591710,0.3801542,0.8385872,0.3562569
gait_20260920_035116_owner_phone_shake_1,owner_phone_shake_1,2533346142644853,2026-09-20T03:51:46.480420Z,-1.0361656,0.9686791,1.7800142,0.2235620,-1.3481003,-0.8323455,0.0637803,7.3976836,6.4425406,0.1685563,0.3795166,0.8312432,0.3695819
gait_20260920_035116_owner_phone_shake_1,owner_phone_shake_1,2533346162814083,2026-09-20T03:51:46.500436Z,-0.5184943,1.0161141,2.4070706,-0.4186125,-1.0953274,-0.5997737,0.1124385,7.3453856,6.5014443,0.1747211,0.3744654,0.8275273,0.3800615
gait_20260920_035116_owner_phone_shake_1,owner_phone_shake_1,2533346182983150,2026-09-20T03:51:46.520660Z,-0.7136965,0.8784476,3.6695631,-1.1155618,-0.8960301,-0.5632517,0.1474013,7.1953564,6.6664262,0.1766349,0.3637933,0.8273196,0.3898678
gait_20260920_035116_owner_phone_shake_1,owner_phone_shake_1,2533346203152015,2026-09-20T03:51:46.540820Z,-1.1941081,0.4121768,5.8054900,-1.6694540,-0.9106022,-0.6128137,0.1765041,6.9608755,6.9102211,0.1750562,0.3481414,0.8291103,0.4009106
gait_20260920_035116_owner_phone_shake_1,owner_phone_shake_1,2533346223321163,2026-09-20T03:51:46.562020Z,-1.6964415,-0.1954267,8.1781445,-1.9056730,-1.0323422,-0.5401028,0.2409246,6.6780291,7.1820602,0.1730741,0.3286746,0.8316371,0.4127932
gait_20260920_035116_owner_phone_shake_1,owner_phone_shake_1,2533346243489092,2026-09-20T03:51:46.580902Z,-1.7324294,-0.3228431,9.6333694,-1.8021357,-1.0611036,-0.2756721,-0.0940452,5.2266483,8.3011684,0.1393926,0.2758457,0.8470903,0.4323390
gait_20260920_035116_owner_phone_shake_1,owner_phone_shake_1,2533346263659217,2026-09-20T03:51:46.601350Z,-1.5628899,0.4011784,10.5705500,-1.7037277,-0.9378147,0.0146721,0.0084570,4.7724843,8.5708475,0.1138756,0.2301310,0.8583517,0.4441894
gait_20260920_035116_owner_phone_shake_1,owner_phone_shake_1,2533346283828325,2026-09-20T03:51:46.621559Z,-1.0217255,1.3929765,11.3548756,-1.7750565,-0.7074745,0.3011359,0.1598221,4.4580550,8.7370653,0.1131587,0.2109737,0.8623452,0.4461458
gait_20260920_035116_owner_phone_shake_1,owner_phone_shake_1,2533346303997107,2026-09-20T03:51:46.641466Z,-0.5277718,2.3627777,12.0233068,-1.8412224,-0.4070548,0.5037473,0.2767705,4.1225309,8.8974285,0.1099627,0.1919648,0.8676527,0.4452377
gait_20260920_035116_owner_phone_shake_1,owner_phone_shake_1,2533346324165930,2026-09-20T03:51:46.663016Z,0.0611270,3.2802808,11.9080858,-1.7009633,-0.1560971,0.6093164,0.3549139,3.8032999,9.0357656,0.1049486,0.1745293,0.8733574,0.4424614
gait_20260920_035116_owner_phone_shake_1,owner_phone_shake_1,2533346344334265,2026-09-20T03:51:46.681873Z,0.4456956,4.1285014,11.3378172,-1.5003170,-0.0213003,0.5773409,0.4015476,3.5225756,9.1469297,0.0993948,0.1599973,0.8786781,0.4386872
gait_20260920_035116_owner_phone_shake_1,owner_phone_shake_1,2533346364503658,2026-09-20T03:51:46.702230Z,0.3403507,4.8041902,11.2309008,-1.4777343,-0.0046797,0.4212439,0.4308058,3.2481556,9.2466211,0.0936968,0.1466721,0.8830425,0.4358260
gait_20260920_035116_owner_phone_shake_1,owner_phone_shake_1,2533346384672970,2026-09-20T03:51:46.724274Z,0.2338836,5.1221700,11.8493528,-1.5787569,-0.0531759,0.2990209,0.4583817,2.9527771,9.3438272,0.0877290,0.1325100,0.8865839,0.4344121
gait_20260920_035116_owner_phone_shake_1,owner_phone_shake_1,2533346404842444,2026-09-20T03:51:46.742327Z,0.1729062,5.0921679,12.4722195,-1.5661998,-0.0257636,0.2333878,0.4774411,2.6527858,9.4324379,0.0815026,0.1178711,0.8896544,0.4335652
gait_20260920_035116_owner_phone_shake_1,owner_phone_shake_1,2533346425005123,2026-09-20T03:51:46.762433Z,0.1666215,5.0232596,12.4868841,-1.3703332,0.0618693,0.1894548,0.4756007,2.3875110,9.5031414,0.0751152,0.1049057,0.8921680,0.4328842
gait_20260920_035116_owner_phone_shake_1,owner_phone_shake_1,2533346445173865,2026-09-20T03:51:46.782549Z,-0.0374094,4.9867482,12.0259256,-1.1337812,0.1413916,0.1451055,0.4539883,2.1701956,9.5561638,0.0689536,0.0947303,0.8941716,0.4321214
gait_20260920_035116_owner_phone_shake_1,owner_phone_shake_1,2533346465343298,2026-09-20T03:51:46.802821Z,-0.1465700,4.9038486,11.9701853,-1.0220169,0.0926290,0.1296007,0.4376217,1.9760463,9.5989494,0.0634396,0.0860313,0.8957184,0.4315814
gait_20260920_035116_owner_phone_shake_1,owner_phone_shake_1,2533346485512366,2026-09-20T03:51:46.823056Z,0.1160440,4.7828670,12.2797861,-0.9466413,0.0305932,0.1969491,0.4378008,1.7931466,9.6347837,0.0589897,0.0774938,0.8972800,0.4305851
gait_20260920_035116_owner_phone_shake_1,owner_phone_shake_1,2533346505686356,2026-09-20T03:51:46.843576Z,0.3378069,4.7483754,12.4451351,-0.7819175,0.0239650,0.2364688,0.4414710,1.6396453,9.6619234,0.0553876,0.0699504,0.8989440,0.4288808
gait_20260920_035116_owner_phone_shake_1,owner_phone_shake_1,2533346525854814,2026-09-20T03:51:46.863928Z,0.1194856,4.6208091,12.3574476,-0.5568233,0.0627186,0.1983480,0.4364434,1.5307935,9.6799946,0.0525147,0.0645016,0.9003361,0.4271730
gait_20260920_035116_owner_phone_shake_1,owner_phone_shake_1,2533346546013911,2026-09-20T03:51:46.883749Z,-0.5452046,4.2879405,12.0058737,-0.3726478,0.1510176,0.1317324,0.4109166,1.4604326,9.6919756,0.0497977,0.0613649,0.9013040,0.4259175
gait_20260920_035116_owner_phone_shake_1,owner_phone_shake_1,2533346566194128,2026-09-20T03:51:46.904072Z,-1.0702082,3.9398835,11.6150208,-0.2715919,0.2873964,0.1516005,0.3575182,1.4104600,9.7014885,0.0464036,0.0599450,0.9021464,0.4247178
gait_20260920_035116_owner_phone_shake_1,owner_phone_shake_1,2533346586363887,2026-09-20T03:51:46.925472Z,-1.1961282,3.8557870,11.3727570,-0.2152517,0.3703995,0.2949407,0.2888108,1.3702266,9.7095404,0.0422310,0.0595309,0.9034546,0.4224246
gait_20260920_035116_owner_phone_shake_1,owner_phone_shake_1,2533346606531489,2026-09-20T03:51:46.945743Z,-0.7413795,4.0717139,11.3278656,-0.1289678,0.3656698,0.5081606,0.2265657,1.3452336,9.7146854,0.0382896,0.0597330,0.9055818,0.4181955
gait_20260920_035116_owner_phone_shake_1,owner_phone_shake_1,2533346626702185,2026-09-20T03:51:46.964837Z,-0.2711433,4.3968768,11.4160023,0.0403358,0.2605004,0.6547149,0.1894297,1.3522305,9.7145100,0.0357950,0.0607941,0.9083476,0.4122228
gait_20260920_035116_owner_phone_shake_1,owner_phone_shake_1,2533346646869787,2026-09-20T03:51:46.984594Z,0.0519243,4.6162453,11.2710791,0.2889453,0.1424575,0.6792628,0.1794881,1.4084988,9.7067003,0.0355840,0.0634035,0.9111212,0.4056750
gait_20260920_035116_owner_phone_shake_1,owner_phone_shake_1,2533346667017899,2026-09-20T03:51:47.005007Z,-0.0778864,4.6800656,10.9125471,0.4839292,0.0873830,0.6053528,0.1798717,1.5069456,9.6918964,0.0370293,0.0679280,0.9134479,0.3995343
gait_20260920_035116_owner_phone_shake_1,owner_phone_shake_1,2533346687183955,2026-09-20T03:51:47.024942Z,-0.1062427,4.5792847,10.8312941,0.5364056,0.0663159,0.5621526,0.1840728,1.6170657,9.6740541,0.0390826,0.0732641,0.9153326,0.3940445
gait_20260920_035116_owner_phone_shake_1,owner_phone_shake_1,2533346707377885,2026-09-20T03:51:47.045012Z,0.0868646,4.5670896,10.9797344,0.4898080,0.1215902,0.5818042,0.1809228,1.7169955,9.6568785,0.0407708,0.0784073,0.9172224,0.3884496
gait_20260920_035116_owner_phone_shake_1,owner_phone_shake_1,2533346727546870,2026-09-20T03:51:47.066195Z,0.1964742,4.7178493,11.4648590,0.4295708,0.2245279,0.5882492,0.1591758,1.8037694,9.6414309,0.0413011,0.0832421,0.9192272,0.3826049
gait_20260920_035116_owner_phone_shake_1,owner_phone_shake_1,2533346747715735,2026-09-20T03:51:47.085523Z,0.3002478,4.8654666,12.0828629,0.5074778,0.2539554,0.5941281,0.1303046,1.9011748,9.6231318,0.0411780,0.0884114,0.9211929,0.3766850
gait_20260920_035116_owner_phone_shake_1,owner_phone_shake_1,2533346767881994,2026-09-20T03:51:47.105725Z,0.4023007,5.0759320,12.3985977,0.7970392,0.1690538,0.6060523,0.1196721,2.0528884,9.5920506,0.0424653,0.0954763,0.9229060,0.3705745
gait_20260920_035116_owner_phone_shake_1,owner_phone_shake_1,2533346788054113,2026-09-20T03:51:47.125933Z,0.7354688,5.4245129,12.0170965,1.1365291,0.1172601,0.6108652,0.1258612,2.2731054,9.5421829,0.0460062,0.1055607,0.9241561,0.3642470
gait_20260920_035116_owner_phone_shake_1,owner_phone_shake_1,2533346808223099,2026-09-20T03:51:47.146072Z,1.0097545,5.9031286,11.6763725,1.2781706,0.2099391,0.6026881,0.1183017,2.5233154,9.4791870,0.0499176,0.1179212,0.9249784,0.3577958
gait_20260920_035116_owner_phone_shake_1,owner_phone_shake_1,2533346828392166,2026-09-20T03:51:47.166982Z,1.3583354,6.3815203,11.8479319,1.3073648,0.2758053,0.6179265,0.1000888,2.7761862,9.4084473,0.0530044,0.1309170,0.9256577,0.3510115
gait_20260920_035116_owner_phone_shake_1,owner_phone_shake_1,2533346848561112,2026-09-20T03:51:47.186244Z,1.8992004,6.8492875,12.0045271,1.4268399,0.2437299,0.6133300,0.0919752,3.0460358,9.3246613,0.0564261,0.1444549,0.9260356,0.3441029
gait_20260920_035116_owner_phone_shake_1,owner_phone_shake_1,2533346868730016,2026-09-20T03:51:47.206170Z,2.7316346,7.1811090,11.5541925,1.6859914,0.1932186,0.5692971,0.0971562,3.3608088,9.2158356,0.0611380,0.1598243,0.9257318,0.3372520
gait_20260920_035116_owner_phone_shake_1,owner_phone_shake_1,2533346888899247,2026-09-20T03:51:47.226390Z,3.1517420,7.4061637,10.4093904,1.9656603,0.1285681,0.3663026,0.1059330,3.7256799,9.0743704,0.0672008,0.1778046,0.9241216,0.3314647
gait_20260920_035116_owner_phone_shake_1,owner_phone_shake_1,2533346909068110,2026-09-20T03:51:47.246469Z,3.0368204,7.0990324,9.1958294,2.1614935,0.0357892,0.0249642,0.1083912,4.1225638,8.9010582,0.0742900,0.1978156,0.9205862,0.3284374
gait_20260920_035116_owner_phone_shake_1,owner_phone_shake_1,2533346929212234,2026-09-20T03:51:47.267389Z,2.7292404,6.2835073,7.9087963,2.2719090,-0.0319755,-0.3248677,0.1052401,4.3260694,8.8039856,0.0819253,0.2188271,0.9150639,0.3287264
gait_20260920_035116_owner_phone_shake_1,owner_phone_shake_1,2533346949405879,2026-09-20T03:51:47.288389Z,2.3575404,5.4236150,6.5077395,2.3044341,-0.0034474,-0.6182929,0.1052401,4.3260694,8.8039856,0.0819253,0.2188271,0.9150639,0.3287264
gait_20260920_035116_owner_phone_shake_1,owner_phone_shake_1,2533346969574701,2026-09-20T03:51:47.308131Z,1.7338510,4.6064439,4.8616509,2.2301412,0.0843853,-0.8272494,0.0181170,5.0292616,8.4227257,0.0915198,0.2513256,0.9038255,0.3340045
gait_20260920_035116_owner_phone_shake_1,owner_phone_shake_1,2533346989744217,2026-09-20T03:51:47.328326Z,0.9144354,4.0085669,3.0564978,2.0492964,0.2315726,-0.9309866,-0.0882304,5.3995285,8.1898355,0.0958950,0.2725421,0.8951606,0.3394297
gait_20260920_035116_owner_phone_shake_1,owner_phone_shake_1,2533347009913365,2026-09-20T03:51:47.348504Z,0.4497358,3.5360115,1.0827029,1.7777044,0.4917898,-0.9274393,-0.2361500,5.7256837,7.9622159,0.0978479,0.2925151,0.8864198,0.3451387
gait_20260920_035116_owner_phone_shake_1,owner_phone_shake_1,2533347030056595,2026-09-20T03:51:47.367940Z,-0.0432453,3.1191959,-0.4819079,1.3503819,0.7215471,-0.9251910,-0.4305220,5.9945445,7.7534633,0.0963253,0.3107485,0.8784493,0.3499767
gait_20260920_035116_owner_phone_shake_1,owner_phone_shake_1,2533347050251541,2026-09-20T03:51:47.388060Z,-0.4965724,2.7353754,-1.1483190,0.7983882,0.7002134,-0.9252576,-0.6607471,6.1841879,7.5865240,0.0912841,0.3256970,0.8717494,0.3544598
gait_20260920_035116_owner_phone_shake_1,owner_phone_shake_1,2533347070419753,2026-09-20T03:51:47.408781Z,-0.7306056,2.3855226,-0.9969606,0.2717085,0.3965628,-0.8847221,-0.8808188,6.2801251,7.4846716,0.0848133,0.3353367,0.8666320,0.3595902
gait_20260920_035116_owner_phone_shake_1,owner_phone_shake_1,2533347090589757,2026-09-20T03:51:47.428330Z,-0.8613141,2.1610663,-0.3110218,-0.1358959,-0.0593212,-0.8158748,-1.0428687,6.2948537,7.4513998,0.0796549,0.3391301,0.8630012,0.3658894
gait_20260920_035116_owner_phone_shake_1,owner_phone_shake_1,2533347110752883,2026-09-20T03:51:47.448469Z,-0.8726117,1.7303344,0.5199159,-0.4134665,-0.5128736,-0.7297408,-1.1242720,6.2505851,7.4767857,0.0774191,0.3377163,0.8605164,0.3734510
gait_20260920_035116_owner_phone_shake_1,owner_phone_shake_1,2533347130926752,2026-09-20T03:51:47.468611Z,-1.2465560,1.1639562,1.1563994,-0.5830032,-0.9385641,-0.6422079,-1.1259674,6.1674819,7.5452285,0.0783667,0.3322314,0.8588178,0.3819856
gait_20260920_035116_owner_phone_shake_1,owner_phone_shake_1,2533347151096877,2026-09-20T03:51:47.489015Z,-1.4858266,0.6587048,1.8275241,-0.7192988,-1.4447262,-0.4701231,-1.0494010,6.0603375,7.6424584,0.0826241,0.3235372,0.8575662,0.3912507
gait_20260920_035116_owner_phone_shake_1,owner_phone_shake_1,2533347171265131,2026-09-20T03:51:47.509143Z,-1.2083237,0.5593454,2.8361564,-0.8989778,-1.8870872,-0.2333379,-0.8658575,5.9341335,7.7635341,0.0913776,0.3112815,0.8568859,0.4006253
gait_20260920_035116_owner_phone_shake_1,owner_phone_shake_1,2533347191409133,2026-09-20T03:51:47.535215Z,-0.4484639,0.5102642,4.2973676,-1.2637649,-2.0260642,-0.0980415,-0.5825786,5.7795706,7.9052687,0.1036315,0.2952525,0.8570966,0.4092335
gait_20260920_035116_owner_phone_shake_1,owner_phone_shake_1,2533347211584386,2026-09-20T03:51:47.552132Z,-0.3109469,0.4806360,6.7300262,-1.8412391,-1.9014429,-0.1183426,-0.2645628,5.5581670,8.0791645,0.1152791,0.2750282,0.8584146,0.4173662
gait_20260920_035116_owner_phone_shake_1,owner_phone_shake_1,2533347231771641,2026-09-20T03:51:47.585947Z,-0.4906617,0.3038391,9.7400618,-2.3045340,-1.5478139,-0.0975586,0.0280438,5.2328033,8.2977772,0.1226572,0.2502356,0.8608624,0.4257386
gait_20260920_035116_owner_phone_shake_1,owner_phone_shake_1,2533347251916050,2026-09-20T03:51:47.596719Z,-0.2231845,0.5042787,11.8963394,-2.3396571,-1.1735674,0.0589049,0.1122119,4.0470629,8.9355917,0.0994411,0.1874538,0.8724651,0.4402015
gait_20260920_035116_owner_phone_shake_1,owner_phone_shake_1,2533347272085362,2026-09-20T03:51:47.613236Z,0.0526724,1.0411785,12.6618853,-2.1080680,-0.9195120,0.2012624,0.3197780,3.6222999,9.1111355,0.0989189,0.1619026,0.8758757,0.4436717
gait_20260920_035116_owner_phone_shake_1,owner_phone_shake_1,2533347292253981,2026-09-20T03:51:47.629793Z,0.0129437,1.9124434,13.5044947,-2.0005670,-0.8724315,0.2897446,0.4991134,3.2358687,9.2474937,0.0977786,0.1393365,0.8791599,0.4450873
gait_20260920_035116_owner_phone_shake_1,owner_phone_shake_1,2533347312447626,2026-09-20T03:51:47.650080Z,0.3774609,2.4511387,14.5420818,-1.9834301,-0.7188991,0.3831231,0.6792393,2.8582346,9.3597670,0.0968549,0.1174806,0.8822940,0.4453927
gait_20260920_035116_owner_phone_shake_1,owner_phone_shake_1,2533347332617385,2026-09-20T03:51:47.670462Z,0.4537760,2.7778726,14.8736038,-1.9039410,-0.2401160,0.3778605,0.8271887,2.4758830,9.4563141,0.0943348,0.0964241,0.8855613,0.4445047
gait_20260920_035116_owner_phone_shake_1,owner_phone_shake_1,2533347352786208,2026-09-20T03:51:47.690656Z,-0.1852514,3.1771057,14.0096712,-1.7188329,0.4178465,0.3557274,0.8690220,2.1093278,9.5410509,0.0874018,0.0786868,0.8887712,0.4430071
gait_20260920_035116_owner_phone_shake_1,owner_phone_shake_1,2533347372955113,2026-09-20T03:51:47.710989Z,-0.4198831,3.5195513,12.7095451,-1.5419184,0.8259004,0.4079041,0.7790965,1.7786030,9.6159077,0.0753454,0.0656901,0.8920188,0.4408066
gait_20260920_035116_owner_phone_shake_1,owner_phone_shake_1,2533347393124342,2026-09-20T03:51:47.731085Z,-0.1262193,3.8583310,11.7946606,-1.4816313,0.9481235,0.4734705,0.6195264,1.4782680,9.6781721,0.0608755,0.0557073,0.8954284,0.4374917
gait_20260920_035116_owner_phone_shake_1,owner_phone_shake_1,2533347413293627,2026-09-20T03:51:47.758013Z,0.1117045,4.3546038,11.9121265,-1.5072950,0.8046667,0.4863273,0.4454013,1.1855000,9.7279139,0.0460269,0.0463469,0.8988241,0.4334155
gait_20260920_035116_owner_phone_shake_1,owner_phone_shake_1,2533347433437086,2026-09-20T03:51:47.771144Z,0.1824831,4.4063039,12.6470709,-1.4000604,0.4701231,0.4254406,0.3053075,0.8874511,9.7650051,0.0327796,0.0358786,0.9018646,0.4292768
gait_20260920_035116_owner_phone_shake_1,owner_phone_shake_1,2533347453631708,2026-09-20T03:51:47.791226Z,0.0270844,4.0221839,12.9724579,-1.0768248,0.1541985,0.3233023,0.2317517,0.6184037,9.7877464,0.0233910,0.0251805,0.9041704,0.4257871
gait_20260920_035116_owner_phone_shake_1,owner_phone_shake_1,2533347473789097,2026-09-20T03:51:47.811498Z,-0.0599299,3.7828386,12.7871323,-0.7484431,0.0222663,0.3230691,0.2146541,0.4193863,9.7986813,0.0182380,0.0164208,0.9057244,0.4231562
gait_20260920_035116_owner_phone_shake_1,owner_phone_shake_1,2533347493969314,2026-09-20T03:51:47.831955Z,0.2854337,3.6732292,12.2773170,-0.5522268,0.1316824,0.4060888,0.2139232,0.2828218,9.8035889,0.0152374,0.0101775,0.9072376,0.4202190
gait_20260920_035116_owner_phone_shake_1,owner_phone_shake_1,2533347514138299,2026-09-20T03:51:47.851907Z,0.4916344,3.7358525,11.8637180,-0.5158880,0.3444860,0.3992108,0.1836846,0.1792831,9.8066416,0.0116120,0.0060859,0.9090643,0.4164494
gait_20260920_035116_owner_phone_shake_1,owner_phone_shake_1,2533347534282220,2026-09-20T03:51:47.872068Z,0.0764648,3.6435261,11.8202486,-0.5285283,0.4799156,0.3251508,0.1092392,0.0786015,9.8090773,0.0060290,0.0030260,0.9107665,0.4128668
gait_20260920_035116_owner_phone_shake_1,owner_phone_shake_1,2533347554476312,2026-09-20T03:51:47.892128Z,-0.3820248,3.4309659,11.9820070,-0.4207110,0.4864272,0.3039671,0.0107268,-0.0233058,9.8099661,-0.0006751,0.0003657,0.9120898,0.4099897
gait_20260920_035116_owner_phone_shake_1,owner_phone_shake_1,2533347574645623,2026-09-20T03:51:47.912474Z,-0.0463128,3.4332104,11.7969799,-0.1641575,0.4643775,0.4571830,-0.0856356,-0.0978892,9.8091383,-0.0066946,-0.0011104,0.9133583,0.4071002
gait_20260920_035116_owner_phone_shake_1,owner_phone_shake_1,2533347594814406,2026-09-20T03:51:47.932852Z,0.6968623,3.9856725,11.2611275,0.1202578,0.4789163,0.6380444,-0.1784305,-0.1160436,9.8076916,-0.0113709,-0.0000847,0.9153351,0.4025325
gait_20260920_035116_owner_phone_shake_1,owner_phone_shake_1,2533347614984083,2026-09-20T03:51:47.952506Z,0.9714473,4.6272435,10.6604071,0.2957234,0.4986179,0.6356462,-0.2743839,-0.0768826,9.8058615,-0.0150444,0.0036172,0.9179347,0.3964297
gait_20260920_035116_owner_phone_shake_1,owner_phone_shake_1,2533347635152541,2026-09-20T03:51:47.973126Z,0.6343886,4.8439937,10.4162741,0.2987711,0.4433603,0.4629286,-0.3729955,-0.0066249,9.8029051,-0.0182719,0.0087895,0.9203122,0.3906590
gait_20260920_035116_owner_phone_shake_1,owner_phone_shake_1,2533347655321811,2026-09-20T03:51:47.993514Z,0.0628478,4.4000940,10.8282261,0.2479766,0.3189556,0.2567532,-0.4563427,0.0579899,9.7992096,-0.0209369,0.0133953,0.9218659,0.3867111
gait_20260920_035116_owner_phone_shake_1,owner_phone_shake_1,2533347675490716,2026-09-20T03:51:48.014134Z,-0.3502268,3.5663130,10.9587851,0.3252175,0.2800021,0.1443394,-0.5146613,0.1117951,9.7958527,-0.0226455,0.0170241,0.9226325,0.3846385
gait_20260920_035116_owner_phone_shake_1,owner_phone_shake_1,2533347695634555,2026-09-20T03:51:48.033760Z,-0.5603180,3.0733321,10.6378870,0.4151818,0.3829399,0.1509510,-0.5701739,0.1835805,9.7916965,-0.0238709,0.0214602,0.9230109,0.3834324
gait_20260920_035116_owner_phone_shake_1,owner_phone_shake_1,2533347715803378,2026-09-20T03:51:48.053457Z,-0.7246949,3.1747115,10.5905266,0.4067883,0.4721382,0.2103055,-0.6493465,0.2717477,9.7847137,-0.0259114,0.0271230,0.9234197,0.3819543
gait_20260920_035116_owner_phone_shake_1,owner_phone_shake_1,2533347735997715,2026-09-20T03:51:48.073529Z,-1.1369466,3.4409916,11.2650185,0.3585253,0.4431771,0.2323053,-0.7432048,0.3559172,9.7753296,-0.0287608,0.0328621,0.9240140,0.3798565
gait_20260920_035116_owner_phone_shake_1,owner_phone_shake_1,2533347756166781,2026-09-20T03:51:48.094297Z,-1.4314333,3.3595886,12.4455090,0.4555010,0.2681445,0.3088467,-0.8255378,0.4319975,9.7656527,-0.0312551,0.0379806,0.9246759,0.3775646
gait_20260920_035116_owner_phone_shake_1,owner_phone_shake_1,2533347776335727,2026-09-20T03:51:48.114124Z,-1.3103765,3.5355625,13.1591311,0.7497921,0.1797456,0.4568499,-0.8682319,0.5351723,9.7568378,-0.0314129,0.0435859,0.9256545,0.3745362
gait_20260920_035116_owner_phone_shake_1,owner_phone_shake_1,2533347796504591,2026-09-20T03:51:48.134400Z,-1.3653684,4.1925464,12.5728512,1.0330750,0.3756455,0.5505614,-0.8985177,0.7053240,9.7432690,-0.0298191,0.0520972,0.9270271,0.3701587
gait_20260920_035116_owner_phone_shake_1,owner_phone_shake_1,2533347816673821,2026-09-20T03:51:48.154400Z,-1.0220249,4.8289552,12.3417358,0.9813647,0.5877663,0.6451723,-0.9714140,0.9275234,9.7176218,-0.0294110,0.0638957,0.9283846,0.3649032
gait_20260920_035116_owner_phone_shake_1,owner_phone_shake_1,2533347836842848,2026-09-20T03:51:48.174583Z,0.1017536,5.4498763,13.0801220,0.8760120,0.7253109,0.8301805,-1.0788020,1.1308868,9.6846991,-0.0312144,0.0754315,0.9299666,0.3584659
gait_20260920_035116_owner_phone_shake_1,owner_phone_shake_1,2533347857011874,2026-09-20T03:51:48.194897Z,1.0797850,5.9825864,12.7474031,1.1585455,0.8125940,0.8889188,-1.2028741,1.3244617,9.6454659,-0.0343301,0.0867460,0.9320807,0.3500318
gait_20260920_035116_owner_phone_shake_1,owner_phone_shake_1,2533347877181023,2026-09-20T03:51:48.214878Z,1.3837738,6.3058782,11.2702560,1.7083576,0.6343639,0.7440299,-1.3330362,1.5888445,9.5882578,-0.0367200,0.1015939,0.9336985,0.3413758
gait_20260920_035116_owner_phone_shake_1,owner_phone_shake_1,2533347897349968,2026-09-20T03:51:48.234925Z,1.7497126,6.3478518,9.4934587,2.1392274,0.2866304,0.5180697,-1.4186536,1.9600121,9.5069389,-0.0351312,0.1210020,0.9338618,0.3347037
gait_20260920_035116_owner_phone_shake_1,owner_phone_shake_1,2533347917518548,2026-09-20T03:51:48.255627Z,2.0736032,6.3389482,8.5153522,2.3061662,-0.0538088,0.3257504,-1.4365867,2.3968649,9.4035826,-0.0289755,0.1427172,0.9324498,0.3306503
gait_20260920_035116_owner_phone_shake_1,owner_phone_shake_1,2533347937687899,2026-09-20T03:51:48.275353Z,2.3826048,6.3528647,7.6158061,2.4046741,-0.2548214,0.1011558,-1.3980676,2.8481276,9.2827625,-0.0195623,0.1644506,0.9298102,0.3286735
gait_20260920_035116_owner_phone_shake_1,owner_phone_shake_1,2533347957857862,2026-09-20T03:51:48.295482Z,2.0680666,6.2218571,6.7591305,2.4552519,-0.4029745,-0.2017621,-1.2191366,3.4050097,9.1189756,-0.0010147,0.1894290,0.9253337,0.3284405
gait_20260920_035116_owner_phone_shake_1,owner_phone_shake_1,2533347978027133,2026-09-20T03:51:48.316733Z,1.3417256,5.7827454,6.0504470,2.4458756,-0.4464912,-0.4966694,-1.0543280,3.9441242,8.9201117,0.0174530,0.2140313,0.9189265,0.3308477
gait_20260920_035116_owner_phone_shake_1,owner_phone_shake_1,2533347998195060,2026-09-20T03:51:48.336007Z,0.8011597,4.9036994,5.6889973,2.5453496,-0.4441263,-0.6620760,-1.0183270,4.3705883,8.7233639,0.0287229,0.2353226,0.9114252,0.3363070
gait_20260920_035116_owner_phone_shake_1,owner_phone_shake_1,2533348018340243,2026-09-20T03:51:48.357430Z,0.1331027,3.7293432,4.6691422,2.9384482,-0.5097094,-0.6992142,-1.0020046,4.8066497,8.4928331,0.0400840,0.2576921,0.9024900,0.3427824
gait_20260920_035116_owner_phone_shake_1,owner_phone_shake_1,2533348038532992,2026-09-20T03:51:48.376288Z,-0.5674258,2.6316767,1.9865141,3.4536035,-0.6413586,-0.5756589,-0.9832304,5.3032613,8.1941929,0.0535842,0.2835987,0.8915377,0.3490861
gait_20260920_035116_owner_phone_shake_1,owner_phone_shake_1,2533348058690626,2026-09-20T03:51:48.396520Z,-0.9629928,2.2028153,-0.8973019,3.6436746,-0.9525034,-0.2794192,-0.9354562,5.8658175,7.8072543,0.0705483,0.3132294,0.8785207,0.3537113
gait_20260920_035116_owner_phone_shake_1,owner_phone_shake_1,2533348078846183,2026-09-20T03:51:48.419842Z,-0.9931448,2.5916486,-1.7679683,3.2827344,-1.6257542,0.0342904,-0.8076862,6.4258728,7.3683047,0.0919276,0.3421482,0.8647220,0.3560054
gait_20260920_035116_owner_phone_shake_1,owner_phone_shake_1,2533348099016960,2026-09-20T03:51:48.438365Z,-0.9296985,3.2485576,-0.0782605,2.7023625,-2.6306841,0.2127536,-0.5425421,6.8934379,6.9586120,0.1190950,0.3636412,0.8516373,0.3581835
gait_20260920_035116_owner_phone_shake_1,owner_phone_shake_1,2533348119184684,2026-09-20T03:51:48.466105Z,-0.5466262,2.8941410,1.7762733,2.4567673,-3.3863218,0.2495754,-0.1265583,7.2560973,6.6006927,0.1534393,0.3756294,0.8387827,0.3630460
gait_20260920_035116_owner_phone_shake_1,owner_phone_shake_1,2533348139357577,2026-09-20T03:51:48.482343Z,-0.7437737,2.3267899,3.0187891,2.4666431,-3.8062000,0.1718516,0.3625505,7.5709777,6.2277584,0.1927377,0.3826953,0.8242367,0.3701762
gait_20260920_035116_owner_phone_shake_1,owner_phone_shake_1,2533348159528557,2026-09-20T03:51:48.500752Z,-0.8228572,1.6243911,3.6466684,2.3899186,-3.7197661,0.1691371,0.8538958,7.8675318,5.7973185,0.2343253,0.3880376,0.8069486,0.3786195
gait_20260920_035116_owner_phone_shake_1,owner_phone_shake_1,2533348179716504,2026-09-20T03:51:48.517659Z,-0.7841759,1.2494740,3.7329345,2.0574567,-2.9029920,0.3526131,1.2904642,8.1259184,5.3423090,0.2732674,0.3923436,0.7891233,0.3855850
gait_20260920_035116_owner_phone_shake_1,owner_phone_shake_1,2533348199860100,2026-09-20T03:51:48.542902Z,-0.6909516,1.5752351,2.3419034,1.4089537,-1.5824541,0.6390603,1.6344837,8.3163252,4.9399714,0.3036572,0.3960549,0.7750651,0.3875654
gait_20260920_035116_owner_phone_shake_1,owner_phone_shake_1,2533348220029614,2026-09-20T03:51:48.557581Z,-0.3451391,2.6832268,1.9627217,0.2393166,-0.5370551,0.9230927,1.8773779,8.4113913,4.6861567,0.3214217,0.3983354,0.7686470,0.3836650
gait_20260920_035116_owner_phone_shake_1,owner_phone_shake_1,2533348240197950,2026-09-20T03:51:48.580079Z,0.7707085,4.1501989,4.3965025,-0.9475073,-0.2197150,1.1444730,2.2304773,8.2565079,4.8053269,0.3289927,0.3877644,0.7750279,0.3751458
gait_20260920_035116_owner_phone_shake_1,owner_phone_shake_1,2533348260392570,2026-09-20T03:51:48.598233Z,2.1262007,5.3055511,6.2422075,-1.5483469,-0.2792860,1.0697303,2.4390013,8.0439653,5.0578656,0.3294835,0.3712557,0.7844378,0.3718430
gait_20260920_035116_owner_phone_shake_1,owner_phone_shake_1,2533348280561434,2026-09-20T03:51:48.618157Z,2.6523266,6.5532293,8.3204498,-1.8293148,-0.4530695,0.8271661,2.4831336,7.4009161,5.9410934,0.3085473,0.3269450,0.8111812,0.3740196
gait_20260920_035116_owner_phone_shake_1,owner_phone_shake_1,2533348300730867,2026-09-20T03:51:48.640393Z,2.8648868,7.0815248,10.6625776,-1.9504887,-0.4870268,0.6914368,2.6467075,7.1210151,6.2066255,0.3062470,0.3078002,0.8199032,0.3731363
gait_20260920_035116_owner_phone_shake_1,owner_phone_shake_1,2533348320874259,2026-09-20T03:51:48.658355Z,2.8779054,7.7882633,11.2634468,-1.7758558,-0.0826866,0.7437301,2.7659752,6.8465319,6.4583659,0.3031818,0.2890673,0.8276529,0.3735126
gait_20260920_035116_owner_phone_shake_1,owner_phone_shake_1,2533348341068066,2026-09-20T03:51:48.678681Z,2.9811552,9.3658180,11.0360727,-1.6392938,0.4947542,0.8602741,2.8159075,6.5803585,6.7086253,0.2962206,0.2739506,0.8366112,0.3705215
gait_20260920_035116_owner_phone_shake_1,owner_phone_shake_1,2533348361211987,2026-09-20T03:51:48.698822Z,3.4828153,10.3999634,11.1382751,-1.6209079,0.9113183,0.8595414,2.8039072,6.3066201,6.9714236,0.2856382,0.2604780,0.8466855,0.3656306
gait_20260920_035116_owner_phone_shake_1,owner_phone_shake_1,2533348381400871,2026-09-20T03:51:48.718850Z,3.5723734,10.6105785,10.1184950,-1.4097364,1.2722085,0.6882393,2.7096343,6.0638165,7.2197037,0.2718981,0.2498391,0.8566349,0.3603175
gait_20260920_035116_owner_phone_shake_1,owner_phone_shake_1,2533348401566764,2026-09-20T03:51:48.739159Z,3.2381577,10.6971436,8.6262341,-1.1784303,1.3433039,0.5110917,2.5679562,5.8667421,7.4312210,0.2569153,0.2428960,0.8652958,0.3553297
gait_20260920_035116_owner_phone_shake_1,owner_phone_shake_1,2533348421738639,2026-09-20T03:51:48.758925Z,3.0350246,10.8170776,8.6109705,-1.1632752,1.0854182,0.3947309,2.4422178,5.6787248,7.6173334,0.2433618,0.2365355,0.8725097,0.3515010
gait_20260920_035116_owner_phone_shake_1,owner_phone_shake_1,2533348441910270,2026-09-20T03:51:48.779542Z,2.8521676,10.4235315,9.1288662,-1.1065354,0.8168241,0.3222364,2.3505991,5.4942489,7.7797189,0.2325258,0.2289126,0.8783807,0.3492535
gait_20260920_035116_owner_phone_shake_1,owner_phone_shake_1,2533348462082348,2026-09-20T03:51:48.799593Z,2.8710220,9.9752922,8.5805941,-0.7978053,0.7946244,0.3631217,2.2635102,5.3526688,7.9032631,0.2232438,0.2229584,0.8833278,0.3466753
gait_20260920_035116_owner_phone_shake_1,owner_phone_shake_1,2533348482252189,2026-09-20T03:51:48.819727Z,3.3636289,10.0969467,7.3523688,-0.4136497,0.7825004,0.4893750,2.1871474,5.2704868,7.9796276,0.2153510,0.2205289,0.8877277,0.3419512
gait_20260920_035116_owner_phone_shake_1,owner_phone_shake_1,2533348502418123,2026-09-20T03:51:48.840091Z,3.5206735,10.3053923,6.8551230,-0.1826600,0.5302270,0.5232823,2.1539173,5.2273865,8.0169306,0.2102767,0.2200014,0.8912814,0.3361556
gait_20260920_035116_owner_phone_shake_1,owner_phone_shake_1,2533348522590120,2026-09-20T03:51:48.861365Z,3.4485483,9.8269262,6.9319620,-0.0267295,0.2007795,0.4029412,2.1647871,5.2129526,8.0233994,0.2087293,0.2198293,0.8934497,0.3314433
gait_20260920_035116_owner_phone_shake_1,owner_phone_shake_1,2533348542749381,2026-09-20T03:51:48.880497Z,3.4784009,9.1787710,6.5686421,0.1262699,0.1199581,0.2866304,2.1802800,5.2290273,8.0087309,0.2091557,0.2206941,0.8943128,0.3282574
gait_20260920_035116_owner_phone_shake_1,owner_phone_shake_1,2533348562927116,2026-09-20T03:51:48.900266Z,3.8741925,8.9091988,5.7776575,0.1962496,0.2798023,0.2734238,2.1696475,5.2587762,7.9921222,0.2088511,0.2229771,0.8950470,0.3248896
gait_20260920_035116_owner_phone_shake_1,owner_phone_shake_1,2533348583096305,2026-09-20T03:51:48.920623Z,4.0503159,9.1358995,5.2198834,0.1522833,0.4510710,0.2193486,2.1250582,5.2853465,7.9865732,0.2066691,0.2259245,0.8961337,0.3212325
gait_20260920_035116_owner_phone_shake_1,owner_phone_shake_1,2533348603240225,2026-09-20T03:51:48.941010Z,3.7838113,9.3385839,5.8134208,0.0729608,0.3079307,0.0716451,2.0823529,5.3040681,7.9854107,0.2040256,0.2282949,0.8969871,0.3188562
gait_20260920_035116_owner_phone_shake_1,owner_phone_shake_1,2533348623434155,2026-09-20T03:51:48.961046Z,3.3239748,9.1222830,6.7672858,0.1132299,0.0193685,-0.1305500,2.0664558,5.3344512,7.9692850,0.2035444,0.2299576,0.8966233,0.3189924
gait_20260920_035116_owner_phone_shake_1,owner_phone_shake_1,2533348643603181,2026-09-20T03:51:48.982056Z,2.8250084,9.0057144,7.2129068,0.1802785,-0.0485461,-0.2850149,2.0490811,5.3832941,7.9408770,0.2045564,0.2321145,0.8951100,0.3210262
gait_20260920_035116_owner_phone_shake_1,owner_phone_shake_1,2533348663766918,2026-09-20T03:51:49.000990Z,2.0923078,9.0149174,8.0287313,0.0887320,0.2634148,-0.3653034,1.9708322,5.4227805,7.9338131,0.2031624,0.2349637,0.8937418,0.3236396
gait_20260920_035116_owner_phone_shake_1,owner_phone_shake_1,2533348683936067,2026-09-20T03:51:49.021002Z,2.1619642,9.2170029,8.7766943,0.1068848,0.6042370,-0.2010792,1.8498331,5.4504614,7.9439731,0.1981204,0.2380504,0.8936086,0.3248752
gait_20260920_035116_owner_phone_shake_1,owner_phone_shake_1,2533348704104728,2026-09-20T03:51:49.042303Z,2.4961798,9.8977051,8.5958576,0.4044068,0.8213539,0.0208340,1.7179341,5.5160604,7.9282966,0.1919057,0.2435758,0.8942589,0.3227138
gait_20260920_035116_owner_phone_shake_1,owner_phone_shake_1,2533348724279898,2026-09-20T03:51:49.061643Z,2.9474120,10.6845741,7.7502556,0.7700766,0.7929757,0.1232222,1.6052142,5.6396513,7.8647141,0.1870849,0.2524090,0.8944341,0.3182400
gait_20260920_035116_owner_phone_shake_1,owner_phone_shake_1,2533348744448111,2026-09-20T03:51:49.081992Z,3.0978725,11.3241997,7.4699092,1.0049299,0.6304502,0.0707458,1.5130141,5.8044319,7.7624397,0.1843182,0.2635493,0.8934290,0.3136131
gait_20260920_035116_owner_phone_shake_1,owner_phone_shake_1,2533348764617341,2026-09-20T03:51:49.102176Z,3.3203089,11.3044481,7.9480014,1.1909541,0.3889353,-0.0183526,1.4514188,5.9956403,7.6276984,0.1840599,0.2755523,0.8910724,0.3101338
gait_20260920_035116_owner_phone_shake_1,owner_phone_shake_1,2533348784787262,2026-09-20T03:51:49.122264Z,3.6259437,11.0645790,7.6567321,1.4834632,0.3129935,-0.0507278,1.4027144,6.2249475,7.4510770,0.1858047,0.2892239,0.8874284,0.3070782
gait_20260920_035116_owner_phone_shake_1,owner_phone_shake_1,2533348804955232,2026-09-20T03:51:49.142614Z,3.6958244,10.8808985,6.0621185,1.7786204,0.4870102,-0.1143790,1.3246491,6.4976358,7.2292566,0.1875532,0.3062225,0.8826429,0.3033036
gait_20260920_035116_owner_phone_shake_1,owner_phone_shake_1,2533348825124828,2026-09-20T03:51:49.162495Z,3.6822822,10.4528599,4.3284922,1.8660867,0.6499186,-0.2056924,1.2106622,6.7799954,6.9858484,0.1876830,0.3254033,0.8771279,0.2992231
gait_20260920_035116_owner_phone_shake_1,owner_phone_shake_1,2533348845315624,2026-09-20T03:51:49.182677Z,3.2965164,9.9205246,2.8265796,1.8712660,0.6216903,-0.3078474,1.0846252,7.0566282,6.7278295,0.1868981,0.3449465,0.8709967,0.2957125
gait_20260920_035116_owner_phone_shake_1,owner_phone_shake_1,2533348865463735,2026-09-20T03:51:49.203061Z,3.1260793,9.4095869,1.2788779,1.8708330,0.3013524,-0.3405390,1.4121506,7.9078889,5.6309180,0.2013069,0.3772044,0.8567342,0.2884422
gait_20260920_035116_owner_phone_shake_1,owner_phone_shake_1,2533348885632925,2026-09-20T03:51:49.223238Z,2.7958291,8.8417120,0.1735796,1.7543223,-0.1616261,-0.3894516,1.9437350,8.7005119,4.0937867,0.2715850,0.4584692,0.8054807,0.2593231
gait_20260920_035116_owner_phone_shake_1,owner_phone_shake_1,2533348905783356,2026-09-20T03:51:49.251098Z,2.3828292,7.9735146,-0.3535937,1.4290550,-0.4810480,-0.5040471,1.9115733,8.8113594,3.8654814,0.2788237,0.4723106,0.7941903,0.2616141
gait_20260920_035116_owner_phone_shake_1,owner_phone_shake_1,2533348925969676,2026-09-20T03:51:49.263447Z,1.9984851,6.9761801,0.0510264,0.9319858,-0.5129403,-0.6265532,1.8237542,8.9352760,3.6153667,0.2826742,0.4792607,0.7874491,0.2651950
gait_20260920_035116_owner_phone_shake_1,owner_phone_shake_1,2533348946139435,2026-09-20T03:51:49.283683Z,1.8629134,5.9882727,1.0051906,0.5656666,-0.3475837,-0.7151020,1.7227682,9.0025015,3.4961631,0.2851760,0.4869523,0.7793795,0.2722493
gait_20260920_035116_owner_phone_shake_1,owner_phone_shake_1,2533348966307282,2026-09-20T03:51:49.303751Z,1.6514754,5.1054106,1.5933412,0.6063353,-0.2781036,-0.7718918,1.6043004,9.0677814,3.3819599,0.2852860,0.4924727,0.7737469,0.2782057
gait_20260920_035116_owner_phone_shake_1,owner_phone_shake_1,2533348986476024,2026-09-20T03:51:49.324018Z,1.0416274,4.2131214,0.7503577,0.9854782,-0.3681845,-0.7687942,1.4885556,9.1549768,3.1947966,0.2864133,0.5002866,0.7663929,0.2834125
gait_20260920_035116_owner_phone_shake_1,owner_phone_shake_1,2533349006644765,2026-09-20T03:51:49.344620Z,0.0160860,3.5233672,-0.7380127,1.2434472,-0.5162377,-0.7271761,1.3818564,9.2571392,2.9380200,0.2899510,0.5106485,0.7564163,0.2880989
gait_20260920_035116_owner_phone_shake_1,owner_phone_shake_1,2533349026788890,2026-09-20T03:51:49.366374Z,-0.8430583,3.0027778,-1.1843816,1.0375216,-0.6903377,-0.6521170,1.2857572,9.3422880,2.7027023,0.2948829,0.5201851,0.7458447,0.2935427
gait_20260920_035116_owner_phone_shake_1,owner_phone_shake_1,2533349046973257,2026-09-20T03:51:49.384556Z,-0.9103204,2.5003695,-0.2394202,0.5397364,-0.9763018,-0.4849451,1.2269555,9.3905821,2.5588377,0.3007160,0.5250740,0.7371855,0.3007074
gait_20260920_035116_owner_phone_shake_1,owner_phone_shake_1,2533349067126902,2026-09-20T03:51:49.404650Z,-1.0320506,2.1632361,1.0190321,0.0835360,-1.1497190,-0.2423809,1.2218684,9.4041424,2.5110300,0.3078542,0.5243133,0.7312471,0.3091909
gait_20260920_035116_owner_phone_shake_1,owner_phone_shake_1,2533349087296133,2026-09-20T03:51:49.424656Z,-0.8720880,1.9808278,2.1449053,-0.2211972,-1.2156018,0.0866836,1.2829742,9.3908577,2.5301907,0.3157152,0.5193302,0.7281456,0.3168976
gait_20260920_035116_owner_phone_shake_1,owner_phone_shake_1,2533349107490997,2026-09-20T03:51:49.444967Z,-0.2365022,2.3127241,3.1245081,-0.4703895,-1.2180833,0.3676183,1.4092059,9.3548956,2.5954151,0.3247066,0.5111351,0.7273663,0.3228699
gait_20260920_035116_owner_phone_shake_1,owner_phone_shake_1,2533349127659984,2026-09-20T03:51:49.465137Z,0.2888754,2.8457332,4.1482539,-0.8538124,-1.0386541,0.4564502,1.5532881,9.2932959,2.7309420,0.3327144,0.5002238,0.7290831,0.3278950
gait_20260920_035116_owner_phone_shake_1,owner_phone_shake_1,2533349147829213,2026-09-20T03:51:49.485608Z,0.2629881,3.2845454,5.5436993,-1.3777776,-0.6103656,0.4008428,1.6658081,9.1982574,2.9754429,0.3361218,0.4867969,0.7343564,0.3328238
gait_20260920_035116_owner_phone_shake_1,owner_phone_shake_1,2533349167994253,2026-09-20T03:51:49.505665Z,-0.1750760,3.4005895,6.9936128,-1.7715924,-0.2217134,0.3282318,1.7385787,9.0699253,3.3090639,0.3340262,0.4714302,0.7430220,0.3377847
gait_20260920_035116_owner_phone_shake_1,owner_phone_shake_1,2533349188167389,2026-09-20T03:51:49.525823Z,-0.5212626,3.5692310,7.6595001,-1.8521807,0.0489625,0.3636214,1.7941378,8.9208317,3.6655085,0.3287579,0.4556198,0.7532322,0.3420089
gait_20260920_035116_owner_phone_shake_1,owner_phone_shake_1,2533349208335724,2026-09-20T03:51:49.545975Z,-0.0577601,4.3970261,7.8582935,-1.8160917,0.1511508,0.5676484,1.8717335,8.7509308,4.0191941,0.3230187,0.4400678,0.7639568,0.3440484
gait_20260920_035116_owner_phone_shake_1,owner_phone_shake_1,2533349228479197,2026-09-20T03:51:49.565931Z,0.8207623,5.6639328,8.3033161,-1.8578097,0.1890218,0.8325787,1.7568429,8.1666260,5.1435232,0.2955861,0.3985476,0.7913079,0.3572401
gait_20260920_035116_owner_phone_shake_1,owner_phone_shake_1,2533349248674265,2026-09-20T03:51:49.586117Z,1.5848867,6.9023337,9.0030212,-1.8294981,0.0995904,1.0033978,1.9062544,7.9252000,5.4583426,0.2873314,0.3761190,0.8055147,0.3565409
gait_20260920_035116_owner_phone_shake_1,owner_phone_shake_1,2533349268842804,2026-09-20T03:51:49.606404Z,2.0765212,8.0521488,8.8357267,-1.6076514,-0.0390701,0.9939550,2.0680702,7.6989918,5.7170558,0.2848805,0.3592037,0.8155872,0.3530345
gait_20260920_035116_owner_phone_shake_1,owner_phone_shake_1,2533349289010854,2026-09-20T03:51:49.626785Z,2.7880478,9.1682215,8.7091331,-1.5331584,-0.0940279,0.9028581,2.2188265,7.4804964,5.9460154,0.2835668,0.3435931,0.8240203,0.3500349
gait_20260920_035116_owner_phone_shake_1,owner_phone_shake_1,2533349309179921,2026-09-20T03:51:49.647250Z,3.1878047,10.4129066,9.7523317,-1.7156687,-0.0449156,0.7542554,2.3405643,7.2366171,6.1959052,0.2812418,0.3272547,0.8321912,0.3482314
gait_20260920_035116_owner_phone_shake_1,owner_phone_shake_1,2533349329343577,2026-09-20T03:51:49.666435Z,3.2580595,10.6919813,10.8120651,-1.8371588,0.2059422,0.5424343,2.3976836,6.9736266,6.4696031,0.2759588,0.3103741,0.8405095,0.3479345
gait_20260920_035116_owner_phone_shake_1,owner_phone_shake_1,2533349349512807,2026-09-20T03:51:49.686575Z,2.8964603,10.5888805,10.7237043,-1.6962168,0.5810714,0.3545783,2.3707447,6.7267051,6.7355123,0.2668897,0.2957849,0.8486117,0.3480509
gait_20260920_035116_owner_phone_shake_1,owner_phone_shake_1,2533349369661651,2026-09-20T03:51:49.707677Z,2.7065701,10.5847654,10.0873699,-1.4138665,0.7948409,0.3030678,2.2985857,6.5153432,6.9644041,0.2558466,0.2847095,0.8560900,0.3472649
gait_20260920_035116_owner_phone_shake_1,owner_phone_shake_1,2533349389856963,2026-09-20T03:51:49.727676Z,2.6404305,10.4925137,9.1082163,-1.0784236,0.8251011,0.3277655,2.2194500,6.3462272,7.1439166,0.2452583,0.2767345,0.8626003,0.3452352
gait_20260920_035116_owner_phone_shake_1,owner_phone_shake_1,2533349410025746,2026-09-20T03:51:49.747616Z,2.9099276,10.4643078,8.2161522,-0.7864140,0.6608103,0.4039738,2.1704886,6.2159595,7.2723403,0.2369393,0.2710065,0.8680220,0.3419839
gait_20260920_035116_owner_phone_shake_1,owner_phone_shake_1,2533349430194528,2026-09-20T03:51:49.767813Z,3.1081975,10.3532763,8.0751190,-0.6242549,0.3997270,0.3937816,2.1593006,6.1100903,7.3648028,0.2316612,0.2661746,0.8722869,0.3385261
gait_20260920_035116_owner_phone_shake_1,owner_phone_shake_1,2533349450357452,2026-09-20T03:51:49.787905Z,3.0980971,9.9165592,8.6985092,-0.5177033,0.1385771,0.2535224,2.1708884,6.0229869,7.4328318,0.2289187,0.2614517,0.8752238,0.3364856
gait_20260920_035116_owner_phone_shake_1,owner_phone_shake_1,2533349470526600,2026-09-20T03:51:49.808107Z,2.7826610,9.3456163,9.1489925,-0.3737803,0.1326817,0.0862839,2.1639698,5.9641585,7.4821234,0.2270313,0.2579433,0.8769257,0.3360406
gait_20260920_035116_owner_phone_shake_1,owner_phone_shake_1,2533349490675608,2026-09-20T03:51:49.828503Z,2.4120834,8.8479223,9.2250834,-0.2335211,0.2944410,0.0288113,2.1249025,5.9284897,7.5215626,0.2242721,0.2562883,0.8781797,0.3358854
gait_20260920_035116_owner_phone_shake_1,owner_phone_shake_1,2533349510871368,2026-09-20T03:51:49.848547Z,2.1655555,8.6526451,9.1284924,-0.1001066,0.4774674,0.0704294,2.0590761,5.9114618,7.5532074,0.2200655,0.2565276,0.8796167,0.3347227
gait_20260920_035116_owner_phone_shake_1,owner_phone_shake_1,2533349531039173,2026-09-20T03:51:49.868495Z,2.0170400,8.5935383,8.9698019,0.0726610,0.5240984,0.1679546,1.9957156,5.9155807,7.5669761,0.2156919,0.2582330,0.8811815,0.3321323
gait_20260920_035116_owner_phone_shake_1,owner_phone_shake_1,2533349551185902,2026-09-20T03:51:49.889404Z,2.0877440,8.6740427,8.4948521,0.3172069,0.4849117,0.2388503,1.9483767,5.9544730,7.5487871,0.2125792,0.2616861,0.8823507,0.3283102
gait_20260920_035116_owner_phone_shake_1,owner_phone_shake_1,2533349571377349,2026-09-20T03:51:49.908919Z,2.0625300,8.8681974,8.2122612,0.4842955,0.4324686,0.2605503,1.9136995,6.0208278,7.5048981,0.2108778,0.2667723,0.8828581,0.3239208
gait_20260920_035116_owner_phone_shake_1,owner_phone_shake_1,2533349591546783,2026-09-20T03:51:49.928997Z,2.2996306,9.2030869,8.3553896,0.5861009,0.4130335,0.3049830,1.8878233,6.0999579,7.4473324,0.2098224,0.2726562,0.8830805,0.3190644
gait_20260920_035116_owner_phone_shake_1,owner_phone_shake_1,2533349611715117,2026-09-20T03:51:49.949732Z,2.7341034,9.7137251,8.5572510,0.7151020,0.4309697,0.3731307,1.8692774,6.1938057,7.3741908,0.2092174,0.2793613,0.8831686,0.3133668
gait_20260920_035116_owner_phone_shake_1,owner_phone_shake_1,2533349631884551,2026-09-20T03:51:49.969551Z,3.2639704,10.1703444,8.3910780,0.8982617,0.4884757,0.4029246,1.8505715,6.3123713,7.2777381,0.2089950,0.2875489,0.8829417,0.3066770
gait_20260920_035116_owner_phone_shake_1,owner_phone_shake_1,2533349652053130,2026-09-20T03:51:49.989853Z,3.5527709,10.7064962,8.5360775,1.1039706,0.4776173,0.3761451,1.8295472,6.4599166,7.1525068,0.2089341,0.2976930,0.8820860,0.2994158
gait_20260920_035116_owner_phone_shake_1,owner_phone_shake_1,2533349672222849,2026-09-20T03:51:50.010338Z,3.8556373,10.9804821,8.7738514,1.3759789,0.2804185,0.3017521,1.8293564,6.6436977,6.9821811,0.2107094,0.3095403,0.8798547,0.2926467
gait_20260920_035116_owner_phone_shake_1,owner_phone_shake_1,2533349692365508,2026-09-20T03:51:50.029788Z,4.2236710,10.9104519,8.3123693,1.6559976,0.1881725,0.1573461,1.8318415,6.8679152,6.7610807,0.2146703,0.3237327,0.8757240,0.2867423
gait_20260920_035116_owner_phone_shake_1,owner_phone_shake_1,2533349712561349,2026-09-20T03:51:50.050196Z,4.0943842,10.4653549,7.3885064,1.7889957,0.3610400,-0.0034474,1.7895942,7.1093082,6.5185275,0.2175487,0.3401170,0.8704928,0.2814877
gait_20260920_035116_owner_phone_shake_1,owner_phone_shake_1,2533349732707956,2026-09-20T03:51:50.070475Z,3.7542579,9.9551659,6.1091051,1.9006602,0.5058457,-0.1067016,1.7110482,7.3587785,6.2575397,0.2183863,0.3580754,0.8647199,0.2763134
gait_20260920_035116_owner_phone_shake_1,owner_phone_shake_1,2533349752873035,2026-09-20T03:51:50.090464Z,3.8831706,9.5086470,4.4943657,2.0264804,0.4268229,-0.1529828,1.6378078,7.6156783,5.9628129,0.2194547,0.3771403,0.8579165,0.2712645
gait_20260920_035116_owner_phone_shake_1,owner_phone_shake_1,2533349773068633,2026-09-20T03:51:50.111061Z,3.9712324,9.1572227,2.8327148,2.0705633,0.2284083,-0.2178331,1.6184456,7.8915877,5.5981770,0.2226485,0.3968141,0.8496446,0.2665902
gait_20260920_035116_owner_phone_shake_1,owner_phone_shake_1,2533349793236113,2026-09-20T03:51:50.130939Z,3.8150108,8.8336315,1.3488334,1.9666597,-0.0759918,-0.3853380,2.4463117,8.5650597,4.1099181,0.2685915,0.4431283,0.8209007,0.2400374
gait_20260920_035116_owner_phone_shake_1,owner_phone_shake_1,2533349813380157,2026-09-20T03:51:50.157330Z,3.1283238,8.0841713,0.5553052,1.6812450,-0.4342339,-0.6536158,2.4486327,8.7269220,3.7524865,0.2917950,0.4699284,0.7992279,0.2350697
gait_20260920_035116_owner_phone_shake_1,owner_phone_shake_1,2533349833575631,2026-09-20T03:51:50.171591Z,1.7085621,6.9603934,0.0760907,1.2804354,-0.5932121,-0.8951973,2.3084049,8.9025421,3.4135203,0.3004745,0.4830459,0.7834755,0.2500962
gait_20260920_035116_owner_phone_shake_1,owner_phone_shake_1,2533349853743315,2026-09-20T03:51:50.191272Z,0.8685715,5.7332902,-0.0649427,0.8206211,-0.5910804,-0.9127505,2.1766973,9.0050669,3.2259707,0.3046494,0.4903903,0.7735623,0.2613574
gait_20260920_035116_owner_phone_shake_1,owner_phone_shake_1,2533349873912545,2026-09-20T03:51:50.212069Z,0.7714567,4.7290721,0.2701707,0.4169971,-0.6157448,-0.7500419,2.0733719,9.0677013,3.1167343,0.3077742,0.4941251,0.7666215,0.2709368
gait_20260920_035116_owner_phone_shake_1,owner_phone_shake_1,2533349894056100,2026-09-20T03:51:50.231587Z,0.7799112,4.0740333,0.2151041,0.3064152,-0.5971091,-0.5765415,2.0026088,9.1113186,3.0347195,0.3117678,0.4959208,0.7604938,0.2802013
gait_20260920_035116_owner_phone_shake_1,owner_phone_shake_1,2533349914250640,2026-09-20T03:51:50.252112Z,0.6285528,3.8310969,-0.1511340,0.4175301,-0.7651137,-0.4524533,1.9601780,9.1561203,2.9256220,0.3166936,0.4983574,0.7543759,0.2868137
gait_20260920_035116_owner_phone_shake_1,owner_phone_shake_1,2533349934419422,2026-09-20T03:51:50.272386Z,0.4970961,3.5720742,-0.5193173,0.5477303,-1.1712191,-0.3677848,1.9559379,9.2050037,2.7709773,0.3253653,0.5005735,0.7465176,0.2937262
gait_20260920_035116_owner_phone_shake_1,owner_phone_shake_1,2533349954588612,2026-09-20T03:51:50.292248Z,0.3354127,3.1987283,-0.2872294,0.4404625,-1.5587223,-0.4175967,1.9606656,9.2498560,2.6138196,0.3366035,0.5010127,0.7373513,0.3033110
gait_20260920_035116_owner_phone_shake_1,owner_phone_shake_1,2533349974757882,2026-09-20T03:51:50.312473Z,0.2534113,2.7041759,0.7614310,0.0459648,-1.6781807,-0.4932387,1.9533631,9.2753820,2.5274010,0.3470345,0.4981501,0.7293405,0.3153985
gait_20260920_035116_owner_phone_shake_1,owner_phone_shake_1,2533349994926786,2026-09-20T03:51:50.332540Z,0.0414496,2.0867712,2.7525089,-0.4633949,-1.5489464,-0.5146390,1.9338439,9.2717295,2.5556631,0.3542302,0.4914824,0.7244944,0.3287461
gait_20260920_035116_owner_phone_shake_1,owner_phone_shake_1,2533350015095691,2026-09-20T03:51:50.352655Z,-0.4568436,1.6288054,4.8003745,-0.7748895,-1.3746300,-0.4092864,1.9243848,9.2433825,2.6632197,0.3591953,0.4821090,0.7222732,0.3418642
gait_20260920_035116_owner_phone_shake_1,owner_phone_shake_1,2533350035264758,2026-09-20T03:51:50.372752Z,-0.6958148,1.4101849,5.3735614,-0.8219368,-1.0024319,-0.1879893,1.9397396,9.2018137,2.7928739,0.3623543,0.4727176,0.7221783,0.3517045
gait_20260920_035116_owner_phone_shake_1,owner_phone_shake_1,2533350055434599,2026-09-20T03:51:50.392956Z,-0.6933458,1.7472435,5.5330000,-1.0234658,-0.5803553,0.0667155,1.9784602,9.1383228,2.9686456,0.3629144,0.4626495,0.7251781,0.3582811
gait_20260920_035116_owner_phone_shake_1,owner_phone_shake_1,2533350075577421,2026-09-20T03:51:50.413469Z,0.0154127,2.3338230,6.2492404,-1.4418285,-0.1528995,0.3242016,2.0440955,9.0326977,3.2354558,0.3600126,0.4500347,0.7325841,0.3621882
gait_20260920_035116_owner_phone_shake_1,owner_phone_shake_1,2533350095745960,2026-09-20T03:51:50.433541Z,0.1239748,3.1607203,7.5462995,-1.7747567,0.0676981,0.4935218,2.1251819,8.8847122,3.5751367,0.3546332,0.4348296,0.7429836,0.3648753
gait_20260920_035116_owner_phone_shake_1,owner_phone_shake_1,2533350115940824,2026-09-20T03:51:50.453589Z,0.4099322,3.7867293,7.9697738,-1.6760490,0.0505446,0.6500519,2.2310047,8.7197475,3.9018896,0.3499734,0.4191882,0.7534451,0.3662246
gait_20260920_035116_owner_phone_shake_1,owner_phone_shake_1,2533350136084502,2026-09-20T03:51:50.473600Z,1.0257658,5.0486231,7.7478614,-1.4284887,-0.1347134,0.7670622,2.3614621,8.5379391,4.2146406,0.3464435,0.4027876,0.7635596,0.3670367
gait_20260920_035116_owner_phone_shake_1,owner_phone_shake_1,2533350156279122,2026-09-20T03:51:50.493968Z,1.9048119,6.6561050,8.4097080,-1.4595315,-0.3622058,0.8890354,2.4392045,8.1447763,4.8937740,0.3318104,0.3711632,0.7828581,0.3731932
gait_20260920_035116_owner_phone_shake_1,owner_phone_shake_1,2533350176447985,2026-09-20T03:51:50.514180Z,2.7285669,7.6565824,9.1991215,-1.5415354,-0.2764049,0.9150488,2.6206579,7.9376330,5.1344180,0.3317213,0.3543485,0.7910624,0.3723151
gait_20260920_035116_owner_phone_shake_1,owner_phone_shake_1,2533350196591581,2026-09-20T03:51:50.533970Z,2.9836242,8.4563208,8.9336643,-1.4541357,0.0426340,0.7845988,2.7441399,7.7363672,5.3716316,0.3288063,0.3397439,0.7992439,0.3710387
gait_20260920_035116_owner_phone_shake_1,owner_phone_shake_1,2533350216786201,2026-09-20T03:51:50.554322Z,3.3295863,9.1591682,8.2924671,-1.4312366,0.2974721,0.6112316,2.8079097,7.5433378,5.6080132,0.3233746,0.3270551,0.8071193,0.3701651
gait_20260920_035116_owner_phone_shake_1,owner_phone_shake_1,2533350236955025,2026-09-20T03:51:50.574625Z,3.2886605,9.6796827,8.0853691,-1.5784072,0.5327584,0.3645207,2.8050649,7.3400989,5.8728757,0.3146096,0.3148352,0.8151566,0.3707012
gait_20260920_035116_owner_phone_shake_1,owner_phone_shake_1,2533350257113269,2026-09-20T03:51:50.594877Z,2.4914660,9.7882452,8.4648495,-1.7168844,0.6550980,0.0625854,2.7341177,7.1280017,6.1605444,0.3030537,0.3027775,0.8225927,0.3739327
gait_20260920_035116_owner_phone_shake_1,owner_phone_shake_1,2533350277293648,2026-09-20T03:51:50.615Z,1.6038159,9.3416510,9.4069681,-1.6666728,0.4641776,-0.0762915,2.6547780,6.9184890,6.4282784,0.2922193,0.2907653,0.8286026,0.3787890
gait_20260920_035116_owner_phone_shake_1,owner_phone_shake_1,2533350297456530,2026-09-20T03:51:50.634931Z,1.5069255,9.1223574,10.1176720,-1.3255175,0.0773241,0.0629684,2.6429439,6.7367353,6.6232433,0.2861366,0.2795736,0.8328744,0.3824721
gait_20260920_035116_owner_phone_shake_1,owner_phone_shake_1,2533350317625597,2026-09-20T03:51:50.655188Z,1.8903719,9.2425165,10.3371153,-0.9057060,-0.2394998,0.2587684,2.7051060,6.5984697,6.7363729,0.2852050,0.2700603,0.8355464,0.3841716
gait_20260920_035116_owner_phone_shake_1,owner_phone_shake_1,2533350337800199,2026-09-20T03:51:50.677003Z,2.4788218,9.3304281,10.3410063,-0.6120144,-0.3173735,0.3791428,2.7981400,6.4934912,6.8000808,0.2867467,0.2622880,0.8373618,0.3844561
gait_20260920_035116_owner_phone_shake_1,owner_phone_shake_1,2533350357966377,2026-09-20T03:51:50.695686Z,2.8802996,9.2716208,10.1376486,-0.4625455,-0.1202578,0.3839058,2.8673291,6.4076271,6.8525066,0.2872390,0.2565977,0.8395019,0.3832596
gait_20260920_035116_owner_phone_shake_1,owner_phone_shake_1,2533350378155831,2026-09-20T03:51:50.716144Z,3.0469210,9.0608559,9.5299702,-0.3285149,0.1549812,0.3627887,2.8924744,6.3396416,6.9049740,0.2856650,0.2531594,0.8420485,0.3811300
gait_20260920_035116_owner_phone_shake_1,owner_phone_shake_1,2533350398307319,2026-09-20T03:51:50.735995Z,3.0558991,8.9091234,8.6032648,-0.1528662,0.3287314,0.3137596,2.8848310,6.2997818,6.9445381,0.2830093,0.2522173,0.8445804,0.3781219
gait_20260920_035116_owner_phone_shake_1,owner_phone_shake_1,2533350418473702,2026-09-20T03:51:50.756328Z,2.8427405,8.6472578,8.0333700,-0.0416514,0.3030178,0.2237619,2.8692689,6.2820382,6.9670219,0.2808283,0.2524343,0.8463483,0.3756422
gait_20260920_035116_owner_phone_shake_1,owner_phone_shake_1,2533350438645210,2026-09-20T03:51:50.776525Z,2.4941597,8.3708029,7.9349084,0.0078273,0.2380010,0.1200580,2.8488097,6.2783871,6.9786997,0.2791147,0.2531941,0.8473884,0.3740596
gait_20260920_035116_owner_phone_shake_1,owner_phone_shake_1,2533350458827013,2026-09-20T03:51:50.796815Z,1.8995746,8.0992098,8.3328695,-0.0180861,0.1949006,0.0498618,2.8258326,6.2753325,6.9907789,0.2775525,0.2537259,0.8480433,0.3733770
gait_20260920_035116_owner_phone_shake_1,owner_phone_shake_1,2533350478984077,2026-09-20T03:51:50.816721Z,1.5814451,8.0390558,9.3689604,-0.0318423,0.1718017,0.1107651,2.8083632,6.2657046,7.0064363,0.2760046,0.2538707,0.8489165,0.3724406
gait_20260920_035116_owner_phone_shake_1,owner_phone_shake_1,2533350499147448,2026-09-20T03:51:50.836673Z,1.8072482,8.2721910,10.3258924,0.1053360,0.1597276,0.2771043,2.8163924,6.2622538,7.0062990,0.2755310,0.2544189,0.8500898,0.3697311
gait_20260920_035116_owner_phone_shake_1,owner_phone_shake_1,2533350519295641,2026-09-20T03:51:50.856695Z,2.2937949,8.7957735,10.4735098,0.3663360,0.1947674,0.4162810,2.8387783,6.2879701,6.9741578,0.2762604,0.2568489,0.8510261,0.3653265
gait_20260920_035116_owner_phone_shake_1,owner_phone_shake_1,2533350539490791,2026-09-20T03:51:50.877686Z,2.6634746,9.3568392,10.6655703,0.5479968,0.2967226,0.4746030,2.8557765,6.3375106,6.9221826,0.2770010,0.2611940,0.8519613,0.3594581
gait_20260920_035116_owner_phone_shake_1,owner_phone_shake_1,2533350559661486,2026-09-20T03:51:50.897434Z,3.1699979,9.7051210,10.8423672,0.7196485,0.4545350,0.4870601,2.8554156,6.4072657,6.8578167,0.2770141,0.2674263,0.8529918,0.3523512
gait_20260920_035116_owner_phone_shake_1,owner_phone_shake_1,2533350579829210,2026-09-20T03:51:50.917970Z,3.6312559,10.1581488,10.4494934,0.9711891,0.6699367,0.4908239,2.8276656,6.5103812,6.7716584,0.2760262,0.2765664,0.8538963,0.3437758
gait_20260920_035116_owner_phone_shake_1,owner_phone_shake_1,2533350599998726,2026-09-20T03:51:50.937667Z,3.9985414,10.5424929,9.6521492,1.2120212,0.8553945,0.4797490,2.7763393,6.6469173,6.6593199,0.2742320,0.2885292,0.8544314,0.3339083
gait_20260920_035116_owner_phone_shake_1,owner_phone_shake_1,2533350620143094,2026-09-20T03:51:50.957958Z,4.4048076,10.5617218,8.8147774,1.4359497,0.9651937,0.4518704,2.7087286,6.8113894,6.5194988,0.2719886,0.3027495,0.8543110,0.3232921
gait_20260920_035116_owner_phone_shake_1,owner_phone_shake_1,2533350640311428,2026-09-20T03:51:50.978215Z,4.9042978,10.7542305,7.9349828,1.7572868,0.8297309,0.4186125,2.6582227,7.0138502,6.3226466,0.2716320,0.3192711,0.8525163,0.3122467
gait_20260920_035116_owner_phone_shake_1,owner_phone_shake_1,2533350660506172,2026-09-20T03:51:50.998217Z,5.4747162,10.7608891,6.9621139,2.0850689,0.5187192,0.2786864,2.6361463,7.2576356,6.0509148,0.2745856,0.3379343,0.8479994,0.3021595
gait_20260920_035116_owner_phone_shake_1,owner_phone_shake_1,2533350680673977,2026-09-20T03:51:51.021100Z,5.7451115,10.1883011,5.4094744,2.3070822,0.3297307,-0.0000333,2.6064041,7.5317369,5.7197652,0.2791849,0.3585377,0.8407709,0.2942973
gait_20260920_035116_owner_phone_shake_1,owner_phone_shake_1,2533350700844713,2026-09-20T03:51:51.038422Z,5.3317375,9.3557920,3.6287868,2.3024857,0.3729642,-0.3644374,2.5192592,7.8109260,5.3739071,0.2821307,0.3801975,0.8319845,0.2892304
gait_20260920_035116_owner_phone_shake_1,owner_phone_shake_1,2533350721013618,2026-09-20T03:51:51.058546Z,4.5566897,8.3571854,2.1897967,2.0848525,0.4924393,-0.6841924,2.7617083,8.1914158,4.6378641,0.3050400,0.4102738,0.8149587,0.2728890
gait_20260920_035116_owner_phone_shake_1,owner_phone_shake_1,2533350741181831,2026-09-20T03:51:51.079498Z,3.7056258,7.5006599,1.0615292,1.8019859,0.4719217,-0.8897015,2.5935597,8.4127207,4.3284736,0.3053011,0.4291097,0.8045797,0.2744222
gait_20260920_035116_owner_phone_shake_1,owner_phone_shake_1,2533350761329373,2026-09-20T03:51:51.099412Z,2.6437972,6.7440171,0.5918167,1.5120081,0.1681045,-1.0188693,2.4040842,8.5959101,4.0702367,0.3048331,0.4446357,0.7945946,0.2792763
gait_20260920_035116_owner_phone_shake_1,owner_phone_shake_1,2533350781519639,2026-09-20T03:51:51.119291Z,1.8883518,5.9521351,0.4737526,1.2802023,-0.2911602,-1.0631187,2.2400167,8.7513294,3.8252676,0.3064691,0.4573869,0.7843327,0.2858256
gait_20260920_035116_owner_phone_shake_1,owner_phone_shake_1,2533350801688911,2026-09-20T03:51:51.139240Z,1.4070424,5.1178308,0.5880758,1.0942448,-0.6968660,-1.0736773,2.1010818,8.8829346,3.5937498,0.3105892,0.4673566,0.7735147,0.2945967
gait_20260920_035116_owner_phone_shake_1,owner_phone_shake_1,2533350821857652,2026-09-20T03:51:51.159401Z,0.6474819,4.2411036,0.4028993,1.0000670,-0.8623225,-1.0906309,1.9652382,9.0001287,3.3721879,0.3154294,0.4760396,0.7624593,0.3042146
gait_20260920_035116_owner_phone_shake_1,owner_phone_shake_1,2533350842002794,2026-09-20T03:51:51.179386Z,-0.4407576,3.4635119,0.0564134,0.9142494,-0.9943880,-1.0129404,1.8345126,9.1041183,3.1600134,0.3208790,0.4835807,0.7512944,0.3142341
gait_20260920_035116_owner_phone_shake_1,owner_phone_shake_1,2533350862171088,2026-09-20T03:51:51.200920Z,-1.2620436,2.8045828,-0.4954501,0.7535392,-1.2722584,-0.7439632,1.7553722,9.1859455,2.9619575,0.3289030,0.4884329,0.7404367,0.3240523
gait_20260920_035116_owner_phone_shake_1,owner_phone_shake_1,2533350882365424,2026-09-20T03:51:51.219987Z,-1.7079636,2.3143702,-0.7422025,0.3244847,-1.6051533,-0.3904175,1.7661103,9.2243090,2.8335631,0.3399011,0.4874473,0.7316672,0.3339546
gait_20260920_035116_owner_phone_shake_1,owner_phone_shake_1,2533350902545274,2026-09-20T03:51:51.240525Z,-1.5747862,1.7898902,-0.5240309,-0.3612732,-1.8213876,-0.0065117,1.7661103,9.2243090,2.8335631,0.3399011,0.4874473,0.7316672,0.3339546
gait_20260920_035116_owner_phone_shake_1,owner_phone_shake_1,2533350922703721,2026-09-20T03:51:51.260484Z,-0.9843910,1.3721020,0.6069301,-1.1766983,-1.9097699,0.3090465,1.8952450,9.1963015,2.8411644,0.3550479,0.4759060,0.7260022,0.3469516
gait_20260920_035116_owner_phone_shake_1,owner_phone_shake_1,2533350942872301,2026-09-20T03:51:51.281885Z,-0.4798878,1.3090298,2.9774890,-1.8777944,-1.9023589,0.4908239,2.0697372,9.1042995,3.0106573,0.3659336,0.4580809,0.7265021,0.3583984
gait_20260920_035116_owner_phone_shake_1,owner_phone_shake_1,2533350963041734,2026-09-20T03:51:51.300985Z,-0.0615011,1.4766988,6.0000191,-2.1575134,-1.7802192,0.5649837,2.2826836,8.9539337,3.2943170,0.3747090,0.4344421,0.7303736,0.3706855
gait_20260920_035116_owner_phone_shake_1,owner_phone_shake_1,2533350983186265,2026-09-20T03:51:51.320989Z,0.3455881,1.4041992,7.8469214,-1.9101362,-1.3575097,0.5379878,2.5051739,8.7732897,3.6041090,0.3815816,0.4094301,0.7352899,0.3822450
gait_20260920_035116_owner_phone_shake_1,owner_phone_shake_1,2533351003387396,2026-09-20T03:51:51.341211Z,0.6429928,1.3499557,7.5181675,-1.5084608,-0.5677150,0.5070448,2.6915975,8.6045122,3.8670096,0.3856509,0.3886281,0.7400802,0.3905419
gait_20260920_035116_owner_phone_shake_1,owner_phone_shake_1,2533351023548733,2026-09-20T03:51:51.361553Z,0.6981342,1.7719337,6.4133930,-1.4399300,0.1887387,0.6283352,2.8114893,8.4577637,4.0985208,0.3847788,0.3740122,0.7462026,0.3940075
gait_20260920_035116_owner_phone_shake_1,owner_phone_shake_1,2533351043692613,2026-09-20T03:51:51.381186Z,1.1284920,2.4314616,6.3599725,-1.7902948,0.5054294,0.7912936,2.8955445,8.2938738,4.3661866,0.3789487,0.3615653,0.7555103,0.3935387
gait_20260920_035116_owner_phone_shake_1,owner_phone_shake_1,2533351063887681,2026-09-20T03:51:51.401588Z,1.6294787,3.4835634,8.4400101,-2.2637985,0.3540620,0.8485997,2.9813430,8.0718307,4.7109709,0.3702119,0.3460613,0.7675548,0.3924849
gait_20260920_035116_owner_phone_shake_1,owner_phone_shake_1,2533351084056097,2026-09-20T03:51:51.421900Z,2.4242790,4.3056726,11.2736225,-2.4103863,0.1099324,0.8511145,3.0795848,7.7566090,5.1562853,0.3594290,0.3240268,0.7814521,0.3938909
gait_20260920_035116_owner_phone_shake_1,owner_phone_shake_1,2533351104235011,2026-09-20T03:51:51.442700Z,2.7976995,4.8661404,13.0122614,-2.0965934,0.0120408,0.7711591,3.2017252,7.4413638,5.5327349,0.3518705,0.3020228,0.7927405,0.3956412
gait_20260920_035116_owner_phone_shake_1,owner_phone_shake_1,2533351124394639,2026-09-20T03:51:51.462185Z,2.6077347,5.2560959,12.7381258,-1.6106824,0.2735904,0.7141028,3.3104861,7.1584949,5.8337579,0.3458312,0.2830514,0.8017731,0.3967902
gait_20260920_035116_owner_phone_shake_1,owner_phone_shake_1,2533351144538315,2026-09-20T03:51:51.482701Z,2.6978912,5.8415527,11.5959415,-1.3648708,0.7679948,0.7909272,3.3692868,6.9254179,6.0763974,0.3390385,0.2691685,0.8096901,0.3962364
gait_20260920_035116_owner_phone_shake_1,owner_phone_shake_1,2533351164732164,2026-09-20T03:51:51.502928Z,2.7361984,6.7246394,11.1437368,-1.4057229,1.1276525,0.8335946,3.3720417,6.7015209,6.3210006,0.3293881,0.2579161,0.8181450,0.3944893
gait_20260920_035116_owner_phone_shake_1,owner_phone_shake_1,2533351184900986,2026-09-20T03:51:51.522944Z,2.5998037,7.4018989,11.1976061,-1.4379481,1.3420383,0.7896116,3.3270202,6.4596615,6.5908880,0.3162959,0.2476627,0.8283121,0.3905372
gait_20260920_035116_owner_phone_shake_1,owner_phone_shake_1,2533351205070298,2026-09-20T03:51:51.542821Z,2.5127146,7.8833580,11.8186769,-1.2717755,1.2187494,0.6916200,3.2403102,6.2131977,6.8653235,0.3016592,0.2377652,0.8379430,0.3877128
gait_20260920_035116_owner_phone_shake_1,owner_phone_shake_1,2533351225239325,2026-09-20T03:51:51.563032Z,2.8629415,8.0698814,12.3842325,-0.8730143,0.8641211,0.6281853,3.1567068,5.9973602,7.0924597,0.2887545,0.2295602,0.8463278,0.3842554
gait_20260920_035116_owner_phone_shake_1,owner_phone_shake_1,2533351245408636,2026-09-20T03:51:51.583275Z,3.3014545,8.1580925,12.1819973,-0.4017588,0.6558807,0.6383275,3.1139069,5.8439684,7.2379365,0.2805215,0.2237331,0.8521819,0.3808375
gait_20260920_035116_owner_phone_shake_1,owner_phone_shake_1,2533351265577866,2026-09-20T03:51:51.603490Z,3.3543513,8.4686651,11.5206738,-0.0689305,0.6627088,0.6707194,3.0960031,5.7567630,7.3150907,0.2753846,0.2214631,0.8569159,0.3752500
gait_20260920_035116_owner_phone_shake_1,owner_phone_shake_1,2533351285746567,2026-09-20T03:51:51.623469Z,3.3085623,8.6436663,10.6635504,0.0766579,0.8224864,0.6256372,3.0727787,5.7122459,7.3596463,0.2709666,0.2219419,0.8612465,0.3682032
gait_20260920_035116_owner_phone_shake_1,owner_phone_shake_1,2533351305916164,2026-09-20T03:51:51.643675Z,3.3741784,8.7120514,10.2043123,0.1024715,0.9088369,0.5111417,3.0163465,5.6890650,7.4008317,0.2654019,0.2241238,0.8653571,0.3612307
gait_20260920_035116_owner_phone_shake_1,owner_phone_shake_1,2533351326085109,2026-09-20T03:51:51.664265Z,3.1008654,8.4290113,9.7293625,0.1785299,0.9671589,0.4165808,2.9333539,5.6764612,7.4437442,0.2588918,0.2270550,0.8691515,0.3549603
gait_20260920_035116_owner_phone_shake_1,owner_phone_shake_1,2533351346254258,2026-09-20T03:51:51.684008Z,2.9977651,8.1275663,9.0099049,0.3603405,0.8967795,0.4186125,2.8329394,5.6836624,7.4770684,0.2520642,0.2311852,0.8724957,0.3489536
gait_20260920_035116_owner_phone_shake_1,owner_phone_shake_1,2533351366422959,2026-09-20T03:51:51.705273Z,2.8273277,8.1539774,8.5077209,0.5620193,0.6819774,0.4554343,2.7491691,5.7205329,7.4802194,0.2468103,0.2366443,0.8750988,0.3424706
gait_20260920_035116_owner_phone_shake_1,owner_phone_shake_1,2533351386567164,2026-09-20T03:51:51.724137Z,2.9185319,8.2383728,8.2995005,0.7459784,0.3682845,0.4832464,2.7072523,5.7861252,7.4449749,0.2444962,0.2429087,0.8766205,0.3357879
gait_20260920_035116_owner_phone_shake_1,owner_phone_shake_1,2533351406761460,2026-09-20T03:51:51.744801Z,3.0165446,8.3710270,8.2834139,0.8979952,0.0856843,0.4659429,2.7178688,5.8770080,7.3695369,0.2458934,0.2494221,0.8765867,0.3300315
gait_20260920_035116_owner_phone_shake_1,owner_phone_shake_1,2533351426931544,2026-09-20T03:51:51.764595Z,2.9550436,8.4392614,8.3685579,0.9963032,-0.1287846,0.4093030,2.7672558,5.9886646,7.2604618,0.2500890,0.2563406,0.8753893,0.3247129
gait_20260920_035116_owner_phone_shake_1,owner_phone_shake_1,2533351447074570,2026-09-20T03:51:51.784835Z,2.9593081,8.3700542,8.4284878,1.0683314,-0.1923359,0.3242349,2.8386168,6.1138802,7.1273303,0.2559764,0.2636531,0.8734021,0.3195810
gait_20260920_035116_owner_phone_shake_1,owner_phone_shake_1,2533351467243474,2026-09-20T03:51:51.804872Z,2.9031940,8.3485069,8.4291611,1.1106156,-0.0872332,0.2494588,2.9039571,6.2502370,6.9812379,0.2621781,0.2715600,0.8706486,0.3154185
gait_20260920_035116_owner_phone_shake_1,owner_phone_shake_1,2533351487438421,2026-09-20T03:51:51.825688Z,2.9596822,8.3036900,8.0728741,1.1497023,0.1593945,0.2067749,2.9418788,6.3922000,6.8352942,0.2669998,0.2804364,0.8679535,0.3110035
gait_20260920_035116_owner_phone_shake_1,owner_phone_shake_1,2533351507581731,2026-09-20T03:51:51.845073Z,2.9490581,8.3818760,7.1272392,1.2011795,0.4432770,0.1741832,2.9382155,6.5388513,6.6967468,0.2693560,0.2906620,0.8657367,0.3057174
gait_20260920_035116_owner_phone_shake_1,owner_phone_shake_1,2533351527769027,2026-09-20T03:51:51.865438Z,3.0092871,8.7977190,6.6061263,1.1819443,0.5282952,0.1505346,2.8956244,6.6907659,6.5639272,0.2694897,0.3020936,0.8637537,0.3000735
gait_20260920_035116_owner_phone_shake_1,owner_phone_shake_1,2533351547942042,2026-09-20T03:51:51.885490Z,2.9427731,9.1368723,6.5758247,1.1777308,0.4601640,0.0728608,2.8447471,6.8373723,6.4338069,0.2689050,0.3135105,0.8618678,0.2942535
gait_20260920_035116_owner_phone_shake_1,owner_phone_shake_1,2533351568111679,2026-09-20T03:51:51.905742Z,2.6209774,9.1834097,6.6607437,1.2595848,0.2849816,-0.0256304,2.7955706,6.9870090,6.2930603,0.2687848,0.3249562,0.8593616,0.2892331
gait_20260920_035116_owner_phone_shake_1,owner_phone_shake_1,2533351588284164,2026-09-20T03:51:51.926015Z,2.6133459,8.8964796,6.5666966,1.3660865,0.1276022,-0.0487127,2.7580843,7.1499219,6.1243539,0.2702172,0.3368576,0.8556222,0.2853425
gait_20260920_035116_owner_phone_shake_1,owner_phone_shake_1,2533351608452051,2026-09-20T03:51:51.946690Z,2.8970590,8.8094654,5.9991212,1.4716057,0.1198582,0.0070279,2.7375791,7.3214827,5.9277029,0.2731005,0.3492384,0.8509593,0.2816328
gait_20260920_035116_owner_phone_shake_1,owner_phone_shake_1,2533351628618230,2026-09-20T03:51:51.966213Z,3.2897828,9.2155066,5.2390370,1.5491129,0.0824868,0.0975752,2.7263100,7.4957004,5.7112007,0.2763694,0.3622836,0.8459727,0.2769492
gait_20260920_035116_owner_phone_shake_1,owner_phone_shake_1,2533351648791488,2026-09-20T03:51:51.986318Z,3.6236992,9.6822262,4.3719621,1.5723618,-0.0902142,0.1327316,2.7363439,7.6660275,5.4754524,0.2805897,0.3754378,0.8406342,0.2713855
gait_20260920_035116_owner_phone_shake_1,owner_phone_shake_1,2533351668960515,2026-09-20T03:51:52.006612Z,3.8140380,9.7428293,3.5381813,1.4991179,-0.3327783,0.0499118,2.7709527,7.8291135,5.2213907,0.2865147,0.3880230,0.8345167,0.2663256
gait_20260920_035116_owner_phone_shake_1,owner_phone_shake_1,2533351689129501,2026-09-20T03:51:52.027677Z,3.9282117,9.4684696,3.1233857,1.2777375,-0.5543919,-0.0672318,2.8151577,7.9797935,4.9632554,0.2938411,0.3993213,0.8275688,0.2633054
gait_20260920_035116_owner_phone_shake_1,owner_phone_shake_1,2533351709297632,2026-09-20T03:51:52.047235Z,3.9724295,9.1761522,3.2596307,0.9778007,-0.7597178,-0.1807448,2.8596675,8.1063004,4.7271886,0.3018069,0.4082974,0.8204572,0.2627848
gait_20260920_035116_owner_phone_shake_1,owner_phone_shake_1,2533351729467188,2026-09-20T03:51:52.067191Z,3.6408327,8.8432083,3.5292778,0.7199317,-0.8703164,-0.3520469,2.9044113,8.2069101,4.5218501,0.3103317,0.4145961,0.8134485,0.2647754
gait_20260920_035116_owner_phone_shake_1,owner_phone_shake_1,2533351749636947,2026-09-20T03:51:52.087181Z,2.9278843,8.0841713,3.5402014,0.5709125,-0.8627389,-0.5688807,2.9217823,8.2919703,4.3523016,0.3181852,0.4191898,0.8065513,0.2692826
gait_20260920_035116_owner_phone_shake_1,owner_phone_shake_1,2533351769805201,2026-09-20T03:51:52.107331Z,2.3428011,7.0248122,3.2181811,0.5254307,-0.8414219,-0.7549382,2.8936265,8.3751736,4.2094560,0.3240816,0.4232464,0.7997509,0.2761020
gait_20260920_035116_owner_phone_shake_1,owner_phone_shake_1,2533351789974878,2026-09-20T03:51:52.127727Z,1.7638533,5.9014077,2.5632923,0.5517105,-0.8024351,-0.8763451,2.8297641,8.4641991,4.0725751,0.3288888,0.4276691,0.7925389,0.2842770
gait_20260920_035116_owner_phone_shake_1,owner_phone_shake_1,2533351810165959,2026-09-20T03:51:52.147664Z,1.1243021,4.8675618,1.8752584,0.5943279,-0.8207710,-0.9179466,2.7404947,8.5596447,3.9317043,0.3329887,0.4327774,0.7848409,0.2929966
gait_20260920_035116_owner_phone_shake_1,owner_phone_shake_1,2533351830312240,2026-09-20T03:51:52.167920Z,0.4757728,3.9353943,1.2718449,0.6532328,-0.8714322,-0.9134833,2.6441283,8.6570215,3.7816219,0.3372645,0.4381832,0.7766073,0.3018761
gait_20260920_035116_owner_phone_shake_1,owner_phone_shake_1,2533351850482405,2026-09-20T03:51:52.188021Z,-0.3318962,2.9148657,0.7145944,0.6848252,-0.9253909,-0.9010762,2.5481067,8.7551174,3.6181762,0.3420977,0.4438109,0.7677793,0.3106704
gait_20260920_035116_owner_phone_shake_1,owner_phone_shake_1,2533351870651433,2026-09-20T03:51:52.208166Z,-1.0681132,1.9191772,0.6439654,0.6111317,-1.1422081,-0.8248845,2.4529383,8.8504992,3.4478796,0.3474473,0.4492912,0.7584918,0.3195435
gait_20260920_035116_owner_phone_shake_1,owner_phone_shake_1,2533351890794539,2026-09-20T03:51:52.229863Z,-1.5876549,0.9850644,0.8034791,0.4202113,-1.3496825,-0.6159780,2.3829694,8.9314642,3.2842836,0.3545668,0.4528507,0.7489003,0.3291763
gait_20260920_035116_owner_phone_shake_1,owner_phone_shake_1,2533351910989323,2026-09-20T03:51:52.249759Z,-1.9319712,0.1231517,1.1499650,0.0806216,-1.4147326,-0.2581855,2.3611202,8.9844913,3.1528008,0.3632868,0.4531696,0.7402385,0.3386841
gait_20260920_035116_owner_phone_shake_1,owner_phone_shake_1,2533351931157698,2026-09-20T03:51:52.269413Z,-1.7741034,-0.2804957,2.3371897,-0.4321855,-1.4777676,0.1840589,2.4089370,8.9941607,3.0883994,0.3726912,0.4489630,0.7343282,0.3468367
gait_20260920_035116_owner_phone_shake_1,owner_phone_shake_1,2533351951326848,2026-09-20T03:51:52.289527Z,-0.9044097,-0.1243488,4.2683377,-0.9822806,-1.4694240,0.6062688,2.5445440,8.9461899,3.1188307,0.3826293,0.4385821,0.7321441,0.3538441
gait_20260920_035116_owner_phone_shake_1,owner_phone_shake_1,2533351971496932,2026-09-20T03:51:52.309864Z,-0.0817770,0.3162591,6.2650275,-1.3896018,-1.2363859,0.9183463,2.7569971,8.8381052,3.2439134,0.3921033,0.4224835,0.7338296,0.3595232
gait_20260920_035116_owner_phone_shake_1,owner_phone_shake_1,2533351991666202,2026-09-20T03:51:52.331044Z,0.6998551,1.1881226,8.3327942,-1.6213409,-1.0093765,1.1419250,3.0076492,8.6803999,3.4410460,0.3993907,0.4031797,0.7389205,0.3632214
gait_20260920_035116_owner_phone_shake_1,owner_phone_shake_1,2533352011834660,2026-09-20T03:51:52.350015Z,1.7240497,2.0848260,9.6079311,-1.6091503,-0.6455387,1.3174738,3.2801638,8.4839478,3.6741362,0.4049269,0.3822533,0.7461281,0.3649789
gait_20260920_035116_owner_phone_shake_1,owner_phone_shake_1,2533352032003279,2026-09-20T03:51:52.369990Z,3.0900915,3.3345993,9.9006224,-1.4404628,-0.1154282,1.4232094,3.3997810,7.8578067,4.7887869,0.3786182,0.3328017,0.7791729,0.3725330
gait_20260920_035116_owner_phone_shake_1,owner_phone_shake_1,2533352052172266,2026-09-20T03:51:52.390263Z,4.2355671,5.2166662,9.8691988,-1.4278725,0.3838225,1.3762454,3.6245055,7.6136842,5.0130720,0.3779941,0.3159184,0.7892087,0.3666956
gait_20260920_035116_owner_phone_shake_1,owner_phone_shake_1,2533352072342635,2026-09-20T03:51:52.409821Z,4.9757495,6.9808936,10.2274313,-1.5508616,0.8569766,1.2692274,3.7806592,7.3607173,5.2690187,0.3730284,0.3008608,0.8005717,0.3597466
gait_20260920_035116_owner_phone_shake_1,owner_phone_shake_1,2533352092511174,2026-09-20T03:51:52.430401Z,5.3927898,8.3653412,10.6697598,-1.5499623,1.1164944,1.0413021,3.8593085,7.0917988,5.5720944,0.3633832,0.2867444,0.8132186,0.3527120
gait_20260920_035116_owner_phone_shake_1,owner_phone_shake_1,2533352112680322,2026-09-20T03:51:52.450730Z,5.2961240,9.4015064,10.3864956,-1.3765452,1.2033945,0.7159680,3.8648198,6.8358583,5.8796515,0.3511654,0.2744761,0.8252639,0.3468217
gait_20260920_035116_owner_phone_shake_1,owner_phone_shake_1,2533352132848820,2026-09-20T03:51:52.470931Z,4.9313822,10.0823574,9.8757830,-1.2010463,1.1735507,0.4375814,3.8060124,6.6221085,6.1561408,0.3380949,0.2651738,0.8354178,0.3427126
gait_20260920_035116_owner_phone_shake_1,owner_phone_shake_1,2533352153017765,2026-09-20T03:51:52.491034Z,4.5741973,10.3766947,9.6063604,-1.0532596,1.0893985,0.2813011,3.7100205,6.4443264,6.3986340,0.3252428,0.2579609,0.8437378,0.3402644
gait_20260920_035116_owner_phone_shake_1,owner_phone_shake_1,2533352173161645,2026-09-20T03:51:52.511290Z,4.5074587,10.3918076,9.4348755,-0.8489162,0.8973457,0.1881392,3.6022942,6.2922263,6.6081371,0.3132793,0.2521139,0.8506652,0.3386202
gait_20260920_035116_owner_phone_shake_1,owner_phone_shake_1,2533352193356795,2026-09-20T03:51:52.531055Z,4.2073607,10.4402161,9.8076973,-0.6384108,0.4942879,0.0867502,3.5091743,6.1715465,6.7700667,0.3036782,0.2475419,0.8558964,0.3375558
gait_20260920_035116_owner_phone_shake_1,owner_phone_shake_1,2533352213524885,2026-09-20T03:51:52.551538Z,3.9612815,10.1817913,10.2750902,-0.4010926,0.1329648,0.0364387,3.4600141,6.0854936,6.8724947,0.2982287,0.2436389,0.8588509,0.3377496
gait_20260920_035116_owner_phone_shake_1,owner_phone_shake_1,2533352233694441,2026-09-20T03:51:52.571744Z,4.1189246,9.7805386,10.2533188,-0.1171602,0.0468474,0.0877494,3.4521151,6.0348659,6.9209409,0.2963975,0.2408013,0.8600520,0.3383397
gait_20260920_035116_owner_phone_shake_1,owner_phone_shake_1,2533352253863752,2026-09-20T03:51:52.591386Z,4.6165447,9.5899754,9.1987476,0.1704860,0.2537056,0.1728509,3.4568267,6.0199008,6.9316125,0.2959889,0.2401803,0.8606868,0.3375240
gait_20260920_035116_owner_phone_shake_1,owner_phone_shake_1,2533352274032536,2026-09-20T03:51:52.611623Z,4.5214500,9.6521492,8.0727243,0.3079640,0.4574495,0.1630750,3.4371464,6.0381756,6.9255009,0.2945882,0.2425700,0.8616542,0.3345590
gait_20260920_035116_owner_phone_shake_1,owner_phone_shake_1,2533352294202253,2026-09-20T03:51:52.632062Z,4.1232643,9.5764322,7.3774333,0.3233522,0.5216169,0.0545748,3.3877699,6.0740047,6.9184966,0.2918432,0.2466392,0.8627928,0.3310367
gait_20260920_035116_owner_phone_shake_1,owner_phone_shake_1,2533352314371280,2026-09-20T03:51:52.652128Z,3.4990509,9.1231804,7.3478799,0.3203212,0.4213271,-0.1228725,3.3180330,6.1186805,6.9129238,0.2884756,0.2511866,0.8635649,0.3285467
gait_20260920_035116_owner_phone_shake_1,owner_phone_shake_1,2533352334539697,2026-09-20T03:51:52.673348Z,3.2782607,8.3280058,7.6283007,0.3811413,0.2274923,-0.1252207,3.2443979,6.1746764,6.8980694,0.2857595,0.2557934,0.8633558,0.3279146
gait_20260920_035116_owner_phone_shake_1,owner_phone_shake_1,2533352354708682,2026-09-20T03:51:52.693133Z,3.5688570,8.2330608,7.2506900,0.5804885,0.1340972,0.0740766,3.2028313,6.2385454,6.8599219,0.2850935,0.2603145,0.8624933,0.3272052
gait_20260920_035116_owner_phone_shake_1,owner_phone_shake_1,2533352374877547,2026-09-20T03:51:52.712363Z,3.8183029,8.8818893,6.6652331,0.7653635,0.0212670,0.2166506,3.2007649,6.3172846,6.7884564,0.2864242,0.2658010,0.8615388,0.3241328
gait_20260920_035116_owner_phone_shake_1,owner_phone_shake_1,2533352395046573,2026-09-20T03:51:52.732787Z,3.6635776,9.3462896,6.6190701,0.8251510,-0.1502182,0.2003465,3.2312729,6.4111285,6.6852384,0.2897104,0.2720579,0.8600985,0.3198172
gait_20260920_035116_owner_phone_shake_1,owner_phone_shake_1,2533352415216007,2026-09-20T03:51:52.753256Z,3.6962733,9.4772978,7.0190511,0.8374749,-0.2978051,0.1256204,3.2804258,6.5111976,6.5634766,0.2945302,0.2781985,0.8578274,0.3162116
gait_20260920_035116_owner_phone_shake_1,owner_phone_shake_1,2533352435385318,2026-09-20T03:51:52.773428Z,3.8446391,9.4469213,7.2833862,0.8778773,-0.2722747,0.0292609,3.3363574,6.6149516,6.4301834,0.3002778,0.2841690,0.8548123,0.3136516
gait_20260920_035116_owner_phone_shake_1,owner_phone_shake_1,2533352455554710,2026-09-20T03:51:52.793795Z,3.6331263,9.1714382,6.9977279,0.9532029,-0.0082770,-0.0904973,3.3690155,6.7290878,6.2932673,0.3052482,0.2910458,0.8514852,0.3115910
gait_20260920_035116_owner_phone_shake_1,owner_phone_shake_1,2533352475723819,2026-09-20T03:51:52.813467Z,3.1690252,8.9468327,6.4959183,1.0804887,0.2082571,-0.1701863,3.3479469,6.8593426,6.1625309,0.3075942,0.2998921,0.8483565,0.3094217
gait_20260920_035116_owner_phone_shake_1,owner_phone_shake_1,2533352495892682,2026-09-20T03:51:52.834835Z,2.8470800,8.9133139,5.9792194,1.2181000,0.2588350,-0.1764481,3.2925129,7.0082779,6.0232477,0.3084242,0.3107007,0.8451110,0.3068012
gait_20260920_035116_owner_phone_shake_1,owner_phone_shake_1,2533352516061913,2026-09-20T03:51:52.854339Z,2.7690439,8.9172039,5.5699606,1.2974224,0.2339208,-0.1361290,3.2355311,7.1693029,5.8624687,0.3094527,0.3226565,0.8414088,0.3035836
gait_20260920_035116_owner_phone_shake_1,owner_phone_shake_1,2533352536230451,2026-09-20T03:51:52.873937Z,2.5805006,8.9347115,5.4055839,1.3666028,0.1498518,-0.1109150,3.1895032,7.3312011,5.6847763,0.3110894,0.3349032,0.8373541,0.2998354
gait_20260920_035116_owner_phone_shake_1,owner_phone_shake_1,2533352556399926,2026-09-20T03:51:52.895362Z,2.4330328,8.9995794,5.6485205,1.4634619,-0.0523765,-0.0900310,3.1590869,7.4939189,5.4861155,0.3138153,0.3472596,0.8326662,0.2959694
gait_20260920_035116_owner_phone_shake_1,owner_phone_shake_1,2533352576568260,2026-09-20T03:51:52.915877Z,2.4857051,9.1429329,5.6283941,1.5865510,-0.1350132,-0.0506279,3.1542211,7.6608186,5.2534614,0.3185946,0.3597540,0.8268363,0.2922607
gait_20260920_035116_owner_phone_shake_1,owner_phone_shake_1,2533352596712467,2026-09-20T03:51:52.937208Z,2.8476036,9.5477772,5.4710503,1.6444565,-0.0863838,0.0178197,3.1616874,7.8297954,4.9934111,0.3243025,0.3728335,0.8203102,0.2879484
gait_20260920_035116_owner_phone_shake_1,owner_phone_shake_1,2533352616906558,2026-09-20T03:51:52.955285Z,3.1406689,10.5326920,5.1060090,1.6371955,0.0581221,0.0540253,3.1726558,7.9900627,4.7253866,0.3297266,0.3861612,0.8138365,0.2825425
gait_20260920_035116_owner_phone_shake_1,owner_phone_shake_1,2533352637075828,2026-09-20T03:51:52.975133Z,3.4971056,11.1787519,4.8799067,1.5488797,0.1415249,0.0392866,3.1738431,8.1378450,4.4652338,0.3338540,0.3995653,0.8078113,0.2762791
gait_20260920_035116_owner_phone_shake_1,owner_phone_shake_1,2533352657219872,2026-09-20T03:51:52.994938Z,3.5897315,10.7521353,4.7805476,1.4953208,0.0737601,-0.0018652,3.1656818,8.2703514,4.2208858,0.3369956,0.4123278,0.8021173,0.2702363
gait_20260920_035116_owner_phone_shake_1,owner_phone_shake_1,2533352677413678,2026-09-20T03:51:53.016213Z,3.7471502,9.7872725,4.3143516,1.5870339,-0.1421577,-0.0258968,3.1598966,8.3944817,3.9728918,0.3405862,0.4245386,0.7959560,0.2649943
gait_20260920_035116_owner_phone_shake_1,owner_phone_shake_1,2533352697584252,2026-09-20T03:51:53.035511Z,3.6515317,9.1032782,3.3827078,1.7175173,-0.3646705,-0.0887820,3.1687136,8.5210495,3.6860642,0.3462178,0.4370213,0.7882151,0.2605047
gait_20260920_035116_owner_phone_shake_1,owner_phone_shake_1,2533352717752871,2026-09-20T03:51:53.055235Z,3.6742766,8.3081789,1.8186207,1.7354035,-0.4573329,-0.1918696,3.1792026,8.6511469,3.3595326,0.3534389,0.4500796,0.7787674,0.2569643
gait_20260920_035116_owner_phone_shake_1,owner_phone_shake_1,2533352737919619,2026-09-20T03:51:53.077231Z,3.2585084,7.3527431,0.2885013,1.5130239,-0.4638112,-0.3873698,3.1780288,8.7771597,3.0162427,0.3612904,0.4633676,0.7682064,0.2542025
gait_20260920_035116_owner_phone_shake_1,owner_phone_shake_1,2533352758088931,2026-09-20T03:51:53.096143Z,2.4322844,6.2444520,-0.4979939,1.0648340,-0.3351932,-0.5995239,3.1291969,8.8890696,2.7255642,0.3666007,0.4750279,0.7584864,0.2542652
gait_20260920_035116_owner_phone_shake_1,owner_phone_shake_1,2533352778263328,2026-09-20T03:51:53.116908Z,1.6578350,4.9645267,-0.5718401,0.5695802,-0.0223828,-0.7490260,3.0309787,8.9809227,2.5282996,0.3684033,0.4841218,0.7509396,0.2568946
gait_20260920_035116_owner_phone_shake_1,owner_phone_shake_1,2533352798428937,2026-09-20T03:51:53.135976Z,0.8935609,3.8731449,-0.7295582,0.2409987,0.4031078,-0.8310632,2.8882999,9.0522642,2.4393368,0.3656075,0.4908798,0.7466063,0.2606667
gait_20260920_035116_owner_phone_shake_1,owner_phone_shake_1,2533352818576398,2026-09-20T03:51:53.156159Z,0.2320879,3.0424318,-1.3539211,0.0913966,0.7933587,-0.7730743,2.7103329,9.1104174,2.4270375,0.3583731,0.4968346,0.7450633,0.2638274
gait_20260920_035116_owner_phone_shake_1,owner_phone_shake_1,2533352838766502,2026-09-20T03:51:53.176363Z,0.0647183,2.5379286,-2.1029322,-0.0128235,1.0232326,-0.5333080,2.5283768,9.1556292,2.4531367,0.3484149,0.5025734,0.7455680,0.2648690
gait_20260920_035116_owner_phone_shake_1,owner_phone_shake_1,2533352858912091,2026-09-20T03:51:53.196651Z,0.3657143,2.6108770,-2.7352259,-0.1551977,1.0707295,-0.2594179,2.3850043,9.1806688,2.5026367,0.3380594,0.5071467,0.7478315,0.2631849
gait_20260920_035116_owner_phone_shake_1,owner_phone_shake_1,2533352879104963,2026-09-20T03:51:53.216715Z,0.1868225,2.6342952,-2.3016508,-0.3603739,0.9473740,-0.1292010,2.2902799,9.1840467,2.5776033,0.3286004,0.5096216,0.7515119,0.2598798
gait_20260920_035116_owner_phone_shake_1,owner_phone_shake_1,2533352899274070,2026-09-20T03:51:53.237180Z,0.6280290,2.2518964,-1.3227965,-0.6078508,1.0285951,-0.1505180,2.2180767,9.1709356,2.6851776,0.3200098,0.5097325,0.7560443,0.2572229
gait_20260920_035116_owner_phone_shake_1,owner_phone_shake_1,2533352919442934,2026-09-20T03:51:53.257423Z,1.3810055,2.1288195,-0.9730933,-0.8290147,0.8088802,-0.1891217,2.1323686,9.1436062,2.8431661,0.3097657,0.5081913,0.7620646,0.2550384
gait_20260920_035116_owner_phone_shake_1,owner_phone_shake_1,2533352939611920,2026-09-20T03:51:53.277582Z,0.2778770,2.4412627,0.2754080,-1.1021720,-0.2743398,-0.3675517,2.0570192,9.1016321,3.0273890,0.3013117,0.5040416,0.7680178,0.2555425
gait_20260920_035116_owner_phone_shake_1,owner_phone_shake_1,2533352959774517,2026-09-20T03:51:53.297394Z,0.7092074,2.1263504,2.6824038,-1.3810418,-0.9626290,-0.5171204,2.0128534,9.0465364,3.2163184,0.3000121,0.4951558,0.7712394,0.2645815
gait_20260920_035116_owner_phone_shake_1,owner_phone_shake_1,2533352979949851,2026-09-20T03:51:53.318061Z,1.2912229,1.5929672,3.9771430,-1.8882697,-0.6292511,-0.5033309,1.9817930,8.9681091,3.4469755,0.3010015,0.4824830,0.7741026,0.2781610
gait_20260920_035116_owner_phone_shake_1,owner_phone_shake_1,2533353000119529,2026-09-20T03:51:53.337967Z,0.8276456,3.0575452,5.9157729,-2.3155589,0.0243480,-0.2207975,1.9363818,8.8390150,3.7892427,0.2970887,0.4665535,0.7808444,0.2904276
gait_20260920_035116_owner_phone_shake_1,owner_phone_shake_1,2533353020287946,2026-09-20T03:51:53.358439Z,0.3933973,5.0972552,8.7057667,-2.5714962,0.1041702,-0.0857176,1.8953259,8.6495810,4.2223916,0.2880728,0.4482006,0.7918874,0.2984035
gait_20260920_035116_owner_phone_shake_1,owner_phone_shake_1,2533353040475404,2026-09-20T03:51:53.378695Z,1.0891373,6.5239005,11.0932341,-2.4374156,-0.2400660,-0.1436233,1.7660264,8.2281752,5.0412683,0.2669802,0.4140281,0.8126498,0.3112916
gait_20260920_035116_owner_phone_shake_1,owner_phone_shake_1,2533353060625755,2026-09-20T03:51:53.398738Z,0.1675941,7.6911483,12.0332575,-2.1797130,-0.3156248,-0.4324353,1.7682139,7.9790511,5.4262581,0.2609427,0.3936608,0.8211815,0.3203142
gait_20260920_035116_owner_phone_shake_1,owner_phone_shake_1,2533353080795758,2026-09-20T03:51:53.418304Z,-1.1835587,7.9056540,12.7875061,-2.0517612,-0.1362456,-0.5573395,1.7255594,7.7526250,5.7580705,0.2545065,0.3759762,0.8271650,0.3311593
gait_20260920_035116_owner_phone_shake_1,owner_phone_shake_1,2533353100964784,2026-09-20T03:51:53.439054Z,-1.5686511,8.0585089,12.8773632,-1.8637385,0.2977219,-0.4115180,1.6458615,7.5282464,6.0706468,0.2460534,0.3600710,0.8326247,0.3413836
gait_20260920_035116_owner_phone_shake_1,owner_phone_shake_1,2533353121133730,2026-09-20T03:51:53.458679Z,-0.8144027,8.8763533,11.8515978,-1.5954108,0.8280655,-0.0900810,1.5385540,7.3102965,6.3583446,0.2349177,0.3469245,0.8388380,0.3475743
gait_20260920_035116_owner_phone_shake_1,owner_phone_shake_1,2533353141302715,2026-09-20T03:51:53.479430Z,0.0317980,9.9597292,10.3636761,-1.3356099,1.1740670,0.1016388,1.4107841,7.1083283,6.6119194,0.2214183,0.3370858,0.8461924,0.3482896
gait_20260920_035116_owner_phone_shake_1,owner_phone_shake_1,2533353161446108,2026-09-20T03:51:53.499414Z,0.1127519,10.6080341,9.0206041,-1.1136799,1.1533662,0.0681811,1.2615848,6.9304256,6.8274245,0.2068119,0.3300663,0.8535887,0.3459357
gait_20260920_035116_owner_phone_shake_1,owner_phone_shake_1,2533353181618715,2026-09-20T03:51:53.519769Z,-0.1345242,10.3364420,8.2688990,-0.9327186,0.8055993,-0.0455318,1.1105357,6.7802668,7.0022001,0.1934877,0.3246704,0.8595704,0.3439337
gait_20260920_035116_owner_phone_shake_1,owner_phone_shake_1,2533353201789939,2026-09-20T03:51:53.539463Z,-0.0513257,9.7835312,8.3002481,-0.7945578,0.3026681,0.0090431,0.9978145,6.6544085,7.1385803,0.1838465,0.3195670,0.8636413,0.3438041
gait_20260920_035116_owner_phone_shake_1,owner_phone_shake_1,2533353221979270,2026-09-20T03:51:53.560074Z,0.3118448,9.4116068,8.5653315,-0.6141461,-0.1341972,0.2003631,0.9706340,6.5439186,7.2436948,0.1794556,0.3136340,0.8665459,0.3442785
gait_20260920_035116_owner_phone_shake_1,owner_phone_shake_1,2533353242122336,2026-09-20T03:51:53.581029Z,0.7041197,9.0846491,8.6157589,-0.3584920,-0.4685743,0.3814910,1.0320172,6.4559345,7.3138199,0.1800475,0.3075209,0.8687642,0.3438936
gait_20260920_035116_owner_phone_shake_1,owner_phone_shake_1,2533353262316224,2026-09-20T03:51:53.600591Z,0.8960300,8.7258177,8.3381071,-0.1015555,-0.6573462,0.4755189,1.1623085,6.4023695,7.3413086,0.1848507,0.3023134,0.8701439,0.3424712
gait_20260920_035116_owner_phone_shake_1,owner_phone_shake_1,2533353282485495,2026-09-20T03:51:53.620384Z,1.2825439,8.4514570,7.9014640,0.0835193,-0.7134200,0.5617862,1.3260003,6.3826351,7.3307433,0.1921335,0.2985946,0.8706875,0.3403372
gait_20260920_035116_owner_phone_shake_1,owner_phone_shake_1,2533353302654725,2026-09-20T03:51:53.640750Z,1.5093197,8.5573254,7.6026378,0.1743997,-0.6427242,0.6623757,1.5059108,6.3837600,7.2949271,0.2005579,0.2960534,0.8708898,0.3371646
gait_20260920_035116_owner_phone_shake_1,owner_phone_shake_1,2533353322823914,2026-09-20T03:51:53.660992Z,1.9078795,8.6836195,7.3234138,0.2231790,-0.5240484,0.7785701,1.6851629,6.3905239,7.2496576,0.2087288,0.2942550,0.8713226,0.3326310
gait_20260920_035116_owner_phone_shake_1,owner_phone_shake_1,2533353342992575,2026-09-20T03:51:53.682294Z,2.5402479,8.9737673,7.0665612,0.2720415,-0.4343505,0.7880961,1.8609222,6.3973145,7.2005172,0.2163109,0.2929985,0.8721702,0.3266202
gait_20260920_035116_owner_phone_shake_1,owner_phone_shake_1,2533353363161846,2026-09-20T03:51:53.700835Z,2.7576714,9.0713310,6.7362361,0.2718750,-0.2689272,0.6224397,2.0215085,6.4087720,7.1468349,0.2232140,0.2924623,0.8729309,0.3203640
gait_20260920_035116_owner_phone_shake_1,owner_phone_shake_1,2533353383330465,2026-09-20T03:51:53.721297Z,2.4120834,8.8794956,6.4979382,0.1864405,-0.0184192,0.3791928,2.1299448,6.4243140,7.1012421,0.2278521,0.2928432,0.8734565,0.3152778
gait_20260920_035116_owner_phone_shake_1,owner_phone_shake_1,2533353403500510,2026-09-20T03:51:53.741587Z,1.9695302,8.6506996,6.9119105,0.0487626,0.1299005,0.2342705,2.1700494,6.4350910,7.0793076,0.2292061,0.2936943,0.8740417,0.3118644
gait_20260920_035116_owner_phone_shake_1,owner_phone_shake_1,2533353423669536,2026-09-20T03:51:53.761758Z,2.2682068,8.5150528,7.6473045,0.0572228,0.1663392,0.2810346,2.1764312,6.4310360,7.0810342,0.2286297,0.2940009,0.8749593,0.3094155
gait_20260920_035116_owner_phone_shake_1,owner_phone_shake_1,2533353443837953,2026-09-20T03:51:53.781466Z,2.7352259,8.6202488,7.6250086,0.3256171,0.1361790,0.3656698,2.1906567,6.4299917,7.0775948,0.2282904,0.2945719,0.8760065,0.3061431
gait_20260920_035116_owner_phone_shake_1,owner_phone_shake_1,2533353464006979,2026-09-20T03:51:53.802028Z,2.8788779,8.7629280,6.6517658,0.6353132,0.1201413,0.3670854,2.2209225,6.4689093,7.0325541,0.2294570,0.2975574,0.8762935,0.3015275
gait_20260920_035116_owner_phone_shake_1,owner_phone_shake_1,2533353484150575,2026-09-20T03:51:53.822268Z,3.0073419,8.8785973,5.9435310,0.7514908,0.0609033,0.3218034,2.2530134,6.5502415,6.9465380,0.2316723,0.3031657,0.8755477,0.2963692
gait_20260920_035116_owner_phone_shake_1,owner_phone_shake_1,2533353504345114,2026-09-20T03:51:53.842980Z,3.1035588,9.2049570,6.0164790,0.7176501,-0.0194351,0.2508578,2.2881246,6.6439447,6.8453331,0.2345399,0.3094109,0.8741798,0.2916604
gait_20260920_035116_owner_phone_shake_1,owner_phone_shake_1,2533353524514589,2026-09-20T03:51:53.861990Z,3.2186301,9.4254484,6.8831053,0.6915367,-0.1131966,0.1825268,2.3254797,6.7316966,6.7462955,0.2377452,0.3150716,0.8725079,0.2879881
gait_20260920_035116_owner_phone_shake_1,owner_phone_shake_1,2533353544683045,2026-09-20T03:51:53.882944Z,3.4899979,9.7250977,7.3029885,0.7990710,-0.1457716,0.0944443,2.3660884,6.8188062,6.6439161,0.2414674,0.3204729,0.8704251,0.2852210
gait_20260920_035116_owner_phone_shake_1,owner_phone_shake_1,2533353564852315,2026-09-20T03:51:53.902620Z,3.4516158,9.8613424,7.3285017,0.9111018,-0.0392366,-0.0043300,2.3958149,6.9251127,6.5221920,0.2453555,0.3271286,0.8675863,0.2829871
gait_20260920_035116_owner_phone_shake_1,owner_phone_shake_1,2533353585020895,2026-09-20T03:51:53.923221Z,3.2787097,10.0967979,7.4657192,0.9933555,0.0693802,-0.0640842,2.3954847,7.0479569,6.3893719,0.2481254,0.3352913,0.8643513,0.2809101
gait_20260920_035116_owner_phone_shake_1,owner_phone_shake_1,2533353605190165,2026-09-20T03:51:53.943420Z,3.0205100,10.1767788,7.5165963,1.1715356,0.0742265,-0.0517270,2.3746877,7.1811805,6.2472086,0.2500350,0.3445627,0.8608685,0.2786835
gait_20260920_035116_owner_phone_shake_1,owner_phone_shake_1,2533353625372905,2026-09-20T03:51:53.962850Z,3.2858174,10.4259253,7.1747489,1.4507051,-0.0393865,-0.0171702,2.3591070,7.3346949,6.0723114,0.2526734,0.3554163,0.8566143,0.2757667
gait_20260920_035116_owner_phone_shake_1,owner_phone_shake_1,2533353645528585,2026-09-20T03:51:53.983919Z,3.7431848,10.5422688,6.6920180,1.7332385,-0.1945343,0.0022649,2.3655620,7.5166955,5.8429046,0.2573915,0.3682572,0.8508986,0.2722276
gait_20260920_035116_owner_phone_shake_1,owner_phone_shake_1,2533353665697409,2026-09-20T03:51:54.004200Z,3.9224505,10.3953247,5.4345384,2.0082445,-0.3087967,-0.0553909,2.3916721,7.7226319,5.5567045,0.2641967,0.3829548,0.8435308,0.2683311
gait_20260920_035116_owner_phone_shake_1,owner_phone_shake_1,2533353685866069,2026-09-20T03:51:54.024176Z,3.9566429,10.1071224,4.0935612,2.1358800,-0.4215603,-0.1666556,2.4173124,7.9493895,5.2153535,0.2722868,0.3996419,0.8343295,0.2646517
gait_20260920_035116_owner_phone_shake_1,owner_phone_shake_1,2533353706035095,2026-09-20T03:51:54.044377Z,3.9028480,9.6689091,3.0148237,2.0704134,-0.4564336,-0.3402226,2.4318855,8.1775627,4.8424697,0.2809650,0.4170321,0.8237027,0.2620246
gait_20260920_035116_owner_phone_shake_1,owner_phone_shake_1,2533353726199443,2026-09-20T03:51:54.063656Z,3.5421467,9.0083332,2.5543139,1.9200287,-0.4836794,-0.5613531,2.4135766,8.3892584,4.4756131,0.2886503,0.4338582,0.8125492,0.2611740
gait_20260920_035116_owner_phone_shake_1,owner_phone_shake_1,2533353746374003,2026-09-20T03:51:54.083914Z,2.8630164,8.2236338,2.2102971,1.8149259,-0.5629353,-0.7815678,2.5293224,8.6394138,3.8986123,0.3062178,0.4547068,0.7958924,0.2569585
gait_20260920_035116_owner_phone_shake_1,owner_phone_shake_1,2533353766543274,2026-09-20T03:51:54.104021Z,2.3495350,7.1487122,1.2766333,1.7644312,-0.6542320,-0.9210442,2.4302521,8.8161383,3.5504508,0.3118646,0.4701523,0.7834799,0.2604930
gait_20260920_035116_owner_phone_shake_1,owner_phone_shake_1,2533353786711405,2026-09-20T03:51:54.124258Z,1.7657986,5.9509377,-0.1506851,1.6995144,-0.7283752,-0.9686744,2.3075185,8.9810114,3.2020183,0.3172843,0.4851540,0.7703705,0.2654912
gait_20260920_035116_owner_phone_shake_1,owner_phone_shake_1,2533353806881043,2026-09-20T03:51:54.144350Z,1.0536731,4.7388735,-1.4885949,1.4953541,-0.8049332,-0.8967961,2.1764951,9.1287889,2.8573079,0.3228810,0.4993372,0.7568743,0.2712041
gait_20260920_035116_owner_phone_shake_1,owner_phone_shake_1,2533353827025330,2026-09-20T03:51:54.164720Z,0.7370400,4.3224320,-1.7725322,1.1196253,-0.8674520,-0.7105555,2.0586877,9.2464018,2.5498970,0.3287067,0.5110577,0.7442623,0.2772108
gait_20260920_035116_owner_phone_shake_1,owner_phone_shake_1,2533353847193420,2026-09-20T03:51:54.185121Z,0.2442086,3.6094086,-2.1270986,0.8544120,-0.9113017,-0.5401028,1.9760420,9.3271208,2.3100214,0.3348868,0.5189123,0.7337546,0.2831699
gait_20260920_035116_owner_phone_shake_1,owner_phone_shake_1,2533353867392598,2026-09-20T03:51:54.205560Z,-0.3629460,3.3257706,-2.2007203,0.4843455,-1.0280288,-0.5451822,1.9177850,9.3853369,2.1151059,0.3413999,0.5241759,0.7246363,0.2891161
gait_20260920_035116_owner_phone_shake_1,owner_phone_shake_1,2533353887557352,2026-09-20T03:51:54.225695Z,-0.4841525,2.7387424,-1.8195184,-0.0170036,-1.0177034,-0.5465478,1.8542597,9.4253206,1.9902716,0.3473580,0.5262817,0.7169701,0.2971934
gait_20260920_035116_owner_phone_shake_1,owner_phone_shake_1,2533353907726054,2026-09-20T03:51:54.245902Z,-0.5835118,2.5169795,-0.4109049,-0.6220733,-0.9511545,-0.5136897,1.7873440,9.4428205,1.9684114,0.3514413,0.5245821,0.7121118,0.3069193
gait_20260920_035116_owner_phone_shake_1,owner_phone_shake_1,2533353927871846,2026-09-20T03:51:54.266617Z,-0.5938368,2.4023569,1.3866168,-1.0332249,-0.8475172,-0.3871533,1.7252117,9.4326143,2.0701632,0.3531372,0.5184226,0.7108744,0.3181036
gait_20260920_035116_owner_phone_shake_1,owner_phone_shake_1,2533353948061707,2026-09-20T03:51:54.286142Z,-0.5875521,2.4788218,2.5805006,-1.2031780,-0.7059091,-0.2291577,1.6885251,9.3972816,2.2530193,0.3534074,0.5091333,0.7124771,0.3290331
gait_20260920_035116_owner_phone_shake_1,owner_phone_shake_1,2533353968232116,2026-09-20T03:51:54.305859Z,-0.6988076,2.6264393,2.9215994,-1.3596414,-0.4191954,-0.0627852,1.6792190,9.3444891,2.4691808,0.3528142,0.4985906,0.7158159,0.3384335
gait_20260920_035116_owner_phone_shake_1,owner_phone_shake_1,2533353988402201,2026-09-20T03:51:54.326836Z,-0.8961796,2.9208512,3.2865655,-1.7050102,-0.0911801,0.1321987,1.6886750,9.2710218,2.7262857,0.3501505,0.4871827,0.7215490,0.3455645
gait_20260920_035116_owner_phone_shake_1,owner_phone_shake_1,2533354008571431,2026-09-20T03:51:54.346386Z,-0.7457938,3.5637693,4.5460653,-2.1529169,-0.0454485,0.3286315,1.7185833,9.1600857,3.0619302,0.3447332,0.4732886,0.7307540,0.3509354
gait_20260920_035116_owner_phone_shake_1,owner_phone_shake_1,2533354028739766,2026-09-20T03:51:54.367359Z,-0.0882862,4.3483939,6.6069493,-2.4388812,-0.3101956,0.5088601,1.7862102,8.9983406,3.4749727,0.3386550,0.4550869,0.7424476,0.3563430
gait_20260920_035116_owner_phone_shake_1,owner_phone_shake_1,2533354048909444,2026-09-20T03:51:54.387550Z,0.5880758,5.0151043,8.2301435,-2.3869874,-0.5929790,0.6776974,1.9092678,8.7916842,3.9111500,0.3346688,0.4330702,0.7544065,0.3623780
gait_20260920_035116_owner_phone_shake_1,owner_phone_shake_1,2533354069077941,2026-09-20T03:51:54.407148Z,1.3310266,6.0587521,8.9753380,-2.1630757,-0.7109385,0.8268664,1.8209453,8.1842699,5.0929365,0.3049764,0.3835872,0.7844400,0.3801368
gait_20260920_035116_owner_phone_shake_1,owner_phone_shake_1,2533354089247172,2026-09-20T03:51:54.427430Z,2.0053685,7.6035357,9.5012398,-2.0695307,-0.6160945,0.9722550,2.0356948,7.9236493,5.4136710,0.3056198,0.3611390,0.7935852,0.3826196
gait_20260920_035116_owner_phone_shake_1,owner_phone_shake_1,2533354109415628,2026-09-20T03:51:54.447375Z,3.0841806,9.1836338,10.2031155,-2.0978091,-0.2747728,1.0485798,2.2574062,7.6473565,5.7147326,0.3057861,0.3391106,0.8029821,0.3830389
gait_20260920_035116_owner_phone_shake_1,owner_phone_shake_1,2533354129559021,2026-09-20T03:51:54.467522Z,3.7805192,10.5817728,10.8190985,-2.0773249,0.1610100,0.9621127,2.4393213,7.3476081,6.0248222,0.3027036,0.3179378,0.8134369,0.3815844
gait_20260920_035116_owner_phone_shake_1,owner_phone_shake_1,2533354149754455,2026-09-20T03:51:54.487813Z,3.8153849,11.4755583,10.9650698,-1.8978291,0.4155816,0.7273093,2.5452862,7.0429101,6.3367996,0.2957127,0.2989646,0.8241705,0.3793639
gait_20260920_035116_owner_phone_shake_1,owner_phone_shake_1,2533354169929666,2026-09-20T03:51:54.508924Z,3.4276738,11.6660471,10.7810898,-1.6273862,0.4181463,0.4172802,2.5805779,6.7657342,6.6182752,0.2868638,0.2831927,0.8335041,0.3778649
gait_20260920_035116_owner_phone_shake_1,owner_phone_shake_1,2533354190092427,2026-09-20T03:51:54.528163Z,2.9144168,11.0358486,10.5959883,-1.4004935,0.3730308,0.1358626,2.5718944,6.5336609,6.8507485,0.2783602,0.2704875,0.8404335,0.3781848
gait_20260920_035116_owner_phone_shake_1,owner_phone_shake_1,2533354210260883,2026-09-20T03:51:54.547743Z,2.0531776,10.0244474,10.4870520,-1.2344540,0.4876097,-0.0269793,2.5302436,6.3389525,7.0463934,0.2702002,0.2601432,0.8454336,0.3802098
gait_20260920_035116_owner_phone_shake_1,owner_phone_shake_1,2533354230429992,2026-09-20T03:51:54.567886Z,1.3034931,9.1641064,9.9932480,-1.0144060,0.6931855,-0.0156880,2.4479139,6.1694269,7.2237120,0.2609706,0.2520764,0.8497301,0.3825058
gait_20260920_035116_owner_phone_shake_1,owner_phone_shake_1,2533354250599425,2026-09-20T03:51:54.588855Z,1.2339865,8.7077866,9.3979902,-0.7395666,0.7590517,0.1893716,2.3393927,6.0277824,7.3776150,0.2509463,0.2466345,0.8540251,0.3831951
gait_20260920_035116_owner_phone_shake_1,owner_phone_shake_1,2533354270768005,2026-09-20T03:51:54.608848Z,1.6660651,8.5846348,8.6374569,-0.4148821,0.6832098,0.4262733,2.2519758,5.9155431,7.4947362,0.2422810,0.2431642,0.8584923,0.3810017
gait_20260920_035116_owner_phone_shake_1,owner_phone_shake_1,2533354290937153,2026-09-20T03:51:54.629137Z,1.7812861,8.7490864,7.7880387,-0.1443727,0.5078109,0.5424343,2.2051327,5.8423743,7.5657225,0.2362924,0.2416011,0.8627097,0.3762004
gait_20260920_035116_owner_phone_shake_1,owner_phone_shake_1,2533354311106464,2026-09-20T03:51:54.649263Z,1.8537107,8.7978678,7.6859860,-0.0411851,0.2325052,0.5647839,2.1983805,5.8038025,7.5973086,0.2332065,0.2412560,0.8661316,0.3704409
gait_20260920_035116_owner_phone_shake_1,owner_phone_shake_1,2533354331275003,2026-09-20T03:51:54.669387Z,2.2069302,8.5920420,8.0112238,0.0010325,0.0797889,0.5441330,2.2355921,5.7762976,7.6074057,0.2328947,0.2404830,0.8686936,0.3651020
gait_20260920_035116_owner_phone_shake_1,owner_phone_shake_1,2533354351444477,2026-09-20T03:51:54.690255Z,2.7093384,8.5051775,8.0310507,0.0969757,0.1488359,0.5654667,2.2877548,5.7550030,7.6080370,0.2336809,0.2396482,0.8707735,0.3601603
gait_20260920_035116_owner_phone_shake_1,owner_phone_shake_1,2533354371595926,2026-09-20T03:51:54.710419Z,3.2822261,8.7579145,7.5909662,0.2528396,0.2798023,0.6421080,2.3279276,5.7482820,7.6009293,0.2340324,0.2400533,0.8729253,0.3544074
gait_20260920_035116_owner_phone_shake_1,owner_phone_shake_1,2533354391781676,2026-09-20T03:51:54.730475Z,3.8006456,9.3234701,7.1088338,0.4225096,0.2984546,0.6825936,2.3582976,5.7624979,7.5807767,0.2340384,0.2421641,0.8752350,0.3471976
gait_20260920_035116_owner_phone_shake_1,owner_phone_shake_1,2533354411925841,2026-09-20T03:51:54.751802Z,4.0879498,10.0111303,6.8685160,0.5565735,0.1928023,0.5709958,2.3939357,5.8013749,7.5398426,0.2348045,0.2456884,0.8771169,0.3393675
gait_20260920_035116_owner_phone_shake_1,owner_phone_shake_1,2533354432119770,2026-09-20T03:51:54.770388Z,4.2293572,10.3068142,7.1127243,0.5678482,0.0900810,0.3210873,2.4326649,5.8645940,7.4782872,0.2367177,0.2501799,0.8778515,0.3327936
gait_20260920_035116_owner_phone_shake_1,owner_phone_shake_1,2533354452289203,2026-09-20T03:51:54.791583Z,3.7869537,10.2180786,7.6707978,0.4882092,0.1957167,0.0073610,2.4526134,5.9385519,7.4131231,0.2386374,0.2549348,0.8774560,0.3288331
gait_20260920_035116_owner_phone_shake_1,owner_phone_shake_1,2533354472457172,2026-09-20T03:51:54.810073Z,3.1224132,9.8526640,8.5257521,0.4660096,0.3857544,-0.1810446,2.4139106,6.0132475,7.3654599,0.2381740,0.2600656,0.8765616,0.3275343
gait_20260920_035116_owner_phone_shake_1,owner_phone_shake_1,2533354492626687,2026-09-20T03:51:54.830686Z,2.9360394,9.7442513,8.6973867,0.6789797,0.5253974,-0.1369284,2.3267949,6.0950432,7.3261580,0.2355254,0.2662359,0.8756077,0.3270436
gait_20260920_035116_owner_phone_shake_1,owner_phone_shake_1,2533354512795226,2026-09-20T03:51:54.850839Z,3.1330373,9.9787331,8.2414408,0.9927226,0.5488461,-0.0090098,2.2316160,6.2091994,7.2596035,0.2328192,0.2748215,0.8744780,0.3248950
gait_20260920_035116_owner_phone_shake_1,owner_phone_shake_1,2533354532942401,2026-09-20T03:51:54.870999Z,3.4341083,10.2732201,7.2897458,1.2682781,0.5017988,0.0515771,2.1535800,6.3630247,7.1491342,0.2314874,0.2859338,0.8727981,0.3207473
gait_20260920_035116_owner_phone_shake_1,owner_phone_shake_1,2533354553133198,2026-09-20T03:51:54.890471Z,3.7719152,10.2949181,6.6806459,1.3947479,0.4152485,-0.0008660,2.0915709,6.5495753,6.9974647,0.2316364,0.2989990,0.8702061,0.3157302
gait_20260920_035116_owner_phone_shake_1,owner_phone_shake_1,2533354573301858,2026-09-20T03:51:54.911139Z,3.9984665,9.8991261,6.3964090,1.4388474,0.4261068,-0.1513840,2.0343602,6.7485876,6.8230529,0.2326261,0.3127489,0.8666935,0.3113131
gait_20260920_035116_owner_phone_shake_1,owner_phone_shake_1,2533354593446430,2026-09-20T03:51:54.931645Z,3.9236476,9.3290071,5.0980783,1.4781506,0.6596778,-0.3886189,1.9496804,6.9540715,6.6389575,0.2327789,0.3272699,0.8624403,0.3080672
gait_20260920_035116_owner_phone_shake_1,owner_phone_shake_1,2533354613640074,2026-09-20T03:51:54.951332Z,3.3755999,8.9164562,3.8623710,1.3371754,0.8733807,-0.6154617,1.7961799,7.1668143,6.4534197,0.2298709,0.3433462,0.8577086,0.3059552
gait_20260920_035116_owner_phone_shake_1,owner_phone_shake_1,2533354633783954,2026-09-20T03:51:54.971981Z,2.9874399,8.4007301,2.9522750,1.0974257,0.9416118,-0.7762385,1.6317294,7.3997827,6.2303114,0.2272689,0.3611318,0.8517389,0.3040949
gait_20260920_035116_owner_phone_shake_1,owner_phone_shake_1,2533354653978900,2026-09-20T03:51:54.991611Z,2.5888803,7.8636808,2.1413140,0.8561273,0.8355930,-0.9483066,1.4617137,7.6227570,5.9994235,0.2246308,0.3785817,0.8452014,0.3030705
gait_20260920_035116_owner_phone_shake_1,owner_phone_shake_1,2533354674146828,2026-09-20T03:51:55.012396Z,2.2823477,7.1218524,1.6279075,0.6038539,0.6017222,-1.1351469,1.2149014,7.7485666,5.8923540,0.2166261,0.3902508,0.8407617,0.3064265
gait_20260920_035116_owner_phone_shake_1,owner_phone_shake_1,2533354694290546,2026-09-20T03:51:55.032940Z,1.8290205,6.0976577,0.9370307,0.3068815,0.4655766,-1.3512979,0.9666024,7.8420768,5.8140898,0.2091284,0.3993303,0.8360155,0.3128556
gait_20260920_035116_owner_phone_shake_1,owner_phone_shake_1,2533354714465228,2026-09-20T03:51:55.051954Z,0.9795278,4.9605613,0.0763152,-0.0876328,0.5094263,-1.4560843,0.6957319,7.8967938,5.7786431,0.2006524,0.4058771,0.8314297,0.3220671
gait_20260920_035116_owner_phone_shake_1,owner_phone_shake_1,2533354734653990,2026-09-20T03:51:55.073469Z,0.0715268,4.1499000,-0.0037409,-0.5493124,0.4945377,-1.4032080,0.4033860,7.8969388,5.8061829,0.1899169,0.4092886,0.8281896,0.3324400
gait_20260920_035116_owner_phone_shake_1,owner_phone_shake_1,2533354754823505,2026-09-20T03:51:55.092743Z,-0.4918588,3.3880198,0.2694225,-0.8934154,0.4195618,-1.2862643,0.1258420,7.8339887,5.9032941,0.1781025,0.4085441,0.8268369,0.3430917
gait_20260920_035116_owner_phone_shake_1,owner_phone_shake_1,2533354774991961,2026-09-20T03:51:55.113002Z,-1.1471219,2.6045175,0.5382465,-1.0791731,0.3821405,-1.1390271,-0.1235350,7.7235861,6.0470715,0.1662081,0.4045617,0.8268665,0.3535487
gait_20260920_035116_owner_phone_shake_1,owner_phone_shake_1,2533354795160704,2026-09-20T03:51:55.134081Z,-1.5075989,1.8627638,0.6702268,-1.0855348,0.1667222,-0.8537124,-0.3436038,7.5852580,6.2114329,0.1545866,0.3987665,0.8278193,0.3630474
gait_20260920_035116_owner_phone_shake_1,owner_phone_shake_1,2533354815329567,2026-09-20T03:51:55.152910Z,-1.4574703,1.4995933,0.6596026,-0.9886757,-0.2690272,-0.5155383,-0.4845003,7.4439631,6.3709331,0.1462815,0.3916372,0.8292369,0.3709289
gait_20260920_035116_owner_phone_shake_1,owner_phone_shake_1,2533354835498472,2026-09-20T03:51:55.173339Z,-1.0188825,1.3202527,0.4353706,-0.9784835,-0.5810881,-0.2390002,-0.5141782,7.3146763,6.5166893,0.1434720,0.3831009,0.8307165,0.3775708
gait_20260920_035116_owner_phone_shake_1,owner_phone_shake_1,2533354855668109,2026-09-20T03:51:55.193446Z,-0.0773626,1.4068928,0.4915595,-1.2080742,-0.7394500,-0.0985578,-0.4656579,7.1837573,6.6643004,0.1439824,0.3729647,0.8327246,0.3830615
gait_20260920_035116_owner_phone_shake_1,owner_phone_shake_1,2533354885907895,2026-09-20T03:51:55.226437Z,0.0217723,1.3277345,2.1332338,-1.7072750,-0.7820840,-0.1940846,-0.3741481,7.0134363,6.8489294,0.1452408,0.3596497,0.8358756,0.3884186
gait_20260920_035116_owner_phone_shake_1,owner_phone_shake_1,2533354906074725,2026-09-20T03:51:55.246596Z,-0.2986767,0.7248446,3.6736782,-2.2953577,-0.7566702,-0.3568765,-0.2650619,6.5895166,7.2625160,0.1418169,0.3306023,0.8429305,0.4000731
gait_20260920_035116_owner_phone_shake_1,owner_phone_shake_1,2533354926251381,2026-09-20T03:51:55.268304Z,-0.1060931,0.1536030,5.8407297,-2.7748404,-0.9313863,-0.4352831,-0.1941589,6.1856737,7.6115608,0.1366759,0.3049261,0.8485640,0.4102182
gait_20260920_035116_owner_phone_shake_1,owner_phone_shake_1,2533354946427630,2026-09-20T03:51:55.287539Z,0.1725322,0.1851765,9.5792007,-3.1939692,-1.3111286,-0.4062220,-0.0619665,5.6967406,7.9862018,0.1324122,0.2740134,0.8542593,0.4214554
gait_20260920_035116_owner_phone_shake_1,owner_phone_shake_1,2533354966596331,2026-09-20T03:51:55.306901Z,0.0294038,0.4771195,13.6955070,-3.5009172,-1.5982087,-0.2951238,0.1746252,4.6234426,8.6503983,0.1176245,0.2125361,0.8660448,0.4369889
gait_20260920_035116_owner_phone_shake_1,owner_phone_shake_1,2533354986764931,2026-09-20T03:51:55.326945Z,-0.0689081,1.0569652,16.9515457,-3.3970802,-1.6468214,-0.1654732,0.4482514,3.9991093,8.9466372,0.1158902,0.1746266,0.8701013,0.4460929
gait_20260920_035116_owner_phone_shake_1,owner_phone_shake_1,2533355006934832,2026-09-20T03:51:55.344755Z,0.2260276,1.6683097,18.2854919,-2.8640220,-1.5935122,-0.0486127,0.7448094,3.4339664,9.1591072,0.1162615,0.1399779,0.8727314,0.4530225
gait_20260920_035116_owner_phone_shake_1,owner_phone_shake_1,2533355027077857,2026-09-20T03:51:55.365426Z,-0.1275661,2.6346693,18.0343990,-2.2307072,-1.1266034,0.0016654,0.9912233,2.9833577,9.2926407,0.1168149,0.1125639,0.8742293,0.4576102
gait_20260920_035116_owner_phone_shake_1,owner_phone_shake_1,2533355047266904,2026-09-20T03:51:55.384940Z,-0.3119196,3.3304842,16.6071548,-1.7994710,-0.2685609,0.0872998,1.1015754,2.6240396,9.3881340,0.1131091,0.0930806,0.8757550,0.4599954
gait_20260920_035116_owner_phone_shake_1,owner_phone_shake_1,2533355067415097,2026-09-20T03:51:55.405032Z,-0.4147955,3.8748658,15.0078287,-1.5641180,0.5618694,0.2119043,1.0431696,2.3129568,9.4761877,0.1026530,0.0802364,0.8783580,0.4599040
gait_20260920_035116_owner_phone_shake_1,owner_phone_shake_1,2533355087610898,2026-09-20T03:51:55.426671Z,-0.5285949,4.3911157,13.7116680,-1.3782105,1.0324588,0.2880626,0.8698798,2.0323772,9.5576601,0.0876613,0.0717112,0.8816527,0.4581067
gait_20260920_035116_owner_phone_shake_1,owner_phone_shake_1,2533355107757179,2026-09-20T03:51:55.446009Z,-0.4801123,4.6385412,12.5569897,-1.1246549,1.0580726,0.2960398,0.6651267,1.7935624,9.6216860,0.0723315,0.0658377,0.8847962,0.4555977
gait_20260920_035116_owner_phone_shake_1,owner_phone_shake_1,2533355127945046,2026-09-20T03:51:55.465792Z,-0.6010194,4.7208419,11.7062244,-0.7978219,0.7763384,0.2387504,0.4970167,1.6171632,9.6630154,0.0602793,0.0618725,0.8872085,0.4532101
gait_20260920_035116_owner_phone_shake_1,owner_phone_shake_1,2533355148113339,2026-09-20T03:51:55.485875Z,-0.5975029,4.5955954,11.6574430,-0.5517272,0.3495488,0.1205077,0.4062357,1.5006465,9.6860285,0.0532933,0.0587372,0.8885855,0.4518025
gait_20260920_035116_owner_phone_shake_1,owner_phone_shake_1,2533355168285946,2026-09-20T03:51:55.506397Z,-0.3841197,4.4314427,12.1634426,-0.4406956,0.0120408,0.0837192,0.3895656,1.4124713,9.6999626,0.0504373,0.0551156,0.8892248,0.4513289
gait_20260920_035116_owner_phone_shake_1,owner_phone_shake_1,2533355188454892,2026-09-20T03:51:55.528007Z,-0.0265607,4.6732574,12.6078663,-0.3300637,-0.1488026,0.1427240,0.4156786,1.3410906,9.7090054,0.0499159,0.0512927,0.8898907,0.4505244
gait_20260920_035116_owner_phone_shake_1,owner_phone_shake_1,2533355208631772,2026-09-20T03:51:55.546818Z,0.5485715,4.9750762,12.8224468,-0.1537822,-0.1814776,0.2304068,0.4575081,1.2999477,9.7127199,0.0507794,0.0485391,0.8908268,0.4488798
gait_20260920_035116_owner_phone_shake_1,owner_phone_shake_1,2533355228793271,2026-09-20T03:51:55.566747Z,1.0218753,5.0630631,12.4645882,0.0628518,-0.0442494,0.2976719,0.4874446,1.2974969,9.7115908,0.0519605,0.0478806,0.8920342,0.4464107
gait_20260920_035116_owner_phone_shake_1,owner_phone_shake_1,2533355248961646,2026-09-20T03:51:55.587444Z,0.7258920,5.1099744,11.9092827,0.3001866,0.1378277,0.2796357,0.4787199,1.3426540,9.7058859,0.0524425,0.0503164,0.8933240,0.4434978
gait_20260920_035116_owner_phone_shake_1,owner_phone_shake_1,2533355269130511,2026-09-20T03:51:55.607700Z,0.3011457,4.9253964,11.3264446,0.4820473,0.2197150,0.2090731,0.4432095,1.4296945,9.6951351,0.0526681,0.0552568,0.8942256,0.4410594
gait_20260920_035116_owner_phone_shake_1,owner_phone_shake_1,2533355289299333,2026-09-20T03:51:55.629523Z,-0.1904887,4.7812958,11.1896753,0.5162711,0.2647638,0.1365454,0.3999779,1.5355148,9.6808224,0.0529851,0.0612052,0.8947328,0.4392036
gait_20260920_035116_owner_phone_shake_1,owner_phone_shake_1,2533355309474056,2026-09-20T03:51:55.648730Z,-0.5640590,4.7410431,11.8874359,0.4033742,0.3697999,0.1238384,0.3386132,1.6260698,9.6683683,0.0521267,0.0668416,0.8951175,0.4376984
gait_20260920_035116_owner_phone_shake_1,owner_phone_shake_1,2533355329611569,2026-09-20T03:51:55.669710Z,-0.4023007,4.8647184,12.3507137,0.3699165,0.4998003,0.2218800,0.2525218,1.6945525,9.6592350,0.0495684,0.0720427,0.8958515,0.4356640
gait_20260920_035116_owner_phone_shake_1,owner_phone_shake_1,2533355349793799,2026-09-20T03:51:55.690125Z,0.0092775,5.4517469,11.8833208,0.6353132,0.5757588,0.4526531,0.1557970,1.7947713,9.6431646,0.0470389,0.0790518,0.8973616,0.4316024
gait_20260920_035116_owner_phone_shake_1,owner_phone_shake_1,2533355369963376,2026-09-20T03:51:55.710133Z,0.4331261,6.1629744,10.7777987,1.0311432,0.5876997,0.6503683,0.0631340,1.9720807,9.6095276,0.0461396,0.0896715,0.8994519,0.4252256
gait_20260920_035116_owner_phone_shake_1,owner_phone_shake_1,2533355390144548,2026-09-20T03:51:55.731089Z,0.6124667,6.9664536,10.2145624,1.3029848,0.5590716,0.7040438,-0.0173990,2.2181528,9.5559196,0.0470485,0.1033459,0.9015358,0.4175394
gait_20260920_035116_owner_phone_shake_1,owner_phone_shake_1,2533355410300330,2026-09-20T03:51:55.750895Z,1.0322002,7.2981253,10.4435825,1.3451525,0.4179631,0.6227561,-0.0780855,2.4846311,9.4898167,0.0492027,0.1176163,0.9029967,0.4102959
gait_20260920_035116_owner_phone_shake_1,owner_phone_shake_1,2533355430478145,2026-09-20T03:51:55.771947Z,0.9430910,6.9202156,10.7879734,1.3243185,0.3519470,0.4396464,-0.1146687,2.7417817,9.4183655,0.0523275,0.1309590,0.9035926,0.4045144
gait_20260920_035116_owner_phone_shake_1,owner_phone_shake_1,2533355450648455,2026-09-20T03:51:55.790979Z,0.4734534,6.1736736,10.2474079,1.4383811,0.3686508,0.2201646,-0.1656996,3.0055923,9.3367586,0.0551215,0.1449184,0.9029986,0.4006920
gait_20260920_035116_owner_phone_shake_1,owner_phone_shake_1,2533355470812862,2026-09-20T03:51:55.811807Z,0.3565116,5.6402154,8.8844337,1.7256444,0.4034908,0.1511841,-0.2302501,3.3119717,9.2311392,0.0583335,0.1612791,0.9012939,0.3978135
gait_20260920_035116_owner_phone_shake_1,owner_phone_shake_1,2533355490974971,2026-09-20T03:51:55.831762Z,0.7256676,5.6470242,7.2764277,1.9863446,0.3848051,0.1945842,-0.2871039,3.6798713,9.0891266,0.0631680,0.1806942,0.8988168,0.3943195
gait_20260920_035116_owner_phone_shake_1,owner_phone_shake_1,2533355511145463,2026-09-20T03:51:55.851567Z,0.9139865,5.9393411,6.2309847,2.0674989,0.3607569,0.2250609,-0.3187978,4.0936852,8.9093332,0.0700518,0.2022032,0.8956881,0.3898071
gait_20260920_035116_owner_phone_shake_1,owner_phone_shake_1,2533355531326961,2026-09-20T03:51:55.871776Z,1.0917560,5.8505311,5.7229652,1.8904181,0.2368518,0.1195917,-0.3533840,4.4499426,8.7355156,0.0757263,0.2211516,0.8923025,0.3862045
gait_20260920_035116_owner_phone_shake_1,owner_phone_shake_1,2533355551496212,2026-09-20T03:51:55.891965Z,0.9172785,5.5085344,5.1271830,1.6637917,0.2045433,-0.0316924,-0.3829331,4.7552786,8.5718613,0.0809272,0.2375422,0.8885149,0.3841429
gait_20260920_035116_owner_phone_shake_1,owner_phone_shake_1,2533355571665055,2026-09-20T03:51:55.912620Z,0.5134066,5.1264348,4.4653358,1.4609804,0.2629651,-0.1942012,-0.4357867,5.0175567,8.4184513,0.0845148,0.2522790,0.8843362,0.3836170
gait_20260920_035116_owner_phone_shake_1,owner_phone_shake_1,2533355591822303,2026-09-20T03:51:55.932342Z,0.4771195,4.6415339,3.5673606,1.2974724,0.3601907,-0.2572695,-0.5159976,5.2429972,8.2753153,0.0862269,0.2657834,0.8801135,0.3838285
gait_20260920_035116_owner_phone_shake_1,owner_phone_shake_1,2533355612002702,2026-09-20T03:51:55.950152Z,0.5981015,4.1011181,1.9265841,1.2722085,0.4894416,-0.2474437,-0.6154898,5.4513779,8.1326351,0.0865929,0.2790029,0.8760325,0.3837007
gait_20260920_035116_owner_phone_shake_1,owner_phone_shake_1,2533355632165625,2026-09-20T03:51:55.970649Z,0.4813842,3.7300167,0.0380828,1.3022021,0.5656998,-0.2793193,-0.7326505,5.6646624,7.9756465,0.0861920,0.2930960,0.8717029,0.3831447
gait_20260920_035116_owner_phone_shake_1,owner_phone_shake_1,2533355652334815,2026-09-20T03:51:55.990624Z,0.1541267,3.2679358,-1.2284499,1.1363126,0.4141493,-0.3683344,-0.8506408,5.8635683,7.8186369,0.0857465,0.3065523,0.8670208,0.3833381
gait_20260920_035116_owner_phone_shake_1,owner_phone_shake_1,2533355672494604,2026-09-20T03:51:56.010752Z,-0.5220856,2.7105355,-1.2576293,0.6955670,0.0003997,-0.5108752,-0.9296080,6.0019670,7.7037864,0.0865749,0.3157139,0.8624828,0.3859441
gait_20260920_035116_owner_phone_shake_1,owner_phone_shake_1,2533355692663713,2026-09-20T03:51:56.030281Z,-1.1138275,1.8314894,0.1993173,0.0376711,-0.5844688,-0.6707027,-0.9499036,6.0406075,7.6710405,0.0889821,0.3176693,0.8586785,0.3922242
gait_20260920_035116_owner_phone_shake_1,owner_phone_shake_1,2533355712848120,2026-09-20T03:51:56.051525Z,-1.3204023,0.8402900,2.1258266,-0.5699799,-1.2393336,-0.7121210,-0.8817945,5.9685326,7.7353187,0.0939094,0.3110205,0.8559895,0.4021558
gait_20260920_035116_owner_phone_shake_1,owner_phone_shake_1,2533355733021379,2026-09-20T03:51:56.071746Z,-1.2055553,0.1048960,3.5259857,-0.8524801,-1.7464117,-0.5753425,-0.7099956,5.8264070,7.8603430,0.1021595,0.2979134,0.8542849,0.4135319
gait_20260920_035116_owner_phone_shake_1,owner_phone_shake_1,2533355753185726,2026-09-20T03:51:56.091664Z,-0.7539491,-0.3804536,4.2905593,-0.8760787,-2.1269867,-0.2948241,-0.4354895,5.6728754,7.9915547,0.1143615,0.2818465,0.8530861,0.4239438
gait_20260920_035116_owner_phone_shake_1,owner_phone_shake_1,2533355773354345,2026-09-20T03:51:56.112355Z,-0.3580080,-0.4808604,4.6981721,-0.9213440,-2.3189564,0.0042301,-0.0742398,5.5224462,8.1076012,0.1297645,0.2641591,0.8524666,0.4320670
gait_20260920_035116_owner_phone_shake_1,owner_phone_shake_1,2533355793523006,2026-09-20T03:51:56.131479Z,-0.0397288,-0.5725883,5.7517705,-1.3008032,-2.3046672,0.2079740,0.3273695,5.3306026,8.2288275,0.1451027,0.2437301,0.8529263,0.4382439
gait_20260920_035116_owner_phone_shake_1,owner_phone_shake_1,2533355813692195,2026-09-20T03:51:56.151389Z,-0.0829741,-0.2168997,9.2247839,-2.1252713,-2.2246454,0.2979051,0.7344028,5.0172548,8.3978519,0.1568843,0.2173762,0.8551021,0.4437739
gait_20260920_035116_owner_phone_shake_1,owner_phone_shake_1,2533355833861059,2026-09-20T03:51:56.171651Z,0.9356840,0.6174048,14.3489742,-2.9925401,-2.1358800,0.3943978,1.1176568,4.4651599,8.6631002,0.1608094,0.1803111,0.8598558,0.4497513
gait_20260920_035116_owner_phone_shake_1,owner_phone_shake_1,2533355854030045,2026-09-20T03:51:56.192445Z,2.5840919,1.5728409,17.4119072,-3.1798301,-2.1619599,0.4853947,1.5421003,3.8700242,8.8814945,0.1654272,0.1410570,0.8638355,0.4544505
gait_20260920_035116_owner_phone_shake_1,owner_phone_shake_1,2533355874199601,2026-09-20T03:51:56.212223Z,3.0726585,2.6726024,17.7952042,-2.6006405,-1.6083509,0.4196451,1.9173346,3.3333375,9.0248985,0.1692012,0.1065061,0.8665269,0.4573388
gait_20260920_035116_owner_phone_shake_1,owner_phone_shake_1,2533355894367854,2026-09-20T03:51:56.232443Z,2.1724389,3.6737528,16.2081470,-1.8234694,-0.4618461,0.2371183,2.0955503,2.9431367,9.1204567,0.1675550,0.0839039,0.8684129,0.4590692
gait_20260920_035116_owner_phone_shake_1,owner_phone_shake_1,2533355914537207,2026-09-20T03:51:56.252909Z,1.1531074,4.5020719,14.1736736,-1.3064822,0.5676650,0.0786397,2.0413997,2.6782095,9.2139025,0.1582519,0.0728913,0.8705736,0.4601572
gait_20260920_035116_owner_phone_shake_1,owner_phone_shake_1,2533355934705419,2026-09-20T03:51:56.275770Z,0.7965209,4.8892593,13.1940718,-1.1723683,1.1124809,0.0984412,1.8530544,2.4595189,9.3141327,0.1439071,0.0673853,0.8732676,0.4606015
gait_20260920_035116_owner_phone_shake_1,owner_phone_shake_1,2533355954880569,2026-09-20T03:51:56.295970Z,0.3505261,4.9218054,13.1369848,-1.2104725,1.1922697,0.0923959,1.6243335,2.2313437,9.4137535,0.1275382,0.0625120,0.8762746,0.4604008
gait_20260920_035116_owner_phone_shake_1,owner_phone_shake_1,2533355975043127,2026-09-20T03:51:56.315261Z,-0.2974796,4.4321160,12.9931078,-1.1116982,1.0083606,-0.0448656,1.4143794,2.0083344,9.4974852,0.1123643,0.0572884,0.8783565,0.4610665
gait_20260920_035116_owner_phone_shake_1,owner_phone_shake_1,2533355995212112,2026-09-20T03:51:56.336295Z,-0.7125743,3.8486044,12.5435219,-0.8088802,0.7770379,-0.1665224,1.2454944,1.8365126,9.5557346,0.1004993,0.0532919,0.8790961,0.4628715
gait_20260920_035116_owner_phone_shake_1,owner_phone_shake_1,2533356015378800,2026-09-20T03:51:56.355584Z,-0.3841946,3.8619223,12.2776155,-0.4892085,0.5729277,-0.0955268,1.1146361,1.7306048,9.5915956,0.0920173,0.0514349,0.8792856,0.4644828
gait_20260920_035116_owner_phone_shake_1,owner_phone_shake_1,2533356035548742,2026-09-20T03:51:56.375692Z,0.5618892,4.3685951,11.9745998,-0.2318224,0.4802320,0.2399495,1.0228741,1.6713935,9.6122980,0.0863329,0.0510269,0.8803509,0.4636003
gait_20260920_035116_owner_phone_shake_1,owner_phone_shake_1,2533356055719050,2026-09-20T03:51:56.395843Z,1.3670892,4.8981624,11.1641626,0.0361723,0.4962864,0.6069183,0.9457459,1.6534959,9.6232853,0.0820943,0.0524967,0.8831740,0.4588120
gait_20260920_035116_owner_phone_shake_1,owner_phone_shake_1,2533356075887650,2026-09-20T03:51:56.416222Z,1.4219314,5.2869959,10.0552731,0.3211539,0.5391868,0.7299740,0.8687270,1.6897229,9.6242533,0.0789940,0.0565913,0.8868424,0.4517387
gait_20260920_035116_owner_phone_shake_1,owner_phone_shake_1,2533356096043858,2026-09-20T03:51:56.437194Z,0.9047838,5.2540755,9.4855280,0.4584320,0.5006497,0.6000069,0.7888535,1.7699096,9.6167164,0.0767616,0.0626889,0.8900079,0.4450436
gait_20260920_035116_owner_phone_shake_1,owner_phone_shake_1,2533356116213211,2026-09-20T03:51:56.456839Z,0.4563947,4.7443352,9.5438862,0.4233756,0.3548281,0.3868535,0.7254856,1.8550590,9.6056509,0.0754810,0.0684448,0.8920257,0.4403500
gait_20260920_035116_owner_phone_shake_1,owner_phone_shake_1,2533356136394404,2026-09-20T03:51:56.477037Z,0.0014216,4.0833859,9.7901154,0.3526464,0.2218800,0.2280752,0.6883176,1.9317256,9.5932665,0.0753224,0.0730517,0.8930671,0.4375169
gait_20260920_035116_owner_phone_shake_1,owner_phone_shake_1,2533356156563390,2026-09-20T03:51:56.497323Z,-0.1068413,3.8775592,10.2130661,0.3230191,0.1986977,0.1987477,0.6521256,2.0009592,9.5815973,0.0750803,0.0772292,0.8937593,0.4354226
gait_20260920_035116_owner_phone_shake_1,owner_phone_shake_1,2533356176722081,2026-09-20T03:51:56.517899Z,-0.1268927,4.0512137,10.3520041,0.3891518,0.2060754,0.3248511,0.6250668,2.0676799,9.5692263,0.0751120,0.0811604,0.8947829,0.4325908
gait_20260920_035116_owner_phone_shake_1,owner_phone_shake_1,2533356196875667,2026-09-20T03:51:56.537606Z,0.0427215,4.3364229,10.2289276,0.5033476,0.2297073,0.4712389,0.5989197,2.1541286,9.5518131,0.0754589,0.0861300,0.8964304,0.4281357
gait_20260920_035116_owner_phone_shake_1,owner_phone_shake_1,2533356217070205,2026-09-20T03:51:56.555575Z,0.2181716,4.4771571,9.9554644,0.5981583,0.2552877,0.5433170,0.5751355,2.2619407,9.5283241,0.0762465,0.0921486,0.8983884,0.4226031
gait_20260920_035116_owner_phone_shake_1,owner_phone_shake_1,2533356237238662,2026-09-20T03:51:56.576194Z,0.1441758,4.5013986,9.5985041,0.6234722,0.3325618,0.5557408,0.5420662,2.3771424,9.5021820,0.0766715,0.0987596,0.9003667,0.4167828
gait_20260920_035116_owner_phone_shake_1,owner_phone_shake_1,2533356257386449,2026-09-20T03:51:56.595994Z,-0.0290297,4.6657004,9.3616276,0.6439732,0.3403392,0.5382708,0.4999183,2.5020840,9.4723692,0.0768168,0.1060381,0.9022186,0.4109217
gait_20260920_035116_owner_phone_shake_1,owner_phone_shake_1,2533356277576186,2026-09-20T03:51:56.615398Z,0.2925415,5.0053778,9.5888529,0.6689041,0.3093130,0.5557408,0.4593593,2.6449642,9.4355316,0.0773661,0.1141370,0.9038323,0.4050612
gait_20260920_035116_owner_phone_shake_1,owner_phone_shake_1,2533356297745173,2026-09-20T03:51:56.636043Z,1.2510452,5.4441900,10.1481981,0.6913702,0.2179996,0.6329650,0.4437590,2.7716577,9.3998461,0.0785689,0.1210471,0.9056630,0.3986844
gait_20260920_035116_owner_phone_shake_1,owner_phone_shake_1,2533356317912897,2026-09-20T03:51:56.655961Z,2.0627544,5.9992709,10.0118780,0.8014359,0.2121208,0.6793627,0.4486423,2.9101236,9.3576708,0.0808244,0.1282052,0.9075543,0.3916327
gait_20260920_035116_owner_phone_shake_1,owner_phone_shake_1,2533356338082413,2026-09-20T03:51:56.676033Z,2.1029322,6.5049710,9.8661308,0.9108686,0.3587751,0.5805884,0.4331656,3.0750787,9.3055019,0.0825999,0.1371064,0.9090750,0.3846582
gait_20260920_035116_owner_phone_shake_1,owner_phone_shake_1,2533356358251724,2026-09-20T03:51:56.696090Z,1.9414731,6.6659813,10.1814928,0.9403794,0.4538522,0.4174801,0.3795075,3.2493739,9.2484407,0.0828440,0.1471655,0.9098843,0.3789325
gait_20260920_035116_owner_phone_shake_1,owner_phone_shake_1,2533356368994034,2026-09-20T03:51:56.707601Z,1.9060838,6.6997247,10.4248781,1.0321257,0.3180896,0.2971390,0.3310359,3.4339216,9.1833925,0.0836806,0.1575606,0.9099138,0.3744718
gait_20260920_035116_owner_phone_shake_1,owner_phone_shake_1,2533356388506443,2026-09-20T03:51:56.726118Z,1.9693058,6.7555394,10.4393930,1.1747831,0.1970323,0.2149853,0.3193651,3.5371902,9.1445284,0.0849849,0.1630404,0.9095790,0.3726412
gait_20260920_035116_owner_phone_shake_1,owner_phone_shake_1,2533356408676081,2026-09-20T03:51:56.746329Z,1.8573768,6.8788409,10.4035549,1.3025851,0.1510842,0.1569464,0.3029896,3.7660918,9.0532236,0.0884883,0.1749843,0.9082895,0.3695410
gait_20260920_035116_owner_phone_shake_1,owner_phone_shake_1,2533356428844009,2026-09-20T03:51:56.766636Z,1.5263784,6.7562876,10.1296425,1.4404795,0.1592613,0.0839856,0.2882675,4.0204778,8.9436445,0.0927245,0.1882224,0.9062551,0.3669830
gait_20260920_035116_owner_phone_shake_1,owner_phone_shake_1,2533356448987198,2026-09-20T03:51:56.788101Z,1.3356652,6.4618754,9.3200283,1.6068187,0.2104887,-0.0004830,0.2565501,4.3002224,8.8135338,0.0968163,0.2031580,0.9034469,0.3648798
gait_20260920_035116_owner_phone_shake_1,owner_phone_shake_1,2533356469182306,2026-09-20T03:51:56.807619Z,1.4706384,6.3408189,7.9127617,1.7831002,0.2971057,-0.0256304,0.2086366,4.6076469,8.6580696,0.1007979,0.2199967,0.8999045,0.3627853
gait_20260920_035116_owner_phone_shake_1,owner_phone_shake_1,2533356489351170,2026-09-20T03:51:56.827366Z,1.6455648,6.3925934,6.2965260,1.8452194,0.3955969,-0.0552743,0.1961564,4.9801779,8.4495840,0.1078089,0.2399159,0.8952782,0.3595754
gait_20260920_035116_owner_phone_shake_1,owner_phone_shake_1,2533356509519627,2026-09-20T03:51:56.847853Z,1.3750199,6.3085718,4.9971480,1.7621830,0.4293543,-0.1728842,0.1268200,5.3027139,8.2523479,0.1112555,0.2585488,0.8905919,0.3572407
gait_20260920_035116_owner_phone_shake_1,owner_phone_shake_1,2533356529688043,2026-09-20T03:51:56.867722Z,0.7733272,5.8069868,4.0680480,1.5546420,0.3825569,-0.4014257,0.0265429,5.5750279,8.0718317,0.1127815,0.2751282,0.8854653,0.3571221
gait_20260920_035116_owner_phone_shake_1,owner_phone_shake_1,2533356549832005,2026-09-20T03:51:56.888375Z,-0.0341174,5.1130424,3.1743374,1.3217205,0.3060322,-0.6483198,-0.0904944,5.8031425,7.9089479,0.1134260,0.2895554,0.8797429,0.3596454
gait_20260920_035116_owner_phone_shake_1,owner_phone_shake_1,2533356570026707,2026-09-20T03:51:56.907923Z,-0.6560861,4.4519434,1.9266590,1.0631520,0.3312295,-0.8164910,-0.2313428,5.9858441,7.7686725,0.1127143,0.3019004,0.8737188,0.3643723
gait_20260920_035116_owner_phone_shake_1,owner_phone_shake_1,2533356590194310,2026-09-20T03:51:56.927864Z,-0.7548469,3.7119105,0.4769699,0.8009196,0.5114914,-0.7890953,-0.4020344,6.1232257,7.6537962,0.1096130,0.3125352,0.8683230,0.3692182
gait_20260920_035116_owner_phone_shake_1,owner_phone_shake_1,2533356610364313,2026-09-20T03:51:56.948183Z,-0.8690204,3.4100165,-0.5061492,0.5064619,0.6095995,-0.6679215,-0.5867722,6.2164145,7.5662413,0.1043200,0.3213429,0.8642463,0.3727391
gait_20260920_035116_owner_phone_shake_1,owner_phone_shake_1,2533356630532281,2026-09-20T03:51:56.969127Z,-0.8509142,3.2540941,-0.8446295,0.1964495,0.4573828,-0.5369552,-0.7458180,6.2621698,7.5143261,0.0988346,0.3271233,0.8614936,0.3755675
gait_20260920_035116_owner_phone_shake_1,owner_phone_shake_1,2533356650701227,2026-09-20T03:51:56.990105Z,-0.7733272,3.0441527,-0.6963386,-0.0996403,0.0612531,-0.4762517,-0.8411410,6.2627025,7.5038090,0.0954707,0.3289226,0.8597212,0.3789126
gait_20260920_035116_owner_phone_shake_1,owner_phone_shake_1,2533356670870782,2026-09-20T03:51:57.008792Z,-0.7639000,2.7378445,0.2320131,-0.4098693,-0.4086202,-0.5366721,-0.8684270,6.2167401,7.5388389,0.0949259,0.3263495,0.8583774,0.3842827
gait_20260920_035116_owner_phone_shake_1,owner_phone_shake_1,2533356691038995,2026-09-20T03:51:57.029275Z,-0.6646903,2.3956981,1.7504607,-0.7004799,-0.9834464,-0.6388771,-0.8271293,6.1188192,7.6231241,0.0973584,0.3189714,0.8570829,0.3926672
gait_20260920_035116_owner_phone_shake_1,owner_phone_shake_1,2533356711208917,2026-09-20T03:51:57.050187Z,-0.4779425,1.8807203,3.3682678,-0.9079376,-1.6091835,-0.6978319,-0.6917458,5.9792366,7.7463751,0.1040586,0.3067955,0.8555190,0.4039003
gait_20260920_035116_owner_phone_shake_1,owner_phone_shake_1,2533356731376601,2026-09-20T03:51:57.069491Z,-0.1105822,1.2055553,4.9274168,-1.1015059,-1.9495394,-0.6772810,-0.4768758,5.8051009,7.8936372,0.1139028,0.2906754,0.8536834,0.4168437
gait_20260920_035116_owner_phone_shake_1,owner_phone_shake_1,2533356751545668,2026-09-20T03:51:57.089397Z,-0.0889596,0.6242133,6.9039798,-1.3394569,-2.0437171,-0.5327251,-0.2159310,5.5944881,8.0555067,0.1243280,0.2716294,0.8523529,0.4292489
gait_20260920_035116_owner_phone_shake_1,owner_phone_shake_1,2533356771714287,2026-09-20T03:51:57.109660Z,0.1181389,0.6337153,9.1414366,-1.5820544,-1.9315199,-0.2698765,0.0701859,5.3386397,8.2298307,0.1336515,0.2500340,0.8522206,0.4397049
gait_20260920_035116_owner_phone_shake_1,owner_phone_shake_1,2533356791883559,2026-09-20T03:51:57.130427Z,0.2034323,1.0494833,10.9322987,-1.7407161,-1.6263371,0.0288612,0.3566536,5.0043516,8.4300280,0.1395483,0.2252417,0.8543427,0.4470918
gait_20260920_035116_owner_phone_shake_1,owner_phone_shake_1,2533356812053033,2026-09-20T03:51:57.149981Z,0.1060182,1.5732150,11.8122435,-1.8524638,-1.2187327,0.2082737,0.6035818,4.6840525,8.5983400,0.1430773,0.2029205,0.8572142,0.4511497
gait_20260920_035116_owner_phone_shake_1,owner_phone_shake_1,2533356832220961,2026-09-20T03:51:57.171028Z,0.9276783,2.1294928,11.9353199,-1.8705833,-0.8027182,0.3826235,0.7933676,4.3452387,8.7593145,0.1429418,0.1817327,0.8610493,0.4529182
gait_20260920_035116_owner_phone_shake_1,owner_phone_shake_1,2533356852389784,2026-09-20T03:51:57.190384Z,1.9854666,3.0044987,11.3278656,-1.7340046,-0.4839958,0.5627188,0.9391510,4.0128698,8.9023018,0.1405373,0.1625846,0.8657738,0.4519417
gait_20260920_035116_owner_phone_shake_1,owner_phone_shake_1,2533356872559340,2026-09-20T03:51:57.210732Z,2.1920414,3.9399581,10.7315598,-1.6441901,-0.1624255,0.4906407,1.0298438,3.7027259,9.0258160,0.1361557,0.1461555,0.8705716,0.4496727
gait_20260920_035116_owner_phone_shake_1,owner_phone_shake_1,2533356892727919,2026-09-20T03:51:57.231205Z,1.5067011,4.1367316,11.3734303,-1.8244187,-0.0536422,0.1567632,1.0598515,3.3801010,9.1480999,0.1291817,0.1303415,0.8742045,0.4495442
gait_20260920_035116_owner_phone_shake_1,owner_phone_shake_1,2533356912887587,2026-09-20T03:51:57.251498Z,1.1572973,3.5476832,13.1556149,-2.0732613,-0.2151684,-0.1636746,1.0772208,3.0085330,9.2749357,0.1210162,0.1121551,0.8761247,0.4529699
gait_20260920_035116_owner_phone_shake_1,owner_phone_shake_1,2533356933065036,2026-09-20T03:51:57.271594Z,0.7358429,3.1070004,14.5339270,-2.0570238,-0.4328017,-0.2803685,1.1338981,2.6157753,9.3865910,0.1143949,0.0919796,0.8765560,0.4583701
gait_20260920_035116_owner_phone_shake_1,owner_phone_shake_1,2533356953234795,2026-09-20T03:51:57.291783Z,0.3184288,3.0591912,14.6335850,-1.7231129,-0.4598976,-0.1959332,1.2131193,2.2663724,9.4672070,0.1097574,0.0735109,0.8764205,0.4630732
gait_20260920_035116_owner_phone_shake_1,owner_phone_shake_1,2533356973403578,2026-09-20T03:51:57.311184Z,-0.0629974,3.3785927,13.7976351,-1.2874634,-0.2748227,-0.0261466,1.2754823,1.9976686,9.5193787,0.1061246,0.0594867,0.8766033,0.4655810
gait_20260920_035116_owner_phone_shake_1,owner_phone_shake_1,2533356993571709,2026-09-20T03:51:57.331489Z,0.1201590,3.7374237,12.8132439,-1.0070283,-0.0295773,0.1423742,1.2980330,1.7918717,9.5572176,0.1020864,0.0495701,0.8775080,0.4659410
gait_20260920_035116_owner_phone_shake_1,owner_phone_shake_1,2533357013741387,2026-09-20T03:51:57.352524Z,0.3037643,3.9514055,12.2402067,-0.9090701,0.2026780,0.2353530,1.2770537,1.6112638,9.5921364,0.0966288,0.0420238,0.8791317,0.4647840
gait_20260920_035116_owner_phone_shake_1,owner_phone_shake_1,2533357033910332,2026-09-20T03:51:57.372239Z,-0.2976292,3.9380877,12.3581963,-0.9135666,0.2995538,0.1916365,1.2232798,1.4331566,9.6273441,0.0897783,0.0353753,0.8808025,0.4635467
gait_20260920_035116_owner_phone_shake_1,owner_phone_shake_1,2533357054079034,2026-09-20T03:51:57.392354Z,-0.5021090,3.7980268,12.8543196,-0.8876531,0.2163675,0.1489692,1.1748292,1.2548709,9.6582184,0.0832356,0.0285154,0.8820041,0.4629552
gait_20260920_035116_owner_phone_shake_1,owner_phone_shake_1,2533357074247124,2026-09-20T03:51:57.412064Z,0.0665139,3.9338977,13.1190281,-0.6989644,0.1135130,0.2680279,1.1505222,1.0997387,9.6800299,0.0783655,0.0221800,0.8832740,0.4617295
gait_20260920_035116_owner_phone_shake_1,owner_phone_shake_1,2533357094415906,2026-09-20T03:51:57.432259Z,0.7119758,4.3781719,12.8749695,-0.3779770,0.1322653,0.4592481,1.1351961,0.9979797,9.6928568,0.0751653,0.0182095,0.8853300,0.4584862
gait_20260920_035116_owner_phone_shake_1,owner_phone_shake_1,2533357114584811,2026-09-20T03:51:57.452713Z,0.8576480,4.6870241,12.5724020,-0.0653666,0.1482197,0.5336078,1.1151085,0.9599580,9.6990271,0.0732532,0.0173445,0.8879352,0.4537668
gait_20260920_035116_owner_phone_shake_1,owner_phone_shake_1,2533357134763278,2026-09-20T03:51:57.472858Z,0.6590788,4.5454669,12.3115835,0.1613430,0.1223063,0.4642110,1.0978899,0.9730857,9.6996832,0.0726760,0.0187133,0.8902841,0.4491797
gait_20260920_035116_owner_phone_shake_1,owner_phone_shake_1,2533357154922499,2026-09-20T03:51:57.492327Z,0.3544167,4.0990977,12.0229330,0.3363256,0.1277355,0.3657531,1.0828975,1.0252389,9.6959953,0.0731081,0.0217424,0.8920749,0.4454044
gait_20260920_035116_owner_phone_shake_1,owner_phone_shake_1,2533357175091525,2026-09-20T03:51:57.513281Z,0.1527052,3.9000049,11.7049532,0.4591315,0.2371849,0.3414717,1.0516001,1.1053767,9.6906338,0.0734194,0.0263916,0.8935865,0.4420591
gait_20260920_035116_owner_phone_shake_1,owner_phone_shake_1,2533357195234755,2026-09-20T03:51:57.532993Z,0.1519570,3.8801780,11.3372183,0.5516106,0.4143325,0.4007762,0.9899660,1.2038370,9.6853943,0.0726962,0.0326130,0.8953594,0.4381588
gait_20260920_035116_owner_phone_shake_1,owner_phone_shake_1,2533357215429741,2026-09-20T03:51:57.553431Z,0.1710358,3.9956982,11.1854858,0.6216070,0.5552912,0.4544018,0.8967068,1.3160516,9.6798773,0.0707407,0.0402220,0.8974401,0.4335657
gait_20260920_035116_owner_phone_shake_1,owner_phone_shake_1,2533357235597953,2026-09-20T03:51:57.575402Z,0.5695207,4.1570077,11.0684690,0.7226629,0.5756422,0.5365722,0.7962743,1.4434901,9.6704912,0.0686826,0.0487317,0.8997339,0.4282371
gait_20260920_035116_owner_phone_shake_1,owner_phone_shake_1,2533357255766614,2026-09-20T03:51:57.593848Z,0.7244705,4.4707227,10.8017406,0.8875033,0.5507447,0.5888155,0.7032441,1.5997044,9.6531086,0.0674565,0.0584664,0.9021816,0.4220187
gait_20260920_035116_owner_phone_shake_1,owner_phone_shake_1,2533357275917371,2026-09-20T03:51:57.613483Z,0.6097732,4.6483426,10.6639242,1.0531430,0.4985013,0.5532927,0.6225695,1.7912259,9.6249685,0.0674581,0.0695854,0.9042920,0.4157681
gait_20260920_035116_owner_phone_shake_1,owner_phone_shake_1,2533357296104668,2026-09-20T03:51:57.634922Z,0.7482628,4.6729579,10.9697828,1.1657068,0.4024083,0.5079941,0.5562742,2.0084772,9.5860672,0.0685986,0.0816029,0.9058664,0.4099284
gait_20260920_035116_owner_phone_shake_1,owner_phone_shake_1,2533357316273531,2026-09-20T03:51:57.654006Z,0.8719383,4.8105497,11.0377932,1.2648641,0.3708325,0.4877429,0.5103355,2.2444623,9.5361452,0.0709934,0.0941198,0.9070256,0.4042350
gait_20260920_035116_owner_phone_shake_1,owner_phone_shake_1,2533357336442314,2026-09-20T03:51:57.674343Z,0.7965958,5.0470519,11.0602388,1.3362926,0.4956702,0.4507879,0.4474711,2.4960787,9.4765749,0.0728103,0.1078031,0.9078804,0.3985353
gait_20260920_035116_owner_phone_shake_1,owner_phone_shake_1,2533357356586072,2026-09-20T03:51:57.694473Z,0.7900866,5.1729722,11.2831240,1.3580427,0.6480700,0.4065385,0.3549625,2.7522385,9.4093189,0.0732269,0.1223740,0.9083979,0.3930342
gait_20260920_035116_owner_phone_shake_1,owner_phone_shake_1,2533357376780246,2026-09-20T03:51:57.715219Z,0.7730279,5.1864395,10.8673563,1.4576163,0.7596012,0.4058557,0.2420785,3.0182095,9.3310184,0.0727308,0.1379290,0.9086629,0.3873211
gait_20260920_035116_owner_phone_shake_1,owner_phone_shake_1,2533357396948621,2026-09-20T03:51:57.735017Z,0.6860884,5.3000145,9.7711115,1.6412756,0.8920497,0.3995105,0.1072103,3.3138885,9.2327003,0.0716187,0.1554991,0.9084963,0.3812156
gait_20260920_035116_owner_phone_shake_1,owner_phone_shake_1,2533357417117566,2026-09-20T03:51:57.755503Z,0.7636007,5.4771104,8.7003050,1.7853318,0.8862209,0.4021252,-0.0317682,3.6402767,9.1095266,0.0707417,0.1748294,0.9077416,0.3747472
gait_20260920_035116_owner_phone_shake_1,owner_phone_shake_1,2533357437262789,2026-09-20T03:51:57.776692Z,1.1618612,5.6992474,7.9982047,1.8310802,0.7475272,0.4174801,-0.1196371,4.0168509,8.9491177,0.0731361,0.1959125,0.9061098,0.3677424
gait_20260920_035116_owner_phone_shake_1,owner_phone_shake_1,2533357457455131,2026-09-20T03:51:57.796145Z,1.8121862,5.9780226,7.4310784,1.8409725,0.5498620,0.4478402,0.1927402,4.7448783,8.5840015,0.1014057,0.2283248,0.9008332,0.3550835
gait_20260920_035116_owner_phone_shake_1,owner_phone_shake_1,2533357477624565,2026-09-20T03:51:57.815599Z,2.2276549,6.2690673,6.5137248,1.8521640,0.4120509,0.3975454,0.5039096,5.2833800,8.2503376,0.1253401,0.2522863,0.8963549,0.3423294
gait_20260920_035116_owner_phone_shake_1,owner_phone_shake_1,2533357497793022,2026-09-20T03:51:57.835478Z,2.0544496,6.2046485,5.4386535,1.8237858,0.3443361,0.1990475,0.5111893,5.6060376,8.0341234,0.1312694,0.2704386,0.8926581,0.3358468
gait_20260920_035116_owner_phone_shake_1,owner_phone_shake_1,2533357517958183,2026-09-20T03:51:57.855490Z,1.6417490,5.8345199,4.4669819,1.7017626,0.2629818,-0.0811378,0.4660053,5.8883996,7.8323493,0.1346392,0.2872542,0.8881251,0.3325527
gait_20260920_035116_owner_phone_shake_1,owner_phone_shake_1,2533357538131034,2026-09-20T03:51:57.877539Z,1.2467058,5.2759976,3.6595373,1.4835964,0.1475869,-0.3148587,0.4086131,6.1362543,7.6430049,0.1376236,0.3022324,0.8828461,0.3321115
gait_20260920_035116_owner_phone_shake_1,owner_phone_shake_1,2533357558299816,2026-09-20T03:51:57.896546Z,0.6551883,4.7928925,2.9578118,1.2111219,0.0880492,-0.5100924,0.3384687,6.3399725,7.4783893,0.1398521,0.3148162,0.8773689,0.3339998
gait_20260920_035116_owner_phone_shake_1,owner_phone_shake_1,2533357578442721,2026-09-20T03:51:57.917063Z,0.3200000,4.2988639,2.1377227,0.9296376,0.1384772,-0.6473373,0.2438608,6.4968672,7.3462481,0.1404722,0.3250601,0.8721043,0.3376943
gait_20260920_035116_owner_phone_shake_1,owner_phone_shake_1,2533357598636853,2026-09-20T03:51:57.936708Z,0.1158195,3.6517560,1.1988217,0.7026283,0.2265764,-0.7047100,0.1206555,6.6144223,7.2436852,0.1389875,0.3336164,0.8674176,0.3420080
gait_20260920_035116_owner_phone_shake_1,owner_phone_shake_1,2533357618806449,2026-09-20T03:51:57.957249Z,-0.1695394,3.0386908,0.5718401,0.5124573,0.1335144,-0.7278423,-0.0049567,6.7011790,7.1645160,0.1368969,0.3404484,0.8631471,0.3468878
gait_20260920_035116_owner_phone_shake_1,owner_phone_shake_1,2533357638974499,2026-09-20T03:51:57.976681Z,-0.4402338,2.6179099,0.5244798,0.3165574,-0.1649070,-0.7093897,-0.0968776,6.7593060,7.1090441,0.1362476,0.3448250,0.8590979,0.3528219
gait_20260920_035116_owner_phone_shake_1,owner_phone_shake_1,2533357659143404,2026-09-20T03:51:57.997841Z,-0.6729952,2.3209541,0.8142530,0.0934118,-0.5175534,-0.6695203,-0.1317571,6.7852945,7.0836806,0.1381416,0.3459402,0.8553593,0.3600040
gait_20260920_035116_owner_phone_shake_1,owner_phone_shake_1,2533357679286755,2026-09-20T03:51:58.017895Z,-0.7404069,1.8371757,0.8757541,-0.0993572,-0.6993474,-0.6156449,-0.1247869,6.7798586,7.0890102,0.1415647,0.3441597,0.8521186,0.3679777
gait_20260920_035116_owner_phone_shake_1,owner_phone_shake_1,2533357699481131,2026-09-20T03:51:58.038045Z,-0.4896891,1.2322657,0.5529110,-0.2551212,-0.7610834,-0.5329749,-0.0977520,6.7511849,7.1167445,0.1451985,0.3405761,0.8495438,0.3757670
gait_20260920_035116_owner_phone_shake_1,owner_phone_shake_1,2533357719620038,2026-09-20T03:51:58.057299Z,-0.5074211,0.6153846,0.8190414,-0.5661328,-0.8529797,-0.5093930,-0.0523954,6.6927457,7.1722050,0.1487413,0.3348541,0.8477696,0.3834522
gait_20260920_035116_owner_phone_shake_1,owner_phone_shake_1,2533357749902599,2026-09-20T03:51:58.090603Z,-1.3527988,-0.5691466,4.7911716,-2.0755596,-1.3994776,-0.5723115,0.0160369,6.5443130,7.3080664,0.1514172,0.3231237,0.8473102,0.3933567
gait_20260920_035116_owner_phone_shake_1,owner_phone_shake_1,2533357770059622,2026-09-20T03:51:58.110795Z,-1.5352070,-1.1579707,7.4870429,-2.4450762,-1.6406095,-0.3622391,0.2168235,6.0802402,7.6954393,0.1538738,0.2897332,0.8500789,0.4119993
gait_20260920_035116_owner_phone_shake_1,owner_phone_shake_1,2533357790240938,2026-09-20T03:51:58.130410Z,-0.8190414,-1.1181670,9.7053452,-2.4652109,-1.7576531,-0.0725278,0.4425524,5.6825290,7.9843044,0.1566515,0.2615051,0.8531475,0.4233376
gait_20260920_035116_owner_phone_shake_1,owner_phone_shake_1,2533357810396862,2026-09-20T03:51:58.151151Z,0.1833061,-0.2798972,11.5287542,-2.3210714,-1.7447463,0.2110050,0.1747935,3.6901469,9.0878143,0.0983276,0.1663205,0.8785635,0.4368013
gait_20260920_035116_owner_phone_shake_1,owner_phone_shake_1,2533357830567801,2026-09-20T03:51:58.170989Z,0.4970961,0.5710171,12.4298725,-2.1397436,-1.4952875,0.2962230,0.5112293,3.2630460,9.2372770,0.1038275,0.1380347,0.8814813,0.4394963
gait_20260920_035116_owner_phone_shake_1,owner_phone_shake_1,2533357850734020,2026-09-20T03:51:58.191934Z,0.6021417,1.1153988,12.8032932,-2.0471647,-1.1568968,0.2450789,0.7996671,2.8619783,9.3491020,0.1075983,0.1124818,0.8839875,0.4408361
gait_20260920_035116_owner_phone_shake_1,owner_phone_shake_1,2533357870915722,2026-09-20T03:51:58.211499Z,0.8078935,1.5827169,13.5074129,-2.1343811,-0.8185061,0.1743830,1.0181327,2.4698884,9.4392347,0.1084129,0.0891315,0.8859369,0.4420613
gait_20260920_035116_owner_phone_shake_1,owner_phone_shake_1,2533357891084768,2026-09-20T03:51:58.231430Z,0.6342390,2.3234980,15.3232651,-2.3711662,-0.6089500,0.0632848,1.1705858,2.0517201,9.5213594,0.1056413,0.0661790,0.8875237,0.4435784
gait_20260920_035116_owner_phone_shake_1,owner_phone_shake_1,2533357911253775,2026-09-20T03:51:58.251274Z,0.3021931,2.7186909,17.4367466,-2.4422784,-0.3844720,-0.0242647,1.2810750,1.5856652,9.5958643,0.0999050,0.0420038,0.8884476,0.4459994
gait_20260920_035116_owner_phone_shake_1,owner_phone_shake_1,2533357931422171,2026-09-20T03:51:58.271951Z,-0.3154361,3.1318402,18.9030457,-2.1412592,-0.1671719,-0.0105419,1.3448521,1.1149555,9.6532040,0.0919227,0.0187627,0.8887202,0.4487479
gait_20260920_035116_owner_phone_shake_1,owner_phone_shake_1,2533357951590546,2026-09-20T03:51:58.291847Z,-0.5159504,3.7083941,18.6437988,-1.5721952,0.1352797,0.1444726,1.3675340,0.7131874,9.6879988,0.0836285,-0.0002269,0.8888299,0.4505416
gait_20260920_035116_owner_phone_shake_1,owner_phone_shake_1,2533357971759980,2026-09-20T03:51:58.311820Z,-0.2047042,4.4433389,16.9264832,-0.9201615,0.6167107,0.4127004,1.3270282,0.4251879,9.7105255,0.0750986,-0.0123614,0.8897637,0.4500311
gait_20260920_035116_owner_phone_shake_1,owner_phone_shake_1,2533357991928498,2026-09-20T03:51:58.332210Z,-0.1542016,5.2406082,15.2928133,-0.4877263,0.8801922,0.5510111,1.1915569,0.2577902,9.7339535,0.0650938,-0.0166305,0.8922347,0.4465461
gait_20260920_035116_owner_phone_shake_1,owner_phone_shake_1,2533358012097505,2026-09-20T03:51:58.350246Z,-0.4782418,5.6103630,15.1169147,-0.3785099,0.7452789,0.4995172,1.0146596,0.1637865,9.7560110,0.0549266,-0.0166257,0.8952547,0.4418435
gait_20260920_035116_owner_phone_shake_1,owner_phone_shake_1,2533358032265595,2026-09-20T03:51:58.370026Z,-0.1764976,5.1298018,15.5678473,-0.2357527,0.4842123,0.4402293,0.8764278,0.0863492,9.7703905,0.0469131,-0.0168692,0.8977353,0.4377055
gait_20260920_035116_owner_phone_shake_1,owner_phone_shake_1,2533358052434663,2026-09-20T03:51:58.390174Z,-0.0325462,4.6613612,15.1418295,0.1692370,0.4740201,0.4510710,0.7872353,0.0440682,9.7782631,0.0419364,-0.0166759,0.8998269,0.4339066
gait_20260920_035116_owner_phone_shake_1,owner_phone_shake_1,2533358072602998,2026-09-20T03:51:58.410119Z,0.1992425,4.6104841,13.8343706,0.6434070,0.6637747,0.5480300,0.6906502,0.0901174,9.7852430,0.0385634,-0.0122848,0.9020766,0.4296740
gait_20260920_035116_owner_phone_shake_1,owner_phone_shake_1,2533358092746674,2026-09-20T03:51:58.432257Z,0.6180781,4.7899747,12.4976578,0.9832965,0.8043503,0.7250111,0.5538986,0.2289544,9.7916737,0.0353106,-0.0027398,0.9048709,0.4242102
gait_20260920_035116_owner_phone_shake_1,owner_phone_shake_1,2533358112941661,2026-09-20T03:51:58.450972Z,1.2235119,5.0476503,11.3589907,1.2355032,0.8467512,0.8890687,0.3955843,0.4302091,9.7925758,0.0322553,0.0101599,0.9083414,0.4168602
gait_20260920_035116_owner_phone_shake_1,owner_phone_shake_1,2533358133110647,2026-09-20T03:51:58.484340Z,1.6581343,5.2881184,10.2783823,1.4228929,0.8183729,0.9052730,0.2387357,0.6801044,9.7834845,0.0300360,0.0252827,0.9121745,0.4079169
gait_20260920_035116_owner_phone_shake_1,owner_phone_shake_1,2533358153280000,2026-09-20T03:51:58.500389Z,1.4758757,5.3963809,9.3630495,1.5081277,0.8091799,0.7733241,0.0937564,0.9664964,9.7618237,0.0288358,0.0418474,0.9155678,0.3989399
gait_20260920_035116_owner_phone_shake_1,owner_phone_shake_1,2533358173447032,2026-09-20T03:51:58.514398Z,0.9519945,5.3029323,9.0042934,1.5050300,0.6794460,0.5909305,-0.0454482,1.2672566,9.7276983,0.0279810,0.0589596,0.9179742,0.3912343
gait_20260920_035116_owner_phone_shake_1,owner_phone_shake_1,2533358193620647,2026-09-20T03:51:58.533748Z,1.0018986,4.9179897,8.8716393,1.5240655,0.4840957,0.4682245,-0.1512467,1.5839432,9.6801014,0.0288988,0.0761692,0.9192619,0.3851242
gait_20260920_035116_owner_phone_shake_1,owner_phone_shake_1,2533358213785431,2026-09-20T03:51:58.553962Z,0.9943419,4.9064674,8.8206882,1.5793564,0.3895682,0.4114014,-0.1851005,1.9852833,9.6052322,0.0347451,0.0961052,0.9193594,0.3799142
gait_20260920_035116_owner_phone_shake_1,owner_phone_shake_1,2533358233954518,2026-09-20T03:51:58.574920Z,0.7930793,4.9886932,8.4042463,1.6460886,0.3441696,0.3715819,-0.1878453,2.4084013,9.5079136,0.0423628,0.1166922,0.9186826,0.3749809
gait_20260920_035116_owner_phone_shake_1,owner_phone_shake_1,2533358254110199,2026-09-20T03:51:58.593991Z,0.4397849,4.9663224,7.8813381,1.6641414,0.3350599,0.2806183,-0.0014630,3.2971756,9.2393036,0.0678588,0.1569378,0.9139042,0.3681639
gait_20260920_035116_owner_phone_shake_1,owner_phone_shake_1,2533358274285349,2026-09-20T03:51:58.614106Z,0.0267851,4.8445921,7.6191730,1.5938452,0.3355096,0.2005463,-0.0383762,3.6280708,9.1143703,0.0720894,0.1743221,0.9121217,0.3639354
gait_20260920_035116_owner_phone_shake_1,owner_phone_shake_1,2533358294454254,2026-09-20T03:51:58.634294Z,-0.0605284,4.9704375,7.5470476,1.4955373,0.3421878,0.1966993,-0.0850463,3.9197423,8.9924688,0.0751827,0.1900693,0.9101324,0.3603891
gait_20260920_035116_owner_phone_shake_1,owner_phone_shake_1,2533358314629160,2026-09-20T03:51:58.654804Z,-0.0185551,5.5080109,7.7195797,1.3952475,0.3359092,0.2363189,-0.1304865,4.1892915,8.8695498,0.0778263,0.2048453,0.9081461,0.3567244
gait_20260920_035116_owner_phone_shake_1,owner_phone_shake_1,2533358334771475,2026-09-20T03:51:58.680725Z,0.1404349,6.0277767,8.0387564,1.3564938,0.2609167,0.2658463,-0.1636022,4.4818072,8.7248344,0.0812954,0.2208171,0.9057474,0.3524949
gait_20260920_035116_owner_phone_shake_1,owner_phone_shake_1,2533358354953766,2026-09-20T03:51:58.702353Z,0.3306991,6.3050551,7.9669304,1.4211943,0.1949673,0.2477601,-0.1646862,4.7890606,8.5600166,0.0864853,0.2372259,0.9028887,0.3479027
gait_20260920_035116_owner_phone_shake_1,owner_phone_shake_1,2533358375109772,2026-09-20T03:51:58.717976Z,0.2148048,6.3695493,7.5897689,1.5028150,0.1435400,0.1673384,-0.1609626,5.0618997,8.4016294,0.0911945,0.2516659,0.9000847,0.3437954
gait_20260920_035116_owner_phone_shake_1,owner_phone_shake_1,2533358395278453,2026-09-20T03:51:58.735500Z,0.0656909,6.2864256,6.9368253,1.5479971,0.1371282,0.0908637,-0.1490195,5.3723502,8.2068119,0.0972514,0.2681733,0.8960490,0.3401788
gait_20260920_035116_owner_phone_shake_1,owner_phone_shake_1,2533358415471486,2026-09-20T03:51:58.768948Z,0.1152958,6.1684361,6.2545528,1.5041307,0.1390934,0.0747261,-0.1614539,5.6315403,8.0309277,0.1016876,0.2828057,0.8920618,0.3375003
gait_20260920_035116_owner_phone_shake_1,owner_phone_shake_1,2533358435634965,2026-09-20T03:51:58.787526Z,0.2534113,6.1242185,5.4568348,1.4014595,0.1366120,0.0840856,-0.1747809,5.8715501,7.8568730,0.1057404,0.2966267,0.8880922,0.3348489
gait_20260920_035116_owner_phone_shake_1,owner_phone_shake_1,2533358455787343,2026-09-20T03:51:58.797516Z,0.2341828,6.0107183,4.6473699,1.2473276,0.1268694,0.0104420,-0.1862426,6.0887976,7.6894712,0.1094291,0.3093623,0.8842849,0.3322056
gait_20260920_035116_owner_phone_shake_1,owner_phone_shake_1,2533358475986841,2026-09-20T03:51:58.816321Z,0.1515829,5.6313119,3.6648495,1.0505782,0.1441062,-0.1222563,-0.2061898,6.2763662,7.5366321,0.1123811,0.3206586,0.8805208,0.3305023
gait_20260920_035116_owner_phone_shake_1,owner_phone_shake_1,2533358496137664,2026-09-20T03:51:58.836718Z,-0.1131260,5.2121024,2.8344355,0.7703763,0.2043434,-0.2649969,-0.2481629,6.4288201,7.4057274,0.1139336,0.3303398,0.8768587,0.3301721
gait_20260920_035116_owner_phone_shake_1,owner_phone_shake_1,2533358516287445,2026-09-20T03:51:58.853735Z,-0.1096844,4.8296285,2.3688381,0.4242083,0.2559206,-0.3140427,-0.3176629,6.5341048,7.3103127,0.1134650,0.3377487,0.8737223,0.3311509
gait_20260920_035116_owner_phone_shake_1,owner_phone_shake_1,2533358536460541,2026-09-20T03:51:58.874634Z,-0.0493804,4.5631986,2.3074868,0.1116311,0.2524565,-0.3037672,-0.4563819,6.5985894,7.2447524,0.1098855,0.3435697,0.8710412,0.3334251
gait_20260920_035116_owner_phone_shake_1,owner_phone_shake_1,2533358556640390,2026-09-20T03:51:58.897583Z,-0.1726818,4.3180175,2.3327754,-0.0494954,0.1059688,-0.2821005,-0.5117232,6.5940824,7.2451582,0.1074314,0.3445973,0.8702090,0.3353319
gait_20260920_035116_owner_phone_shake_1,owner_phone_shake_1,2533358576800466,2026-09-20T03:51:58.914532Z,-0.3376573,4.0110359,2.3087587,-0.0505779,-0.1843587,-0.2797023,-0.5260465,6.5882010,7.2494817,0.1069895,0.3443981,0.8692984,0.3380290
gait_20260920_035116_owner_phone_shake_1,owner_phone_shake_1,2533358596965911,2026-09-20T03:51:58.935507Z,-0.2886509,3.4830399,1.8697219,0.0105919,-0.5078275,-0.2899112,-0.4922408,6.5922308,7.2481933,0.1097878,0.3435485,0.8677403,0.3419767
gait_20260920_035116_owner_phone_shake_1,owner_phone_shake_1,2533358617154795,2026-09-20T03:51:58.958004Z,-0.0772878,3.0244753,1.3419501,-0.0425008,-0.6986646,-0.3241349,-0.4167378,6.5883751,7.2564287,0.1172249,0.3406348,0.8648003,0.3497811
gait_20260920_035116_owner_phone_shake_1,owner_phone_shake_1,2533358637323862,2026-09-20T03:51:58.975022Z,-0.0301520,2.5698013,1.0529250,-0.3116445,-0.7817343,-0.3929322,-0.3686854,6.5567780,7.2875814,0.1196276,0.3385214,0.8640219,0.3529288
gait_20260920_035116_owner_phone_shake_1,owner_phone_shake_1,2533358657498260,2026-09-20T03:51:58.995179Z,-0.1922843,2.1828387,1.3984382,-0.7324221,-0.8343107,-0.4579324,-0.3068648,6.4572573,7.3787384,0.1232613,0.3314926,0.8632383,0.3601931
gait_20260920_035116_owner_phone_shake_1,owner_phone_shake_1,2533358677667062,2026-09-20T03:51:59.017537Z,-0.2068740,1.7845781,2.3012018,-1.1286851,-1.0070283,-0.4426275,-0.1878868,6.2394886,7.5676675,0.1278831,0.3126624,0.8641567,0.3729897
gait_20260920_035116_owner_phone_shake_1,owner_phone_shake_1,2533358697823841,2026-09-20T03:51:59.037893Z,0.2830395,1.4662241,3.3904140,-1.4108855,-1.2690109,-0.3480833,-0.0235798,6.0083733,7.7546759,0.1327508,0.2950477,0.8657396,0.3818626
gait_20260920_035116_owner_phone_shake_1,owner_phone_shake_1,2533358718005035,2026-09-20T03:51:59.058187Z,0.5057003,1.2115409,4.3494415,-1.6708863,-1.4896085,-0.3347102,0.1810538,5.7282915,7.9617844,0.1383201,0.2740387,0.8674392,0.3915605
gait_20260920_035116_owner_phone_shake_1,owner_phone_shake_1,2533358738177428,2026-09-20T03:51:59.078372Z,-0.1469441,0.6120178,6.2215576,-2.0335250,-1.6681217,-0.4090865,0.2346736,5.6479497,8.0175877,0.1383201,0.2740387,0.8674392,0.3915605
gait_20260920_035116_owner_phone_shake_1,owner_phone_shake_1,2533358758316477,2026-09-20T03:51:59.099207Z,-0.3947440,-0.1175403,8.7480392,-2.3425715,-1.9904580,-0.2772709,0.7319326,4.9600267,8.4319944,0.1489287,0.2268487,0.8704028,0.4108028
gait_20260920_035116_owner_phone_shake_1,owner_phone_shake_1,2533358778485564,2026-09-20T03:51:59.118567Z,0.2194435,-0.1827075,11.3344498,-2.4713063,-2.0838864,0.0248976,0.9749038,3.9822867,8.9121857,0.1375444,0.1714252,0.8792034,0.4227248
gait_20260920_035116_owner_phone_shake_1,owner_phone_shake_1,2533358798670094,2026-09-20T03:51:59.138555Z,0.1805378,0.5601684,14.1768160,-2.6692212,-1.8041841,0.1290011,1.2980045,3.4779990,9.0804634,0.1425471,0.1393763,0.8814530,0.4281300
gait_20260920_035116_owner_phone_shake_1,owner_phone_shake_1,2533358818835479,2026-09-20T03:51:59.159438Z,-0.6552631,0.9872341,17.5411186,-2.9268239,-1.3659866,0.0538920,1.5332987,2.9238274,9.2377663,0.1419517,0.1070946,0.8834158,0.4335402
gait_20260920_035116_owner_phone_shake_1,owner_phone_shake_1,2533358839008717,2026-09-20T03:51:59.179158Z,-0.6153846,1.2287492,19.8430691,-2.8653209,-0.8513143,0.1587450,1.6757792,2.3836014,9.3673010,0.1369437,0.0768972,0.8854840,0.4373230
gait_20260920_035116_owner_phone_shake_1,owner_phone_shake_1,2533358859185820,2026-09-20T03:51:59.199261Z,0.0647931,2.3710828,19.8612499,-2.3456359,0.0426007,0.4985180,1.6514497,1.9367379,9.4740629,0.1267663,0.0545626,0.8891234,0.4363634
gait_20260920_035116_owner_phone_shake_1,owner_phone_shake_1,2533358879354684,2026-09-20T03:51:59.219497Z,0.2532617,4.3834839,18.5281277,-1.7667295,0.9684079,0.7823172,1.4629271,1.5914812,9.5688629,0.1105278,0.0417823,0.8945767,0.4310109
gait_20260920_035116_owner_phone_shake_1,owner_phone_shake_1,2533358899513640,2026-09-20T03:51:59.239486Z,0.4815338,5.8719292,17.3385849,-1.3288484,1.2918767,0.8843557,1.2315879,1.3300165,9.6410770,0.0929549,0.0346491,0.9003313,0.4237482
gait_20260920_035116_owner_phone_shake_1,owner_phone_shake_1,2533358919691985,2026-09-20T03:51:59.257294Z,0.4337994,6.2853780,16.1711121,-0.9033244,1.0959935,0.7297574,1.0850872,1.1937946,9.6764431,0.0790321,0.0306035,0.9048213,0.4172720
gait_20260920_035116_owner_phone_shake_1,owner_phone_shake_1,2533358939852630,2026-09-20T03:51:59.277406Z,0.5410148,6.1165118,14.6220627,-0.4359159,0.9003267,0.4949707,0.9180417,1.1007966,9.7047176,0.0690532,0.0301843,0.9077488,0.4126897
gait_20260920_035116_owner_phone_shake_1,owner_phone_shake_1,2533358960029672,2026-09-20T03:51:59.297698Z,0.7319524,5.9698672,13.6448545,-0.1527330,0.7550714,0.3888520,0.7751892,1.0729696,9.7202845,0.0616441,0.0321377,0.9098793,0.4090073
gait_20260920_035116_owner_phone_shake_1,owner_phone_shake_1,2533358980197967,2026-09-20T03:51:59.318258Z,1.0639982,5.8616042,13.6309385,-0.0440496,0.5719118,0.3927490,0.6690382,1.0659512,9.7289381,0.0563774,0.0342455,0.9118391,0.4052140
gait_20260920_035116_owner_phone_shake_1,owner_phone_shake_1,2533359000366912,2026-09-20T03:51:59.338092Z,0.9475053,5.4374566,13.5491619,0.1544983,0.4527197,0.3468342,0.5876449,1.0946616,9.7310066,0.0530096,0.0374597,0.9134818,0.4016687
gait_20260920_035116_owner_phone_shake_1,owner_phone_shake_1,2533359020535938,2026-09-20T03:51:59.358086Z,0.8853309,4.9199347,12.8382330,0.4782169,0.4039738,0.2960398,0.5169924,1.1870673,9.7241812,0.0514558,0.0433959,0.9146757,0.3985442
gait_20260920_035116_owner_phone_shake_1,owner_phone_shake_1,2533359040704599,2026-09-20T03:51:59.378083Z,0.7966706,4.8660655,11.8776350,0.7771212,0.4792494,0.3369918,0.4334041,1.3414583,9.7081795,0.0504938,0.0525291,0.9158489,0.3948568
gait_20260920_035116_owner_phone_shake_1,owner_phone_shake_1,2533359060848438,2026-09-20T03:51:59.398782Z,1.1728595,5.1391540,11.1982803,0.9278057,0.5508112,0.4571330,0.3397559,1.5267385,9.6845112,0.0495321,0.0633863,0.9173325,0.3899098
gait_20260920_035116_owner_phone_shake_1,owner_phone_shake_1,2533359081041879,2026-09-20T03:51:59.419094Z,1.6350901,5.3333087,10.6028719,1.0295444,0.6397098,0.5611700,0.2372671,1.7303025,9.6532831,0.0483137,0.0753550,0.9190991,0.3837242
gait_20260920_035116_owner_phone_shake_1,owner_phone_shake_1,2533359101210621,2026-09-20T03:51:59.438858Z,1.5925182,5.4490533,10.0382891,1.1578294,0.6744332,0.5438166,0.1294844,1.9591507,9.6115074,0.0471956,0.0886555,0.9205757,0.3774298
gait_20260920_035116_owner_phone_shake_1,owner_phone_shake_1,2533359121379526,2026-09-20T03:51:59.459324Z,1.4010569,5.1194768,8.9797525,1.3261504,0.7348702,0.4622125,0.0147701,2.2242215,9.5545139,0.0463697,0.1038424,0.9213630,0.3716946
gait_20260920_035116_owner_phone_shake_1,owner_phone_shake_1,2533359141549244,2026-09-20T03:51:59.479111Z,0.9790040,4.9143982,7.9713449,1.3833733,0.7692438,0.3443361,0.2052295,3.1845472,9.2764568,0.0728108,0.1479253,0.9173989,0.3622098
gait_20260920_035116_owner_phone_shake_1,owner_phone_shake_1,2533359161718066,2026-09-20T03:51:59.499982Z,0.4219032,4.8460140,7.8671222,1.2788200,0.6318991,0.2869135,0.1159386,3.4692800,9.1753340,0.0733808,0.1640616,0.9164920,0.3574094
gait_20260920_035116_owner_phone_shake_1,owner_phone_shake_1,2533359181887094,2026-09-20T03:51:59.519797Z,0.2561796,4.7811460,8.4676933,1.1882395,0.2982714,0.3102456,0.0915050,3.7901933,9.0477715,0.0777631,0.1809241,0.9145706,0.3532424
gait_20260920_035116_owner_phone_shake_1,owner_phone_shake_1,2533359202032886,2026-09-20T03:51:59.539479Z,0.1856254,4.7150064,8.9676323,1.2570367,-0.0541918,0.3269162,0.1273616,4.0310884,8.9426069,0.0835822,0.1927431,0.9131526,0.3493086
gait_20260920_035116_owner_phone_shake_1,owner_phone_shake_1,2533359222197885,2026-09-20T03:51:59.559868Z,0.2566285,4.6863503,8.8126078,1.4536195,-0.2106053,0.3492657,0.1956753,4.2878919,8.8211002,0.0913326,0.2049163,0.9112877,0.3452860
gait_20260920_035116_owner_phone_shake_1,owner_phone_shake_1,2533359242394214,2026-09-20T03:51:59.579840Z,0.2127099,4.8845453,8.3386307,1.5680484,-0.2096227,0.3373581,0.2791877,4.6326823,8.6427088,0.0995226,0.2183220,0.9088867,0.3411097
gait_20260920_035116_owner_phone_shake_1,owner_phone_shake_1,2533359247411467,2026-09-20T03:51:59.584865Z,0.2798223,4.9893665,8.1171665,1.5680484,-0.2096227,0.3373581,0.2791877,4.6326823,8.6427088,0.0995226,0.2183220,0.9088867,0.3411097
gait_20260920_035116_owner_phone_shake_1,owner_phone_shake_1,2533359267604541,2026-09-20T03:51:59.605155Z,0.3815759,5.1825490,7.8618851,1.5022322,-0.0752923,0.3151585,0.3164787,4.8879261,8.4996548,0.1062874,0.2315780,0.9064251,0.3368507
gait_20260920_035116_owner_phone_shake_1,owner_phone_shake_1,2533359287773405,2026-09-20T03:51:59.625303Z,0.1926584,5.4146366,7.6850882,1.3492661,0.1008561,0.2354529,0.3160053,5.1114631,8.3671503,0.1106220,0.2440948,0.9040856,0.3328808
gait_20260920_035116_owner_phone_shake_1,owner_phone_shake_1,2533359307942106,2026-09-20T03:51:59.645332Z,-0.0227449,5.4405990,7.4969935,1.2219636,0.2116545,0.1364121,0.2910632,5.3123369,8.2419939,0.1131303,0.2558117,0.9016953,0.3297081
gait_20260920_035116_owner_phone_shake_1,owner_phone_shake_1,2533359328110807,2026-09-20T03:51:59.666815Z,-0.1206827,5.4337153,7.2343798,1.1601943,0.2096727,0.1028545,0.2681668,5.5018067,8.1175318,0.1152771,0.2669420,0.8992135,0.3269072
gait_20260920_035116_owner_phone_shake_1,owner_phone_shake_1,2533359348278939,2026-09-20T03:51:59.685799Z,-0.0490811,5.5347958,6.9759555,1.1407925,0.1461047,0.1169437,0.2605487,5.6857338,7.9900346,0.1179362,0.2776352,0.8966370,0.3241168
gait_20260920_035116_owner_phone_shake_1,owner_phone_shake_1,2533359368448332,2026-09-20T03:51:59.706010Z,0.0519243,5.9198880,7.1190839,1.1241052,0.0181361,0.1242048,0.2762076,5.8645945,7.8591576,0.1216888,0.2877475,0.8938752,0.3215283
gait_20260920_035116_owner_phone_shake_1,owner_phone_shake_1,2533359388616870,2026-09-20T03:51:59.725992Z,0.1660229,6.0195470,7.4129720,1.1425412,-0.1444893,0.0892150,0.3127515,6.0458493,7.7191968,0.1268215,0.2974202,0.8906586,0.3196638
gait_20260920_035116_owner_phone_shake_1,owner_phone_shake_1,2533359408786059,2026-09-20T03:51:59.746425Z,0.1234510,5.7580552,7.0841436,1.2880464,-0.2459282,-0.0031143,0.3497515,6.2488103,7.5542140,0.1331688,0.3080037,0.8864745,0.3186890
gait_20260920_035116_owner_phone_shake_1,owner_phone_shake_1,2533359428954109,2026-09-20T03:51:59.767004Z,-0.1254711,5.6450787,6.2412348,1.4021422,-0.2500917,-0.1107318,0.3693993,6.4632592,7.3706131,0.1396360,0.3198617,0.8812950,0.3186056
gait_20260920_035116_owner_phone_shake_1,owner_phone_shake_1,2533359449122404,2026-09-20T03:51:59.786716Z,-0.0665887,5.5897126,5.1998320,1.4083208,-0.1246378,-0.0861673,0.3724802,6.6705341,7.1834083,0.1450408,0.3321790,0.8761023,0.3179076
gait_20260920_035116_owner_phone_shake_1,owner_phone_shake_1,2533359469266162,2026-09-20T03:51:59.819148Z,0.2905962,5.6445551,3.8925979,1.3069152,0.0247977,-0.0247144,0.3617050,6.8563590,7.0068264,0.1490903,0.3440146,0.8714648,0.3161887
gait_20260920_035116_owner_phone_shake_1,owner_phone_shake_1,2533359489436450,2026-09-20T03:51:59.827637Z,0.3960907,5.9048495,2.8730421,1.0842192,0.2156015,-0.0137062,0.3366485,6.9729791,6.8920484,0.1508811,0.3546784,0.8677337,0.3138094
gait_20260920_035116_owner_phone_shake_1,owner_phone_shake_1,2533359509623054,2026-09-20T03:51:59.846977Z,0.4637269,5.8837504,2.3177369,0.7483099,0.2498752,-0.0848516,0.2775019,7.1019626,6.7617474,0.1507154,0.3639613,0.8644434,0.3123375
gait_20260920_035116_owner_phone_shake_1,owner_phone_shake_1,2533359529773812,2026-09-20T03:51:59.867236Z,0.2243068,5.6228576,2.3297079,0.4080373,0.0855678,-0.2414816,0.2330154,7.1565042,6.7056890,0.1506183,0.3679000,0.8621858,0.3140054
gait_20260920_035116_owner_phone_shake_1,owner_phone_shake_1,2533359549966438,2026-09-20T03:51:59.887457Z,0.0064344,5.2199583,2.6607063,0.1313327,-0.2160678,-0.3779271,0.2119180,7.1748104,6.6868000,0.1519098,0.3686942,0.8600171,0.3183690
gait_20260920_035116_owner_phone_shake_1,owner_phone_shake_1,2533359570126961,2026-09-20T03:51:59.907660Z,0.0692074,4.6351743,2.7074680,-0.0378876,-0.4714054,-0.4278888,0.2173746,7.1717887,6.6898656,0.1545917,0.3673999,0.8579369,0.3241345
gait_20260920_035116_owner_phone_shake_1,owner_phone_shake_1,2533359590303515,2026-09-20T03:51:59.927655Z,0.3202245,4.0889974,2.2423196,-0.1419079,-0.5267797,-0.4256905,0.2270582,7.1556253,6.7068305,0.1571214,0.3651801,0.8562049,0.3299538
gait_20260920_035116_owner_phone_shake_1,owner_phone_shake_1,2533359610473396,2026-09-20T03:51:59.947934Z,0.7427263,3.6499605,1.4723592,-0.2791861,-0.3498153,-0.4166307,0.2117949,7.1204686,6.7446408,0.1574607,0.3624095,0.8553377,0.3350564
gait_20260920_035116_owner_phone_shake_1,owner_phone_shake_1,2533359630620410,2026-09-20T03:51:59.968034Z,0.8848072,3.2707789,1.1562498,-0.5609868,-0.1096826,-0.4557841,0.1608680,7.0442519,6.8255949,0.1546759,0.3578999,0.8557642,0.3400744
gait_20260920_035116_owner_phone_shake_1,owner_phone_shake_1,2533359650810107,2026-09-20T03:51:59.988254Z,0.7389853,2.6045921,1.5022868,-0.9124674,-0.0346901,-0.5394366,0.0945907,6.9158659,6.9568644,0.1500583,0.3504524,0.8571755,0.3462889
gait_20260920_035116_owner_phone_shake_1,owner_phone_shake_1,2533359670979663,2026-09-20T03:52:00.008486Z,0.5157260,1.8327614,2.2549639,-1.1774311,-0.3046332,-0.6385607,0.0629345,6.7439790,7.1239662,0.1469056,0.3395000,0.8586061,0.3549000
gait_20260920_035116_owner_phone_shake_1,owner_phone_shake_1,2533359691127856,2026-09-20T03:52:00.028653Z,0.2653823,1.1052234,2.8159554,-1.3619230,-0.7542720,-0.6898214,0.0935417,6.5351977,7.3156371,0.1466213,0.3249909,0.8597234,0.3657306
gait_20260920_035116_owner_phone_shake_1,owner_phone_shake_1,2533359711317146,2026-09-20T03:52:00.048642Z,0.1138742,0.4974702,3.6664956,-1.7036612,-1.0143894,-0.7157848,0.1596816,6.2590575,7.5521393,0.1465308,0.3060147,0.8614016,0.3779828
gait_20260920_035116_owner_phone_shake_1,owner_phone_shake_1,2533359731486173,2026-09-20T03:52:00.072403Z,-0.0157868,-0.2088941,5.2486887,-2.2996378,-1.1116315,-0.7172337,0.2462926,5.8746138,7.8526659,0.1444592,0.2810420,0.8644013,0.3910977
gait_20260920_035116_owner_phone_shake_1,owner_phone_shake_1,2533359751630134,2026-09-20T03:52:00.089177Z,-0.3457377,-0.6290017,6.9455042,-2.7862983,-1.1304171,-0.5954937,0.3644295,5.4012966,8.1810331,0.1409678,0.2515882,0.8684478,0.4032738
gait_20260920_035116_owner_phone_shake_1,owner_phone_shake_1,2533359771797330,2026-09-20T03:52:00.109204Z,-0.3253122,-0.5337573,8.2035828,-2.8835902,-1.1521838,-0.3322787,0.5273040,4.9051733,8.4792299,0.1381249,0.2212280,0.8727444,0.4126706
gait_20260920_035116_owner_phone_shake_1,owner_phone_shake_1,2533359791966112,2026-09-20T03:52:00.129667Z,0.0392799,0.2843114,9.9651909,-2.8265674,-1.2316562,-0.1337309,0.6730961,4.0329041,8.9173279,0.1247922,0.1735922,0.8808448,0.4223802
gait_20260920_035116_owner_phone_shake_1,owner_phone_shake_1,2533359812160977,2026-09-20T03:52:00.149705Z,-0.1724573,1.0244191,12.9329538,-3.0066793,-1.4032913,-0.2117877,0.9126589,3.4722843,9.1294250,0.1236548,0.1402339,0.8829582,0.4306146
gait_20260920_035116_owner_phone_shake_1,owner_phone_shake_1,2533359832329678,2026-09-20T03:52:00.170017Z,-0.7963713,0.9638906,16.8772507,-3.2117722,-1.4367490,-0.3708325,1.1524427,2.8728542,9.3088503,0.1215165,0.1053644,0.8834877,0.4399791
gait_20260920_035116_owner_phone_shake_1,owner_phone_shake_1,2533359852499438,2026-09-20T03:52:00.191159Z,-1.8914942,1.2735656,21.0653095,-3.1146798,-1.4361495,-0.4127837,1.3963265,2.2974379,9.4344139,0.1197506,0.0719797,0.8827191,0.4486487
gait_20260920_035116_owner_phone_shake_1,owner_phone_shake_1,2533359872666836,2026-09-20T03:52:00.210754Z,-2.1789479,1.9756653,23.5650806,-2.6280029,-1.2546219,-0.1843920,1.6122127,1.8183248,9.5042400,0.1184726,0.0443647,0.8822249,0.4535144
gait_20260920_035116_owner_phone_shake_1,owner_phone_shake_1,2533359892835130,2026-09-20T03:52:00.231157Z,-1.6508769,2.9231706,23.4966202,-1.8928661,-0.6156616,0.2792027,1.7065262,1.4682946,9.5481930,0.1143748,0.0263282,0.8840263,0.4524631
gait_20260920_035116_owner_phone_shake_1,owner_phone_shake_1,2533359912980272,2026-09-20T03:52:00.250538Z,-1.0531495,4.0091658,21.2077637,-1.1570801,0.3926491,0.7773044,1.6118940,1.2426841,9.5965433,0.1044791,0.0190347,0.8888096,0.4458018
gait_20260920_035116_owner_phone_shake_1,owner_phone_shake_1,2533359933173753,2026-09-20T03:52:00.270775Z,-0.5965303,4.8828998,18.1012878,-0.5709791,1.1935188,1.0735940,1.3771467,1.1211833,9.6479282,0.0905687,0.0198459,0.8951448,0.4360268
gait_20260920_035116_owner_phone_shake_1,owner_phone_shake_1,2533359953342658,2026-09-20T03:52:00.290985Z,-0.0869394,5.5367413,15.4920559,-0.1870234,1.5398366,1.1351302,1.0919565,1.0734794,9.6897564,0.0759743,0.0249006,0.9014169,0.4255062
gait_20260920_035116_owner_phone_shake_1,owner_phone_shake_1,2533359973510830,2026-09-20T03:52:00.311459Z,0.3792565,5.7904515,14.3529396,-0.0153382,1.3705331,1.0743600,0.8559510,1.0630668,9.7145939,0.0644320,0.0302427,0.9068109,0.4154851
gait_20260920_035116_owner_phone_shake_1,owner_phone_shake_1,2533359993657925,2026-09-20T03:52:00.333349Z,0.8612393,5.6758294,14.2255983,0.1637745,0.8705162,0.9935719,0.7251670,1.0958111,9.7215967,0.0586596,0.0351121,0.9112567,0.4061251
gait_20260920_035116_owner_phone_shake_1,owner_phone_shake_1,2533360013848110,2026-09-20T03:52:00.351718Z,1.5203180,5.2780175,14.1289320,0.5053961,0.3768779,0.9279889,0.6884555,1.2034415,9.7115326,0.0587814,0.0414392,0.9148948,0.3972345
gait_20260920_035116_owner_phone_shake_1,owner_phone_shake_1,2533360034017138,2026-09-20T03:52:00.371650Z,1.7971476,4.8254385,13.2893162,0.9639447,0.1422743,0.8462182,0.6892979,1.4027871,9.6846876,0.0624501,0.0513184,0.9177258,0.3889033
gait_20260920_035116_owner_phone_shake_1,owner_phone_shake_1,2533360054186449,2026-09-20T03:52:00.392004Z,2.0134487,4.4196963,11.9980183,1.3328620,0.1505846,0.7222299,0.6805582,1.6698613,9.6428480,0.0669213,0.0646265,0.9197254,0.3813794
gait_20260920_035116_owner_phone_shake_1,owner_phone_shake_1,2533360074354214,2026-09-20T03:52:00.412001Z,1.8177228,4.1721959,10.6851721,1.5102760,0.3519470,0.6272693,0.6297784,1.9629622,9.5909472,0.0697791,0.0800566,0.9211749,0.3743777
gait_20260920_035116_owner_phone_shake_1,owner_phone_shake_1,2533360094523241,2026-09-20T03:52:00.432322Z,1.4033015,4.0330329,9.9737949,1.4438436,0.5225829,0.5181196,0.5469395,2.2364984,9.5359869,0.0706243,0.0951938,0.9221662,0.3681845
gait_20260920_035116_owner_phone_shake_1,owner_phone_shake_1,2533360114692348,2026-09-20T03:52:00.452553Z,1.2144588,3.8637927,9.8460798,1.3069985,0.6262701,0.4887255,0.4539081,2.4890642,9.4781132,0.0703954,0.1095756,0.9230295,0.3620143
gait_20260920_035116_owner_phone_shake_1,owner_phone_shake_1,2533360134861620,2026-09-20T03:52:00.472475Z,1.0115502,3.8209963,10.0659723,1.2418817,0.6594946,0.5023317,0.3558191,2.7229607,9.4178019,0.0694013,0.1232233,0.9238823,0.3555855
gait_20260920_035116_owner_phone_shake_1,owner_phone_shake_1,2533360155030402,2026-09-20T03:52:00.492804Z,1.0729765,3.9500587,9.8602200,1.3644544,0.6375781,0.6021386,0.2725349,2.9838836,9.3412132,0.0693190,0.1380704,0.9246815,0.3479879
gait_20260920_035116_owner_phone_shake_1,owner_phone_shake_1,2533360175198046,2026-09-20T03:52:00.512836Z,1.1100866,4.2871923,9.2010670,1.5846190,0.6059690,0.6711857,0.2156260,3.2982481,9.2364054,0.0710363,0.1552155,0.9250048,0.3394525
gait_20260920_035116_owner_phone_shake_1,owner_phone_shake_1,2533360195342047,2026-09-20T03:52:00.532758Z,1.3985879,4.6860514,8.2536364,1.7671791,0.5888987,0.7048432,0.5363883,3.9869938,8.9471941,0.0962357,0.1858231,0.9223577,0.3247534
gait_20260920_035116_owner_phone_shake_1,owner_phone_shake_1,2533360215537359,2026-09-20T03:52:00.553087Z,1.4374937,5.2531028,7.4842744,1.7794530,0.6170771,0.6664227,0.5227985,4.3445253,8.7799711,0.1003817,0.2054936,0.9210829,0.3151225
gait_20260920_035116_owner_phone_shake_1,owner_phone_shake_1,2533360235721564,2026-09-20T03:52:00.573247Z,1.4565724,5.5918827,7.0881839,1.6448230,0.6357961,0.5969592,0.4813067,4.6491194,8.6249723,0.1021554,0.2230398,0.9197058,0.3065270
gait_20260920_035116_owner_phone_shake_1,owner_phone_shake_1,2533360255848150,2026-09-20T03:52:00.593609Z,1.3928268,5.7950158,6.7416978,1.5265968,0.6129470,0.4822471,0.4303320,4.9174509,8.4775934,0.1029128,0.2389131,0.9180303,0.2992490
gait_20260920_035116_owner_phone_shake_1,owner_phone_shake_1,2533360276042365,2026-09-20T03:52:00.613600Z,1.1351509,5.8724532,6.3898249,1.4372820,0.5341907,0.3122274,0.3740515,5.1607666,8.3344278,0.1033148,0.2535142,0.9157975,0.2938904
gait_20260920_035116_owner_phone_shake_1,owner_phone_shake_1,2533360296223354,2026-09-20T03:52:00.634481Z,0.9184756,5.9083662,6.1049900,1.3602077,0.3813245,0.1530993,0.3309056,5.3870173,8.1918650,0.1045438,0.2669454,0.9129364,0.2904445
gait_20260920_035116_owner_phone_shake_1,owner_phone_shake_1,2533360316380255,2026-09-20T03:52:00.654296Z,0.6539164,5.9778728,6.0319667,1.2473109,0.1621258,0.0133897,0.3108184,5.5901442,8.0554209,0.1070842,0.2786792,0.9096102,0.2889298
gait_20260920_035116_owner_phone_shake_1,owner_phone_shake_1,2533360336548631,2026-09-20T03:52:00.674595Z,0.5295675,6.0103440,6.3346834,1.1041706,-0.0331246,-0.0721447,0.3123133,5.7674952,7.9293485,0.1106891,0.2886065,0.9061339,0.2887487
gait_20260920_035116_owner_phone_shake_1,owner_phone_shake_1,2533360356713751,2026-09-20T03:52:00.694416Z,0.3254618,5.9382186,6.5565214,1.0232493,-0.1579456,-0.1491857,0.3207999,5.9294047,7.8086715,0.1147672,0.2975223,0.9024532,0.2896329
gait_20260920_035116_owner_phone_shake_1,owner_phone_shake_1,2533360376862433,2026-09-20T03:52:00.714617Z,0.1403601,5.7249851,6.5015297,1.0146558,-0.2264098,-0.2524899,0.3247278,6.0904684,7.6835442,0.1190884,0.3064021,0.8982562,0.2916705
gait_20260920_035116_owner_phone_shake_1,owner_phone_shake_1,2533360397029953,2026-09-20T03:52:00.734949Z,-0.1121534,5.4575830,6.2209592,1.0009830,-0.2809514,-0.3606403,0.3209104,6.2465453,7.5573673,0.1234318,0.3150508,0.8936315,0.2948399
gait_20260920_035116_owner_phone_shake_1,owner_phone_shake_1,2533360417225226,2026-09-20T03:52:00.756846Z,-0.3125181,5.2591634,5.7748895,0.9265400,-0.2612332,-0.4433936,0.2991214,6.3869357,7.4400063,0.1268754,0.3230689,0.8890077,0.2986547
gait_20260920_035116_owner_phone_shake_1,owner_phone_shake_1,2533360437392746,2026-09-20T03:52:00.775149Z,-0.4988170,4.9599628,5.2542253,0.7763551,-0.1530327,-0.4748361,0.2547255,6.5009923,7.3422294,0.1286857,0.3299852,0.8848934,0.3025120
gait_20260920_035116_owner_phone_shake_1,owner_phone_shake_1,2533360457561855,2026-09-20T03:52:00.795183Z,-0.6608745,4.7558570,4.9969983,0.5730276,-0.0712121,-0.4775341,0.1982007,6.5830932,7.2704687,0.1291780,0.3352852,0.8815168,0.3063086
gait_20260920_035116_owner_phone_shake_1,owner_phone_shake_1,2533360477758103,2026-09-20T03:52:00.815290Z,-0.6802526,4.5721769,4.7559319,0.4357994,-0.0128235,-0.3947309,0.1452068,6.6455879,7.2146516,0.1291057,0.3395221,0.8788774,0.3092429
gait_20260920_035116_owner_phone_shake_1,owner_phone_shake_1,2533360497900070,2026-09-20T03:52:00.835455Z,-0.6382792,4.5486093,4.2539725,0.4056558,0.0403857,-0.3197217,0.0942063,6.7061248,7.1592684,0.1288070,0.3437576,0.8765297,0.3113444
gait_20260920_035116_owner_phone_shake_1,owner_phone_shake_1,2533360518068121,2026-09-20T03:52:00.855481Z,-0.3424457,4.5688100,3.3711109,0.4564169,0.0652500,-0.2410486,0.0514467,6.7752686,7.0943079,0.1288752,0.3485059,0.8741769,0.3126495
gait_20260920_035116_owner_phone_shake_1,owner_phone_shake_1,2533360538236618,2026-09-20T03:52:00.875785Z,-0.2806453,4.6832080,2.6580129,0.4157148,0.0211338,-0.2446459,0.0145526,6.8363438,7.0356450,0.1292429,0.3526282,0.8718497,0.3143689
gait_20260920_035116_owner_phone_shake_1,owner_phone_shake_1,2533360558405645,2026-09-20T03:52:00.896695Z,-0.2046294,4.7269025,2.3930047,0.2120375,-0.0736935,-0.2671453,-0.0110916,6.8654509,7.0072513,0.1297447,0.3544902,0.8700774,0.3169675
gait_20260920_035116_owner_phone_shake_1,owner_phone_shake_1,2533360578589727,2026-09-20T03:52:00.916241Z,-0.2696470,4.6868744,2.4800189,-0.0539587,-0.1854912,-0.3225195,-0.0293998,6.8561168,7.0163317,0.1301515,0.3536927,0.8689114,0.3208660
gait_20260920_035116_owner_phone_shake_1,owner_phone_shake_1,2533360598744513,2026-09-20T03:52:00.936325Z,-0.2787749,4.4672809,3.0034511,-0.2819673,-0.3417215,-0.3945477,-0.0338194,6.8148227,7.0564280,0.1310254,0.3504796,0.8680678,0.3262742
gait_20260920_035116_owner_phone_shake_1,owner_phone_shake_1,2533360618912969,2026-09-20T03:52:00.956548Z,-0.1381155,4.0153008,3.5134909,-0.4022084,-0.5116579,-0.4606970,-0.0229459,6.7569685,7.1118884,0.1326966,0.3458083,0.8671684,0.3329074
gait_20260920_035116_owner_phone_shake_1,owner_phone_shake_1,2533360639080857,2026-09-20T03:52:00.976542Z,-0.2936638,3.5717001,3.7158010,-0.4420446,-0.5442829,-0.5477470,-0.0218174,6.6922679,7.1728096,0.1339566,0.3408194,0.8660547,0.3403630
gait_20260920_035116_owner_phone_shake_1,owner_phone_shake_1,2533360659250982,2026-09-20T03:52:00.998044Z,-0.5858312,3.2615013,3.9160161,-0.5496288,-0.5054960,-0.6181097,-0.0361571,6.6070313,7.2513418,0.1340421,0.3348829,0.8651523,0.3484217
gait_20260920_035116_owner_phone_shake_1,owner_phone_shake_1,2533360679403203,2026-09-20T03:52:01.017029Z,-0.6405238,2.9843724,4.3941083,-0.8024517,-0.4863606,-0.6147956,-0.0477104,6.4782219,7.3665786,0.1330499,0.3264259,0.8651943,0.3566267
gait_20260920_035116_owner_phone_shake_1,owner_phone_shake_1,2533360699562221,2026-09-20T03:52:01.037737Z,-0.5738602,2.9043911,5.4102974,-1.1340309,-0.5521103,-0.5433170,-0.0328704,6.2950344,7.5238004,0.1317580,0.3144877,0.8664389,0.3647204
gait_20260920_035116_owner_phone_shake_1,owner_phone_shake_1,2533360719751144,2026-09-20T03:52:01.057345Z,-0.3652654,2.9843724,6.5512838,-1.3721985,-0.6359793,-0.4115680,0.0177103,6.0745049,7.7029982,0.1308534,0.3000505,0.8685954,0.3720068
gait_20260920_035116_owner_phone_shake_1,owner_phone_shake_1,2533360739919561,2026-09-20T03:52:01.077897Z,0.0352397,3.1035588,7.3144360,-1.4117682,-0.7416317,-0.2732573,0.1064752,5.8482828,7.8754272,0.1312837,0.2848784,0.8709077,0.3783236
gait_20260920_035116_owner_phone_shake_1,owner_phone_shake_1,2533360760093877,2026-09-20T03:52:01.097899Z,0.3810522,3.3441761,7.6086235,-1.3457687,-0.7665293,-0.2404657,0.2008814,5.6297998,8.0312576,0.1320419,0.2702595,0.8728051,0.3843645
gait_20260920_035116_owner_phone_shake_1,owner_phone_shake_1,2533360780262782,2026-09-20T03:52:01.117965Z,-0.0282067,3.3239748,7.8812633,-1.4182299,-0.6530163,-0.3947309,0.2567758,5.3911624,8.1917973,0.1307182,0.2554005,0.8741884,0.3917624
gait_20260920_035116_owner_phone_shake_1,owner_phone_shake_1,2533360800410609,2026-09-20T03:52:01.138084Z,-0.9150339,2.8814967,8.9022408,-1.6667894,-0.6350800,-0.6048032,0.2425164,5.0275984,8.4202461,0.1235610,0.2354065,0.8758894,0.4026590
gait_20260920_035116_owner_phone_shake_1,owner_phone_shake_1,2533360820589685,2026-09-20T03:52:01.158265Z,-1.0870423,2.5110686,10.0551987,-1.7257442,-0.8399897,-0.5792062,0.0588093,4.3159847,8.8093662,0.1005554,0.2018753,0.8796753,0.4186960
gait_20260920_035116_owner_phone_shake_1,owner_phone_shake_1,2533360840769292,2026-09-20T03:52:01.178162Z,-0.4800375,2.6461165,10.2147121,-1.4123011,-1.0761920,-0.3242182,0.2285620,4.0653739,8.9250546,0.1036505,0.1850759,0.8800412,0.4248895
gait_20260920_035116_owner_phone_shake_1,owner_phone_shake_1,2533360860944747,2026-09-20T03:52:01.198820Z,-0.3156605,3.1531637,10.0042467,-1.2204148,-1.0473307,-0.2429305,0.3907900,3.8376558,9.0197449,0.1066625,0.1697544,0.8801527,0.4302765
gait_20260920_035116_owner_phone_shake_1,owner_phone_shake_1,2533360881107508,2026-09-20T03:52:01.218899Z,-0.5985504,3.0327802,10.9673891,-1.4914404,-0.8813580,-0.3097460,0.5224249,3.5548377,9.1283245,0.1068655,0.1525241,0.8803618,0.4362103
gait_20260920_035116_owner_phone_shake_1,owner_phone_shake_1,2533360901275599,2026-09-20T03:52:01.239001Z,-0.9247604,2.5839422,12.6328554,-1.8023022,-0.8773277,-0.2941246,0.6657760,3.2156873,9.2440357,0.1060676,0.1325242,0.8808196,0.4419773
gait_20260920_035116_owner_phone_shake_1,owner_phone_shake_1,2533360921444504,2026-09-20T03:52:01.259529Z,-0.7795371,2.6488101,13.5692129,-1.6290849,-1.0592716,-0.1070180,0.8632599,2.9208171,9.3252192,0.1084740,0.1137425,0.8813258,0.4456016
gait_20260920_035116_owner_phone_shake_1,owner_phone_shake_1,2533360941613774,2026-09-20T03:52:01.279982Z,0.0190040,3.1155298,13.2458458,-1.1081841,-1.1217904,0.1402425,1.0801289,2.7235482,9.3622494,0.1137976,0.0994622,0.8819770,0.4464010
gait_20260920_035116_owner_phone_shake_1,owner_phone_shake_1,2533360961782393,2026-09-20T03:52:01.299681Z,0.0617255,3.6207812,12.9807634,-0.8972124,-0.8626889,0.1546648,1.2374446,2.5519402,9.3910837,0.1169652,0.0878167,0.8825444,0.4469036
gait_20260920_035116_owner_phone_shake_1,owner_phone_shake_1,2533360981951014,2026-09-20T03:52:01.319592Z,-0.5459528,3.4020858,13.5995893,-1.1170107,-0.5124074,0.0504447,1.3204522,2.3311524,9.4370670,0.1155789,0.0755305,0.8831390,0.4483330
gait_20260920_035116_owner_phone_shake_1,owner_phone_shake_1,2533361002119959,2026-09-20T03:52:01.339899Z,-1.2121395,3.0162451,14.2267952,-1.2680449,-0.2217634,0.0324751,1.3508388,2.0863090,9.4899235,0.1111605,0.0634235,0.8840272,0.4495739
gait_20260920_035116_owner_phone_shake_1,owner_phone_shake_1,2533361022289108,2026-09-20T03:52:01.360117Z,-1.1231799,3.3654995,14.4672632,-1.1307169,-0.0745595,0.1944343,1.3655599,1.8696095,9.5328856,0.1065807,0.0532605,0.8857090,0.4486911
gait_20260920_035116_owner_phone_shake_1,owner_phone_shake_1,2533361042457727,2026-09-20T03:52:01.380093Z,-0.3281553,4.3313355,14.7724485,-0.9230760,-0.0479299,0.4870102,1.3885520,1.6862777,9.5637074,0.1030761,0.0447873,0.8885593,0.4447830
gait_20260920_035116_owner_phone_shake_1,owner_phone_shake_1,2533361062626917,2026-09-20T03:52:01.401244Z,0.6043115,5.2190604,15.4442472,-0.7401495,-0.0022649,0.7017789,1.4083478,1.5332351,9.5865459,0.1001438,0.0379687,0.8921008,0.4389601
gait_20260920_035116_owner_phone_shake_1,owner_phone_shake_1,2533361082795781,2026-09-20T03:52:01.420719Z,0.8361750,5.7271547,16.3413239,-0.5504448,0.0412850,0.6488695,1.4136910,1.4211844,9.6030111,0.0976046,0.0332624,0.8951079,0.4337615
gait_20260920_035116_owner_phone_shake_1,owner_phone_shake_1,2533361102963872,2026-09-20T03:52:01.441005Z,0.6392518,5.8730516,17.1593189,-0.3033842,0.2264764,0.4926725,1.3722396,1.3631905,9.6174202,0.0942050,0.0319450,0.8974886,0.4296732
gait_20260920_035116_owner_phone_shake_1,owner_phone_shake_1,2533361123133834,2026-09-20T03:52:01.460570Z,0.5324106,6.0931687,17.9791088,-0.0546415,0.4882592,0.4308532,1.2758182,1.3552420,9.6318073,0.0893743,0.0341165,0.8998492,0.4255816
gait_20260920_035116_owner_phone_shake_1,owner_phone_shake_1,2533361143302087,2026-09-20T03:52:01.480788Z,1.0002526,6.2965260,18.3540993,0.2400327,0.8280155,0.5246146,1.1143537,1.4059278,9.6445684,0.0827183,0.0405048,0.9028451,0.4199853
gait_20260920_035116_owner_phone_shake_1,owner_phone_shake_1,2533361163471562,2026-09-20T03:52:01.500841Z,1.2464813,6.4871645,18.0481663,0.6617929,1.2151521,0.6344971,0.8849191,1.5434771,9.6473160,0.0746094,0.0524251,0.9062362,0.4128209
gait_20260920_035116_owner_phone_shake_1,owner_phone_shake_1,2533361183614343,2026-09-20T03:52:01.521991Z,1.6959926,6.4772134,17.1321583,1.1993476,1.3295811,0.6985148,0.6496969,1.7912569,9.6231699,0.0683295,0.0695975,0.9093003,0.4045494
gait_20260920_035116_owner_phone_shake_1,owner_phone_shake_1,2533361208851485,2026-09-20T03:52:01.546688Z,1.9818753,6.2261963,15.4292088,1.7627159,1.2208312,0.6984148,0.6496969,1.7912569,9.6231699,0.0683295,0.0695975,0.9093003,0.4045494
gait_20260920_035116_owner_phone_shake_1,owner_phone_shake_1,2533361228993982,2026-09-20T03:52:01.566743Z,2.1256771,5.5803604,13.7990561,2.1834269,1.1202582,0.6454887,0.3522764,2.3528955,9.5171366,0.0649403,0.1031837,0.9119827,0.3916932
gait_20260920_035116_owner_phone_shake_1,owner_phone_shake_1,2533361249188359,2026-09-20T03:52:01.587248Z,2.0950012,4.6605382,12.0304146,2.4025590,1.0850852,0.5507113,0.1781835,2.8004553,9.4000959,0.0649980,0.1287168,0.9122116,0.3835065
gait_20260920_035116_owner_phone_shake_1,owner_phone_shake_1,2533361269357222,2026-09-20T03:52:01.607002Z,2.0193596,3.7419877,9.7536039,2.5498793,1.2554213,0.4585653,-0.0117500,3.2723153,9.2481308,0.0645703,0.1559785,0.9112427,0.3756840
gait_20260920_035116_owner_phone_shake_1,owner_phone_shake_1,2533361289525964,2026-09-20T03:52:01.627147Z,1.3552678,3.2074072,7.3109941,2.5966434,1.4892088,0.3325119,-0.2430408,3.7536576,9.0601931,0.0621432,0.1848572,0.9090931,0.3681248
gait_20260920_035116_owner_phone_shake_1,owner_phone_shake_1,2533361309695642,2026-09-20T03:52:01.648382Z,0.7552210,2.9176340,5.3974285,2.4945052,1.6333983,0.2674950,-0.5118985,4.2163548,8.8428736,0.0573207,0.2139585,0.9059528,0.3608124
gait_20260920_035116_owner_phone_shake_1,owner_phone_shake_1,2533361329863977,2026-09-20T03:52:01.667759Z,0.5871031,2.7713633,3.9787142,2.2649477,1.5295945,0.2722747,-0.7687851,4.6329651,8.6128225,0.0518560,0.2409487,0.9023950,0.3534656
gait_20260920_035116_owner_phone_shake_1,owner_phone_shake_1,2533361350032556,2026-09-20T03:52:01.688017Z,0.4275146,2.6071360,3.1619174,2.0366061,1.2054596,0.2916932,-0.9685703,4.9989805,8.3849974,0.0479347,0.2646176,0.8987393,0.3463346
gait_20260920_035116_owner_phone_shake_1,owner_phone_shake_1,2533361370201298,2026-09-20T03:52:01.709079Z,0.3419968,2.6573393,2.6390836,1.8838897,0.7665626,0.3087301,-1.0875434,5.3256464,8.1664467,0.0472644,0.2849512,0.8949006,0.3401794
gait_20260920_035116_owner_phone_shake_1,owner_phone_shake_1,2533361390370406,2026-09-20T03:52:01.728271Z,0.0650175,3.0917375,2.5048587,1.7663298,0.3544784,0.2899112,-1.1288217,5.6275349,7.9556727,0.0501512,0.3027190,0.8908381,0.3350427
gait_20260920_035116_owner_phone_shake_1,owner_phone_shake_1,2533361410519534,2026-09-20T03:52:01.749562Z,-0.1583914,2.9491327,2.3632267,1.5386542,0.0472138,0.1233721,-1.1226987,5.8923154,7.7624912,0.0553233,0.3176895,0.8864410,0.3320169
gait_20260920_035116_owner_phone_shake_1,owner_phone_shake_1,2533361430708459,2026-09-20T03:52:01.768547Z,-0.8025813,2.7682958,2.3009775,1.2273262,-0.0557906,-0.0927622,-1.1179249,6.0978742,7.6027818,0.0601786,0.3293906,0.8819505,0.3317285
gait_20260920_035116_owner_phone_shake_1,owner_phone_shake_1,2533361450877323,2026-09-20T03:52:01.788963Z,-1.3236942,2.9067104,2.3882911,0.9642278,-0.0908471,-0.1691870,-1.1287076,6.2515230,7.4753323,0.0636890,0.3384579,0.8778440,0.3328361
gait_20260920_035116_owner_phone_shake_1,owner_phone_shake_1,2533361471020878,2026-09-20T03:52:01.820323Z,-1.2763339,2.9157636,2.1272483,0.8621893,-0.1653400,-0.1320655,-1.1294311,6.3784499,7.3672161,0.0672117,0.3458322,0.8742271,0.3340803
gait_20260920_035116_owner_phone_shake_1,owner_phone_shake_1,2533361491189619,2026-09-20T03:52:01.829150Z,-1.1544541,3.1546600,1.4986206,0.8647873,-0.3065151,-0.0943777,-1.1078793,6.5036793,7.2602253,0.0718827,0.3527068,0.8706367,0.3352949
gait_20260920_035116_owner_phone_shake_1,owner_phone_shake_1,2533361511371179,2026-09-20T03:52:01.850337Z,-0.7369652,3.5590556,1.0946739,0.7707927,-0.4692071,-0.0270126,-1.0524031,6.6237068,7.1592646,0.0782573,0.3585983,0.8671655,0.3366112
gait_20260920_035116_owner_phone_shake_1,owner_phone_shake_1,2533361531527510,2026-09-20T03:52:01.875397Z,-0.2852093,4.0057240,1.5065514,0.4602640,-0.5863673,0.0047464,-0.9724879,6.7104468,7.0894489,0.0851455,0.3619823,0.8645340,0.3380829
gait_20260920_035116_owner_phone_shake_1,owner_phone_shake_1,2533361551721194,2026-09-20T03:52:01.889261Z,-0.1357213,4.2501569,2.3993642,0.0713287,-0.6706028,-0.0590048,-0.8828048,6.7394929,7.0736132,0.0913946,0.3615862,0.8631552,0.3403904
gait_20260920_035116_owner_phone_shake_1,owner_phone_shake_1,2533361566822839,2026-09-20T03:52:01.905347Z,-0.4570681,4.3044004,3.3547256,-0.2652301,-0.7713755,-0.2358526,-0.7986844,6.7134528,7.1082883,0.0967255,0.3577540,0.8624574,0.3447080
gait_20260920_035116_owner_phone_shake_1,owner_phone_shake_1,2533361587038822,2026-09-20T03:52:01.925567Z,-0.7574655,4.1049337,3.8826470,-0.5369552,-0.7634483,-0.4033909,-0.7129686,6.5934200,7.2287345,0.1013066,0.3496177,0.8619694,0.3528642
gait_20260920_035116_owner_phone_shake_1,owner_phone_shake_1,2533361607160485,2026-09-20T03:52:01.944583Z,-1.0828525,3.9517796,4.4282255,-0.7756389,-0.6533827,-0.4869435,-0.6892689,6.4665408,7.3447170,0.1025576,0.3411705,0.8621424,0.3602709
gait_20260920_035116_owner_phone_shake_1,owner_phone_shake_1,2533361627355879,2026-09-20T03:52:01.964835Z,-1.1358991,3.9849243,4.7839141,-0.9482734,-0.4847952,-0.4365321,-0.6787042,6.3144026,7.4768834,0.1016489,0.3316821,0.8631747,0.3668567
gait_20260920_035116_owner_phone_shake_1,owner_phone_shake_1,2533361647520755,2026-09-20T03:52:01.985065Z,-1.0901099,4.2591352,5.2213049,-1.0576395,-0.4677249,-0.3463179,-0.6501987,6.1456714,7.6186662,0.1003526,0.3212198,0.8648635,0.3725030
gait_20260920_035116_owner_phone_shake_1,owner_phone_shake_1,2533361667705326,2026-09-20T03:52:02.005870Z,-0.9647136,4.5874400,6.0697503,-1.1483366,-0.7023618,-0.2764049,-0.5670671,5.9619293,7.7698097,0.1008688,0.3090150,0.8667378,0.3782866
gait_20260920_035116_owner_phone_shake_1,owner_phone_shake_1,2533361687836103,2026-09-20T03:52:02.025197Z,-0.5609165,4.8335190,7.1496100,-1.1744500,-1.0994408,-0.1900211,-0.4030799,5.7743683,7.9202471,0.1049506,0.2947832,0.8684744,0.3845006
gait_20260920_035116_owner_phone_shake_1,owner_phone_shake_1,2533361708031131,2026-09-20T03:52:02.045810Z,0.2100912,4.9035497,8.0277586,-1.0714623,-1.4053231,-0.0955601,-0.1792444,5.6045036,8.0494423,0.1127558,0.2798727,0.8697004,0.3906131
gait_20260920_035116_owner_phone_shake_1,owner_phone_shake_1,2533361728199384,2026-09-20T03:52:02.065741Z,0.8470237,4.9090114,8.6242142,-0.9205613,-1.3948811,-0.0778237,0.0544124,5.4449677,8.1599922,0.1215880,0.2654931,0.8704587,0.3962723
gait_20260920_035116_owner_phone_shake_1,owner_phone_shake_1,2533361748368736,2026-09-20T03:52:02.086144Z,0.9776573,4.7233109,8.5015106,-0.7756389,-1.0767416,-0.1628419,0.2606581,5.2792912,8.2642155,0.1294016,0.2514188,0.8711742,0.4013718
gait_20260920_035116_owner_phone_shake_1,owner_phone_shake_1,2533361768537723,2026-09-20T03:52:02.106325Z,0.4785411,4.5224972,8.3084040,-0.7766548,-0.6241550,-0.3577259,0.3138391,5.1468892,8.3454866,0.1315238,0.2417139,0.8710060,0.4069699
gait_20260920_035116_owner_phone_shake_1,owner_phone_shake_1,2533361788706505,2026-09-20T03:52:02.127037Z,-0.1464952,4.0597429,8.2480993,-0.9461749,-0.3339108,-0.5295775,0.3052446,4.9836874,8.4442759,0.1293822,0.2328587,0.8706058,0.4136214
gait_20260920_035116_owner_phone_shake_1,owner_phone_shake_1,2533361808849531,2026-09-20T03:52:02.146366Z,-0.4703110,3.8428433,8.7675667,-1.1632919,-0.1913867,-0.5878329,0.2445275,4.7467699,8.5816374,0.1241632,0.2224567,0.8705980,0.4208988
gait_20260920_035116_owner_phone_shake_1,owner_phone_shake_1,2533361829018069,2026-09-20T03:52:02.166463Z,-0.2191443,3.8899045,9.1630592,-1.2245116,-0.1930354,-0.5121576,0.1749374,4.4725237,8.7293777,0.1133434,0.2085537,0.8716195,0.4288800
gait_20260920_035116_owner_phone_shake_1,owner_phone_shake_1,2533361849213260,2026-09-20T03:52:02.186800Z,-0.2427122,3.9814825,8.9156332,-1.0381877,-0.1998469,-0.4306034,0.1731326,4.2947998,8.8182106,0.1094043,0.1987904,0.8717411,0.4342586
gait_20260920_035116_owner_phone_shake_1,owner_phone_shake_1,2533361869381025,2026-09-20T03:52:02.207315Z,-0.5205892,3.8942440,8.7421284,-0.8701332,-0.3205044,-0.4398629,0.1959861,4.1449361,8.8891621,0.1073225,0.1902837,0.8711990,0.4396435
gait_20260920_035116_owner_phone_shake_1,owner_phone_shake_1,2533361889550051,2026-09-20T03:52:02.227184Z,-0.6732944,3.4839375,9.0124483,-0.8477670,-0.5163377,-0.4532360,0.2342952,3.9837775,8.9616251,0.1065634,0.1812505,0.8702275,0.4455297
gait_20260920_035116_owner_phone_shake_1,owner_phone_shake_1,2533361909718712,2026-09-20T03:52:02.247387Z,-1.0218004,2.9306526,8.9862623,-0.8772944,-0.6317326,-0.4384474,0.1475007,3.7250478,9.0740490,0.0988026,0.1704903,0.8696636,0.4526105
gait_20260920_035116_owner_phone_shake_1,owner_phone_shake_1,2533361929887779,2026-09-20T03:52:02.267491Z,-1.4134768,2.5200469,9.1378450,-0.9881927,-0.6404592,-0.3694835,0.0083416,3.4182782,9.1951847,0.0881372,0.1590718,0.8695922,0.4590614
gait_20260920_035116_owner_phone_shake_1,owner_phone_shake_1,2533361950051272,2026-09-20T03:52:02.287599Z,-1.5890018,2.2569091,9.6664400,-1.2204314,-0.6172436,-0.2327716,-0.3671498,2.9141259,9.3599777,0.0570634,0.1447584,0.8711383,0.4657326
gait_20260920_035116_owner_phone_shake_1,owner_phone_shake_1,2533361970206504,2026-09-20T03:52:02.308636Z,-1.6468366,2.3519292,10.9846725,-1.5166378,-0.5703296,-0.0490957,-0.2763835,2.6059439,9.4535065,0.0514232,0.1288876,0.8727314,0.4680636
gait_20260920_035116_owner_phone_shake_1,owner_phone_shake_1,2533361990394371,2026-09-20T03:52:02.327896Z,-1.3172598,2.6202292,12.9534540,-1.7150691,-0.6854914,0.2246612,-0.1280826,2.2755516,9.5415707,0.0493286,0.1104015,0.8754453,0.4679464
gait_20260920_035116_owner_phone_shake_1,owner_phone_shake_1,2533362010563072,2026-09-20T03:52:02.348242Z,-0.3731214,2.9678376,13.8663931,-1.4749365,-0.8168907,0.5939615,0.0611883,2.0045121,9.6028280,0.0498372,0.0927951,0.8793163,0.4644441
gait_20260920_035116_owner_phone_shake_1,owner_phone_shake_1,2533362030731936,2026-09-20T03:52:02.368287Z,0.2149544,3.6375406,13.9134541,-0.9873601,-0.8451857,0.8148589,0.2564389,1.8254993,9.6352425,0.0534612,0.0794785,0.8836134,0.4583147
gait_20260920_035116_owner_phone_shake_1,owner_phone_shake_1,2533362050901044,2026-09-20T03:52:02.388507Z,-0.0784849,4.0581717,14.8721828,-0.8939150,-0.7390836,0.7569366,0.4191793,1.6460463,9.6618280,0.0568593,0.0680026,0.8874133,0.4523720
gait_20260920_035116_owner_phone_shake_1,owner_phone_shake_1,2533362071069948,2026-09-20T03:52:02.408926Z,-0.4108301,3.8848166,17.1356754,-1.1492859,-0.4242416,0.7190323,0.5086323,1.4084830,9.6950283,0.0562877,0.0555143,0.8911317,0.4468043
gait_20260920_035116_owner_phone_shake_1,owner_phone_shake_1,2533362091238609,2026-09-20T03:52:02.428995Z,-0.3937714,3.9154177,18.7874508,-1.1864408,0.0556407,0.8093298,0.4984175,1.1726525,9.7269001,0.0510222,0.0442937,0.8953600,0.4401881
gait_20260920_035116_owner_phone_shake_1,owner_phone_shake_1,2533362111386924,2026-09-20T03:52:02.449341Z,-0.0166098,4.5655928,19.1783047,-0.8472674,0.6081840,1.0297109,0.3814314,1.0146565,9.7499275,0.0422841,0.0384251,0.9004752,0.4311381
gait_20260920_035116_owner_phone_shake_1,owner_phone_shake_1,2533362131552167,2026-09-20T03:52:02.469380Z,0.5881506,5.6752305,18.7262478,-0.3406057,1.0395367,1.2943414,0.1900307,0.9622351,9.7608452,0.0318066,0.0391341,0.9065750,0.4190211
gait_20260920_035116_owner_phone_shake_1,owner_phone_shake_1,2533362151739789,2026-09-20T03:52:02.489526Z,0.8611645,6.5517330,18.1335335,0.1130967,1.1950510,1.3687345,-0.0219066,1.0033261,9.7585335,0.0217998,0.0448535,0.9126959,0.4055849
gait_20260920_035116_owner_phone_shake_1,owner_phone_shake_1,2533362171908857,2026-09-20T03:52:02.509487Z,1.8503438,7.0895305,17.0930290,0.5267630,1.2274927,1.3061324,-0.2367689,1.1308998,9.7417202,0.0133101,0.0544130,0.9180141,0.3925712
gait_20260920_035116_owner_phone_shake_1,owner_phone_shake_1,2533362192057945,2026-09-20T03:52:02.529478Z,2.9034934,7.4703584,15.5251265,0.8801422,1.4170974,1.2257440,-0.4929297,1.3300822,9.7069054,0.0048146,0.0679846,0.9224879,0.3799619
gait_20260920_035116_owner_phone_shake_1,owner_phone_shake_1,2533362212251955,2026-09-20T03:52:02.549905Z,3.4971056,7.2604914,13.3995991,1.1401763,1.8562109,1.0855515,-0.8360108,1.5826172,9.6453362,-0.0067474,0.0855554,0.9258159,0.3681029
gait_20260920_035116_owner_phone_shake_1,owner_phone_shake_1,2533362232436322,2026-09-20T03:52:02.571722Z,3.4211645,6.6493716,11.0135527,1.4186295,2.2135537,0.8614233,-1.2388701,1.8914884,9.5458670,-0.0211078,0.1070742,0.9274541,0.3576571
gait_20260920_035116_owner_phone_shake_1,owner_phone_shake_1,2533362252589886,2026-09-20T03:52:02.590035Z,2.8757355,5.9244523,9.0400562,1.6710196,2.1607108,0.6000901,-1.6154596,2.2421870,9.4127045,-0.0345742,0.1308048,0.9271232,0.3494818
gait_20260920_035116_owner_phone_shake_1,owner_phone_shake_1,2533362272739748,2026-09-20T03:52:02.610484Z,2.4153755,5.0793738,7.6736407,1.8454026,1.7747234,0.4003599,-1.2560513,3.0622816,9.2347641,-0.0093568,0.1649447,0.9306491,0.3264935
gait_20260920_035116_owner_phone_shake_1,owner_phone_shake_1,2533362292902101,2026-09-20T03:52:02.630365Z,1.7337761,4.4333134,6.6553569,1.9755861,1.3003702,0.2091231,-1.4144833,3.3476865,9.1119890,-0.0115337,0.1887949,0.9281659,0.3205177
gait_20260920_035116_owner_phone_shake_1,owner_phone_shake_1,2533362313096967,2026-09-20T03:52:02.650836Z,1.0101286,4.0644565,6.1843724,2.0267303,0.8476671,0.0404357,-1.5614415,3.7207139,8.9417171,-0.0126417,0.1998905,0.9262716,0.3192257
gait_20260920_035116_owner_phone_shake_1,owner_phone_shake_1,2533362333265138,2026-09-20T03:52:02.670775Z,0.6910264,3.7836616,5.9454761,2.0301442,0.3922994,-0.0496453,-1.6307395,4.1728601,8.7272015,-0.0090927,0.2305142,0.9193993,0.3185677
gait_20260920_035116_owner_phone_shake_1,owner_phone_shake_1,2533362353435182,2026-09-20T03:52:02.691373Z,0.5901707,3.5850177,5.3924904,1.9837965,0.1715019,-0.1442728,-1.6672237,4.5121961,8.5496521,-0.0041780,0.2494389,0.9141695,0.3194637
gait_20260920_035116_owner_phone_shake_1,owner_phone_shake_1,2533362373597902,2026-09-20T03:52:02.711412Z,0.1029507,3.4792988,4.9265938,1.8243687,0.2328882,-0.2874131,-1.7349844,4.8084226,8.3728733,-0.0007978,0.2671083,0.9085118,0.3213391
gait_20260920_035116_owner_phone_shake_1,owner_phone_shake_1,2533362393746705,2026-09-20T03:52:02.731192Z,-0.9361328,3.3777697,5.1673608,1.6215074,0.2816675,-0.4241750,-1.8248844,5.0595636,8.2040672,0.0008512,0.2829286,0.9026463,0.3243153
gait_20260920_035116_owner_phone_shake_1,owner_phone_shake_1,2533362413940798,2026-09-20T03:52:02.751629Z,-1.2490251,2.9323733,5.5974941,1.6184598,0.1329481,-0.4344171,-1.8840907,5.3115883,8.0295296,0.0032576,0.2979068,0.8965135,0.3278788
gait_20260920_035116_owner_phone_shake_1,owner_phone_shake_1,2533362434110353,2026-09-20T03:52:02.772122Z,-1.2859856,2.6433482,4.8986864,1.9862612,-0.1970823,-0.2876962,-1.8725002,5.6309571,7.8116693,0.0103344,0.3146859,0.8895251,0.3310755
gait_20260920_035116_owner_phone_shake_1,owner_phone_shake_1,2533362454253786,2026-09-20T03:52:02.791526Z,-1.2724434,2.8031614,2.6060886,2.4964204,-0.3486328,-0.1086834,-1.8395262,5.9237022,7.6001329,0.0213590,0.3355876,0.8809445,0.3329590
gait_20260920_035116_owner_phone_shake_1,owner_phone_shake_1,2533362474422527,2026-09-20T03:52:02.811647Z,-1.2969091,3.4411411,0.5145289,2.6163118,-0.4976187,0.0501949,-1.7352576,6.4198155,7.2118621,0.0383524,0.3625729,0.8693539,0.3336075
gait_20260920_035116_owner_phone_shake_1,owner_phone_shake_1,2533362494636314,2026-09-20T03:52:02.832140Z,-1.5594484,4.1867104,0.5781997,2.1507351,-0.9352167,0.1086667,-1.5753119,6.7243252,6.9669180,0.0547765,0.3774455,0.8613523,0.3355694
gait_20260920_035116_owner_phone_shake_1,owner_phone_shake_1,2533362514785686,2026-09-20T03:52:02.852296Z,-1.4380922,4.3815389,2.5521443,1.5263637,-1.6683382,0.1223729,-1.3098764,6.9311996,6.8175364,0.0757679,0.3839143,0.8549191,0.3405620
gait_20260920_035116_owner_phone_shake_1,owner_phone_shake_1,2533362534955323,2026-09-20T03:52:02.872627Z,-1.1677719,4.4292731,4.4499230,1.2772878,-2.3498993,0.1346801,-0.9563510,7.1062846,6.6949406,0.1017932,0.3861011,0.8482456,0.3479132
gait_20260920_035116_owner_phone_shake_1,owner_phone_shake_1,2533362555123333,2026-09-20T03:52:02.893191Z,-0.9689783,4.1942673,4.7414918,1.4696405,-2.7068925,0.1231390,-0.5752079,7.3090034,6.5179529,0.1308602,0.3890938,0.8395546,0.3558510
gait_20260920_035116_owner_phone_shake_1,owner_phone_shake_1,2533362575267253,2026-09-20T03:52:02.920230Z,-0.8825626,4.0466499,3.8141129,1.7242454,-2.4755030,0.1394431,-0.3217390,7.4787874,6.3403740,0.1515048,0.3932674,0.8321211,0.3605018
gait_20260920_035116_owner_phone_shake_1,owner_phone_shake_1,2533362595461590,2026-09-20T03:52:02.932801Z,-0.5078700,4.2430491,2.6853964,1.6162115,-1.9725552,0.2256771,0.0179083,7.7257104,6.0455928,0.1795324,0.4005785,0.8213779,0.3642025
gait_20260920_035116_owner_phone_shake_1,owner_phone_shake_1,2533362615627076,2026-09-20T03:52:02.952892Z,-0.1355717,4.7423148,2.2978351,1.0801723,-1.4870604,0.3424709,0.2414666,7.8420129,5.8890257,0.1960746,0.4028136,0.8160852,0.3651041
gait_20260920_035116_owner_phone_shake_1,owner_phone_shake_1,2533362635798626,2026-09-20T03:52:02.973334Z,-0.0258125,5.3072720,3.3604865,0.2907106,-1.1205081,0.3850216,0.4288108,7.8588738,5.8557949,0.2069702,0.3994682,0.8147072,0.3658427
gait_20260920_035116_owner_phone_shake_1,owner_phone_shake_1,2533362655942587,2026-09-20T03:52:02.993426Z,0.3298013,5.6426096,4.9014544,-0.2166007,-0.9899580,0.4692238,0.6219061,7.8197951,5.8906837,0.2159623,0.3924293,0.8155122,0.3664688
gait_20260920_035116_owner_phone_shake_1,owner_phone_shake_1,2533362676136963,2026-09-20T03:52:03.013477Z,0.8991724,5.9742064,5.5606084,-0.2591847,-1.2116549,0.4790163,0.8450484,7.7815161,5.9135451,0.2271324,0.3845728,0.8154867,0.3680981
gait_20260920_035116_owner_phone_shake_1,owner_phone_shake_1,2533362696306886,2026-09-20T03:52:03.033897Z,1.2264298,6.3151560,5.8731265,-0.1774807,-1.3925829,0.3190055,1.0598435,7.7539616,5.9151440,0.2392211,0.3770801,0.8139391,0.3716009
gait_20260920_035116_owner_phone_shake_1,owner_phone_shake_1,2533362716449341,2026-09-20T03:52:03.053804Z,0.8851812,6.2359977,6.8225770,-0.3042502,-1.3719487,0.1705027,1.2391487,7.6911669,5.9620943,0.2487411,0.3676204,0.8130204,0.3768038
gait_20260920_035116_owner_phone_shake_1,owner_phone_shake_1,2533362736631349,2026-09-20T03:52:03.074405Z,0.6899042,5.6910925,7.5038772,-0.4309365,-1.0880829,0.2508078,1.3169845,7.4466434,6.2489338,0.2470938,0.3483148,0.8179654,0.3854271
gait_20260920_035116_owner_phone_shake_1,owner_phone_shake_1,2533362756809123,2026-09-20T03:52:03.094472Z,1.0113257,5.5886655,7.3369565,-0.3367753,-0.7520903,0.5371884,1.4670104,7.3253126,6.3579702,0.2505247,0.3377033,0.8212501,0.3856710
gait_20260920_035116_owner_phone_shake_1,owner_phone_shake_1,2533362776975506,2026-09-20T03:52:03.114101Z,1.6997336,6.1727009,7.1136222,-0.2470274,-0.5570065,0.8087969,1.6614045,7.2171097,6.4334421,0.2554113,0.3280455,0.8252783,0.3821869
gait_20260920_035116_owner_phone_shake_1,owner_phone_shake_1,2533362797144369,2026-09-20T03:52:03.134194Z,2.1674259,6.7455883,7.2476225,-0.2826501,-0.4891252,0.8903011,1.8553067,7.1389756,6.4675326,0.2610677,0.3208033,0.8286117,0.3772688
gait_20260920_035116_owner_phone_shake_1,owner_phone_shake_1,2533362817318807,2026-09-20T03:52:03.154756Z,1.9014450,6.7991586,7.6644382,-0.4277555,-0.4885589,0.7199483,2.0163753,7.0517797,6.5148096,0.2655546,0.3132775,0.8313844,0.3743501
gait_20260920_035116_owner_phone_shake_1,owner_phone_shake_1,2533362837482829,2026-09-20T03:52:03.175350Z,1.4288895,6.5916114,8.2932901,-0.6132967,-0.4102356,0.5387205,2.1377730,6.9408751,6.5947156,0.2677215,0.3047902,0.8344080,0.3730840
gait_20260920_035116_owner_phone_shake_1,owner_phone_shake_1,2533362857657064,2026-09-20T03:52:03.195174Z,1.3991865,6.6568532,9.0107279,-0.7597012,-0.3282485,0.5567067,2.2552323,6.8089938,6.6923566,0.2689049,0.2954352,0.8381445,0.3713787
gait_20260920_035116_owner_phone_shake_1,owner_phone_shake_1,2533362877803630,2026-09-20T03:52:03.215426Z,1.7331775,7.1320276,9.3552685,-0.8381910,-0.0611864,0.6595612,2.3453722,6.6591849,6.8110638,0.2675500,0.2862684,0.8432354,0.3679965
gait_20260920_035116_owner_phone_shake_1,owner_phone_shake_1,2533362897994385,2026-09-20T03:52:03.235572Z,2.2861633,8.0801315,10.1027079,-0.9813147,0.2883790,0.7419314,2.3950193,6.4817662,6.9632387,0.2628601,0.2768856,0.8498569,0.3632939
gait_20260920_035116_owner_phone_shake_1,owner_phone_shake_1,2533362918163371,2026-09-20T03:52:03.255768Z,2.5707741,9.2027874,11.3768721,-1.1099495,0.5429673,0.7393668,2.4049325,6.2856956,7.1373978,0.2556826,0.2673776,0.8571306,0.3584169
gait_20260920_035116_owner_phone_shake_1,owner_phone_shake_1,2533362938333537,2026-09-20T03:52:03.275879Z,2.2503252,9.9048128,12.4463320,-1.0889156,0.6516007,0.5728776,2.3726151,6.1034360,7.3044429,0.2473329,0.2591437,0.8636311,0.3547006
gait_20260920_035116_owner_phone_shake_1,owner_phone_shake_1,2533362958501018,2026-09-20T03:52:03.296076Z,2.1666777,10.3624039,12.8320236,-0.9046734,0.7634317,0.4229759,2.3018496,5.9554644,7.4478216,0.2382634,0.2534366,0.8692629,0.3512587
gait_20260920_035116_owner_phone_shake_1,owner_phone_shake_1,2533362978664348,2026-09-20T03:52:03.316562Z,2.6678889,11.2447424,13.0944872,-0.7175502,0.9505549,0.4559340,2.2067125,5.8320451,7.5732288,0.2283252,0.2499042,0.8749617,0.3462045
gait_20260920_035116_owner_phone_shake_1,owner_phone_shake_1,2533362998812825,2026-09-20T03:52:03.336451Z,3.7392194,12.5367880,12.8022451,-0.4758021,1.1940184,0.6027881,2.0866039,5.7416711,7.6756368,0.2173630,0.2491842,0.8809732,0.3384479
gait_20260920_035116_owner_phone_shake_1,owner_phone_shake_1,2533363018986206,2026-09-20T03:52:03.356345Z,4.9000330,14.0364561,11.9252195,-0.1408587,1.4936887,0.6288182,1.9195125,5.7083983,7.7437568,0.2050668,0.2525614,0.8864717,0.3291326
gait_20260920_035116_owner_phone_shake_1,owner_phone_shake_1,2533363039177083,2026-09-20T03:52:03.377043Z,5.9523597,15.2152262,10.9394817,0.2284083,1.6041707,0.4454420,1.7144884,5.7451496,7.7646565,0.1927806,0.2599686,0.8901629,0.3207210
gait_20260920_035116_owner_phone_shake_1,owner_phone_shake_1,2533363059346110,2026-09-20T03:52:03.396824Z,6.1735988,15.2536087,10.6644478,0.6131302,1.5477806,0.0748593,1.4810398,5.8591108,7.7274480,0.1816645,0.2713313,0.8910702,0.3152319
gait_20260920_035116_owner_phone_shake_1,owner_phone_shake_1,2533363079514730,2026-09-20T03:52:03.416958Z,5.7451115,13.9816141,9.2035360,1.2034445,1.3173072,-0.2788696,1.2467906,6.0779500,7.5986934,0.1737278,0.2880813,0.8884596,0.3121979
gait_20260920_035116_owner_phone_shake_1,owner_phone_shake_1,2533363099684408,2026-09-20T03:52:03.437296Z,5.4539914,12.3084412,7.1870942,1.8066655,1.1431739,-0.4680080,1.0209713,6.3827286,7.3793292,0.1685828,0.3097205,0.8829938,0.3097983
gait_20260920_035116_owner_phone_shake_1,owner_phone_shake_1,2533363119827596,2026-09-20T03:52:03.457216Z,5.0728645,10.4792709,4.8432455,2.2338049,1.0712957,-0.5212839,0.8039910,6.7342448,7.0879941,0.1651374,0.3345495,0.8755098,0.3070651
gait_20260920_035116_owner_phone_shake_1,owner_phone_shake_1,2533363140022379,2026-09-20T03:52:03.477551Z,4.2275615,9.0082588,2.5231144,2.4876270,0.8738637,-0.6275025,0.7392708,7.2049179,6.6165519,0.1721246,0.3654167,0.8636533,0.3015739
gait_20260920_035116_owner_phone_shake_1,owner_phone_shake_1,2533363160191203,2026-09-20T03:52:03.497656Z,3.1544356,7.6244850,0.8120084,2.4235427,0.5744098,-0.8119944,0.7656143,7.6931276,6.0386858,0.1852190,0.3976840,0.8485635,0.2957728
gait_20260920_035116_owner_phone_shake_1,owner_phone_shake_1,2533363180359578,2026-09-20T03:52:03.518167Z,1.6949452,6.5251722,0.7748235,2.0214677,0.3176233,-0.9930890,0.5767609,7.9426475,5.7286835,0.1848868,0.4172252,0.8378520,0.2995733
gait_20260920_035116_owner_phone_shake_1,owner_phone_shake_1,2533363200529378,2026-09-20T03:52:03.538216Z,0.4519056,5.5700355,1.8209400,1.5154721,0.1027213,-1.0722450,0.3960004,8.1197157,5.4908586,0.1842916,0.4317640,0.8283756,0.3056310
gait_20260920_035116_owner_phone_shake_1,owner_phone_shake_1,2533363220698120,2026-09-20T03:52:03.558316Z,-0.3172317,4.6621842,2.0073137,1.2986548,-0.0359058,-1.0291947,0.2337916,8.2660990,5.2775998,0.1842817,0.4441803,0.8194029,0.3119664
gait_20260920_035116_owner_phone_shake_1,owner_phone_shake_1,2533363240883464,2026-09-20T03:52:03.578993Z,-0.7126491,4.2964697,1.5773300,1.2490928,-0.0987910,-0.8361759,0.1084565,8.3998928,5.0661759,0.1854437,0.4556814,0.8109421,0.3167621
gait_20260920_035116_owner_phone_shake_1,owner_phone_shake_1,2533363261001175,2026-09-20T03:52:03.618261Z,-0.8842834,4.3436055,0.8372224,1.1308501,-0.0917297,-0.5329083,0.0464623,8.4875898,4.9188194,0.1863621,0.4608624,0.8072115,0.3182526
gait_20260920_035116_owner_phone_shake_1,owner_phone_shake_1,2533363281179768,2026-09-20T03:52:03.618575Z,-0.8206875,4.7928925,-0.0779612,0.9437435,-0.0857843,-0.2395997,0.0211503,8.5395212,4.8282747,0.1874786,0.4655699,0.8039143,0.3190899
gait_20260920_035116_owner_phone_shake_1,owner_phone_shake_1,2533363301372599,2026-09-20T03:52:03.638934Z,-0.7668179,5.2695632,-0.4884171,0.6209242,-0.2151018,-0.0876995,0.0273948,8.6486511,4.6299238,0.1940563,0.4760438,0.7956796,0.3203413
gait_20260920_035116_owner_phone_shake_1,owner_phone_shake_1,2533363321541747,2026-09-20T03:52:03.658987Z,-0.9472060,5.4889317,0.0790087,0.1778637,-0.4537523,-0.0641009,0.0599579,8.6629095,4.6028810,0.1982500,0.4757663,0.7936496,0.3232084
gait_20260920_035116_owner_phone_shake_1,owner_phone_shake_1,2533363341710245,2026-09-20T03:52:03.679628Z,-1.0549451,5.4823480,1.3943232,-0.2050262,-0.8434037,-0.0819539,0.1266887,8.6414633,4.6416759,0.2043366,0.4710971,0.7925252,0.3289650
gait_20260920_035116_owner_phone_shake_1,owner_phone_shake_1,2533363361879312,2026-09-20T03:52:03.699334Z,-0.6257097,5.5165401,2.8185740,-0.4378645,-1.2560709,-0.0440995,0.2418593,8.5978518,4.7174745,0.2130641,0.4630735,0.7917556,0.3365855
gait_20260920_035116_owner_phone_shake_1,owner_phone_shake_1,2533363382048502,2026-09-20T03:52:03.719620Z,0.0609773,5.7012677,3.7867293,-0.5444994,-1.4239588,0.0303601,0.3864606,8.5428619,4.8068981,0.2227667,0.4535007,0.7913525,0.3441998
gait_20260920_035116_owner_phone_shake_1,owner_phone_shake_1,2533363402218505,2026-09-20T03:52:03.740149Z,0.4350713,6.2302365,4.7351322,-0.6331315,-1.3510814,0.0757253,0.5302451,8.4773464,4.9081101,0.2313658,0.4434073,0.7916131,0.3510108
gait_20260920_035116_owner_phone_shake_1,owner_phone_shake_1,2533363422386474,2026-09-20T03:52:03.760029Z,0.3679589,6.6709943,5.1102738,-0.6747496,-1.0648173,0.0697799,0.6402503,8.4067984,5.0151687,0.2371157,0.4341279,0.7925509,0.3566123
gait_20260920_035116_owner_phone_shake_1,owner_phone_shake_1,2533363442556355,2026-09-20T03:52:03.780595Z,0.3074305,6.7517986,4.8856678,-0.7308733,-0.6795626,-0.0621357,0.6865582,8.3303452,5.1351810,0.2387961,0.4260908,0.7940625,0.3617844
gait_20260920_035116_owner_phone_shake_1,owner_phone_shake_1,2533363462724161,2026-09-20T03:52:03.800329Z,0.3476830,6.5641527,4.2125978,-0.8673520,-0.2663459,-0.1729175,0.6729733,8.2382317,5.2834420,0.2360943,0.4186620,0.7967641,0.3662631
gait_20260920_035116_owner_phone_shake_1,owner_phone_shake_1,2533363482892577,2026-09-20T03:52:03.820189Z,-0.0046388,6.4079313,3.9958477,-1.0934122,0.1286514,-0.2049263,0.6173909,8.1176167,5.4735026,0.2294664,0.4106944,0.8011690,0.3698697
gait_20260920_035116_owner_phone_shake_1,owner_phone_shake_1,2533363503061522,2026-09-20T03:52:03.841468Z,0.3036895,6.2276926,4.2185836,-1.3708329,0.2879627,-0.1489192,0.5596303,7.9596519,5.7067394,0.2210377,0.4007126,0.8071721,0.3728875
gait_20260920_035116_owner_phone_shake_1,owner_phone_shake_1,2533363523230549,2026-09-20T03:52:03.860700Z,0.0805050,6.3393226,5.5086842,-1.5348405,0.3790928,-0.0175699,0.5127234,7.7767687,5.9577770,0.2119474,0.3894887,0.8142073,0.3747575
gait_20260920_035116_owner_phone_shake_1,owner_phone_shake_1,2533363543399494,2026-09-20T03:52:03.880785Z,0.2152537,6.1381345,5.8375125,-1.3952641,0.3340107,-0.0019319,0.4740654,7.6109238,6.1713219,0.2042263,0.3795024,0.8201086,0.3764191
gait_20260920_035116_owner_phone_shake_1,owner_phone_shake_1,2533363563569701,2026-09-20T03:52:03.901134Z,0.6893056,6.1088805,4.9643025,-0.9742035,-0.0041635,0.0085934,0.4867167,7.4975281,6.3076372,0.2015531,0.3716932,0.8233917,0.3784797
gait_20260920_035116_owner_phone_shake_1,owner_phone_shake_1,2533363583731851,2026-09-20T03:52:03.921019Z,0.8559271,6.4733977,4.1685295,-0.7078076,-0.5274958,-0.0186857,0.5644382,7.4122186,6.4012904,0.2041549,0.3637709,0.8244969,0.3823564
gait_20260920_035116_owner_phone_shake_1,owner_phone_shake_1,2533363603886188,2026-09-20T03:52:03.941779Z,0.7769933,6.2480435,4.3382187,-0.8373250,-0.9848786,-0.1047031,0.6860918,7.3013344,6.5158200,0.2092621,0.3526840,0.8249218,0.3890082
gait_20260920_035116_owner_phone_shake_1,owner_phone_shake_1,2533363624075235,2026-09-20T03:52:03.961543Z,0.3572598,5.3617401,5.2165914,-1.3308802,-1.1227230,-0.2091064,0.7993702,7.1138210,6.7075086,0.2119281,0.3368921,0.8266683,0.3977559
gait_20260920_035116_owner_phone_shake_1,owner_phone_shake_1,2533363644219155,2026-09-20T03:52:03.981792Z,0.4316297,4.5133696,6.2983966,-1.9261240,-0.5122908,-0.1624755,0.8320807,6.8329020,6.9896498,0.2063650,0.3184914,0.8320505,0.4045600
gait_20260920_035116_owner_phone_shake_1,owner_phone_shake_1,2533363664413248,2026-09-20T03:52:04.002097Z,1.1348516,4.0718637,7.2593694,-2.3091972,0.0629851,0.0551244,0.8201223,6.4870052,7.3131580,0.1954581,0.2988606,0.8401844,0.4081284
gait_20260920_035116_owner_phone_shake_1,owner_phone_shake_1,2533363684581745,2026-09-20T03:52:04.022302Z,1.0907834,3.5515738,8.2647839,-2.3288653,0.3846552,0.0507944,0.7674801,6.1180263,7.6299963,0.1820889,0.2796427,0.8483846,0.4109590
gait_20260920_035116_owner_phone_shake_1,owner_phone_shake_1,2533363704751098,2026-09-20T03:52:04.042463Z,0.2136825,3.2637458,8.6544409,-1.9760191,0.2061420,-0.1155781,0.7241026,5.7327533,7.9276314,0.1698233,0.2594787,0.8550028,0.4156935
gait_20260920_035116_owner_phone_shake_1,owner_phone_shake_1,2533363724927977,2026-09-20T03:52:04.062251Z,-0.6502502,3.0485671,8.6257105,-1.5061126,-0.3986445,-0.1928522,0.7498401,5.4390502,8.1296110,0.1644014,0.2425654,0.8578645,0.4221409
gait_20260920_035116_owner_phone_shake_1,owner_phone_shake_1,2533363745089109,2026-09-20T03:52:04.082588Z,-0.9847651,3.3334770,8.8574238,-1.2230128,-0.9531029,-0.0937615,0.7847301,5.1332188,8.3228827,0.1594628,0.2249302,0.8597862,0.4298207
gait_20260920_035116_owner_phone_shake_1,owner_phone_shake_1,2533363765258910,2026-09-20T03:52:04.103075Z,-0.0713023,3.8834701,9.9462624,-1.2792197,-0.8919498,0.2107219,0.6272553,4.6314769,8.6250839,0.1403882,0.2026435,0.8646446,0.4377402
gait_20260920_035116_owner_phone_shake_1,owner_phone_shake_1,2533363785421344,2026-09-20T03:52:04.123443Z,1.0440964,4.7009401,11.3021288,-1.5180367,-0.2702929,0.5644841,0.7078578,4.3468151,8.7658567,0.1359020,0.1873805,0.8702568,0.4348244
gait_20260920_035116_owner_phone_shake_1,owner_phone_shake_1,2533363805590249,2026-09-20T03:52:04.146235Z,1.4869488,5.4579568,13.0490723,-1.7092402,0.4085203,0.6994307,0.6766337,4.0275598,8.9194756,0.1251307,0.1733910,0.8771644,0.4299539
gait_20260920_035116_owner_phone_shake_1,owner_phone_shake_1,2533363825739744,2026-09-20T03:52:04.163462Z,0.8675988,5.7447371,14.1962690,-1.6117316,0.6330649,0.5635681,0.6002493,3.7344489,9.0515022,0.1134429,0.1615369,0.8828785,0.4261012
gait_20260920_035116_owner_phone_shake_1,owner_phone_shake_1,2533363850976195,2026-09-20T03:52:04.188932Z,-0.2543839,5.5558949,16.0654678,-1.3749963,0.5190856,0.2917764,0.6002493,3.7344489,9.0515022,0.1134429,0.1615369,0.8828785,0.4261012
gait_20260920_035116_owner_phone_shake_1,owner_phone_shake_1,2533363871144773,2026-09-20T03:52:04.208794Z,-0.3773860,5.2402344,16.5223866,-1.1186094,0.6178099,0.1830764,0.4811652,3.3795204,9.1969252,0.0988492,0.1474614,0.8880904,0.4240040
gait_20260920_035116_owner_phone_shake_1,owner_phone_shake_1,2533363891313516,2026-09-20T03:52:04.229772Z,-0.7243208,6.0691519,15.4071369,-0.6646907,1.2092566,0.2355029,0.3073761,3.2224107,9.2605448,0.0865572,0.1440681,0.8911278,0.4214777
gait_20260920_035116_owner_phone_shake_1,owner_phone_shake_1,2533363911482460,2026-09-20T03:52:04.248957Z,-1.2599486,6.7340665,14.1426992,-0.1651235,1.4980187,0.3093296,0.0477786,3.1631665,9.2859135,0.0722905,0.1473170,0.8939610,0.4170198
gait_20260920_035116_owner_phone_shake_1,owner_phone_shake_1,2533363931651406,2026-09-20T03:52:04.270019Z,-1.2288240,7.7407532,13.3868046,0.2264265,1.3739638,0.3604738,-0.2075392,3.1903937,9.2743959,0.0600028,0.1545753,0.8962542,0.4113814
gait_20260920_035116_owner_phone_shake_1,owner_phone_shake_1,2533363951824054,2026-09-20T03:52:04.289452Z,-0.2216133,8.5552311,12.9867487,0.5261468,1.1582291,0.6177266,-0.3927290,3.2765503,9.2382956,0.0520694,0.1631241,0.8982850,0.4046771
gait_20260920_035116_owner_phone_shake_1,owner_phone_shake_1,2533363971990151,2026-09-20T03:52:04.310242Z,0.7138462,9.8801222,12.1629934,0.8330283,1.1163778,0.8363091,-0.5502355,3.4221373,9.1772718,0.0461177,0.1740537,0.9007542,0.3952474
gait_20260920_035116_owner_phone_shake_1,owner_phone_shake_1,2533363992133217,2026-09-20T03:52:04.330397Z,1.8414404,10.9948473,11.3347492,1.1234725,1.0242817,0.9327686,-0.6780421,3.6268730,9.0896730,0.0423506,0.1873164,0.9029922,0.3843490
gait_20260920_035116_owner_phone_shake_1,owner_phone_shake_1,2533364012327064,2026-09-20T03:52:04.350232Z,3.4246812,11.3544264,10.8499985,1.3807253,0.9006765,0.9107687,-0.7786919,3.8787749,8.9769068,0.0406253,0.2024274,0.9043589,0.3735075
gait_20260920_035116_owner_phone_shake_1,owner_phone_shake_1,2533364032496580,2026-09-20T03:52:04.370761Z,3.2548423,11.3602629,10.2774105,1.7418818,0.6951506,0.7326053,-0.8521805,4.1842270,8.8318825,0.0412547,0.2198206,0.9043384,0.3635234
gait_20260920_035116_owner_phone_shake_1,owner_phone_shake_1,2533364052665118,2026-09-20T03:52:04.391763Z,3.0924857,10.4742584,9.3216743,2.1798129,0.2772875,0.4486895,-0.8793957,4.5536494,8.6444817,0.0460772,0.2397191,0.9017261,0.3567937
gait_20260920_035116_owner_phone_shake_1,owner_phone_shake_1,2533364072834552,2026-09-20T03:52:04.411319Z,3.0168438,9.5465803,7.8127289,2.6197093,-0.1026380,0.1897379,-0.8494096,4.9896550,8.4034491,0.0559276,0.2622419,0.8963626,0.3530374
gait_20260920_035116_owner_phone_shake_1,owner_phone_shake_1,2533364093002968,2026-09-20T03:52:04.430707Z,2.7328317,8.6550388,5.9268465,2.8711665,-0.1736503,-0.0764081,-0.8133953,5.4639707,8.1067581,0.0679568,0.2871125,0.8883877,0.3517323
gait_20260920_035116_owner_phone_shake_1,owner_phone_shake_1,2533364113172483,2026-09-20T03:52:04.451661Z,2.0135236,7.9823432,4.3008094,2.8698008,-0.0733105,-0.3057324,-0.8220388,5.9265051,7.7741170,0.0785969,0.3128226,0.8786640,0.3520148
gait_20260920_035116_owner_phone_shake_1,owner_phone_shake_1,2533364133340777,2026-09-20T03:52:04.472133Z,1.0992378,7.3938932,3.0271688,2.7018962,-0.0721281,-0.4787165,-0.8369371,6.3763838,7.4079261,0.0893811,0.3387203,0.8678040,0.3524145
gait_20260920_035116_owner_phone_shake_1,owner_phone_shake_1,2533364153510049,2026-09-20T03:52:04.491614Z,-0.0701052,6.8418803,2.1661539,2.4044576,-0.2725578,-0.6204246,-0.8862409,6.7364097,7.0761204,0.0980077,0.3606267,0.8566279,0.3557128
gait_20260920_035116_owner_phone_shake_1,owner_phone_shake_1,2533364173653562,2026-09-20T03:52:04.511552Z,-0.7129484,6.0241857,1.4500632,1.9834135,-0.5229326,-0.6564636,-0.9165698,7.0247474,6.7859364,0.1070644,0.3781666,0.8457959,0.3607723
gait_20260920_035116_owner_phone_shake_1,owner_phone_shake_1,2533364193822344,2026-09-20T03:52:04.531430Z,-1.0783634,5.8379617,1.6187048,1.4418617,-0.8496323,-0.5935618,-0.9058282,7.2330632,6.5649352,0.1169770,0.3899730,0.8363320,0.3671327
gait_20260920_035116_owner_phone_shake_1,owner_phone_shake_1,2533364214016436,2026-09-20T03:52:04.552066Z,-0.3727473,5.4364090,2.5143607,0.9279556,-0.8864041,-0.4165641,-0.8557041,7.3670182,6.4211316,0.1268903,0.3962507,0.8290856,0.3734990
gait_20260920_035116_owner_phone_shake_1,owner_phone_shake_1,2533364234185747,2026-09-20T03:52:04.573246Z,0.3234417,4.7557077,2.9371617,0.5421845,-0.6068350,-0.2419646,-0.8052134,7.4455028,6.3365788,0.1341681,0.3993017,0.8245155,0.3777982
gait_20260920_035116_owner_phone_shake_1,owner_phone_shake_1,2533364254354327,2026-09-20T03:52:04.592177Z,0.0650924,4.5200281,2.8324902,0.2953237,-0.4002267,-0.2348534,-0.7798119,7.4871402,6.2905288,0.1383298,0.4008318,0.8217270,0.3807408
gait_20260920_035116_owner_phone_shake_1,owner_phone_shake_1,2533364274523638,2026-09-20T03:52:04.613898Z,-0.7456442,4.6115317,2.2386534,0.1675549,-0.3976952,-0.3480500,-0.7807773,7.5080943,6.2653823,0.1407713,0.4015911,0.8192811,0.3843000
gait_20260920_035116_owner_phone_shake_1,owner_phone_shake_1,2533364294692421,2026-09-20T03:52:04.632364Z,-1.2936919,5.3276973,2.7360487,-0.0291277,-0.7905942,-0.4393800,-0.7677307,7.5092649,6.2655916,0.1443092,0.4003346,0.8165260,0.3901188
gait_20260920_035116_owner_phone_shake_1,owner_phone_shake_1,2533364314861407,2026-09-20T03:52:04.652630Z,-0.9173533,5.1707273,3.6186862,-0.3239851,-1.1306169,-0.4157481,-0.6988151,7.4746504,6.3148522,0.1503955,0.3949437,0.8141199,0.3982581
gait_20260920_035116_owner_phone_shake_1,owner_phone_shake_1,2533364335029985,2026-09-20T03:52:04.672820Z,-0.3368343,4.3477206,4.6336031,-0.5898980,-1.1127473,-0.3675350,-0.6048758,7.4035892,6.4075823,0.1563932,0.3865616,0.8128529,0.4066712
gait_20260920_035116_owner_phone_shake_1,owner_phone_shake_1,2533364355199582,2026-09-20T03:52:04.693090Z,-0.2556559,3.7540333,4.6157966,-0.7448126,-0.7026948,-0.3432869,-0.5432712,7.3057117,6.5243807,0.1591720,0.3776368,0.8128210,0.4139767
gait_20260920_035116_owner_phone_shake_1,owner_phone_shake_1,2533364375368568,2026-09-20T03:52:04.712885Z,-0.6231658,3.7214873,3.9756467,-0.8241684,-0.2574361,-0.3113781,-0.5398942,7.1944637,6.6471291,0.1576225,0.3699249,0.8139646,0.4192523
gait_20260920_035116_owner_phone_shake_1,owner_phone_shake_1,2533364395537392,2026-09-20T03:52:04.734601Z,-1.0050410,4.4726682,3.9793129,-0.9206945,-0.0075276,-0.2586685,-0.5753230,7.0713925,6.7749925,0.1531070,0.3629391,0.8160042,0.4230492
gait_20260920_035116_owner_phone_shake_1,owner_phone_shake_1,2533364415706581,2026-09-20T03:52:04.754951Z,-0.9260323,5.1987844,5.0480247,-1.0789232,-0.0893149,-0.1259368,-0.6000033,6.9283137,6.9191461,0.1480615,0.3548098,0.8189964,0.4259493
gait_20260920_035116_owner_phone_shake_1,owner_phone_shake_1,2533364435874957,2026-09-20T03:52:04.773959Z,-0.2878279,5.0023103,6.3340850,-1.2010463,-0.4385639,0.0189022,-0.5603896,6.7622342,7.0847907,0.1453179,0.3438727,0.8227162,0.4286869
gait_20260920_035116_owner_phone_shake_1,owner_phone_shake_1,2533364456044064,2026-09-20T03:52:04.794154Z,0.1970727,4.6320319,7.3790045,-1.2178668,-0.7487262,0.0387869,-0.4518170,6.5833173,7.2589192,0.1458466,0.3304868,0.8262517,0.4322217
gait_20260920_035116_owner_phone_shake_1,owner_phone_shake_1,2533364476213375,2026-09-20T03:52:04.814460Z,0.4135983,4.5053639,7.3170543,-1.0616864,-0.6341307,-0.0225327,-0.3422808,6.4151502,7.4138255,0.1469639,0.3178066,0.8289813,0.4361086
gait_20260920_035116_owner_phone_shake_1,owner_phone_shake_1,2533364496382362,2026-09-20T03:52:04.834113Z,0.0097264,5.2025256,6.6135335,-0.9053396,-0.2860808,-0.0866336,-0.2894337,6.2732978,7.5364499,0.1459114,0.3083211,0.8311922,0.4390531
gait_20260920_035116_owner_phone_shake_1,owner_phone_shake_1,2533364516550940,2026-09-20T03:52:04.854260Z,-0.5113117,5.8587613,6.3913960,-0.9674753,0.0128402,-0.1125804,-0.2947886,6.1329274,7.6509094,0.1418291,0.3006712,0.8336398,0.4410511
gait_20260920_035116_owner_phone_shake_1,owner_phone_shake_1,2533364536720334,2026-09-20T03:52:04.874548Z,-0.4364181,6.1848216,7.5220580,-1.1939018,-0.0179196,-0.0774240,-0.3160654,5.9594998,7.7859211,0.1357621,0.2919102,0.8370654,0.4423560
gait_20260920_035116_owner_phone_shake_1,owner_phone_shake_1,2533364556863522,2026-09-20T03:52:04.895754Z,0.1871966,6.2419081,9.0064631,-1.3585089,-0.2595178,-0.0468807,-0.2909455,5.7494559,7.9432497,0.1311759,0.2800160,0.8406632,0.4446002
gait_20260920_035116_owner_phone_shake_1,owner_phone_shake_1,2533364577033200,2026-09-20T03:52:04.914904Z,0.3669114,6.2508864,9.8441343,-1.3870537,-0.2306399,-0.1206575,-0.2531634,5.5226984,8.1038151,0.1269636,0.2670350,0.8440343,0.4474134
gait_20260920_035116_owner_phone_shake_1,owner_phone_shake_1,2533364597226762,2026-09-20T03:52:04.936172Z,0.0921768,6.2021046,10.0205574,-1.3230695,0.0087933,-0.2316558,-0.2607195,5.2983727,8.2519932,0.1208659,0.2554592,0.8468809,0.4504720
gait_20260920_035116_owner_phone_shake_1,owner_phone_shake_1,2533364617370440,2026-09-20T03:52:04.956483Z,-0.2347066,6.5411086,10.0006552,-1.2126874,0.2610000,-0.2570863,-0.3213492,5.0873084,8.3816547,0.1126587,0.2460838,0.8493541,0.4531538
gait_20260920_035116_owner_phone_shake_1,owner_phone_shake_1,2533364637540443,2026-09-20T03:52:04.975718Z,-0.1532289,6.8287120,9.8146553,-0.9994674,0.3006696,-0.2113381,-0.4027138,4.9017568,8.4880342,0.1040315,0.2387364,0.8516436,0.4548469
gait_20260920_035116_owner_phone_shake_1,owner_phone_shake_1,2533364657733028,2026-09-20T03:52:04.995337Z,0.1677438,6.7097502,9.3717289,-0.7220300,0.0398694,-0.1966993,-0.4463298,4.7608066,8.5657234,0.0985183,0.2326852,0.8529988,0.4566671
gait_20260920_035116_owner_phone_shake_1,owner_phone_shake_1,2533364677902340,2026-09-20T03:52:05.016909Z,0.1652747,6.6521397,9.2309942,-0.5143892,-0.1956334,-0.2334711,-0.4408989,4.6636901,8.6192636,0.0966415,0.2275508,0.8533740,0.4589487
gait_20260920_035116_owner_phone_shake_1,owner_phone_shake_1,2533364698047319,2026-09-20T03:52:05.036172Z,-0.0430956,6.3517423,9.6129446,-0.4373815,-0.3237686,-0.3011859,-0.4151408,4.5841799,8.6630859,0.0964046,0.2226957,0.8529985,0.4620676
gait_20260920_035116_owner_phone_shake_1,owner_phone_shake_1,2533364718215003,2026-09-20T03:52:05.066195Z,-0.2525135,6.0853872,9.6704054,-0.3610567,-0.2949240,-0.3275324,-0.3869584,4.5136776,8.7013264,0.0966970,0.2181405,0.8520544,0.4659052
gait_20260920_035116_owner_phone_shake_1,owner_phone_shake_1,2533364738409094,2026-09-20T03:52:05.076728Z,-0.3369839,6.0007672,9.1670990,-0.2396663,-0.2174667,-0.3103289,-0.3733190,4.4626174,8.7282181,0.0967526,0.2149471,0.8509594,0.4693662
gait_20260920_035116_owner_phone_shake_1,owner_phone_shake_1,2533364758602170,2026-09-20T03:52:05.096073Z,-0.3403507,5.9268465,8.6717234,-0.1758486,-0.1050695,-0.2739734,-0.3734158,4.4298196,8.7449045,0.0965377,0.2130537,0.8498678,0.4722428
gait_20260920_035116_owner_phone_shake_1,owner_phone_shake_1,2533364778746863,2026-09-20T03:52:05.116230Z,-0.3835212,5.9050741,8.5447559,-0.2051428,-0.0276288,-0.2384673,-0.3885557,4.3985648,8.7600098,0.0955067,0.2116677,0.8490666,0.4745115
gait_20260920_035116_owner_phone_shake_1,owner_phone_shake_1,2533364798915604,2026-09-20T03:52:05.136912Z,-0.5229086,5.7614965,8.5006132,-0.2391334,-0.0166872,-0.2249276,-0.4066625,4.3693457,8.7737999,0.0942974,0.2105262,0.8484699,0.4763251
gait_20260920_035116_owner_phone_shake_1,owner_phone_shake_1,2533364819059689,2026-09-20T03:52:05.156692Z,-0.7176620,5.5727291,8.5181952,-0.2216468,-0.0777904,-0.2292410,-0.4196057,4.3456550,8.7849493,0.0934512,0.2093585,0.8477410,0.4783001
gait_20260920_035116_owner_phone_shake_1,owner_phone_shake_1,2533364839253902,2026-09-20T03:52:05.176877Z,-0.7560440,5.4079032,8.5409403,-0.1671053,-0.1442728,-0.2081738,-0.4184425,4.3220458,8.7966433,0.0933066,0.2079191,0.8469679,0.4803219
gait_20260920_035116_owner_phone_shake_1,owner_phone_shake_1,2533364859422563,2026-09-20T03:52:05.197135Z,-0.6500258,5.3706431,8.4119530,-0.1281351,-0.1584786,-0.1445725,-0.4057620,4.3033624,8.8063917,0.0937750,0.2064750,0.8462497,0.4821160
gait_20260920_035116_owner_phone_shake_1,owner_phone_shake_1,2533364879591630,2026-09-20T03:52:05.217388Z,-0.4373159,5.4883332,8.0782614,-0.1508011,-0.1042201,-0.0931786,-0.3974797,4.2988944,8.8089514,0.0942228,0.2058468,0.8458129,0.4830630
gait_20260920_035116_owner_phone_shake_1,owner_phone_shake_1,2533364899737830,2026-09-20T03:52:05.237384Z,-0.5767033,5.1521726,7.8794675,-0.2553543,-0.0690970,-0.1161277,-0.4186786,4.5501933,8.6808157,0.0998009,0.2184717,0.8440190,0.4795225
gait_20260920_035116_owner_phone_shake_1,owner_phone_shake_1,2533364919923010,2026-09-20T03:52:05.258006Z,-0.8745570,5.2830305,8.2676277,-0.3481332,-0.2135031,-0.1595444,-0.4098534,4.4923215,8.7113247,0.0990002,0.2152499,0.8438656,0.4814118
gait_20260920_035116_owner_phone_shake_1,owner_phone_shake_1,2533364940098221,2026-09-20T03:52:05.278681Z,-0.5463269,5.7447371,9.0626516,-0.3412219,-0.4959200,-0.1236386,-0.3645353,4.4489865,8.7355442,0.1003533,0.2117353,0.8432735,0.4837223
gait_20260920_035116_owner_phone_shake_1,owner_phone_shake_1,2533364960267330,2026-09-20T03:52:05.298251Z,0.0927005,5.6584711,9.3168859,-0.2685775,-0.7086236,-0.1122973,-0.2556738,4.3966117,8.7658739,0.1043778,0.2060840,0.8427228,0.4862645
gait_20260920_035116_owner_phone_shake_1,owner_phone_shake_1,2533364980411006,2026-09-20T03:52:05.317924Z,0.5352537,5.2039471,8.8892965,-0.2128869,-0.7529230,-0.2195984,-0.1353120,4.3575144,8.7880526,0.1094495,0.2006643,0.8415194,0.4894895
gait_20260920_035116_owner_phone_shake_1,owner_phone_shake_1,2533365000605058,2026-09-20T03:52:05.339256Z,0.3711013,4.8796077,8.6556377,-0.2742398,-0.7100559,-0.3770444,-0.0350953,4.3152046,8.8098745,0.1137914,0.1954322,0.8395233,0.4940228
gait_20260920_035116_owner_phone_shake_1,owner_phone_shake_1,2533365020773881,2026-09-20T03:52:05.358402Z,-0.0796820,4.7373772,8.7384624,-0.3687341,-0.5405191,-0.4243248,0.0417199,4.2547188,8.8392162,0.1166551,0.1898532,0.8373080,0.4992621
gait_20260920_035116_owner_phone_shake_1,owner_phone_shake_1,2533365040942826,2026-09-20T03:52:05.378891Z,-0.3964648,4.7924438,8.9531174,-0.3695335,-0.2213304,-0.3358094,0.0641710,4.1859665,8.8718472,0.1165811,0.1854726,0.8357166,0.5035738
gait_20260920_035116_owner_phone_shake_1,owner_phone_shake_1,2533365061112219,2026-09-20T03:52:05.399006Z,-0.1108066,4.7555580,8.9120417,-0.2472106,-0.0900477,-0.1323819,0.0644638,4.1330733,8.8966093,0.1155030,0.1827227,0.8351368,0.5057847
gait_20260920_035116_owner_phone_shake_1,owner_phone_shake_1,2533365081255692,2026-09-20T03:52:05.418932Z,0.2544588,4.6452003,8.6008701,-0.1272691,-0.0535256,-0.0094761,0.0756026,4.1054292,8.9093122,0.1152860,0.1810808,0.8352185,0.5062894
gait_20260920_035116_owner_phone_shake_1,owner_phone_shake_1,2533365101449703,2026-09-20T03:52:05.439917Z,0.7068881,4.2106528,8.5900965,-0.1239717,0.0386204,-0.0451321,0.0719053,4.0893569,8.9167318,0.1146633,0.1804226,0.8353719,0.5064129
gait_20260920_035116_owner_phone_shake_1,owner_phone_shake_1,2533365121618810,2026-09-20T03:52:05.459460Z,0.6039374,4.3720369,9.2524672,-0.2495088,0.1439397,-0.1791794,0.0452465,4.0528989,8.9335365,0.1126382,0.1793114,0.8351707,0.5075923
gait_20260920_035116_owner_phone_shake_1,owner_phone_shake_1,2533365141787878,2026-09-20T03:52:05.479624Z,0.8670751,3.9617305,9.4784946,-0.1503514,0.6824937,-0.3212039,-0.0432079,4.0049849,8.9551287,0.1076713,0.1792731,0.8347097,0.5094389
gait_20260920_035116_owner_phone_shake_1,owner_phone_shake_1,2533365161932043,2026-09-20T03:52:05.502742Z,-0.2813187,3.9355438,8.7023249,0.3068482,1.0996573,-0.4945211,-0.2989280,4.0340657,8.9371738,0.0974873,0.1874234,0.8333234,0.5108237
gait_20260920_035116_owner_phone_shake_1,owner_phone_shake_1,2533365182100378,2026-09-20T03:52:05.523116Z,-0.5943606,4.2525511,8.4379148,0.4746030,-0.0415182,-0.4425609,-0.4025557,4.1136451,8.8967400,0.0959727,0.1935971,0.8302584,0.5137902
gait_20260920_035116_owner_phone_shake_1,owner_phone_shake_1,2533365202271764,2026-09-20T03:52:05.539513Z,-0.2481740,4.2396822,8.4429283,0.5933120,-0.3730475,-0.4726212,-0.3741880,4.2094722,8.8530464,0.1010030,0.1967881,0.8266097,0.5174835
gait_20260920_035116_owner_phone_shake_1,owner_phone_shake_1,2533365222463415,2026-09-20T03:52:05.560313Z,-0.3298013,4.9152961,8.8211365,0.6977653,-0.9192622,-0.5843189,-0.2918335,4.3244433,8.8005753,0.1094654,0.1990850,0.8215954,0.5228420
gait_20260920_035116_owner_phone_shake_1,owner_phone_shake_1,2533365242607905,2026-09-20T03:52:05.581521Z,-0.2823662,5.5228996,9.1949320,0.8485331,-1.1632919,-0.5840025,-0.1387123,4.4615722,8.7356310,0.1220969,0.2001079,0.8154078,0.5293007
gait_20260920_035116_owner_phone_shake_1,owner_phone_shake_1,2533365262797846,2026-09-20T03:52:05.600122Z,-0.0086042,5.3309894,9.2914476,1.0570400,-0.8939316,-0.4511876,-0.0024628,4.6346951,8.6461382,0.1349186,0.2033029,0.8093384,0.5342624
gait_20260920_035116_owner_phone_shake_1,owner_phone_shake_1,2533365282945145,2026-09-20T03:52:05.620356Z,0.3538930,4.9985695,9.0309286,1.1777308,-0.3503649,-0.2665624,0.0600465,4.8356967,8.5351353,0.1448849,0.2102810,0.8044201,0.5363755
gait_20260920_035116_owner_phone_shake_1,owner_phone_shake_1,2533365303135411,2026-09-20T03:52:05.640520Z,0.2315642,5.0057521,8.4827318,1.2004302,0.1576292,-0.1532659,0.0408276,5.0423927,8.4147911,0.1509353,0.2203896,0.8009087,0.5359031
gait_20260920_035116_owner_phone_shake_1,owner_phone_shake_1,2533365323283890,2026-09-20T03:52:05.661251Z,-0.0854431,5.7528925,7.6642137,1.1616765,0.5563237,-0.0882490,-0.0478516,5.2413311,8.2923021,0.1533526,0.2325552,0.7983272,0.5339239
gait_20260920_035116_owner_phone_shake_1,owner_phone_shake_1,2533365343474360,2026-09-20T03:52:05.681204Z,0.0318728,6.2682447,6.7111716,1.0209010,0.8497155,0.0132399,-0.1771630,5.4217772,8.1736813,0.1529792,0.2454374,0.7967815,0.5305631
gait_20260920_035116_owner_phone_shake_1,owner_phone_shake_1,2533365363622269,2026-09-20T03:52:05.701406Z,0.1565209,6.1752448,6.1777887,0.7202148,1.0474973,0.0676815,-0.3332805,5.5685916,8.0694370,0.1498272,0.2578694,0.7965111,0.5259519
gait_20260920_035116_owner_phone_shake_1,owner_phone_shake_1,2533365383810989,2026-09-20T03:52:05.721830Z,-0.0499790,6.1658926,6.3332620,0.3631051,1.1127640,0.0788562,-0.5019101,5.6461349,8.0065823,0.1437393,0.2673486,0.7972926,0.5217165
gait_20260920_035116_owner_phone_shake_1,owner_phone_shake_1,2533365403979934,2026-09-20T03:52:05.741778Z,-0.4738275,6.6432362,6.8171153,0.1119476,1.2324722,0.1317990,-0.6797143,5.6755509,7.9725919,0.1354381,0.2747898,0.7990667,0.5173390
gait_20260920_035116_owner_phone_shake_1,owner_phone_shake_1,2533365424149206,2026-09-20T03:52:05.761638Z,-0.7631518,6.8862476,7.1811833,0.0346901,1.3549618,0.2147188,-0.8512970,5.7568550,7.8974705,0.1281976,0.2849937,0.8012877,0.5101784
gait_20260920_035116_owner_phone_shake_1,owner_phone_shake_1,2533365444297073,2026-09-20T03:52:05.781976Z,-0.7029974,6.4038911,7.2702179,0.1344969,1.3343775,0.2911436,-1.0204793,5.8352885,7.8194723,0.1204665,0.2948435,0.8037470,0.5025395
gait_20260920_035116_owner_phone_shake_1,owner_phone_shake_1,2533365464465571,2026-09-20T03:52:05.802342Z,-0.7136965,6.0926447,6.9437833,0.3586585,1.2404828,0.3236187,-1.1830925,5.8886843,7.7562747,0.1125007,0.3032977,0.8060442,0.4956279
gait_20260920_035116_owner_phone_shake_1,owner_phone_shake_1,2533365484639602,2026-09-20T03:52:05.823425Z,-1.5334114,6.9076462,6.7538185,0.5499786,0.8799590,0.2997703,-1.3056778,5.9762802,7.6691194,0.1076275,0.3122364,0.8071838,0.4892639
gait_20260920_035116_owner_phone_shake_1,owner_phone_shake_1,2533365504824743,2026-09-20T03:52:05.842752Z,-1.8694227,7.3961382,6.8409076,0.5857844,0.4922894,0.2195318,-1.3784114,6.1199284,7.5420532,0.1073072,0.3225727,0.8063448,0.4839836
gait_20260920_035116_owner_phone_shake_1,owner_phone_shake_1,2533365524972691,2026-09-20T03:52:05.863123Z,-1.7063924,6.9964561,7.0501757,0.5252808,0.1391933,0.1331813,-1.4000778,6.2203045,7.4554477,0.1087013,0.3289069,0.8053024,0.4811365
gait_20260920_035116_owner_phone_shake_1,owner_phone_shake_1,2533365545153355,2026-09-20T03:52:05.883446Z,-1.4541782,6.3016138,7.1419039,0.4542019,-0.0676648,0.0261133,-1.3876992,6.2934747,7.3961186,0.1114736,0.3325590,0.8039671,0.4802240
gait_20260920_035116_owner_phone_shake_1,owner_phone_shake_1,2533365565333694,2026-09-20T03:52:05.903395Z,-1.5753099,6.3587003,7.0676832,0.3955969,-0.1251208,-0.0350731,-1.3727041,6.3540812,7.3469343,0.1144040,0.3353255,0.8022794,0.4804336
gait_20260920_035116_owner_phone_shake_1,owner_phone_shake_1,2533365585500482,2026-09-20T03:52:05.923556Z,-1.5958850,6.7434187,7.1105547,0.3079973,-0.0693635,-0.0172035,-1.3615886,6.4038596,7.3056669,0.1167908,0.3376346,0.8008394,0.4806444
gait_20260920_035116_owner_phone_shake_1,owner_phone_shake_1,2533365605649042,2026-09-20T03:52:05.943451Z,-1.3322237,6.8106809,7.1375642,0.2010626,0.0779403,0.0422843,-1.3622446,6.4384651,7.2750645,0.1178058,0.3395869,0.8001670,0.4801411
gait_20260920_035116_owner_phone_shake_1,owner_phone_shake_1,2533365625838332,2026-09-20T03:52:05.963255Z,-1.0431986,6.8048449,7.1166897,0.1464378,0.2528729,0.1013057,-1.3808697,6.4634919,7.2493157,0.1171941,0.3417207,0.8003088,0.4785379
gait_20260920_035116_owner_phone_shake_1,owner_phone_shake_1,2533365645985794,2026-09-20T03:52:05.984358Z,-0.9110686,6.9169984,7.0138888,0.1465377,0.3546449,0.1089498,-1.4135206,6.4869986,7.2219748,0.1156162,0.3442815,0.8007733,0.4763038
gait_20260920_035116_owner_phone_shake_1,owner_phone_shake_1,2533365666154983,2026-09-20T03:52:06.003789Z,-1.0666169,7.0561614,6.7599535,0.1936350,0.4437933,0.0770576,-1.4619049,6.5159912,7.1861534,0.1134085,0.3476419,0.8011042,0.4738307
gait_20260920_035116_owner_phone_shake_1,owner_phone_shake_1,2533365686345413,2026-09-20T03:52:06.038389Z,-1.1810896,7.1572413,6.5853267,0.2616661,0.3734971,0.0145722,-1.5742810,6.5934958,7.0910907,0.1092043,0.3558333,0.8006551,0.4694769
gait_20260920_035116_owner_phone_shake_1,owner_phone_shake_1,2533365696432937,2026-09-20T03:52:06.039815Z,-1.1182418,7.2899699,6.6501198,0.2616661,0.3734971,0.0145722,-1.5742810,6.5934958,7.0910907,0.1092043,0.3558333,0.8006551,0.4694769
gait_20260920_035116_owner_phone_shake_1,owner_phone_shake_1,2533365706514032,2026-09-20T03:52:06.059125Z,-1.0785879,7.3344874,6.7710271,0.2919763,0.2734738,-0.0262132,-1.6151448,6.6350474,7.0429802,0.1082438,0.3595450,0.7999397,0.4680889
gait_20260920_035116_owner_phone_shake_1,owner_phone_shake_1,2533365716600377,2026-09-20T03:52:06.059992Z,-1.0489596,7.3599257,6.9527617,0.2919763,0.2734738,-0.0262132,-1.6151448,6.6350474,7.0429802,0.1082438,0.3595450,0.7999397,0.4680889
gait_20260920_035116_owner_phone_shake_1,owner_phone_shake_1,2533365726699172,2026-09-20T03:52:06.078315Z,-1.0252421,7.2623620,7.1228247,0.3554276,0.2387171,-0.1080172,-1.6590887,6.6792102,6.9908285,0.1075880,0.3634140,0.7986526,0.4674496
gait_20260920_035116_owner_phone_shake_1,owner_phone_shake_1,2533365736767165,2026-09-20T03:52:06.078590Z,-1.0780641,7.1417542,7.1572413,0.3554276,0.2387171,-0.1080172,-1.6590887,6.6792102,6.9908285,0.1075880,0.3634140,0.7986526,0.4674496
gait_20260920_035116_owner_phone_shake_1,owner_phone_shake_1,2533365746854771,2026-09-20T03:52:06.097836Z,-1.2360066,7.0684314,7.0502505,0.4467910,0.3561105,-0.2160178,-1.7251039,6.7319460,6.9239464,0.1065268,0.3683790,0.7965574,0.4673813
gait_20260920_035116_owner_phone_shake_1,owner_phone_shake_1,2533365756936314,2026-09-20T03:52:06.098728Z,-1.4353987,7.0369329,6.8954506,0.4467910,0.3561105,-0.2160178,-1.7251039,6.7319460,6.9239464,0.1065268,0.3683790,0.7965574,0.4673813
gait_20260920_035116_owner_phone_shake_1,owner_phone_shake_1,2533365767000075,2026-09-20T03:52:06.118316Z,-1.5943139,7.0605006,6.7659392,0.4871933,0.4622291,-0.2651968,-1.8226392,6.7900352,6.8417478,0.1042658,0.3746528,0.7939727,0.4673021
gait_20260920_035116_owner_phone_shake_1,owner_phone_shake_1,2533365777105300,2026-09-20T03:52:06.118608Z,-1.7397616,7.1054668,6.5875711,0.4871933,0.4622291,-0.2651968,-1.8226392,6.7900352,6.8417478,0.1042658,0.3746528,0.7939727,0.4673021
gait_20260920_035116_owner_phone_shake_1,owner_phone_shake_1,2533365787168614,2026-09-20T03:52:06.139943Z,-1.9310733,7.1612067,6.4695821,0.4802819,0.5046966,-0.2449123,-1.9270334,6.8472524,6.7555752,0.1015674,0.3811918,0.7914147,0.4669472
gait_20260920_035116_owner_phone_shake_1,owner_phone_shake_1,2533365797260247,2026-09-20T03:52:06.140322Z,-2.0849009,7.1742253,6.4512515,0.4802819,0.5046966,-0.2449123,-1.9270334,6.8472524,6.7555752,0.1015674,0.3811918,0.7914147,0.4669472
gait_20260920_035116_owner_phone_shake_1,owner_phone_shake_1,2533365807366245,2026-09-20T03:52:06.158896Z,-2.1594951,7.1826801,6.5220299,0.4722048,0.4697400,-0.1862573,-2.0223866,6.9027238,6.6707163,0.0990716,0.3874641,0.7890958,0.4662448
gait_20260920_035116_owner_phone_shake_1,owner_phone_shake_1,2533365817443231,2026-09-20T03:52:06.159114Z,-2.1184196,7.1315784,6.6193690,0.4722048,0.4697400,-0.1862573,-2.0223866,6.9027238,6.6707163,0.0990716,0.3874641,0.7890958,0.4662448
gait_20260920_035116_owner_phone_shake_1,owner_phone_shake_1,2533365827525588,2026-09-20T03:52:06.178250Z,-2.0372412,7.0984340,6.7706528,0.5214671,0.4118011,-0.1247544,-2.0989156,6.9628816,6.5839915,0.0974430,0.3935286,0.7869279,0.4651718
gait_20260920_035116_owner_phone_shake_1,owner_phone_shake_1,2533365837615350,2026-09-20T03:52:06.178809Z,-2.0006547,7.1308303,6.8270659,0.5214671,0.4118011,-0.1247544,-2.0989156,6.9628816,6.5839915,0.0974430,0.3935286,0.7869279,0.4651718
gait_20260920_035116_owner_phone_shake_1,owner_phone_shake_1,2533365847679234,2026-09-20T03:52:06.198648Z,-1.9807529,7.2943096,6.7289038,0.6473873,0.3614230,-0.1307665,-2.1656761,7.0373788,6.4823813,0.0967693,0.4002141,0.7843515,0.4639582
gait_20260920_035116_owner_phone_shake_1,owner_phone_shake_1,2533365857780797,2026-09-20T03:52:06.198858Z,-1.9705029,7.4538980,6.4885859,0.6473873,0.3614230,-0.1307665,-2.1656761,7.0373788,6.4823813,0.0967693,0.4002141,0.7843515,0.4639582
gait_20260920_035116_owner_phone_shake_1,owner_phone_shake_1,2533365867865553,2026-09-20T03:52:06.218361Z,-2.0684407,7.4552450,6.0266547,0.7247779,0.2942245,-0.2059921,-2.2306418,7.1227522,6.3660626,0.0970011,0.4074962,0.7808852,0.4634179
gait_20260920_035116_owner_phone_shake_1,owner_phone_shake_1,2533365878043776,2026-09-20T03:52:06.218555Z,-2.6398318,7.6454344,3.3549500,0.7247779,0.2942245,-0.2059921,-2.2306418,7.1227522,6.3660626,0.0970011,0.4074962,0.7808852,0.4634179
gait_20260920_035116_owner_phone_shake_1,owner_phone_shake_1,2533365888013137,2026-09-20T03:52:06.238944Z,-3.3244238,8.0066595,2.0500352,0.2191487,0.6996639,-0.1556807,-2.3286254,7.1844826,6.2607369,0.0946216,0.4145764,0.7780348,0.4624232
gait_20260920_035116_owner_phone_shake_1,owner_phone_shake_1,2533365898123326,2026-09-20T03:52:06.239353Z,-2.6164885,7.5834093,3.4234841,0.2191487,0.6996639,-0.1556807,-2.3286254,7.1844826,6.2607369,0.0946216,0.4145764,0.7780348,0.4624232
gait_20260920_035116_owner_phone_shake_1,owner_phone_shake_1,2533365908213006,2026-09-20T03:52:06.258189Z,-2.3965211,7.5985975,4.9221048,-0.4327850,0.4107686,-0.1331480,-2.4187143,7.1435666,6.2733879,0.0881489,0.4152181,0.7793398,0.4609264
gait_20260920_035116_owner_phone_shake_1,owner_phone_shake_1,2533365918291904,2026-09-20T03:52:06.258388Z,-2.6323500,7.8439283,5.7822218,-0.4327850,0.4107686,-0.1331480,-2.4187143,7.1435666,6.2733879,0.0881489,0.4152181,0.7793398,0.4609264
gait_20260920_035116_owner_phone_shake_1,owner_phone_shake_1,2533365928351109,2026-09-20T03:52:06.278221Z,-3.1684268,7.7620769,5.6407394,-0.3133432,0.0896646,-0.2503582,-2.4895527,7.0963430,6.2992182,0.0836398,0.4146127,0.7795720,0.4619179
gait_20260920_035116_owner_phone_shake_1,owner_phone_shake_1,2533365938461338,2026-09-20T03:52:06.278460Z,-2.9691842,7.7075338,5.1927991,-0.3133432,0.0896646,-0.2503582,-2.4895527,7.0963430,6.2992182,0.0836398,0.4146127,0.7795720,0.4619179
