session_id,label,t_ns,wall_time_utc,accel_x_mps2,accel_y_mps2,accel_z_mps2,gyro_x_rads,gyro_y_rads,gyro_z_rads,gravity_x_mps2,gravity_y_mps2,gravity_z_mps2,rotation_qx,rotation_qy,rotation_qz,rotation_qw
gait_20260919_223030_andrew_abnormal_rightleg_rightpocket_3,andrew_abnormal_rightleg_rightpocket_3,2514067342408087,2026-09-19T22:30:30.509626Z,2.1190181,5.2000566,7.2551045,,,,,,,,,,
gait_20260919_223030_andrew_abnormal_rightleg_rightpocket_3,andrew_abnormal_rightleg_rightpocket_3,2514067352489952,2026-09-19T22:30:30.509840Z,2.1291935,5.1464114,7.3293996,,,,,,,,,,
gait_20260919_223030_andrew_abnormal_rightleg_rightpocket_3,andrew_abnormal_rightleg_rightpocket_3,2514067362570809,2026-09-19T22:30:30.509891Z,2.6220999,5.1681838,6.7279310,-0.2823836,0.1443061,-0.1692370,,,,,,,
gait_20260919_223030_andrew_abnormal_rightleg_rightpocket_3,andrew_abnormal_rightleg_rightpocket_3,2514067372639262,2026-09-19T22:30:30.509949Z,2.2040124,5.3185697,6.7696800,-0.2823836,0.1443061,-0.1692370,,,,,,,
gait_20260919_223030_andrew_abnormal_rightleg_rightpocket_3,andrew_abnormal_rightleg_rightpocket_3,2514067382750306,2026-09-19T22:30:30.521656Z,2.1510406,5.3786488,6.9802952,-0.3311796,0.0230157,-0.2401993,,,,,,,
gait_20260919_223030_andrew_abnormal_rightleg_rightpocket_3,andrew_abnormal_rightleg_rightpocket_3,2514067392832785,2026-09-19T22:30:30.521898Z,2.3470659,5.2010293,7.0927477,-0.3311796,0.0230157,-0.2401993,,,,,,,
gait_20260919_223030_andrew_abnormal_rightleg_rightpocket_3,andrew_abnormal_rightleg_rightpocket_3,2514067402917583,2026-09-19T22:30:30.541642Z,2.3644986,5.0662055,7.1517797,-0.2947575,0.0032309,-0.2249610,,,,,,,
gait_20260919_223030_andrew_abnormal_rightleg_rightpocket_3,andrew_abnormal_rightleg_rightpocket_3,2514067412974630,2026-09-19T22:30:30.541921Z,2.2769606,5.0650086,7.2046018,-0.2947575,0.0032309,-0.2249610,,,,,,,
gait_20260919_223030_andrew_abnormal_rightleg_rightpocket_3,andrew_abnormal_rightleg_rightpocket_3,2514067423093323,2026-09-19T22:30:30.561794Z,2.0236242,5.1616745,7.2363248,-0.2422477,-0.0555075,-0.1598442,,,,,,,
gait_20260919_223030_andrew_abnormal_rightleg_rightpocket_3,andrew_abnormal_rightleg_rightpocket_3,2514067433165915,2026-09-19T22:30:30.562058Z,1.9288287,5.2023759,7.3020906,-0.2422477,-0.0555075,-0.1598442,,,,,,,
gait_20260919_223030_andrew_abnormal_rightleg_rightpocket_3,andrew_abnormal_rightleg_rightpocket_3,2514067443250143,2026-09-19T22:30:30.581612Z,2.0925324,4.9467950,7.2746325,-0.1872898,-0.1158945,-0.0741432,,,,,,,
gait_20260919_223030_andrew_abnormal_rightleg_rightpocket_3,andrew_abnormal_rightleg_rightpocket_3,2514067453337789,2026-09-19T22:30:30.582005Z,2.1957073,4.7675290,7.2034049,-0.1872898,-0.1158945,-0.0741432,,,,,,,
gait_20260919_223030_andrew_abnormal_rightleg_rightpocket_3,andrew_abnormal_rightleg_rightpocket_3,2514067463413107,2026-09-19T22:30:30.601696Z,2.1373487,4.8173585,7.0402250,-0.2154349,-0.0748593,-0.0901642,,,,,,,
gait_20260919_223030_andrew_abnormal_rightleg_rightpocket_3,andrew_abnormal_rightleg_rightpocket_3,2514067473505392,2026-09-19T22:30:30.601992Z,2.0802619,4.9125276,6.8566942,-0.2154349,-0.0748593,-0.0901642,,,,,,,
gait_20260919_223030_andrew_abnormal_rightleg_rightpocket_3,andrew_abnormal_rightleg_rightpocket_3,2514067483590150,2026-09-19T22:30:30.621830Z,1.8418893,4.9600377,6.8062663,-0.3467509,-0.0953603,-0.0930287,2.2611871,5.6095700,7.7237215,,,,
gait_20260919_223030_andrew_abnormal_rightleg_rightpocket_3,andrew_abnormal_rightleg_rightpocket_3,2514067493649801,2026-09-19T22:30:30.622203Z,1.6022446,5.0103159,6.9218616,-0.3467509,-0.0953603,-0.0930287,2.2611871,5.6095700,7.7237215,,,,
gait_20260919_223030_andrew_abnormal_rightleg_rightpocket_3,andrew_abnormal_rightleg_rightpocket_3,2514067503759095,2026-09-19T22:30:30.641646Z,2.2929718,4.8833485,7.1407814,-0.4303369,-0.1816275,-0.1497686,2.2677891,5.5559344,7.7604666,,,,
gait_20260919_223030_andrew_abnormal_rightleg_rightpocket_3,andrew_abnormal_rightleg_rightpocket_3,2514067513863221,2026-09-19T22:30:30.642042Z,2.3028479,4.8000002,7.2497926,-0.4303369,-0.1816275,-0.1497686,2.2677891,5.5559344,7.7604666,,,,
gait_20260919_223030_andrew_abnormal_rightleg_rightpocket_3,andrew_abnormal_rightleg_rightpocket_3,2514067523925803,2026-09-19T22:30:30.661693Z,1.8858827,4.4915972,7.2773256,-0.4927890,-0.1605270,-0.2086235,2.2787590,5.4933782,7.8016772,0.2042283,-0.2472621,-0.4380560,0.8397971
gait_20260919_223030_andrew_abnormal_rightleg_rightpocket_3,andrew_abnormal_rightleg_rightpocket_3,2514067534011088,2026-09-19T22:30:30.662093Z,2.2746413,4.2939258,7.4872675,-0.4927890,-0.1605270,-0.2086235,2.2787590,5.4933782,7.8016772,0.2042283,-0.2472621,-0.4380560,0.8397971
gait_20260919_223030_andrew_abnormal_rightleg_rightpocket_3,andrew_abnormal_rightleg_rightpocket_3,2514067544104432,2026-09-19T22:30:30.681438Z,2.2746413,4.3459249,7.7964187,-0.5267630,-0.3102789,-0.2462446,2.2812092,5.4238634,7.8494525,0.1997611,-0.2460015,-0.4414943,0.8394413
gait_20260919_223030_andrew_abnormal_rightleg_rightpocket_3,andrew_abnormal_rightleg_rightpocket_3,2514067554162863,2026-09-19T22:30:30.681842Z,2.1246295,4.4855371,8.3568859,-0.5267630,-0.3102789,-0.2462446,2.2812092,5.4238634,7.8494525,0.1997611,-0.2460015,-0.4414943,0.8394413
gait_20260919_223030_andrew_abnormal_rightleg_rightpocket_3,andrew_abnormal_rightleg_rightpocket_3,2514067564240948,2026-09-19T22:30:30.701719Z,2.0302081,4.5820532,8.8392429,-0.3981782,-0.5268796,-0.2585519,2.3082280,5.3516669,7.8909993,0.1943970,-0.2460467,-0.4456106,0.8385118
gait_20260919_223030_andrew_abnormal_rightleg_rightpocket_3,andrew_abnormal_rightleg_rightpocket_3,2514067574323100,2026-09-19T22:30:30.702677Z,2.1352539,4.4776063,9.1498909,-0.3981782,-0.5268796,-0.2585519,2.3082280,5.3516669,7.8909993,0.1943970,-0.2460467,-0.4456106,0.8385118
gait_20260919_223030_andrew_abnormal_rightleg_rightpocket_3,andrew_abnormal_rightleg_rightpocket_3,2514067584412049,2026-09-19T22:30:30.721763Z,2.2227170,4.3667994,9.2609215,-0.0945942,-0.7542887,-0.2562370,2.3712082,5.3058352,7.9032650,0.1893939,-0.2487281,-0.4498281,0.8366117
gait_20260919_223030_andrew_abnormal_rightleg_rightpocket_3,andrew_abnormal_rightleg_rightpocket_3,2514067594495871,2026-09-19T22:30:30.722600Z,2.2432175,4.1131635,9.0648222,-0.0945942,-0.7542887,-0.2562370,2.3712082,5.3058352,7.9032650,0.1893939,-0.2487281,-0.4498281,0.8366117
gait_20260919_223030_andrew_abnormal_rightleg_rightpocket_3,andrew_abnormal_rightleg_rightpocket_3,2514067604601177,2026-09-19T22:30:30.741570Z,2.2842929,3.6781671,8.3784342,0.3025015,-0.9932889,-0.0870166,2.4692156,5.2949395,7.8805265,0.1855884,-0.2543585,-0.4535455,0.8337597
gait_20260919_223030_andrew_abnormal_rightleg_rightpocket_3,andrew_abnormal_rightleg_rightpocket_3,2514067614688212,2026-09-19T22:30:30.741996Z,2.0297594,3.3342252,7.3259578,0.3025015,-0.9932889,-0.0870166,2.4692156,5.2949395,7.8805265,0.1855884,-0.2543585,-0.4535455,0.8337597
gait_20260919_223030_andrew_abnormal_rightleg_rightpocket_3,andrew_abnormal_rightleg_rightpocket_3,2514067624745382,2026-09-19T22:30:30.761438Z,1.5751603,2.7719619,5.8934770,0.6587285,-1.5000838,0.3304301,2.6312349,5.3567390,7.7857599,0.1840448,-0.2648484,-0.4548526,0.8301156
gait_20260919_223030_andrew_abnormal_rightleg_rightpocket_3,andrew_abnormal_rightleg_rightpocket_3,2514067634855775,2026-09-19T22:30:30.761768Z,0.4005799,1.7610102,4.3054481,0.6587285,-1.5000838,0.3304301,2.6312349,5.3567390,7.7857599,0.1840448,-0.2648484,-0.4548526,0.8301156
gait_20260919_223030_andrew_abnormal_rightleg_rightpocket_3,andrew_abnormal_rightleg_rightpocket_3,2514067644912619,2026-09-19T22:30:30.781551Z,-1.3886369,0.6505495,2.7029040,0.8325453,-2.2542892,1.2099062,2.9300330,5.4423680,7.6178498,0.1813920,-0.2823877,-0.4521441,0.8263897
gait_20260919_223030_andrew_abnormal_rightleg_rightpocket_3,andrew_abnormal_rightleg_rightpocket_3,2514067655022685,2026-09-19T22:30:30.782472Z,-0.4371663,-0.2422633,1.5988030,0.8325453,-2.2542892,1.2099062,2.9300330,5.4423680,7.6178498,0.1813920,-0.2823877,-0.4521441,0.8263897
gait_20260919_223030_andrew_abnormal_rightleg_rightpocket_3,andrew_abnormal_rightleg_rightpocket_3,2514067665109762,2026-09-19T22:30:30.801443Z,-0.7950994,-0.6323685,0.7877672,1.0298609,-3.0394042,2.0706298,3.4448493,5.4839497,7.3685427,0.1736424,-0.3087139,-0.4423538,0.8239341
gait_20260919_223030_andrew_abnormal_rightleg_rightpocket_3,andrew_abnormal_rightleg_rightpocket_3,2514067675167380,2026-09-19T22:30:30.802291Z,0.4876690,-0.2300678,0.2507926,1.0298609,-3.0394042,2.0706298,3.4448493,5.4839497,7.3685427,0.1736424,-0.3087139,-0.4423538,0.8239341
gait_20260919_223030_andrew_abnormal_rightleg_rightpocket_3,andrew_abnormal_rightleg_rightpocket_3,2514067685274964,2026-09-19T22:30:30.821474Z,2.4016087,0.4857237,-0.2229600,1.0648007,-4.1119156,2.2955410,4.1539907,5.4684763,7.0054440,0.1611367,-0.3436885,-0.4259636,0.8212601
gait_20260919_223030_andrew_abnormal_rightleg_rightpocket_3,andrew_abnormal_rightleg_rightpocket_3,2514067695358094,2026-09-19T22:30:30.821967Z,4.2060885,1.3016975,-0.1310825,1.0648007,-4.1119156,2.2955410,4.1539907,5.4684763,7.0054440,0.1611367,-0.3436885,-0.4259636,0.8212601
gait_20260919_223030_andrew_abnormal_rightleg_rightpocket_3,andrew_abnormal_rightleg_rightpocket_3,2514067705421652,2026-09-19T22:30:30.841637Z,5.0383730,1.6635213,0.1583914,0.8986447,-4.9066401,1.8321460,4.9916778,5.4024124,6.4910107,0.1433161,-0.3871993,-0.4098320,0.8133726
gait_20260919_223030_andrew_abnormal_rightleg_rightpocket_3,andrew_abnormal_rightleg_rightpocket_3,2514067715502951,2026-09-19T22:30:30.842520Z,6.1620016,1.0696096,0.8726865,0.8986447,-4.9066401,1.8321460,4.9916778,5.4024124,6.4910107,0.1433161,-0.3871993,-0.4098320,0.8133726
gait_20260919_223030_andrew_abnormal_rightleg_rightpocket_3,andrew_abnormal_rightleg_rightpocket_3,2514067725612366,2026-09-19T22:30:30.861768Z,6.6295447,0.2583493,1.8290952,0.7903943,-5.2026134,1.3165412,5.8057446,5.3216405,5.8488965,0.1226919,-0.4339427,-0.3988856,0.7984552
gait_20260919_223030_andrew_abnormal_rightleg_rightpocket_3,andrew_abnormal_rightleg_rightpocket_3,2514067735672181,2026-09-19T22:30:30.862552Z,6.7701292,-0.7080852,2.9221981,0.7903943,-5.2026134,1.3165412,5.8057446,5.3216405,5.8488965,0.1226919,-0.4339427,-0.3988856,0.7984552
gait_20260919_223030_andrew_abnormal_rightleg_rightpocket_3,andrew_abnormal_rightleg_rightpocket_3,2514067745778952,2026-09-19T22:30:30.881471Z,6.5460467,-1.8592472,3.7743843,1.1424745,-4.9523549,1.2957571,6.5174823,5.2546139,5.1134696,0.1024702,-0.4801077,-0.3911932,0.7784372
gait_20260919_223030_andrew_abnormal_rightleg_rightpocket_3,andrew_abnormal_rightleg_rightpocket_3,2514067755864727,2026-09-19T22:30:30.881953Z,7.2283192,-3.4143560,3.6437504,1.1424745,-4.9523549,1.2957571,6.5174823,5.2546139,5.1134696,0.1024702,-0.4801077,-0.3911932,0.7784372
gait_20260919_223030_andrew_abnormal_rightleg_rightpocket_3,andrew_abnormal_rightleg_rightpocket_3,2514067765927552,2026-09-19T22:30:30.902108Z,7.3106203,-4.9886184,1.9152117,1.2832000,-4.5211353,1.5455490,7.1201477,5.1876431,4.3160148,0.0862229,-0.5237777,-0.3794703,0.7577763
gait_20260919_223030_andrew_abnormal_rightleg_rightpocket_3,andrew_abnormal_rightleg_rightpocket_3,2514067776034241,2026-09-19T22:30:30.902563Z,6.2786441,-5.7834187,0.2755576,1.2832000,-4.5211353,1.5455490,7.1201477,5.1876431,4.3160148,0.0862229,-0.5237777,-0.3794703,0.7577763
gait_20260919_223030_andrew_abnormal_rightleg_rightpocket_3,andrew_abnormal_rightleg_rightpocket_3,2514067786116965,2026-09-19T22:30:30.921548Z,3.7366006,-8.4931316,-0.9758617,0.5657665,-4.0383220,2.0157886,7.6429753,5.0422587,3.5208912,0.0699432,-0.5634806,-0.3637358,0.7384402
gait_20260919_223030_andrew_abnormal_rightleg_rightpocket_3,andrew_abnormal_rightleg_rightpocket_3,2514067796186219,2026-09-19T22:30:30.921842Z,3.9662943,-10.1315880,-2.0041714,0.5657665,-4.0383220,2.0157886,7.6429753,5.0422587,3.5208912,0.0699432,-0.5634806,-0.3637358,0.7384402
gait_20260919_223030_andrew_abnormal_rightleg_rightpocket_3,andrew_abnormal_rightleg_rightpocket_3,2514067806282654,2026-09-19T22:30:30.941222Z,2.2429180,-6.5422311,-0.4272154,-0.4248244,-3.2952082,3.6966341,8.1105328,4.7203321,2.8589928,0.0459517,-0.5950666,-0.3477228,0.7230996
gait_20260919_223030_andrew_abnormal_rightleg_rightpocket_3,andrew_abnormal_rightleg_rightpocket_3,2514067816371766,2026-09-19T22:30:30.941644Z,2.9269865,-4.3982234,1.6254385,-0.4248244,-3.2952082,3.6966341,8.1105328,4.7203321,2.8589928,0.0459517,-0.5950666,-0.3477228,0.7230996
gait_20260919_223030_andrew_abnormal_rightleg_rightpocket_3,andrew_abnormal_rightleg_rightpocket_3,2514067826429261,2026-09-19T22:30:30.961233Z,6.4119716,-5.0769048,3.4237833,-0.6505182,-2.6472547,5.5059977,8.6364813,3.9997816,2.3767745,0.0060733,-0.6171048,-0.3225084,0.7177278
gait_20260919_223030_andrew_abnormal_rightleg_rightpocket_3,andrew_abnormal_rightleg_rightpocket_3,2514067836540020,2026-09-19T22:30:30.961466Z,10.9062624,-7.2397666,4.6408606,-0.6505182,-2.6472547,5.5059977,8.6364813,3.9997816,2.3767745,0.0060733,-0.6171048,-0.3225084,0.7177278
gait_20260919_223030_andrew_abnormal_rightleg_rightpocket_3,andrew_abnormal_rightleg_rightpocket_3,2514067846622376,2026-09-19T22:30:30.991953Z,14.2576952,-8.9096479,4.8463130,-0.5849684,-2.3486502,5.1902394,9.1488142,2.9427581,1.9686242,-0.0426222,-0.6323642,-0.2848220,0.7191491
gait_20260919_223030_andrew_abnormal_rightleg_rightpocket_3,andrew_abnormal_rightleg_rightpocket_3,2514067856722637,2026-09-19T22:30:30.994030Z,15.5869265,-9.0992384,3.9986162,-0.5849684,-2.3486502,5.1902394,9.1488142,2.9427581,1.9686242,-0.0426222,-0.6323642,-0.2848220,0.7191491
gait_20260919_223030_andrew_abnormal_rightleg_rightpocket_3,andrew_abnormal_rightleg_rightpocket_3,2514067866766379,2026-09-19T22:30:31.018212Z,14.8357458,-8.0201263,3.2928503,-0.5421013,-2.7167349,4.5741782,9.4833956,1.9671704,1.5593425,-0.0857315,-0.6443937,-0.2501928,0.7175030
gait_20260919_223030_andrew_abnormal_rightleg_rightpocket_3,andrew_abnormal_rightleg_rightpocket_3,2514067876849834,2026-09-19T22:30:31.018557Z,13.9085913,-7.1320276,3.2652421,-0.5421013,-2.7167349,4.5741782,9.4833956,1.9671704,1.5593425,-0.0857315,-0.6443937,-0.2501928,0.7175030
gait_20260919_223030_andrew_abnormal_rightleg_rightpocket_3,andrew_abnormal_rightleg_rightpocket_3,2514067886935527,2026-09-19T22:30:31.024572Z,13.9373960,-6.7766385,6.4944963,-0.2728076,-3.0129411,4.7940097,9.6957970,1.0815891,1.0284978,-0.1257377,-0.6586864,-0.2181876,0.7090250
gait_20260919_223030_andrew_abnormal_rightleg_rightpocket_3,andrew_abnormal_rightleg_rightpocket_3,2514067897018738,2026-09-19T22:30:31.024757Z,17.1279697,-6.7873373,7.3159323,-0.2728076,-3.0129411,4.7940097,9.6957970,1.0815891,1.0284978,-0.1257377,-0.6586864,-0.2181876,0.7090250
gait_20260919_223030_andrew_abnormal_rightleg_rightpocket_3,andrew_abnormal_rightleg_rightpocket_3,2514067907105612,2026-09-19T22:30:31.046622Z,21.7241631,-6.1159883,8.8654299,0.5691472,-2.9372826,4.6072364,9.7995424,0.1264025,0.4348265,-0.1656188,-0.6726979,-0.1806185,0.6981583
gait_20260919_223030_andrew_abnormal_rightleg_rightpocket_3,andrew_abnormal_rightleg_rightpocket_3,2514067917210511,2026-09-19T22:30:31.047055Z,25.6194553,-4.6605382,9.6877632,0.5691472,-2.9372826,4.6072364,9.7995424,0.1264025,0.4348265,-0.1656188,-0.6726979,-0.1806185,0.6981583
gait_20260919_223030_andrew_abnormal_rightleg_rightpocket_3,andrew_abnormal_rightleg_rightpocket_3,2514067927293966,2026-09-19T22:30:31.061629Z,28.3043270,-2.5474305,9.4270191,1.5263970,-2.5024991,3.0683322,9.7798748,-0.7571066,-0.1302140,-0.1957051,-0.6858898,-0.1388841,0.6869978
gait_20260919_223030_andrew_abnormal_rightleg_rightpocket_3,andrew_abnormal_rightleg_rightpocket_3,2514067937362041,2026-09-19T22:30:31.061846Z,29.3216381,-0.7431003,8.2231102,1.5263970,-2.5024991,3.0683322,9.7798748,-0.7571066,-0.1302140,-0.1957051,-0.6858898,-0.1388841,0.6869978
gait_20260919_223030_andrew_abnormal_rightleg_rightpocket_3,andrew_abnormal_rightleg_rightpocket_3,2514067947467469,2026-09-19T22:30:31.081734Z,29.2005825,0.5857564,6.1608047,1.5533930,-1.9328521,1.0823373,9.7063417,-1.3049598,-0.5658076,-0.2062120,-0.6988540,-0.1036423,0.6770066
gait_20260919_223030_andrew_abnormal_rightleg_rightpocket_3,andrew_abnormal_rightleg_rightpocket_3,2514067957546693,2026-09-19T22:30:31.081973Z,28.6209602,1.5676036,3.9609075,1.5533930,-1.9328521,1.0823373,9.7063417,-1.3049598,-0.5658076,-0.2062120,-0.6988540,-0.1036423,0.6770066
gait_20260919_223030_andrew_abnormal_rightleg_rightpocket_3,andrew_abnormal_rightleg_rightpocket_3,2514067987799256,2026-09-19T22:30:31.112590Z,24.8468761,2.2533927,-0.7312790,0.5898647,-1.4649107,-0.3676849,9.6593885,-1.4680394,-0.8815976,-0.2029863,-0.7111841,-0.0843622,0.6677551
gait_20260919_223030_andrew_abnormal_rightleg_rightpocket_3,andrew_abnormal_rightleg_rightpocket_3,2514068007967428,2026-09-19T22:30:31.132096Z,17.7252483,6.6674776,-3.1545851,-0.9551347,-0.2561704,-1.1172272,9.6491737,-1.3558177,-1.1363597,-0.1972154,-0.7218469,-0.0830450,0.6581389
gait_20260919_223030_andrew_abnormal_rightleg_rightpocket_3,andrew_abnormal_rightleg_rightpocket_3,2514068028127870,2026-09-19T22:30:31.153133Z,17.8446579,10.7050743,1.5771804,-1.9949046,0.3434535,-1.5583059,9.6779394,-1.0855781,-1.1811476,-0.1964271,-0.7236524,-0.1000867,0.6540078
gait_20260919_223030_andrew_abnormal_rightleg_rightpocket_3,andrew_abnormal_rightleg_rightpocket_3,2514068048304627,2026-09-19T22:30:31.172614Z,15.4480629,12.6742306,0.7839514,-1.9099531,-0.1873398,-2.2425482,9.7166605,-0.7091296,-1.1487931,-0.1977738,-0.7221668,-0.1272267,0.6505182
gait_20260919_223030_andrew_abnormal_rightleg_rightpocket_3,andrew_abnormal_rightleg_rightpocket_3,2514068068477072,2026-09-19T22:30:31.192769Z,11.4437599,13.5413055,-1.6137668,-1.5008832,-0.1884389,-2.5657506,9.7319469,-0.2000838,-1.2187217,-0.1930255,-0.7259246,-0.1557386,0.6414983
gait_20260919_223030_andrew_abnormal_rightleg_rightpocket_3,andrew_abnormal_rightleg_rightpocket_3,2514068088641338,2026-09-19T22:30:31.213047Z,8.8697691,12.0537577,-0.3983353,-0.9884259,-0.0645339,-2.5887330,9.7238350,0.3479427,-1.2498249,-0.1832584,-0.7295489,-0.1826119,0.6331096
gait_20260919_223030_andrew_abnormal_rightleg_rightpocket_3,andrew_abnormal_rightleg_rightpocket_3,2514068108810121,2026-09-19T22:30:31.232990Z,6.7120695,10.7442045,0.0902315,-0.1896380,-0.0197349,-2.5716794,9.6901760,0.8798174,-1.2500178,-0.1697290,-0.7328275,-0.2054874,0.6260439
gait_20260919_223030_andrew_abnormal_rightleg_rightpocket_3,andrew_abnormal_rightleg_rightpocket_3,2514068128958070,2026-09-19T22:30:31.254510Z,6.5400610,9.4024792,-0.5433341,0.7579525,0.4921395,-2.5130243,9.6320677,1.3823766,-1.2443583,-0.1507446,-0.7367716,-0.2218964,0.6206493
gait_20260919_223030_andrew_abnormal_rightleg_rightpocket_3,andrew_abnormal_rightleg_rightpocket_3,2514068149127707,2026-09-19T22:30:31.273578Z,4.8128691,7.3255839,-2.1748331,1.6118982,0.5307100,-2.3857384,9.5644569,1.8452548,-1.1628838,-0.1248705,-0.7387847,-0.2313949,0.6205328
gait_20260919_223030_andrew_abnormal_rightleg_rightpocket_3,andrew_abnormal_rightleg_rightpocket_3,2514068169315695,2026-09-19T22:30:31.293939Z,3.6178632,4.9749265,-3.4704702,1.9744703,-0.5435501,-2.1419420,9.4763031,2.2626269,-1.1473068,-0.0951050,-0.7426507,-0.2337995,0.6202925
gait_20260919_223030_andrew_abnormal_rightleg_rightpocket_3,andrew_abnormal_rightleg_rightpocket_3,2514068189489605,2026-09-19T22:30:31.314540Z,3.9202809,0.3018939,-5.3386955,1.7306072,-1.4736208,-1.9526536,9.3531618,2.6106279,-1.3925174,-0.0687442,-0.7538655,-0.2312045,0.6111511
gait_20260919_223030_andrew_abnormal_rightleg_rightpocket_3,andrew_abnormal_rightleg_rightpocket_3,2514068209652528,2026-09-19T22:30:31.334146Z,6.4096522,-1.2351089,-5.8828530,0.4982015,-1.5441334,-1.8387077,9.1955290,2.9158711,-1.7821501,-0.0478498,-0.7684869,-0.2293628,0.5954252
gait_20260919_223030_andrew_abnormal_rightleg_rightpocket_3,andrew_abnormal_rightleg_rightpocket_3,2514068229807842,2026-09-19T22:30:31.355379Z,6.0748377,-0.8387188,-1.1768998,-0.4694236,-0.4879261,-2.1234894,9.0229130,3.2471406,-2.0686381,-0.0354857,-0.7785830,-0.2378837,0.5796212
gait_20260919_223030_andrew_abnormal_rightleg_rightpocket_3,andrew_abnormal_rightleg_rightpocket_3,2514068249989116,2026-09-19T22:30:31.374363Z,8.1654253,-2.3109283,-0.3247136,-0.1630584,-0.0909470,-2.2449131,8.8587132,3.6609774,-2.0872350,-0.0226459,-0.7796755,-0.2548498,0.5715285
gait_20260919_223030_andrew_abnormal_rightleg_rightpocket_3,andrew_abnormal_rightleg_rightpocket_3,2514068270135276,2026-09-19T22:30:31.394532Z,9.5174751,-2.1410148,-1.1779473,0.6388771,-0.0643507,-2.2952745,8.6802521,4.0635161,-2.0921776,-0.0054468,-0.7801477,-0.2683522,0.5650903
gait_20260919_223030_andrew_abnormal_rightleg_rightpocket_3,andrew_abnormal_rightleg_rightpocket_3,2514068290326397,2026-09-19T22:30:31.414721Z,8.6521215,0.6263082,-1.7399113,1.2689610,0.1885388,-1.8146927,8.7726116,3.8479908,-2.1143181,-0.0026585,-0.7808435,-0.2538537,0.5708194
gait_20260919_223030_andrew_abnormal_rightleg_rightpocket_3,andrew_abnormal_rightleg_rightpocket_3,2514068310494651,2026-09-19T22:30:31.435226Z,7.8959274,2.3906853,-2.0917840,1.3440534,0.6646907,-0.7088235,8.6506672,4.0818825,-2.1772382,0.0186416,-0.7826898,-0.2529111,0.5684060
gait_20260919_223030_andrew_abnormal_rightleg_rightpocket_3,andrew_abnormal_rightleg_rightpocket_3,2514068330657695,2026-09-19T22:30:31.454775Z,7.5463743,2.3319526,-1.5042320,1.0341408,0.4912402,0.4261235,8.6414900,4.1089582,-2.1626811,0.0315655,-0.7818170,-0.2453261,0.5723469
gait_20260919_223030_andrew_abnormal_rightleg_rightpocket_3,andrew_abnormal_rightleg_rightpocket_3,2514068350831646,2026-09-19T22:30:31.474929Z,6.3265285,1.8085201,-1.2337620,0.7863474,-0.1215902,1.6757326,8.7127953,3.9524095,-2.1683681,0.0326294,-0.7819694,-0.2340721,0.5767751
gait_20260919_223030_andrew_abnormal_rightleg_rightpocket_3,andrew_abnormal_rightleg_rightpocket_3,2514068370978130,2026-09-19T22:30:31.495590Z,5.2925324,0.1310077,-3.4157028,0.9528199,-0.7182996,3.0000176,8.8479080,3.5779161,-2.2691753,0.0209457,-0.7856500,-0.2171951,0.5789143
gait_20260919_223030_andrew_abnormal_rightleg_rightpocket_3,andrew_abnormal_rightleg_rightpocket_3,2514068391175274,2026-09-19T22:30:31.516424Z,6.5778446,-2.0725558,-4.8100262,1.2252444,-1.4165645,4.6933036,9.0232153,2.9384828,-2.4865682,-0.0014307,-0.7929431,-0.1904413,0.5787671
gait_20260919_223030_andrew_abnormal_rightleg_rightpocket_3,andrew_abnormal_rightleg_rightpocket_3,2514068411337302,2026-09-19T22:30:31.535465Z,9.5301199,-2.4221091,-3.1316159,1.4920733,-1.5630856,6.6361313,9.1891165,1.9418256,-2.8329375,-0.0378178,-0.8031024,-0.1508628,0.5751840
gait_20260919_223030_andrew_abnormal_rightleg_rightpocket_3,andrew_abnormal_rightleg_rightpocket_3,2514068431505027,2026-09-19T22:30:31.555896Z,22.4622498,-1.1435306,-3.3642275,2.1317332,-0.6380777,8.6288881,9.2726088,0.5156010,-3.1605341,-0.0889159,-0.8094281,-0.0959946,0.5724555
gait_20260919_223030_andrew_abnormal_rightleg_rightpocket_3,andrew_abnormal_rightleg_rightpocket_3,2514068451668438,2026-09-19T22:30:31.576322Z,25.6713047,4.0029554,-0.0099509,2.1625929,2.1236892,8.3591108,9.1849108,-1.2858589,-3.1968887,-0.1492033,-0.8016831,-0.0265492,0.5782194
gait_20260919_223030_andrew_abnormal_rightleg_rightpocket_3,andrew_abnormal_rightleg_rightpocket_3,2514068471842673,2026-09-19T22:30:31.596140Z,18.2539921,7.9540620,0.2849848,1.6524171,4.4323201,6.7712445,8.9930000,-2.9131379,-2.6221564,-0.2026830,-0.7711300,0.0334442,0.6026272
gait_20260919_223030_andrew_abnormal_rightleg_rightpocket_3,andrew_abnormal_rightleg_rightpocket_3,2514068492011862,2026-09-19T22:30:31.616076Z,15.4285355,5.8479872,-2.4254012,0.5448825,5.6592965,5.5616384,8.7389450,-4.1380649,-1.6563187,-0.2450554,-0.7255961,0.0742543,0.6387054
gait_20260919_223030_andrew_abnormal_rightleg_rightpocket_3,andrew_abnormal_rightleg_rightpocket_3,2514068512181174,2026-09-19T22:30:31.636597Z,10.5729446,1.5509938,-3.4075475,-0.9579659,6.0730128,4.3116126,8.3766813,-5.0672679,-0.6245821,-0.2860897,-0.6723948,0.0957811,0.6759171
gait_20260919_223030_andrew_abnormal_rightleg_rightpocket_3,andrew_abnormal_rightleg_rightpocket_3,2514068532349387,2026-09-19T22:30:31.656840Z,11.3550997,-5.0943375,-2.5427918,-1.9740040,4.6483212,2.4652774,7.9584780,-5.7308235,0.2374648,-0.3272054,-0.6188007,0.0970664,0.7075313
gait_20260919_223030_andrew_abnormal_rightleg_rightpocket_3,andrew_abnormal_rightleg_rightpocket_3,2514068552516542,2026-09-19T22:30:31.677510Z,5.3907695,-9.4210339,-0.1763479,-1.8427879,1.7991879,-0.2076076,7.6781669,-6.0703783,0.6575595,-0.3590609,-0.5827284,0.0837021,0.7242215
gait_20260919_223030_andrew_abnormal_rightleg_rightpocket_3,andrew_abnormal_rightleg_rightpocket_3,2514068572684673,2026-09-19T22:30:31.700099Z,1.3728502,-11.5344410,3.8807018,-1.1374284,0.6751160,-1.4987848,7.7386518,-5.9930205,0.6581141,-0.3694989,-0.5761050,0.0631895,0.7263476
gait_20260919_223030_andrew_abnormal_rightleg_rightpocket_3,andrew_abnormal_rightleg_rightpocket_3,2514068592831687,2026-09-19T22:30:31.725180Z,0.8493431,-10.1115370,4.1484032,0.1493522,-0.9575496,-1.1339145,7.9247947,-5.7499251,0.6100163,-0.3673350,-0.5795894,0.0442027,0.7260767
gait_20260919_223030_andrew_abnormal_rightleg_rightpocket_3,andrew_abnormal_rightleg_rightpocket_3,2514068613000103,2026-09-19T22:30:31.765854Z,3.2480338,-7.0998554,2.9555671,1.2293580,-1.7142696,-0.1918696,8.0509319,-5.5864115,0.4589404,-0.3583694,-0.5917380,0.0434103,0.7207863
gait_20260919_223030_andrew_abnormal_rightleg_rightpocket_3,andrew_abnormal_rightleg_rightpocket_3,2514068633192729,2026-09-19T22:30:31.789949Z,3.0431051,-3.7251534,0.6849661,1.2359363,-1.0482301,0.5976587,8.0656700,-5.5740690,0.3329031,-0.3476374,-0.6034867,0.0575939,0.7152867
gait_20260919_223030_andrew_abnormal_rightleg_rightpocket_3,andrew_abnormal_rightleg_rightpocket_3,2514068653339296,2026-09-19T22:30:31.790123Z,2.6118495,-3.0216322,-0.9549872,0.6594447,-0.3889852,1.6465882,7.9825020,-5.6929221,0.3262258,-0.3436293,-0.6060803,0.0731132,0.7136105
gait_20260919_223030_andrew_abnormal_rightleg_rightpocket_3,andrew_abnormal_rightleg_rightpocket_3,2514068673511943,2026-09-19T22:30:31.803297Z,3.7793970,-3.8287773,-1.1316344,-0.0306765,-0.3557107,2.9227436,7.7644348,-5.9860516,0.3418168,-0.3512579,-0.6010376,0.0904308,0.7121756
gait_20260919_223030_andrew_abnormal_rightleg_rightpocket_3,andrew_abnormal_rightleg_rightpocket_3,2514068693698549,2026-09-19T22:30:31.829148Z,5.4218941,-4.5541458,-0.0543185,-0.3833229,-1.1447395,4.4052577,7.3663893,-6.4734073,0.2597024,-0.3714536,-0.5923161,0.1133849,0.7059233
gait_20260919_223030_andrew_abnormal_rightleg_rightpocket_3,andrew_abnormal_rightleg_rightpocket_3,2514068713867656,2026-09-19T22:30:31.838222Z,6.4784107,-5.1740193,0.8479963,-0.2299072,-1.6715192,5.4481583,6.7287755,-7.1385784,0.0203167,-0.4007177,-0.5834851,0.1483738,0.6906198
gait_20260919_223030_andrew_abnormal_rightleg_rightpocket_3,andrew_abnormal_rightleg_rightpocket_3,2514068734035137,2026-09-19T22:30:31.858474Z,6.4902320,-6.3035588,0.5241057,0.1384772,-1.7202652,5.5785751,5.8776503,-7.8509626,-0.2274660,-0.4319981,-0.5718894,0.1925882,0.6702463
gait_20260919_223030_andrew_abnormal_rightleg_rightpocket_3,andrew_abnormal_rightleg_rightpocket_3,2514068754180116,2026-09-19T22:30:31.878339Z,4.4343610,-5.7173538,0.4138228,0.5330082,-1.8912674,5.4544535,4.9568715,-8.4570112,-0.3801439,-0.4585615,-0.5578615,0.2381057,0.6494749
gait_20260919_223030_andrew_abnormal_rightleg_rightpocket_3,andrew_abnormal_rightleg_rightpocket_3,2514068774349835,2026-09-19T22:30:31.898696Z,5.4477067,-5.8250179,-0.4872200,0.6966495,-1.4817479,5.5551100,3.9836562,-8.9536800,-0.4452193,-0.4807241,-0.5419747,0.2845649,0.6278460
gait_20260919_223030_andrew_abnormal_rightleg_rightpocket_3,andrew_abnormal_rightleg_rightpocket_3,2514068794516948,2026-09-19T22:30:31.919105Z,3.9132478,-4.3206363,-0.3892074,0.3744297,-1.6354800,4.5078459,2.9559021,-9.3448505,-0.4153745,-0.5017518,-0.5211282,0.3292358,0.6068560
gait_20260919_223030_andrew_abnormal_rightleg_rightpocket_3,andrew_abnormal_rightleg_rightpocket_3,2514068814712465,2026-09-19T22:30:31.939012Z,2.3727286,-3.0086138,-0.2906711,0.2931420,-1.6436738,4.2054439,2.1142740,-9.5694590,-0.4375054,-0.5167453,-0.5073936,0.3651845,0.5849499
gait_20260919_223030_andrew_abnormal_rightleg_rightpocket_3,andrew_abnormal_rightleg_rightpocket_3,2514068834853171,2026-09-19T22:30:31.959153Z,1.7797897,-4.4734163,-0.8361750,0.4204112,-1.6506684,4.2289095,1.2875739,-9.7153368,-0.4364524,-0.5300999,-0.4933843,0.3991311,0.5623703
gait_20260919_223030_andrew_abnormal_rightleg_rightpocket_3,andrew_abnormal_rightleg_rightpocket_3,2514068855047222,2026-09-19T22:30:31.979358Z,0.4203320,-3.2757168,-0.6895301,0.5184860,-1.9226767,4.3863721,0.4409187,-9.7927637,-0.3787869,-0.5416594,-0.4776083,0.4334829,0.5390621
gait_20260919_223030_andrew_abnormal_rightleg_rightpocket_3,andrew_abnormal_rightleg_rightpocket_3,2514068875215882,2026-09-19T22:30:31.999485Z,-0.0450409,-2.3644986,-0.0735469,0.6516839,-2.0083277,4.3971806,-0.4415762,-9.7962608,-0.2727464,-0.5510233,-0.4609562,0.4698094,0.5130028
gait_20260919_223030_andrew_abnormal_rightleg_rightpocket_3,andrew_abnormal_rightleg_rightpocket_3,2514068895396710,2026-09-19T22:30:32.019820Z,-1.4233530,-6.4558902,-0.8707412,0.8328118,-1.7649808,4.2892966,-1.3142205,-9.7210245,-0.1029730,-0.5581250,-0.4426682,0.5058400,0.4864846
gait_20260919_223030_andrew_abnormal_rightleg_rightpocket_3,andrew_abnormal_rightleg_rightpocket_3,2514068915553000,2026-09-19T22:30:32.040092Z,-5.8275619,-19.6843777,-1.3460650,0.7556543,-1.6063358,4.3122954,-2.1447194,-9.5719032,0.1224634,-0.5638784,-0.4219107,0.5393784,0.4616313
gait_20260919_223030_andrew_abnormal_rightleg_rightpocket_3,andrew_abnormal_rightleg_rightpocket_3,2514068935720766,2026-09-19T22:30:32.060155Z,-3.1108162,-29.8527031,-0.0405518,0.1397596,-1.4304539,2.9205120,-2.9532042,-9.3488016,0.3385485,-0.5699142,-0.4001860,0.5702846,0.4356887
gait_20260919_223030_andrew_abnormal_rightleg_rightpocket_3,andrew_abnormal_rightleg_rightpocket_3,2514068955888775,2026-09-19T22:30:32.080314Z,-7.5953803,-34.1721420,5.4780831,-1.3423214,-1.9181634,-1.6541824,-3.3885052,-9.1963263,0.4263072,-0.5712526,-0.3926119,0.5886142,0.4160046
gait_20260919_223030_andrew_abnormal_rightleg_rightpocket_3,andrew_abnormal_rightleg_rightpocket_3,2514068976057192,2026-09-19T22:30:32.101299Z,-9.6696568,-21.8212032,4.0456772,-0.5239818,3.8784113,-2.7505422,-2.9263556,-9.3599281,0.2536117,-0.5577205,-0.4221556,0.5819439,0.4148177
gait_20260919_223030_andrew_abnormal_rightleg_rightpocket_3,andrew_abnormal_rightleg_rightpocket_3,2514068996223573,2026-09-19T22:30:32.120653Z,-2.6686370,-10.1012869,-3.8838441,0.8451857,9.3900213,-1.2134368,-2.4162147,-9.5075884,-0.0615631,-0.5761675,-0.4163922,0.5397341,0.4509276
gait_20260919_223030_andrew_abnormal_rightleg_rightpocket_3,andrew_abnormal_rightleg_rightpocket_3,2514069016397483,2026-09-19T22:30:32.140933Z,0.6753145,-5.5780411,-11.0164700,0.9898248,9.0710487,-1.0877831,-2.1837242,-9.5579195,-0.3371212,-0.6195554,-0.3681202,0.4776044,0.5025265
gait_20260919_223030_andrew_abnormal_rightleg_rightpocket_3,andrew_abnormal_rightleg_rightpocket_3,2514069036537456,2026-09-19T22:30:32.163617Z,-2.1426609,-7.3309708,-8.0570869,0.2702762,3.0735614,-1.8049169,-1.8874259,-9.6132250,-0.5095226,-0.6495675,-0.3257363,0.4196734,0.5439045
gait_20260919_223030_andrew_abnormal_rightleg_rightpocket_3,andrew_abnormal_rightleg_rightpocket_3,2514069056728456,2026-09-19T22:30:32.181289Z,-5.4495025,-10.1586723,-2.4311621,-1.0705630,-1.4962534,-1.5963434,-1.4984591,-9.6780853,-0.5704768,-0.6513954,-0.3267914,0.3961409,0.5585372
gait_20260919_223030_andrew_abnormal_rightleg_rightpocket_3,andrew_abnormal_rightleg_rightpocket_3,2514069086958681,2026-09-19T22:30:32.211012Z,-4.5142674,-10.8772326,3.2907555,-1.6998807,-2.2897453,-0.5663826,-1.2288009,-9.6678352,-1.1221151,-0.6446182,-0.3744240,0.4030682,0.5308579
gait_20260919_223030_andrew_abnormal_rightleg_rightpocket_3,andrew_abnormal_rightleg_rightpocket_3,2514069107154237,2026-09-19T22:30:32.231049Z,-1.4976480,-9.3685865,4.9714851,-1.5515777,-0.9870270,0.1815775,-1.3006649,-9.6270742,-1.3652256,-0.6507177,-0.3816757,0.4034609,0.5177928
gait_20260919_223030_andrew_abnormal_rightleg_rightpocket_3,andrew_abnormal_rightleg_rightpocket_3,2514069127317201,2026-09-19T22:30:32.251647Z,0.7873183,-8.5865803,4.0601172,-0.9278723,0.4971857,0.2247778,-0.9835792,-9.7558031,-0.3049254,-0.6252963,-0.3678818,0.4134816,0.5501822
gait_20260919_223030_andrew_abnormal_rightleg_rightpocket_3,andrew_abnormal_rightleg_rightpocket_3,2514069147490052,2026-09-19T22:30:32.271441Z,1.8365023,-8.6513729,1.3426235,0.0047131,1.5741937,-0.1237552,-0.8903740,-9.7665243,-0.2416054,-0.6246681,-0.3568687,0.4030196,0.5656941
gait_20260919_223030_andrew_abnormal_rightleg_rightpocket_3,andrew_abnormal_rightleg_rightpocket_3,2514069167655295,2026-09-19T22:30:32.292262Z,1.8186207,-9.4083900,-1.6073323,0.5904142,2.7358370,-0.4888088,-0.3376630,-9.7958546,-0.4041439,-0.6303138,-0.3424560,0.3807086,0.5835147
gait_20260919_223030_andrew_abnormal_rightleg_rightpocket_3,andrew_abnormal_rightleg_rightpocket_3,2514069187823426,2026-09-19T22:30:32.311801Z,1.5055040,-10.1693716,-4.8713026,0.5790229,3.4899423,-0.6980817,-0.1304239,-9.8024349,-0.3624508,-0.6390175,-0.3394103,0.3388149,0.6013832
gait_20260919_223030_andrew_abnormal_rightleg_rightpocket_3,andrew_abnormal_rightleg_rightpocket_3,2514069207991640,2026-09-19T22:30:32.332353Z,0.8973767,-10.1663790,-5.9175687,0.3315959,2.7680290,-0.6795626,0.0079355,-9.8041449,-0.3388020,-0.6438093,-0.3272869,0.3189329,0.6137385
gait_20260919_223030_andrew_abnormal_rightleg_rightpocket_3,andrew_abnormal_rightleg_rightpocket_3,2514069228139548,2026-09-19T22:30:32.352513Z,-0.1884686,-9.6195288,-3.7137809,-0.1253873,0.3107452,-0.5118411,0.0795382,-9.7983236,-0.4718838,-0.6437372,-0.3315861,0.3154596,0.6133012
gait_20260919_223030_andrew_abnormal_rightleg_rightpocket_3,andrew_abnormal_rightleg_rightpocket_3,2514069248328635,2026-09-19T22:30:32.372451Z,-0.8699930,-9.2838907,-1.3132197,-0.6452556,-1.0937119,-0.3143258,0.0192743,-9.7629013,-0.9599465,-0.6552247,-0.3467591,0.3152415,0.5925044
gait_20260919_223030_andrew_abnormal_rightleg_rightpocket_3,andrew_abnormal_rightleg_rightpocket_3,2514069268497010,2026-09-19T22:30:32.392597Z,-1.0629507,-8.7000799,-0.4327520,-0.7952406,-1.1347138,-0.1732839,0.0155764,-9.7465448,-1.1138816,-0.6561774,-0.3564003,0.3186190,0.5838596
gait_20260919_223030_andrew_abnormal_rightleg_rightpocket_3,andrew_abnormal_rightleg_rightpocket_3,2514069288665020,2026-09-19T22:30:32.413133Z,-0.8066964,-7.8668232,-0.3819500,-0.7223798,-0.8324121,-0.0343404,-0.0036270,-9.7307920,-1.2441109,-0.6580152,-0.3626927,0.3207376,0.5767126
gait_20260919_223030_andrew_abnormal_rightleg_rightpocket_3,andrew_abnormal_rightleg_rightpocket_3,2514069308857647,2026-09-19T22:30:32.433746Z,-0.3395277,-7.8148990,-1.0181342,-0.5685143,-0.4082039,0.0345235,-0.0195993,-9.7183638,-1.3375939,-0.6602263,-0.3659219,0.3212075,0.5718639
gait_20260919_223030_andrew_abnormal_rightleg_rightpocket_3,andrew_abnormal_rightleg_rightpocket_3,2514069328980043,2026-09-19T22:30:32.453085Z,0.4412813,-8.4517565,-2.1057751,-0.3644873,-0.0711954,0.0482963,-0.0300743,-9.7100754,-1.3962979,-0.6625302,-0.3662959,0.3199902,0.5696379
gait_20260919_223030_andrew_abnormal_rightleg_rightpocket_3,andrew_abnormal_rightleg_rightpocket_3,2514069349177227,2026-09-19T22:30:32.473304Z,1.5827918,-9.1965027,-2.6919806,-0.2660461,0.1303834,0.0825367,0.2391365,-9.6620607,-1.6803285,-0.6655591,-0.3681285,0.3154589,0.5674489
gait_20260919_223030_andrew_abnormal_rightleg_rightpocket_3,andrew_abnormal_rightleg_rightpocket_3,2514069369334780,2026-09-19T22:30:32.493544Z,2.5562592,-9.7417078,-2.5950902,-0.2749893,0.1946342,0.0797389,0.3299769,-9.6404209,-1.7859228,-0.6696376,-0.3797350,0.2984920,0.5641715
gait_20260919_223030_andrew_abnormal_rightleg_rightpocket_3,andrew_abnormal_rightleg_rightpocket_3,2514069389502748,2026-09-19T22:30:32.514356Z,3.3702879,-9.7228527,-2.5472062,-0.2123373,0.1950838,0.0163208,0.3514111,-9.6340084,-1.8161821,-0.6712329,-0.3795782,0.2959264,0.5637325
gait_20260919_223030_andrew_abnormal_rightleg_rightpocket_3,andrew_abnormal_rightleg_rightpocket_3,2514069409676292,2026-09-19T22:30:32.536468Z,3.6343982,-9.3022966,-2.7981484,-0.0539420,0.2207309,-0.0671152,0.4080521,-9.6307898,-1.8213978,-0.6716257,-0.3794073,0.2931463,0.5648313
gait_20260919_223030_andrew_abnormal_rightleg_rightpocket_3,andrew_abnormal_rightleg_rightpocket_3,2514069429845236,2026-09-19T22:30:32.553947Z,2.5627685,-8.5502930,-2.5602994,0.0212004,0.2703428,-0.1715852,0.7631342,-9.5883846,-1.9278544,-0.6700698,-0.3892857,0.2773410,0.5679306
gait_20260919_223030_andrew_abnormal_rightleg_rightpocket_3,andrew_abnormal_rightleg_rightpocket_3,2514069450012636,2026-09-19T22:30:32.574798Z,1.2542624,-7.7935753,-1.9923499,0.0167039,0.1885722,-0.2532559,0.8199307,-9.5850582,-1.9210606,-0.6693860,-0.3903084,0.2743877,0.5694675
gait_20260919_223030_andrew_abnormal_rightleg_rightpocket_3,andrew_abnormal_rightleg_rightpocket_3,2514069470181662,2026-09-19T22:30:32.594440Z,0.9404724,-7.2545061,-2.0916345,0.0695134,0.1089998,-0.2123539,0.8579636,-9.5860472,-1.8993996,-0.6683969,-0.3908819,0.2728809,0.5709579
gait_20260919_223030_andrew_abnormal_rightleg_rightpocket_3,andrew_abnormal_rightleg_rightpocket_3,2514069490349510,2026-09-19T22:30:32.614450Z,2.9725511,-8.2777281,-1.9821745,0.1396430,0.1487693,-0.1485528,0.9086390,-9.5867281,-1.8721973,-0.6675113,-0.3904957,0.2712451,0.5730339
gait_20260919_223030_andrew_abnormal_rightleg_rightpocket_3,andrew_abnormal_rightleg_rightpocket_3,2514069510504823,2026-09-19T22:30:32.635047Z,4.3612628,-11.0241766,-1.4051720,0.0460814,0.7615331,-0.3584586,1.3167006,-9.5488043,-1.8228436,-0.6638936,-0.3942928,0.2532759,0.5827776
gait_20260919_223030_andrew_abnormal_rightleg_rightpocket_3,andrew_abnormal_rightleg_rightpocket_3,2514069530687726,2026-09-19T22:30:32.654965Z,2.9981391,-12.9524813,-2.6428995,0.1338141,2.1596117,-0.8378913,1.6087950,-9.5274725,-1.6956283,-0.6650460,-0.3858767,0.2323297,0.5956811
gait_20260919_223030_andrew_abnormal_rightleg_rightpocket_3,andrew_abnormal_rightleg_rightpocket_3,2514069550856020,2026-09-19T22:30:32.675865Z,-2.0635774,-10.3159418,-6.1810060,0.4754856,2.3007536,-1.1028715,1.8665826,-9.5090084,-1.5266774,-0.6624156,-0.3790315,0.2131017,0.6100234
gait_20260919_223030_andrew_abnormal_rightleg_rightpocket_3,andrew_abnormal_rightleg_rightpocket_3,2514069571024070,2026-09-19T22:30:32.695284Z,-4.1534162,-6.3328133,-4.7575779,0.4303869,0.8960467,-0.7763051,1.9248928,-9.4957380,-1.5368367,-0.6617191,-0.3778597,0.2071370,0.6135504
gait_20260919_223030_andrew_abnormal_rightleg_rightpocket_3,andrew_abnormal_rightleg_rightpocket_3,2514069591193096,2026-09-19T22:30:32.715495Z,-3.9793129,-4.8560395,-0.1538275,-0.4318524,0.5856845,-0.3403725,1.9608018,-9.4620762,-1.6912929,-0.6656030,-0.3779168,0.2004648,0.6115272
gait_20260919_223030_andrew_abnormal_rightleg_rightpocket_3,andrew_abnormal_rightleg_rightpocket_3,2514069611360496,2026-09-19T22:30:32.736093Z,-3.2710032,-5.8440218,1.6803555,-1.1632253,-1.0083939,-0.0918296,1.8757520,-9.4182692,-2.0034628,-0.6703889,-0.3886817,0.2049357,0.5979186
gait_20260919_223030_andrew_abnormal_rightleg_rightpocket_3,andrew_abnormal_rightleg_rightpocket_3,2514069631529563,2026-09-19T22:30:32.755854Z,-1.4154969,-8.9799023,2.8118403,-1.0566070,-2.4506721,0.1471539,1.4732159,-9.5356512,-1.7711918,-0.6714191,-0.4044262,0.2197420,0.5808179
gait_20260919_223030_andrew_abnormal_rightleg_rightpocket_3,andrew_abnormal_rightleg_rightpocket_3,2514069651695986,2026-09-19T22:30:32.777072Z,-0.0080056,-11.5098257,3.7009120,-0.3136263,-1.7683948,0.0758918,1.4238575,-9.5366488,-1.8058594,-0.6605483,-0.3977445,0.2468522,0.5869748
gait_20260919_223030_andrew_abnormal_rightleg_rightpocket_3,andrew_abnormal_rightleg_rightpocket_3,2514069671866314,2026-09-19T22:30:32.795874Z,0.6960393,-12.1500502,3.4714429,0.2932253,-0.9545186,-0.1718516,1.4479934,-9.5489054,-1.7198392,-0.6553664,-0.4024577,0.2524336,0.5871968
gait_20260919_223030_andrew_abnormal_rightleg_rightpocket_3,andrew_abnormal_rightleg_rightpocket_3,2514069692035504,2026-09-19T22:30:32.816453Z,0.7624784,-11.1642370,2.6122236,0.5325919,0.2488593,-0.1746995,1.5057585,-9.5617123,-1.5945226,-0.6524710,-0.3992785,0.2506016,0.5933441
gait_20260919_223030_andrew_abnormal_rightleg_rightpocket_3,andrew_abnormal_rightleg_rightpocket_3,2514069712203106,2026-09-19T22:30:32.837327Z,0.0291045,-10.7767506,1.9089270,0.3767613,1.2997707,-0.2523566,1.6181676,-9.5628357,-1.4730340,-0.6528743,-0.3910522,0.2406198,0.6024414
gait_20260919_223030_andrew_abnormal_rightleg_rightpocket_3,andrew_abnormal_rightleg_rightpocket_3,2514069732364850,2026-09-19T22:30:32.856832Z,-0.4649989,-10.9946232,0.5523872,0.3822737,2.2386179,-0.3502150,1.7512814,-9.5656185,-1.2915453,-0.6545308,-0.3776508,0.2244093,0.6153129
gait_20260919_223030_andrew_abnormal_rightleg_rightpocket_3,andrew_abnormal_rightleg_rightpocket_3,2514069752540102,2026-09-19T22:30:32.876933Z,-0.3125930,-11.5993090,-2.2096984,0.7057592,2.4986186,-0.2668289,1.8448148,-9.5793743,-1.0336072,-0.6541305,-0.3619210,0.2095284,0.6302575
gait_20260919_223030_andrew_abnormal_rightleg_rightpocket_3,andrew_abnormal_rightleg_rightpocket_3,2514069772708437,2026-09-19T22:30:32.896857Z,-0.3771616,-11.6652241,-3.9785647,1.1253210,1.5528767,-0.1364121,1.8781377,-9.5970163,-0.7784430,-0.6491702,-0.3515690,0.2041641,0.6428797
gait_20260919_223030_andrew_abnormal_rightleg_rightpocket_3,andrew_abnormal_rightleg_rightpocket_3,2514069792877911,2026-09-19T22:30:32.917202Z,-0.7826047,-11.2424974,-2.1657050,0.7541054,0.5479968,-0.0868668,1.8891302,-9.6014576,-0.6923349,-0.6456569,-0.3482300,0.2035447,0.6484077
gait_20260919_223030_andrew_abnormal_rightleg_rightpocket_3,andrew_abnormal_rightleg_rightpocket_3,2514069813045392,2026-09-19T22:30:32.937815Z,-0.2709937,-11.1937160,-0.4785411,0.0550245,-0.0581221,0.0554742,1.8567967,-9.6057692,-0.7194572,-0.6460326,-0.3485927,0.2049946,0.6473810
gait_20260919_223030_andrew_abnormal_rightleg_rightpocket_3,andrew_abnormal_rightleg_rightpocket_3,2514069833214174,2026-09-19T22:30:32.957548Z,0.0083797,-10.4685717,0.3670610,-0.0901309,-0.2088233,0.1896214,1.8009832,-9.6150551,-0.7370813,-0.6469629,-0.3487733,0.2076284,0.6455127
gait_20260919_223030_andrew_abnormal_rightleg_rightpocket_3,andrew_abnormal_rightleg_rightpocket_3,2514069853390770,2026-09-19T22:30:32.977683Z,0.2867805,-9.9666872,0.7880664,-0.0357559,-0.2226960,0.2324885,1.5132823,-9.6793737,-0.5057865,-0.6456897,-0.3412997,0.2174533,0.6475441
gait_20260919_223030_andrew_abnormal_rightleg_rightpocket_3,andrew_abnormal_rightleg_rightpocket_3,2514069873553204,2026-09-19T22:30:32.997850Z,0.4340239,-10.1825399,0.8316110,0.0363555,-0.0989575,0.2596011,1.3447489,-9.7111120,-0.3494177,-0.6418423,-0.3295624,0.2293335,0.6533247
gait_20260919_223030_andrew_abnormal_rightleg_rightpocket_3,andrew_abnormal_rightleg_rightpocket_3,2514069893722313,2026-09-19T22:30:33.018133Z,0.5954828,-10.2718735,0.6411223,0.1242548,0.0381208,0.2645806,1.2846270,-9.7208700,-0.3009156,-0.6414827,-0.3262279,0.2319905,0.6544126
gait_20260919_223030_andrew_abnormal_rightleg_rightpocket_3,andrew_abnormal_rightleg_rightpocket_3,2514069913890322,2026-09-19T22:30:33.038483Z,0.7196072,-10.1859064,0.1770213,0.2475436,0.0805050,0.2497253,1.2344296,-9.7290630,-0.2400575,-0.6406889,-0.3233400,0.2340278,0.6558963
gait_20260919_223030_andrew_abnormal_rightleg_rightpocket_3,andrew_abnormal_rightleg_rightpocket_3,2514069934059552,2026-09-19T22:30:33.058527Z,0.8244284,-10.1594954,0.3404256,0.3190722,0.0889985,0.2840157,1.1742749,-9.7379332,-0.1727647,-0.6396540,-0.3201185,0.2365130,0.6575929
gait_20260919_223030_andrew_abnormal_rightleg_rightpocket_3,andrew_abnormal_rightleg_rightpocket_3,2514069954203188,2026-09-19T22:30:33.079029Z,0.2624644,-9.8127108,0.9124153,0.3559106,-0.0709456,0.3221365,1.0521045,-9.7533531,-0.0361470,-0.6379082,-0.3177326,0.2407852,0.6588944
gait_20260919_223030_andrew_abnormal_rightleg_rightpocket_3,andrew_abnormal_rightleg_rightpocket_3,2514069974404807,2026-09-19T22:30:33.098760Z,-0.2898480,-9.4711628,1.6946459,0.4037073,-0.3843388,0.3472006,0.8026465,-9.7737598,0.2558908,-0.6304274,-0.3068113,0.2567693,0.6652051
gait_20260919_223030_andrew_abnormal_rightleg_rightpocket_3,andrew_abnormal_rightleg_rightpocket_3,2514069994561953,2026-09-19T22:30:33.118801Z,-0.4147955,-9.8995752,1.9682583,0.5241817,-0.6595113,0.4733373,0.5119862,-9.7760191,0.6351699,-0.6199800,-0.2952999,0.2764993,0.6722879
gait_20260919_223030_andrew_abnormal_rightleg_rightpocket_3,andrew_abnormal_rightleg_rightpocket_3,2514070014734071,2026-09-19T22:30:33.139476Z,-0.1896657,-10.8735666,1.5434371,0.7285084,-0.6336478,0.5889820,0.3900402,-9.7694597,0.8010328,-0.6142207,-0.2922458,0.2875763,0.6742590
gait_20260919_223030_andrew_abnormal_rightleg_rightpocket_3,andrew_abnormal_rightleg_rightpocket_3,2514070034902529,2026-09-19T22:30:33.159355Z,0.2056021,-11.8981352,0.3687819,0.9532029,-0.0467309,0.6619594,0.2481431,-9.7552519,1.0047891,-0.6097096,-0.2845035,0.2944997,0.6786618
gait_20260919_223030_andrew_abnormal_rightleg_rightpocket_3,andrew_abnormal_rightleg_rightpocket_3,2514070055076519,2026-09-19T22:30:33.179900Z,0.8643816,-12.8861923,-1.2172271,1.0520605,0.8590750,0.7278756,0.0688628,-9.7341337,1.2157372,-0.6075920,-0.2696996,0.2962596,0.6858020
gait_20260919_223030_andrew_abnormal_rightleg_rightpocket_3,andrew_abnormal_rightleg_rightpocket_3,2514070075239077,2026-09-19T22:30:33.199699Z,1.3120973,-13.3978033,-3.0285156,1.0857347,1.5167711,0.8511811,-0.1496785,-9.7043381,1.4281235,-0.6070843,-0.2501318,0.2954571,0.6939654
gait_20260919_223030_andrew_abnormal_rightleg_rightpocket_3,andrew_abnormal_rightleg_rightpocket_3,2514070095413189,2026-09-19T22:30:33.219980Z,0.6444144,-12.5479364,-3.3907135,0.9980352,1.1164777,0.9446428,-0.3549156,-9.6765184,1.5732508,-0.6058826,-0.2347014,0.2983544,0.6991468
gait_20260919_223030_andrew_abnormal_rightleg_rightpocket_3,andrew_abnormal_rightleg_rightpocket_3,2514070115577578,2026-09-19T22:30:33.241332Z,-0.3586065,-11.9252195,-1.5007155,0.2813011,0.0170869,0.9533195,-0.5317792,-9.6706038,1.5597293,-0.6067652,-0.2297599,0.3064111,0.6965333
gait_20260919_223030_andrew_abnormal_rightleg_rightpocket_3,andrew_abnormal_rightleg_rightpocket_3,2514070135746319,2026-09-19T22:30:33.260317Z,-0.9808745,-11.9396591,0.0151882,-0.3755122,-0.7427309,1.0133901,-0.7071233,-9.6742249,1.4647385,-0.6098086,-0.2310164,0.3177772,0.6883187
gait_20260919_223030_andrew_abnormal_rightleg_rightpocket_3,andrew_abnormal_rightleg_rightpocket_3,2514070155912539,2026-09-19T22:30:33.280771Z,-1.1424831,-12.0828629,0.7202806,-0.5993407,-1.1755491,1.1295345,-0.9055521,-9.6728163,1.3611419,-0.6128278,-0.2344818,0.3319051,0.6777163
gait_20260919_223030_andrew_abnormal_rightleg_rightpocket_3,andrew_abnormal_rightleg_rightpocket_3,2514070176055523,2026-09-19T22:30:33.300852Z,-0.9428666,-12.1781816,1.0112510,-0.6182595,-1.3200551,1.3285486,-1.1492782,-9.6591749,1.2710632,-0.6157184,-0.2371300,0.3479516,0.6660254
gait_20260919_223030_andrew_abnormal_rightleg_rightpocket_3,andrew_abnormal_rightleg_rightpocket_3,2514070196246238,2026-09-19T22:30:33.320789Z,-0.5961562,-12.1125660,0.9082255,-0.5378379,-1.2230794,1.5623361,-1.4423251,-9.6282597,1.2051748,-0.6187214,-0.2370201,0.3648323,0.6541428
gait_20260919_223030_andrew_abnormal_rightleg_rightpocket_3,andrew_abnormal_rightleg_rightpocket_3,2514070216400819,2026-09-19T22:30:33.341863Z,-0.2650082,-11.6231012,0.6565350,-0.4296708,-1.0664494,1.7607508,-1.7722791,-9.5783825,1.1617801,-0.6217692,-0.2341792,0.3820195,0.6423584
gait_20260919_223030_andrew_abnormal_rightleg_rightpocket_3,andrew_abnormal_rightleg_rightpocket_3,2514070236566307,2026-09-19T22:30:33.361825Z,0.3916016,-10.7872257,0.5413889,-0.3427540,-0.9295543,1.9104860,-2.1241972,-9.5095825,1.1365511,-0.6248080,-0.2292358,0.3993049,0.6305723
gait_20260919_223030_andrew_abnormal_rightleg_rightpocket_3,andrew_abnormal_rightleg_rightpocket_3,2514070256766095,2026-09-19T22:30:33.381547Z,0.7736264,-10.0235500,0.4947768,-0.2591181,-0.8612733,1.9346842,-2.2823377,-9.4772263,1.0996437,-0.6267527,-0.2261420,0.4145112,0.6198560
gait_20260919_223030_andrew_abnormal_rightleg_rightpocket_3,andrew_abnormal_rightleg_rightpocket_3,2514070276920921,2026-09-19T22:30:33.401232Z,0.9319430,-9.3669405,0.4328268,-0.1588949,-0.8982783,1.8034014,-2.0831289,-9.5310411,1.0275902,-0.6224427,-0.2475825,0.4135723,0.6166247
gait_20260919_223030_andrew_abnormal_rightleg_rightpocket_3,andrew_abnormal_rightleg_rightpocket_3,2514070297071515,2026-09-19T22:30:33.422073Z,0.9883564,-9.0417776,0.6400000,-0.0197182,-0.9998671,1.5706631,-2.3067439,-9.4734430,1.0811653,-0.6213453,-0.2463219,0.4280405,0.6083065
gait_20260919_223030_andrew_abnormal_rightleg_rightpocket_3,andrew_abnormal_rightleg_rightpocket_3,2514070317257916,2026-09-19T22:30:33.442334Z,1.0378116,-9.4328556,0.6694039,0.2080905,-1.0926794,1.2559043,-2.4164636,-9.4326248,1.1926408,-0.6174797,-0.2456367,0.4420885,0.6024445
gait_20260919_223030_andrew_abnormal_rightleg_rightpocket_3,andrew_abnormal_rightleg_rightpocket_3,2514070337406435,2026-09-19T22:30:33.462509Z,0.9240870,-10.1922665,0.4494365,0.5715287,-1.0217004,0.8832898,-2.1381705,-9.4851418,1.3024675,-0.6066880,-0.2620466,0.4426772,0.6060514
gait_20260919_223030_andrew_abnormal_rightleg_rightpocket_3,andrew_abnormal_rightleg_rightpocket_3,2514070357598949,2026-09-19T22:30:33.486974Z,0.4857237,-9.2608471,-0.1701380,0.9454921,-0.5345237,0.3752458,-1.8754115,-9.5258436,1.4061602,-0.5983188,-0.2715115,0.4406127,0.6116834
gait_20260919_223030_andrew_abnormal_rightleg_rightpocket_3,andrew_abnormal_rightleg_rightpocket_3,2514070377740012,2026-09-19T22:30:33.502137Z,0.4535516,-7.7546697,-4.2938509,1.4731045,1.1896551,-0.3451189,-1.8246992,-9.4998932,1.6305338,-0.5946843,-0.2574129,0.4312182,0.6278057
gait_20260919_223030_andrew_abnormal_rightleg_rightpocket_3,andrew_abnormal_rightleg_rightpocket_3,2514070397909365,2026-09-19T22:30:33.522521Z,1.3402293,-6.9003887,-6.1062617,1.6774147,5.1171622,-1.0565571,-1.6877640,-9.5637188,1.3866693,-0.6118217,-0.2286335,0.3885644,0.6499375
gait_20260919_223030_andrew_abnormal_rightleg_rightpocket_3,andrew_abnormal_rightleg_rightpocket_3,2514070418103334,2026-09-19T22:30:33.543130Z,0.4970961,-7.6591263,-6.1143422,0.6307999,6.8039193,-1.7428977,-1.1469702,-9.7422504,0.0956656,-0.6560875,-0.2231830,0.3214529,0.6452958
gait_20260919_223030_andrew_abnormal_rightleg_rightpocket_3,andrew_abnormal_rightleg_rightpocket_3,2514070438269595,2026-09-19T22:30:33.563387Z,-1.4865000,-9.4811888,-3.9515550,-0.0283949,4.0336423,-2.2962403,-0.6666906,-9.7826042,-0.3038083,-0.6780642,-0.2330665,0.2790907,0.6387622
gait_20260919_223030_andrew_abnormal_rightleg_rightpocket_3,andrew_abnormal_rightleg_rightpocket_3,2514070458415997,2026-09-19T22:30:33.582989Z,-2.8534396,-11.3482170,-1.7828573,-0.5398197,0.5034309,-2.2999375,-0.2269628,-9.7964439,-0.4629262,-0.6768978,-0.2507915,0.2630948,0.6400736
gait_20260919_223030_andrew_abnormal_rightleg_rightpocket_3,andrew_abnormal_rightleg_rightpocket_3,2514070478606102,2026-09-19T22:30:33.603491Z,-3.9921818,-12.5331221,0.3798551,-1.1259705,-0.6585121,-2.1623929,0.1686286,-9.7818766,-0.7228903,-0.6771188,-0.2736085,0.2517200,0.6350477
gait_20260919_223030_andrew_abnormal_rightleg_rightpocket_3,andrew_abnormal_rightleg_rightpocket_3,2514070498775128,2026-09-19T22:30:33.623442Z,-4.6300869,-12.3064957,1.6560394,-1.4276394,-0.4009428,-1.8409560,0.4885879,-9.7460709,-1.0057424,-0.6805090,-0.2913535,0.2387648,0.6284999
gait_20260919_223030_andrew_abnormal_rightleg_rightpocket_3,andrew_abnormal_rightleg_rightpocket_3,2514070518943097,2026-09-19T22:30:33.645357Z,-4.7105918,-10.7083664,2.0935798,-1.2983884,0.1971156,-1.4032913,0.7326276,-9.7051992,-1.2282015,-0.6848528,-0.3022201,0.2256713,0.6234679
gait_20260919_223030_andrew_abnormal_rightleg_rightpocket_3,andrew_abnormal_rightleg_rightpocket_3,2514070539113019,2026-09-19T22:30:33.663409Z,-3.8154597,-8.6802530,2.4863784,-0.9008597,0.2005630,-1.0352401,0.7119886,-9.7098722,-1.2031410,-0.6863607,-0.3072675,0.2199968,0.6213671
gait_20260919_223030_andrew_abnormal_rightleg_rightpocket_3,andrew_abnormal_rightleg_rightpocket_3,2514070559280256,2026-09-19T22:30:33.683966Z,-3.0487914,-7.3867106,2.7290158,-0.2837992,-0.2414983,-0.7457952,0.8105125,-9.7027836,-1.1979806,-0.6825771,-0.3098035,0.2248034,0.6225543
gait_20260919_223030_andrew_abnormal_rightleg_rightpocket_3,andrew_abnormal_rightleg_rightpocket_3,2514070579475283,2026-09-19T22:30:33.703928Z,-1.5854852,-6.9949594,2.4224832,0.3299805,-0.4221432,-0.4879594,0.8753884,-9.7107983,-1.0817683,-0.6770151,-0.3150420,0.2272836,0.6250930
gait_20260919_223030_andrew_abnormal_rightleg_rightpocket_3,andrew_abnormal_rightleg_rightpocket_3,2514070599617495,2026-09-19T22:30:33.724710Z,-0.3277812,-7.7087307,0.6481553,0.9369320,-0.2141026,-0.3551945,0.9444214,-9.7273636,-0.8500578,-0.6686196,-0.3163689,0.2301475,0.6323692
gait_20260919_223030_andrew_abnormal_rightleg_rightpocket_3,andrew_abnormal_rightleg_rightpocket_3,2514070619785911,2026-09-19T22:30:33.744843Z,-0.3366098,-8.5232830,-2.3169138,1.3467846,0.1836426,-0.4827634,1.0594645,-9.7358570,-0.5716139,-0.6585099,-0.3151684,0.2299123,0.6435635
gait_20260919_223030_andrew_abnormal_rightleg_rightpocket_3,andrew_abnormal_rightleg_rightpocket_3,2514070639955386,2026-09-19T22:30:33.764415Z,-0.9249849,-8.7338238,-3.7838862,1.1622427,0.7538556,-0.6468043,1.0453404,-9.7328024,-0.6449383,-0.6553377,-0.3135419,0.2264884,0.6487889
gait_20260919_223030_andrew_abnormal_rightleg_rightpocket_3,andrew_abnormal_rightleg_rightpocket_3,2514070660124534,2026-09-19T22:30:33.784851Z,-1.4593408,-9.0714054,-2.8777556,0.4641943,0.7917932,-0.6317659,0.5972279,-9.7064543,-1.2900299,-0.6787461,-0.3171664,0.2376859,0.6182352
gait_20260919_223030_andrew_abnormal_rightleg_rightpocket_3,andrew_abnormal_rightleg_rightpocket_3,2514070680287783,2026-09-19T22:30:33.804649Z,-1.6863410,-9.2451353,-0.2911200,-0.1473538,-0.4010427,-0.4696068,0.5047375,-9.6991587,-1.3811842,-0.6813878,-0.3239691,0.2489415,0.6072748
gait_20260919_223030_andrew_abnormal_rightleg_rightpocket_3,andrew_abnormal_rightleg_rightpocket_3,2514070700459088,2026-09-19T22:30:33.825265Z,-1.6639702,-9.0449200,1.8965819,-0.4658097,-1.5376050,-0.2609833,0.4124408,-9.7010460,-1.3984740,-0.6772291,-0.3357121,0.2634737,0.5993661
gait_20260919_223030_andrew_abnormal_rightleg_rightpocket_3,andrew_abnormal_rightleg_rightpocket_3,2514070720628563,2026-09-19T22:30:33.844778Z,-1.7354970,-8.8200150,2.4009354,-0.4096028,-1.4640448,-0.1673384,0.3558048,-9.7064171,-1.3765913,-0.6718561,-0.3446618,0.2767729,0.5943183
gait_20260919_223030_andrew_abnormal_rightleg_rightpocket_3,andrew_abnormal_rightleg_rightpocket_3,2514070740797304,2026-09-19T22:30:33.865042Z,-1.6912791,-8.7943516,1.6341175,-0.1040869,-0.6443229,-0.1772308,0.3677821,-9.7112951,-1.3385081,-0.6686627,-0.3486204,0.2814831,0.5933980
gait_20260919_223030_andrew_abnormal_rightleg_rightpocket_3,andrew_abnormal_rightleg_rightpocket_3,2514070760965518,2026-09-19T22:30:33.885206Z,-1.2205192,-9.2113171,-0.2927660,0.3033509,0.1503181,-0.1945176,0.3952415,-9.7246742,-1.2290653,-0.6659387,-0.3472855,0.2811043,0.5974101
gait_20260919_223030_andrew_abnormal_rightleg_rightpocket_3,andrew_abnormal_rightleg_rightpocket_3,2514070781140932,2026-09-19T22:30:33.906413Z,-0.1067664,-9.7260704,-2.1937621,0.6012059,0.4600641,-0.1684209,0.4015520,-9.7376242,-1.1196275,-0.6630747,-0.3434681,0.2814199,0.6026313
gait_20260919_223030_andrew_abnormal_rightleg_rightpocket_3,andrew_abnormal_rightleg_rightpocket_3,2514070811397321,2026-09-19T22:30:33.936959Z,1.1838579,-10.2457619,-2.6668415,0.1721514,0.1237052,-0.0808381,0.4097064,-9.7393179,-1.1017864,-0.6625757,-0.3418045,0.2801877,0.6046968
gait_20260919_223030_andrew_abnormal_rightleg_rightpocket_3,andrew_abnormal_rightleg_rightpocket_3,2514070831555565,2026-09-19T22:30:33.956088Z,1.8564789,-10.0876694,-1.4924855,-0.1317324,-0.3659029,0.0057456,0.4399222,-9.7442951,-1.0446583,-0.6607088,-0.3410988,0.2795376,0.6074324
gait_20260919_223030_andrew_abnormal_rightleg_rightpocket_3,andrew_abnormal_rightleg_rightpocket_3,2514070851724469,2026-09-19T22:30:33.976043Z,1.8032080,-9.9410992,-0.4736778,-0.2516072,-0.8492492,0.0341072,0.4310375,-9.7402945,-1.0849024,-0.6601532,-0.3451066,0.2826422,0.6043283
gait_20260919_223030_andrew_abnormal_rightleg_rightpocket_3,andrew_abnormal_rightleg_rightpocket_3,2514070871893781,2026-09-19T22:30:33.996973Z,1.5334862,-9.4251490,-0.4635773,-0.2665457,-1.0225331,0.0422676,0.4248090,-9.7349253,-1.1343992,-0.6582931,-0.3522173,0.2881059,0.5996568
gait_20260919_223030_andrew_abnormal_rightleg_rightpocket_3,andrew_abnormal_rightleg_rightpocket_3,2514070892063377,2026-09-19T22:30:34.017081Z,1.0599580,-9.2945156,-0.6742671,-0.3243681,-0.9354665,0.0114079,0.4189935,-9.7296362,-1.1809859,-0.6558980,-0.3599761,0.2941707,0.5947089
gait_20260919_223030_andrew_abnormal_rightleg_rightpocket_3,andrew_abnormal_rightleg_rightpocket_3,2514070912229922,2026-09-19T22:30:34.037008Z,0.5551555,-9.4674215,-0.3853917,-0.3136097,-0.7332215,-0.0502948,0.3962866,-9.7214642,-1.2538800,-0.6547768,-0.3670552,0.2996738,0.5888409
gait_20260919_223030_andrew_abnormal_rightleg_rightpocket_3,andrew_abnormal_rightleg_rightpocket_3,2514070932379987,2026-09-19T22:30:34.057124Z,0.2042553,-9.4004593,-0.2435352,-0.1546815,-0.4017422,-0.1078174,0.3908669,-9.7132254,-1.3178095,-0.6537477,-0.3732155,0.3035325,0.5841166
gait_20260919_223030_andrew_abnormal_rightleg_rightpocket_3,andrew_abnormal_rightleg_rightpocket_3,2514070952544904,2026-09-19T22:30:34.077162Z,0.1242740,-9.1263227,-0.5433341,0.0886987,0.0145888,-0.1424742,0.4046648,-9.7093210,-1.3421727,-0.6524774,-0.3770309,0.3054090,0.5821050
gait_20260919_223030_andrew_abnormal_rightleg_rightpocket_3,andrew_abnormal_rightleg_rightpocket_3,2514070972735740,2026-09-19T22:30:34.097282Z,0.3623475,-9.2069778,-0.9226655,0.2910103,0.3073478,-0.1448390,0.4359529,-9.7116785,-1.3150511,-0.6509123,-0.3778451,0.3052887,0.5833910
gait_20260919_223030_andrew_abnormal_rightleg_rightpocket_3,andrew_abnormal_rightleg_rightpocket_3,2514070992903587,2026-09-19T22:30:34.117376Z,0.7281366,-9.6757917,-1.3032688,0.4143825,0.3502816,-0.1075343,0.4728394,-9.7188091,-1.2479210,-0.6490473,-0.3764726,0.3041995,0.5869146
gait_20260919_223030_andrew_abnormal_rightleg_rightpocket_3,andrew_abnormal_rightleg_rightpocket_3,2514071013078473,2026-09-19T22:30:34.137484Z,0.8615385,-9.6093531,-1.5707459,0.4061388,0.2792527,-0.0654165,0.5009322,-9.7282572,-1.1602542,-0.6466473,-0.3746073,0.3038731,0.5909127
gait_20260919_223030_andrew_abnormal_rightleg_rightpocket_3,andrew_abnormal_rightleg_rightpocket_3,2514071033242821,2026-09-19T22:30:34.158738Z,0.9189994,-8.8245039,-1.5701474,0.2883124,0.2753223,-0.0189521,0.5185270,-9.7365656,-1.0800639,-0.6443844,-0.3729951,0.3041364,0.5942596
gait_20260919_223030_andrew_abnormal_rightleg_rightpocket_3,andrew_abnormal_rightleg_rightpocket_3,2514071053414451,2026-09-19T22:30:34.178773Z,1.6382325,-8.1692410,-0.8527099,0.1892550,0.2565368,0.0001998,0.5264845,-9.7420597,-1.0252830,-0.6430680,-0.3714663,0.3042029,0.5966045
gait_20260919_223030_andrew_abnormal_rightleg_rightpocket_3,andrew_abnormal_rightleg_rightpocket_3,2514071073582380,2026-09-19T22:30:34.198296Z,3.0419829,-8.4946280,0.8452280,0.2288913,0.3425042,-0.1569797,0.5333964,-9.7455597,-0.9877678,-0.6422098,-0.3703174,0.3041089,0.5982888
gait_20260919_223030_andrew_abnormal_rightleg_rightpocket_3,andrew_abnormal_rightleg_rightpocket_3,2514071093751487,2026-09-19T22:30:34.218063Z,3.3854012,-9.5642376,1.6458640,0.4913901,0.5534425,-0.4481233,0.5838109,-9.7481956,-0.9316547,-0.6403651,-0.3696021,0.3023683,0.6015815
gait_20260919_223030_andrew_abnormal_rightleg_rightpocket_3,andrew_abnormal_rightleg_rightpocket_3,2514071113919294,2026-09-19T22:30:34.239211Z,2.1710172,-9.9352636,-1.2614450,0.5763417,0.6843256,-0.6281686,0.7137408,-9.7513456,-0.7987259,-0.6354839,-0.3688650,0.2982517,0.6092167
gait_20260919_223030_andrew_abnormal_rightleg_rightpocket_3,andrew_abnormal_rightleg_rightpocket_3,2514071134073428,2026-09-19T22:30:34.259157Z,-0.6210709,-8.3577843,-4.7827921,0.0143557,1.3938985,-0.5213838,0.8613364,-9.7481747,-0.6836085,-0.6313857,-0.3680153,0.2919328,0.6170025
gait_20260919_223030_andrew_abnormal_rightleg_rightpocket_3,andrew_abnormal_rightleg_rightpocket_3,2514071154230329,2026-09-19T22:30:34.278946Z,-2.6271126,-6.0153570,-1.2710218,-0.3928823,0.3661528,-0.3305467,0.9006768,-9.7278852,-0.8905679,-0.6412557,-0.3648832,0.2793652,0.6144969
gait_20260919_223030_andrew_abnormal_rightleg_rightpocket_3,andrew_abnormal_rightleg_rightpocket_3,2514071174398908,2026-09-19T22:30:34.299669Z,-3.0136266,-5.0246811,2.5778818,-0.5021818,-1.2524736,-0.2313894,0.9590452,-9.7138720,-0.9782783,-0.6419264,-0.3696619,0.2777490,0.6116666
gait_20260919_223030_andrew_abnormal_rightleg_rightpocket_3,andrew_abnormal_rightleg_rightpocket_3,2514071194594221,2026-09-19T22:30:34.319035Z,-2.5213938,-4.1721210,2.8494742,-0.3449690,-1.8901017,-0.1613097,0.9674555,-9.6995010,-1.1044693,-0.6391926,-0.3827498,0.2856080,0.6027963
gait_20260919_223030_andrew_abnormal_rightleg_rightpocket_3,andrew_abnormal_rightleg_rightpocket_3,2514071214761823,2026-09-19T22:30:34.339154Z,-1.7415572,-5.7724953,2.7748051,-0.1985479,-1.7835999,-0.1157113,0.9486868,-9.6898212,-1.2014580,-0.6339781,-0.3974659,0.2974052,0.5929949
gait_20260919_223030_andrew_abnormal_rightleg_rightpocket_3,andrew_abnormal_rightleg_rightpocket_3,2514071234905744,2026-09-19T22:30:34.359233Z,-1.9693058,-10.1153526,3.0841060,-0.1393932,-0.6698700,-0.2698099,0.9286278,-9.6835489,-1.2659562,-0.6285498,-0.4098993,0.3080851,0.5848002
gait_20260919_223030_andrew_abnormal_rightleg_rightpocket_3,andrew_abnormal_rightleg_rightpocket_3,2514071255099510,2026-09-19T22:30:34.379990Z,-2.4676738,-13.8966951,3.5119946,-0.1231223,0.4890586,-0.3912002,0.9751465,-9.6746998,-1.2982301,-0.6258624,-0.4158817,0.3098481,0.5825229
gait_20260919_223030_andrew_abnormal_rightleg_rightpocket_3,andrew_abnormal_rightleg_rightpocket_3,2514071275270002,2026-09-19T22:30:34.399482Z,-1.4400375,-15.1261921,3.0436289,0.1365121,1.4497890,-0.2759219,1.0704501,-9.6639090,-1.3035108,-0.6260726,-0.4158268,0.3040561,0.5853812
gait_20260919_223030_andrew_abnormal_rightleg_rightpocket_3,andrew_abnormal_rightleg_rightpocket_3,2514071295436831,2026-09-19T22:30:34.420112Z,-0.0077812,-13.1381817,0.9849895,0.9138664,1.2601011,-0.0096093,1.1574669,-9.6643782,-1.2231958,-0.6276406,-0.4084541,0.2949097,0.5935158
gait_20260919_223030_andrew_abnormal_rightleg_rightpocket_3,andrew_abnormal_rightleg_rightpocket_3,2514071315606591,2026-09-19T22:30:34.440665Z,0.0243161,-10.7401648,-1.0965444,1.1397599,0.4844787,0.1498518,1.1761998,-9.6886225,-0.9915919,-0.6240229,-0.3994076,0.2935020,0.6040908
gait_20260919_223030_andrew_abnormal_rightleg_rightpocket_3,andrew_abnormal_rightleg_rightpocket_3,2514071335774274,2026-09-19T22:30:34.460163Z,0.0940472,-10.5858135,-0.3821744,0.5319591,0.5435002,0.2541719,1.1488316,-9.7125883,-0.7628371,-0.6182862,-0.3936229,0.2978313,0.6116205
gait_20260919_223030_andrew_abnormal_rightleg_rightpocket_3,andrew_abnormal_rightleg_rightpocket_3,2514071355921328,2026-09-19T22:30:34.480741Z,0.3704279,-12.4453602,0.8795698,-0.0507944,-0.0447657,0.3287814,1.1029865,-9.7246370,-0.6715322,-0.6176104,-0.3886864,0.2992460,0.6147618
gait_20260919_223030_andrew_abnormal_rightleg_rightpocket_3,andrew_abnormal_rightleg_rightpocket_3,2514071376109601,2026-09-19T22:30:34.500623Z,0.4034978,-13.9909668,1.4967501,-0.2035274,-0.7398497,0.4633283,1.0318464,-9.7303476,-0.7012587,-0.6184403,-0.3892276,0.3033990,0.6115412
gait_20260919_223030_andrew_abnormal_rightleg_rightpocket_3,andrew_abnormal_rightleg_rightpocket_3,2514071396283388,2026-09-19T22:30:34.521097Z,-0.3286042,-13.8907089,1.6929998,-0.1567799,-0.8390404,0.5942613,0.9232720,-9.7369137,-0.7590734,-0.6183020,-0.3930918,0.3120848,0.6048013
gait_20260919_223030_andrew_abnormal_rightleg_rightpocket_3,andrew_abnormal_rightleg_rightpocket_3,2514071416447655,2026-09-19T22:30:34.541Z,-0.7307553,-12.4682541,1.7087866,-0.1936350,-0.8141928,0.7562371,0.7871882,-9.7453756,-0.8025650,-0.6181180,-0.3960543,0.3219764,0.5978314
gait_20260919_223030_andrew_abnormal_rightleg_rightpocket_3,andrew_abnormal_rightleg_rightpocket_3,2514071436629417,2026-09-19T22:30:34.561265Z,-0.9172785,-11.2551422,1.4754268,-0.2525898,-0.8217869,0.8478836,0.6190664,-9.7531986,-0.8532265,-0.6189166,-0.3979293,0.3323406,0.5900375
gait_20260919_223030_andrew_abnormal_rightleg_rightpocket_3,andrew_abnormal_rightleg_rightpocket_3,2514071456788475,2026-09-19T22:30:34.581528Z,-1.0345944,-11.9418287,1.0354174,-0.2781036,-0.6985480,0.8970959,0.4343464,-9.7578001,-0.9125679,-0.6203121,-0.3994220,0.3428179,0.5815075
gait_20260919_223030_andrew_abnormal_rightleg_rightpocket_3,andrew_abnormal_rightleg_rightpocket_3,2514071476942527,2026-09-19T22:30:34.601575Z,-1.3147160,-12.7920704,0.6503999,-0.2114213,-0.4751859,0.9582990,0.2424750,-9.7588034,-0.9711322,-0.6223438,-0.3998649,0.3525836,0.5731328
gait_20260919_223030_andrew_abnormal_rightleg_rightpocket_3,andrew_abnormal_rightleg_rightpocket_3,2514071497123151,2026-09-19T22:30:34.621497Z,-1.3582605,-12.5655937,0.4212299,-0.1284682,-0.5484464,1.0194855,0.0419257,-9.7577562,-1.0102280,-0.6249021,-0.3982458,0.3615199,0.5658631
gait_20260919_223030_andrew_abnormal_rightleg_rightpocket_3,andrew_abnormal_rightleg_rightpocket_3,2514071517291201,2026-09-19T22:30:34.641360Z,-1.4750527,-12.4033117,0.4013281,-0.1291177,-0.8959301,1.0740936,-0.1734843,-9.7540026,-1.0322033,-0.6266279,-0.3968043,0.3719786,0.5581360
gait_20260919_223030_andrew_abnormal_rightleg_rightpocket_3,andrew_abnormal_rightleg_rightpocket_3,2514071537458519,2026-09-19T22:30:34.661669Z,-1.6187048,-12.8922520,0.2817676,-0.1091497,-0.8437535,1.1531830,-0.4071612,-9.7450266,-1.0511054,-0.6271955,-0.3969603,0.3848242,0.5485970
gait_20260919_223030_andrew_abnormal_rightleg_rightpocket_3,andrew_abnormal_rightleg_rightpocket_3,2514071557607038,2026-09-19T22:30:34.682254Z,-1.1737574,-12.8846960,0.3257611,-0.1265364,-0.5854847,1.3228530,-0.6552110,-9.7302256,-1.0628000,-0.6283934,-0.3956616,0.3972614,0.5392191
gait_20260919_223030_andrew_abnormal_rightleg_rightpocket_3,andrew_abnormal_rightleg_rightpocket_3,2514071577797020,2026-09-19T22:30:34.702103Z,-0.1434276,-12.8309011,0.6266075,-0.1260201,-0.4628453,1.4990013,-0.9335737,-9.7056570,-1.0792655,-0.6314335,-0.3917304,0.4087577,0.5298643
gait_20260919_223030_andrew_abnormal_rightleg_rightpocket_3,andrew_abnormal_rightleg_rightpocket_3,2514071597967877,2026-09-19T22:30:34.722619Z,0.1728314,-12.8568630,0.6364836,-0.0099757,-0.4678248,1.5307270,-1.2406271,-9.6697989,-1.0917757,-0.6353340,-0.3860730,0.4203770,0.5201746
gait_20260919_223030_andrew_abnormal_rightleg_rightpocket_3,andrew_abnormal_rightleg_rightpocket_3,2514071618133812,2026-09-19T22:30:34.742637Z,0.1365443,-12.3887968,0.5523872,0.1229558,-0.4606970,1.5709128,-1.5488752,-9.6271448,-1.0748039,-0.6383042,-0.3798725,0.4326127,0.5109901
gait_20260919_223030_andrew_abnormal_rightleg_rightpocket_3,andrew_abnormal_rightleg_rightpocket_3,2514071638303327,2026-09-19T22:30:34.762978Z,0.3797054,-11.7354040,0.4635773,0.2540220,-0.2449456,1.7053266,-1.8643661,-9.5759726,-1.0300606,-0.6407684,-0.3725229,0.4452623,0.5023783
gait_20260919_223030_andrew_abnormal_rightleg_rightpocket_3,andrew_abnormal_rightleg_rightpocket_3,2514071658470442,2026-09-19T22:30:34.782800Z,0.9558102,-10.8583784,0.4038719,0.4024916,0.0368551,1.7721254,-2.2002623,-9.5109787,-0.9675923,-0.6440872,-0.3622789,0.4573457,0.4947127
gait_20260919_223030_andrew_abnormal_rightleg_rightpocket_3,andrew_abnormal_rightleg_rightpocket_3,2514071678639997,2026-09-19T22:30:34.803399Z,1.2488755,-9.8934402,0.1950526,0.6070348,0.2631650,1.6901548,-2.5358005,-9.4348745,-0.8882448,-0.6479366,-0.3495305,0.4681650,0.4887004
gait_20260919_223030_andrew_abnormal_rightleg_rightpocket_3,andrew_abnormal_rightleg_rightpocket_3,2514071698811343,2026-09-19T22:30:34.824343Z,1.3394063,-8.7044945,-0.2097171,0.8098794,0.5159380,1.5955607,-2.5543544,-9.4444933,-0.7161926,-0.6455912,-0.3423295,0.4710798,0.4940713
gait_20260919_223030_andrew_abnormal_rightleg_rightpocket_3,andrew_abnormal_rightleg_rightpocket_3,2514071718977155,2026-09-19T22:30:34.843478Z,1.2951134,-7.4445457,-0.9264812,0.8813746,0.9589818,1.5024154,-2.8443177,-9.3702040,-0.5875673,-0.6487736,-0.3264323,0.4790207,0.4930253
gait_20260919_223030_andrew_abnormal_rightleg_rightpocket_3,andrew_abnormal_rightleg_rightpocket_3,2514071739145735,2026-09-19T22:30:34.863617Z,1.0066122,-5.6389437,-1.6986861,0.6753824,1.3947312,1.3247348,-3.1089232,-9.2916298,-0.4861578,-0.6535797,-0.3085913,0.4832705,0.4940188
gait_20260919_223030_andrew_abnormal_rightleg_rightpocket_3,andrew_abnormal_rightleg_rightpocket_3,2514071759315208,2026-09-19T22:30:34.884457Z,1.1401638,-4.1242371,-2.4088662,0.3031510,1.7435639,1.0512611,-3.3326020,-9.2147484,-0.4672252,-0.6610051,-0.2909373,0.4826666,0.4954399
gait_20260919_223030_andrew_abnormal_rightleg_rightpocket_3,andrew_abnormal_rightleg_rightpocket_3,2514071779484887,2026-09-19T22:30:34.903901Z,2.3677907,-4.7358804,-2.7920132,-0.1850582,1.6297178,0.5410021,-3.4946082,-9.1498480,-0.5514569,-0.6708513,-0.2756609,0.4771315,0.4963016
gait_20260919_223030_andrew_abnormal_rightleg_rightpocket_3,andrew_abnormal_rightleg_rightpocket_3,2514071799651797,2026-09-19T22:30:34.923988Z,2.7584198,-7.1526775,-2.4218848,-0.6906208,0.8664027,-0.4290546,-3.5475535,-9.1179399,-0.7170548,-0.6803018,-0.2679329,0.4687635,0.4956432
gait_20260919_223030_andrew_abnormal_rightleg_rightpocket_3,andrew_abnormal_rightleg_rightpocket_3,2514071819822330,2026-09-19T22:30:34.944627Z,1.9235166,-8.7997389,-1.4874727,-1.0288782,0.1717184,-1.4032580,-3.4176471,-9.1500530,-0.9123276,-0.6852744,-0.2738182,0.4595683,0.4941858
gait_20260919_223030_andrew_abnormal_rightleg_rightpocket_3,andrew_abnormal_rightleg_rightpocket_3,2514071839989362,2026-09-19T22:30:34.965329Z,0.8334815,-10.6198559,-0.9081506,-1.2428976,-0.1285348,-2.1355302,-3.1061165,-9.2375555,-1.1205918,-0.6857968,-0.2913263,0.4486719,0.4934624
gait_20260919_223030_andrew_abnormal_rightleg_rightpocket_3,andrew_abnormal_rightleg_rightpocket_3,2514071860156558,2026-09-19T22:30:34.984996Z,-0.2840870,-12.5189810,-0.4703858,-1.3300141,-0.0643174,-2.7676959,-2.6809318,-9.3395185,-1.3498545,-0.6838027,-0.3149853,0.4355682,0.4934356
gait_20260919_223030_andrew_abnormal_rightleg_rightpocket_3,andrew_abnormal_rightleg_rightpocket_3,2514071880328189,2026-09-19T22:30:35.005086Z,-1.5425392,-14.4109993,-0.0377087,-1.2617998,0.1999468,-3.2669632,-2.1353583,-9.4401474,-1.5999975,-0.6800491,-0.3420895,0.4180927,0.4956880
gait_20260919_223030_andrew_abnormal_rightleg_rightpocket_3,andrew_abnormal_rightleg_rightpocket_3,2514071900490543,2026-09-19T22:30:35.024727Z,-3.3825581,-15.8240271,0.5917419,-1.0390705,0.2809347,-3.4977696,-1.4861864,-9.5196600,-1.8448361,-0.6744764,-0.3701858,0.3962639,0.5010179
gait_20260919_223030_andrew_abnormal_rightleg_rightpocket_3,andrew_abnormal_rightleg_rightpocket_3,2514071920663475,2026-09-19T22:30:35.045446Z,-5.7039609,-15.8332300,1.4488661,-0.6425409,0.1305999,-3.2690616,-0.7990864,-9.5623484,-2.0393913,-0.6660511,-0.3978021,0.3739384,0.5082319
gait_20260919_223030_andrew_abnormal_rightleg_rightpocket_3,andrew_abnormal_rightleg_rightpocket_3,2514071940831241,2026-09-19T22:30:35.065319Z,-6.9700451,-13.8962460,1.5867572,-0.1512008,0.0971755,-2.5046141,-0.1816313,-9.5705605,-2.1465130,-0.6552490,-0.4218567,0.3557471,0.5158778
gait_20260919_223030_andrew_abnormal_rightleg_rightpocket_3,andrew_abnormal_rightleg_rightpocket_3,2514071960974754,2026-09-19T22:30:35.087295Z,-7.0701523,-10.6580877,1.4979472,0.3048997,-0.0099257,-1.5914971,0.2709932,-9.5663595,-2.1557963,-0.6447762,-0.4382116,0.3439764,0.5233685
gait_20260919_223030_andrew_abnormal_rightleg_rightpocket_3,andrew_abnormal_rightleg_rightpocket_3,2514071981169010,2026-09-19T22:30:35.105922Z,-6.1294556,-7.5379195,0.0424223,0.6760653,-0.1415582,-0.9960034,0.5421464,-9.5717382,-2.0794339,-0.6352669,-0.4475086,0.3396719,0.5299010
gait_20260919_223030_andrew_abnormal_rightleg_rightpocket_3,andrew_abnormal_rightleg_rightpocket_3,2514072001336571,2026-09-19T22:30:35.125649Z,-5.1881604,-5.7435403,-1.3711294,0.8056826,-0.3244680,-0.8474506,-0.1226986,-9.6511898,-1.7537435,-0.6328664,-0.4303430,0.3701917,0.5265388
gait_20260919_223030_andrew_abnormal_rightleg_rightpocket_3,andrew_abnormal_rightleg_rightpocket_3,2514072021507470,2026-09-19T22:30:35.146115Z,-4.3911157,-5.6089411,-1.7786674,0.5998237,-0.3725978,-0.7703264,0.0231105,-9.6792412,-1.5962030,-0.6228012,-0.4355381,0.3727175,0.5324537
gait_20260919_223030_andrew_abnormal_rightleg_rightpocket_3,andrew_abnormal_rightleg_rightpocket_3,2514072041674665,2026-09-19T22:30:35.166043Z,-3.2228200,-6.2385416,-1.5820436,0.2100390,-0.2951572,-0.5543752,0.1542519,-9.6948147,-1.4909397,-0.6142913,-0.4412967,0.3746496,0.5362287
gait_20260919_223030_andrew_abnormal_rightleg_rightpocket_3,andrew_abnormal_rightleg_rightpocket_3,2514072061845401,2026-09-19T22:30:35.186642Z,-2.1210382,-6.9377232,-0.3578583,-0.1133465,-0.4947209,-0.3432703,0.2429889,-9.6967573,-1.4662720,-0.6092752,-0.4466783,0.3755020,0.5368990
gait_20260919_223030_andrew_abnormal_rightleg_rightpocket_3,andrew_abnormal_rightleg_rightpocket_3,2514072082012637,2026-09-19T22:30:35.206167Z,-1.0924294,-7.6539636,0.7591864,-0.1101323,-0.9107354,-0.2174500,0.2844820,-9.6905975,-1.4991626,-0.6057683,-0.4531736,0.3776450,0.5339127
gait_20260919_223030_andrew_abnormal_rightleg_rightpocket_3,andrew_abnormal_rightleg_rightpocket_3,2514072102181420,2026-09-19T22:30:35.226915Z,-0.5675755,-8.8654299,1.0903344,0.1076009,-1.0142394,-0.1929688,0.2927508,-9.6868639,-1.5215434,-0.6005651,-0.4611654,0.3833370,0.5288674
gait_20260919_223030_andrew_abnormal_rightleg_rightpocket_3,andrew_abnormal_rightleg_rightpocket_3,2514072122349388,2026-09-19T22:30:35.247366Z,-0.2053028,-9.9411745,0.6744167,0.2483597,-0.6402594,-0.1857910,0.2982507,-9.6908655,-1.4947608,-0.5939171,-0.4681286,0.3903065,0.5251467
gait_20260919_223030_andrew_abnormal_rightleg_rightpocket_3,andrew_abnormal_rightleg_rightpocket_3,2514072142517643,2026-09-19T22:30:35.266659Z,0.1769465,-10.5069542,0.1724573,0.2048430,-0.1928189,-0.1305000,0.2726057,-9.7241974,-1.2656366,-0.5846996,-0.4677141,0.4005911,0.5281067
gait_20260919_223030_andrew_abnormal_rightleg_rightpocket_3,andrew_abnormal_rightleg_rightpocket_3,2514072162688256,2026-09-19T22:30:35.287073Z,0.6953660,-10.5366573,-0.4920084,0.1843421,0.0495287,-0.0446325,0.2920588,-9.7290497,-1.2232885,-0.5816051,-0.4692957,0.4027326,0.5284919
gait_20260919_223030_andrew_abnormal_rightleg_rightpocket_3,andrew_abnormal_rightleg_rightpocket_3,2514072182855615,2026-09-19T22:30:35.308489Z,0.1859247,-9.9395285,-1.5879543,0.2316059,-0.0939280,-0.0613863,0.3003867,-9.7333984,-1.1861063,-0.5798358,-0.4693879,0.4040280,0.5293648
gait_20260919_223030_andrew_abnormal_rightleg_rightpocket_3,andrew_abnormal_rightleg_rightpocket_3,2514072202999372,2026-09-19T22:30:35.327174Z,-0.9758617,-9.2461824,-2.1620390,0.1486361,-0.4173469,-0.0259301,0.3097297,-9.7384939,-1.1410329,-0.5767948,-0.4706016,0.4066299,0.5296168
gait_20260919_223030_andrew_abnormal_rightleg_rightpocket_3,andrew_abnormal_rightleg_rightpocket_3,2514072223197452,2026-09-19T22:30:35.347500Z,-1.3917794,-8.7837276,-1.9336171,-0.0506778,-0.7602174,0.0662159,0.2426864,-9.7368069,-1.1712344,-0.5756214,-0.4735777,0.4111187,0.5247529
gait_20260919_223030_andrew_abnormal_rightleg_rightpocket_3,andrew_abnormal_rightleg_rightpocket_3,2514072243366763,2026-09-19T22:30:35.368241Z,-1.5793501,-8.7588873,-1.4562732,-0.2088067,-0.8943980,0.1361790,0.2017801,-9.7348299,-1.1952028,-0.5723047,-0.4787722,0.4169392,0.5190436
gait_20260919_223030_andrew_abnormal_rightleg_rightpocket_3,andrew_abnormal_rightleg_rightpocket_3,2514072263532454,2026-09-19T22:30:35.388333Z,-1.2036849,-8.9624701,-1.2547861,-0.2730907,-0.7694604,0.2155681,0.1463520,-9.7295780,-1.2449875,-0.5696478,-0.4844836,0.4227838,0.5118896
gait_20260919_223030_andrew_abnormal_rightleg_rightpocket_3,andrew_abnormal_rightleg_rightpocket_3,2514072283698998,2026-09-19T22:30:35.407914Z,-0.4817583,-9.0981159,-1.2170026,-0.2464778,-0.5537757,0.2732573,0.0772970,-9.7229223,-1.3018897,-0.5681795,-0.4891087,0.4279500,0.5047807
gait_20260919_223030_andrew_abnormal_rightleg_rightpocket_3,andrew_abnormal_rightleg_rightpocket_3,2514072303867943,2026-09-19T22:30:35.428064Z,0.0880617,-9.4243259,-1.4274679,-0.1754322,-0.3810580,0.2662959,0.0086808,-9.7168598,-1.3485811,-0.5675119,-0.4922307,0.4321801,0.4988584
gait_20260919_223030_andrew_abnormal_rightleg_rightpocket_3,andrew_abnormal_rightleg_rightpocket_3,2514072324037662,2026-09-19T22:30:35.448406Z,0.5579987,-9.7058697,-1.3765912,-0.1746495,-0.2855645,0.2556041,-0.0526469,-9.7121525,-1.3810987,-0.5670403,-0.4943757,0.4357650,0.4941324
gait_20260919_223030_andrew_abnormal_rightleg_rightpocket_3,andrew_abnormal_rightleg_rightpocket_3,2514072344178775,2026-09-19T22:30:35.469651Z,0.8758289,-9.7096853,-1.5679028,-0.1509676,-0.1100323,0.2389169,-0.1085401,-9.7068243,-1.4148798,-0.5670114,-0.4960904,0.4385991,0.4899217
gait_20260919_223030_andrew_abnormal_rightleg_rightpocket_3,andrew_abnormal_rightleg_rightpocket_3,2514072364374047,2026-09-19T22:30:35.488703Z,0.5329343,-9.8245316,-2.1598692,-0.0878993,0.1656564,0.1567132,-0.1440953,-9.7020702,-1.4440267,-0.5674374,-0.4971164,0.4399638,0.4871570
gait_20260919_223030_andrew_abnormal_rightleg_rightpocket_3,andrew_abnormal_rightleg_rightpocket_3,2514072384541486,2026-09-19T22:30:35.508725Z,0.4632032,-9.8035822,-2.3982420,-0.0622523,0.3286481,0.0946774,-0.1641129,-9.6991520,-1.4613786,-0.5685278,-0.4967444,0.4398770,0.4863429
gait_20260919_223030_andrew_abnormal_rightleg_rightpocket_3,andrew_abnormal_rightleg_rightpocket_3,2514072404709862,2026-09-19T22:30:35.529579Z,0.8034043,-9.7457476,-2.2340147,-0.0436998,0.3577092,0.0560570,-0.1680063,-9.6966810,-1.4772488,-0.5698531,-0.4961174,0.4387258,0.4864717
gait_20260919_223030_andrew_abnormal_rightleg_rightpocket_3,andrew_abnormal_rightleg_rightpocket_3,2514072424878563,2026-09-19T22:30:35.549635Z,1.1355250,-9.9919767,-1.8142811,-0.0357726,0.4197783,0.0093928,-0.1537844,-9.6940117,-1.4961925,-0.5709611,-0.4961272,0.4367123,0.4869741
gait_20260919_223030_andrew_abnormal_rightleg_rightpocket_3,andrew_abnormal_rightleg_rightpocket_3,2514072445021956,2026-09-19T22:30:35.569347Z,1.2261306,-10.2630453,-1.1917139,0.0150884,0.4519370,-0.0419345,-0.1316153,-9.6928720,-1.5056739,-0.5718492,-0.4955867,0.4347660,0.4882222
gait_20260919_223030_andrew_abnormal_rightleg_rightpocket_3,andrew_abnormal_rightleg_rightpocket_3,2514072465215070,2026-09-19T22:30:35.589522Z,1.7796401,-9.9699049,-1.1257986,0.0331413,0.5286949,-0.0881158,-0.1029122,-9.6940269,-1.5004593,-0.5723057,-0.4947584,0.4329874,0.4901043
gait_20260919_223030_andrew_abnormal_rightleg_rightpocket_3,andrew_abnormal_rightleg_rightpocket_3,2514072485384179,2026-09-19T22:30:35.610135Z,2.0764463,-9.5257807,-0.7548469,-0.0222663,0.8073813,-0.1325484,-0.0223957,-9.6967659,-1.4860501,-0.5721310,-0.4943541,0.4295119,0.4937607
gait_20260919_223030_andrew_abnormal_rightleg_rightpocket_3,andrew_abnormal_rightleg_rightpocket_3,2514072505552269,2026-09-19T22:30:35.630232Z,2.2112696,-8.9399490,-0.5699697,0.0416015,0.9394301,-0.1089498,0.3794925,-9.7062817,-1.3712143,-0.5651420,-0.4977305,0.4184812,0.5076931
gait_20260919_223030_andrew_abnormal_rightleg_rightpocket_3,andrew_abnormal_rightleg_rightpocket_3,2514072525721663,2026-09-19T22:30:35.650053Z,1.8072482,-8.2406921,-0.7898621,0.2293076,0.7597845,-0.0907971,0.4380126,-9.7072420,-1.3467339,-0.5669453,-0.4945000,0.4136473,0.5127755
gait_20260919_223030_andrew_abnormal_rightleg_rightpocket_3,andrew_abnormal_rightleg_rightpocket_3,2514072545891381,2026-09-19T22:30:35.671280Z,0.7541735,-7.5663509,-1.3735236,0.3748627,0.5135065,-0.0375379,0.4750296,-9.7134695,-1.2880162,-0.5670472,-0.4913731,0.4114824,0.5173898
gait_20260919_223030_andrew_abnormal_rightleg_rightpocket_3,andrew_abnormal_rightleg_rightpocket_3,2514072566058780,2026-09-19T22:30:35.690251Z,0.4391116,-7.1683893,-1.8417397,0.3966794,0.2750559,0.0753922,0.4913360,-9.7231264,-1.2064443,-0.5658102,-0.4885680,0.4116905,0.5212207
gait_20260919_223030_andrew_abnormal_rightleg_rightpocket_3,andrew_abnormal_rightleg_rightpocket_3,2514072586229312,2026-09-19T22:30:35.710391Z,0.8418612,-7.0482306,-2.2020669,0.3752458,0.0162209,0.1636579,0.4779193,-9.7333012,-1.1272033,-0.5641271,-0.4863661,0.4139250,0.5233303
gait_20260919_223030_andrew_abnormal_rightleg_rightpocket_3,andrew_abnormal_rightleg_rightpocket_3,2514072606397769,2026-09-19T22:30:35.731125Z,2.2909517,-9.2132626,-3.4705451,0.4603139,-0.1483030,0.1152617,0.4431329,-9.7431192,-1.0542216,-0.5618461,-0.4851541,0.4179498,0.5237103
gait_20260919_223030_andrew_abnormal_rightleg_rightpocket_3,andrew_abnormal_rightleg_rightpocket_3,2514072626540835,2026-09-19T22:30:35.751375Z,4.1894040,-13.4206972,-3.0092871,0.5402527,0.6725346,-0.3174567,0.4892519,-9.7414217,-1.0494996,-0.5591665,-0.4880966,0.4185421,0.5233711
gait_20260919_223030_andrew_abnormal_rightleg_rightpocket_3,andrew_abnormal_rightleg_rightpocket_3,2514072646735050,2026-09-19T22:30:35.771686Z,0.1759738,-14.1340199,1.1188403,0.3687341,1.2966896,-0.9132169,0.5911289,-9.7475462,-0.9338251,-0.5569376,-0.4846417,0.4150008,0.5317119
gait_20260919_223030_andrew_abnormal_rightleg_rightpocket_3,andrew_abnormal_rightleg_rightpocket_3,2514072666902937,2026-09-19T22:30:35.791724Z,-3.4602947,-9.0298815,-1.3631238,0.0054125,1.1234558,-0.6056359,0.8063388,-9.7395201,-0.8530291,-0.5547077,-0.4830270,0.4052251,0.5429335
gait_20260919_223030_andrew_abnormal_rightleg_rightpocket_3,andrew_abnormal_rightleg_rightpocket_3,2514072687074202,2026-09-19T22:30:35.811858Z,-3.8284032,-4.7061777,-2.1227591,-0.2735071,1.5314264,-0.1258869,0.2920918,-9.7611780,-0.9328327,-0.5701970,-0.4680324,0.4115326,0.5352214
gait_20260919_223030_andrew_abnormal_rightleg_rightpocket_3,andrew_abnormal_rightleg_rightpocket_3,2514072707239485,2026-09-19T22:30:35.831900Z,-4.2909331,-3.3625066,-0.3151368,-0.5614531,0.1161443,-0.2082737,0.3329590,-9.7543201,-0.9892016,-0.5765284,-0.4632044,0.4025045,0.5394876
gait_20260919_223030_andrew_abnormal_rightleg_rightpocket_3,andrew_abnormal_rightleg_rightpocket_3,2514072727409285,2026-09-19T22:30:35.851695Z,-4.0824881,-4.5006504,0.3313725,-0.8335113,-0.5421346,-0.0879659,0.3685420,-9.7398577,-1.1115271,-0.5772603,-0.4689076,0.4006261,0.5351588
gait_20260919_223030_andrew_abnormal_rightleg_rightpocket_3,andrew_abnormal_rightleg_rightpocket_3,2514072747576277,2026-09-19T22:30:35.872315Z,-2.3909845,-8.4623060,1.9289783,-0.9946711,-0.4830298,0.0778570,0.3606415,-9.7182961,-1.2887144,-0.5781088,-0.4773495,0.4011526,0.5263119
gait_20260919_223030_andrew_abnormal_rightleg_rightpocket_3,andrew_abnormal_rightleg_rightpocket_3,2514072767744124,2026-09-19T22:30:35.892439Z,-1.3404536,-11.9279127,3.8408980,-0.6869902,-0.1738002,-0.0086600,0.3265680,-9.6919928,-1.4814779,-0.5806746,-0.4844181,0.4009965,0.5170666
gait_20260919_223030_andrew_abnormal_rightleg_rightpocket_3,andrew_abnormal_rightleg_rightpocket_3,2514072787914127,2026-09-19T22:30:35.912022Z,0.2171990,-13.3731880,4.6014314,-0.0962929,0.0013823,0.0385038,0.3256050,-9.6735191,-1.5978614,-0.5820047,-0.4888628,0.3999841,0.5121489
gait_20260919_223030_andrew_abnormal_rightleg_rightpocket_3,andrew_abnormal_rightleg_rightpocket_3,2514072808082014,2026-09-19T22:30:35.933765Z,1.4847791,-12.2937021,4.0503159,0.5016656,0.3032176,0.0769410,0.3171735,-9.6748714,-1.5913396,-0.5809607,-0.4896924,0.4015205,0.5113387
gait_20260919_223030_andrew_abnormal_rightleg_rightpocket_3,andrew_abnormal_rightleg_rightpocket_3,2514072828252383,2026-09-19T22:30:35.952679Z,1.9745430,-11.2456398,2.3378632,0.8872201,1.2755059,0.1077008,0.3133025,-9.6945257,-1.4676998,-0.5785841,-0.4859740,0.4039387,0.5156581
gait_20260919_223030_andrew_abnormal_rightleg_rightpocket_3,andrew_abnormal_rightleg_rightpocket_3,2514072848419376,2026-09-19T22:30:35.973284Z,1.7348236,-11.2163858,0.9274539,0.8495324,2.2100565,0.0216834,0.3338515,-9.7212496,-1.2735692,-0.5788748,-0.4752231,0.4018095,0.5268929
gait_20260919_223030_andrew_abnormal_rightleg_rightpocket_3,andrew_abnormal_rightleg_rightpocket_3,2514072868568546,2026-09-19T22:30:35.993369Z,1.2819453,-11.5592060,-0.1104326,0.7930423,2.4352672,0.0571395,0.3890482,-9.7411900,-1.0926915,-0.5826232,-0.4606020,0.3933896,0.5418862
gait_20260919_223030_andrew_abnormal_rightleg_rightpocket_3,andrew_abnormal_rightleg_rightpocket_3,2514072888756941,2026-09-19T22:30:36.013615Z,0.9418939,-11.2313499,-1.5117139,1.0399864,1.0914303,0.3224030,0.4210108,-9.7584562,-0.9118059,-0.5865459,-0.4452527,0.3850832,0.5562598
gait_20260919_223030_andrew_abnormal_rightleg_rightpocket_3,andrew_abnormal_rightleg_rightpocket_3,2514072908927107,2026-09-19T22:30:36.033956Z,-0.1675193,-10.8532906,-1.4514848,0.5117579,-0.1369451,0.4403792,0.3635394,-9.7782240,-0.7002028,-0.5841956,-0.4360404,0.3885083,0.5636007
gait_20260919_223030_andrew_abnormal_rightleg_rightpocket_3,andrew_abnormal_rightleg_rightpocket_3,2514072929093693,2026-09-19T22:30:36.053325Z,-0.2524386,-11.7281466,0.7041197,-0.2183660,-0.6787632,0.5840691,0.2675326,-9.7862530,-0.6275328,-0.5816657,-0.4350907,0.3961813,0.5616062
gait_20260919_223030_andrew_abnormal_rightleg_rightpocket_3,andrew_abnormal_rightleg_rightpocket_3,2514072949262963,2026-09-19T22:30:36.073991Z,-0.0629226,-12.8710785,1.9391538,-0.2936250,-1.2569035,0.6703530,0.1366551,-9.7845325,-0.6931024,-0.5817857,-0.4386846,0.4043218,0.5528156
gait_20260919_223030_andrew_abnormal_rightleg_rightpocket_3,andrew_abnormal_rightleg_rightpocket_3,2514072969431258,2026-09-19T22:30:36.094091Z,0.0008978,-14.0098953,1.6909797,-0.0061120,-1.3488331,0.7057092,-0.0181129,-9.7814388,-0.7478396,-0.5794862,-0.4447969,0.4163574,0.5412930
gait_20260919_223030_andrew_abnormal_rightleg_rightpocket_3,andrew_abnormal_rightleg_rightpocket_3,2514072989600528,2026-09-19T22:30:36.113749Z,-0.5712416,-14.4466133,0.9411457,0.1536989,-0.6854914,0.7423478,-0.1777153,-9.7807980,-0.7351862,-0.5756505,-0.4489717,0.4294669,0.5316098
gait_20260919_223030_andrew_abnormal_rightleg_rightpocket_3,andrew_abnormal_rightleg_rightpocket_3,2514073009768375,2026-09-19T22:30:36.135625Z,-1.0645219,-13.6050510,0.2291700,0.0173534,-0.1112814,0.8849719,-0.3350412,-9.7793036,-0.6993526,-0.5746036,-0.4482111,0.4388344,0.5257014
gait_20260919_223030_andrew_abnormal_rightleg_rightpocket_3,andrew_abnormal_rightleg_rightpocket_3,2514073029939151,2026-09-19T22:30:36.154900Z,-1.2850877,-12.5387335,0.0650924,-0.0452320,-0.1860907,0.9748863,-0.5157589,-9.7713480,-0.7006128,-0.5773803,-0.4446237,0.4452571,0.5202768
gait_20260919_223030_andrew_abnormal_rightleg_rightpocket_3,andrew_abnormal_rightleg_rightpocket_3,2514073050107202,2026-09-19T22:30:36.174239Z,-1.7575685,-12.0875759,0.0481833,-0.0071445,-0.7747230,1.0346571,-0.7141044,-9.7584639,-0.7060956,-0.5797719,-0.4417463,0.4529864,0.5133500
gait_20260919_223030_andrew_abnormal_rightleg_rightpocket_3,andrew_abnormal_rightleg_rightpocket_3,2514073070250431,2026-09-19T22:30:36.194976Z,-1.9719244,-12.0573492,0.2822914,-0.0751091,-1.0718286,1.1191257,-0.9327957,-9.7409706,-0.6924754,-0.5791823,-0.4416665,0.4648811,0.5033529
gait_20260919_223030_andrew_abnormal_rightleg_rightpocket_3,andrew_abnormal_rightleg_rightpocket_3,2514073090442895,2026-09-19T22:30:36.215167Z,-1.9791818,-12.2131968,0.5990742,-0.0947607,-0.8264167,1.2719586,-1.1719439,-9.7155685,-0.6858524,-0.5782993,-0.4423822,0.4779554,0.4913519
gait_20260919_223030_andrew_abnormal_rightleg_rightpocket_3,andrew_abnormal_rightleg_rightpocket_3,2514073110611962,2026-09-19T22:30:36.236046Z,-1.6775872,-12.9962502,0.7894880,-0.0506612,-0.4851782,1.4706397,-1.4380394,-9.6799278,-0.6834723,-0.5796337,-0.4404343,0.4897276,0.4798014
gait_20260919_223030_andrew_abnormal_rightleg_rightpocket_3,andrew_abnormal_rightleg_rightpocket_3,2514073130782658,2026-09-19T22:30:36.255718Z,-0.8848072,-13.6441813,0.9187001,0.0352064,-0.3670354,1.6685047,-1.7375315,-9.6311474,-0.6768268,-0.5831823,-0.4352743,0.5005335,0.4689359
gait_20260919_223030_andrew_abnormal_rightleg_rightpocket_3,andrew_abnormal_rightleg_rightpocket_3,2514073150948958,2026-09-19T22:30:36.275433Z,0.2528875,-12.9186630,0.7793127,0.2862973,-0.3535458,1.9163482,-2.0724902,-9.5664806,-0.6506904,-0.5873636,-0.4279980,0.5121000,0.4577941
gait_20260919_223030_andrew_abnormal_rightleg_rightpocket_3,andrew_abnormal_rightleg_rightpocket_3,2514073171119287,2026-09-19T22:30:36.296095Z,1.5435867,-11.1938658,0.3366846,0.7001635,-0.2000634,2.0655339,-2.4516222,-9.4817543,-0.5674507,-0.5912580,-0.4174906,0.5256549,0.4469930
gait_20260919_223030_andrew_abnormal_rightleg_rightpocket_3,andrew_abnormal_rightleg_rightpocket_3,2514073191286889,2026-09-19T22:30:36.316120Z,2.2367830,-9.2820206,-0.1795651,1.0357563,0.1793126,1.9086874,-2.8456323,-9.3792124,-0.4109209,-0.5944538,-0.4030797,0.5401509,0.4386211
gait_20260919_223030_andrew_abnormal_rightleg_rightpocket_3,andrew_abnormal_rightleg_rightpocket_3,2514073211454288,2026-09-19T22:30:36.335698Z,2.1015105,-7.6639147,-1.0054899,1.1980486,0.8094131,1.6307337,-2.9241917,-9.3613825,-0.2230424,-0.5934102,-0.3934624,0.5464356,0.4409758
gait_20260919_223030_andrew_abnormal_rightleg_rightpocket_3,andrew_abnormal_rightleg_rightpocket_3,2514073231624047,2026-09-19T22:30:36.356418Z,1.9101241,-6.2609124,-1.8460044,1.0616698,1.4214275,1.4405295,-3.2157032,-9.2678146,-0.0546034,-0.5983802,-0.3745919,0.5535309,0.4418435
gait_20260919_223030_andrew_abnormal_rightleg_rightpocket_3,andrew_abnormal_rightleg_rightpocket_3,2514073251791731,2026-09-19T22:30:36.376082Z,2.2100725,-4.8754926,-3.2353895,0.7398664,1.8892689,1.3045003,-3.4741826,-9.1741638,0.0299294,-0.6066228,-0.3551317,0.5553129,0.4444300
gait_20260919_223030_andrew_abnormal_rightleg_rightpocket_3,andrew_abnormal_rightleg_rightpocket_3,2514073271960229,2026-09-19T22:30:36.396952Z,3.4664299,-5.1846437,-4.0763531,0.3581089,2.2987218,0.9903744,-3.7056437,-9.0831871,0.0069572,-0.6182656,-0.3362854,0.5521054,0.4470340
gait_20260919_223030_andrew_abnormal_rightleg_rightpocket_3,andrew_abnormal_rightleg_rightpocket_3,2514073292108300,2026-09-19T22:30:36.417215Z,4.6212583,-6.6175733,-3.5589809,-0.2578857,1.6760490,0.2031610,-3.8632782,-9.0163975,-0.1255694,-0.6321121,-0.3203285,0.5433445,0.4501118
gait_20260919_223030_andrew_abnormal_rightleg_rightpocket_3,andrew_abnormal_rightleg_rightpocket_3,2514073312297916,2026-09-19T22:30:36.437691Z,3.9338977,-8.1261454,-2.7046249,-0.8906841,0.4317525,-0.7640312,-3.8576932,-9.0141735,-0.3146212,-0.6412584,-0.3172382,0.5336646,0.4509433
gait_20260919_223030_andrew_abnormal_rightleg_rightpocket_3,andrew_abnormal_rightleg_rightpocket_3,2514073332467064,2026-09-19T22:30:36.456954Z,2.3558946,-9.5005665,-1.3835493,-1.3259672,-0.2389669,-1.5633854,-3.5095277,-9.1423006,-0.5810760,-0.6429532,-0.3354645,0.5197957,0.4515388
gait_20260919_223030_andrew_abnormal_rightleg_rightpocket_3,andrew_abnormal_rightleg_rightpocket_3,2514073352644555,2026-09-19T22:30:36.478773Z,0.9805752,-11.2317238,-0.4976199,-1.6779143,-0.5456319,-2.2395172,-2.4457178,-9.4553471,-0.9224802,-0.6335144,-0.3792835,0.4890993,0.4643119
gait_20260919_223030_andrew_abnormal_rightleg_rightpocket_3,andrew_abnormal_rightleg_rightpocket_3,2514073372804223,2026-09-19T22:30:36.497402Z,-0.3481319,-13.6741838,0.0577601,-2.0062127,-0.7179998,-2.7449465,-2.0051575,-9.5238533,-1.2294933,-0.6284731,-0.4070977,0.4760153,0.4611969
gait_20260919_223030_andrew_abnormal_rightleg_rightpocket_3,andrew_abnormal_rightleg_rightpocket_3,2514073392972965,2026-09-19T22:30:36.517229Z,-2.1890485,-16.2128601,1.0747721,-2.1432242,-0.5467311,-3.0344746,-1.4802479,-9.5648470,-1.5995909,-0.6214209,-0.4396047,0.4598742,0.4572742
gait_20260919_223030_andrew_abnormal_rightleg_rightpocket_3,andrew_abnormal_rightleg_rightpocket_3,2514073413147322,2026-09-19T22:30:36.537426Z,-4.6901665,-17.5964108,2.2847419,-1.7402831,-0.1971989,-3.0114257,-0.9053464,-9.5615864,-1.9981422,-0.6137185,-0.4722170,0.4401945,0.4545213
gait_20260919_223030_andrew_abnormal_rightleg_rightpocket_3,andrew_abnormal_rightleg_rightpocket_3,2514073433311425,2026-09-19T22:30:36.557639Z,-6.8275900,-16.0884361,3.7878516,-0.9972025,-0.0235653,-2.5373890,-0.3393728,-9.5281792,-2.3097062,-0.6048049,-0.4997299,0.4206097,0.4555969
gait_20260919_223030_andrew_abnormal_rightleg_rightpocket_3,andrew_abnormal_rightleg_rightpocket_3,2514073453478621,2026-09-19T22:30:36.577584Z,-6.9804449,-12.6973495,3.1141829,-0.1885555,0.0723612,-1.7267601,0.1227465,-9.4934397,-2.4689326,-0.5950655,-0.5192046,0.4063221,0.4595933
gait_20260919_223030_andrew_abnormal_rightleg_rightpocket_3,andrew_abnormal_rightleg_rightpocket_3,2514073473673893,2026-09-19T22:30:36.597771Z,-6.0300217,-9.3400049,2.5656116,0.4117678,-0.3425375,-1.0781904,0.4236133,-9.4833050,-2.4745882,-0.5859220,-0.5298120,0.3997003,0.4650103
gait_20260919_223030_andrew_abnormal_rightleg_rightpocket_3,andrew_abnormal_rightleg_rightpocket_3,2514073493814721,2026-09-19T22:30:36.618988Z,-5.0079217,-6.1328974,1.5465795,0.8214872,-0.8443030,-0.8771279,0.5867956,-9.4992895,-2.3780901,-0.5752164,-0.5367951,0.4016758,0.4686511
gait_20260919_223030_andrew_abnormal_rightleg_rightpocket_3,andrew_abnormal_rightleg_rightpocket_3,2514073513984847,2026-09-19T22:30:36.638410Z,-4.4884548,-3.9043443,-0.5736358,1.2352201,-1.2224299,-0.9235756,0.7039858,-9.5304050,-2.2162814,-0.5611721,-0.5437733,0.4091985,0.4711189
gait_20260919_223030_andrew_abnormal_rightleg_rightpocket_3,andrew_abnormal_rightleg_rightpocket_3,2514073534128238,2026-09-19T22:30:36.658668Z,-4.3708396,-4.2988639,-3.1278000,1.4875435,-0.9711558,-0.8747630,0.8244088,-9.5721378,-1.9825894,-0.5433286,-0.5506709,0.4203029,0.4742375
gait_20260919_223030_andrew_abnormal_rightleg_rightpocket_3,andrew_abnormal_rightleg_rightpocket_3,2514073554296248,2026-09-19T22:30:36.679239Z,-4.2333975,-6.6253548,-4.1385274,1.0277292,-0.3736470,-0.6533993,0.9521112,-9.6125765,-1.7111325,-0.5250664,-0.5556597,0.4317003,0.4787302
gait_20260919_223030_andrew_abnormal_rightleg_rightpocket_3,andrew_abnormal_rightleg_rightpocket_3,2514073574464664,2026-09-19T22:30:36.699373Z,-3.5740194,-7.9434376,-2.2210710,-0.0122240,-0.4367653,-0.2911269,1.0532460,-9.6296463,-1.5481271,-0.5149424,-0.5575985,0.4365456,0.4830592
gait_20260919_223030_andrew_abnormal_rightleg_rightpocket_3,andrew_abnormal_rightleg_rightpocket_3,2514073594658594,2026-09-19T22:30:36.719506Z,-2.2052841,-8.4612589,0.6079028,-0.6338809,-1.0580726,0.0428338,1.0704720,-9.6192951,-1.5997983,-0.5112903,-0.5632285,0.4383337,0.4787686
gait_20260919_223030_andrew_abnormal_rightleg_rightpocket_3,andrew_abnormal_rightleg_rightpocket_3,2514073614829125,2026-09-19T22:30:36.739224Z,-1.1046249,-9.4814873,1.9670612,-0.4001101,-1.3838729,0.0945775,1.0105351,-9.5980902,-1.7582999,-0.5085518,-0.5726514,0.4420981,0.4668992
gait_20260919_223030_andrew_abnormal_rightleg_rightpocket_3,andrew_abnormal_rightleg_rightpocket_3,2514073634997705,2026-09-19T22:30:36.759870Z,-0.4072388,-10.4099894,0.9977087,0.1631417,-0.8502151,-0.0363388,0.6341909,-9.7069740,-1.2682995,-0.4965926,-0.5613812,0.4714979,0.4646899
gait_20260919_223030_andrew_abnormal_rightleg_rightpocket_3,andrew_abnormal_rightleg_rightpocket_3,2514073655166894,2026-09-19T22:30:36.779190Z,0.1675193,-10.8145342,-0.1629554,0.4794826,0.1302002,-0.1440063,0.6237066,-9.7142467,-1.2167671,-0.4902348,-0.5645581,0.4776014,0.4613467
gait_20260919_223030_andrew_abnormal_rightleg_rightpocket_3,andrew_abnormal_rightleg_rightpocket_3,2514073675333602,2026-09-19T22:30:36.800231Z,0.6388029,-10.7112093,-1.2042835,0.5455986,0.7957402,-0.1780969,0.6618611,-9.7245359,-1.1097133,-0.4870566,-0.5624968,0.4793797,0.4653691
gait_20260919_223030_andrew_abnormal_rightleg_rightpocket_3,andrew_abnormal_rightleg_rightpocket_3,2514073695502058,2026-09-19T22:30:36.819863Z,0.9909750,-10.3292599,-1.9617491,0.5238819,0.8552279,-0.1875063,0.7162423,-9.7336740,-0.9892995,-0.4863697,-0.5576941,0.4783725,0.4728442
gait_20260919_223030_andrew_abnormal_rightleg_rightpocket_3,andrew_abnormal_rightleg_rightpocket_3,2514073715645736,2026-09-19T22:30:36.840172Z,0.5738602,-9.9020443,-2.0425534,0.4379644,0.3243015,-0.1933851,0.7693775,-9.7405167,-0.8754892,-0.4854334,-0.5533699,0.4774370,0.4797812
gait_20260919_223030_andrew_abnormal_rightleg_rightpocket_3,andrew_abnormal_rightleg_rightpocket_3,2514073735813541,2026-09-19T22:30:36.860480Z,0.3871125,-9.4513359,-1.8092684,0.2212305,-0.2474937,-0.0948440,0.8071953,-9.7437630,-0.8022895,-0.4825054,-0.5527726,0.4785160,0.4823417
gait_20260919_223030_andrew_abnormal_rightleg_rightpocket_3,andrew_abnormal_rightleg_rightpocket_3,2514073756009424,2026-09-19T22:30:36.881146Z,0.3874118,-9.1368723,-1.0734254,-0.0805216,-0.5483131,-0.0276288,0.8115172,-9.7445316,-0.7884495,-0.4787552,-0.5554501,0.4815050,0.4800225
gait_20260919_223030_andrew_abnormal_rightleg_rightpocket_3,andrew_abnormal_rightleg_rightpocket_3,2514073776178002,2026-09-19T22:30:36.900756Z,0.3847931,-8.8511391,-0.4207810,-0.2465944,-0.6623924,0.0118576,0.8049940,-9.7421427,-0.8238610,-0.4751071,-0.5601303,0.4846344,0.4750335
gait_20260919_223030_andrew_abnormal_rightleg_rightpocket_3,andrew_abnormal_rightleg_rightpocket_3,2514073796346826,2026-09-19T22:30:36.921426Z,0.1346738,-8.7725792,0.1209072,-0.2705427,-0.6866405,0.0338074,0.7897827,-9.7378063,-0.8874095,-0.4718381,-0.5656955,0.4875211,0.4687010
gait_20260919_223030_andrew_abnormal_rightleg_rightpocket_3,andrew_abnormal_rightleg_rightpocket_3,2514073816494856,2026-09-19T22:30:36.941935Z,0.1463456,-9.1371717,-0.0009726,-0.2307065,-0.6835595,0.0441162,0.7693628,-9.7334824,-0.9505348,-0.4685937,-0.5711501,0.4904975,0.4621901
gait_20260919_223030_andrew_abnormal_rightleg_rightpocket_3,andrew_abnormal_rightleg_rightpocket_3,2514073836683333,2026-09-19T22:30:36.961634Z,0.5113117,-9.6715279,-0.8983493,-0.2238285,-0.4842789,0.0536256,0.7465051,-9.7299118,-1.0038290,-0.4651416,-0.5762865,0.4937110,0.4558364
gait_20260919_223030_andrew_abnormal_rightleg_rightpocket_3,andrew_abnormal_rightleg_rightpocket_3,2514073856850976,2026-09-19T22:30:36.981165Z,0.8127567,-10.0111303,-1.7577181,-0.2488926,-0.2250942,0.0294441,0.7267864,-9.7260065,-1.0548445,-0.4628233,-0.5803592,0.4958233,0.4507074
gait_20260919_223030_andrew_abnormal_rightleg_rightpocket_3,andrew_abnormal_rightleg_rightpocket_3,2514073877019149,2026-09-19T22:30:37.001547Z,1.1319337,-9.9824743,-2.4290674,-0.2533059,-0.1007062,0.0043633,0.7181193,-9.7208490,-1.1070341,-0.4617784,-0.5834634,0.4963695,0.4471560
gait_20260919_223030_andrew_abnormal_rightleg_rightpocket_3,andrew_abnormal_rightleg_rightpocket_3,2514073897189477,2026-09-19T22:30:37.022293Z,1.0773908,-9.9912281,-2.6326492,-0.2600008,-0.3041503,-0.0619026,0.7176069,-9.7144918,-1.1618038,-0.4610297,-0.5865856,0.4961570,0.4440691
gait_20260919_223030_andrew_abnormal_rightleg_rightpocket_3,andrew_abnormal_rightleg_rightpocket_3,2514073917332341,2026-09-19T22:30:37.041672Z,0.4335750,-9.7965498,-2.4273465,-0.2616162,-0.5233822,-0.0780902,0.7251087,-9.7062492,-1.2243669,-0.4586667,-0.5912988,0.4966287,0.4397163
gait_20260919_223030_andrew_abnormal_rightleg_rightpocket_3,andrew_abnormal_rightleg_rightpocket_3,2514073937524479,2026-09-19T22:30:37.062012Z,0.1720832,-9.2035360,-2.0962732,-0.2696267,-0.5234323,-0.0220831,0.7239485,-9.6977625,-1.2905105,-0.4553687,-0.5967045,0.4981018,0.4341402
gait_20260919_223030_andrew_abnormal_rightleg_rightpocket_3,andrew_abnormal_rightleg_rightpocket_3,2514073957693465,2026-09-19T22:30:37.082529Z,-0.1369184,-8.9570827,-1.8100165,-0.2683610,-0.4486729,0.0385038,0.7115173,-9.6902590,-1.3523135,-0.4523929,-0.6015515,0.4998385,0.4285299
gait_20260919_223030_andrew_abnormal_rightleg_rightpocket_3,andrew_abnormal_rightleg_rightpocket_3,2514073977862492,2026-09-19T22:30:37.102410Z,-0.2860323,-8.8622122,-1.5049802,-0.2297073,-0.3280819,0.1032875,0.6894262,-9.6835365,-1.4106487,-0.4502215,-0.6056072,0.5014026,0.4232448
gait_20260919_223030_andrew_abnormal_rightleg_rightpocket_3,andrew_abnormal_rightleg_rightpocket_3,2514073998053898,2026-09-19T22:30:37.122392Z,-0.3148375,-8.8866034,-1.1804162,-0.1229225,-0.1715186,0.1536323,0.6581486,-9.6788149,-1.4572281,-0.4487902,-0.6086015,0.5029731,0.4185806
gait_20260919_223030_andrew_abnormal_rightleg_rightpocket_3,andrew_abnormal_rightleg_rightpocket_3,2514074018199365,2026-09-19T22:30:37.143074Z,-0.1153706,-9.1051493,-1.2016648,-0.0041302,0.0250641,0.1942012,0.6221204,-9.6779461,-1.4786644,-0.4479705,-0.6100925,0.5047061,0.4151883
gait_20260919_223030_andrew_abnormal_rightleg_rightpocket_3,andrew_abnormal_rightleg_rightpocket_3,2514074038366846,2026-09-19T22:30:37.163027Z,0.2683002,-9.2782793,-1.2627918,0.0846518,0.1857243,0.2034441,0.5846839,-9.6809063,-1.4745654,-0.4478706,-0.6099996,0.5064287,0.4133310
gait_20260919_223030_andrew_abnormal_rightleg_rightpocket_3,andrew_abnormal_rightleg_rightpocket_3,2514074058537541,2026-09-19T22:30:37.183287Z,0.7820061,-9.0101290,-1.1495161,0.1603271,0.2705094,0.2078907,0.5509989,-9.6862164,-1.4524894,-0.4482639,-0.6088021,0.5079610,0.4127893
gait_20260919_223030_andrew_abnormal_rightleg_rightpocket_3,andrew_abnormal_rightleg_rightpocket_3,2514074078704940,2026-09-19T22:30:37.203350Z,1.2675053,-8.5614405,-0.9355343,0.2411819,0.2819173,0.2264931,0.5180917,-9.6935482,-1.4152167,-0.4487086,-0.6069307,0.5096788,0.4129446
gait_20260919_223030_andrew_abnormal_rightleg_rightpocket_3,andrew_abnormal_rightleg_rightpocket_3,2514074098874577,2026-09-19T22:30:37.223197Z,1.7013795,-8.4077625,-0.6959645,0.3313128,0.2706759,0.2294242,0.4817059,-9.7030716,-1.3617961,-0.4488618,-0.6045892,0.5120082,0.4133312
gait_20260919_223030_andrew_abnormal_rightleg_rightpocket_3,andrew_abnormal_rightleg_rightpocket_3,2514074119042911,2026-09-19T22:30:37.243984Z,2.6600330,-8.9038115,-0.5568764,0.4610967,0.4902077,0.1498185,0.4459072,-9.7145462,-1.2903072,-0.4485759,-0.6017999,0.5149015,0.4141172
gait_20260919_223030_andrew_abnormal_rightleg_rightpocket_3,andrew_abnormal_rightleg_rightpocket_3,2514074139211084,2026-09-19T22:30:37.263618Z,4.1671829,-11.4336596,-2.7013328,0.6614931,1.4253411,-0.1322487,0.4711912,-9.7272825,-1.1807168,-0.4476837,-0.5978578,0.5164682,0.4188152
gait_20260919_223030_andrew_abnormal_rightleg_rightpocket_3,andrew_abnormal_rightleg_rightpocket_3,2514074159379907,2026-09-19T22:30:37.284661Z,2.9474866,-13.8421516,-4.8257380,0.6022052,2.7852824,-0.6968327,0.5500837,-9.7403488,-1.0291461,-0.4504737,-0.5893708,0.5132947,0.4315600
gait_20260919_223030_andrew_abnormal_rightleg_rightpocket_3,andrew_abnormal_rightleg_rightpocket_3,2514074179549056,2026-09-19T22:30:37.304424Z,-3.1771057,-10.1997480,-2.8164041,0.1104320,1.6937521,-0.9636116,0.7642051,-9.7403135,-0.8822647,-0.4566213,-0.5784296,0.5007950,0.4540052
gait_20260919_223030_andrew_abnormal_rightleg_rightpocket_3,andrew_abnormal_rightleg_rightpocket_3,2514074199716984,2026-09-19T22:30:37.324085Z,-5.0828152,-5.1771617,-1.8602947,-0.3348268,0.4744364,-0.5838526,0.9756771,-9.7236528,-0.8571662,-0.4565802,-0.5774780,0.4910764,0.4657227
gait_20260919_223030_andrew_abnormal_rightleg_rightpocket_3,andrew_abnormal_rightleg_rightpocket_3,2514074219884546,2026-09-19T22:30:37.344281Z,-3.8882585,-3.9805100,1.1615620,-0.6247879,0.7508579,-0.2754389,1.0756910,-9.7063131,-0.9308494,-0.4560148,-0.5811996,0.4858797,0.4670956
gait_20260919_223030_andrew_abnormal_rightleg_rightpocket_3,andrew_abnormal_rightleg_rightpocket_3,2514074240054711,2026-09-19T22:30:37.364529Z,-3.5745432,-3.2204258,1.8266263,-0.7567534,-0.3087967,-0.2509744,1.1311852,-9.6884623,-1.0441455,-0.4596494,-0.5833675,0.4790026,0.4679332
gait_20260919_223030_andrew_abnormal_rightleg_rightpocket_3,andrew_abnormal_rightleg_rightpocket_3,2514074260223983,2026-09-19T22:30:37.385527Z,-2.3022494,-4.6605382,2.2881086,-0.6550813,-0.9449759,-0.0196683,1.1593592,-9.6666689,-1.2031335,-0.4577747,-0.5916936,0.4772328,0.4610747
gait_20260919_223030_andrew_abnormal_rightleg_rightpocket_3,andrew_abnormal_rightleg_rightpocket_3,2514074280393416,2026-09-19T22:30:37.405988Z,-0.5081693,-9.7972975,3.4063504,-0.3256171,-0.5831864,0.1145622,1.1251589,-9.6524429,-1.3418266,-0.4543981,-0.6001406,0.4795864,0.4509441
gait_20260919_223030_andrew_abnormal_rightleg_rightpocket_3,andrew_abnormal_rightleg_rightpocket_3,2514074300559798,2026-09-19T22:30:37.425576Z,0.2983774,-14.3751612,4.7289224,-0.0070113,-0.7596346,-0.0042801,1.0719670,-9.6558647,-1.3606273,-0.4512782,-0.6032891,0.4838759,0.4452575
gait_20260919_223030_andrew_abnormal_rightleg_rightpocket_3,andrew_abnormal_rightleg_rightpocket_3,2514074320729964,2026-09-19T22:30:37.445681Z,1.1584195,-14.9843359,4.4960117,0.4536857,0.1908871,0.0882324,1.0547262,-9.6577253,-1.3609000,-0.4455287,-0.6075069,0.4888286,0.4398706
gait_20260919_223030_andrew_abnormal_rightleg_rightpocket_3,andrew_abnormal_rightleg_rightpocket_3,2514074340875676,2026-09-19T22:30:37.465992Z,1.9643676,-12.7679787,2.6928782,0.7639146,1.4349504,0.3554776,1.0412469,-9.6749878,-1.2436075,-0.4440812,-0.6036601,0.4921981,0.4428628
gait_20260919_223030_andrew_abnormal_rightleg_rightpocket_3,andrew_abnormal_rightleg_rightpocket_3,2514074361065088,2026-09-19T22:30:37.485678Z,2.2392519,-11.2559652,1.3040917,0.7300239,2.0222337,0.4688407,1.0013140,-9.7019625,-1.0513786,-0.4492128,-0.5917408,0.4927948,0.4529944
gait_20260919_223030_andrew_abnormal_rightleg_rightpocket_3,andrew_abnormal_rightleg_rightpocket_3,2514074381234155,2026-09-19T22:30:37.505649Z,1.9687819,-11.4035826,0.4598364,0.6497021,2.2806191,0.4798323,0.9485958,-9.7253275,-0.8684982,-0.4574512,-0.5775332,0.4909379,0.4649451
gait_20260919_223030_andrew_abnormal_rightleg_rightpocket_3,andrew_abnormal_rightleg_rightpocket_3,2514074401403792,2026-09-19T22:30:37.526604Z,0.8235306,-12.2512798,-0.7402573,1.0424346,1.3684846,0.5383208,0.8895827,-9.7449389,-0.6935055,-0.4666480,-0.5624250,0.4878238,0.4774367
gait_20260919_223030_andrew_abnormal_rightleg_rightpocket_3,andrew_abnormal_rightleg_rightpocket_3,2514074421571476,2026-09-19T22:30:37.546111Z,-0.9594015,-12.8290310,-1.7613842,0.8602908,-0.3245013,0.5838859,0.7954819,-9.7669277,-0.4587302,-0.4682584,-0.5503969,0.4927502,0.4847625
gait_20260919_223030_andrew_abnormal_rightleg_rightpocket_3,andrew_abnormal_rightleg_rightpocket_3,2514074441740218,2026-09-19T22:30:37.566347Z,-1.7473184,-13.3654814,-1.0075099,0.0958432,-0.7855980,0.6958501,0.6723826,-9.7818460,-0.3154325,-0.4633310,-0.5478688,0.5040311,0.4807461
gait_20260919_223030_andrew_abnormal_rightleg_rightpocket_3,andrew_abnormal_rightleg_rightpocket_3,2514074461909448,2026-09-19T22:30:37.586673Z,-1.8799721,-12.9899654,0.4157681,-0.3774275,-0.9020088,0.8009529,0.5239544,-9.7903090,-0.3338276,-0.4617008,-0.5500252,0.5124810,0.4708162
gait_20260919_223030_andrew_abnormal_rightleg_rightpocket_3,andrew_abnormal_rightleg_rightpocket_3,2514074482052555,2026-09-19T22:30:37.607520Z,-1.8676269,-12.7523413,0.9800515,-0.4093363,-1.2380013,0.8462349,0.3535714,-9.7942915,-0.4277139,-0.4618793,-0.5541343,0.5195865,0.4578564
gait_20260919_223030_andrew_abnormal_rightleg_rightpocket_3,andrew_abnormal_rightleg_rightpocket_3,2514074502244816,2026-09-19T22:30:37.627099Z,-1.7963246,-12.6768494,1.0203040,-0.3475503,-1.2581192,0.8826237,0.1714266,-9.7950411,-0.5137023,-0.4601174,-0.5594296,0.5284905,0.4427508
gait_20260919_223030_andrew_abnormal_rightleg_rightpocket_3,andrew_abnormal_rightleg_rightpocket_3,2514074522389266,2026-09-19T22:30:37.647141Z,-1.4622587,-12.7952127,0.8963293,-0.2614830,-1.0542254,0.9825971,-0.0200622,-9.7927732,-0.5807673,-0.4583672,-0.5638111,0.5375459,0.4278563
gait_20260919_223030_andrew_abnormal_rightleg_rightpocket_3,andrew_abnormal_rightleg_rightpocket_3,2514074542581975,2026-09-19T22:30:37.667264Z,-1.2110171,-13.0341091,0.8184429,-0.0593545,-0.8758289,1.0915302,-0.2310780,-9.7874041,-0.6240634,-0.4580085,-0.5659816,0.5462961,0.4140696
gait_20260919_223030_andrew_abnormal_rightleg_rightpocket_3,andrew_abnormal_rightleg_rightpocket_3,2514074562741520,2026-09-19T22:30:37.687707Z,-1.1751041,-12.8471365,0.4994903,0.1738002,-0.7643642,1.1765984,-0.4615539,-9.7794895,-0.6202198,-0.4581293,-0.5656505,0.5558403,0.4014955
gait_20260919_223030_andrew_abnormal_rightleg_rightpocket_3,andrew_abnormal_rightleg_rightpocket_3,2514074582919580,2026-09-19T22:30:37.707378Z,-1.2570307,-12.5171108,0.1392378,0.2653300,-0.7211474,1.2575697,-0.7058166,-9.7680149,-0.5690536,-0.4583492,-0.5631094,0.5663048,0.3900292
gait_20260919_223030_andrew_abnormal_rightleg_rightpocket_3,andrew_abnormal_rightleg_rightpocket_3,2514074603063013,2026-09-19T22:30:37.727896Z,-1.2370541,-12.2927294,0.0385317,0.2740067,-0.5989743,1.3764952,-0.9646024,-9.7495232,-0.5024334,-0.4588898,-0.5595946,0.5771220,0.3784232
gait_20260919_223030_andrew_abnormal_rightleg_rightpocket_3,andrew_abnormal_rightleg_rightpocket_3,2514074623257186,2026-09-19T22:30:37.747721Z,-0.9559599,-11.8515978,0.1274164,0.3119776,-0.3423377,1.5067453,-1.2445904,-9.7209940,-0.4351844,-0.4609053,-0.5548179,0.5875389,0.3667989
gait_20260919_223030_andrew_abnormal_rightleg_rightpocket_3,andrew_abnormal_rightleg_rightpocket_3,2514074643424992,2026-09-19T22:30:37.768028Z,-0.3829975,-11.2240171,0.1579425,0.3964462,-0.0522600,1.6729181,-1.5469687,-9.6804390,-0.3634920,-0.4650264,-0.5480266,0.5972556,0.3559537
gait_20260919_223030_andrew_abnormal_rightleg_rightpocket_3,andrew_abnormal_rightleg_rightpocket_3,2514074663596582,2026-09-19T22:30:37.788238Z,0.5173720,-10.5366573,0.1452233,0.4822305,0.1989809,1.8237358,-1.8772285,-9.6245527,-0.2830631,-0.4714067,-0.5387602,0.6064622,0.3460011
gait_20260919_223030_andrew_abnormal_rightleg_rightpocket_3,andrew_abnormal_rightleg_rightpocket_3,2514074683764510,2026-09-19T22:30:37.808634Z,1.3156139,-9.6894093,0.0652420,0.5815544,0.3678848,1.8543457,-2.2214751,-9.5531664,-0.1953385,-0.4794178,-0.5274322,0.6151275,0.3370342
gait_20260919_223030_andrew_abnormal_rightleg_rightpocket_3,andrew_abnormal_rightleg_rightpocket_3,2514074703932398,2026-09-19T22:30:37.828382Z,1.6185552,-8.2048540,-0.1709610,0.6735672,0.4624789,1.7481438,-1.6894722,-9.6632042,-0.0652429,-0.4680040,-0.5307281,0.6126910,0.3520081
gait_20260919_223030_andrew_abnormal_rightleg_rightpocket_3,andrew_abnormal_rightleg_rightpocket_3,2514074724100081,2026-09-19T22:30:37.848634Z,1.4610616,-6.3142581,-0.2828899,0.6376281,0.4847785,1.5331584,-2.0203357,-9.5995798,0.0494908,-0.4763811,-0.5177937,0.6208127,0.3457491
gait_20260919_223030_andrew_abnormal_rightleg_rightpocket_3,andrew_abnormal_rightleg_rightpocket_3,2514074744242863,2026-09-19T22:30:37.870811Z,1.4651766,-4.5429978,-0.4569933,0.5854180,0.5797557,1.3054830,-2.3055849,-9.5340633,0.1484258,-0.4836716,-0.5062314,0.6275907,0.3404726
gait_20260919_223030_andrew_abnormal_rightleg_rightpocket_3,andrew_abnormal_rightleg_rightpocket_3,2514074764438216,2026-09-19T22:30:37.889367Z,2.5100961,-3.9028480,-1.4114567,0.6928691,1.4117016,1.1068351,-2.5466437,-9.4709301,0.2285175,-0.4908800,-0.4953816,0.6324288,0.3371464
gait_20260919_223030_andrew_abnormal_rightleg_rightpocket_3,andrew_abnormal_rightleg_rightpocket_3,2514074784605005,2026-09-19T22:30:37.909084Z,4.0255508,-5.0805707,-2.4300399,0.6022385,2.9721391,0.6737670,-2.7522085,-9.4120607,0.2730891,-0.5030360,-0.4812211,0.6319068,0.3406976
gait_20260919_223030_andrew_abnormal_rightleg_rightpocket_3,andrew_abnormal_rightleg_rightpocket_3,2514074804776025,2026-09-19T22:30:37.929850Z,3.9337482,-6.5130515,-2.4867525,-0.0450155,3.0309107,-0.2465611,-2.8675809,-9.3795843,0.1911108,-0.5229242,-0.4650695,0.6204819,0.3539249
gait_20260919_223030_andrew_abnormal_rightleg_rightpocket_3,andrew_abnormal_rightleg_rightpocket_3,2514074824943710,2026-09-19T22:30:37.951316Z,3.2934489,-8.5438585,-2.3388357,-0.5461814,1.4103526,-1.1257373,-2.7873187,-9.4056807,-0.0125209,-0.5385511,-0.4592345,0.6031013,0.3678795
gait_20260919_223030_andrew_abnormal_rightleg_rightpocket_3,andrew_abnormal_rightleg_rightpocket_3,2514074845086939,2026-09-19T22:30:37.970576Z,2.1421371,-10.5459347,-1.4008324,-0.8916501,-0.5641510,-1.8680519,-2.3527565,-9.5198193,-0.2715002,-0.5387101,-0.4732748,0.5850745,0.3788010
gait_20260919_223030_andrew_abnormal_rightleg_rightpocket_3,andrew_abnormal_rightleg_rightpocket_3,2514074865279647,2026-09-19T22:30:37.990638Z,0.6441151,-13.1381817,-0.4135235,-1.4684081,-1.5484301,-2.5912809,-1.9683816,-9.6012173,-0.4221711,-0.5265118,-0.4942870,0.5779915,0.3799890
gait_20260919_223030_andrew_abnormal_rightleg_rightpocket_3,andrew_abnormal_rightleg_rightpocket_3,2514074885447575,2026-09-19T22:30:38.010319Z,-0.9453356,-16.2383728,0.4859481,-1.9291217,-1.7374686,-3.0161719,-1.4570227,-9.6779518,-0.6711634,-0.5078300,-0.5250762,0.5689605,0.3777403
gait_20260919_223030_andrew_abnormal_rightleg_rightpocket_3,andrew_abnormal_rightleg_rightpocket_3,2514074905645736,2026-09-19T22:30:38.030429Z,-2.9864674,-18.7276707,1.7790415,-1.8834400,-1.3393736,-3.1821115,-0.8836340,-9.7168665,-1.0187465,-0.4877581,-0.5592588,0.5557374,0.3748032
gait_20260919_223030_andrew_abnormal_rightleg_rightpocket_3,andrew_abnormal_rightleg_rightpocket_3,2514074925789046,2026-09-19T22:30:38.050328Z,-5.3227592,-18.9165878,2.3951743,-1.2344707,-0.9184795,-3.0228336,-0.2875776,-9.7109804,-1.3602566,-0.4682077,-0.5902861,0.5397668,0.3754940
gait_20260919_223030_andrew_abnormal_rightleg_rightpocket_3,andrew_abnormal_rightleg_rightpocket_3,2514074945955022,2026-09-19T22:30:38.070356Z,-6.8196592,-15.9709711,3.3792660,-0.6163777,-0.8495324,-2.2817349,0.2623992,-9.6791744,-1.5750734,-0.4488103,-0.6139358,0.5265011,0.3800642
gait_20260919_223030_andrew_abnormal_rightleg_rightpocket_3,andrew_abnormal_rightleg_rightpocket_3,2514074966124984,2026-09-19T22:30:38.090454Z,-6.1608047,-11.9832792,3.3500867,0.0183693,-0.8300806,-1.4095865,0.6438318,-9.6441669,-1.6768029,-0.4319862,-0.6298304,0.5197387,0.3828493
gait_20260919_223030_andrew_abnormal_rightleg_rightpocket_3,andrew_abnormal_rightleg_rightpocket_3,2514074986291570,2026-09-19T22:30:38.111539Z,-5.2767458,-8.3758154,2.4382701,0.5156382,-0.9381478,-1.1239554,0.8594435,-9.6301765,-1.6604687,-0.4179990,-0.6383598,0.5199679,0.3839363
gait_20260919_223030_andrew_abnormal_rightleg_rightpocket_3,andrew_abnormal_rightleg_rightpocket_3,2514075006460718,2026-09-19T22:30:38.132292Z,-5.0080714,-5.2791400,0.8230068,0.7925094,-1.3952142,-1.2946246,0.8616449,-9.6634741,-1.4529128,-0.4043079,-0.6392106,0.5301048,0.3833197
gait_20260919_223030_andrew_abnormal_rightleg_rightpocket_3,andrew_abnormal_rightleg_rightpocket_3,2514075026629093,2026-09-19T22:30:38.151029Z,-6.7011461,-2.6509798,-4.4690018,1.0924795,-2.0543923,-1.4942383,1.0737778,-9.6617355,-1.3168076,-0.3834890,-0.6462721,0.5370502,0.3832045
gait_20260919_223030_andrew_abnormal_rightleg_rightpocket_3,andrew_abnormal_rightleg_rightpocket_3,2514075046797225,2026-09-19T22:30:38.171285Z,-9.7734308,-3.7743094,-6.7272577,0.9185794,-1.5424180,-1.2899282,1.3097707,-9.6538877,-1.1502522,-0.3568677,-0.6544589,0.5471070,0.3807927
gait_20260919_223030_andrew_abnormal_rightleg_rightpocket_3,andrew_abnormal_rightleg_rightpocket_3,2514075066966658,2026-09-19T22:30:38.192006Z,-7.8641295,-6.0666828,-3.1456070,-0.0206508,-0.1506512,-0.4859942,1.5076652,-9.6382933,-1.0326610,-0.3376785,-0.6597678,0.5530992,0.3804746
gait_20260919_223030_andrew_abnormal_rightleg_rightpocket_3,andrew_abnormal_rightleg_rightpocket_3,2514075087136825,2026-09-19T22:30:38.211288Z,-4.7152305,-7.7609544,0.3988591,-0.7176667,0.5305434,0.0359558,1.5072511,-9.6321592,-1.0889592,-0.3377545,-0.6620882,0.5510836,0.3792995
gait_20260919_223030_andrew_abnormal_rightleg_rightpocket_3,andrew_abnormal_rightleg_rightpocket_3,2514075107302596,2026-09-19T22:30:38.231645Z,-2.6219501,-9.1940336,2.9059622,-0.7300906,0.1537655,0.2075909,1.4728241,-9.6214304,-1.2227110,-0.3444103,-0.6640384,0.5451462,0.3784840
gait_20260919_223030_andrew_abnormal_rightleg_rightpocket_3,andrew_abnormal_rightleg_rightpocket_3,2514075127473454,2026-09-19T22:30:38.251744Z,-1.0559177,-10.6244192,2.7412114,-0.0789229,-0.3075643,0.2436133,1.0573250,-9.7056227,-0.9586762,-0.3502659,-0.6524119,0.5583072,0.3741198
gait_20260919_223030_andrew_abnormal_rightleg_rightpocket_3,andrew_abnormal_rightleg_rightpocket_3,2514075147643172,2026-09-19T22:30:38.271823Z,0.5273229,-11.5348892,0.3687071,0.5974922,0.4757854,0.1422077,1.0020938,-9.7122316,-0.9510336,-0.3490309,-0.6527610,0.5612746,0.3702044
gait_20260919_223030_andrew_abnormal_rightleg_rightpocket_3,andrew_abnormal_rightleg_rightpocket_3,2514075167808497,2026-09-19T22:30:38.291900Z,1.3242928,-11.5116959,-0.7991396,0.7115214,1.7629157,-0.0783899,0.9915969,-9.7268543,-0.8007194,-0.3504494,-0.6461565,0.5641792,0.3759905
gait_20260919_223030_andrew_abnormal_rightleg_rightpocket_3,andrew_abnormal_rightleg_rightpocket_3,2514075187976465,2026-09-19T22:30:38.312056Z,1.6237925,-11.3400612,-1.6932243,0.4902243,2.0494130,-0.2205144,1.0426430,-9.7345791,-0.6220840,-0.3573450,-0.6354049,0.5617235,0.3911928
gait_20260919_223030_andrew_abnormal_rightleg_rightpocket_3,andrew_abnormal_rightleg_rightpocket_3,2514075208145818,2026-09-19T22:30:38.332957Z,2.0846014,-10.7828112,-1.5287726,0.2323719,1.3095964,-0.2340540,1.1124637,-9.7343073,-0.4917179,-0.3646398,-0.6261351,0.5566957,0.4063035
gait_20260919_223030_andrew_abnormal_rightleg_rightpocket_3,andrew_abnormal_rightleg_rightpocket_3,2514075228315617,2026-09-19T22:30:38.352449Z,1.9369092,-9.7531548,-0.3116203,0.1007062,0.2319056,-0.2711922,1.1696206,-9.7305651,-0.4291468,-0.3679229,-0.6217492,0.5532094,0.4147531
gait_20260919_223030_andrew_abnormal_rightleg_rightpocket_3,andrew_abnormal_rightleg_rightpocket_3,2514075248482894,2026-09-19T22:30:38.373288Z,1.0531495,-8.7849998,0.2197428,0.0725111,-0.2064918,-0.3160411,1.2266353,-9.7243290,-0.4109891,-0.3653198,-0.6225392,0.5528014,0.4164099
gait_20260919_223030_andrew_abnormal_rightleg_rightpocket_3,andrew_abnormal_rightleg_rightpocket_3,2514075268651432,2026-09-19T22:30:38.392856Z,0.6420202,-8.2714434,0.2988263,0.0220498,-0.2456451,-0.2758053,1.2870128,-9.7167883,-0.4046311,-0.3609282,-0.6248174,0.5532571,0.4162220
gait_20260919_223030_andrew_abnormal_rightleg_rightpocket_3,andrew_abnormal_rightleg_rightpocket_3,2514075288819158,2026-09-19T22:30:38.413610Z,0.2900725,-8.2445831,0.1135749,-0.0045798,-0.3035674,-0.2050096,1.3365235,-9.7099514,-0.4082726,-0.3570888,-0.6271516,0.5536093,0.4155540
gait_20260919_223030_andrew_abnormal_rightleg_rightpocket_3,andrew_abnormal_rightleg_rightpocket_3,2514075308988387,2026-09-19T22:30:38.433525Z,0.1721581,-8.4678421,-0.3871873,0.0216501,-0.4678415,-0.1248377,1.3703117,-9.7048359,-0.4177516,-0.3539317,-0.6292995,0.5540727,0.4143886
gait_20260919_223030_andrew_abnormal_rightleg_rightpocket_3,andrew_abnormal_rightleg_rightpocket_3,2514075329158065,2026-09-19T22:30:38.453554Z,0.0577601,-8.7714577,-1.0383353,0.0088099,-0.5637180,-0.0648336,1.3867689,-9.7021112,-0.4266418,-0.3496209,-0.6320280,0.5560216,0.4112734
gait_20260919_223030_andrew_abnormal_rightleg_rightpocket_3,andrew_abnormal_rightleg_rightpocket_3,2514075349326359,2026-09-19T22:30:38.474088Z,0.0076315,-9.1281185,-1.3650690,-0.0688139,-0.4898746,-0.0273624,1.3910822,-9.7007532,-0.4431438,-0.3460697,-0.6345987,0.5578287,0.4078573
gait_20260919_223030_andrew_abnormal_rightleg_rightpocket_3,andrew_abnormal_rightleg_rightpocket_3,2514075369494735,2026-09-19T22:30:38.494233Z,-0.2072481,-9.6654673,-1.2201450,-0.0958432,-0.5108086,0.0207008,1.3769068,-9.7008991,-0.4824881,-0.3433141,-0.6376575,0.5592689,0.4034188
gait_20260919_223030_andrew_abnormal_rightleg_rightpocket_3,andrew_abnormal_rightleg_rightpocket_3,2514075389664169,2026-09-19T22:30:38.514592Z,-0.1494132,-10.1738605,-0.9948656,-0.0314592,-0.7453455,0.1478867,1.0794888,-9.7288761,-0.6479005,-0.3494548,-0.6412289,0.5614346,0.3892276
gait_20260919_223030_andrew_abnormal_rightleg_rightpocket_3,andrew_abnormal_rightleg_rightpocket_3,2514075409831853,2026-09-19T22:30:38.533991Z,0.3901052,-10.5480299,-1.2998271,-0.0232489,-0.8703997,0.3034675,1.0279287,-9.7329626,-0.6700159,-0.3455721,-0.6441799,0.5652601,0.3822215
gait_20260919_223030_andrew_abnormal_rightleg_rightpocket_3,andrew_abnormal_rightleg_rightpocket_3,2514075430000554,2026-09-19T22:30:38.554739Z,0.9822212,-10.7504892,-1.1569979,-0.1393932,-0.7232458,0.3762117,0.9511460,-9.7390966,-0.6938686,-0.3421580,-0.6469171,0.5697354,0.3739356
gait_20260919_223030_andrew_abnormal_rightleg_rightpocket_3,andrew_abnormal_rightleg_rightpocket_3,2514075450170354,2026-09-19T22:30:38.574519Z,1.6000001,-10.4739590,-1.0724527,-0.1951671,-0.3818074,0.3498153,0.8657818,-9.7438040,-0.7381278,-0.3406373,-0.6494394,0.5728642,0.3660891
gait_20260919_223030_andrew_abnormal_rightleg_rightpocket_3,andrew_abnormal_rightleg_rightpocket_3,2514075470336898,2026-09-19T22:30:38.595183Z,1.1086650,-9.8732386,-1.5771804,-0.0852014,-0.1694535,0.2468941,0.7946265,-9.7464581,-0.7818352,-0.3409784,-0.6509639,0.5743293,0.3607293
gait_20260919_223030_andrew_abnormal_rightleg_rightpocket_3,andrew_abnormal_rightleg_rightpocket_3,2514075490508082,2026-09-19T22:30:38.614657Z,0.7495348,-9.5328131,-2.0583401,0.0223329,-0.1725844,0.2630984,0.7465103,-9.7490158,-0.7972100,-0.3411720,-0.6514569,0.5756450,0.3575450
gait_20260919_223030_andrew_abnormal_rightleg_rightpocket_3,andrew_abnormal_rightleg_rightpocket_3,2514075510673243,2026-09-19T22:30:38.636089Z,0.7746739,-9.5169516,-1.9124434,0.0561403,-0.2340040,0.2940580,0.6970189,-9.7423601,-0.9147246,-0.3428529,-0.6548850,0.5741901,0.3519705
gait_20260919_223030_andrew_abnormal_rightleg_rightpocket_3,andrew_abnormal_rightleg_rightpocket_3,2514075530845322,2026-09-19T22:30:38.655216Z,0.8489690,-9.5402956,-1.6452655,0.0831696,-0.1941346,0.3138095,0.6357403,-9.7461729,-0.9187189,-0.3426883,-0.6551234,0.5764186,0.3480226
gait_20260919_223030_andrew_abnormal_rightleg_rightpocket_3,andrew_abnormal_rightleg_rightpocket_3,2514075551012110,2026-09-19T22:30:38.675092Z,0.8873510,-9.4443779,-1.5102175,0.1468208,-0.1056357,0.3019686,0.5709602,-9.7514334,-0.9053394,-0.3427573,-0.6545603,0.5790192,0.3446812
gait_20260919_223030_andrew_abnormal_rightleg_rightpocket_3,andrew_abnormal_rightleg_rightpocket_3,2514075571183578,2026-09-19T22:30:38.695765Z,1.0833763,-8.9187002,-1.5227871,0.2305900,0.0173367,0.2619659,0.5115159,-9.7574577,-0.8755025,-0.3428185,-0.6533602,0.5818123,0.3421849
gait_20260919_223030_andrew_abnormal_rightleg_rightpocket_3,andrew_abnormal_rightleg_rightpocket_3,2514075591349960,2026-09-19T22:30:38.715472Z,1.4723592,-8.1654997,-1.3273604,0.2692104,0.2107718,0.2291411,0.4622990,-9.7641211,-0.8272591,-0.3431548,-0.6512979,0.5845323,0.3411425
gait_20260919_223030_andrew_abnormal_rightleg_rightpocket_3,andrew_abnormal_rightleg_rightpocket_3,2514075611516993,2026-09-19T22:30:38.736076Z,2.0324528,-8.0961428,-0.8858546,0.3032843,0.5254474,0.1475869,0.4238647,-9.7704353,-0.7713931,-0.3444107,-0.6484436,0.5865697,0.3418158
gait_20260919_223030_andrew_abnormal_rightleg_rightpocket_3,andrew_abnormal_rightleg_rightpocket_3,2514075631663355,2026-09-19T22:30:38.756256Z,2.5310452,-9.5631151,-1.0307786,0.4329849,0.9213606,-0.0215502,0.4091905,-9.7760992,-0.7046771,-0.3469402,-0.6444717,0.5873299,0.3454454
gait_20260919_223030_andrew_abnormal_rightleg_rightpocket_3,andrew_abnormal_rightleg_rightpocket_3,2514075651855576,2026-09-19T22:30:38.776531Z,3.5045877,-11.8603516,-3.7844846,0.4636114,1.7185997,-0.2602506,0.6606885,-9.7659874,-0.6519857,-0.3449814,-0.6428266,0.5823159,0.3587063
gait_20260919_223030_andrew_abnormal_rightleg_rightpocket_3,andrew_abnormal_rightleg_rightpocket_3,2514075672026067,2026-09-19T22:30:38.797546Z,2.1703439,-12.3896942,-4.0095396,0.0112580,2.6174276,-0.7765050,0.7486328,-9.7664137,-0.5411245,-0.3518155,-0.6347928,0.5775066,0.3738316
gait_20260919_223030_andrew_abnormal_rightleg_rightpocket_3,andrew_abnormal_rightleg_rightpocket_3,2514075692191839,2026-09-19T22:30:38.817279Z,-2.5929205,-9.3293810,-1.4550761,-0.3369085,1.3439368,-0.8682347,0.9471386,-9.7507095,-0.5125731,-0.3611491,-0.6285454,0.5645449,0.3947039
gait_20260919_223030_andrew_abnormal_rightleg_rightpocket_3,andrew_abnormal_rightleg_rightpocket_3,2514075712361597,2026-09-19T22:30:38.837965Z,-3.6413562,-5.7116675,0.3701286,-0.5612199,0.6175768,-0.3533126,0.4390474,-9.7719698,-0.7429197,-0.3834421,-0.6256251,0.5613673,0.3826645
gait_20260919_223030_andrew_abnormal_rightleg_rightpocket_3,andrew_abnormal_rightleg_rightpocket_3,2514075732504705,2026-09-19T22:30:38.857333Z,-3.3906386,-3.4616416,1.2024130,-0.6476870,0.4886256,-0.1010892,0.4966988,-9.7600679,-0.8546892,-0.3863073,-0.6283756,0.5551117,0.3843980
gait_20260919_223030_andrew_abnormal_rightleg_rightpocket_3,andrew_abnormal_rightleg_rightpocket_3,2514075752698023,2026-09-19T22:30:38.877168Z,-3.5739446,-2.9482350,1.7591397,-0.6138629,-0.4049397,-0.0754922,0.5149358,-9.7475958,-0.9774176,-0.3898659,-0.6311222,0.5497322,0.3840364
gait_20260919_223030_andrew_abnormal_rightleg_rightpocket_3,andrew_abnormal_rightleg_rightpocket_3,2514075772865992,2026-09-19T22:30:38.897546Z,-3.1568298,-5.6092405,3.0174422,-0.5203346,-1.3401563,0.0883323,0.5103900,-9.7347031,-1.1005293,-0.3877062,-0.6373989,0.5486261,0.3773804
gait_20260919_223030_andrew_abnormal_rightleg_rightpocket_3,andrew_abnormal_rightleg_rightpocket_3,2514075793034327,2026-09-19T22:30:38.917231Z,-2.1829882,-10.9757690,4.1409216,-0.1953503,-1.4725382,0.1692037,0.4498288,-9.7249956,-1.2075827,-0.3812765,-0.6455338,0.5522913,0.3645389
gait_20260919_223030_andrew_abnormal_rightleg_rightpocket_3,andrew_abnormal_rightleg_rightpocket_3,2514075813204168,2026-09-19T22:30:38.937352Z,-1.7108067,-14.8685160,4.7237601,0.1113813,-1.0314096,0.0629518,0.3792509,-9.7236137,-1.2424325,-0.3737333,-0.6513202,0.5582566,0.3527818
gait_20260919_223030_andrew_abnormal_rightleg_rightpocket_3,andrew_abnormal_rightleg_rightpocket_3,2514075833356837,2026-09-19T22:30:38.957479Z,-0.6392518,-14.6989765,4.9386396,0.3912502,0.3970957,0.0831529,0.3471046,-9.7283602,-1.2143289,-0.3676706,-0.6536785,0.5633338,0.3466666
gait_20260919_223030_andrew_abnormal_rightleg_rightpocket_3,andrew_abnormal_rightleg_rightpocket_3,2514075853540187,2026-09-19T22:30:38.977895Z,0.5008371,-11.9780416,3.3179147,0.7376015,1.8945649,0.1803285,0.3441468,-9.7400084,-1.1180079,-0.3697679,-0.6486859,0.5646296,0.3516700
gait_20260919_223030_andrew_abnormal_rightleg_rightpocket_3,andrew_abnormal_rightleg_rightpocket_3,2514075873732325,2026-09-19T22:30:38.998662Z,0.6646155,-10.7448778,1.1617116,0.8408557,2.9088709,0.1435567,0.3512705,-9.7580185,-0.9454154,-0.3794504,-0.6361160,0.5628965,0.3667717
gait_20260919_223030_andrew_abnormal_rightleg_rightpocket_3,andrew_abnormal_rightleg_rightpocket_3,2514075893876694,2026-09-19T22:30:39.017985Z,-0.7376386,-11.3590651,-0.3008464,0.7143359,3.3858554,0.1286014,0.3776842,-9.7735205,-0.7561494,-0.3936841,-0.6195607,0.5572534,0.3881058
gait_20260919_223030_andrew_abnormal_rightleg_rightpocket_3,andrew_abnormal_rightleg_rightpocket_3,2514075914046208,2026-09-19T22:30:39.038579Z,-2.1870284,-12.6756516,-1.7081881,1.1497356,1.8408227,0.4020752,0.3937393,-9.7847214,-0.5833554,-0.4094019,-0.6018964,0.5494675,0.4101173
gait_20260919_223030_andrew_abnormal_rightleg_rightpocket_3,andrew_abnormal_rightleg_rightpocket_3,2514075934188828,2026-09-19T22:30:39.059494Z,-1.8117373,-12.5153904,-1.1375451,0.6925526,0.2351198,0.5994406,0.3175407,-9.7990389,-0.3378336,-0.4146768,-0.5876586,0.5528628,0.4207651
gait_20260919_223030_andrew_abnormal_rightleg_rightpocket_3,andrew_abnormal_rightleg_rightpocket_3,2514075954357325,2026-09-19T22:30:39.079285Z,-0.9172785,-12.3662758,0.8321347,-0.1179596,-0.4212605,0.6550813,0.1931064,-9.8054638,-0.2273419,-0.4144876,-0.5829456,0.5599615,0.4181122
gait_20260919_223030_andrew_abnormal_rightleg_rightpocket_3,andrew_abnormal_rightleg_rightpocket_3,2514075974552963,2026-09-19T22:30:39.099627Z,-0.5021090,-13.2630548,1.4526819,-0.3375247,-0.6258870,0.7507414,0.0580649,-9.8059635,-0.2753770,-0.4156832,-0.5841900,0.5641132,0.4095194
gait_20260919_223030_andrew_abnormal_rightleg_rightpocket_3,andrew_abnormal_rightleg_rightpocket_3,2514075994720403,2026-09-19T22:30:39.119395Z,-0.0080804,-13.9675484,0.8412626,-0.2081572,-0.5609535,0.8650538,-0.0986482,-9.8034897,-0.3434773,-0.4171822,-0.5860907,0.5684878,0.3990968
gait_20260919_223030_andrew_abnormal_rightleg_rightpocket_3,andrew_abnormal_rightleg_rightpocket_3,2514076014889510,2026-09-19T22:30:39.139034Z,-0.0805799,-13.8685627,0.1918354,-0.1708191,-0.2913767,0.9505050,-0.2773112,-9.7988110,-0.3775366,-0.4193072,-0.5860527,0.5737009,0.3893468
gait_20260919_223030_andrew_abnormal_rightleg_rightpocket_3,andrew_abnormal_rightleg_rightpocket_3,2514076035057968,2026-09-19T22:30:39.159882Z,-0.5921160,-13.2840786,-0.0265607,-0.2787364,-0.2159179,1.0224499,-0.4701185,-9.7901497,-0.4099519,-0.4234262,-0.5844856,0.5780408,0.3807306
gait_20260919_223030_andrew_abnormal_rightleg_rightpocket_3,andrew_abnormal_rightleg_rightpocket_3,2514076055225529,2026-09-19T22:30:39.180249Z,-1.1572973,-12.3372469,-0.0900070,-0.3663360,-0.5077776,1.0310932,-0.6754628,-9.7756090,-0.4661721,-0.4285315,-0.5832028,0.5816809,0.3713258
gait_20260919_223030_andrew_abnormal_rightleg_rightpocket_3,andrew_abnormal_rightleg_rightpocket_3,2514076075395411,2026-09-19T22:30:39.200137Z,-1.6005238,-11.7499933,-0.1857751,-0.4121841,-0.8192056,1.0617363,-0.8845759,-9.7555857,-0.5312443,-0.4318974,-0.5835626,0.5862266,0.3595243
gait_20260919_223030_andrew_abnormal_rightleg_rightpocket_3,andrew_abnormal_rightleg_rightpocket_3,2514076095564112,2026-09-19T22:30:39.219667Z,-1.6338181,-11.7562790,0.2676269,-0.4796824,-1.0506948,1.1441233,-1.1048677,-9.7293043,-0.5966754,-0.4337576,-0.5850469,0.5918315,0.3454130
gait_20260919_223030_andrew_abnormal_rightleg_rightpocket_3,andrew_abnormal_rightleg_rightpocket_3,2514076115731227,2026-09-19T22:30:39.241447Z,-1.5929672,-11.5244904,0.2379238,-0.3784433,-1.0972759,1.2715256,-1.3465422,-9.6944590,-0.6636378,-0.4349960,-0.5870572,0.5981613,0.3291591
gait_20260919_223030_andrew_abnormal_rightleg_rightpocket_3,andrew_abnormal_rightleg_rightpocket_3,2514076135878036,2026-09-19T22:30:39.262526Z,-1.0361656,-11.1190472,0.3333178,-0.2575859,-0.9353333,1.4808486,-1.6157513,-9.6506701,-0.7000227,-0.4364984,-0.5875354,0.6054963,0.3124828
gait_20260919_223030_andrew_abnormal_rightleg_rightpocket_3,andrew_abnormal_rightleg_rightpocket_3,2514076156047307,2026-09-19T22:30:39.280324Z,-0.3967641,-10.0828066,0.4219781,-0.2292243,-1.0083107,1.6613103,-1.9230996,-9.5931768,-0.7132869,-0.4398545,-0.5856134,0.6131828,0.2959590
gait_20260919_223030_andrew_abnormal_rightleg_rightpocket_3,andrew_abnormal_rightleg_rightpocket_3,2514076176236923,2026-09-19T22:30:39.300904Z,-0.0240917,-8.7060652,0.5868039,-0.1298505,-1.1385775,1.7359197,-2.1781890,-9.5422888,-0.6605395,-0.4400719,-0.5829700,0.6224757,0.2810814
gait_20260919_223030_andrew_abnormal_rightleg_rightpocket_3,andrew_abnormal_rightleg_rightpocket_3,2514076196406438,2026-09-19T22:30:39.320872Z,0.4361188,-7.7821283,0.6873603,0.1099324,-1.1014394,1.7335715,-2.5262499,-9.4585896,-0.6239043,-0.4426062,-0.5794421,0.6321243,0.2622319
gait_20260919_223030_andrew_abnormal_rightleg_rightpocket_3,andrew_abnormal_rightleg_rightpocket_3,2514076216574935,2026-09-19T22:30:39.341096Z,0.6703765,-7.1252937,1.1321582,0.4086369,-0.8737305,1.6353968,-2.8642347,-9.3673315,-0.5342245,-0.4449143,-0.5737055,0.6424392,0.2453265
gait_20260919_223030_andrew_abnormal_rightleg_rightpocket_3,andrew_abnormal_rightleg_rightpocket_3,2514076236742010,2026-09-19T22:30:39.361439Z,1.0385598,-6.9041295,1.6929998,0.7599177,-0.7201815,1.5118082,-3.1733396,-9.2742033,-0.3939387,-0.4469379,-0.5658382,0.6530482,0.2315204
gait_20260919_223030_andrew_abnormal_rightleg_rightpocket_3,andrew_abnormal_rightleg_rightpocket_3,2514076256891952,2026-09-19T22:30:39.381526Z,1.7454479,-7.1274638,1.5135844,1.1279024,-0.6350634,1.3582425,-3.4508245,-9.1810303,-0.1913811,-0.4486107,-0.5552896,0.6643379,0.2214883
gait_20260919_223030_andrew_abnormal_rightleg_rightpocket_3,andrew_abnormal_rightleg_rightpocket_3,2514076277080877,2026-09-19T22:30:39.401276Z,2.1690719,-7.3172789,0.3024176,1.3659033,-0.1292843,1.2060258,-3.6928642,-9.0880938,0.0737637,-0.4491233,-0.5425506,0.6766334,0.2146963
gait_20260919_223030_andrew_abnormal_rightleg_rightpocket_3,andrew_abnormal_rightleg_rightpocket_3,2514076297251327,2026-09-19T22:30:39.421285Z,2.7602153,-7.2407393,-1.5758337,1.2921098,1.1126140,1.1481036,-3.9050140,-8.9933605,0.3262590,-0.4524437,-0.5277005,0.6866298,0.2129942
gait_20260919_223030_andrew_abnormal_rightleg_rightpocket_3,andrew_abnormal_rightleg_rightpocket_3,2514076317417791,2026-09-19T22:30:39.441522Z,4.4707227,-7.0126166,-4.4769325,0.8294811,3.0716462,1.0053962,-4.1171875,-8.8934860,0.4367979,-0.4650310,-0.5111014,0.6892292,0.2179098
gait_20260919_223030_andrew_abnormal_rightleg_rightpocket_3,andrew_abnormal_rightleg_rightpocket_3,2514076337567001,2026-09-19T22:30:39.462946Z,5.6479220,-6.6570778,-7.4066124,0.1817774,4.3813925,0.4103855,-4.1030102,-8.9099665,0.1180661,-0.4907340,-0.5018276,0.6717709,0.2367972
gait_20260919_223030_andrew_abnormal_rightleg_rightpocket_3,andrew_abnormal_rightleg_rightpocket_3,2514076357754135,2026-09-19T22:30:39.482345Z,5.1655650,-8.1531544,-6.9782748,-0.2948574,1.6660234,-0.6584121,-4.1409321,-8.8902130,-0.2300580,-0.5202482,-0.4897611,0.6508641,0.2566162
gait_20260919_223030_andrew_abnormal_rightleg_rightpocket_3,andrew_abnormal_rightleg_rightpocket_3,2514076377922795,2026-09-19T22:30:39.502287Z,2.7563996,-10.3843260,-3.1774797,-1.7096232,-1.6040541,-1.6505018,-3.9743519,-8.9598436,-0.4023251,-0.5239086,-0.4948121,0.6406720,0.2649910
gait_20260919_223030_andrew_abnormal_rightleg_rightpocket_3,andrew_abnormal_rightleg_rightpocket_3,2514076398091456,2026-09-19T22:30:39.523347Z,1.5409681,-13.2017031,-0.7692121,-2.9885433,-3.0687819,-2.2394173,-3.6611111,-9.0812130,-0.6032966,-0.5055826,-0.5232706,0.6368588,0.2549217
gait_20260919_223030_andrew_abnormal_rightleg_rightpocket_3,andrew_abnormal_rightleg_rightpocket_3,2514076418259303,2026-09-19T22:30:39.542726Z,0.8490438,-16.7802124,0.7677906,-3.5718296,-3.0594056,-2.6333821,-3.2792554,-9.1952581,-0.9642826,-0.4794795,-0.5636835,0.6298848,0.2358083
gait_20260919_223030_andrew_abnormal_rightleg_rightpocket_3,andrew_abnormal_rightleg_rightpocket_3,2514076438429591,2026-09-19T22:30:39.563514Z,-1.8668040,-18.9338703,2.2472575,-3.2651980,-1.8355101,-3.1891561,-2.8396404,-9.2767324,-1.4542333,-0.4529547,-0.6060448,0.6162359,0.2186212
gait_20260919_223030_andrew_abnormal_rightleg_rightpocket_3,andrew_abnormal_rightleg_rightpocket_3,2514076458596013,2026-09-19T22:30:39.583264Z,-4.2979660,-19.5654907,4.9317560,-2.7510419,-1.0937785,-3.2033620,-2.2804682,-9.3366632,-1.9652750,-0.4291126,-0.6436565,0.5964123,0.2141521
gait_20260919_223030_andrew_abnormal_rightleg_rightpocket_3,andrew_abnormal_rightleg_rightpocket_3,2514076478742742,2026-09-19T22:30:39.603352Z,-6.5971479,-18.5385284,6.6434608,-1.9176638,-0.3017021,-2.6901720,-1.7253120,-9.3490963,-2.4194674,-0.4080121,-0.6745997,0.5762045,0.2154757
gait_20260919_223030_andrew_abnormal_rightleg_rightpocket_3,andrew_abnormal_rightleg_rightpocket_3,2514076498933090,2026-09-19T22:30:39.623058Z,-6.8732295,-15.7334213,5.6811414,-0.7809349,-0.0332912,-1.9911408,-1.2506170,-9.3372898,-2.7362509,-0.3930607,-0.6951470,0.5594174,0.2220948
gait_20260919_223030_andrew_abnormal_rightleg_rightpocket_3,andrew_abnormal_rightleg_rightpocket_3,2514076519101426,2026-09-19T22:30:39.643232Z,-6.1166615,-12.0381956,4.5869913,0.1306832,-0.6980984,-1.5649174,-0.9032966,-9.3466749,-2.8389912,-0.3807755,-0.7056895,0.5514969,0.2299208
gait_20260919_223030_andrew_abnormal_rightleg_rightpocket_3,andrew_abnormal_rightleg_rightpocket_3,2514076539272242,2026-09-19T22:30:39.663479Z,-5.2064161,-8.4806366,3.2242415,0.5626022,-1.8581427,-1.4165479,-0.6711773,-9.3870087,-2.7694244,-0.3645694,-0.7117069,0.5533711,0.2331159
gait_20260919_223030_andrew_abnormal_rightleg_rightpocket_3,andrew_abnormal_rightleg_rightpocket_3,2514076559439845,2026-09-19T22:30:39.684414Z,-4.4731917,-6.6920180,2.6275616,0.6967827,-3.2214813,-1.3044671,-0.5497883,-9.4444418,-2.5954556,-0.3414657,-0.7170443,0.5634377,0.2275668
gait_20260919_223030_andrew_abnormal_rightleg_rightpocket_3,andrew_abnormal_rightleg_rightpocket_3,2514076579609970,2026-09-19T22:30:39.704282Z,-3.3536031,-6.3132854,1.1229554,1.0218503,-3.7071593,-1.0614532,-0.4844351,-9.4951954,-2.4171684,-0.3107933,-0.7245844,0.5773891,0.2121486
gait_20260919_223030_andrew_abnormal_rightleg_rightpocket_3,andrew_abnormal_rightleg_rightpocket_3,2514076599778346,2026-09-19T22:30:39.724341Z,-2.9048400,-6.9395938,0.1877204,1.2684779,-2.6552486,-0.9032578,-0.4645359,-9.5558386,-2.1694026,-0.2793824,-0.7286165,0.5944248,0.1942234
gait_20260919_223030_andrew_abnormal_rightleg_rightpocket_3,andrew_abnormal_rightleg_rightpocket_3,2514076619945623,2026-09-19T22:30:39.743898Z,-3.2793081,-7.3000708,0.4439000,1.0109087,-1.7338547,-0.9598145,-0.3953575,-9.6164322,-1.8984408,-0.2556823,-0.7278225,0.6087955,0.1851187
gait_20260919_223030_andrew_abnormal_rightleg_rightpocket_3,andrew_abnormal_rightleg_rightpocket_3,2514076640087754,2026-09-19T22:30:39.764265Z,-3.4465282,-7.5171947,1.2164789,0.6050697,-1.8772281,-0.8579093,-0.2700654,-9.6573868,-1.7023777,-0.2368883,-0.7273134,0.6180496,0.1814221
gait_20260919_223030_andrew_abnormal_rightleg_rightpocket_3,andrew_abnormal_rightleg_rightpocket_3,2514076660282984,2026-09-19T22:30:39.784644Z,-2.7622354,-7.8647280,1.6341923,0.3618227,-2.6936026,-0.5944611,-0.1766947,-9.6791964,-1.5868335,-0.2176645,-0.7292696,0.6250781,0.1733938
gait_20260919_223030_andrew_abnormal_rightleg_rightpocket_3,andrew_abnormal_rightleg_rightpocket_3,2514076680451564,2026-09-19T22:30:39.804629Z,-2.6176856,-8.4123268,1.9153614,0.2150352,-3.3027024,-0.3466510,-0.1623474,-9.6914282,-1.5119464,-0.1950442,-0.7330404,0.6325806,0.1563693
gait_20260919_223030_andrew_abnormal_rightleg_rightpocket_3,andrew_abnormal_rightleg_rightpocket_3,2514076700619899,2026-09-19T22:30:39.825017Z,-2.3946507,-8.8123827,1.9295769,0.1203744,-3.1966338,-0.1419412,-0.2116841,-9.6995134,-1.4528461,-0.1710925,-0.7370053,0.6400926,0.1335365
gait_20260919_223030_andrew_abnormal_rightleg_rightpocket_3,andrew_abnormal_rightleg_rightpocket_3,2514076720781968,2026-09-19T22:30:39.845311Z,-1.9573348,-9.4802904,1.0977415,0.0557573,-3.4715397,0.0663159,-0.3265842,-9.7107582,-1.3530197,-0.1503665,-0.7384897,0.6480909,0.1095491
gait_20260919_223030_andrew_abnormal_rightleg_rightpocket_3,andrew_abnormal_rightleg_rightpocket_3,2514076740956772,2026-09-19T22:30:39.865248Z,-1.6225206,-10.4504662,-0.8495675,-0.0783067,-4.1567478,0.4306700,-0.7257947,-9.7433262,-0.8814473,-0.1340092,-0.7277579,0.6685163,0.0741347
gait_20260919_223030_andrew_abnormal_rightleg_rightpocket_3,andrew_abnormal_rightleg_rightpocket_3,2514076761100897,2026-09-19T22:30:39.886141Z,-0.6338649,-11.0820866,-2.7448027,-0.5643009,-5.0628371,0.9664927,-0.9013390,-9.7327166,-0.8354294,-0.1086790,-0.7304379,0.6731597,0.0388019
gait_20260919_223030_andrew_abnormal_rightleg_rightpocket_3,andrew_abnormal_rightleg_rightpocket_3,2514076781268702,2026-09-19T22:30:39.906549Z,0.5991490,-10.8027878,-1.4800656,-1.3270165,-6.1874585,1.3010364,-1.1980582,-9.6985874,-0.8591723,0.0808855,0.7349216,-0.6732653,0.0078642
gait_20260919_223030_andrew_abnormal_rightleg_rightpocket_3,andrew_abnormal_rightleg_rightpocket_3,2514076801464097,2026-09-19T22:30:39.926216Z,0.1984195,-10.5110693,1.7149966,-1.8632056,-7.1818466,1.2142528,-1.5746444,-9.6345797,-0.9651450,0.0469258,0.7415688,-0.6660239,0.0654668
gait_20260919_223030_andrew_abnormal_rightleg_rightpocket_3,andrew_abnormal_rightleg_rightpocket_3,2514076821630437,2026-09-19T22:30:39.946402Z,-0.6037877,-9.9989347,3.5763388,-2.0778244,-7.0738459,0.8732808,-1.9505186,-9.5537281,-1.0760479,0.0049946,0.7468678,-0.6523761,0.1287203
gait_20260919_223030_andrew_abnormal_rightleg_rightpocket_3,andrew_abnormal_rightleg_rightpocket_3,2514076841801703,2026-09-19T22:30:39.966861Z,-0.9827450,-8.8850317,3.3628807,-2.0853021,-6.0894337,0.4119843,-2.2595141,-9.4738045,-1.1737731,-0.0377770,0.7492711,-0.6344147,0.1862361
gait_20260919_223030_andrew_abnormal_rightleg_rightpocket_3,andrew_abnormal_rightleg_rightpocket_3,2514076861942042,2026-09-19T22:30:39.986959Z,-1.4653263,-7.9445596,3.1212161,-1.8891357,-5.0677166,-0.0396529,-2.3992848,-9.4570074,-1.0220407,-0.0783808,0.7419133,-0.6239801,0.2325295
gait_20260919_223030_andrew_abnormal_rightleg_rightpocket_3,andrew_abnormal_rightleg_rightpocket_3,2514076882137802,2026-09-19T22:30:40.007454Z,-2.5589528,-8.2023849,2.9731495,-1.4149657,-4.4200463,-0.4566834,-2.4815891,-9.4237623,-1.1271871,-0.1142402,0.7407542,-0.6059436,0.2665799
gait_20260919_223030_andrew_abnormal_rightleg_rightpocket_3,andrew_abnormal_rightleg_rightpocket_3,2514076902304225,2026-09-19T22:30:40.027080Z,-4.3742065,-9.2572556,2.8818707,-0.6146457,-4.2798371,-0.8652869,-2.4821093,-9.4220247,-1.1404884,-0.1478858,0.7351452,-0.5925491,0.2942396
gait_20260919_223030_andrew_abnormal_rightleg_rightpocket_3,andrew_abnormal_rightleg_rightpocket_3,2514076922473902,2026-09-19T22:30:40.047392Z,-7.1912842,-10.8095961,3.4122612,0.1298672,-3.9760199,-1.0413353,-2.4019008,-9.4576025,-1.0103393,-0.1812517,0.7229293,-0.5851524,0.3195587
gait_20260919_223030_andrew_abnormal_rightleg_rightpocket_3,andrew_abnormal_rightleg_rightpocket_3,2514076942640976,2026-09-19T22:30:40.067701Z,-8.5003891,-11.0891190,3.8065562,0.5852515,-2.8814254,-0.8120611,-2.2742262,-9.5110941,-0.7766155,-0.2106231,0.7063993,-0.5828608,0.3419231
gait_20260919_223030_andrew_abnormal_rightleg_rightpocket_3,andrew_abnormal_rightleg_rightpocket_3,2514076962784734,2026-09-19T22:30:40.087079Z,-7.3213940,-9.6252890,2.5228901,0.8900346,-1.4896085,-0.3289979,-2.1689608,-9.5525665,-0.5293251,-0.2289126,0.6915284,-0.5843218,0.3577088
gait_20260919_223030_andrew_abnormal_rightleg_rightpocket_3,andrew_abnormal_rightleg_rightpocket_3,2514076982978989,2026-09-19T22:30:40.107877Z,-6.6006646,-8.1098347,0.9082255,1.3444031,-1.3033513,-0.0770410,-2.1358318,-9.5702744,-0.2901558,-0.2345677,0.6806868,-0.5887583,0.3674332
gait_20260919_223030_andrew_abnormal_rightleg_rightpocket_3,andrew_abnormal_rightleg_rightpocket_3,2514077003155014,2026-09-19T22:30:40.127900Z,-5.5875430,-8.4225769,-1.0553192,1.8623229,-2.1193926,0.2318723,-2.1533518,-9.5705957,0.0535488,-0.2367368,0.6668441,-0.5953098,0.3806323
gait_20260919_223030_andrew_abnormal_rightleg_rightpocket_3,andrew_abnormal_rightleg_rightpocket_3,2514077023289902,2026-09-19T22:30:40.147859Z,-2.4875007,-9.2329397,-1.6606781,1.2751062,-2.6074018,0.7695270,-2.3187897,-9.5205679,0.4670423,-0.2376446,0.6500271,-0.5979384,0.4043011
gait_20260919_223030_andrew_abnormal_rightleg_rightpocket_3,andrew_abnormal_rightleg_rightpocket_3,2514077043459417,2026-09-19T22:30:40.168750Z,-0.1580921,-10.1442327,-1.1120318,-0.1371449,-3.0863183,1.1794962,-2.4686816,-9.4823904,0.4753787,-0.2482065,0.6447973,-0.5861644,0.4231325
gait_20260919_223030_andrew_abnormal_rightleg_rightpocket_3,andrew_abnormal_rightleg_rightpocket_3,2514077063655869,2026-09-19T22:30:40.188267Z,1.3655928,-11.3101339,0.1943044,-1.3764952,-3.5482476,1.4731212,-2.6167765,-9.4400063,0.5242620,-0.2631110,0.6368436,-0.5699712,0.4475888
gait_20260919_223030_andrew_abnormal_rightleg_rightpocket_3,andrew_abnormal_rightleg_rightpocket_3,2514077083822291,2026-09-19T22:30:40.208183Z,2.6203041,-12.0970783,1.7173160,-1.7287753,-3.4890931,1.5091602,-2.8672152,-9.3719397,0.4265246,-0.2809944,0.6329954,-0.5430734,0.4747950
gait_20260919_223030_andrew_abnormal_rightleg_rightpocket_3,andrew_abnormal_rightleg_rightpocket_3,2514077103990179,2026-09-19T22:30:40.228377Z,2.9437459,-11.4902973,2.1990743,-1.1099994,-3.5517116,1.1579794,-3.1194067,-9.2955961,0.3119496,-0.2985795,0.6294351,-0.5146943,0.4997515
gait_20260919_223030_andrew_abnormal_rightleg_rightpocket_3,andrew_abnormal_rightleg_rightpocket_3,2514077124158798,2026-09-19T22:30:40.248400Z,2.2970870,-10.2884083,1.8737621,-0.3717818,-3.9374661,0.6293677,-3.2933607,-9.2334585,0.3648803,-0.3150697,0.6190519,-0.4920502,0.5247786
gait_20260919_223030_andrew_abnormal_rightleg_rightpocket_3,andrew_abnormal_rightleg_rightpocket_3,2514077144327337,2026-09-19T22:30:40.270950Z,1.2141595,-9.0995378,1.7744027,-0.1041702,-4.0793571,0.2671953,-3.3492351,-9.2018118,0.5877265,-0.3328398,0.6001624,-0.4746434,0.5511230
gait_20260919_223030_andrew_abnormal_rightleg_rightpocket_3,andrew_abnormal_rightleg_rightpocket_3,2514077164478989,2026-09-19T22:30:40.289374Z,-0.0333692,-8.9258080,2.3975685,-0.1170603,-3.6528175,0.0209173,-3.2592480,-9.2120819,0.8665802,-0.3529898,0.5762437,-0.4611792,0.5750263
gait_20260919_223030_andrew_abnormal_rightleg_rightpocket_3,andrew_abnormal_rightleg_rightpocket_3,2514077184664089,2026-09-19T22:30:40.309381Z,-1.2624177,-9.3530989,2.9315503,-0.1561470,-2.6932695,-0.1426074,-3.1601858,-9.2231855,1.0872769,-0.3705097,0.5549545,-0.4486938,0.5944931
gait_20260919_223030_andrew_abnormal_rightleg_rightpocket_3,andrew_abnormal_rightleg_rightpocket_3,2514077204832952,2026-09-19T22:30:40.329096Z,-1.9892824,-9.5373020,3.0630069,-0.2695768,-1.5516776,-0.1993306,-2.8147018,-9.2811899,1.4741387,-0.3851193,0.5267855,-0.4511213,0.6088266
gait_20260919_223030_andrew_abnormal_rightleg_rightpocket_3,andrew_abnormal_rightleg_rightpocket_3,2514077224999701,2026-09-19T22:30:40.349246Z,-2.4735096,-9.5317659,2.9982140,-0.4020919,-0.6670055,-0.3137596,-2.7190514,-9.3015871,1.5242517,-0.3938628,0.5177405,-0.4466297,0.6142792
gait_20260919_223030_andrew_abnormal_rightleg_rightpocket_3,andrew_abnormal_rightleg_rightpocket_3,2514077245144720,2026-09-19T22:30:40.369368Z,-3.1129858,-9.1586447,2.8075757,-0.4700065,-0.2023283,-0.4528363,-2.6363168,-9.3308296,1.4904933,-0.4002864,0.5144345,-0.4448606,0.6141881
gait_20260919_223030_andrew_abnormal_rightleg_rightpocket_3,andrew_abnormal_rightleg_rightpocket_3,2514077265337917,2026-09-19T22:30:40.390221Z,-3.5642929,-8.7116022,2.5198224,-0.4009761,-0.2013624,-0.4234255,-2.5672402,-9.3532248,1.4705707,-0.4040262,0.5125200,-0.4454865,0.6128849
gait_20260919_223030_andrew_abnormal_rightleg_rightpocket_3,andrew_abnormal_rightleg_rightpocket_3,2514077285507024,2026-09-19T22:30:40.410446Z,-3.7526867,-9.2574053,2.0130746,-0.1083836,-0.8834230,-0.2908271,-2.6301363,-9.3210630,1.5608634,-0.4012943,0.5100881,-0.4445739,0.6173550
gait_20260919_223030_andrew_abnormal_rightleg_rightpocket_3,andrew_abnormal_rightleg_rightpocket_3,2514077305677842,2026-09-19T22:30:40.430570Z,-3.7143047,-9.8652334,1.5112650,0.1504680,-1.9641116,-0.1714686,-2.5505626,-9.3350315,1.6087077,-0.4083943,0.5019864,-0.4406515,0.6221336
gait_20260919_223030_andrew_abnormal_rightleg_rightpocket_3,andrew_abnormal_rightleg_rightpocket_3,2514077325842758,2026-09-19T22:30:40.450036Z,-3.0280666,-9.8151798,1.2272528,0.0297605,-2.4914241,0.0551744,-2.4520392,-9.3360434,1.7498320,-0.4181309,0.4864835,-0.4325957,0.6335309
gait_20260919_223030_andrew_abnormal_rightleg_rightpocket_3,andrew_abnormal_rightleg_rightpocket_3,2514077346011053,2026-09-19T22:30:40.470350Z,-2.6307788,-9.4131784,1.4249989,-0.3014024,-2.4806824,0.1873564,-2.3760331,-9.3320637,1.8716722,-0.4289849,0.4702598,-0.4207501,0.6463723
gait_20260919_223030_andrew_abnormal_rightleg_rightpocket_3,andrew_abnormal_rightleg_rightpocket_3,2514077366182195,2026-09-19T22:30:40.490466Z,-2.3876176,-9.5616188,1.7717841,-0.5212505,-2.2373855,0.2966727,-2.3217208,-9.3359957,1.9196100,-0.4413521,0.4558879,-0.4059299,0.6577200
gait_20260919_223030_andrew_abnormal_rightleg_rightpocket_3,andrew_abnormal_rightleg_rightpocket_3,2514077386350042,2026-09-19T22:30:40.510618Z,-2.1452796,-9.3762922,1.7797897,-0.4886589,-1.9704734,0.3189556,-2.2959464,-9.3427229,1.9178827,-0.4525128,0.4447913,-0.3913262,0.6665258
gait_20260919_223030_andrew_abnormal_rightleg_rightpocket_3,andrew_abnormal_rightleg_rightpocket_3,2514077406517482,2026-09-19T22:30:40.531315Z,-2.3610570,-8.9603748,0.8256255,-0.0286780,-1.6558645,0.2110050,-2.2809420,-9.3457985,1.9208063,-0.4616434,0.4350258,-0.3783306,0.6741691
gait_20260919_223030_andrew_abnormal_rightleg_rightpocket_3,andrew_abnormal_rightleg_rightpocket_3,2514077426666978,2026-09-19T22:30:40.550763Z,-2.0460699,-8.9873838,-0.2242320,0.2073744,-1.3428043,0.2124206,-2.2555733,-9.3347864,2.0025680,-0.4671225,0.4241835,-0.3687092,0.6825823
gait_20260919_223030_andrew_abnormal_rightleg_rightpocket_3,andrew_abnormal_rightleg_rightpocket_3,2514077446877630,2026-09-19T22:30:40.571530Z,-1.3647698,-9.5361052,-0.6573580,-0.1397929,-1.2262603,0.2107385,-2.2422469,-9.3195820,2.0865843,-0.4706427,0.4150836,-0.3607423,0.6899755
gait_20260919_223030_andrew_abnormal_rightleg_rightpocket_3,andrew_abnormal_rightleg_rightpocket_3,2514077467023260,2026-09-19T22:30:40.591686Z,-1.1652280,-11.6774197,-1.0446202,-0.5619361,-1.0540589,0.1113480,-2.1725657,-9.3794498,1.8820224,-0.4843667,0.4113859,-0.3505672,0.6879341
gait_20260919_223030_andrew_abnormal_rightleg_rightpocket_3,andrew_abnormal_rightleg_rightpocket_3,2514077487191961,2026-09-19T22:30:40.612736Z,-0.5733365,-12.2322006,-1.4918870,-0.6568800,-0.4572330,-0.0196849,-2.1516719,-9.3991804,1.8060501,-0.4924373,0.4064397,-0.3415311,0.6896875
gait_20260919_223030_andrew_abnormal_rightleg_rightpocket_3,andrew_abnormal_rightleg_rightpocket_3,2514077507338609,2026-09-19T22:30:40.631744Z,0.3196259,-10.9447937,-1.9219455,-0.6962498,0.2455951,-0.1694868,-2.1307700,-9.4250526,1.6924299,-0.4984157,0.4062423,-0.3375021,0.6874891
gait_20260919_223030_andrew_abnormal_rightleg_rightpocket_3,andrew_abnormal_rightleg_rightpocket_3,2514077527528183,2026-09-19T22:30:40.654483Z,0.5104139,-10.0956001,-2.0225768,-0.9841791,0.4225928,-0.3841723,-2.1020811,-9.4577894,1.5387001,-0.5031332,0.4100599,-0.3376960,0.6816666
gait_20260919_223030_andrew_abnormal_rightleg_rightpocket_3,andrew_abnormal_rightleg_rightpocket_3,2514077547698920,2026-09-19T22:30:40.672656Z,0.3821744,-10.1558294,-1.6583588,-1.3779774,0.0598874,-0.4949707,-2.0090890,-9.5154781,1.2865957,-0.5122172,0.4143684,-0.3385184,0.6718168
gait_20260919_223030_andrew_abnormal_rightleg_rightpocket_3,andrew_abnormal_rightleg_rightpocket_3,2514077567866440,2026-09-19T22:30:40.693339Z,0.2878279,-10.9108257,-1.0518775,-1.6196922,-0.4835628,-0.5346070,-1.8862506,-9.5770330,0.9790835,-0.5256130,0.4163888,-0.3359743,0.6614172
gait_20260919_223030_andrew_abnormal_rightleg_rightpocket_3,andrew_abnormal_rightleg_rightpocket_3,2514077588034247,2026-09-19T22:30:40.712329Z,-0.2005892,-11.2685347,-0.5795465,-1.6830770,-0.8722150,-0.6778805,-1.7696677,-9.6250591,0.6801610,-0.5408555,0.4150992,-0.3295428,0.6531230
gait_20260919_223030_andrew_abnormal_rightleg_rightpocket_3,andrew_abnormal_rightleg_rightpocket_3,2514077608203273,2026-09-19T22:30:40.733004Z,-0.9613468,-11.4202671,0.2237082,-1.7490097,-0.9815645,-0.8058158,-1.6212902,-9.6675797,0.3813578,-0.5579883,0.4106598,-0.3219824,0.6452403
gait_20260919_223030_andrew_abnormal_rightleg_rightpocket_3,andrew_abnormal_rightleg_rightpocket_3,2514077628351182,2026-09-19T22:30:40.752955Z,-1.4086136,-11.4557314,1.7152959,-1.7460287,-1.0830368,-0.7891120,-1.4560548,-9.7011023,0.0682826,-0.5759737,0.4051341,-0.3143253,0.6366478
gait_20260919_223030_andrew_abnormal_rightleg_rightpocket_3,andrew_abnormal_rightleg_rightpocket_3,2514077648539862,2026-09-19T22:30:40.772921Z,-1.6534956,-11.1914711,2.5085249,-1.4197787,-1.0542254,-0.8339110,-1.3040851,-9.7200079,-0.2385430,-0.5935888,0.3988734,-0.3058678,0.6284881
gait_20260919_223030_andrew_abnormal_rightleg_rightpocket_3,andrew_abnormal_rightleg_rightpocket_3,2514077668708563,2026-09-19T22:30:40.793101Z,-2.6460419,-10.6484365,1.9772365,-0.9477904,-0.8270995,-0.9228428,-1.1452340,-9.7313709,-0.4743039,-0.6085396,0.3912578,-0.2996148,0.6219549
gait_20260919_223030_andrew_abnormal_rightleg_rightpocket_3,andrew_abnormal_rightleg_rightpocket_3,2514077688877874,2026-09-19T22:30:40.813487Z,-2.9100025,-10.3915091,1.5367782,-0.6487029,-0.5082772,-0.9237588,-0.9713347,-9.7416792,-0.6263374,-0.6198702,0.3832379,-0.2972645,0.6168659
gait_20260919_223030_andrew_abnormal_rightleg_rightpocket_3,andrew_abnormal_rightleg_rightpocket_3,2514077709046251,2026-09-19T22:30:40.833782Z,-2.5179520,-10.2061825,1.4770728,-0.4306200,-0.3466011,-0.9237588,-0.7971746,-9.7499266,-0.7345553,-0.6289570,0.3755585,-0.2969613,0.6125218
gait_20260919_223030_andrew_abnormal_rightleg_rightpocket_3,andrew_abnormal_rightleg_rightpocket_3,2514077729201930,2026-09-19T22:30:40.853384Z,-2.0103812,-10.1479740,1.1445781,-0.1791294,-0.2877628,-0.8959634,-0.6240909,-9.7572412,-0.8017966,-0.6356684,0.3687585,-0.2989837,0.6087296
gait_20260919_223030_andrew_abnormal_rightleg_rightpocket_3,andrew_abnormal_rightleg_rightpocket_3,2514077749382636,2026-09-19T22:30:40.874148Z,-2.0275896,-9.6610527,0.9114426,0.0892316,-0.2428139,-0.8847554,-0.4629796,-9.7653971,-0.8116561,-0.6406746,0.3607678,-0.3011081,0.6072204
gait_20260919_223030_andrew_abnormal_rightleg_rightpocket_3,andrew_abnormal_rightleg_rightpocket_3,2514077769550970,2026-09-19T22:30:40.893875Z,-2.1579239,-8.8828621,0.6488287,0.3515306,-0.1391600,-0.8379912,-0.4910483,-9.7801208,-0.5867108,-0.6349977,0.3557405,-0.3027955,0.6152573
gait_20260919_223030_andrew_abnormal_rightleg_rightpocket_3,andrew_abnormal_rightleg_rightpocket_3,2514077789718938,2026-09-19T22:30:40.914942Z,-1.5266029,-8.2400942,-0.0819266,0.5476803,-0.1732506,-0.7868137,-0.3380436,-9.7913332,-0.5016391,-0.6356154,0.3484960,-0.3082510,0.6160560
gait_20260919_223030_andrew_abnormal_rightleg_rightpocket_3,andrew_abnormal_rightleg_rightpocket_3,2514077809889146,2026-09-19T22:30:40.934184Z,-0.8310873,-8.3788834,-1.5633389,0.6262201,-0.2319722,-0.8010528,-0.1862932,-9.8006401,-0.3858303,-0.6353003,0.3405052,-0.3138788,0.6180047
gait_20260919_223030_andrew_abnormal_rightleg_rightpocket_3,andrew_abnormal_rightleg_rightpocket_3,2514077830056748,2026-09-19T22:30:40.954988Z,-0.6566846,-8.8071461,-2.5120413,0.4227094,-0.1407588,-0.8365256,-0.0288738,-9.8064432,-0.2626721,-0.6348806,0.3319530,-0.3195400,0.6201839
gait_20260919_223030_andrew_abnormal_rightleg_rightpocket_3,andrew_abnormal_rightleg_rightpocket_3,2514077850225571,2026-09-19T22:30:40.974835Z,-0.9551368,-9.2367554,-2.2154596,0.0331413,-0.5031644,-0.7256773,0.1317135,-9.8070040,-0.2035469,-0.6361982,0.3247941,-0.3246501,0.6199701
gait_20260919_223030_andrew_abnormal_rightleg_rightpocket_3,andrew_abnormal_rightleg_rightpocket_3,2514077870395818,2026-09-19T22:30:40.995612Z,-0.6686556,-9.3337955,-1.2927192,-0.1919529,-0.9010096,-0.5211173,0.2112813,-9.8029308,-0.3066350,-0.6427124,0.3199549,-0.3217321,0.6172829
gait_20260919_223030_andrew_abnormal_rightleg_rightpocket_3,andrew_abnormal_rightleg_rightpocket_3,2514077890563137,2026-09-19T22:30:41.014720Z,-0.7178864,-9.1459999,-1.0899603,-0.1853746,-1.0836862,-0.4870934,0.2778299,-9.7987394,-0.3790019,-0.6491856,0.3125341,-0.3166120,0.6169581
gait_20260919_223030_andrew_abnormal_rightleg_rightpocket_3,andrew_abnormal_rightleg_rightpocket_3,2514077910731959,2026-09-19T22:30:41.035428Z,-1.4535797,-9.0057144,-1.1982980,-0.1714186,-0.8718153,-0.4904742,0.3593129,-9.7941723,-0.4257019,-0.6553200,0.3033102,-0.3116850,0.6175850
gait_20260919_223030_andrew_abnormal_rightleg_rightpocket_3,andrew_abnormal_rightleg_rightpocket_3,2514077930897894,2026-09-19T22:30:41.055703Z,-2.1063738,-9.0220251,-1.3853450,-0.1599108,-0.4614297,-0.4152984,0.4366233,-9.7889729,-0.4706494,-0.6603974,0.2959669,-0.3083478,0.6174144
gait_20260919_223030_andrew_abnormal_rightleg_rightpocket_3,andrew_abnormal_rightleg_rightpocket_3,2514077951068670,2026-09-19T22:30:41.075278Z,-2.2186768,-9.2356329,-1.8421137,-0.1120142,-0.1645073,-0.3333945,0.4702083,-9.7849321,-0.5197467,-0.6636786,0.2928906,-0.3062051,0.6164287
gait_20260919_223030_andrew_abnormal_rightleg_rightpocket_3,andrew_abnormal_rightleg_rightpocket_3,2514077971237209,2026-09-19T22:30:41.096062Z,-1.8096424,-9.3191309,-1.9448400,-0.1128469,-0.0283783,-0.2607335,0.2832099,-9.7833767,-0.6644467,-0.6662559,0.2998166,-0.2969139,0.6148620
gait_20260919_223030_andrew_abnormal_rightleg_rightpocket_3,andrew_abnormal_rightleg_rightpocket_3,2514077991405340,2026-09-19T22:30:41.116127Z,-0.7597849,-9.2227640,-1.8529625,-0.1245879,0.0944110,-0.1757986,0.1352803,-9.7758675,-0.8063468,-0.6688105,0.3062867,-0.2896439,0.6123621
gait_20260919_223030_andrew_abnormal_rightleg_rightpocket_3,andrew_abnormal_rightleg_rightpocket_3,2514078011575547,2026-09-19T22:30:41.137315Z,0.2682254,-9.2854624,-1.8683003,-0.1018386,0.1177764,-0.1002732,0.1497104,-9.7717161,-0.8528018,-0.6701647,0.3071925,-0.2900298,0.6102417
gait_20260919_223030_andrew_abnormal_rightleg_rightpocket_3,andrew_abnormal_rightleg_rightpocket_3,2514078031743393,2026-09-19T22:30:41.155652Z,1.3421745,-9.3088808,-1.9633203,-0.0624188,0.1380942,-0.0548247,0.1691597,-9.7695313,-0.8739412,-0.6707482,0.3076714,-0.2910581,0.6088682
gait_20260919_223030_andrew_abnormal_rightleg_rightpocket_3,andrew_abnormal_rightleg_rightpocket_3,2514078051910061,2026-09-19T22:30:41.177128Z,2.0929811,-9.5870571,-2.1193922,-0.0507944,0.0664824,-0.0542251,0.2469148,-9.7610760,-0.9468794,-0.6734638,0.3075598,-0.2935781,0.6047028
gait_20260919_223030_andrew_abnormal_rightleg_rightpocket_3,andrew_abnormal_rightleg_rightpocket_3,2514078072079494,2026-09-19T22:30:41.196219Z,2.4373722,-10.1167746,-1.9005473,-0.0841022,-0.2266263,-0.0177031,0.3393648,-9.7520742,-1.0089611,-0.6763595,0.3061475,-0.2961196,0.6009365
gait_20260919_223030_andrew_abnormal_rightleg_rightpocket_3,andrew_abnormal_rightleg_rightpocket_3,2514078092245957,2026-09-19T22:30:41.216883Z,2.2391024,-10.2276554,-1.7292122,-0.1261200,-0.5949774,0.0519102,0.3383994,-9.7498837,-1.0302286,-0.6778923,0.3045070,-0.2939872,0.6010900
gait_20260919_223030_andrew_abnormal_rightleg_rightpocket_3,andrew_abnormal_rightleg_rightpocket_3,2514078112415431,2026-09-19T22:30:41.236694Z,1.5717186,-9.7558479,-1.5571289,-0.2154516,-0.7528231,0.1176432,0.3142215,-9.7472620,-1.0622082,-0.6804914,0.3013435,-0.2887816,0.6022697
gait_20260919_223030_andrew_abnormal_rightleg_rightpocket_3,andrew_abnormal_rightleg_rightpocket_3,2514078132584621,2026-09-19T22:30:41.257399Z,0.7901614,-9.4255228,-0.9850644,-0.2452787,-0.7739736,0.1024548,0.3234241,-9.7394028,-1.1294125,-0.6850590,0.2967786,-0.2838727,0.6016918
gait_20260919_223030_andrew_abnormal_rightleg_rightpocket_3,andrew_abnormal_rightleg_rightpocket_3,2514078152753363,2026-09-19T22:30:41.278350Z,0.1472434,-9.0506811,-0.8865280,-0.1426407,-0.6337643,0.0968258,0.2861817,-9.7343721,-1.1816176,-0.6884024,0.2934919,-0.2772458,0.6025775
gait_20260919_223030_andrew_abnormal_rightleg_rightpocket_3,andrew_abnormal_rightleg_rightpocket_3,2514078172921047,2026-09-19T22:30:41.297617Z,-0.0807295,-8.5969048,-1.5003414,0.0017154,-0.4583987,0.1267695,0.2523270,-9.7320633,-1.2080641,-0.6904967,0.2908445,-0.2721148,0.6038024
gait_20260919_223030_andrew_abnormal_rightleg_rightpocket_3,andrew_abnormal_rightleg_rightpocket_3,2514078193090602,2026-09-19T22:30:41.317252Z,-0.1663222,-8.4982939,-2.3062897,0.0897312,-0.3289479,0.1904874,0.2154679,-9.7333345,-1.2049499,-0.6911073,0.2891073,-0.2683934,0.6056010
gait_20260919_223030_andrew_abnormal_rightleg_rightpocket_3,andrew_abnormal_rightleg_rightpocket_3,2514078213258897,2026-09-19T22:30:41.338198Z,-0.0247650,-8.7152681,-2.7115831,0.1263199,-0.2790195,0.2886122,0.1675461,-9.7365112,-1.1867615,-0.6907296,0.2883990,-0.2652772,0.6077389
gait_20260919_223030_andrew_abnormal_rightleg_rightpocket_3,andrew_abnormal_rightleg_rightpocket_3,2514078233427150,2026-09-19T22:30:41.357629Z,0.4276643,-8.6719484,-2.7070191,0.1999634,-0.2914933,0.3652368,0.1002856,-9.7398682,-1.1666517,-0.6899040,0.2885835,-0.2617744,0.6101035
gait_20260919_223030_andrew_abnormal_rightleg_rightpocket_3,andrew_abnormal_rightleg_rightpocket_3,2514078253597032,2026-09-19T22:30:41.377928Z,1.1870003,-8.7001553,-2.7180922,0.2874964,-0.2504248,0.3262833,0.0214113,-9.7447205,-1.1296412,-0.6884143,0.2888565,-0.2580516,0.6132349
gait_20260919_223030_andrew_abnormal_rightleg_rightpocket_3,andrew_abnormal_rightleg_rightpocket_3,2514078273764227,2026-09-19T22:30:41.397963Z,1.6071079,-9.1878986,-2.4138792,0.4058723,-0.1383606,0.1842755,-0.0384165,-9.7504501,-1.0785991,-0.6865781,0.2886941,-0.2554818,0.6164376
gait_20260919_223030_andrew_abnormal_rightleg_rightpocket_3,andrew_abnormal_rightleg_rightpocket_3,2514078293931911,2026-09-19T22:30:41.418324Z,2.3275383,-9.7153711,-1.2736405,0.5075777,0.2162510,0.0208340,0.0429034,-9.7487898,-1.0933347,-0.6880501,0.2862025,-0.2578323,0.6149780
gait_20260919_223030_andrew_abnormal_rightleg_rightpocket_3,andrew_abnormal_rightleg_rightpocket_3,2514078314100775,2026-09-19T22:30:41.439662Z,1.9732711,-10.1321115,0.6820482,0.7032611,0.8361093,-0.2127370,0.1397376,-9.7579517,-0.9995021,-0.6852999,0.2843733,-0.2646858,0.6159849
gait_20260919_223030_andrew_abnormal_rightleg_rightpocket_3,andrew_abnormal_rightleg_rightpocket_3,2514078334244330,2026-09-19T22:30:41.458532Z,1.4101100,-10.2277308,-1.5134348,0.7984715,1.7704101,-0.3982115,0.2203418,-9.7716722,-0.8378639,-0.6785843,0.2860277,-0.2756264,0.6178524
gait_20260919_223030_andrew_abnormal_rightleg_rightpocket_3,andrew_abnormal_rightleg_rightpocket_3,2514078354413031,2026-09-19T22:30:41.478562Z,-1.8880525,-9.2672062,-3.9876926,0.2545549,2.9948051,-0.5022485,0.3377624,-9.7808571,-0.6759195,-0.6693021,0.2934518,-0.2943592,0.6158518
gait_20260919_223030_andrew_abnormal_rightleg_rightpocket_3,andrew_abnormal_rightleg_rightpocket_3,2514078374608588,2026-09-19T22:30:41.499396Z,-3.9611318,-7.1669679,-3.8489785,0.1842255,1.3010197,-0.3203878,0.4461651,-9.7778597,-0.6561372,-0.6612870,0.3095346,-0.3164798,0.6055811
gait_20260919_223030_andrew_abnormal_rightleg_rightpocket_3,andrew_abnormal_rightleg_rightpocket_3,2514078394775783,2026-09-19T22:30:41.519581Z,-4.7963343,-5.4812255,-1.7070658,-0.2750559,0.5691805,-0.1619759,0.5066336,-9.7770205,-0.6239763,-0.6581628,0.3135469,-0.3248826,0.6024627
gait_20260919_223030_andrew_abnormal_rightleg_rightpocket_3,andrew_abnormal_rightleg_rightpocket_3,2514078414960964,2026-09-19T22:30:41.540517Z,-3.6998646,-4.7834654,0.4004302,-0.7953072,0.4218101,0.1217067,0.5334376,-9.7708693,-0.6940137,-0.6591541,0.3171530,-0.3276163,0.5979945
gait_20260919_223030_andrew_abnormal_rightleg_rightpocket_3,andrew_abnormal_rightleg_rightpocket_3,2514078435112860,2026-09-19T22:30:41.559239Z,-2.2258594,-5.6134305,2.4253263,-0.8593915,-0.6119144,0.2583687,0.5020692,-9.7592096,-0.8613113,-0.6626813,0.3232016,-0.3258874,0.5917698
gait_20260919_223030_andrew_abnormal_rightleg_rightpocket_3,andrew_abnormal_rightleg_rightpocket_3,2514078455262071,2026-09-19T22:30:41.580061Z,-0.3785083,-8.8978262,3.3348985,-0.4515373,-1.3370421,0.2748560,0.4296982,-9.7462015,-1.0310285,-0.6692788,0.3229720,-0.3160299,0.5898137
gait_20260919_223030_andrew_abnormal_rightleg_rightpocket_3,andrew_abnormal_rightleg_rightpocket_3,2514078475452419,2026-09-19T22:30:41.600932Z,0.9439889,-11.4638863,2.8398974,-0.0696966,-0.2505746,0.0517936,0.3253695,-9.7568169,-0.9668412,-0.6700491,0.3163788,-0.3058886,0.5978051
gait_20260919_223030_andrew_abnormal_rightleg_rightpocket_3,andrew_abnormal_rightleg_rightpocket_3,2514078495617296,2026-09-19T22:30:41.620250Z,0.7342717,-11.3882446,3.0918870,-0.0759418,0.8964464,-0.1706359,0.3255648,-9.7565022,-0.9699485,-0.6701636,0.3163881,-0.3058154,0.5977092
gait_20260919_223030_andrew_abnormal_rightleg_rightpocket_3,andrew_abnormal_rightleg_rightpocket_3,2514078515786770,2026-09-19T22:30:41.640619Z,1.4152725,-10.6411047,2.5810990,-0.0532259,1.6439569,-0.0898312,0.3840864,-9.7537107,-0.9765909,-0.6678630,0.3217696,-0.3139600,0.5931715
gait_20260919_223030_andrew_abnormal_rightleg_rightpocket_3,andrew_abnormal_rightleg_rightpocket_3,2514078535956082,2026-09-19T22:30:41.661200Z,1.6180314,-10.0209312,2.0107553,0.1583786,2.4569838,-0.1367119,0.4358844,-9.7524977,-0.9669161,-0.6624381,0.3320965,-0.3265308,0.5867413
gait_20260919_223030_andrew_abnormal_rightleg_rightpocket_3,andrew_abnormal_rightleg_rightpocket_3,2514078556125230,2026-09-19T22:30:41.680498Z,1.6642694,-10.0795145,0.2011878,0.6751493,2.1745670,-0.1530327,0.5225016,-9.7566547,-0.8779349,-0.6525116,0.3447525,-0.3458028,0.5794780
gait_20260919_223030_andrew_abnormal_rightleg_rightpocket_3,andrew_abnormal_rightleg_rightpocket_3,2514078576281358,2026-09-19T22:30:41.701241Z,1.2542624,-10.9215250,-2.5316439,1.1316994,1.4026752,-0.1779636,0.5990763,-9.7676001,-0.6864462,-0.6408706,0.3523204,-0.3637147,0.5769461
gait_20260919_223030_andrew_abnormal_rightleg_rightpocket_3,andrew_abnormal_rightleg_rightpocket_3,2514078596440131,2026-09-19T22:30:41.721277Z,-0.8836849,-11.5505266,-1.6351650,0.5375381,0.7607670,-0.1849583,0.6518690,-9.7781754,-0.4455204,-0.6301420,0.3542634,-0.3770944,0.5789804
gait_20260919_223030_andrew_abnormal_rightleg_rightpocket_3,andrew_abnormal_rightleg_rightpocket_3,2514078616628608,2026-09-19T22:30:41.741192Z,-0.8792706,-11.3934069,0.4100819,-0.0178197,-0.2838159,0.2438132,0.6858685,-9.7794676,-0.3574146,-0.6259963,0.3552856,-0.3832195,0.5788296
gait_20260919_223030_andrew_abnormal_rightleg_rightpocket_3,andrew_abnormal_rightleg_rightpocket_3,2514078636796942,2026-09-19T22:30:41.761634Z,-0.4889409,-10.9169617,1.9699043,-0.1033208,-1.1353966,0.4685576,0.6188484,-9.7830267,-0.3815186,-0.6272160,0.3548544,-0.3779820,0.5812126
gait_20260919_223030_andrew_abnormal_rightleg_rightpocket_3,andrew_abnormal_rightleg_rightpocket_3,2514078656948513,2026-09-19T22:30:41.781836Z,-0.4219032,-11.8141136,2.5426421,0.0984579,-1.4889257,0.5710791,0.5093931,-9.7879953,-0.4145039,-0.6307465,0.3509194,-0.3666342,0.5870211
gait_20260919_223030_andrew_abnormal_rightleg_rightpocket_3,andrew_abnormal_rightleg_rightpocket_3,2514078677134263,2026-09-19T22:30:41.802821Z,-0.1281646,-13.5936041,2.0240731,0.4182628,-1.0917467,0.6907374,0.3793013,-9.7946081,-0.3973505,-0.6332092,0.3451620,-0.3540134,0.5954695
gait_20260919_223030_andrew_abnormal_rightleg_rightpocket_3,andrew_abnormal_rightleg_rightpocket_3,2514078697278875,2026-09-19T22:30:41.821341Z,0.0087538,-14.8034992,0.9571570,0.5628853,-0.0840523,0.7757056,0.2315809,-9.8023882,-0.3093125,-0.6312636,0.3421939,-0.3452007,0.6043560
gait_20260919_223030_andrew_abnormal_rightleg_rightpocket_3,andrew_abnormal_rightleg_rightpocket_3,2514078717471991,2026-09-19T22:30:41.841794Z,-0.1943044,-15.5407629,-0.2739865,0.4943212,0.6478202,0.9073380,0.0749802,-9.8077707,-0.1952713,-0.6246195,0.3458755,-0.3429966,0.6103883
gait_20260919_223030_andrew_abnormal_rightleg_rightpocket_3,andrew_abnormal_rightleg_rightpocket_3,2514078737640651,2026-09-19T22:30:41.873736Z,-0.4158429,-14.6798229,-1.5527146,0.6315827,0.0648670,1.1667392,-0.1096688,-9.8089046,-0.0974561,-0.6157482,0.3544829,-0.3433939,0.6142284
gait_20260919_223030_andrew_abnormal_rightleg_rightpocket_3,andrew_abnormal_rightleg_rightpocket_3,2514078757783393,2026-09-19T22:30:41.887027Z,-1.0778397,-13.0154037,-1.7313819,0.3881359,-0.9908574,1.2654136,-0.3480203,-9.8037806,0.0296349,-0.6078076,0.3590192,-0.3374917,0.6227155
gait_20260919_223030_andrew_abnormal_rightleg_rightpocket_3,andrew_abnormal_rightleg_rightpocket_3,2514078777952663,2026-09-19T22:30:41.906166Z,-1.8748844,-12.6602392,-0.6996306,-0.0633515,-1.2230961,1.3726815,-0.5995269,-9.7911301,0.1024105,-0.6049624,0.3586362,-0.3235984,0.6329965
gait_20260919_223030_andrew_abnormal_rightleg_rightpocket_3,andrew_abnormal_rightleg_rightpocket_3,2514078798145941,2026-09-19T22:30:41.922429Z,-1.9902550,-12.5994864,-0.1325789,-0.1930354,-1.4905078,1.6343975,-0.8739011,-9.7705402,0.0946740,-0.6047723,0.3594808,-0.3063619,0.6412225
gait_20260919_223030_andrew_abnormal_rightleg_rightpocket_3,andrew_abnormal_rightleg_rightpocket_3,2514078818312770,2026-09-19T22:30:41.942408Z,-0.8114099,-12.7783031,0.2491466,-0.0787896,-1.5516943,1.9644446,-1.2049870,-9.7353230,0.0873019,-0.6044963,0.3604370,-0.2852243,0.6506279
gait_20260919_223030_andrew_abnormal_rightleg_rightpocket_3,andrew_abnormal_rightleg_rightpocket_3,2514078838457709,2026-09-19T22:30:41.963206Z,0.4589385,-12.6163206,0.2309656,0.1060354,-1.3127940,2.1102829,-1.5959178,-9.6785650,0.1206532,-0.6017552,0.3626297,-0.2623454,0.6614872
gait_20260919_223030_andrew_abnormal_rightleg_rightpocket_3,andrew_abnormal_rightleg_rightpocket_3,2514078858650905,2026-09-19T22:30:41.982871Z,1.4246248,-11.7271738,0.1145476,0.3627220,-0.7804520,2.0669827,-2.0043323,-9.6011009,0.1940299,-0.5961542,0.3666787,-0.2410740,0.6723319
gait_20260919_223030_andrew_abnormal_rightleg_rightpocket_3,andrew_abnormal_rightleg_rightpocket_3,2514078878821560,2026-09-19T22:30:42.003251Z,2.0789154,-10.3368912,-0.1690157,0.6971491,-0.1036372,1.9054565,-2.3935571,-9.5086784,0.3033764,-0.5872748,0.3733363,-0.2247616,0.6820635
gait_20260919_223030_andrew_abnormal_rightleg_rightpocket_3,andrew_abnormal_rightleg_rightpocket_3,2514078898967393,2026-09-19T22:30:42.023226Z,2.4015338,-8.5306158,-0.7677158,0.9904577,0.4647272,1.6217239,-2.7368314,-9.4099636,0.4454830,-0.5751547,0.3823923,-0.2153316,0.6903663
gait_20260919_223030_andrew_abnormal_rightleg_rightpocket_3,andrew_abnormal_rightleg_rightpocket_3,2514078919156440,2026-09-19T22:30:42.043916Z,2.0420296,-6.5508351,-1.6210990,1.0504451,0.9314529,1.1991478,-3.0313330,-9.3102045,0.6059908,-0.5607833,0.3929090,-0.2118959,0.6973126
gait_20260919_223030_andrew_abnormal_rightleg_rightpocket_3,andrew_abnormal_rightleg_rightpocket_3,2514078939325588,2026-09-19T22:30:42.063528Z,1.3524247,-5.5954738,-2.7212348,0.8471009,1.3655536,0.6996472,-3.2496154,-9.2269640,0.7343308,-0.5468979,0.4040213,-0.2140563,0.7013199
gait_20260919_223030_andrew_abnormal_rightleg_rightpocket_3,andrew_abnormal_rightleg_rightpocket_3,2514078959470771,2026-09-19T22:30:42.083999Z,0.6486042,-7.2539072,-3.2971900,0.3465511,1.2828670,0.0652000,-3.3792496,-9.1763363,0.7820804,-0.5359112,0.4155914,-0.2209264,0.7009097
gait_20260919_223030_andrew_abnormal_rightleg_rightpocket_3,andrew_abnormal_rightleg_rightpocket_3,2514078979662665,2026-09-19T22:30:42.104403Z,-0.4597616,-9.9966154,-2.9991117,-0.2826667,0.8174070,-0.6691206,-3.3831620,-9.1785021,0.7385274,-0.5318870,0.4233781,-0.2291004,0.6966781
gait_20260919_223030_andrew_abnormal_rightleg_rightpocket_3,andrew_abnormal_rightleg_rightpocket_3,2514078999831855,2026-09-19T22:30:42.124697Z,-0.9885808,-11.4426384,-1.9630209,-0.7769713,0.6597111,-1.1558809,-3.2304730,-9.2437258,0.5947215,-0.5372729,0.4252245,-0.2372786,0.6886370
gait_20260919_223030_andrew_abnormal_rightleg_rightpocket_3,andrew_abnormal_rightleg_rightpocket_3,2514079019997748,2026-09-19T22:30:42.144337Z,-0.9267057,-11.3606367,-1.0143933,-1.0901313,0.7257771,-1.3702999,-3.0052276,-9.3301554,0.3910706,-0.5469748,0.4250650,-0.2456399,0.6780850
gait_20260919_223030_andrew_abnormal_rightleg_rightpocket_3,andrew_abnormal_rightleg_rightpocket_3,2514079040167548,2026-09-19T22:30:42.164793Z,-1.2017397,-10.8735666,-0.4776433,-1.1458386,0.6734673,-1.6610938,-2.7411752,-9.4182997,0.1330861,-0.5589007,0.4250241,-0.2544643,0.6650056
gait_20260919_223030_andrew_abnormal_rightleg_rightpocket_3,andrew_abnormal_rightleg_rightpocket_3,2514079060337103,2026-09-19T22:30:42.185317Z,-2.2938697,-10.9652939,-0.0362871,-0.9366156,0.2805683,-2.0360231,-2.4104147,-9.5085316,-0.1177243,-0.5721932,0.4223724,-0.2647500,0.6512327
gait_20260919_223030_andrew_abnormal_rightleg_rightpocket_3,andrew_abnormal_rightleg_rightpocket_3,2514079080502509,2026-09-19T22:30:42.204997Z,-3.4849851,-11.4349318,0.8349779,-0.7207310,-0.0654165,-2.1947515,-2.0053494,-9.5981913,-0.2990377,-0.5863278,0.4138413,-0.2757780,0.6394541
gait_20260919_223030_andrew_abnormal_rightleg_rightpocket_3,andrew_abnormal_rightleg_rightpocket_3,2514079100672593,2026-09-19T22:30:42.225280Z,-4.9631052,-11.8782330,1.7726820,-0.4973189,0.1446558,-2.0325091,-1.5781353,-9.6728191,-0.4268263,-0.5999945,0.4019478,-0.2864890,0.6295782
gait_20260919_223030_andrew_abnormal_rightleg_rightpocket_3,andrew_abnormal_rightleg_rightpocket_3,2514079120839911,2026-09-19T22:30:42.246127Z,-5.9126306,-10.9233208,1.7075895,-0.2437299,0.6402927,-1.6251713,-1.1905117,-9.7236357,-0.5193228,-0.6100560,0.3925617,-0.2984326,0.6202136
gait_20260919_223030_andrew_abnormal_rightleg_rightpocket_3,andrew_abnormal_rightleg_rightpocket_3,2514079141010158,2026-09-19T22:30:42.265591Z,-6.0297222,-8.7379379,0.8501661,0.0763248,0.7075578,-1.2444297,-0.8818681,-9.7536230,-0.5703129,-0.6150587,0.3880542,-0.3115866,0.6115804
gait_20260919_223030_andrew_abnormal_rightleg_rightpocket_3,andrew_abnormal_rightleg_rightpocket_3,2514079161178290,2026-09-19T22:30:42.285527Z,-6.1417260,-6.7826986,-0.9749638,0.4624956,0.6884224,-0.9828968,-0.6510344,-9.7729483,-0.5493167,-0.6162077,0.3848575,-0.3235725,0.6061962
gait_20260919_223030_andrew_abnormal_rightleg_rightpocket_3,andrew_abnormal_rightleg_rightpocket_3,2514079181353420,2026-09-19T22:30:42.305944Z,-4.9039984,-6.6224365,-1.8674773,0.5368553,0.7243616,-0.7079908,-0.5081180,-9.7860622,-0.4592760,-0.6136540,0.3829969,-0.3338776,0.6043740
gait_20260919_223030_andrew_abnormal_rightleg_rightpocket_3,andrew_abnormal_rightleg_rightpocket_3,2514079201522244,2026-09-19T22:30:42.325974Z,-3.3821840,-7.2153759,-1.3842226,0.1657064,0.5982582,-0.5288115,-0.3763028,-9.7959976,-0.3646142,-0.6105267,0.3817083,-0.3441895,0.6025691
gait_20260919_223030_andrew_abnormal_rightleg_rightpocket_3,andrew_abnormal_rightleg_rightpocket_3,2514079221684516,2026-09-19T22:30:42.345974Z,-2.2139633,-7.4795609,0.5284452,-0.1096993,0.4587818,-0.4276223,-0.2758275,-9.7998209,-0.3514902,-0.6098867,0.3818663,-0.3509870,0.5991867
gait_20260919_223030_andrew_abnormal_rightleg_rightpocket_3,andrew_abnormal_rightleg_rightpocket_3,2514079241830553,2026-09-19T22:30:42.366270Z,-0.8098387,-7.8967505,1.7144729,0.0953936,0.0738101,-0.3453021,-0.1942239,-9.8007545,-0.3789651,-0.6107011,0.3824064,-0.3554652,0.5953605
gait_20260919_223030_andrew_abnormal_rightleg_rightpocket_3,andrew_abnormal_rightleg_rightpocket_3,2514079262020331,2026-09-19T22:30:42.386254Z,-0.0683844,-8.6487541,0.6028899,0.5030978,-0.1635413,-0.3921995,-0.1278311,-9.8030586,-0.3461470,-0.6110116,0.3797148,-0.3580955,0.5951884
gait_20260919_223030_andrew_abnormal_rightleg_rightpocket_3,andrew_abnormal_rightleg_rightpocket_3,2514079282189440,2026-09-19T22:30:42.406555Z,0.4384382,-9.5242844,-0.1141735,0.5620693,0.2914933,-0.4623124,-0.0490906,-9.8070908,-0.2338974,-0.6097049,0.3742398,-0.3617088,0.5978054
gait_20260919_223030_andrew_abnormal_rightleg_rightpocket_3,andrew_abnormal_rightleg_rightpocket_3,2514079302357571,2026-09-19T22:30:42.427011Z,0.6950667,-10.1524630,-0.1264438,0.3451855,0.4719717,-0.4647439,0.0456754,-9.8090973,-0.1250491,-0.6067935,0.3715568,-0.3689057,0.5980433
gait_20260919_223030_andrew_abnormal_rightleg_rightpocket_3,andrew_abnormal_rightleg_rightpocket_3,2514079322526028,2026-09-19T22:30:42.447156Z,0.5382465,-10.5481796,-0.2392705,0.1875563,0.1661560,-0.4131501,0.1378515,-9.8088236,-0.0639282,-0.6049045,0.3704521,-0.3757224,0.5963963
gait_20260919_223030_andrew_abnormal_rightleg_rightpocket_3,andrew_abnormal_rightleg_rightpocket_3,2514079342694078,2026-09-19T22:30:42.467043Z,-0.7439234,-10.3707838,-0.6880337,0.1288180,-0.2541885,-0.3779937,0.2184252,-9.8075199,-0.0308172,-0.6050825,0.3678764,-0.3793306,0.5955254
gait_20260919_223030_andrew_abnormal_rightleg_rightpocket_3,andrew_abnormal_rightleg_rightpocket_3,2514079362863186,2026-09-19T22:30:42.488341Z,-1.2080244,-9.8391962,-0.5570260,0.0063951,-0.5213838,-0.2672285,0.2889545,-9.8057375,-0.0111694,-0.6069878,0.3633380,-0.3799095,0.5960035
gait_20260919_223030_andrew_abnormal_rightleg_rightpocket_3,andrew_abnormal_rightleg_rightpocket_3,2514079383016018,2026-09-19T22:30:42.507499Z,-1.2066028,-9.4516354,-0.2714426,-0.0633015,-0.7897282,-0.1737502,0.1245866,-9.8087788,-0.0918516,-0.6087703,0.3660510,-0.3697866,0.5988851
gait_20260919_223030_andrew_abnormal_rightleg_rightpocket_3,andrew_abnormal_rightleg_rightpocket_3,2514079403200752,2026-09-19T22:30:42.527704Z,-1.0033201,-9.2135611,-0.1494132,-0.0583220,-0.9056060,-0.1096826,0.0820850,-9.8089600,-0.1169350,-0.6119069,0.3625715,-0.3629074,0.6020051
gait_20260919_223030_andrew_abnormal_rightleg_rightpocket_3,andrew_abnormal_rightleg_rightpocket_3,2514079423376085,2026-09-19T22:30:42.548252Z,-0.8739585,-9.1379948,-0.0528221,-0.0224328,-0.8802088,-0.0446325,0.0970198,-9.8086653,-0.1295059,-0.6158943,0.3566463,-0.3575609,0.6046718
gait_20260919_223030_andrew_abnormal_rightleg_rightpocket_3,andrew_abnormal_rightleg_rightpocket_3,2514079443537910,2026-09-19T22:30:42.567799Z,-0.7683143,-9.0790377,-0.4340239,-0.0097758,-0.8243683,0.0389535,0.1002838,-9.8085690,-0.1343451,-0.6192198,0.3511829,-0.3522353,0.6075917
gait_20260919_223030_andrew_abnormal_rightleg_rightpocket_3,andrew_abnormal_rightleg_rightpocket_3,2514079463706122,2026-09-19T22:30:42.588323Z,-0.8088661,-9.0611553,-1.0589854,-0.0782067,-0.7590350,0.1298505,0.0869304,-9.8086395,-0.1383755,-0.6219613,0.3465920,-0.3467650,0.6105672
gait_20260919_223030_andrew_abnormal_rightleg_rightpocket_3,andrew_abnormal_rightleg_rightpocket_3,2514079483873400,2026-09-19T22:30:42.609190Z,-0.9269301,-8.9421186,-1.2205192,-0.1833761,-0.7752892,0.2395664,0.0513606,-9.8085232,-0.1622509,-0.6246871,0.3434147,-0.3406161,0.6130360
gait_20260919_223030_andrew_abnormal_rightleg_rightpocket_3,andrew_abnormal_rightleg_rightpocket_3,2514079504043484,2026-09-19T22:30:42.628303Z,-1.2923452,-8.8867531,-0.8996213,-0.2451621,-0.8379245,0.3077642,-0.0058858,-9.8078289,-0.2063529,-0.6277747,0.3410410,-0.3331992,0.6152791
gait_20260919_223030_andrew_abnormal_rightleg_rightpocket_3,andrew_abnormal_rightleg_rightpocket_3,2514079524210151,2026-09-19T22:30:42.648866Z,-1.3971664,-8.7796125,-0.4639514,-0.2296907,-0.8240519,0.3890519,-0.0770488,-9.8063164,-0.2575968,-0.6310503,0.3388097,-0.3248192,0.6176376
gait_20260919_223030_andrew_abnormal_rightleg_rightpocket_3,andrew_abnormal_rightleg_rightpocket_3,2514079544354356,2026-09-19T22:30:42.668828Z,-1.5301942,-8.9345617,-0.2452560,-0.1364788,-0.7238953,0.4350999,-0.1628312,-9.8040733,-0.2995646,-0.6336792,0.3370474,-0.3162916,0.6203301
gait_20260919_223030_andrew_abnormal_rightleg_rightpocket_3,andrew_abnormal_rightleg_rightpocket_3,2514079564548286,2026-09-19T22:30:42.689439Z,-1.4940567,-9.1367970,-0.4484639,-0.0271792,-0.5633350,0.5004498,-0.2598874,-9.8013525,-0.3195176,-0.6350226,0.3360217,-0.3084831,0.6234371
gait_20260919_223030_andrew_abnormal_rightleg_rightpocket_3,andrew_abnormal_rightleg_rightpocket_3,2514079584716905,2026-09-19T22:30:42.710846Z,-1.1792191,-9.3509293,-0.7261913,0.0579889,-0.4710224,0.5729110,-0.3691491,-9.7978916,-0.3180687,-0.6349271,0.3360876,-0.3016445,0.6268360
gait_20260919_223030_andrew_abnormal_rightleg_rightpocket_3,andrew_abnormal_rightleg_rightpocket_3,2514079604885159,2026-09-19T22:30:42.729369Z,-0.8611645,-9.4709377,-1.0962451,0.0998402,-0.3717318,0.6207077,-0.4882066,-9.7932396,-0.3003990,-0.6338589,0.3367584,-0.2952432,0.6305934
gait_20260919_223030_andrew_abnormal_rightleg_rightpocket_3,andrew_abnormal_rightleg_rightpocket_3,2514079625028429,2026-09-19T22:30:42.749225Z,-0.3122937,-9.5592241,-1.2192472,0.0836026,-0.2188157,0.6897048,-0.6154455,-9.7867308,-0.2779129,-0.6321236,0.3383121,-0.2893019,0.6342469
gait_20260919_223030_andrew_abnormal_rightleg_rightpocket_3,andrew_abnormal_rightleg_rightpocket_3,2514079645221381,2026-09-19T22:30:42.769467Z,0.4833295,-9.3489838,-1.4383914,0.1123972,-0.0257303,0.7364523,-0.7507727,-9.7775278,-0.2690468,-0.6301056,0.3414125,-0.2839158,0.6370214
gait_20260919_223030_andrew_abnormal_rightleg_rightpocket_3,andrew_abnormal_rightleg_rightpocket_3,2514079665370348,2026-09-19T22:30:42.789413Z,0.9507225,-9.1153994,-1.8178724,0.1477201,-0.0130733,0.7261269,-0.8432876,-9.7692785,-0.2935823,-0.6290770,0.3450806,-0.2807868,0.6374485
gait_20260919_223030_andrew_abnormal_rightleg_rightpocket_3,andrew_abnormal_rightleg_rightpocket_3,2514079685558742,2026-09-19T22:30:42.810131Z,1.5709704,-9.0825539,-1.1356746,0.1456551,-0.2288746,0.6965163,-0.9509795,-9.7594042,-0.2929245,-0.6271061,0.3485778,-0.2773064,0.6390091
gait_20260919_223030_andrew_abnormal_rightleg_rightpocket_3,andrew_abnormal_rightleg_rightpocket_3,2514079705727851,2026-09-19T22:30:42.830155Z,2.0271406,-9.0464163,-0.5339818,0.1801453,-0.4679581,0.5791895,-1.0531268,-9.7495689,-0.2700689,-0.6254153,0.3499244,-0.2727025,0.6419050
gait_20260919_223030_andrew_abnormal_rightleg_rightpocket_3,andrew_abnormal_rightleg_rightpocket_3,2514079725897203,2026-09-19T22:30:42.850418Z,2.3200562,-9.6430216,-0.2988263,0.1816275,-0.3940980,0.4085703,-1.1233952,-9.7428198,-0.2270883,-0.6244282,0.3485357,-0.2680021,0.6455907
gait_20260919_223030_andrew_abnormal_rightleg_rightpocket_3,andrew_abnormal_rightleg_rightpocket_3,2514079746063382,2026-09-19T22:30:42.874082Z,2.5110686,-12.6598654,-0.6919243,0.3704162,0.1213237,0.1289512,-0.7516345,-9.7791700,-0.1974377,-0.6305364,0.3350821,-0.2794684,0.6419042
gait_20260919_223030_andrew_abnormal_rightleg_rightpocket_3,andrew_abnormal_rightleg_rightpocket_3,2514079766208075,2026-09-19T22:30:42.890352Z,2.0941782,-14.8964233,-0.7211036,0.7636315,0.7580525,-0.4191954,-0.7603515,-9.7797995,-0.1161561,-0.6269060,0.3357164,-0.2821275,0.6439623
gait_20260919_223030_andrew_abnormal_rightleg_rightpocket_3,andrew_abnormal_rightleg_rightpocket_3,2514079786402127,2026-09-19T22:30:42.910485Z,1.1316344,-12.1285019,2.0183120,0.3486828,0.4063719,-0.9728545,-0.6538072,-9.7881508,0.0278971,-0.6211606,0.3354759,-0.2935425,0.6445528
gait_20260919_223030_andrew_abnormal_rightleg_rightpocket_3,andrew_abnormal_rightleg_rightpocket_3,2514079806544176,2026-09-19T22:30:42.932334Z,-0.9154081,-7.8586679,0.5558289,-0.0642341,-0.4803819,-1.1961334,-0.4427222,-9.7997122,0.0755987,-0.6222374,0.3298154,-0.3031071,0.6420036
gait_20260919_223030_andrew_abnormal_rightleg_rightpocket_3,andrew_abnormal_rightleg_rightpocket_3,2514079826737739,2026-09-19T22:30:42.951027Z,-3.0064440,-3.4792988,-4.6316581,-0.4104854,3.7004478,-0.8167741,-0.2069719,-9.8076611,0.0553182,-0.6283146,0.3196974,-0.3074923,0.6391110
gait_20260919_223030_andrew_abnormal_rightleg_rightpocket_3,andrew_abnormal_rightleg_rightpocket_3,2514079846906317,2026-09-19T22:30:42.971023Z,-2.5471313,-3.7584476,-1.0545710,0.3292977,4.5194368,-0.9655601,-0.0584698,-9.8097591,-0.0367170,-0.6189670,0.3443913,-0.3387985,0.6192659
gait_20260919_223030_andrew_abnormal_rightleg_rightpocket_3,andrew_abnormal_rightleg_rightpocket_3,2514079867074694,2026-09-19T22:30:42.991414Z,-4.0280199,-5.3939867,-0.7121254,0.2711089,1.8378416,-1.0628855,0.1387547,-9.8088846,0.0514649,-0.6042926,0.3634720,-0.3732961,0.6028005
gait_20260919_223030_andrew_abnormal_rightleg_rightpocket_3,andrew_abnormal_rightleg_rightpocket_3,2514079887243679,2026-09-19T22:30:43.011395Z,-4.3679218,-6.9767785,-0.0294786,-0.6027381,-0.6181763,-0.3949140,0.3361588,-9.8037777,0.0952862,-0.6017196,0.3646872,-0.3882083,0.5951733
gait_20260919_223030_andrew_abnormal_rightleg_rightpocket_3,andrew_abnormal_rightleg_rightpocket_3,2514079907386665,2026-09-19T22:30:43.032110Z,-2.7362733,-9.0911579,1.7918355,-1.3277825,-2.6472213,0.2879793,0.3812078,-9.8023672,-0.0664098,-0.6113753,0.3598777,-0.3801488,0.5934604
gait_20260919_223030_andrew_abnormal_rightleg_rightpocket_3,andrew_abnormal_rightleg_rightpocket_3,2514079927580105,2026-09-19T22:30:43.051695Z,-1.3643957,-11.6102324,3.2400284,-1.3165745,-3.5438843,0.4931055,-0.0256077,-9.8089361,-0.1422452,-0.6169471,0.3557807,-0.3485926,0.6093271
gait_20260919_223030_andrew_abnormal_rightleg_rightpocket_3,andrew_abnormal_rightleg_rightpocket_3,2514079947749865,2026-09-19T22:30:43.071815Z,0.7998878,-12.1166811,2.6239703,-0.3978951,-0.8416051,0.2826667,-0.1471695,-9.8014555,-0.3820197,-0.6346557,0.3414782,-0.3187673,0.6156235
gait_20260919_223030_andrew_abnormal_rightleg_rightpocket_3,andrew_abnormal_rightleg_rightpocket_3,2514079967892646,2026-09-19T22:30:43.091892Z,0.8594436,-9.3929768,2.0917094,0.0620858,0.7127705,-0.2127536,-0.1911016,-9.7988720,-0.4262691,-0.6364316,0.3414715,-0.3145394,0.6159684
gait_20260919_223030_andrew_abnormal_rightleg_rightpocket_3,andrew_abnormal_rightleg_rightpocket_3,2514079988060818,2026-09-19T22:30:43.112134Z,0.5152023,-6.8623056,1.9137901,0.1361457,0.8532462,-0.3452188,-0.0303386,-9.8086166,-0.1619439,-0.6279581,0.3374636,-0.3296028,0.6189903
gait_20260919_223030_andrew_abnormal_rightleg_rightpocket_3,andrew_abnormal_rightleg_rightpocket_3,2514080008235826,2026-09-19T22:30:43.132329Z,-0.6015432,-6.9817915,1.0558430,0.2696600,1.1418750,-0.3631051,0.0432010,-9.8090601,-0.1287224,-0.6250838,0.3402895,-0.3381420,0.6157380
gait_20260919_223030_andrew_abnormal_rightleg_rightpocket_3,andrew_abnormal_rightleg_rightpocket_3,2514080028424832,2026-09-19T22:30:43.152527Z,-1.5676783,-9.4044247,0.7228993,0.2402825,0.8348769,-0.3621392,0.1181939,-9.8090410,-0.0697070,-0.6205626,0.3441359,-0.3486703,0.6122921
gait_20260919_223030_andrew_abnormal_rightleg_rightpocket_3,andrew_abnormal_rightleg_rightpocket_3,2514080048592800,2026-09-19T22:30:43.172685Z,-1.7565210,-12.1965876,0.5220108,0.3557940,0.6659563,-0.1541319,0.0926338,-9.8095427,0.0200688,-0.6144720,0.3484264,-0.3545655,0.6126227
gait_20260919_223030_andrew_abnormal_rightleg_rightpocket_3,andrew_abnormal_rightleg_rightpocket_3,2514080068759061,2026-09-19T22:30:43.193139Z,-0.8785972,-13.2777185,-0.3318962,0.5575727,0.5683644,0.1248543,0.1122050,-9.8088589,0.0991226,-0.6100876,0.3503494,-0.3605585,0.6124100
gait_20260919_223030_andrew_abnormal_rightleg_rightpocket_3,andrew_abnormal_rightleg_rightpocket_3,2514080088903551,2026-09-19T22:30:43.213711Z,0.7052420,-11.9606085,-1.0306290,0.3734971,0.2854479,0.3459682,0.0748678,-9.8073950,0.2133474,-0.6039504,0.3526713,-0.3647489,0.6146749
gait_20260919_223030_andrew_abnormal_rightleg_rightpocket_3,andrew_abnormal_rightleg_rightpocket_3,2514080109097480,2026-09-19T22:30:43.233268Z,1.4229040,-10.7781725,-1.3272855,0.0266129,0.2199981,0.3479500,-0.0002779,-9.8060942,0.2768452,-0.5997259,0.3552843,-0.3650576,0.6171182
gait_20260919_223030_andrew_abnormal_rightleg_rightpocket_3,andrew_abnormal_rightleg_rightpocket_3,2514080129265489,2026-09-19T22:30:43.253469Z,0.2388964,-10.7771244,-1.0470891,-0.2421311,-0.2096394,0.2126704,-0.0670142,-9.8060980,0.2684872,-0.5980779,0.3586472,-0.3640094,0.6173915
gait_20260919_223030_andrew_abnormal_rightleg_rightpocket_3,andrew_abnormal_rightleg_rightpocket_3,2514080149434476,2026-09-19T22:30:43.273582Z,-1.4997429,-11.3097601,-0.5482722,-0.3922827,-0.9118845,0.2532893,-0.1040044,-9.8071632,0.2118090,-0.6003466,0.3588814,-0.3598084,0.6175162
gait_20260919_223030_andrew_abnormal_rightleg_rightpocket_3,andrew_abnormal_rightleg_rightpocket_3,2514080169603014,2026-09-19T22:30:43.293706Z,-2.4466498,-12.3282681,0.5324106,-0.4799322,-1.4005268,0.5083604,-0.1556868,-9.8078814,0.1317612,-0.6056433,0.3556425,-0.3502859,0.6196890
gait_20260919_223030_andrew_abnormal_rightleg_rightpocket_3,andrew_abnormal_rightleg_rightpocket_3,2514080189770006,2026-09-19T22:30:43.313835Z,-2.4334815,-14.0027132,1.8721161,-0.4584820,-1.7404330,0.8571765,-0.2661094,-9.8063059,0.0408621,-0.6118198,0.3515478,-0.3358448,0.6239383
gait_20260919_223030_andrew_abnormal_rightleg_rightpocket_3,andrew_abnormal_rightleg_rightpocket_3,2514080209938585,2026-09-19T22:30:43.334006Z,-2.3383121,-14.6742115,2.3573909,-0.1870400,-1.6308836,1.1466713,-0.4490644,-9.7996645,-0.0324865,-0.6171679,0.3474779,-0.3174369,0.6305527
gait_20260919_223030_andrew_abnormal_rightleg_rightpocket_3,andrew_abnormal_rightleg_rightpocket_3,2514080230106107,2026-09-19T22:30:43.354239Z,-1.5210663,-14.3194962,2.1256022,0.2606669,-1.1337645,1.4034412,-0.6881632,-9.7857647,-0.0371228,-0.6186165,0.3452211,-0.2994688,0.6391045
gait_20260919_223030_andrew_abnormal_rightleg_rightpocket_3,andrew_abnormal_rightleg_rightpocket_3,2514080250275499,2026-09-19T22:30:43.374368Z,-0.1132757,-13.8333979,1.6338181,0.6766648,-0.4709558,1.5892155,-0.9741488,-9.7613916,0.0489470,-0.6142876,0.3465863,-0.2849210,0.6491140
gait_20260919_223030_andrew_abnormal_rightleg_rightpocket_3,andrew_abnormal_rightleg_rightpocket_3,2514080270443997,2026-09-19T22:30:43.394477Z,0.4991162,-13.1483574,0.5780501,0.9218602,0.2153683,1.6951177,-1.2905364,-9.7226048,0.2039398,-0.6046290,0.3521276,-0.2747926,0.6594839
gait_20260919_223030_andrew_abnormal_rightleg_rightpocket_3,andrew_abnormal_rightleg_rightpocket_3,2514080290637356,2026-09-19T22:30:43.414669Z,0.8694693,-12.8242426,-0.5282956,1.0476805,0.8671855,1.8376751,-1.6270002,-9.6666470,0.3806584,-0.5910962,0.3621755,-0.2689125,0.6686706
gait_20260919_223030_andrew_abnormal_rightleg_rightpocket_3,andrew_abnormal_rightleg_rightpocket_3,2514080310781074,2026-09-19T22:30:43.434933Z,1.3215245,-12.7704477,-1.2473043,1.1369288,0.8303970,1.9546022,-1.9971267,-9.5886450,0.5527075,-0.5743619,0.3767119,-0.2658888,0.6763874
gait_20260919_223030_andrew_abnormal_rightleg_rightpocket_3,andrew_abnormal_rightleg_rightpocket_3,2514080330950182,2026-09-19T22:30:43.454996Z,1.2592005,-12.7227135,-1.8296191,1.1234058,0.2233622,1.7918936,-2.3827753,-9.4874744,0.7391536,-0.5568774,0.3901204,-0.2613479,0.6851211
gait_20260919_223030_andrew_abnormal_rightleg_rightpocket_3,andrew_abnormal_rightleg_rightpocket_3,2514080351118762,2026-09-19T22:30:43.475126Z,0.1301847,-13.5782661,-2.1948843,0.8309633,-0.2761051,1.2460451,-2.7117124,-9.3805866,0.9419836,-0.5421507,0.3975460,-0.2543252,0.6952327
gait_20260919_223030_andrew_abnormal_rightleg_rightpocket_3,andrew_abnormal_rightleg_rightpocket_3,2514080371290270,2026-09-19T22:30:43.495316Z,-1.4568717,-14.1262388,-2.1454291,0.4525532,-0.3437366,0.6678216,-2.9159398,-9.3012438,1.1046607,-0.5331673,0.3992622,-0.2475796,0.7035814
gait_20260919_223030_andrew_abnormal_rightleg_rightpocket_3,andrew_abnormal_rightleg_rightpocket_3,2514080391430082,2026-09-19T22:30:43.515927Z,-2.0145712,-12.5346937,-1.7699884,-0.0642508,0.0018819,0.4290379,-3.0143788,-9.2590151,1.1917608,-0.5291039,0.3991061,-0.2432901,0.7082185
gait_20260919_223030_andrew_abnormal_rightleg_rightpocket_3,andrew_abnormal_rightleg_rightpocket_3,2514080411623766,2026-09-19T22:30:43.535761Z,-1.2056302,-9.7780695,-1.0240450,-0.6490693,0.1832429,0.4211939,-3.0905576,-9.2386808,1.1538410,-0.5286227,0.4021532,-0.2400522,0.7079590
gait_20260919_223030_andrew_abnormal_rightleg_rightpocket_3,andrew_abnormal_rightleg_rightpocket_3,2514080431767280,2026-09-19T22:30:43.556293Z,-0.3621978,-7.8674965,-0.4353706,-1.0087104,-0.1426407,0.1348300,-2.9129624,-9.3392487,0.7274615,-0.5470680,0.4046744,-0.2404395,0.6922023
gait_20260919_223030_andrew_abnormal_rightleg_rightpocket_3,andrew_abnormal_rightleg_rightpocket_3,2514080451961006,2026-09-19T22:30:43.576502Z,-0.4329016,-6.9717655,0.0903811,-1.0843357,-0.9307867,-0.4879761,-2.9188530,-9.3500290,0.5416300,-0.5548334,0.4058008,-0.2344298,0.6874070
gait_20260919_223030_andrew_abnormal_rightleg_rightpocket_3,andrew_abnormal_rightleg_rightpocket_3,2514080472159045,2026-09-19T22:30:43.596720Z,-1.2761843,-6.7732716,0.4614824,-0.9769514,-1.7152190,-1.0781072,-2.7918246,-9.3959045,0.3985158,-0.5673885,0.3973347,-0.2281515,0.6842092
gait_20260919_223030_andrew_abnormal_rightleg_rightpocket_3,andrew_abnormal_rightleg_rightpocket_3,2514080492298408,2026-09-19T22:30:43.616852Z,-2.2283285,-7.2363248,0.3919757,-0.7991377,-2.1264873,-1.4205614,-2.5543253,-9.4662933,0.3175138,-0.5827416,0.3799207,-0.2218459,0.6832693
gait_20260919_223030_andrew_abnormal_rightleg_rightpocket_3,andrew_abnormal_rightleg_rightpocket_3,2514080512466825,2026-09-19T22:30:43.637601Z,-3.4961331,-8.0067339,0.2088941,-0.5549580,-1.8083643,-1.5523105,-2.2598102,-9.5421467,0.2771130,-0.5981581,0.3580287,-0.2163630,0.6835271
gait_20260919_223030_andrew_abnormal_rightleg_rightpocket_3,andrew_abnormal_rightleg_rightpocket_3,2514080532609647,2026-09-19T22:30:43.657348Z,-4.5910316,-8.5351048,0.3803788,-0.3010693,-0.7656466,-1.5292947,-1.9495168,-9.6110382,0.2518840,-0.6107594,0.3379801,-0.2150595,0.6830020
gait_20260919_223030_andrew_abnormal_rightleg_rightpocket_3,andrew_abnormal_rightleg_rightpocket_3,2514080552803616,2026-09-19T22:30:43.677276Z,-4.9609356,-8.3728971,0.3523965,-0.1416248,0.5392202,-1.4177136,-2.0244584,-9.5957623,0.2429542,-0.6116689,0.3370372,-0.2084627,0.6846973
gait_20260919_223030_andrew_abnormal_rightleg_rightpocket_3,andrew_abnormal_rightleg_rightpocket_3,2514080572971016,2026-09-19T22:30:43.697421Z,-4.8936734,-7.8562737,0.0077812,-0.0692802,1.6512846,-1.2804189,-2.2082613,-9.5558090,0.2149483,-0.6066342,0.3481347,-0.2070056,0.6840656
gait_20260919_223030_andrew_abnormal_rightleg_rightpocket_3,andrew_abnormal_rightleg_rightpocket_3,2514080593118028,2026-09-19T22:30:43.717191Z,-5.0858831,-7.2892966,-0.1235258,-0.0854678,2.2342379,-1.1521338,-1.9970527,-9.6037560,0.1255216,-0.6070033,0.3540024,-0.2257915,0.6747205
gait_20260919_223030_andrew_abnormal_rightleg_rightpocket_3,andrew_abnormal_rightleg_rightpocket_3,2514080613283597,2026-09-19T22:30:43.737638Z,-5.0866313,-6.8611088,-0.4817583,-0.2407822,2.1617103,-0.9716554,-1.7854435,-9.6461372,0.0189654,-0.6061279,0.3630608,-0.2470711,0.6631377
gait_20260919_223030_andrew_abnormal_rightleg_rightpocket_3,andrew_abnormal_rightleg_rightpocket_3,2514080633477200,2026-09-19T22:30:43.757739Z,-4.6637554,-7.2055745,-0.2183213,-0.5907140,1.2859479,-0.6870402,-1.6047287,-9.6772518,-0.1085004,-0.6056916,0.3726713,-0.2655122,0.6509664
gait_20260919_223030_andrew_abnormal_rightleg_rightpocket_3,andrew_abnormal_rightleg_rightpocket_3,2514080653644762,2026-09-19T22:30:43.778108Z,-3.8906527,-7.7771153,0.4409072,-0.8356430,0.2470107,-0.2961564,-1.4816332,-9.6936779,-0.2711184,-0.6091695,0.3781089,-0.2739438,0.6410158
gait_20260919_223030_andrew_abnormal_rightleg_rightpocket_3,andrew_abnormal_rightleg_rightpocket_3,2514080673789619,2026-09-19T22:30:43.798248Z,-2.8586020,-8.3813524,0.8151509,-0.7358361,-0.5477969,0.0078273,-1.4394724,-9.6937914,-0.4409631,-0.6143748,0.3812887,-0.2741450,0.6340402
gait_20260919_223030_andrew_abnormal_rightleg_rightpocket_3,andrew_abnormal_rightleg_rightpocket_3,2514080693958117,2026-09-19T22:30:43.818179Z,-1.8517654,-8.8785973,1.5099931,-0.3429039,-1.2018957,0.0726443,-1.4585451,-9.6850796,-0.5549932,-0.6194183,0.3809269,-0.2685785,0.6317289
gait_20260919_223030_andrew_abnormal_rightleg_rightpocket_3,andrew_abnormal_rightleg_rightpocket_3,2514080714126899,2026-09-19T22:30:43.838403Z,-1.2033856,-9.3154650,1.4787189,0.1397429,-1.3648875,-0.0621191,-1.4899606,-9.6803503,-0.5540506,-0.6227736,0.3755669,-0.2610058,0.6348059
gait_20260919_223030_andrew_abnormal_rightleg_rightpocket_3,andrew_abnormal_rightleg_rightpocket_3,2514080734294176,2026-09-19T22:30:43.858361Z,-0.4724059,-9.5525656,0.9615713,0.4618961,-0.8912171,-0.1749826,-1.4793833,-9.6897593,-0.3951303,-0.6220642,0.3661636,-0.2571894,0.6425060
gait_20260919_223030_andrew_abnormal_rightleg_rightpocket_3,andrew_abnormal_rightleg_rightpocket_3,2514080754492540,2026-09-19T22:30:43.878387Z,0.1967735,-9.6557407,0.5640590,0.4869935,-0.0424175,-0.2646139,-1.3860019,-9.7097139,-0.1912104,-0.6194423,0.3564276,-0.2598045,0.6494245
gait_20260919_223030_andrew_abnormal_rightleg_rightpocket_3,andrew_abnormal_rightleg_rightpocket_3,2514080774632230,2026-09-19T22:30:43.899257Z,0.2306664,-9.9031668,-0.1238999,0.2885123,0.7050264,-0.4034575,-1.1988400,-9.7363796,-0.0425250,-0.6168539,0.3501582,-0.2704192,0.6509638
gait_20260919_223030_andrew_abnormal_rightleg_rightpocket_3,andrew_abnormal_rightleg_rightpocket_3,2514080794826647,2026-09-19T22:30:43.919098Z,-0.1885434,-10.2510738,-0.7197569,0.1252707,0.9204280,-0.5104588,-1.0154833,-9.7572794,-0.0209640,-0.6157414,0.3503772,-0.2834252,0.6463502
gait_20260919_223030_andrew_abnormal_rightleg_rightpocket_3,andrew_abnormal_rightleg_rightpocket_3,2514080814995430,2026-09-19T22:30:43.939134Z,-0.4586393,-10.1431103,-0.9927707,0.2173168,0.6051196,-0.5738769,-0.9106998,-9.7676220,-0.0177065,-0.6140141,0.3531733,-0.2933811,0.6420147
gait_20260919_223030_andrew_abnormal_rightleg_rightpocket_3,andrew_abnormal_rightleg_rightpocket_3,2514080835163846,2026-09-19T22:30:43.959170Z,-0.8620623,-9.8907461,-1.2961609,0.3965128,0.1145122,-0.6170771,-0.7946258,-9.7777443,0.0204927,-0.6127362,0.3526405,-0.3017282,0.6396556
gait_20260919_223030_andrew_abnormal_rightleg_rightpocket_3,andrew_abnormal_rightleg_rightpocket_3,2514080855306302,2026-09-19T22:30:43.979344Z,-1.0473884,-9.6763906,-1.5685762,0.3339108,-0.0011158,-0.5764749,-0.6820508,-9.7862215,0.0282824,-0.6135759,0.3498145,-0.3067997,0.6379877
gait_20260919_223030_andrew_abnormal_rightleg_rightpocket_3,andrew_abnormal_rightleg_rightpocket_3,2514080875499702,2026-09-19T22:30:43.999520Z,-1.2215666,-9.6908302,-1.5774049,0.0914799,-0.0088432,-0.5080773,-0.6282357,-9.7892122,-0.1129121,-0.6178727,0.3524637,-0.3080939,0.6317285
gait_20260919_223030_andrew_abnormal_rightleg_rightpocket_3,andrew_abnormal_rightleg_rightpocket_3,2514080895668973,2026-09-19T22:30:44.019618Z,-1.3614030,-9.7001085,-1.4080899,-0.1456551,-0.2706093,-0.3852215,-0.5931182,-9.7891645,-0.2379180,-0.6213900,0.3553286,-0.3089665,0.6262234
gait_20260919_223030_andrew_abnormal_rightleg_rightpocket_3,andrew_abnormal_rightleg_rightpocket_3,2514080915864041,2026-09-19T22:30:44.039902Z,-1.2306945,-9.5878048,-0.8601170,-0.3128936,-0.7868137,-0.2147188,-0.5940958,-9.7851324,-0.3665357,-0.6256511,0.3571461,-0.3063951,0.6221973
gait_20260919_223030_andrew_abnormal_rightleg_rightpocket_3,andrew_abnormal_rightleg_rightpocket_3,2514080936005684,2026-09-19T22:30:44.059960Z,-1.0897359,-9.2476044,-0.4070143,-0.3900178,-1.1007231,-0.0771575,-0.5661380,-9.7844725,-0.4239436,-0.6302664,0.3531875,-0.3023719,0.6217669
gait_20260919_223030_andrew_abnormal_rightleg_rightpocket_3,andrew_abnormal_rightleg_rightpocket_3,2514080956173286,2026-09-19T22:30:44.080220Z,-1.4069676,-9.0707321,-0.2807201,-0.3821738,-0.9652770,-0.0051794,-0.5657974,-9.7814178,-0.4897476,-0.6354850,0.3486445,-0.2957990,0.6221807
gait_20260919_223030_andrew_abnormal_rightleg_rightpocket_3,andrew_abnormal_rightleg_rightpocket_3,2514080976358671,2026-09-19T22:30:44.100359Z,-1.6436943,-9.0009260,-0.5472247,-0.3349267,-0.6624257,0.0500117,-0.5768200,-9.7773638,-0.5536799,-0.6396434,0.3457992,-0.2902899,0.6221021
gait_20260919_223030_andrew_abnormal_rightleg_rightpocket_3,andrew_abnormal_rightleg_rightpocket_3,2514080996484769,2026-09-19T22:30:44.120647Z,-1.3762170,-9.0121489,-0.8584710,-0.2608501,-0.5424677,0.1064185,-0.5966985,-9.7728071,-0.6101634,-0.6423452,0.3450528,-0.2865334,0.6214740
gait_20260919_223030_andrew_abnormal_rightleg_rightpocket_3,andrew_abnormal_rightleg_rightpocket_3,2514081016678047,2026-09-19T22:30:44.140721Z,-0.8096891,-9.2559834,-1.1121815,-0.1807615,-0.4944211,0.1518170,-0.6264046,-9.7682295,-0.6522581,-0.6440949,0.3450004,-0.2832944,0.6211768
gait_20260919_223030_andrew_abnormal_rightleg_rightpocket_3,andrew_abnormal_rightleg_rightpocket_3,2514081036850166,2026-09-19T22:30:44.160943Z,-0.2335843,-9.4879217,-1.3622259,-0.1129967,-0.3710823,0.1840589,-0.6643645,-9.7639265,-0.6785787,-0.6452253,0.3449131,-0.2799906,0.6215502
gait_20260919_223030_andrew_abnormal_rightleg_rightpocket_3,andrew_abnormal_rightleg_rightpocket_3,2514081056990425,2026-09-19T22:30:44.181557Z,0.2765303,-9.5736647,-1.4116063,-0.0691970,-0.2256104,0.1998135,-0.7059215,-9.7598858,-0.6945767,-0.6454067,0.3458360,-0.2777590,0.6218501
gait_20260919_223030_andrew_abnormal_rightleg_rightpocket_3,andrew_abnormal_rightleg_rightpocket_3,2514081077184110,2026-09-19T22:30:44.201607Z,0.7042694,-9.5081234,-1.6091280,-0.0003997,-0.0583220,0.1888053,-0.7207629,-9.7567072,-0.7233673,-0.6457385,0.3471403,-0.2770343,0.6211018
gait_20260919_223030_andrew_abnormal_rightleg_rightpocket_3,andrew_abnormal_rightleg_rightpocket_3,2514081097351835,2026-09-19T22:30:44.221899Z,0.9194483,-9.5642376,-2.2599020,0.0282450,0.1222563,0.1499684,-0.6581217,-9.7564735,-0.7837105,-0.6472730,0.3483605,-0.2801210,0.6174260
gait_20260919_223030_andrew_abnormal_rightleg_rightpocket_3,andrew_abnormal_rightleg_rightpocket_3,2514081117521227,2026-09-19T22:30:44.242318Z,1.1307366,-9.5316162,-2.1050270,-0.0302601,0.1371616,0.0985078,-0.5216874,-9.7519379,-0.9293460,-0.6516183,0.3503425,-0.2855881,0.6091742
gait_20260919_223030_andrew_abnormal_rightleg_rightpocket_3,andrew_abnormal_rightleg_rightpocket_3,2514081137690376,2026-09-19T22:30:44.261817Z,0.9868600,-9.2190981,-1.7049708,-0.0075276,-0.1280685,0.0658495,-0.3369739,-9.7449942,-1.0759333,-0.6568218,0.3508152,-0.2924063,0.6000103
gait_20260919_223030_andrew_abnormal_rightleg_rightpocket_3,andrew_abnormal_rightleg_rightpocket_3,2514081157857734,2026-09-19T22:30:44.282565Z,0.7526771,-8.5158758,-1.8228105,0.0071945,-0.1721514,0.1097825,-0.3346505,-9.7441816,-1.0840118,-0.6566288,0.3516704,-0.2931977,0.5993344
gait_20260919_223030_andrew_abnormal_rightleg_rightpocket_3,andrew_abnormal_rightleg_rightpocket_3,2514081178025541,2026-09-19T22:30:44.302363Z,0.5297171,-7.9671550,-1.5292963,-0.0293275,-0.0236985,0.1231057,-0.3610413,-9.7434120,-1.0824478,-0.6556505,0.3533011,-0.2932982,0.5993972
gait_20260919_223030_andrew_abnormal_rightleg_rightpocket_3,andrew_abnormal_rightleg_rightpocket_3,2514081198195096,2026-09-19T22:30:44.324680Z,0.0069581,-7.7040172,-1.2309190,0.0799221,0.1061020,0.1405257,-0.3847913,-9.7418385,-1.0884101,-0.6544712,0.3558458,-0.2941307,0.5987725
gait_20260919_223030_andrew_abnormal_rightleg_rightpocket_3,andrew_abnormal_rightleg_rightpocket_3,2514081218362658,2026-09-19T22:30:44.342505Z,0.3966145,-7.9162784,-1.7623569,0.2921928,0.2233455,0.1327483,-0.4105441,-9.7430468,-1.0679969,-0.6519272,0.3589754,-0.2962397,0.5986398
gait_20260919_223030_andrew_abnormal_rightleg_rightpocket_3,andrew_abnormal_rightleg_rightpocket_3,2514081238507596,2026-09-19T22:30:44.363227Z,1.5791256,-8.8322849,-1.4131776,0.4930055,0.3019353,-0.0602372,-0.4284688,-9.7489405,-1.0053241,-0.6478165,0.3618967,-0.3000239,0.5994584
gait_20260919_223030_andrew_abnormal_rightleg_rightpocket_3,andrew_abnormal_rightleg_rightpocket_3,2514081258699776,2026-09-19T22:30:44.382716Z,2.1709423,-9.7740288,2.3007531,0.6022552,0.2675283,-0.5219167,-0.3967997,-9.7601023,-0.9050180,-0.6431913,0.3630122,-0.3064687,0.6005033
gait_20260919_223030_andrew_abnormal_rightleg_rightpocket_3,andrew_abnormal_rightleg_rightpocket_3,2514081278869046,2026-09-19T22:30:44.403619Z,-0.7717559,-10.7083664,3.6614077,0.6130802,0.6276690,-1.1195588,-0.2445186,-9.7775469,-0.7588909,-0.6393398,0.3595084,-0.3175187,0.6009827
gait_20260919_223030_andrew_abnormal_rightleg_rightpocket_3,andrew_abnormal_rightleg_rightpocket_3,2514081299016345,2026-09-19T22:30:44.423130Z,-4.0545058,-9.7559233,0.7384616,0.4889919,0.2503748,-1.0108087,0.0007101,-9.7891665,-0.6390165,-0.6369510,0.3551640,-0.3326568,0.5979059
gait_20260919_223030_andrew_abnormal_rightleg_rightpocket_3,andrew_abnormal_rightleg_rightpocket_3,2514081319205472,2026-09-19T22:30:44.443931Z,-3.1701474,-7.3012676,-1.9421465,-0.1247044,3.0203521,-0.5704462,0.1862812,-9.7928238,-0.5495570,-0.6355684,0.3511323,-0.3434200,0.5956692
gait_20260919_223030_andrew_abnormal_rightleg_rightpocket_3,andrew_abnormal_rightleg_rightpocket_3,2514081339374337,2026-09-19T22:30:44.463544Z,-4.0113354,-6.0990043,-2.5810990,-0.1461880,3.9003112,-0.5474471,0.3252219,-9.7874832,-0.5792241,-0.6251631,0.3713384,-0.3695963,0.5785131
gait_20260919_223030_andrew_abnormal_rightleg_rightpocket_3,andrew_abnormal_rightleg_rightpocket_3,2514081359541613,2026-09-19T22:30:44.486949Z,-5.2281885,-6.9000144,-2.5570073,0.1587783,0.7914268,-0.4907406,0.4755573,-9.7819834,-0.5681149,-0.6123042,0.3914030,-0.3973055,0.5603889
gait_20260919_223030_andrew_abnormal_rightleg_rightpocket_3,andrew_abnormal_rightleg_rightpocket_3,2514081379713204,2026-09-19T22:30:44.504377Z,-2.4372225,-8.4453220,0.3505261,-0.8209709,-0.7884125,-0.1244879,0.5594938,-9.7787600,-0.5467615,-0.6114035,0.3913394,-0.4030467,0.5573085
gait_20260919_223030_andrew_abnormal_rightleg_rightpocket_3,andrew_abnormal_rightleg_rightpocket_3,2514081399879504,2026-09-19T22:30:44.524174Z,0.3100491,-9.7076645,3.1947629,-1.1698703,-0.2318557,0.0292276,0.5584910,-9.7651834,-0.7519333,-0.6197154,0.3915306,-0.3954635,0.5534124
gait_20260919_223030_andrew_abnormal_rightleg_rightpocket_3,andrew_abnormal_rightleg_rightpocket_3,2514081420047310,2026-09-19T22:30:44.544598Z,0.5562778,-9.3643217,3.9354692,-0.6287848,0.7386506,-0.0471639,0.5481373,-9.7506914,-0.9271995,-0.6235043,0.3968956,-0.3931203,0.5469669
gait_20260919_223030_andrew_abnormal_rightleg_rightpocket_3,andrew_abnormal_rightleg_rightpocket_3,2514081440194730,2026-09-19T22:30:44.564309Z,0.2671031,-9.7368441,3.5026422,0.0856011,0.6402594,-0.0989575,0.5793253,-9.7489529,-0.9265206,-0.6193923,0.4032918,-0.4006075,0.5415003
gait_20260919_223030_andrew_abnormal_rightleg_rightpocket_3,andrew_abnormal_rightleg_rightpocket_3,2514081460386339,2026-09-19T22:30:44.584443Z,0.1692401,-11.0068932,2.2263083,0.6322488,0.5742599,-0.0306598,0.6087069,-9.7541504,-0.8497759,-0.6143020,0.4061781,-0.4078587,0.5397257
gait_20260919_223030_andrew_abnormal_rightleg_rightpocket_3,andrew_abnormal_rightleg_rightpocket_3,2514081480553983,2026-09-19T22:30:44.604639Z,-0.0031424,-11.7190189,1.0359411,0.8537124,1.2662131,0.1140293,0.6204163,-9.7653971,-0.6987230,-0.6066737,0.4080793,-0.4162476,0.5405148
gait_20260919_223030_andrew_abnormal_rightleg_rightpocket_3,andrew_abnormal_rightleg_rightpocket_3,2514081500722114,2026-09-19T22:30:44.624831Z,0.0148141,-11.9603844,0.4063409,0.6340308,1.4359163,0.2689106,0.6085958,-9.7777853,-0.5105187,-0.5944218,0.4142223,-0.4288078,0.5396355
gait_20260919_223030_andrew_abnormal_rightleg_rightpocket_3,andrew_abnormal_rightleg_rightpocket_3,2514081520892810,2026-09-19T22:30:44.645740Z,0.5979519,-11.8117943,-0.1194856,0.3803086,1.4245750,0.4992341,0.5614932,-9.7866049,-0.3784353,-0.5826564,0.4226478,-0.4394856,0.5373387
gait_20260919_223030_andrew_abnormal_rightleg_rightpocket_3,andrew_abnormal_rightleg_rightpocket_3,2514081541037096,2026-09-19T22:30:44.666142Z,1.4288146,-11.5381069,-0.8864532,0.3816908,0.9656600,0.7298907,0.4629122,-9.7946510,-0.2943436,-0.5710451,0.4332096,-0.4475690,0.5347140
gait_20260919_223030_andrew_abnormal_rightleg_rightpocket_3,andrew_abnormal_rightleg_rightpocket_3,2514081561226957,2026-09-19T22:30:44.686391Z,1.6754923,-11.4136086,-1.4347254,0.1238551,-0.1195584,0.6794460,0.3176738,-9.8025103,-0.2144525,-0.5609699,0.4415211,-0.4510707,0.5356371
gait_20260919_223030_andrew_abnormal_rightleg_rightpocket_3,andrew_abnormal_rightleg_rightpocket_3,2514081581418973,2026-09-19T22:30:44.706282Z,0.0965163,-11.8739681,-0.5782745,-0.3796091,-0.7679449,0.5341240,0.1871825,-9.8060484,-0.2061512,-0.5580102,0.4447091,-0.4474468,0.5391194
gait_20260919_223030_andrew_abnormal_rightleg_rightpocket_3,andrew_abnormal_rightleg_rightpocket_3,2514081601564725,2026-09-19T22:30:44.725712Z,-1.0013748,-12.8350906,0.5712416,-0.6895383,-1.3149756,0.5537090,0.0804871,-9.8050575,-0.3008515,-0.5608756,0.4464574,-0.4391576,0.5415117
gait_20260919_223030_andrew_abnormal_rightleg_rightpocket_3,andrew_abnormal_rightleg_rightpocket_3,2514081621707873,2026-09-19T22:30:44.746319Z,-1.6261867,-14.0627174,1.5293711,-0.6917199,-1.8125777,0.6580790,-0.0421271,-9.7997875,-0.4455573,-0.5672399,0.4466146,-0.4262792,0.5450324
gait_20260919_223030_andrew_abnormal_rightleg_rightpocket_3,andrew_abnormal_rightleg_rightpocket_3,2514081641901599,2026-09-19T22:30:44.766037Z,-2.1086931,-14.9337587,2.1499932,-0.3883191,-1.6253878,0.8279656,-0.1965026,-9.7912931,-0.5727693,-0.5743943,0.4446746,-0.4104242,0.5512602
gait_20260919_223030_andrew_abnormal_rightleg_rightpocket_3,andrew_abnormal_rightleg_rightpocket_3,2514081662069689,2026-09-19T22:30:44.786898Z,-2.3416040,-14.3228626,1.8653076,-0.0072944,-1.1139630,1.1209244,-0.3870696,-9.7823467,-0.6260754,-0.5775018,0.4436659,-0.3965003,0.5589632
gait_20260919_223030_andrew_abnormal_rightleg_rightpocket_3,andrew_abnormal_rightleg_rightpocket_3,2514081682215401,2026-09-19T22:30:44.806369Z,-1.7618332,-13.2943287,1.1789947,0.2830331,-0.6739169,1.4893920,-0.6337543,-9.7709341,-0.6027649,-0.5747352,0.4458719,-0.3855414,0.5676580
gait_20260919_223030_andrew_abnormal_rightleg_rightpocket_3,andrew_abnormal_rightleg_rightpocket_3,2514081702408068,2026-09-19T22:30:44.827312Z,-1.0921301,-12.4159555,0.5877017,0.4255739,-0.4083204,1.7544556,-0.9472700,-9.7498798,-0.5278785,-0.5669693,0.4514506,-0.3760344,0.5773529
gait_20260919_223030_andrew_abnormal_rightleg_rightpocket_3,andrew_abnormal_rightleg_rightpocket_3,2514081722549670,2026-09-19T22:30:44.847484Z,-0.5844097,-11.8118687,0.2581997,0.4938216,-0.3685343,1.9303541,-1.3034773,-9.7134447,-0.4313784,-0.5563484,0.4590979,-0.3669103,0.5874371
gait_20260919_223030_andrew_abnormal_rightleg_rightpocket_3,andrew_abnormal_rightleg_rightpocket_3,2514081742743599,2026-09-19T22:30:44.867562Z,-0.0066589,-11.5417728,0.1154454,0.5504116,-0.4850616,2.0357566,-1.6889641,-9.6581821,-0.3209706,-0.5444562,0.4671069,-0.3568923,0.5983365
gait_20260919_223030_andrew_abnormal_rightleg_rightpocket_3,andrew_abnormal_rightleg_rightpocket_3,2514081762885974,2026-09-19T22:30:44.887738Z,0.6322189,-11.4013386,0.2486229,0.6580790,-0.7505582,2.0765753,-2.0887637,-9.5831337,-0.1916565,-0.5320824,0.4742110,-0.3456585,0.6103545
gait_20260919_223030_andrew_abnormal_rightleg_rightpocket_3,andrew_abnormal_rightleg_rightpocket_3,2514081783081571,2026-09-19T22:30:44.907387Z,0.9261072,-11.2216978,0.3801543,0.9067718,-0.9314196,1.9786671,-2.4882855,-9.4891558,-0.0220002,-0.5195326,0.4789459,-0.3332351,0.6242204
gait_20260919_223030_andrew_abnormal_rightleg_rightpocket_3,andrew_abnormal_rightleg_rightpocket_3,2514081803249906,2026-09-19T22:30:44.927334Z,1.1385177,-10.4993973,0.0986112,1.1779640,-0.8863541,1.7014961,-2.8556602,-9.3827705,0.2120031,-0.5061858,0.4807489,-0.3219039,0.6395580
gait_20260919_223030_andrew_abnormal_rightleg_rightpocket_3,andrew_abnormal_rightleg_rightpocket_3,2514081823420845,2026-09-19T22:30:44.947728Z,0.7810335,-10.7758532,-0.6148610,1.2970561,-0.4693237,1.1350968,-3.1471105,-9.2783718,0.4935857,-0.4921739,0.4803130,-0.3146592,0.6542584
gait_20260919_223030_andrew_abnormal_rightleg_rightpocket_3,andrew_abnormal_rightleg_rightpocket_3,2514081843585152,2026-09-19T22:30:44.968184Z,-0.5897218,-10.9263887,-1.9662381,1.1595448,0.4577992,0.3921495,-3.3287523,-9.1967373,0.7586581,-0.4787811,0.4797323,-0.3139997,0.6648533
gait_20260919_223030_andrew_abnormal_rightleg_rightpocket_3,andrew_abnormal_rightleg_rightpocket_3,2514081863754219,2026-09-19T22:30:44.987854Z,-1.7316064,-9.7716351,-4.1688290,0.7675452,2.0525105,-0.2988710,-3.3856421,-9.1614399,0.9173709,-0.4668074,0.4830144,-0.3225876,0.6668772
gait_20260919_223030_andrew_abnormal_rightleg_rightpocket_3,andrew_abnormal_rightleg_rightpocket_3,2514081883901233,2026-09-19T22:30:45.008084Z,-2.0516064,-8.5166245,-4.8944964,0.0812211,2.6785142,-0.8764284,-3.3492408,-9.1785908,0.8787372,-0.4557315,0.4953677,-0.3408837,0.6562910
gait_20260919_223030_andrew_abnormal_rightleg_rightpocket_3,andrew_abnormal_rightleg_rightpocket_3,2514081904091174,2026-09-19T22:30:45.029006Z,-2.2004957,-7.8131032,-3.6895397,-0.4197117,1.4220769,-1.2955239,-3.1750734,-9.2742462,0.3786704,-0.4592864,0.5169935,-0.3557898,0.6286393
gait_20260919_223030_andrew_abnormal_rightleg_rightpocket_3,andrew_abnormal_rightleg_rightpocket_3,2514081924261137,2026-09-19T22:30:45.049230Z,-1.8387469,-7.7846718,-2.1514146,-0.8658365,0.1031210,-1.3561941,-2.9282928,-9.3604803,0.2065354,-0.4641074,0.5210898,-0.3685466,0.6142013
gait_20260919_223030_andrew_abnormal_rightleg_rightpocket_3,andrew_abnormal_rightleg_rightpocket_3,2514081944427640,2026-09-19T22:30:45.069545Z,-1.8422633,-8.1964750,-1.4015807,-1.2764219,-0.3359759,-1.4248915,-2.6697373,-9.4396877,0.0301009,-0.4760974,0.5188377,-0.3731523,0.6040662
gait_20260919_223030_andrew_abnormal_rightleg_rightpocket_3,andrew_abnormal_rightleg_rightpocket_3,2514081964576485,2026-09-19T22:30:45.088978Z,-2.5971103,-8.7809591,-0.7523031,-1.5050967,0.0181528,-1.5952609,-2.3936779,-9.5111856,-0.2092146,-0.4918815,0.5158111,-0.3746329,0.5929939
gait_20260919_223030_andrew_abnormal_rightleg_rightpocket_3,andrew_abnormal_rightleg_rightpocket_3,2514081984765612,2026-09-19T22:30:45.108819Z,-3.2983122,-9.4498396,0.0600795,-1.5127407,0.6211074,-1.6681384,-2.0798390,-9.5734529,-0.5093130,-0.5075269,0.5154257,-0.3785309,0.5774662
gait_20260919_223030_andrew_abnormal_rightleg_rightpocket_3,andrew_abnormal_rightleg_rightpocket_3,2514082004934477,2026-09-19T22:30:45.129209Z,-3.6679919,-10.2108212,0.7589619,-1.4184464,0.9238254,-1.5576230,-1.8510846,-9.6030283,-0.7690644,-0.5173010,0.5188758,-0.3838766,0.5619665
gait_20260919_223030_andrew_abnormal_rightleg_rightpocket_3,andrew_abnormal_rightleg_rightpocket_3,2514082025100533,2026-09-19T22:30:45.150348Z,-3.9136219,-10.3929300,1.1807903,-1.2849320,0.9388806,-1.3355099,-1.5380410,-9.6292086,-1.0718689,-0.5279053,0.5229992,-0.3916463,0.5425874
gait_20260919_223030_andrew_abnormal_rightleg_rightpocket_3,andrew_abnormal_rightleg_rightpocket_3,2514082045270984,2026-09-19T22:30:45.170039Z,-4.4119902,-10.0014782,1.7261446,-1.1418916,0.6509845,-1.1898216,-1.2650318,-9.6351595,-1.3414531,-0.5364394,0.5273826,-0.3983613,0.5247939
gait_20260919_223030_andrew_abnormal_rightleg_rightpocket_3,andrew_abnormal_rightleg_rightpocket_3,2514082065466052,2026-09-19T22:30:45.189524Z,-4.8466125,-8.9695778,2.3778913,-0.7865472,0.2145523,-1.0762752,-1.0237182,-9.6296959,-1.5675175,-0.5446180,0.5298773,-0.4031001,0.5100310
gait_20260919_223030_andrew_abnormal_rightleg_rightpocket_3,andrew_abnormal_rightleg_rightpocket_3,2514082085585681,2026-09-19T22:30:45.209975Z,-4.9081883,-7.8469963,2.8125885,-0.1620925,0.1164608,-0.9012927,-0.8321578,-9.6275148,-1.6895512,-0.5510700,0.5290746,-0.4069064,0.5008284
gait_20260919_223030_andrew_abnormal_rightleg_rightpocket_3,andrew_abnormal_rightleg_rightpocket_3,2514082105775704,2026-09-19T22:30:45.229933Z,-3.7705684,-7.2179942,2.2161329,0.4436101,0.5851516,-0.6398597,-1.0895337,-9.6631403,-1.2933503,-0.5364562,0.5260108,-0.4117964,0.5157046
gait_20260919_223030_andrew_abnormal_rightleg_rightpocket_3,andrew_abnormal_rightleg_rightpocket_3,2514082125944080,2026-09-19T22:30:45.250696Z,-2.1186440,-7.4619036,1.0161141,0.7631985,0.9690574,-0.5807217,-0.9574445,-9.6892366,-1.1992096,-0.5326056,0.5253004,-0.4226700,0.5116061
gait_20260919_223030_andrew_abnormal_rightleg_rightpocket_3,andrew_abnormal_rightleg_rightpocket_3,2514082146113106,2026-09-19T22:30:45.270882Z,-1.6824504,-8.6633444,-0.1568950,0.8492326,0.8811747,-0.6996139,-0.8207113,-9.7182159,-1.0577573,-0.5259371,0.5250584,-0.4365084,0.5071136
gait_20260919_223030_andrew_abnormal_rightleg_rightpocket_3,andrew_abnormal_rightleg_rightpocket_3,2514082166281482,2026-09-19T22:30:45.290975Z,-1.2813468,-9.5509195,-0.9535657,0.7360526,0.5298274,-0.6609435,-0.6647114,-9.7457333,-0.9027423,-0.5203239,0.5230426,-0.4502780,0.5029307
gait_20260919_223030_andrew_abnormal_rightleg_rightpocket_3,andrew_abnormal_rightleg_rightpocket_3,2514082186450020,2026-09-19T22:30:45.310538Z,-0.7927052,-9.9972134,-0.8589199,0.5099925,0.1627919,-0.5229659,-0.5313751,-9.7652864,-0.7700292,-0.5167699,0.5200726,-0.4607390,0.5001929
gait_20260919_223030_andrew_abnormal_rightleg_rightpocket_3,andrew_abnormal_rightleg_rightpocket_3,2514082206617623,2026-09-19T22:30:45.330721Z,-0.5701193,-10.0207071,-0.1543512,0.3639544,-0.1169604,-0.4552678,-0.4316564,-9.7769804,-0.6785653,-0.5153942,0.5169440,-0.4673232,0.4987454
gait_20260919_223030_andrew_abnormal_rightleg_rightpocket_3,andrew_abnormal_rightleg_rightpocket_3,2514082226787504,2026-09-19T22:30:45.350826Z,-0.7040449,-9.7008562,0.3400515,0.3711489,-0.2986212,-0.4563336,-0.3455697,-9.7849846,-0.6089028,-0.5155815,0.5133346,-0.4716415,0.4982145
gait_20260919_223030_andrew_abnormal_rightleg_rightpocket_3,andrew_abnormal_rightleg_rightpocket_3,2514082246933134,2026-09-19T22:30:45.370913Z,-0.5945850,-9.2743139,-0.2115876,0.4143158,-0.2894948,-0.4290712,-0.2627761,-9.7923822,-0.5256782,-0.5160596,0.5087169,-0.4754744,0.4988123
gait_20260919_223030_andrew_abnormal_rightleg_rightpocket_3,andrew_abnormal_rightleg_rightpocket_3,2514082267123604,2026-09-19T22:30:45.391938Z,-0.2269254,-8.8963299,-1.2835165,0.2952404,-0.2935750,-0.3679014,-0.1823124,-9.7983065,-0.4427863,-0.5163419,0.5042956,-0.4793578,0.4992926
gait_20260919_223030_andrew_abnormal_rightleg_rightpocket_3,andrew_abnormal_rightleg_rightpocket_3,2514082287292753,2026-09-19T22:30:45.412156Z,0.4670190,-8.9262571,-2.0929065,0.0539087,-0.4121841,-0.3018354,-0.1146465,-9.8015728,-0.3900929,-0.5170935,0.5008923,-0.4820757,0.4993237
gait_20260919_223030_andrew_abnormal_rightleg_rightpocket_3,andrew_abnormal_rightleg_rightpocket_3,2514082307462797,2026-09-19T22:30:45.431907Z,1.0265888,-9.3134441,-1.7540520,-0.1597276,-0.7601842,-0.2766047,-0.0574100,-9.8017302,-0.3986006,-0.5198597,0.4985112,-0.4821715,0.4987415
gait_20260919_223030_andrew_abnormal_rightleg_rightpocket_3,andrew_abnormal_rightleg_rightpocket_3,2514082327628650,2026-09-19T22:30:45.452398Z,1.6185552,-9.6382332,-1.2850877,-0.2808348,-1.0808218,-0.2664458,0.0372577,-9.7972784,-0.4980659,-0.5275077,0.4956239,-0.4787146,0.4969155
gait_20260919_223030_andrew_abnormal_rightleg_rightpocket_3,andrew_abnormal_rightleg_rightpocket_3,2514082347784127,2026-09-19T22:30:45.472476Z,2.0710592,-9.5349083,-0.5163994,-0.4046732,-1.1930357,-0.2876629,0.3126517,-9.7820559,-0.6706406,-0.5419943,0.4888698,-0.4758627,0.4907171
gait_20260919_223030_andrew_abnormal_rightleg_rightpocket_3,andrew_abnormal_rightleg_rightpocket_3,2514082367966174,2026-09-19T22:30:45.492067Z,1.9797803,-9.6416750,-0.1385644,-0.4395632,-1.0054462,-0.3430371,0.5973209,-9.7647276,-0.7276135,-0.5538728,0.4784817,-0.4764981,0.4870624
gait_20260919_223030_andrew_abnormal_rightleg_rightpocket_3,andrew_abnormal_rightleg_rightpocket_3,2514082388134672,2026-09-19T22:30:45.512701Z,0.6923732,-9.7866735,-0.5444564,-0.3737303,-0.6247213,-0.3933486,0.8238917,-9.7476454,-0.7353441,-0.5620881,0.4693713,-0.4785149,0.4845319
gait_20260919_223030_andrew_abnormal_rightleg_rightpocket_3,andrew_abnormal_rightleg_rightpocket_3,2514082408304634,2026-09-19T22:30:45.532485Z,-0.3887585,-9.4945059,-1.0544962,-0.2991041,-0.4874265,-0.3200048,0.8923739,-9.7352276,-0.8155381,-0.5672251,0.4674710,-0.4767435,0.4821226
gait_20260919_223030_andrew_abnormal_rightleg_rightpocket_3,andrew_abnormal_rightleg_rightpocket_3,2514082428471139,2026-09-19T22:30:45.553060Z,-0.6373066,-9.4408607,-1.0262147,-0.2244780,-0.6347469,-0.2797190,0.9070095,-9.7276773,-0.8864145,-0.5706862,0.4671128,-0.4742616,0.4808314
gait_20260919_223030_andrew_abnormal_rightleg_rightpocket_3,andrew_abnormal_rightleg_rightpocket_3,2514082448639066,2026-09-19T22:30:45.573353Z,-0.3363853,-9.5037088,-0.8807669,-0.1693203,-0.6653069,-0.2391001,0.9047637,-9.7224932,-0.9437313,-0.5743015,0.4658358,-0.4707403,0.4812259
gait_20260919_223030_andrew_abnormal_rightleg_rightpocket_3,andrew_abnormal_rightleg_rightpocket_3,2514082468800525,2026-09-19T22:30:45.593048Z,0.2118120,-9.6392803,-0.7636007,-0.1172935,-0.5855513,-0.1553976,0.9182193,-9.7169914,-0.9864323,-0.5778068,0.4638299,-0.4679562,0.4816826
gait_20260919_223030_andrew_abnormal_rightleg_rightpocket_3,andrew_abnormal_rightleg_rightpocket_3,2514082488979602,2026-09-19T22:30:45.613215Z,0.6510732,-9.7575693,-0.9103204,-0.0514772,-0.4721882,-0.0558239,0.9329700,-9.7123709,-1.0176073,-0.5804634,0.4621803,-0.4660008,0.4819698
gait_20260919_223030_andrew_abnormal_rightleg_rightpocket_3,andrew_abnormal_rightleg_rightpocket_3,2514082509145496,2026-09-19T22:30:45.633762Z,0.6624457,-9.8106155,-1.1441292,0.0112414,-0.4358160,0.0442661,0.9305464,-9.7109098,-1.0336545,-0.5817738,0.4613712,-0.4645563,0.4825593
gait_20260919_223030_andrew_abnormal_rightleg_rightpocket_3,andrew_abnormal_rightleg_rightpocket_3,2514082529289986,2026-09-19T22:30:45.654111Z,0.2550573,-9.5873566,-1.1012579,0.0607701,-0.5087435,0.1543817,0.9088107,-9.7125654,-1.0374206,-0.5823154,0.4608530,-0.4629250,0.4839665
gait_20260919_223030_andrew_abnormal_rightleg_rightpocket_3,andrew_abnormal_rightleg_rightpocket_3,2514082549482003,2026-09-19T22:30:45.674289Z,-0.1205331,-9.1323080,-1.0001030,0.1108984,-0.5845687,0.2452787,0.8632166,-9.7171803,-1.0331498,-0.5824638,0.4603860,-0.4604931,0.4865457
gait_20260919_223030_andrew_abnormal_rightleg_rightpocket_3,andrew_abnormal_rightleg_rightpocket_3,2514082569650378,2026-09-19T22:30:45.694166Z,-0.2771288,-8.6700029,-0.9540894,0.1761817,-0.5659164,0.3199715,0.7996114,-9.7240820,-1.0193071,-0.5823166,0.4597646,-0.4574275,0.4901878
gait_20260919_223030_andrew_abnormal_rightleg_rightpocket_3,andrew_abnormal_rightleg_rightpocket_3,2514082589794177,2026-09-19T22:30:45.715951Z,-0.0275333,-8.4282637,-0.8088661,0.2792693,-0.5246646,0.4006929,0.7221013,-9.7331152,-0.9905359,-0.5812108,0.4595254,-0.4546063,0.4943314
gait_20260919_223030_andrew_abnormal_rightleg_rightpocket_3,andrew_abnormal_rightleg_rightpocket_3,2514082609987496,2026-09-19T22:30:45.734198Z,0.2406921,-8.3870382,-0.6031892,0.4243748,-0.5349734,0.4845454,0.6297995,-9.7447042,-0.9382045,-0.5790656,0.4592915,-0.4520229,0.4994094
gait_20260919_223030_andrew_abnormal_rightleg_rightpocket_3,andrew_abnormal_rightleg_rightpocket_3,2514082630158110,2026-09-19T22:30:45.754321Z,0.4171897,-8.2211647,-0.7259669,0.5249144,-0.5453321,0.6046034,0.5209998,-9.7587137,-0.8556833,-0.5757967,0.4587816,-0.4496236,0.5057829
gait_20260919_223030_andrew_abnormal_rightleg_rightpocket_3,andrew_abnormal_rightleg_rightpocket_3,2514082650323921,2026-09-19T22:30:45.774457Z,0.4878934,-7.9805474,-1.0604817,0.5020486,-0.5208176,0.7364190,0.3881926,-9.7731895,-0.7551370,-0.5714479,0.4585910,-0.4469882,0.5131698
gait_20260919_223030_andrew_abnormal_rightleg_rightpocket_3,andrew_abnormal_rightleg_rightpocket_3,2514082670493600,2026-09-19T22:30:45.795285Z,0.4069395,-7.5031290,-1.2321908,0.4519370,-0.5640011,0.8402061,0.2308136,-9.7849531,-0.6614774,-0.5666136,0.4593436,-0.4435357,0.5207962
gait_20260919_223030_andrew_abnormal_rightleg_rightpocket_3,andrew_abnormal_rightleg_rightpocket_3,2514082690660958,2026-09-19T22:30:45.814761Z,0.5388450,-7.5555019,-1.7727567,0.4753357,-0.6766481,0.8913003,0.0547434,-9.7929697,-0.5752122,-0.5616658,0.4605890,-0.4391449,0.5287164
gait_20260919_223030_andrew_abnormal_rightleg_rightpocket_3,andrew_abnormal_rightleg_rightpocket_3,2514082710831083,2026-09-19T22:30:45.835626Z,1.0066122,-8.2864819,-0.6875848,0.4301704,-0.7496089,0.8320124,-0.1293989,-9.7973385,-0.4811697,-0.5569183,0.4611106,-0.4338841,0.5375534
gait_20260919_223030_andrew_abnormal_rightleg_rightpocket_3,andrew_abnormal_rightleg_rightpocket_3,2514082730974271,2026-09-19T22:30:45.881383Z,1.2300960,-9.6025448,1.7045220,0.2971889,-1.0018322,0.4893917,-0.2938369,-9.7975817,-0.3964962,-0.5531852,0.4608866,-0.4284407,0.5459013
gait_20260919_223030_andrew_abnormal_rightleg_rightpocket_3,andrew_abnormal_rightleg_rightpocket_3,2514082751155099,2026-09-19T22:30:45.881531Z,1.2176760,-12.7411928,1.9936218,0.3345103,-1.4458920,0.0021484,-0.1401142,-9.8089800,-0.0203162,-0.5496957,0.4442573,-0.4364614,0.5567510
gait_20260919_223030_andrew_abnormal_rightleg_rightpocket_3,andrew_abnormal_rightleg_rightpocket_3,2514082771335111,2026-09-19T22:30:45.896096Z,1.3361890,-15.9926691,-1.5270518,0.7823005,-0.0802052,-0.3524133,-0.1231225,-9.8090591,0.0577746,-0.5532342,0.4352104,-0.4318132,0.5639691
gait_20260919_223030_andrew_abnormal_rightleg_rightpocket_3,andrew_abnormal_rightleg_rightpocket_3,2514082791503406,2026-09-19T22:30:45.915443Z,-0.3217208,-11.7229843,-4.3788452,0.7322389,2.5839367,-0.8033510,-0.0396769,-9.8073311,0.2254137,-0.5477893,0.4322019,-0.4410530,0.5644473
gait_20260919_223030_andrew_abnormal_rightleg_rightpocket_3,andrew_abnormal_rightleg_rightpocket_3,2514082811672961,2026-09-19T22:30:45.935780Z,-2.6720040,-5.7252846,-4.8641200,0.3044834,3.0090775,-0.9844456,0.1145873,-9.8027039,0.3605575,-0.5331413,0.4423850,-0.4664345,0.5499954
gait_20260919_223030_andrew_abnormal_rightleg_rightpocket_3,andrew_abnormal_rightleg_rightpocket_3,2514082831840564,2026-09-19T22:30:45.956989Z,-4.3632832,-4.6380925,-1.3384336,-0.0616694,1.2301574,-1.0527433,0.2902040,-9.7969007,0.4154763,-0.5213180,0.4531494,-0.4896811,0.5320674
gait_20260919_223030_andrew_abnormal_rightleg_rightpocket_3,andrew_abnormal_rightleg_rightpocket_3,2514082852008573,2026-09-19T22:30:45.977624Z,-4.8582091,-4.6282163,0.7603087,-0.6616763,-0.2494922,-0.7788032,0.4863681,-9.7901402,0.3908326,-0.5213647,0.4544367,-0.5003018,0.5209263
gait_20260919_223030_andrew_abnormal_rightleg_rightpocket_3,andrew_abnormal_rightleg_rightpocket_3,2514082872178414,2026-09-19T22:30:45.996439Z,-4.3795934,-6.5209823,1.4870237,-1.0898316,-1.0376049,-0.1546648,0.6239318,-9.7873402,0.2340272,-0.5297420,0.4534766,-0.4990985,0.5144250
gait_20260919_223030_andrew_abnormal_rightleg_rightpocket_3,andrew_abnormal_rightleg_rightpocket_3,2514082892345487,2026-09-19T22:30:46.016781Z,-3.4439843,-10.5110693,2.8090720,-1.3764952,-1.6147627,0.3067649,0.6306617,-9.7897024,-0.0101870,-0.5405134,0.4544157,-0.4888572,0.5122209
gait_20260919_223030_andrew_abnormal_rightleg_rightpocket_3,andrew_abnormal_rightleg_rightpocket_3,2514082912514799,2026-09-19T22:30:46.037074Z,-2.5062802,-13.3156519,4.9747024,-1.2230628,-2.2878301,0.4104854,0.5501605,-9.7897320,-0.3075536,-0.5532116,0.4557270,-0.4722224,0.5131042
gait_20260919_223030_andrew_abnormal_rightleg_rightpocket_3,andrew_abnormal_rightleg_rightpocket_3,2514082932683582,2026-09-19T22:30:46.057660Z,-0.5696704,-13.0317144,5.4096990,-0.4567000,-2.2061760,0.4559340,0.4438338,-9.7841082,-0.5570952,-0.5671579,0.4524384,-0.4525132,0.5185203
gait_20260919_223030_andrew_abnormal_rightleg_rightpocket_3,andrew_abnormal_rightleg_rightpocket_3,2514082952851876,2026-09-19T22:30:46.077273Z,0.9982325,-11.0535803,3.7107134,0.6303503,-0.2306732,0.4492557,0.3269240,-9.7845888,-0.6253457,-0.5744388,0.4469788,-0.4383950,0.5272951
gait_20260919_223030_andrew_abnormal_rightleg_rightpocket_3,andrew_abnormal_rightleg_rightpocket_3,2514082973020414,2026-09-19T22:30:46.097682Z,0.8907927,-9.8733883,2.0460699,1.0493126,0.7809516,0.2562203,0.2421633,-9.7960386,-0.4638035,-0.5663621,0.4480057,-0.4418322,0.5322680
gait_20260919_223030_andrew_abnormal_rightleg_rightpocket_3,andrew_abnormal_rightleg_rightpocket_3,2514082993193063,2026-09-19T22:30:46.117841Z,0.2865560,-9.5637131,1.7690158,0.8118612,0.4916233,0.1049529,0.2255145,-9.8058386,-0.1755171,-0.5530488,0.4483458,-0.4540249,0.5357093
gait_20260919_223030_andrew_abnormal_rightleg_rightpocket_3,andrew_abnormal_rightleg_rightpocket_3,2514083013364042,2026-09-19T22:30:46.138235Z,0.5294927,-10.1559792,1.8329110,0.5708126,0.3983281,0.2150852,0.2140332,-9.8058977,0.1862163,-0.5400496,0.4441734,-0.4658780,0.5422307
gait_20260919_223030_andrew_abnormal_rightleg_rightpocket_3,andrew_abnormal_rightleg_rightpocket_3,2514083033525745,2026-09-19T22:30:46.157670Z,1.3251158,-10.9217501,0.9620950,0.6385940,1.6284854,0.2548214,0.1668070,-9.8037567,0.3076068,-0.5325219,0.4462674,-0.4710289,0.5435051
gait_20260919_223030_andrew_abnormal_rightleg_rightpocket_3,andrew_abnormal_rightleg_rightpocket_3,2514083053694771,2026-09-19T22:30:46.177926Z,0.1655740,-11.9171391,-0.0915782,0.7274925,2.8487337,0.0036972,0.1053578,-9.7994566,0.4423203,-0.5177003,0.4558721,-0.4839078,0.5385168
gait_20260919_223030_andrew_abnormal_rightleg_rightpocket_3,andrew_abnormal_rightleg_rightpocket_3,2514083073863595,2026-09-19T22:30:46.198157Z,-1.8735377,-12.4653368,-1.7937808,1.1563473,2.2260108,-0.0407188,0.0814321,-9.7913733,0.5987543,-0.4979443,0.4689339,-0.5039905,0.5273956
gait_20260919_223030_andrew_abnormal_rightleg_rightpocket_3,andrew_abnormal_rightleg_rightpocket_3,2514083094031441,2026-09-19T22:30:46.218462Z,-3.4825909,-11.6180878,-3.4905965,1.0193855,0.4387971,0.0973587,0.0595321,-9.7736101,0.8421143,-0.4803641,0.4740097,-0.5208520,0.5227604
gait_20260919_223030_andrew_abnormal_rightleg_rightpocket_3,andrew_abnormal_rightleg_rightpocket_3,2514083114172718,2026-09-19T22:30:46.238879Z,-3.8696284,-11.3093863,-2.5222914,-0.0715285,-0.4296541,0.3846386,0.0300236,-9.7566175,1.0215876,-0.4730414,0.4716893,-0.5263203,0.5260496
gait_20260919_223030_andrew_abnormal_rightleg_rightpocket_3,andrew_abnormal_rightleg_rightpocket_3,2514083134342029,2026-09-19T22:30:46.259370Z,-3.0610616,-12.1219931,-0.5891981,-0.8700000,-1.2945247,0.7755057,-0.0484237,-9.7622766,0.9652643,-0.4731785,0.4744962,-0.5221344,0.5275711
gait_20260919_223030_andrew_abnormal_rightleg_rightpocket_3,andrew_abnormal_rightleg_rightpocket_3,2514083154537383,2026-09-19T22:30:46.279704Z,-2.1089177,-13.5212545,0.6759879,-0.9061889,-1.8031182,1.0867339,-0.1911279,-9.7773428,0.7766494,-0.4807161,0.4769788,-0.5070896,0.5331637
gait_20260919_223030_andrew_abnormal_rightleg_rightpocket_3,andrew_abnormal_rightleg_rightpocket_3,2514083174678984,2026-09-19T22:30:46.299194Z,-0.8681974,-14.3561573,1.5247324,-0.5390869,-1.6741837,1.2613667,-0.3907066,-9.7830048,0.6134309,-0.4882039,0.4780193,-0.4887545,0.5424699
gait_20260919_223030_andrew_abnormal_rightleg_rightpocket_3,andrew_abnormal_rightleg_rightpocket_3,2514083194876535,2026-09-19T22:30:46.320164Z,-0.2133084,-14.4042654,1.7478421,-0.1661727,-1.0892653,1.2899781,-0.6253726,-9.7752237,0.5385596,-0.4912306,0.4788389,-0.4727057,0.5531322
gait_20260919_223030_andrew_abnormal_rightleg_rightpocket_3,andrew_abnormal_rightleg_rightpocket_3,2514083215044178,2026-09-19T22:30:46.339527Z,-0.1411831,-13.8079596,1.2310686,0.0073277,-0.5831698,1.3211210,-0.8696696,-9.7568541,0.5325130,-0.4890085,0.4813675,-0.4613522,0.5624148
gait_20260919_223030_andrew_abnormal_rightleg_rightpocket_3,andrew_abnormal_rightleg_rightpocket_3,2514083235212472,2026-09-19T22:30:46.359611Z,-0.1115548,-12.6345768,0.8281693,0.0323918,-0.2776872,1.4752029,-1.1260068,-9.7297392,0.5480876,-0.4834497,0.4860793,-0.4527603,0.5700977
gait_20260919_223030_andrew_abnormal_rightleg_rightpocket_3,andrew_abnormal_rightleg_rightpocket_3,2514083255378691,2026-09-19T22:30:46.379224Z,0.2421136,-11.6957502,0.6644658,0.1460048,-0.1091997,1.6471212,-1.4185796,-9.6906309,0.5616397,-0.4756874,0.4929314,-0.4443783,0.5772937
gait_20260919_223030_andrew_abnormal_rightleg_rightpocket_3,andrew_abnormal_rightleg_rightpocket_3,2514083275548491,2026-09-19T22:30:46.399770Z,0.3172317,-11.1010904,0.5418378,0.4566667,-0.0832695,1.5680817,-1.7409089,-9.6356544,0.5995975,-0.4654842,0.5006032,-0.4364904,0.5849761
gait_20260919_223030_andrew_abnormal_rightleg_rightpocket_3,andrew_abnormal_rightleg_rightpocket_3,2514083295716866,2026-09-19T22:30:46.419780Z,0.0020201,-10.4521122,0.2558055,0.8223532,-0.1496853,1.4536527,-2.0381067,-9.5700884,0.7040212,-0.4537310,0.5060062,-0.4309182,0.5936291
gait_20260919_223030_andrew_abnormal_rightleg_rightpocket_3,andrew_abnormal_rightleg_rightpocket_3,2514083315884387,2026-09-19T22:30:46.440835Z,-0.0684592,-9.4895678,0.1354220,1.1122143,-0.2287747,1.4437937,-2.3011920,-9.4957047,0.8787717,-0.4409020,0.5084812,-0.4275309,0.6035475
gait_20260919_223030_andrew_abnormal_rightleg_rightpocket_3,andrew_abnormal_rightleg_rightpocket_3,2514083336055042,2026-09-19T22:30:46.460965Z,-0.0977134,-8.2957592,-0.2216133,1.4509881,0.0331746,1.4414787,-2.4905369,-9.4268789,1.0804187,-0.4290038,0.5083687,-0.4262995,0.6130137
gait_20260919_223030_andrew_abnormal_rightleg_rightpocket_3,andrew_abnormal_rightleg_rightpocket_3,2514083356220243,2026-09-19T22:30:46.482038Z,-0.2102408,-7.1392102,-1.8451065,1.7683948,1.2402996,1.3865042,-2.7647676,-9.3136444,1.3594841,-0.4104369,0.5096901,-0.4270553,0.6240044
gait_20260919_223030_andrew_abnormal_rightleg_rightpocket_3,andrew_abnormal_rightleg_rightpocket_3,2514083376390979,2026-09-19T22:30:46.501205Z,0.0887351,-5.6678238,-3.8732197,1.5109255,3.0429683,1.2281423,-3.0654638,-9.1800070,1.6020314,-0.3842368,0.5179646,-0.4351695,0.6282535
gait_20260919_223030_andrew_abnormal_rightleg_rightpocket_3,andrew_abnormal_rightleg_rightpocket_3,2514083396560901,2026-09-19T22:30:46.521155Z,1.1144260,-4.4891281,-4.3374705,0.6294843,3.9460762,0.8360094,-3.3935170,-9.0573187,1.6386396,-0.3529347,0.5381657,-0.4489899,0.6198571
gait_20260919_223030_andrew_abnormal_rightleg_rightpocket_3,andrew_abnormal_rightleg_rightpocket_3,2514083416727660,2026-09-19T22:30:46.559816Z,2.0561705,-5.0656819,-3.2477345,-0.2804018,2.6576302,0.1688206,-3.6507239,-8.9921827,1.4314324,-0.3266256,0.5641040,-0.4618398,0.6015034
gait_20260919_223030_andrew_abnormal_rightleg_rightpocket_3,andrew_abnormal_rightleg_rightpocket_3,2514083436897101,2026-09-19T22:30:46.561223Z,2.2894554,-8.4107561,-1.7113305,-0.9468244,0.1552144,-0.4635115,-3.6507239,-8.9921827,1.4314324,-0.3266256,0.5641040,-0.4618398,0.6015034
gait_20260919_223030_andrew_abnormal_rightleg_rightpocket_3,andrew_abnormal_rightleg_rightpocket_3,2514083457063546,2026-09-19T22:30:46.582030Z,2.2801778,-11.9195328,-0.7594109,-1.6953342,-1.4963034,-1.1211575,-3.6755059,-9.0304184,1.0855081,-0.3189890,0.5837734,-0.4683877,0.5814359
gait_20260919_223030_andrew_abnormal_rightleg_rightpocket_3,andrew_abnormal_rightleg_rightpocket_3,2514083477245227,2026-09-19T22:30:46.601401Z,2.2134395,-15.2396173,0.2090437,-2.1028552,-1.3701001,-1.7406994,-3.2791488,-9.2142057,0.7626986,-0.3567234,0.5757508,-0.4558922,0.5774269
gait_20260919_223030_andrew_abnormal_rightleg_rightpocket_3,andrew_abnormal_rightleg_rightpocket_3,2514083497402414,2026-09-19T22:30:46.621948Z,0.5261258,-15.6493998,0.1042226,-1.9415789,-0.0173700,-2.5284958,-2.9102030,-9.3580523,0.4400971,-0.3838638,0.5724248,-0.4514839,0.5666929
gait_20260919_223030_andrew_abnormal_rightleg_rightpocket_3,andrew_abnormal_rightleg_rightpocket_3,2514083517568917,2026-09-19T22:30:46.642082Z,-1.1626842,-15.2070713,0.2178724,-1.8348440,0.1489026,-3.2081416,-2.3992996,-9.5118313,0.0672845,-0.4076816,0.5724929,-0.4577024,0.5445697
gait_20260919_223030_andrew_abnormal_rightleg_rightpocket_3,andrew_abnormal_rightleg_rightpocket_3,2514083537736154,2026-09-19T22:30:46.661950Z,-3.4566288,-15.3278294,0.9207950,-1.5819710,-0.3860875,-3.5449002,-1.7566650,-9.6471405,-0.2879754,-0.4342614,0.5686954,-0.4671431,0.5194036
gait_20260919_223030_andrew_abnormal_rightleg_rightpocket_3,andrew_abnormal_rightleg_rightpocket_3,2514083557907337,2026-09-19T22:30:46.682541Z,-5.9974003,-15.2354279,2.5143607,-1.0759921,-0.7616996,-3.2544229,-1.0635159,-9.7355003,-0.5701615,-0.4629383,0.5585527,-0.4760735,0.4970525
gait_20260919_223030_andrew_abnormal_rightleg_rightpocket_3,andrew_abnormal_rightleg_rightpocket_3,2514083578055530,2026-09-19T22:30:46.701948Z,-7.6288242,-13.3909950,4.1985321,-0.4096028,-0.2823670,-2.4287555,-0.4542790,-9.7709417,-0.7472765,-0.4872848,0.5456935,-0.4839748,0.4801464
gait_20260919_223030_andrew_abnormal_rightleg_rightpocket_3,andrew_abnormal_rightleg_rightpocket_3,2514083598243681,2026-09-19T22:30:46.722336Z,-6.6876788,-10.3533516,3.2973394,0.4162976,0.4639278,-1.7311401,-0.0135729,-9.7776031,-0.7965025,-0.5000818,0.5362925,-0.4938094,0.4673980
gait_20260919_223030_andrew_abnormal_rightleg_rightpocket_3,andrew_abnormal_rightleg_rightpocket_3,2514083618411162,2026-09-19T22:30:46.742718Z,-5.9965773,-6.6933651,0.6367828,1.0617198,0.5586719,-1.6284854,0.3142706,-9.7813377,-0.6802785,-0.5017334,0.5291765,-0.5086196,0.4577577
gait_20260919_223030_andrew_abnormal_rightleg_rightpocket_3,andrew_abnormal_rightleg_rightpocket_3,2514083638579578,2026-09-19T22:30:46.763368Z,-6.5997667,-4.2353430,-4.6504374,1.3812748,-0.0451820,-1.6993312,0.6260120,-9.7800045,-0.4423916,-0.5003816,0.5189081,-0.5259297,0.4513873
gait_20260919_223030_andrew_abnormal_rightleg_rightpocket_3,andrew_abnormal_rightleg_rightpocket_3,2514083658747303,2026-09-19T22:30:46.783454Z,-7.5403886,-5.5074120,-5.4616232,0.8035842,-0.6529163,-1.4005268,0.9272591,-9.7641926,-0.1919203,-0.5021535,0.5046644,-0.5399743,0.4489806
gait_20260919_223030_andrew_abnormal_rightleg_rightpocket_3,andrew_abnormal_rightleg_rightpocket_3,2514083678916451,2026-09-19T22:30:46.803315Z,-6.5714850,-6.8352962,-1.4333786,-0.3909671,-0.7533894,-0.6917699,1.1782765,-9.7386007,-0.0861535,-0.5084544,0.4927940,-0.5464154,0.4472791
gait_20260919_223030_andrew_abnormal_rightleg_rightpocket_3,andrew_abnormal_rightleg_rightpocket_3,2514083699085967,2026-09-19T22:30:46.823251Z,-4.5929017,-7.9129114,2.0233250,-1.1677551,-0.5503283,-0.1070846,0.7589365,-9.7755575,-0.3140464,-0.5082980,0.5049834,-0.5306838,0.4527690
gait_20260919_223030_andrew_abnormal_rightleg_rightpocket_3,andrew_abnormal_rightleg_rightpocket_3,2514083719254057,2026-09-19T22:30:46.843412Z,-3.3680432,-8.9461594,3.9948752,-1.0233824,-0.6629586,0.0787896,0.6579648,-9.7738800,-0.5238661,-0.5123616,0.5115440,-0.5221045,0.4507942
gait_20260919_223030_andrew_abnormal_rightleg_rightpocket_3,andrew_abnormal_rightleg_rightpocket_3,2514083739421091,2026-09-19T22:30:46.863527Z,-2.0729299,-10.1379480,2.5942671,-0.0984079,-0.6945844,0.1104487,0.5938732,-9.7686777,-0.6755593,-0.5165995,0.5149291,-0.5148115,0.4504909
gait_20260919_223030_andrew_abnormal_rightleg_rightpocket_3,andrew_abnormal_rightleg_rightpocket_3,2514083759592477,2026-09-19T22:30:46.883756Z,0.1212813,-10.4973774,-0.3514239,0.6912536,0.0798721,0.0349565,0.5591000,-9.7716494,-0.6621241,-0.5174412,0.5134765,-0.5125616,0.4537370
gait_20260919_223030_andrew_abnormal_rightleg_rightpocket_3,andrew_abnormal_rightleg_rightpocket_3,2514083779758981,2026-09-19T22:30:46.904163Z,1.1580454,-10.2599020,-1.3386580,0.8166242,1.0120245,-0.1352630,0.5595669,-9.7811890,-0.5013415,-0.5110066,0.5119252,-0.5191478,0.4552917
gait_20260919_223030_andrew_abnormal_rightleg_rightpocket_3,andrew_abnormal_rightleg_rightpocket_3,2514083799929025,2026-09-19T22:30:46.924333Z,1.4945804,-10.3041954,-1.4734815,0.6346470,1.1543654,-0.1694868,0.6010222,-9.7860909,-0.3275628,-0.5007607,0.5133254,-0.5310453,0.4513610
gait_20260919_223030_andrew_abnormal_rightleg_rightpocket_3,andrew_abnormal_rightleg_rightpocket_3,2514083820094430,2026-09-19T22:30:46.944360Z,1.7289877,-10.1383963,-1.6852936,0.4281719,0.7306401,-0.0753922,0.6428403,-9.7868681,-0.2001753,-0.4916439,0.5157437,-0.5416054,0.4460476
gait_20260919_223030_andrew_abnormal_rightleg_rightpocket_3,andrew_abnormal_rightleg_rightpocket_3,2514083840263497,2026-09-19T22:30:46.964615Z,1.8078468,-9.4117565,-1.5144823,0.2158013,0.2444793,0.0005163,0.6627648,-9.7867861,-0.1252643,-0.4857184,0.5176297,-0.5479891,0.4425439
gait_20260919_223030_andrew_abnormal_rightleg_rightpocket_3,andrew_abnormal_rightleg_rightpocket_3,2514083860434356,2026-09-19T22:30:46.984729Z,1.1087399,-8.5329351,-0.9329156,0.0570563,-0.2859142,-0.0171369,0.8100980,-9.7727499,-0.2705887,-0.4903132,0.5206932,-0.5480583,0.4337094
gait_20260919_223030_andrew_abnormal_rightleg_rightpocket_3,andrew_abnormal_rightleg_rightpocket_3,2514083880600818,2026-09-19T22:30:47.006114Z,0.3399018,-8.3243399,-0.9272294,-0.0774240,-0.6773975,0.0066283,0.8121961,-9.7725573,-0.2712997,-0.4909917,0.5200961,-0.5475851,0.4342554
gait_20260919_223030_andrew_abnormal_rightleg_rightpocket_3,andrew_abnormal_rightleg_rightpocket_3,2514083900769683,2026-09-19T22:30:47.025789Z,0.0645686,-8.3054857,-0.3677344,-0.2454453,-0.9293379,0.0702462,0.8046523,-9.7721682,-0.3056000,-0.4940881,0.5188622,-0.5444054,0.4362130
gait_20260919_223030_andrew_abnormal_rightleg_rightpocket_3,andrew_abnormal_rightleg_rightpocket_3,2514083920937855,2026-09-19T22:30:47.045214Z,0.0739958,-8.6105967,-0.0443676,-0.2557374,-0.8845055,0.1440896,0.7813255,-9.7716885,-0.3738324,-0.4986416,0.5178829,-0.5390280,0.4388652
gait_20260919_223030_andrew_abnormal_rightleg_rightpocket_3,andrew_abnormal_rightleg_rightpocket_3,2514083941107451,2026-09-19T22:30:47.065213Z,0.1177648,-8.9790049,-0.3208230,-0.1751325,-0.7301905,0.2429139,0.7422318,-9.7721529,-0.4361783,-0.5021525,0.5175827,-0.5338522,0.4415349
gait_20260919_223030_andrew_abnormal_rightleg_rightpocket_3,andrew_abnormal_rightleg_rightpocket_3,2514083961275542,2026-09-19T22:30:47.085592Z,0.2559551,-9.2485771,-0.7532757,-0.1266196,-0.6092998,0.3309630,0.6839606,-9.7744427,-0.4781070,-0.5038338,0.5180312,-0.5294949,0.4443315
gait_20260919_223030_andrew_abnormal_rightleg_rightpocket_3,andrew_abnormal_rightleg_rightpocket_3,2514083981443430,2026-09-19T22:30:47.105676Z,0.4240730,-9.4049482,-1.3457658,-0.1063185,-0.4909072,0.3547448,0.6103172,-9.7777443,-0.5092738,-0.5042908,0.5191332,-0.5255442,0.4472079
gait_20260919_223030_andrew_abnormal_rightleg_rightpocket_3,andrew_abnormal_rightleg_rightpocket_3,2514084001611032,2026-09-19T22:30:47.125616Z,0.7754969,-9.8226614,-1.8698715,-0.1352464,-0.3867203,0.3628553,0.5347449,-9.7807217,-0.5363078,-0.5039854,0.5207809,-0.5221654,0.4495880
gait_20260919_223030_andrew_abnormal_rightleg_rightpocket_3,andrew_abnormal_rightleg_rightpocket_3,2514084021779245,2026-09-19T22:30:47.145912Z,0.9398738,-10.4560022,-1.9932477,-0.1808281,-0.3479500,0.3306133,0.4697791,-9.7795668,-0.6127672,-0.5049613,0.5242840,-0.5176539,0.4496386
gait_20260919_223030_andrew_abnormal_rightleg_rightpocket_3,andrew_abnormal_rightleg_rightpocket_3,2514084041950672,2026-09-19T22:30:47.166053Z,0.9337386,-10.6898117,-1.8314147,-0.1426740,-0.3573262,0.2904608,0.4017958,-9.7799959,-0.6529393,-0.5044404,0.5267416,-0.5146902,0.4507519
gait_20260919_223030_andrew_abnormal_rightleg_rightpocket_3,andrew_abnormal_rightleg_rightpocket_3,2514084062117014,2026-09-19T22:30:47.186246Z,0.8561516,-10.2765121,-1.8190695,-0.0299437,-0.3933153,0.2679114,0.3413014,-9.7803421,-0.6815667,-0.5040069,0.5285451,-0.5120677,0.4521105
gait_20260919_223030_andrew_abnormal_rightleg_rightpocket_3,andrew_abnormal_rightleg_rightpocket_3,2514084082286894,2026-09-19T22:30:47.206950Z,0.6391770,-9.6217728,-1.6846201,0.0383873,-0.3134764,0.2306899,0.2845986,-9.7817812,-0.6869502,-0.5032810,0.5295055,-0.5100300,0.4540944
gait_20260919_223030_andrew_abnormal_rightleg_rightpocket_3,andrew_abnormal_rightleg_rightpocket_3,2514084102456329,2026-09-19T22:30:47.226824Z,0.2658312,-9.2586021,-1.5569793,0.0653000,-0.1721181,0.2176998,0.2459330,-9.7816458,-0.7036078,-0.5028310,0.5308455,-0.5083832,0.4548744
gait_20260919_223030_andrew_abnormal_rightleg_rightpocket_3,andrew_abnormal_rightleg_rightpocket_3,2514084122621977,2026-09-19T22:30:47.247017Z,-0.0910545,-8.9562597,-1.4015058,0.0996237,-0.1005729,0.2529728,0.2009185,-9.7835522,-0.6912836,-0.5007417,0.5322318,-0.5081722,0.4557941
gait_20260919_223030_andrew_abnormal_rightleg_rightpocket_3,andrew_abnormal_rightleg_rightpocket_3,2514084142789987,2026-09-19T22:30:47.267377Z,-0.2860323,-8.7457943,-1.1987469,0.1713520,-0.1395098,0.3368585,0.1477001,-9.7859697,-0.6701354,-0.4978355,0.5339407,-0.5083391,0.4567915
gait_20260919_223030_andrew_abnormal_rightleg_rightpocket_3,andrew_abnormal_rightleg_rightpocket_3,2514084162957996,2026-09-19T22:30:47.287287Z,-0.2022352,-8.6355114,-1.0644472,0.2450622,-0.2416482,0.4424110,0.0756039,-9.7892170,-0.6337365,-0.4944227,0.5353718,-0.5081623,0.4590146
gait_20260919_223030_andrew_abnormal_rightleg_rightpocket_3,andrew_abnormal_rightleg_rightpocket_3,2514084183133249,2026-09-19T22:30:47.307269Z,0.0565630,-8.4872208,-1.0276363,0.3012358,-0.3012358,0.5108752,-0.0187131,-9.7926273,-0.5832914,-0.4906454,0.5364474,-0.5073412,0.4627055
gait_20260919_223030_andrew_abnormal_rightleg_rightpocket_3,andrew_abnormal_rightleg_rightpocket_3,2514084203296660,2026-09-19T22:30:47.328378Z,0.2483236,-8.1990938,-0.9667338,0.3219033,-0.2850982,0.5292944,-0.1248419,-9.7953024,-0.5220956,-0.4865353,0.5372872,-0.5062901,0.4672004
gait_20260919_223030_andrew_abnormal_rightleg_rightpocket_3,andrew_abnormal_rightleg_rightpocket_3,2514084223464018,2026-09-19T22:30:47.347747Z,0.1871966,-8.3155117,-0.6326678,0.2924093,-0.2085069,0.4696068,-0.2318752,-9.7965746,-0.4576721,-0.4821649,0.5381740,-0.5054026,0.4716503
gait_20260919_223030_andrew_abnormal_rightleg_rightpocket_3,andrew_abnormal_rightleg_rightpocket_3,2514084243633127,2026-09-19T22:30:47.368007Z,0.0960673,-10.2483053,-0.6283283,0.2580356,-0.0606702,0.3423377,-0.3228657,-9.7964973,-0.4006688,-0.4778697,0.5393052,-0.5051416,0.4749975
gait_20260919_223030_andrew_abnormal_rightleg_rightpocket_3,andrew_abnormal_rightleg_rightpocket_3,2514084263801502,2026-09-19T22:30:47.388138Z,2.3107040,-13.2358208,-3.6594625,0.5096262,0.1473038,0.0458815,-0.3841466,-9.7962818,-0.3483865,-0.4736335,0.5405656,-0.5062253,0.4766511
gait_20260919_223030_andrew_abnormal_rightleg_rightpocket_3,andrew_abnormal_rightleg_rightpocket_3,2514084283970000,2026-09-19T22:30:47.409092Z,2.7183168,-12.3815393,-0.1625064,0.5593547,2.6714861,-0.7533727,-0.3723349,-9.7998781,-0.2447153,-0.4678553,0.5406903,-0.5125106,0.4754981
gait_20260919_223030_andrew_abnormal_rightleg_rightpocket_3,andrew_abnormal_rightleg_rightpocket_3,2514084304138497,2026-09-19T22:30:47.428531Z,-1.2765584,-9.0230732,0.7549217,0.2992041,1.8167412,-1.3864043,-0.1769560,-9.8071861,-0.1546244,-0.4532608,0.5487211,-0.5348642,0.4553900
gait_20260919_223030_andrew_abnormal_rightleg_rightpocket_3,andrew_abnormal_rightleg_rightpocket_3,2514084324307118,2026-09-19T22:30:47.448980Z,-1.3064111,-3.8221934,-3.4162266,0.1372448,1.8298311,-0.8676518,0.1020555,-9.8089342,-0.1026566,-0.4496282,0.5492525,-0.5510765,0.4387151
gait_20260919_223030_andrew_abnormal_rightleg_rightpocket_3,andrew_abnormal_rightleg_rightpocket_3,2514084344475411,2026-09-19T22:30:47.469491Z,-2.1669021,-2.9465890,-0.1790414,0.0723113,1.7987217,-0.4299539,0.2509458,-9.8065109,-0.0741731,-0.4409744,0.5548523,-0.5646765,0.4228722
gait_20260919_223030_andrew_abnormal_rightleg_rightpocket_3,andrew_abnormal_rightleg_rightpocket_3,2514084364643828,2026-09-19T22:30:47.489405Z,-3.1413422,-3.6465187,0.7656208,-0.3708492,-0.1995804,-0.5399029,0.3263391,-9.8043909,-0.0594592,-0.4322478,0.5609545,-0.5746010,0.4102751
gait_20260919_223030_andrew_abnormal_rightleg_rightpocket_3,andrew_abnormal_rightleg_rightpocket_3,2514084384810820,2026-09-19T22:30:47.509088Z,-3.1405940,-6.7956424,1.1921628,-0.8280821,-1.5949777,-0.2791361,0.4271875,-9.7994909,-0.1537274,-0.4387796,0.5601723,-0.5728397,0.4068590
gait_20260919_223030_andrew_abnormal_rightleg_rightpocket_3,andrew_abnormal_rightleg_rightpocket_3,2514084404981434,2026-09-19T22:30:47.529605Z,-2.4138792,-12.5664167,2.1601684,-1.1843091,-2.1677556,0.0744430,0.4569968,-9.7931118,-0.3495600,-0.4524830,0.5582258,-0.5615285,0.4102792
gait_20260919_223030_andrew_abnormal_rightleg_rightpocket_3,andrew_abnormal_rightleg_rightpocket_3,2514084425149240,2026-09-19T22:30:47.550159Z,-1.4336779,-16.8012352,3.5752914,-1.0500621,-1.3491994,0.1940347,0.4089537,-9.7824783,-0.6099038,-0.4674980,0.5578060,-0.5450804,0.4161558
gait_20260919_223030_andrew_abnormal_rightleg_rightpocket_3,andrew_abnormal_rightleg_rightpocket_3,2514084445317982,2026-09-19T22:30:47.569992Z,-0.0023194,-14.4971161,3.6364932,-0.3246179,0.0862173,0.2920096,0.3506827,-9.7701912,-0.8102686,-0.4749803,0.5606678,-0.5344984,0.4175606
gait_20260919_223030_andrew_abnormal_rightleg_rightpocket_3,andrew_abnormal_rightleg_rightpocket_3,2514084465486561,2026-09-19T22:30:47.590233Z,0.9890298,-10.6143188,2.4444799,0.3727643,0.5596711,0.3672519,0.2938340,-9.7694988,-0.8406291,-0.4707167,0.5656101,-0.5348308,0.4152915
gait_20260919_223030_andrew_abnormal_rightleg_rightpocket_3,andrew_abnormal_rightleg_rightpocket_3,2514084485654082,2026-09-19T22:30:47.610395Z,0.9932196,-9.1652288,1.3264625,0.6728677,0.2309897,0.3281319,0.2307197,-9.7793179,-0.7401721,-0.4619797,0.5682608,-0.5398864,0.4149425
gait_20260919_223030_andrew_abnormal_rightleg_rightpocket_3,andrew_abnormal_rightleg_rightpocket_3,2514084505822417,2026-09-19T22:30:47.630991Z,1.1032780,-9.9757404,0.3510498,0.7176334,0.2206976,0.3603905,0.1829857,-9.7918949,-0.5669642,-0.4543327,0.5667011,-0.5455856,0.4180529
gait_20260919_223030_andrew_abnormal_rightleg_rightpocket_3,andrew_abnormal_rightleg_rightpocket_3,2514084525992014,2026-09-19T22:30:47.650148Z,0.0567127,-11.3249483,-0.1982698,0.6196752,0.6890386,0.2606503,0.1352084,-9.8005896,-0.4077573,-0.4463180,0.5661389,-0.5510576,0.4202650
gait_20260919_223030_andrew_abnormal_rightleg_rightpocket_3,andrew_abnormal_rightleg_rightpocket_3,2514084546158883,2026-09-19T22:30:47.670385Z,-1.5970821,-11.7156515,-0.3160346,0.4739701,0.5776740,0.1475869,0.0942592,-9.8053083,-0.2884169,-0.4367599,0.5681988,-0.5579284,0.4184578
gait_20260919_223030_andrew_abnormal_rightleg_rightpocket_3,andrew_abnormal_rightleg_rightpocket_3,2514084566328643,2026-09-19T22:30:47.691307Z,-2.1312885,-11.9272394,-0.2469769,0.3427373,-0.0100923,0.2379010,0.0680876,-9.8077469,-0.1990094,-0.4296640,0.5695825,-0.5632231,0.4168265
gait_20260919_223030_andrew_abnormal_rightleg_rightpocket_3,andrew_abnormal_rightleg_rightpocket_3,2514084586498971,2026-09-19T22:30:47.711614Z,-1.3185318,-11.5309238,-0.0555904,0.1999468,-0.2818007,0.4275224,0.0142994,-9.8090391,-0.1366424,-0.4258911,0.5696229,-0.5645512,0.4188418
gait_20260919_223030_andrew_abnormal_rightleg_rightpocket_3,andrew_abnormal_rightleg_rightpocket_3,2514084606663970,2026-09-19T22:30:47.732274Z,-0.6548890,-11.9587383,0.2558055,0.0792393,-0.1800454,0.5020986,-0.0781901,-9.8091574,-0.1022029,-0.4227270,0.5704404,-0.5633876,0.4224856
gait_20260919_223030_andrew_abnormal_rightleg_rightpocket_3,andrew_abnormal_rightleg_rightpocket_3,2514084626832589,2026-09-19T22:30:47.751832Z,-0.7937527,-12.8185558,0.4335001,0.0656330,-0.2001633,0.4655599,-0.1790347,-9.8079596,-0.0893449,-0.4189921,0.5726176,-0.5619727,0.4251371
gait_20260919_223030_andrew_abnormal_rightleg_rightpocket_3,andrew_abnormal_rightleg_rightpocket_3,2514084647002186,2026-09-19T22:30:47.771420Z,-1.2874820,-12.8993607,0.2112135,0.1468541,-0.3502316,0.5019987,-0.2708632,-9.8059807,-0.0739872,-0.4157208,0.5743173,-0.5606173,0.4278367
gait_20260919_223030_andrew_abnormal_rightleg_rightpocket_3,andrew_abnormal_rightleg_rightpocket_3,2514084667169422,2026-09-19T22:30:47.791460Z,-1.8919431,-13.1910791,0.2558803,0.1521001,-0.4469742,0.6711690,-0.3735014,-9.8028069,-0.0402592,-0.4127695,0.5749534,-0.5587685,0.4322358
gait_20260919_223030_andrew_abnormal_rightleg_rightpocket_3,andrew_abnormal_rightleg_rightpocket_3,2514084687313099,2026-09-19T22:30:47.811613Z,-2.1718402,-14.4018717,-0.0124199,0.1502682,-0.1856411,0.9852950,-0.5154678,-9.7964468,-0.0061425,-0.4089155,0.5761992,-0.5558209,0.4380020
gait_20260919_223030_andrew_abnormal_rightleg_rightpocket_3,andrew_abnormal_rightleg_rightpocket_3,2514084707506580,2026-09-19T22:30:47.831875Z,-2.0914099,-14.6211653,-0.3823241,0.0215835,-0.0097758,1.4129506,-0.7237853,-9.7832365,0.0236549,-0.4013895,0.5801585,-0.5525547,0.4438309
gait_20260919_223030_andrew_abnormal_rightleg_rightpocket_3,andrew_abnormal_rightleg_rightpocket_3,2514084727675974,2026-09-19T22:30:47.853319Z,-2.0777183,-14.5523319,-0.6068553,-0.1679213,-0.0239650,1.8715658,-1.0193142,-9.7568789,0.0207231,-0.3909854,0.5873442,-0.5469656,0.4505396
gait_20260919_223030_andrew_abnormal_rightleg_rightpocket_3,andrew_abnormal_rightleg_rightpocket_3,2514084747844024,2026-09-19T22:30:47.872267Z,-1.1718121,-13.9738331,-0.7255179,-0.2688440,-0.3697500,2.1999476,-1.4033300,-9.7090931,-0.0171323,-0.3789872,0.5967743,-0.5377653,0.4593885
gait_20260919_223030_andrew_abnormal_rightleg_rightpocket_3,andrew_abnormal_rightleg_rightpocket_3,2514084768014434,2026-09-19T22:30:47.893657Z,0.0068833,-12.5277348,-0.7338976,-0.2421311,-0.7742400,2.1780643,-1.8405466,-9.6356192,-0.0579442,-0.3675272,0.6056270,-0.5250863,0.4716187
gait_20260919_223030_andrew_abnormal_rightleg_rightpocket_3,andrew_abnormal_rightleg_rightpocket_3,2514084788203765,2026-09-19T22:30:47.913179Z,-0.6274305,-12.4880810,-0.9902269,-0.1292177,-1.1706530,1.9002272,-2.2554672,-9.5469694,-0.0661004,-0.3584453,0.6114031,-0.5114104,0.4859657
gait_20260919_223030_andrew_abnormal_rightleg_rightpocket_3,andrew_abnormal_rightleg_rightpocket_3,2514084808348174,2026-09-19T22:30:47.933263Z,-1.2178257,-12.8713779,-0.7684639,-0.1513174,-1.3010530,2.0259974,-2.6130455,-9.4555426,-0.0286233,-0.3522998,0.6134326,-0.4982036,0.5013766
gait_20260919_223030_andrew_abnormal_rightleg_rightpocket_3,andrew_abnormal_rightleg_rightpocket_3,2514084828519113,2026-09-19T22:30:47.952678Z,-1.0099790,-12.5220490,0.6190508,0.0475302,-1.1667559,2.3696842,-3.0036983,-9.3388224,0.0170218,-0.3452346,0.6155737,-0.4833393,0.5179434
gait_20260919_223030_andrew_abnormal_rightleg_rightpocket_3,andrew_abnormal_rightleg_rightpocket_3,2514084848685414,2026-09-19T22:30:47.974140Z,0.4884171,-12.5864677,1.9770120,0.6334313,-0.5731441,2.5011334,-3.4540868,-9.1811352,0.1102674,-0.3334078,0.6182459,-0.4686427,0.5357101
gait_20260919_223030_andrew_abnormal_rightleg_rightpocket_3,andrew_abnormal_rightleg_rightpocket_3,2514084868853260,2026-09-19T22:30:47.993150Z,2.8051066,-7.9118638,2.6283846,1.3288484,0.3330615,1.8925498,-3.9041488,-8.9952440,0.2816592,-0.3144393,0.6211159,-0.4596637,0.5514094
gait_20260919_223030_andrew_abnormal_rightleg_rightpocket_3,andrew_abnormal_rightleg_rightpocket_3,2514084889022084,2026-09-19T22:30:48.013751Z,4.9071407,-2.8933179,0.9433154,1.9850955,1.0901812,0.9714556,-4.2172456,-8.8428354,0.5051790,-0.2916872,0.6230293,-0.4619503,0.5597813
gait_20260919_223030_andrew_abnormal_rightleg_rightpocket_3,andrew_abnormal_rightleg_rightpocket_3,2514084909190907,2026-09-19T22:30:48.033414Z,3.3129017,-0.9231144,-3.0897174,2.1871574,1.3688511,0.0175033,-4.3645654,-8.7515841,0.7723166,-0.2681759,0.6226459,-0.4753506,0.5607457
gait_20260919_223030_andrew_abnormal_rightleg_rightpocket_3,andrew_abnormal_rightleg_rightpocket_3,2514084929359120,2026-09-19T22:30:48.054435Z,0.2382231,-0.8283938,-6.0941410,1.0942448,3.5880506,-0.1072345,-4.3637738,-8.7268114,1.0180149,-0.2483539,0.6207851,-0.4947653,0.5551158
gait_20260919_223030_andrew_abnormal_rightleg_rightpocket_3,andrew_abnormal_rightleg_rightpocket_3,2514084949528757,2026-09-19T22:30:48.073907Z,0.5750573,-1.7402854,-2.2897546,-0.2160012,4.5723295,0.2930921,-4.4261494,-8.7178431,0.8028327,-0.2226003,0.6390625,-0.5109872,0.5300380
gait_20260919_223030_andrew_abnormal_rightleg_rightpocket_3,andrew_abnormal_rightleg_rightpocket_3,2514084969696482,2026-09-19T22:30:48.094001Z,-0.0942717,-3.0309846,-2.3684640,-0.6837261,3.1519179,0.4225928,-4.5369239,-8.6922636,0.3114900,-0.1973903,0.6663190,-0.5172222,0.4995370
gait_20260919_223030_andrew_abnormal_rightleg_rightpocket_3,andrew_abnormal_rightleg_rightpocket_3,2514084989865590,2026-09-19T22:30:48.114237Z,0.0801309,-4.7260046,-2.4336312,-0.9882760,1.2015126,0.4001767,-4.6177368,-8.6547575,-0.0882234,-0.1820170,0.6856840,-0.5163109,0.4797191
gait_20260919_223030_andrew_abnormal_rightleg_rightpocket_3,andrew_abnormal_rightleg_rightpocket_3,2514085010034210,2026-09-19T22:30:48.134225Z,2.0015526,-6.7137156,-2.4056489,-1.3509980,-0.8136931,-0.0873497,-4.6771502,-8.6160746,-0.3516112,-0.1786418,0.6962826,-0.5097759,0.4726587
gait_20260919_223030_andrew_abnormal_rightleg_rightpocket_3,andrew_abnormal_rightleg_rightpocket_3,2514085030201120,2026-09-19T22:30:48.154296Z,4.7225628,-9.8607445,-1.7691654,-1.8537961,-2.7193494,-2.5966434,-4.6339178,-8.6326685,-0.4898786,-0.1920856,0.6977884,-0.4999581,0.4756433
gait_20260919_223030_andrew_abnormal_rightleg_rightpocket_3,andrew_abnormal_rightleg_rightpocket_3,2514085050369781,2026-09-19T22:30:48.174606Z,0.9866356,-16.3824005,-0.9507974,-2.5078449,-3.6949019,-7.5406880,-4.0794144,-8.9035606,-0.5666923,-0.2380136,0.6863856,-0.4968378,0.4747384
gait_20260919_223030_andrew_abnormal_rightleg_rightpocket_3,andrew_abnormal_rightleg_rightpocket_3,2514085070538116,2026-09-19T22:30:48.194751Z,-11.2954693,-28.0557041,0.3143886,-2.8215380,-2.8742309,-10.2197189,-2.5678768,-9.4346323,-0.7936169,-0.3244312,0.6588873,-0.5091611,0.4487393
gait_20260919_223030_andrew_abnormal_rightleg_rightpocket_3,andrew_abnormal_rightleg_rightpocket_3,2514085090706939,2026-09-19T22:30:48.215484Z,-23.3457851,-35.3803139,4.1454854,-2.3775780,-0.9055561,-7.5986605,-0.6014069,-9.7113419,-1.2507160,-0.4159796,0.6242381,-0.5270107,0.3994343
gait_20260919_223030_andrew_abnormal_rightleg_rightpocket_3,andrew_abnormal_rightleg_rightpocket_3,2514085110875030,2026-09-19T22:30:48.235630Z,-15.5736837,-21.8327999,5.9900680,-1.0573730,0.1348800,-1.0353400,0.6948434,-9.6393175,-1.6843022,-0.4679147,0.6048706,-0.5371469,0.3558942
gait_20260919_223030_andrew_abnormal_rightleg_rightpocket_3,andrew_abnormal_rightleg_rightpocket_3,2514085131043690,2026-09-19T22:30:48.255684Z,-5.9290161,-10.0645504,1.6881367,0.3700664,0.3930988,2.8652210,0.6766091,-9.6148481,-1.8256552,-0.4669228,0.6115447,-0.5341567,0.3502468
gait_20260919_223030_andrew_abnormal_rightleg_rightpocket_3,andrew_abnormal_rightleg_rightpocket_3,2514085151213368,2026-09-19T22:30:48.276120Z,-2.8896518,-1.3106010,-0.2267758,0.5537090,-0.2427473,3.1507523,0.0331707,-9.6605654,-1.7054282,-0.4400462,0.6262719,-0.5284041,0.3673310
gait_20260919_223030_andrew_abnormal_rightleg_rightpocket_3,andrew_abnormal_rightleg_rightpocket_3,2514085171380929,2026-09-19T22:30:48.296309Z,-2.1538088,2.9918542,0.5977274,0.2455452,-1.2479438,2.2733746,-0.5893874,-9.6620302,-1.5918280,-0.4185069,0.6363167,-0.5194698,0.3874328
gait_20260919_223030_andrew_abnormal_rightleg_rightpocket_3,andrew_abnormal_rightleg_rightpocket_3,2514085191548248,2026-09-19T22:30:48.317531Z,-1.8217630,3.3065422,0.7388357,0.2363023,-1.6829604,1.2175337,-1.0472635,-9.6335869,-1.5275302,-0.4100286,0.6392610,-0.5073005,0.4072692
gait_20260919_223030_andrew_abnormal_rightleg_rightpocket_3,andrew_abnormal_rightleg_rightpocket_3,2514085211718088,2026-09-19T22:30:48.336661Z,-3.3090861,-0.1206079,0.0139163,0.4158147,-0.9671255,0.0686474,-1.2977433,-9.6169281,-1.4375982,-0.4096501,0.6359265,-0.4985548,0.4233525
gait_20260919_223030_andrew_abnormal_rightleg_rightpocket_3,andrew_abnormal_rightleg_rightpocket_3,2514085231886138,2026-09-19T22:30:48.356431Z,-5.3015857,-7.9878049,-1.1231050,0.4903742,0.7121210,-0.7038273,-1.3031746,-9.6316490,-1.3301065,-0.4106898,0.6309261,-0.4997046,0.4284408
gait_20260919_223030_andrew_abnormal_rightleg_rightpocket_3,andrew_abnormal_rightleg_rightpocket_3,2514085252053089,2026-09-19T22:30:48.376477Z,-8.3808279,-12.8680859,-1.6600047,0.0959765,2.9992683,-1.1963499,-1.7241515,-9.5752401,-1.2562580,-0.3941324,0.6380867,-0.5011813,0.4316508
gait_20260919_223030_andrew_abnormal_rightleg_rightpocket_3,andrew_abnormal_rightleg_rightpocket_3,2514085272222768,2026-09-19T22:30:48.396281Z,-9.1037273,-13.4655142,-3.2862663,-0.8645208,4.4854960,-0.7320224,-1.3988237,-9.6131010,-1.3666359,-0.3835472,0.6483216,-0.5202270,0.4024112
gait_20260919_223030_andrew_abnormal_rightleg_rightpocket_3,andrew_abnormal_rightleg_rightpocket_3,2514085292391346,2026-09-19T22:30:48.416471Z,-8.4485388,-7.2475476,-4.4751372,-1.3271996,3.2556717,1.0714123,-1.1482908,-9.5945578,-1.6917492,-0.3649992,0.6707165,-0.5338300,0.3632361
gait_20260919_223030_andrew_abnormal_rightleg_rightpocket_3,andrew_abnormal_rightleg_rightpocket_3,2514085312559600,2026-09-19T22:30:48.436725Z,-2.4780736,-7.1838770,-0.8129063,-0.4475237,0.7750061,3.4214780,-1.3463274,-9.5067978,-2.0110505,-0.3415747,0.6943553,-0.5305213,0.3460414
gait_20260919_223030_andrew_abnormal_rightleg_rightpocket_3,andrew_abnormal_rightleg_rightpocket_3,2514085332728952,2026-09-19T22:30:48.456849Z,1.2392987,-12.3549786,-2.4840591,0.1083836,-0.1133298,3.0842199,-2.0325561,-9.3696537,-2.0771146,-0.3130135,0.7100170,-0.5173932,0.3608363
gait_20260919_223030_andrew_abnormal_rightleg_rightpocket_3,andrew_abnormal_rightleg_rightpocket_3,2514085352895985,2026-09-19T22:30:48.478138Z,3.8287027,-12.8042660,-1.5829414,-0.0078273,-0.6897548,2.0891824,-2.5972459,-9.2388639,-2.0331829,-0.2914240,0.7176262,-0.5073305,0.3777573
gait_20260919_223030_andrew_abnormal_rightleg_rightpocket_3,andrew_abnormal_rightleg_rightpocket_3,2514085373064279,2026-09-19T22:30:48.497756Z,5.5537248,-12.7353573,-1.7250972,-0.0870999,-0.9400130,0.4672753,-2.9660108,-9.1356726,-1.9945900,-0.2810712,0.7204970,-0.4983995,0.3917666
gait_20260919_223030_andrew_abnormal_rightleg_rightpocket_3,andrew_abnormal_rightleg_rightpocket_3,2514085393232940,2026-09-19T22:30:48.518293Z,4.2873421,-12.3724861,-2.0580409,0.0165706,-0.7674453,-0.9340176,-3.0290585,-9.1242104,-1.9518480,-0.2839992,0.7179787,-0.4951124,0.3983905
gait_20260919_223030_andrew_abnormal_rightleg_rightpocket_3,andrew_abnormal_rightleg_rightpocket_3,2514085413414011,2026-09-19T22:30:48.538042Z,-0.3786580,-12.9025774,-1.6814029,0.1725678,0.0716451,-1.8765620,-2.8323343,-9.1974096,-1.9030706,-0.2944424,0.7121168,-0.4990512,0.3964104
gait_20260919_223030_andrew_abnormal_rightleg_rightpocket_3,andrew_abnormal_rightleg_rightpocket_3,2514085433570627,2026-09-19T22:30:48.557942Z,-3.8965633,-12.5699329,-0.3065327,0.2368685,0.0135729,-1.7335050,-2.4493811,-9.3120108,-1.8769890,-0.3054225,0.7065060,-0.5098264,0.3842440
gait_20260919_223030_andrew_abnormal_rightleg_rightpocket_3,andrew_abnormal_rightleg_rightpocket_3,2514085453738758,2026-09-19T22:30:48.578034Z,-4.7883286,-12.2452946,2.7759273,0.5218002,-2.4099534,-1.2189993,-2.1440284,-9.3980522,-1.8209552,-0.3156718,0.6999635,-0.5181750,0.3766925
gait_20260919_223030_andrew_abnormal_rightleg_rightpocket_3,andrew_abnormal_rightleg_rightpocket_3,2514085473906158,2026-09-19T22:30:48.597986Z,-4.8962173,-10.4664021,3.5041387,1.2013627,-3.9198296,-1.0564238,-2.0249383,-9.4673376,-1.5828056,-0.3348929,0.6825065,-0.5182461,0.3917303
gait_20260919_223030_andrew_abnormal_rightleg_rightpocket_3,andrew_abnormal_rightleg_rightpocket_3,2514085494066680,2026-09-19T22:30:48.618192Z,-6.1488338,-9.4715366,-0.8963293,2.0272133,-3.0624866,-0.5854514,-1.9477403,-9.5446520,-1.1584744,-0.3562278,0.6558717,-0.5179321,0.4179480
gait_20260919_223030_andrew_abnormal_rightleg_rightpocket_3,andrew_abnormal_rightleg_rightpocket_3,2514085514217559,2026-09-19T22:30:48.638529Z,-4.1440639,-7.1820812,-10.5906019,1.3766618,0.3235188,0.0462979,-1.9114517,-9.6011372,-0.6329582,-0.3633212,0.6314448,-0.5245714,0.4405678
gait_20260919_223030_andrew_abnormal_rightleg_rightpocket_3,andrew_abnormal_rightleg_rightpocket_3,2514085534386871,2026-09-19T22:30:48.658424Z,-1.6546926,-6.5565963,-6.3011646,-0.8890354,0.4495555,-0.5809881,-1.9232891,-9.6087084,-0.4580341,-0.3519013,0.6306682,-0.5350220,0.4383774
gait_20260919_223030_andrew_abnormal_rightleg_rightpocket_3,andrew_abnormal_rightleg_rightpocket_3,2514085554580719,2026-09-19T22:30:48.679265Z,-3.3491888,-8.6130657,-0.7432500,-1.6228231,-1.1003901,-0.8979452,-1.7886522,-9.6128654,-0.7935058,-0.3607550,0.6389773,-0.5294394,0.4257439
gait_20260919_223030_andrew_abnormal_rightleg_rightpocket_3,andrew_abnormal_rightleg_rightpocket_3,2514085574748565,2026-09-19T22:30:48.698804Z,-4.0795703,-10.9317007,2.3994391,-0.9450092,-1.0081608,-0.4707226,-1.6690346,-9.6078911,-1.0671766,-0.3786094,0.6397751,-0.5180543,0.4230397
gait_20260919_223030_andrew_abnormal_rightleg_rightpocket_3,andrew_abnormal_rightleg_rightpocket_3,2514085594918609,2026-09-19T22:30:48.719027Z,-3.0882208,-11.8631201,1.6947207,0.0475469,-0.2866803,0.0505446,-1.6192842,-9.6026697,-1.1843810,-0.3881574,0.6389001,-0.5117010,0.4234415
gait_20260919_223030_andrew_abnormal_rightleg_rightpocket_3,andrew_abnormal_rightleg_rightpocket_3,2514085615088653,2026-09-19T22:30:48.739133Z,-1.3572879,-10.7107601,0.9609727,0.6751660,0.1555641,0.4492724,-1.6521580,-9.6031513,-1.1340154,-0.3860252,0.6382051,-0.5125905,0.4253584
gait_20260919_223030_andrew_abnormal_rightleg_rightpocket_3,andrew_abnormal_rightleg_rightpocket_3,2514085635253733,2026-09-19T22:30:48.759955Z,1.1148002,-10.1335335,0.2396446,0.8775109,0.4861941,0.3591082,-1.7454802,-9.6023893,-0.9917322,-0.3773470,0.6376550,-0.5168493,0.4288033
gait_20260919_223030_andrew_abnormal_rightleg_rightpocket_3,andrew_abnormal_rightleg_rightpocket_3,2514085655423858,2026-09-19T22:30:48.780144Z,2.4916906,-10.6581631,-0.2890250,1.0357729,0.7339043,-1.1412421,-1.6753083,-9.6330986,-0.7955289,-0.3694142,0.6346651,-0.5269512,0.4278502
gait_20260919_223030_andrew_abnormal_rightleg_rightpocket_3,andrew_abnormal_rightleg_rightpocket_3,2514085675592356,2026-09-19T22:30:48.799902Z,1.7253964,-12.8476601,-1.7513585,1.0858346,0.9673587,-2.2582862,-1.3818874,-9.6928797,-0.6120374,-0.3689846,0.6273870,-0.5433555,0.4183308
gait_20260919_223030_andrew_abnormal_rightleg_rightpocket_3,andrew_abnormal_rightleg_rightpocket_3,2514085695760406,2026-09-19T22:30:48.820294Z,1.3328969,-14.0559845,-1.9718496,0.7408156,1.1984816,-2.6902552,-0.8938759,-9.7598782,-0.4264871,-0.3731641,0.6171418,-0.5645298,0.4014855
gait_20260919_223030_andrew_abnormal_rightleg_rightpocket_3,andrew_abnormal_rightleg_rightpocket_3,2514085715928782,2026-09-19T22:30:48.840904Z,0.8002619,-12.9080391,-1.1428572,0.4229093,1.0735940,-2.7511418,-0.3409038,-9.7991333,-0.3113075,-0.3796417,0.6081972,-0.5846484,0.3796772
gait_20260919_223030_andrew_abnormal_rightleg_rightpocket_3,andrew_abnormal_rightleg_rightpocket_3,2514085736097768,2026-09-19T22:30:48.860316Z,1.0196307,-13.5242472,-1.1257237,0.4898080,0.7208143,-2.5917807,0.2083053,-9.8049364,-0.2365292,-0.3879318,0.5996280,-0.6017145,0.3576239
gait_20260919_223030_andrew_abnormal_rightleg_rightpocket_3,andrew_abnormal_rightleg_rightpocket_3,2514085756264353,2026-09-19T22:30:48.880514Z,1.7250223,-13.5725050,-2.1892729,0.6331815,0.4972190,-2.4650443,0.7170503,-9.7828951,-0.1301620,-0.3966132,0.5892481,-0.6168609,0.3390683
gait_20260919_223030_andrew_abnormal_rightleg_rightpocket_3,andrew_abnormal_rightleg_rightpocket_3,2514085776438059,2026-09-19T22:30:48.901202Z,2.3223009,-12.1695776,-3.2783356,0.7479602,0.5752259,-2.4236760,1.1983758,-9.7365274,0.0067190,-0.4048504,0.5775476,-0.6312977,0.3224877
gait_20260919_223030_andrew_abnormal_rightleg_rightpocket_3,andrew_abnormal_rightleg_rightpocket_3,2514085796601349,2026-09-19T22:30:48.921575Z,1.9901054,-12.0390940,-3.0787938,0.9338344,-0.1528828,-2.7534235,1.6742047,-9.6645489,0.1722771,-0.4120112,0.5649697,-0.6461957,0.3057568
gait_20260919_223030_andrew_abnormal_rightleg_rightpocket_3,andrew_abnormal_rightleg_rightpocket_3,2514085816773101,2026-09-19T22:30:48.941674Z,-0.6282535,-13.5320282,-2.1443818,0.7726746,-1.8751464,-2.8913012,2.2237120,-9.5487108,0.3366628,-0.4270075,0.5461833,-0.6586030,0.2925588
gait_20260919_223030_andrew_abnormal_rightleg_rightpocket_3,andrew_abnormal_rightleg_rightpocket_3,2514085836939240,2026-09-19T22:30:48.961195Z,-2.7245266,-13.3713169,-0.6096984,0.3981116,-2.1129975,-2.2309737,2.7830019,-9.3999081,0.3643646,-0.4536302,0.5232735,-0.6617810,0.2871419
gait_20260919_223030_andrew_abnormal_rightleg_rightpocket_3,andrew_abnormal_rightleg_rightpocket_3,2514085857106191,2026-09-19T22:30:48.982741Z,-1.2047324,-11.3597393,1.2872576,0.0426007,-1.4796494,-1.2618663,3.1842201,-9.2740898,0.2968749,-0.4767549,0.5060377,-0.6598927,0.2849076
gait_20260919_223030_andrew_abnormal_rightleg_rightpocket_3,andrew_abnormal_rightleg_rightpocket_3,2514085877260040,2026-09-19T22:30:49.001633Z,1.5550340,-8.8590698,1.8489223,0.4642110,0.1025381,-0.3913335,3.3851714,-9.2048407,0.2182924,-0.4899457,0.4975168,-0.6571335,0.2839118
gait_20260919_223030_andrew_abnormal_rightleg_rightpocket_3,andrew_abnormal_rightleg_rightpocket_3,2514085897443349,2026-09-19T22:30:49.021526Z,4.5512276,-6.7691565,3.0184150,1.0666159,0.7811181,0.0068614,3.4138303,-9.1896420,0.3638489,-0.4862902,0.4935898,-0.6628658,0.2837251
gait_20260919_223030_andrew_abnormal_rightleg_rightpocket_3,andrew_abnormal_rightleg_rightpocket_3,2514085917612579,2026-09-19T22:30:49.042005Z,6.1961193,-6.0630164,3.2115223,1.8279825,1.0716121,0.0802718,3.3962867,-9.1805334,0.6474476,-0.4766445,0.4882774,-0.6729505,0.2855396
gait_20260919_223030_andrew_abnormal_rightleg_rightpocket_3,andrew_abnormal_rightleg_rightpocket_3,2514085937783071,2026-09-19T22:30:49.062520Z,7.0255604,-7.3153338,2.7519853,2.2027621,1.6420251,0.0955934,3.4105759,-9.1291504,1.1236933,-0.4627616,0.4769052,-0.6890793,0.2891066
gait_20260919_223030_andrew_abnormal_rightleg_rightpocket_3,andrew_abnormal_rightleg_rightpocket_3,2514085957949371,2026-09-19T22:30:49.082669Z,8.3547916,-8.4737530,2.4941597,2.0791733,1.8784939,0.1797456,3.3638594,-9.0645180,1.6598451,-0.4437362,0.4662175,-0.7076964,0.2913851
gait_20260919_223030_andrew_abnormal_rightleg_rightpocket_3,andrew_abnormal_rightleg_rightpocket_3,2514085978116282,2026-09-19T22:30:49.103080Z,8.6723223,-7.8954039,2.5089738,1.8992447,1.4047070,-0.1373781,3.2651410,-8.9953814,2.1582594,-0.4235226,0.4575674,-0.7249335,0.2928007
gait_20260919_223030_andrew_abnormal_rightleg_rightpocket_3,andrew_abnormal_rightleg_rightpocket_3,2514085998285838,2026-09-19T22:30:49.122776Z,7.9506950,-7.3288012,2.9070847,1.8536129,1.1815445,-0.5665326,3.2443204,-8.8906183,2.5821295,-0.4092665,0.4467502,-0.7396790,0.2928994
gait_20260919_223030_andrew_abnormal_rightleg_rightpocket_3,andrew_abnormal_rightleg_rightpocket_3,2514086018450266,2026-09-19T22:30:49.142542Z,6.2996683,-7.0024414,3.5372834,1.8331785,1.1614599,-1.0807219,3.2995770,-8.7422619,2.9869332,-0.3981681,0.4334667,-0.7544944,0.2903567
gait_20260919_223030_andrew_abnormal_rightleg_rightpocket_3,andrew_abnormal_rightleg_rightpocket_3,2514086038621898,2026-09-19T22:30:49.163639Z,3.7936125,-7.2482214,4.4918966,1.7672291,1.0441332,-1.5468980,3.6835699,-8.4359570,3.3914711,-0.3950585,0.4126619,-0.7721805,0.2781657
gait_20260919_223030_andrew_abnormal_rightleg_rightpocket_3,andrew_abnormal_rightleg_rightpocket_3,2514086058791249,2026-09-19T22:30:49.184103Z,7.1811833,-8.8815908,2.6559179,1.7117383,0.7673953,-1.8161083,3.8789971,-8.1849394,3.7677915,-0.3885854,0.3952472,-0.7879164,0.2682701
gait_20260919_223030_andrew_abnormal_rightleg_rightpocket_3,andrew_abnormal_rightleg_rightpocket_3,2514086078961740,2026-09-19T22:30:49.203974Z,7.1005287,-8.4889412,3.0599394,1.3539958,0.0237318,-2.0382214,4.1313138,-7.9010792,4.0916176,-0.3860707,0.3764144,-0.8020198,0.2569547
gait_20260919_223030_andrew_abnormal_rightleg_rightpocket_3,andrew_abnormal_rightleg_rightpocket_3,2514086099128286,2026-09-19T22:30:49.223998Z,8.3676605,-7.5030541,2.8687027,0.9999504,-0.0517770,-2.0056963,4.4628949,-7.6142111,4.2828107,-0.3911921,0.3577897,-0.8116465,0.2453269
gait_20260919_223030_andrew_abnormal_rightleg_rightpocket_3,andrew_abnormal_rightleg_rightpocket_3,2514086119276885,2026-09-19T22:30:49.243612Z,9.7689419,-5.9814639,2.3216274,0.6543819,0.4719717,-1.9872938,4.7670550,-7.3463187,4.4207363,-0.3961049,0.3422802,-0.8197141,0.2324088
gait_20260919_223030_andrew_abnormal_rightleg_rightpocket_3,andrew_abnormal_rightleg_rightpocket_3,2514086139465973,2026-09-19T22:30:49.263469Z,11.0225306,-4.5633483,2.0358944,0.3923160,0.3078141,-2.0820878,5.0123763,-7.0950537,4.5576758,-0.3972286,0.3305976,-0.8283325,0.2162872
gait_20260919_223030_andrew_abnormal_rightleg_rightpocket_3,andrew_abnormal_rightleg_rightpocket_3,2514086159634592,2026-09-19T22:30:49.284053Z,12.6266460,-2.8333132,2.2854900,0.1513174,-0.5256305,-2.4504390,5.2931838,-6.8415103,4.6273165,-0.4017166,0.3196523,-0.8347660,0.1990277
gait_20260919_223030_andrew_abnormal_rightleg_rightpocket_3,andrew_abnormal_rightleg_rightpocket_3,2514086179802399,2026-09-19T22:30:49.303982Z,12.7003422,-2.9765165,2.9362640,-0.1065683,-1.8007201,-3.0229836,5.7084837,-6.5474672,4.5585079,-0.4158618,0.3068700,-0.8369122,0.1801883
gait_20260919_223030_andrew_abnormal_rightleg_rightpocket_3,andrew_abnormal_rightleg_rightpocket_3,2514086199969634,2026-09-19T22:30:49.324352Z,11.5350389,-4.3257985,3.5345900,-0.5531262,-2.2829838,-3.6595457,6.2956319,-6.1788740,4.2921629,-0.4427112,0.2911539,-0.8330502,0.1589456
gait_20260919_223030_andrew_abnormal_rightleg_rightpocket_3,andrew_abnormal_rightleg_rightpocket_3,2514086220138824,2026-09-19T22:30:49.344404Z,10.6324253,-4.1336641,3.7061493,-1.2497090,-1.7579529,-4.1709871,6.9418359,-5.7267170,3.9053488,-0.4737897,0.2757841,-0.8260480,0.1308101
gait_20260919_223030_andrew_abnormal_rightleg_rightpocket_3,andrew_abnormal_rightleg_rightpocket_3,2514086240286203,2026-09-19T22:30:49.364332Z,9.5337858,-3.9580643,4.0619130,-1.9858116,-0.3633549,-4.6844935,7.5339942,-5.2050529,3.5188708,-0.5002933,0.2644431,-0.8192353,0.0928982
gait_20260919_223030_andrew_abnormal_rightleg_rightpocket_3,andrew_abnormal_rightleg_rightpocket_3,2514086260476512,2026-09-19T22:30:49.385094Z,8.0087547,-4.7067013,4.1149592,-2.4341180,1.3709828,-5.0518122,8.0129023,-4.5953650,3.3033521,-0.5147697,0.2571618,-0.8167405,0.0426030
gait_20260919_223030_andrew_abnormal_rightleg_rightpocket_3,andrew_abnormal_rightleg_rightpocket_3,2514086280642405,2026-09-19T22:30:49.404871Z,7.4039941,-4.4089971,4.9831567,-2.4059730,2.5066292,-5.0920315,8.3361902,-3.9240685,3.3683462,0.5141920,-0.2514552,0.8198206,0.0164594
gait_20260919_223030_andrew_abnormal_rightleg_rightpocket_3,andrew_abnormal_rightleg_rightpocket_3,2514086300810822,2026-09-19T22:30:49.425001Z,7.2265239,-4.9718590,4.9183636,-2.0476975,3.3573272,-5.3222880,8.3427744,-3.4094279,3.8742757,0.4910484,-0.2471090,0.8321898,0.0725869
gait_20260919_223030_andrew_abnormal_rightleg_rightpocket_3,andrew_abnormal_rightleg_rightpocket_3,2514086320978057,2026-09-19T22:30:49.445212Z,4.7991023,-5.1846437,6.1975408,-1.6797961,3.7029624,-5.5912652,8.3014402,-2.8376217,4.3897715,0.4668556,-0.2391324,0.8411075,0.1319082
gait_20260919_223030_andrew_abnormal_rightleg_rightpocket_3,andrew_abnormal_rightleg_rightpocket_3,2514086341148916,2026-09-19T22:30:49.466119Z,2.1791725,-3.3381157,8.6558619,-0.9877930,4.4599824,-5.1921544,8.1627531,-2.1524248,4.9972630,0.4402089,-0.2233420,0.8478594,0.1935689
gait_20260919_223030_andrew_abnormal_rightleg_rightpocket_3,andrew_abnormal_rightleg_rightpocket_3,2514086361292673,2026-09-19T22:30:49.485478Z,1.8053029,-1.9406501,8.1071415,0.5507613,5.1946859,-4.1789312,7.6179028,-1.5412443,5.9856687,0.3927760,-0.1988707,0.8628770,0.2482358
gait_20260919_223030_andrew_abnormal_rightleg_rightpocket_3,andrew_abnormal_rightleg_rightpocket_3,2514086381459625,2026-09-19T22:30:49.506360Z,3.4909706,-2.1231332,5.9436808,1.9762856,5.3275008,-3.2147865,7.0291710,-0.8403010,6.7912273,0.3560932,-0.1614228,0.8740274,0.2884726
gait_20260919_223030_andrew_abnormal_rightleg_rightpocket_3,andrew_abnormal_rightleg_rightpocket_3,2514086401652740,2026-09-19T22:30:49.526383Z,2.8562078,-0.9645640,6.0795517,2.4401634,4.9943895,-3.0251153,6.2879891,-0.1109544,7.5289440,0.3198591,-0.1148734,0.8862667,0.3146836
gait_20260919_223030_andrew_abnormal_rightleg_rightpocket_3,andrew_abnormal_rightleg_rightpocket_3,2514086421821035,2026-09-19T22:30:49.545892Z,2.4428339,-0.9243115,7.2070708,2.3975294,4.4465261,-2.9098203,5.4974160,0.6382092,8.0998287,0.2867998,-0.0668328,0.8940901,0.3374645
gait_20260919_223030_andrew_abnormal_rightleg_rightpocket_3,andrew_abnormal_rightleg_rightpocket_3,2514086441993113,2026-09-19T22:30:49.566059Z,2.5029135,-1.3384336,9.1468983,2.5039313,4.4941726,-2.3242190,4.7074852,1.3319333,8.5030375,0.2569374,-0.0220036,0.8972580,0.3583676
gait_20260919_223030_andrew_abnormal_rightleg_rightpocket_3,andrew_abnormal_rightleg_rightpocket_3,2514086462160553,2026-09-19T22:30:49.586289Z,2.7442040,-2.4164228,9.4055462,2.8523810,5.5528116,-1.5321426,3.7521634,1.7183645,8.8996964,0.2154516,0.0148860,0.9035230,0.3701423
gait_20260919_223030_andrew_abnormal_rightleg_rightpocket_3,andrew_abnormal_rightleg_rightpocket_3,2514086482327219,2026-09-19T22:30:49.606428Z,2.2341642,-1.3076082,5.0017867,2.8191397,6.1811466,-1.1342475,2.6628342,2.0950947,9.2063026,0.1681284,0.0564372,0.9108284,0.3727458
gait_20260919_223030_andrew_abnormal_rightleg_rightpocket_3,andrew_abnormal_rightleg_rightpocket_3,2514086502496450,2026-09-19T22:30:49.627290Z,-0.3457377,-0.3437176,6.8922334,0.9176801,2.5976927,-1.4005934,1.5129659,2.6270499,9.3298264,0.1228016,0.1043703,0.9138911,0.3725989
gait_20260919_223030_andrew_abnormal_rightleg_rightpocket_3,andrew_abnormal_rightleg_rightpocket_3,2514086522663564,2026-09-19T22:30:49.647561Z,0.1584662,-1.6459389,7.8868747,0.6072014,2.2860148,-1.1367788,1.0399741,2.7816894,9.3496933,0.1040293,0.1199983,0.9108351,0.3809958
gait_20260919_223030_andrew_abnormal_rightleg_rightpocket_3,andrew_abnormal_rightleg_rightpocket_3,2514086542833405,2026-09-19T22:30:49.667037Z,0.7475147,-1.3277345,6.7506013,0.9587820,2.4850957,-0.9737039,0.5410254,2.9109945,9.3525133,0.0834985,0.1356092,0.9085054,0.3863367
gait_20260919_223030_andrew_abnormal_rightleg_rightpocket_3,andrew_abnormal_rightleg_rightpocket_3,2514086563001617,2026-09-19T22:30:49.687917Z,3.9650972,0.3709516,8.1479921,0.9658432,1.1265534,-0.8007697,0.0275674,3.1019714,9.3066168,0.0635887,0.1549750,0.9055948,0.3896633
gait_20260919_223030_andrew_abnormal_rightleg_rightpocket_3,andrew_abnormal_rightleg_rightpocket_3,2514086583174551,2026-09-19T22:30:49.707713Z,10.1441574,6.0147586,10.7689695,1.3464849,0.1753989,-1.3030015,-0.1542231,3.2711165,9.2472763,0.0590343,0.1669416,0.9021226,0.3934721
gait_20260919_223030_andrew_abnormal_rightleg_rightpocket_3,andrew_abnormal_rightleg_rightpocket_3,2514086603338369,2026-09-19T22:30:49.727460Z,1.6747441,3.6117282,10.0116539,1.4794164,-0.4142492,-2.1875072,-0.2541393,3.5285780,9.1498985,0.0620885,0.1807772,0.8939173,0.4054340
gait_20260919_223030_andrew_abnormal_rightleg_rightpocket_3,andrew_abnormal_rightleg_rightpocket_3,2514086623505850,2026-09-19T22:30:49.747885Z,-2.7267714,0.2297685,6.5312328,1.2229961,0.4373815,-1.9437938,-0.3450894,3.7872465,9.0428858,0.0674766,0.1939422,0.8818311,0.4245083
gait_20260919_223030_andrew_abnormal_rightleg_rightpocket_3,andrew_abnormal_rightleg_rightpocket_3,2514086643674143,2026-09-19T22:30:49.768015Z,-3.2612021,1.0824037,4.1889553,0.5031644,0.7888455,-1.2124043,-0.5991486,3.9740567,8.9489660,0.0630868,0.2078248,0.8723223,0.4380443
gait_20260919_223030_andrew_abnormal_rightleg_rightpocket_3,andrew_abnormal_rightleg_rightpocket_3,2514086663841828,2026-09-19T22:30:49.788678Z,-1.4391397,3.2875383,4.8252144,-0.2521901,0.4171803,-0.3823237,-0.8342015,4.0225544,8.9083824,0.0548414,0.2153261,0.8679128,0.4442462
gait_20260919_223030_andrew_abnormal_rightleg_rightpocket_3,andrew_abnormal_rightleg_rightpocket_3,2514086684013214,2026-09-19T22:30:49.808620Z,1.5209914,4.9206080,6.9364514,-0.8360760,0.2707925,0.1384606,-0.9192625,3.9480276,8.9333162,0.0491053,0.2137358,0.8684075,0.4447182
gait_20260919_223030_andrew_abnormal_rightleg_rightpocket_3,andrew_abnormal_rightleg_rightpocket_3,2514086704180329,2026-09-19T22:30:49.835524Z,1.9232922,5.0213890,8.7864208,-1.0040140,0.6065352,0.0535423,-0.9508523,3.7867775,8.9995718,0.0428751,0.2068986,0.8718803,0.4417912
gait_20260919_223030_andrew_abnormal_rightleg_rightpocket_3,andrew_abnormal_rightleg_rightpocket_3,2514086724324331,2026-09-19T22:30:49.853908Z,0.5758803,4.4853873,9.9571104,-0.9557843,1.1081009,-0.1902376,-1.0216902,3.6217916,9.0595188,0.0346415,0.2010974,0.8749409,0.4391336
gait_20260919_223030_andrew_abnormal_rightleg_rightpocket_3,andrew_abnormal_rightleg_rightpocket_3,2514086744515453,2026-09-19T22:30:49.868970Z,-1.0006267,4.2023478,10.4979010,-0.3887188,1.1421914,-0.3580090,-1.2565670,3.4492147,9.0972567,0.0194482,0.1984143,0.8763668,0.4384460
gait_20260919_223030_andrew_abnormal_rightleg_rightpocket_3,andrew_abnormal_rightleg_rightpocket_3,2514086764684642,2026-09-19T22:30:49.889380Z,-1.5007155,3.6705356,11.0888948,0.2810513,-0.7593514,-0.2923426,-1.4660187,3.3898749,9.0882149,0.0086378,0.2005412,0.8754411,0.4396723
gait_20260919_223030_andrew_abnormal_rightleg_rightpocket_3,andrew_abnormal_rightleg_rightpocket_3,2514086784852448,2026-09-19T22:30:49.910214Z,-0.7853730,3.5522470,9.6650181,1.1195921,-1.5488964,-0.2931254,-1.2862605,3.4589500,9.0894060,0.0193452,0.1994677,0.8735387,0.4435862
gait_20260919_223030_andrew_abnormal_rightleg_rightpocket_3,andrew_abnormal_rightleg_rightpocket_3,2514086804999624,2026-09-19T22:30:49.929010Z,-0.1423802,4.5381346,7.9005661,1.2770714,-1.0414686,-0.1340639,-1.0148962,3.6824672,9.0357914,0.0384736,0.2034239,0.8692044,0.4490237
gait_20260919_223030_andrew_abnormal_rightleg_rightpocket_3,andrew_abnormal_rightleg_rightpocket_3,2514086825171377,2026-09-19T22:30:49.949268Z,-0.2129343,5.6186676,8.2515411,0.5420346,-0.8997605,0.4084370,-0.8455244,3.9067144,8.9587269,0.0522498,0.2099678,0.8660813,0.4506516
gait_20260919_223030_andrew_abnormal_rightleg_rightpocket_3,andrew_abnormal_rightleg_rightpocket_3,2514086845357412,2026-09-19T22:30:49.973955Z,1.4654759,5.5734024,7.7963438,0.2256438,-1.1568469,0.5602207,-0.6010698,4.1562533,8.8656855,0.0696805,0.2148825,0.8658867,0.4463299
gait_20260919_223030_andrew_abnormal_rightleg_rightpocket_3,andrew_abnormal_rightleg_rightpocket_3,2514086865526439,2026-09-19T22:30:49.990108Z,1.7684921,5.0484734,7.3808002,0.3195052,-1.0324588,0.4422278,0.1221185,4.4770226,8.7279701,0.1062400,0.2144270,0.8664593,0.4381578
gait_20260919_223030_andrew_abnormal_rightleg_rightpocket_3,andrew_abnormal_rightleg_rightpocket_3,2514086885670115,2026-09-19T22:30:50.009656Z,1.9773114,5.1467853,7.5512371,0.3308298,-0.6492691,0.2980216,0.3317864,4.5680509,8.6751909,0.1174840,0.2138827,0.8662961,0.4358703
gait_20260919_223030_andrew_abnormal_rightleg_rightpocket_3,andrew_abnormal_rightleg_rightpocket_3,2514086905846548,2026-09-19T22:30:50.043689Z,1.3183073,5.3080201,7.9147820,0.2418647,-0.3070147,0.1276189,0.6256587,4.7514734,8.5596828,0.1371499,0.2158632,0.8652060,0.4312905
gait_20260919_223030_andrew_abnormal_rightleg_rightpocket_3,andrew_abnormal_rightleg_rightpocket_3,2514086926029612,2026-09-19T22:30:50.052053Z,0.5553800,5.5745244,8.0948706,0.2010959,-0.0328082,0.0467309,0.6366913,4.7978039,8.5329838,0.1396553,0.2174845,0.8647380,0.4306103
gait_20260919_223030_andrew_abnormal_rightleg_rightpocket_3,andrew_abnormal_rightleg_rightpocket_3,2514086946202383,2026-09-19T22:30:50.079528Z,0.1144728,5.8467155,8.4456215,0.1199414,-0.0217500,0.0853679,0.6386721,4.8278747,8.5158567,0.1403098,0.2191882,0.8646030,0.4298038
gait_20260919_223030_andrew_abnormal_rightleg_rightpocket_3,andrew_abnormal_rightleg_rightpocket_3,2514086966342438,2026-09-19T22:30:50.092422Z,0.1188123,5.7871594,8.4469681,0.0623689,-0.1667222,0.1470540,0.6807349,4.8373823,8.5071993,0.1420736,0.2190196,0.8648451,0.4288222
gait_20260919_223030_andrew_abnormal_rightleg_rightpocket_3,andrew_abnormal_rightleg_rightpocket_3,2514086986536326,2026-09-19T22:30:50.110749Z,0.6349872,5.6790466,8.0846958,0.1153449,-0.0710789,0.1408587,0.7078354,4.8630538,8.4903355,0.1439786,0.2191666,0.8650625,0.4276717
gait_20260919_223030_andrew_abnormal_rightleg_rightpocket_3,andrew_abnormal_rightleg_rightpocket_3,2514087006704254,2026-09-19T22:30:50.130760Z,0.9573066,5.7840919,7.8565731,0.1257037,0.1037705,0.0846851,0.7199833,4.9463587,8.4410467,0.1458186,0.2215572,0.8649018,0.4261387
gait_20260919_223030_andrew_abnormal_rightleg_rightpocket_3,andrew_abnormal_rightleg_rightpocket_3,2514087026865672,2026-09-19T22:30:50.151167Z,0.7852982,5.7657614,7.6999769,0.1111815,0.3230025,0.0072278,0.6821036,5.0155878,8.4032564,0.1466457,0.2256951,0.8644371,0.4246237
gait_20260919_223030_andrew_abnormal_rightleg_rightpocket_3,andrew_abnormal_rightleg_rightpocket_3,2514087047017243,2026-09-19T22:30:50.171177Z,0.4972458,5.4952912,7.7148662,0.0151717,0.4657264,-0.0317257,0.5983589,5.0259428,8.4034500,0.1431907,0.2285883,0.8647322,0.4236533
gait_20260919_223030_andrew_abnormal_rightleg_rightpocket_3,andrew_abnormal_rightleg_rightpocket_3,2514087067210113,2026-09-19T22:30:50.191470Z,0.3155109,5.3311391,8.0499792,-0.1379276,0.3960132,-0.0579722,0.5228444,5.0047865,8.4210958,0.1388506,0.2297277,0.8653467,0.4232266
gait_20260919_223030_andrew_abnormal_rightleg_rightpocket_3,andrew_abnormal_rightleg_rightpocket_3,2514087087378367,2026-09-19T22:30:50.211597Z,0.2303671,5.2672439,8.2624645,-0.1971156,0.2435634,-0.0776905,0.4702789,4.9720678,8.4435472,0.1352013,0.2294456,0.8659059,0.4234176
gait_20260919_223030_andrew_abnormal_rightleg_rightpocket_3,andrew_abnormal_rightleg_rightpocket_3,2514087107548492,2026-09-19T22:30:50.231787Z,0.3246388,5.2459950,8.3462620,-0.1622423,0.0804883,-0.0785398,0.4483778,4.9444246,8.4609528,0.1332360,0.2284556,0.8661267,0.4241237
gait_20260919_223030_andrew_abnormal_rightleg_rightpocket_3,andrew_abnormal_rightleg_rightpocket_3,2514087127716624,2026-09-19T22:30:50.251980Z,0.3064578,5.1173816,8.2335100,-0.0918629,0.1247711,-0.0777238,0.4214610,4.9291978,8.4712152,0.1318278,0.2279473,0.8661745,0.4247390
gait_20260919_223030_andrew_abnormal_rightleg_rightpocket_3,andrew_abnormal_rightleg_rightpocket_3,2514087147883819,2026-09-19T22:30:50.272302Z,0.1352724,5.0757074,8.2466030,-0.0647837,0.1816275,-0.0877661,0.3816104,4.9196701,8.4786396,0.1298819,0.2282464,0.8661791,0.4251684
gait_20260919_223030_andrew_abnormal_rightleg_rightpocket_3,andrew_abnormal_rightleg_rightpocket_3,2514087168027497,2026-09-19T22:30:50.292208Z,0.1212813,5.1624975,8.3529205,-0.0616361,0.2195151,-0.0652333,0.3366387,4.9100466,8.4861193,0.1275871,0.2287157,0.8662675,0.4254308
gait_20260919_223030_andrew_abnormal_rightleg_rightpocket_3,andrew_abnormal_rightleg_rightpocket_3,2514087188195262,2026-09-19T22:30:50.312354Z,0.0653916,5.1824741,8.2034330,-0.0414349,0.2730574,-0.0306765,0.2865633,4.9035978,8.4916849,0.1250404,0.2294636,0.8665226,0.4252648
gait_20260919_223030_andrew_abnormal_rightleg_rightpocket_3,andrew_abnormal_rightleg_rightpocket_3,2514087208389150,2026-09-19T22:30:50.332972Z,-0.1167921,5.2256446,8.1153708,-0.0336575,0.2801853,0.0055791,0.2377763,4.8989739,8.4958591,0.1224041,0.2304480,0.8669100,0.4247095
gait_20260919_223030_andrew_abnormal_rightleg_rightpocket_3,andrew_abnormal_rightleg_rightpocket_3,2514087228528524,2026-09-19T22:30:50.353118Z,-0.2996493,5.3512654,8.0778866,-0.0409353,0.2671786,0.0470972,0.2042988,4.8956347,8.4986553,0.1199274,0.2313280,0.8674519,0.4238302
gait_20260919_223030_andrew_abnormal_rightleg_rightpocket_3,andrew_abnormal_rightleg_rightpocket_3,2514087248725251,2026-09-19T22:30:50.372816Z,-0.4941782,5.3667526,8.0171337,-0.0251641,0.2450123,0.0950272,0.1660152,4.8929410,8.5010395,0.1177313,0.2321670,0.8681625,0.4225303
gait_20260919_223030_andrew_abnormal_rightleg_rightpocket_3,andrew_abnormal_rightleg_rightpocket_3,2514087268894440,2026-09-19T22:30:50.392979Z,-0.4465186,5.2811599,8.0361376,-0.0594711,0.2097726,0.1399428,0.1660152,4.8929410,8.5010395,0.1177313,0.2321670,0.8681625,0.4225303
gait_20260919_223030_andrew_abnormal_rightleg_rightpocket_3,andrew_abnormal_rightleg_rightpocket_3,2514087289038768,2026-09-19T22:30:50.413231Z,-0.2956839,5.3934631,7.9848871,-0.0797722,0.1758319,0.1615928,0.1315397,4.8793945,8.5094242,0.1151196,0.2325841,0.8695770,0.4201048
gait_20260919_223030_andrew_abnormal_rightleg_rightpocket_3,andrew_abnormal_rightleg_rightpocket_3,2514087309250519,2026-09-19T22:30:50.433277Z,-0.3165584,5.4091001,8.0634470,-0.1055191,0.1554809,0.1395431,0.1176048,4.8659492,8.5173244,0.1136663,0.2324273,0.8706388,0.4183847
gait_20260919_223030_andrew_abnormal_rightleg_rightpocket_3,andrew_abnormal_rightleg_rightpocket_3,2514087329403351,2026-09-19T22:30:50.484904Z,-0.2294693,5.3498435,8.2175732,-0.1241216,0.1522500,0.1253706,0.1030588,4.8485961,8.5274029,0.1121638,0.2320259,0.8716257,0.4169557
gait_20260919_223030_andrew_abnormal_rightleg_rightpocket_3,andrew_abnormal_rightleg_rightpocket_3,2514087349541982,2026-09-19T22:30:50.485807Z,-0.1263690,5.3187189,8.1697645,-0.1299837,0.1151118,0.0949772,0.0884418,4.8282089,8.5391264,0.1106176,0.2314683,0.8725808,0.4156792
gait_20260919_223030_andrew_abnormal_rightleg_rightpocket_3,andrew_abnormal_rightleg_rightpocket_3,2514087369735790,2026-09-19T22:30:50.493720Z,-0.0757914,5.3855324,8.1151466,-0.1563635,0.0913800,0.0654998,0.0779774,4.8062673,8.5515976,0.1093267,0.2306997,0.8733693,0.4147909
gait_20260919_223030_andrew_abnormal_rightleg_rightpocket_3,andrew_abnormal_rightleg_rightpocket_3,2514087389904043,2026-09-19T22:30:50.514001Z,-0.1106570,5.3742347,8.4528036,-0.1891717,0.0782234,0.0595710,0.0688837,4.7793407,8.5667534,0.1080545,0.2295961,0.8740921,0.4142138
gait_20260919_223030_andrew_abnormal_rightleg_rightpocket_3,andrew_abnormal_rightleg_rightpocket_3,2514087410047679,2026-09-19T22:30:50.534250Z,-0.1474679,5.2887917,8.7343473,-0.1718350,0.0506945,0.0611864,0.0614713,4.7461967,8.5852165,0.1067303,0.2281545,0.8748568,0.4137390
gait_20260919_223030_andrew_abnormal_rightleg_rightpocket_3,andrew_abnormal_rightleg_rightpocket_3,2514087430235138,2026-09-19T22:30:50.554207Z,-0.1467945,5.2554226,8.7929306,-0.1108984,0.0158379,0.0658662,0.0596415,4.7176075,8.6009731,0.1057944,0.2268205,0.8755368,0.4132740
gait_20260919_223030_andrew_abnormal_rightleg_rightpocket_3,andrew_abnormal_rightleg_rightpocket_3,2514087450408967,2026-09-19T22:30:50.574473Z,-0.2447323,5.2840781,8.8001881,-0.0559072,-0.0031975,0.0463312,0.0638560,4.7002997,8.6104136,0.1054401,0.2259160,0.8760271,0.4128208
gait_20260919_223030_andrew_abnormal_rightleg_rightpocket_3,andrew_abnormal_rightleg_rightpocket_3,2514087470577830,2026-09-19T22:30:50.594786Z,-0.4361188,5.1770873,8.5417633,-0.0034307,0.0889985,0.0220664,0.0680609,4.6922259,8.6147833,0.1053529,0.2254585,0.8763103,0.4124919
gait_20260919_223030_andrew_abnormal_rightleg_rightpocket_3,andrew_abnormal_rightleg_rightpocket_3,2514087490745962,2026-09-19T22:30:50.614725Z,-0.3301754,5.1225443,8.1131268,-0.0092929,0.1950172,0.0228825,0.0499536,4.6931663,8.6143961,0.1044160,0.2259513,0.8764918,0.4120744
gait_20260919_223030_andrew_abnormal_rightleg_rightpocket_3,andrew_abnormal_rightleg_rightpocket_3,2514087510914297,2026-09-19T22:30:50.634819Z,-0.1307085,5.1486559,7.9503956,-0.1236719,0.1878894,0.0205842,0.0160133,4.6904273,8.6160164,0.1025709,0.2266376,0.8768402,0.4114194
gait_20260919_223030_andrew_abnormal_rightleg_rightpocket_3,andrew_abnormal_rightleg_rightpocket_3,2514087531089956,2026-09-19T22:30:50.655191Z,-0.4598364,5.2021513,8.5211134,-0.2471106,0.0672651,0.0098924,-0.0141367,4.6651640,8.6297245,0.1003897,0.2260870,0.8774367,0.4109884
gait_20260919_223030_andrew_abnormal_rightleg_rightpocket_3,andrew_abnormal_rightleg_rightpocket_3,2514087551250478,2026-09-19T22:30:50.675308Z,-0.6704513,4.9518824,8.8862295,-0.2088899,-0.1503514,0.0587716,-0.0184877,4.6197782,8.6540985,0.0990710,0.2238818,0.8781007,0.4110973
gait_20260919_223030_andrew_abnormal_rightleg_rightpocket_3,andrew_abnormal_rightleg_rightpocket_3,2514087571394278,2026-09-19T22:30:50.695516Z,-0.5104139,5.0373254,8.5792475,-0.0961763,-0.0081604,0.0552577,0.0148613,4.5863156,8.6718855,0.0998121,0.2214681,0.8786417,0.4110697
gait_20260919_223030_andrew_abnormal_rightleg_rightpocket_3,andrew_abnormal_rightleg_rightpocket_3,2514087591588695,2026-09-19T22:30:50.715802Z,-0.1509095,5.3579240,8.7146702,-0.0411685,0.0035806,0.0816208,0.0179789,4.5728183,8.6790047,0.0995261,0.2207596,0.8790526,0.4106412
gait_20260919_223030_andrew_abnormal_rightleg_rightpocket_3,andrew_abnormal_rightleg_rightpocket_3,2514087611756216,2026-09-19T22:30:50.736089Z,0.1393874,5.1268835,8.3767881,0.0043300,0.0198681,0.0878493,0.0245602,4.5676217,8.6817236,0.0995262,0.2204422,0.8794852,0.4098849
gait_20260919_223030_andrew_abnormal_rightleg_rightpocket_3,andrew_abnormal_rightleg_rightpocket_3,2514087631926056,2026-09-19T22:30:50.757073Z,0.2393454,4.8710780,8.2543840,-0.0210672,-0.0325417,0.0676149,0.0297500,4.5705628,8.6801596,0.0996510,0.2205595,0.8798276,0.4090557
gait_20260919_223030_andrew_abnormal_rightleg_rightpocket_3,andrew_abnormal_rightleg_rightpocket_3,2514087652090933,2026-09-19T22:30:50.776842Z,0.3544167,4.9377418,8.6628199,-0.0699464,-0.2605670,0.0074609,0.0439221,4.5651097,8.6829691,0.1000942,0.2200210,0.8800987,0.4086542
gait_20260919_223030_andrew_abnormal_rightleg_rightpocket_3,andrew_abnormal_rightleg_rightpocket_3,2514087672261465,2026-09-19T22:30:50.796401Z,0.2771288,5.5062151,8.6389532,-0.0027979,-0.3602073,-0.0218999,0.0961095,4.5530205,8.6888943,0.1024627,0.2181748,0.8799332,0.4094126
gait_20260919_223030_andrew_abnormal_rightleg_rightpocket_3,andrew_abnormal_rightleg_rightpocket_3,2514087692404125,2026-09-19T22:30:50.816737Z,0.4248960,5.3385463,8.3579340,0.0302435,-0.3499652,0.0161709,0.1589725,4.5549326,8.6869688,0.1057465,0.2167559,0.8794253,0.4104212
gait_20260919_223030_andrew_abnormal_rightleg_rightpocket_3,andrew_abnormal_rightleg_rightpocket_3,2514087712598989,2026-09-19T22:30:50.836832Z,0.7414544,4.8404775,8.3124437,0.0439830,-0.2920429,0.0571229,0.2229093,4.5635619,8.6810322,0.1091298,0.2156926,0.8790516,0.4108962
gait_20260919_223030_andrew_abnormal_rightleg_rightpocket_3,andrew_abnormal_rightleg_rightpocket_3,2514087732766877,2026-09-19T22:30:50.856951Z,0.1506851,3.8619969,8.4245224,0.0279119,-0.0877328,0.1427240,0.2765400,4.5713992,8.6753645,0.1118807,0.2149072,0.8789274,0.4108337
gait_20260919_223030_andrew_abnormal_rightleg_rightpocket_3,andrew_abnormal_rightleg_rightpocket_3,2514087752935903,2026-09-19T22:30:50.877396Z,-0.0224456,4.8376341,8.9203463,0.0258635,0.1030877,0.4523700,0.3029399,4.5744982,8.6728487,0.1128526,0.2146889,0.8795819,0.4092782
gait_20260919_223030_andrew_abnormal_rightleg_rightpocket_3,andrew_abnormal_rightleg_rightpocket_3,2514087773085440,2026-09-19T22:30:50.908501Z,-0.4391116,5.5197573,9.0955725,0.0783400,0.1006895,0.4588484,0.3249696,4.5767140,8.6708813,0.1128493,0.2149518,0.8817024,0.4045512
gait_20260919_223030_andrew_abnormal_rightleg_rightpocket_3,andrew_abnormal_rightleg_rightpocket_3,2514087793271353,2026-09-19T22:30:50.917444Z,-0.5294927,5.1259856,8.7303066,0.1078340,-0.1481198,0.3757954,0.3531218,4.5888934,8.6633406,0.1134994,0.2155239,0.8834221,0.4002906
gait_20260919_223030_andrew_abnormal_rightleg_rightpocket_3,andrew_abnormal_rightleg_rightpocket_3,2514087813436596,2026-09-19T22:30:50.937486Z,0.1146224,4.6149735,8.0118217,0.0956600,-0.2186158,0.3562603,0.4165821,4.6066265,8.6511011,0.1163377,0.2154070,0.8844171,0.3973311
gait_20260919_223030_andrew_abnormal_rightleg_rightpocket_3,andrew_abnormal_rightleg_rightpocket_3,2514087833608267,2026-09-19T22:30:50.957752Z,0.5565023,4.5952210,8.1406603,0.0033974,-0.1829432,0.3266164,0.4889117,4.6186180,8.6409159,0.1194716,0.2148621,0.8853705,0.3945631
gait_20260919_223030_andrew_abnormal_rightleg_rightpocket_3,andrew_abnormal_rightleg_rightpocket_3,2514087853776643,2026-09-19T22:30:50.978034Z,0.4863970,4.8038907,8.5668278,-0.0282950,0.0335077,0.2378344,0.5467010,4.6131372,8.6403809,0.1215565,0.2137220,0.8864585,0.3920948
gait_20260919_223030_andrew_abnormal_rightleg_rightpocket_3,andrew_abnormal_rightleg_rightpocket_3,2514087873923290,2026-09-19T22:30:50.998813Z,0.0381576,5.0784760,8.6450138,-0.0029477,-0.0037138,0.1305166,0.5562438,4.6055226,8.6438341,0.1213605,0.2134278,0.8874582,0.3900491
gait_20260919_223030_andrew_abnormal_rightleg_rightpocket_3,andrew_abnormal_rightleg_rightpocket_3,2514087894104360,2026-09-19T22:30:51.021423Z,-0.3240402,5.0772038,8.7128744,0.0897479,-0.1984812,0.0842688,0.5704787,4.6056170,8.6428556,0.1218370,0.2132625,0.8878528,0.3890916
gait_20260919_223030_andrew_abnormal_rightleg_rightpocket_3,andrew_abnormal_rightleg_rightpocket_3,2514087914271475,2026-09-19T22:30:51.038288Z,0.1375918,4.9262195,8.9043350,0.2708091,-0.3571763,0.1278520,0.6159891,4.6255255,8.6290894,0.1245022,0.2133112,0.8876233,0.3887448
gait_20260919_223030_andrew_abnormal_rightleg_rightpocket_3,andrew_abnormal_rightleg_rightpocket_3,2514087934424429,2026-09-19T22:30:51.058473Z,0.6911761,4.9681182,8.7953997,0.5105588,-0.4273725,0.1408421,0.6949562,4.6777763,8.5948563,0.1294272,0.2144268,0.8869959,0.3879536
gait_20260919_223030_andrew_abnormal_rightleg_rightpocket_3,andrew_abnormal_rightleg_rightpocket_3,2514087954596101,2026-09-19T22:30:51.079095Z,0.7088333,5.2841530,8.5272484,0.7276257,-0.4783668,0.1142458,0.7837639,4.7717757,8.5353374,0.1358124,0.2175028,0.8857436,0.3869185
gait_20260919_223030_andrew_abnormal_rightleg_rightpocket_3,andrew_abnormal_rightleg_rightpocket_3,2514087974761465,2026-09-19T22:30:51.099173Z,0.7148936,5.5842509,8.0656910,0.8763118,-0.5864006,0.1214902,0.8786876,4.9010444,8.4524422,0.1434230,0.2222610,0.8837862,0.3859429
gait_20260919_223030_andrew_abnormal_rightleg_rightpocket_3,andrew_abnormal_rightleg_rightpocket_3,2514087994952098,2026-09-19T22:30:51.119116Z,0.8117092,5.8843493,7.5953803,0.9044236,-0.7662295,0.1407755,0.9941338,5.0524044,8.3499107,0.1526552,0.2277492,0.8812957,0.3848955
gait_20260919_223030_andrew_abnormal_rightleg_rightpocket_3,andrew_abnormal_rightleg_rightpocket_3,2514088015121206,2026-09-19T22:30:51.139224Z,1.2328643,6.1066360,7.4845738,0.8222699,-0.8647873,0.1573960,1.1406935,5.2057219,8.2362242,0.1636255,0.2326337,0.8784243,0.3840299
gait_20260919_223030_andrew_abnormal_rightleg_rightpocket_3,andrew_abnormal_rightleg_rightpocket_3,2514088035313182,2026-09-19T22:30:51.159677Z,1.6166847,6.1153150,7.5542302,0.6817942,-0.7850484,0.1422077,1.3012549,5.3454804,8.1221113,0.1750842,0.2365097,0.8754965,0.3832943
gait_20260919_223030_andrew_abnormal_rightleg_rightpocket_3,andrew_abnormal_rightleg_rightpocket_3,2514088055458812,2026-09-19T22:30:51.180407Z,1.6534207,6.0756607,7.4396825,0.5163876,-0.5706294,0.0962263,1.4406941,5.4516711,8.0274401,0.1847730,0.2392313,0.8730254,0.3826935
gait_20260919_223030_andrew_abnormal_rightleg_rightpocket_3,andrew_abnormal_rightleg_rightpocket_3,2514088075604035,2026-09-19T22:30:51.199799Z,1.6262615,6.0713215,7.0859394,0.3505147,-0.3072812,0.0542584,1.5354539,5.5292664,7.9564881,0.1915540,0.2413874,0.8711581,0.3822601
gait_20260919_223030_andrew_abnormal_rightleg_rightpocket_3,andrew_abnormal_rightleg_rightpocket_3,2514088095772451,2026-09-19T22:30:51.219862Z,1.5826422,6.1233954,6.8703861,0.1747661,-0.1094661,0.0186690,1.5824983,5.5798564,7.9118261,0.1952174,0.2431344,0.8700359,0.3818553
gait_20260919_223030_andrew_abnormal_rightleg_rightpocket_3,andrew_abnormal_rightleg_rightpocket_3,2514088115965933,2026-09-19T22:30:51.240395Z,1.5874306,6.1296802,7.0221186,0.0058289,0.0295940,-0.0040969,1.5961475,5.6033440,7.8924623,0.1965007,0.2441086,0.8695651,0.3816476
gait_20260919_223030_andrew_abnormal_rightleg_rightpocket_3,andrew_abnormal_rightleg_rightpocket_3,2514088136134023,2026-09-19T22:30:51.260721Z,1.6674118,6.0682540,7.3252096,-0.1004230,0.1304001,-0.0235986,1.5866141,5.6015353,7.8956680,0.1959601,0.2441992,0.8696726,0.3816230
gait_20260919_223030_andrew_abnormal_rightleg_rightpocket_3,andrew_abnormal_rightleg_rightpocket_3,2514088156302807,2026-09-19T22:30:51.281016Z,1.4410101,5.9801922,7.5798182,-0.1247377,0.1700364,-0.0428505,1.5605115,5.5851812,7.9124374,0.1942178,0.2438482,0.8701149,0.3817298
gait_20260919_223030_andrew_abnormal_rightleg_rightpocket_3,andrew_abnormal_rightleg_rightpocket_3,2514088176470531,2026-09-19T22:30:51.300701Z,1.1530325,5.9433813,7.7667155,-0.0787064,0.1156447,-0.0253472,1.5276742,5.5674863,7.9312935,0.1921264,0.2435449,0.8705735,0.3819361
gait_20260919_223030_andrew_abnormal_rightleg_rightpocket_3,andrew_abnormal_rightleg_rightpocket_3,2514088196630932,2026-09-19T22:30:51.321597Z,1.1252000,5.8434234,7.9613938,-0.0000333,-0.0121074,0.0173201,1.5091947,5.5579500,7.9415131,0.1909558,0.2433973,0.8708414,0.3820065
gait_20260919_223030_andrew_abnormal_rightleg_rightpocket_3,andrew_abnormal_rightleg_rightpocket_3,2514088216807119,2026-09-19T22:30:51.341053Z,1.0472388,5.7837930,8.0062857,0.0889652,-0.0966426,0.0509943,1.5170345,5.5600452,7.9385524,0.1913691,0.2433769,0.8708290,0.3818409
gait_20260919_223030_andrew_abnormal_rightleg_rightpocket_3,andrew_abnormal_rightleg_rightpocket_3,2514088236976146,2026-09-19T22:30:51.361216Z,1.2297966,5.8376622,8.0211744,0.1598442,-0.1643740,0.0782734,1.5408349,5.5752430,7.9232955,0.1928827,0.2437684,0.8705714,0.3814168
gait_20260919_223030_andrew_abnormal_rightleg_rightpocket_3,andrew_abnormal_rightleg_rightpocket_3,2514088257145661,2026-09-19T22:30:51.381564Z,1.3855695,5.9033532,7.9533882,0.2036773,-0.2182827,0.0813876,1.5782045,5.6001172,7.8983588,0.1952963,0.2444372,0.8701167,0.3807976
gait_20260919_223030_andrew_abnormal_rightleg_rightpocket_3,andrew_abnormal_rightleg_rightpocket_3,2514088277317414,2026-09-19T22:30:51.401677Z,1.5086464,5.8958712,7.7839236,0.2297073,-0.2602339,0.0651001,1.6234238,5.6311579,7.8670626,0.1983031,0.2452577,0.8694479,0.3802432
gait_20260919_223030_andrew_abnormal_rightleg_rightpocket_3,andrew_abnormal_rightleg_rightpocket_3,2514088297473379,2026-09-19T22:30:51.429724Z,1.5387235,5.9780226,7.6015158,0.2504248,-0.2328882,0.0312760,1.7098881,5.7059040,7.7945528,0.2046643,0.2475117,0.8675584,0.3797276
gait_20260919_223030_andrew_abnormal_rightleg_rightpocket_3,andrew_abnormal_rightleg_rightpocket_3,2514088307577220,2026-09-19T22:30:51.449995Z,1.3732991,5.9819131,7.2212863,0.2446459,-0.1890718,-0.0059288,1.7406312,5.7433758,7.7601509,0.2073227,0.2488101,0.8665100,0.3798305
gait_20260919_223030_andrew_abnormal_rightleg_rightpocket_3,andrew_abnormal_rightleg_rightpocket_3,2514088317665193,2026-09-19T22:30:51.450488Z,1.4115316,6.2568722,6.1486840,0.2446459,-0.1890718,-0.0059288,1.7406312,5.7433758,7.7601509,0.2073227,0.2488101,0.8665100,0.3798305
gait_20260919_223030_andrew_abnormal_rightleg_rightpocket_3,andrew_abnormal_rightleg_rightpocket_3,2514088327733634,2026-09-19T22:30:51.469700Z,1.7552491,6.2971992,6.4662151,0.0947108,-0.3018687,-0.0318756,1.7828188,5.7562156,7.7410369,0.2101207,0.2483765,0.8655435,0.3807797
gait_20260919_223030_andrew_abnormal_rightleg_rightpocket_3,andrew_abnormal_rightleg_rightpocket_3,2514088337816234,2026-09-19T22:30:51.469902Z,1.9583821,6.1106763,6.9058504,0.0947108,-0.3018687,-0.0318756,1.7828188,5.7562156,7.7410369,0.2101207,0.2483765,0.8655435,0.3807797
gait_20260919_223030_andrew_abnormal_rightleg_rightpocket_3,andrew_abnormal_rightleg_rightpocket_3,2514088347879589,2026-09-19T22:30:51.489793Z,1.8001404,5.8382607,6.9798460,-0.0189188,-0.0911635,-0.0773241,1.7819997,5.7525015,7.7439857,0.2102300,0.2479704,0.8652290,0.3816975
gait_20260919_223030_andrew_abnormal_rightleg_rightpocket_3,andrew_abnormal_rightleg_rightpocket_3,2514088357987255,2026-09-19T22:30:51.490035Z,1.4954783,5.6843586,7.1657710,-0.0189188,-0.0911635,-0.0773241,1.7819997,5.7525015,7.7439857,0.2102300,0.2479704,0.8652290,0.3816975
gait_20260919_223030_andrew_abnormal_rightleg_rightpocket_3,andrew_abnormal_rightleg_rightpocket_3,2514088368071361,2026-09-19T22:30:51.509734Z,1.5155296,5.7618709,7.6565075,-0.1292177,0.0996070,-0.0249476,1.7578787,5.7307158,7.7656207,0.2084005,0.2473009,0.8658225,0.3817890
gait_20260919_223030_andrew_abnormal_rightleg_rightpocket_3,andrew_abnormal_rightleg_rightpocket_3,2514088378134349,2026-09-19T22:30:51.510087Z,1.7449241,5.9799676,7.9484506,-0.1292177,0.0996070,-0.0249476,1.7578787,5.7307158,7.7656207,0.2084005,0.2473009,0.8658225,0.3817890
