session_id,label,t_ns,wall_time_utc,accel_x_mps2,accel_y_mps2,accel_z_mps2,gyro_x_rads,gyro_y_rads,gyro_z_rads,gravity_x_mps2,gravity_y_mps2,gravity_z_mps2,rotation_qx,rotation_qy,rotation_qz,rotation_qw
gait_20260919_222050_andrew_normal_5,andrew_normal_5,2513486999848696,2026-09-19T22:20:50.154828Z,1.2958617,5.5193081,8.1091614,0.4952538,0.1199414,0.0965593,,,,,,,
gait_20260919_222050_andrew_normal_5,andrew_normal_5,2513487009933021,2026-09-19T22:20:50.155046Z,1.3869162,5.6802435,7.9209919,0.4398463,0.2068248,0.0801552,,,,,,,
gait_20260919_222050_andrew_normal_5,andrew_normal_5,2513487019995561,2026-09-19T22:20:50.155122Z,1.4687679,5.8279357,7.6755114,0.4398463,0.2068248,0.0801552,,,,,,,
gait_20260919_222050_andrew_normal_5,andrew_normal_5,2513487030081905,2026-09-19T22:20:50.179512Z,1.4380174,5.9804168,7.4908586,0.2395331,0.3901344,0.0240815,1.3149534,5.5940723,7.9506826,,,,
gait_20260919_222050_andrew_normal_5,andrew_normal_5,2513487040189286,2026-09-19T22:20:50.179762Z,1.3204770,6.0013657,7.2591448,0.2395331,0.3901344,0.0240815,1.3149534,5.5940723,7.9506826,,,,
gait_20260919_222050_andrew_normal_5,andrew_normal_5,2513487050252201,2026-09-19T22:20:50.179856Z,1.1183915,5.9186163,7.1413798,0.2395331,0.3901344,0.0240815,1.3149534,5.5940723,7.9506826,,,,
gait_20260919_222050_andrew_normal_5,andrew_normal_5,2513487060332597,2026-09-19T22:20:50.193763Z,0.7864953,5.7774334,7.1442981,-0.0850015,0.5416682,-0.0020984,1.2582397,5.6356602,7.9304647,0.0884211,0.3185991,0.9429836,0.0381896
gait_20260919_222050_andrew_normal_5,andrew_normal_5,2513487070417517,2026-09-19T22:20:50.213570Z,0.5485715,5.6426845,7.3403978,-0.3394399,0.5422345,0.0358392,1.1697516,5.6222444,7.9534993,0.0831516,0.3180061,0.9437279,0.0365486
gait_20260919_222050_andrew_normal_5,andrew_normal_5,2513487080500769,2026-09-19T22:20:50.214001Z,0.4077625,5.5799117,7.6340618,-0.3394399,0.5422345,0.0358392,1.1697516,5.6222444,7.9534993,0.0831516,0.3180061,0.9437279,0.0365486
gait_20260919_222050_andrew_normal_5,andrew_normal_5,2513487090589433,2026-09-19T22:20:50.233352Z,0.4852748,5.5829792,7.9595985,-0.3522467,0.3991774,0.0699797,1.0835199,5.5668187,8.0045376,0.0778211,0.3149410,0.9452764,0.0347648
gait_20260919_222050_andrew_normal_5,andrew_normal_5,2513487100691768,2026-09-19T22:20:50.233668Z,0.6596774,5.5848494,8.2468281,-0.3522467,0.3991774,0.0699797,1.0835199,5.5668187,8.0045376,0.0778211,0.3149410,0.9452764,0.0347648
gait_20260919_222050_andrew_normal_5,andrew_normal_5,2513487110775997,2026-09-19T22:20:50.253757Z,0.7608324,5.5731030,8.2920933,-0.2048763,0.2161843,0.0579056,1.0244159,5.5050712,8.0548658,0.0739656,0.3114794,0.9467931,0.0330543
gait_20260919_222050_andrew_normal_5,andrew_normal_5,2513487120869177,2026-09-19T22:20:50.254627Z,0.8655787,5.5493107,8.3266592,-0.2048763,0.2161843,0.0579056,1.0244159,5.5050712,8.0548658,0.0739656,0.3114794,0.9467931,0.0330543
gait_20260919_222050_andrew_normal_5,andrew_normal_5,2513487130949011,2026-09-19T22:20:50.273483Z,1.2431892,5.2863226,8.1212072,-0.0806549,0.1476369,-0.1027046,0.9949691,5.4682379,8.0835953,0.0719559,0.3094177,0.9476625,0.0319220
gait_20260919_222050_andrew_normal_5,andrew_normal_5,2513487141009558,2026-09-19T22:20:50.273936Z,1.5471032,4.8718262,8.0252142,-0.0806549,0.1476369,-0.1027046,0.9949691,5.4682379,8.0835953,0.0719559,0.3094177,0.9476625,0.0319220
gait_20260919_222050_andrew_normal_5,andrew_normal_5,2513487151115516,2026-09-19T22:20:50.293686Z,0.9022399,5.2047701,8.0557404,0.0467975,0.0210339,-0.1296007,0.9650450,5.4560666,8.0954390,0.0704340,0.3087113,0.9479938,0.0323147
gait_20260919_222050_andrew_normal_5,andrew_normal_5,2513487161198563,2026-09-19T22:20:50.294250Z,0.4762965,5.8378868,8.1964750,0.0467975,0.0210339,-0.1296007,0.9650450,5.4560666,8.0954390,0.0704340,0.3087113,0.9479938,0.0323147
gait_20260919_222050_andrew_normal_5,andrew_normal_5,2513487171290849,2026-09-19T22:20:50.313387Z,0.6520458,6.0502224,8.0170593,0.1172102,-0.0709956,-0.0744263,0.9387612,5.4650893,8.0924435,0.0694173,0.3091939,0.9478679,0.0335717
gait_20260919_222050_andrew_normal_5,andrew_normal_5,2513487181369991,2026-09-19T22:20:50.313772Z,0.7348703,5.7356844,7.7967176,0.1172102,-0.0709956,-0.0744263,0.9387612,5.4650893,8.0924435,0.0694173,0.3091939,0.9478679,0.0335717
gait_20260919_222050_andrew_normal_5,andrew_normal_5,2513487191454261,2026-09-19T22:20:50.334553Z,0.9359084,5.3900962,7.5692687,0.0269127,-0.0571229,-0.0764248,0.9453897,5.4867578,8.0769939,0.0700869,0.3104039,0.9473917,0.0344424
gait_20260919_222050_andrew_normal_5,andrew_normal_5,2513487201517208,2026-09-19T22:20:50.336623Z,0.9077765,5.2908115,7.5011835,0.0269127,-0.0571229,-0.0764248,0.9453897,5.4867578,8.0769939,0.0700869,0.3104039,0.9473917,0.0344424
gait_20260919_222050_andrew_normal_5,andrew_normal_5,2513487211624223,2026-09-19T22:20:50.353682Z,0.8164976,5.4103723,7.5787706,-0.0877328,0.0105253,-0.0441995,0.9465981,5.4948645,8.0713406,0.0704318,0.3108265,0.9471945,0.0353391
gait_20260919_222050_andrew_normal_5,andrew_normal_5,2513487221708736,2026-09-19T22:20:50.354015Z,0.8592191,5.4955907,7.7676134,-0.0877328,0.0105253,-0.0441995,0.9465981,5.4948645,8.0713406,0.0704318,0.3108265,0.9471945,0.0353391
gait_20260919_222050_andrew_normal_5,andrew_normal_5,2513487231793128,2026-09-19T22:20:50.373712Z,0.9394997,5.5045691,8.0383081,-0.0893649,0.0452653,-0.0580222,0.9405037,5.4819121,8.0808544,0.0702004,0.3100490,0.9474482,0.0358275
gait_20260919_222050_andrew_normal_5,andrew_normal_5,2513487241876745,2026-09-19T22:20:50.374173Z,1.0731261,5.4861636,8.3549414,-0.0893649,0.0452653,-0.0580222,0.9405037,5.4819121,8.0808544,0.0702004,0.3100490,0.9474482,0.0358275
gait_20260919_222050_andrew_normal_5,andrew_normal_5,2513487251988888,2026-09-19T22:20:50.393544Z,1.1826608,5.5044193,8.5479736,0.0436499,0.0519102,-0.1283017,0.9275107,5.4662485,8.0929575,0.0695730,0.3091262,0.9477799,0.0362476
gait_20260919_222050_andrew_normal_5,andrew_normal_5,2513487262045488,2026-09-19T22:20:50.394029Z,1.1833342,5.5344963,8.6183777,0.0436499,0.0519102,-0.1283017,0.9275107,5.4662485,8.0929575,0.0695730,0.3091262,0.9477799,0.0362476
gait_20260919_222050_andrew_normal_5,andrew_normal_5,2513487272130774,2026-09-19T22:20:50.413547Z,1.1254992,5.5677161,8.5280714,0.1484696,0.0652833,-0.2049096,0.9050372,5.4733672,8.0906906,0.0686772,0.3095157,0.9476802,0.0372266
gait_20260919_222050_andrew_normal_5,andrew_normal_5,2513487282221024,2026-09-19T22:20:50.414001Z,1.1068693,5.6496425,8.3139400,0.1484696,0.0652833,-0.2049096,0.9050372,5.4733672,8.0906906,0.0686772,0.3095157,0.9476802,0.0372266
gait_20260919_222050_andrew_normal_5,andrew_normal_5,2513487292332922,2026-09-19T22:20:50.433396Z,1.0218004,5.7136126,8.0466127,0.1047531,0.0959765,-0.2555375,0.8731567,5.5017552,8.0749235,0.0675386,0.3111287,0.9471686,0.0388470
gait_20260919_222050_andrew_normal_5,andrew_normal_5,2513487302359412,2026-09-19T22:20:50.433911Z,0.8064719,5.7201219,7.8055463,0.1047531,0.0959765,-0.2555375,0.8731567,5.5017552,8.0749235,0.0675386,0.3111287,0.9471686,0.0388470
gait_20260919_222050_andrew_normal_5,andrew_normal_5,2513487312467241,2026-09-19T22:20:50.453379Z,0.6119430,5.6934118,7.6375780,-0.0265796,0.1383606,-0.2167006,0.8288262,5.5255165,8.0633631,0.0658597,0.3124737,0.9467559,0.0409383
gait_20260919_222050_andrew_normal_5,andrew_normal_5,2513487322552160,2026-09-19T22:20:50.453860Z,0.4468179,5.5583639,7.6816463,-0.0265796,0.1383606,-0.2167006,0.8288262,5.5255165,8.0633631,0.0658597,0.3124737,0.9467559,0.0409383
gait_20260919_222050_andrew_normal_5,andrew_normal_5,2513487332636186,2026-09-19T22:20:50.473392Z,0.2919430,5.4451628,7.7944732,-0.1014223,0.1020385,-0.1401926,0.7814285,5.5261068,8.0676899,0.0638309,0.3124980,0.9468106,0.0426644
gait_20260919_222050_andrew_normal_5,andrew_normal_5,2513487342722408,2026-09-19T22:20:50.473847Z,0.3087772,5.4323688,7.9284739,-0.1014223,0.1020385,-0.1401926,0.7814285,5.5261068,8.0676899,0.0638309,0.3124980,0.9468106,0.0426644
gait_20260919_222050_andrew_normal_5,andrew_normal_5,2513487352793128,2026-09-19T22:20:50.493554Z,0.4576666,5.4423947,8.1281652,-0.0905140,0.0794058,-0.1152950,0.7473851,5.5113645,8.0809889,0.0622718,0.3116381,0.9471478,0.0437606
gait_20260919_222050_andrew_normal_5,andrew_normal_5,2513487362864133,2026-09-19T22:20:50.494159Z,0.6265327,5.4907274,8.3614502,-0.0905140,0.0794058,-0.1152950,0.7473851,5.5113645,8.0809889,0.0622718,0.3116381,0.9471478,0.0437606
gait_20260919_222050_andrew_normal_5,andrew_normal_5,2513487372949174,2026-09-19T22:20:50.513465Z,0.7620295,5.5579147,8.4439001,-0.0616694,0.1451221,-0.1542984,0.7232959,5.4971251,8.0928717,0.0611864,0.3108073,0.9474503,0.0446433
gait_20260919_222050_andrew_normal_5,andrew_normal_5,2513487383033973,2026-09-19T22:20:50.514084Z,0.7309797,5.5468416,8.2931404,-0.0616694,0.1451221,-0.1542984,0.7232959,5.4971251,8.0928717,0.0611864,0.3108073,0.9474503,0.0446433
gait_20260919_222050_andrew_normal_5,andrew_normal_5,2513487393136308,2026-09-19T22:20:50.533537Z,0.5891981,5.5356188,8.0958433,-0.0928122,0.1700031,-0.1578790,0.6837927,5.4896588,8.1013689,0.0593510,0.3103974,0.9476520,0.0456800
gait_20260919_222050_andrew_normal_5,andrew_normal_5,2513487403203081,2026-09-19T22:20:50.535484Z,0.4052186,5.4766617,7.9663320,-0.0928122,0.1700031,-0.1578790,0.6837927,5.4896588,8.1013689,0.0593510,0.3103974,0.9476520,0.0456800
gait_20260919_222050_andrew_normal_5,andrew_normal_5,2513487413317216,2026-09-19T22:20:50.553461Z,0.3093758,5.4082770,7.8472204,-0.1279186,0.1251208,-0.1185758,0.6371315,5.4773269,8.1135111,0.0571249,0.3097250,0.9479569,0.0467437
gait_20260919_222050_andrew_normal_5,andrew_normal_5,2513487423395382,2026-09-19T22:20:50.553905Z,0.2843114,5.4201732,7.8505125,-0.1279186,0.1251208,-0.1185758,0.6371315,5.4773269,8.1135111,0.0571249,0.3097250,0.9479569,0.0467437
gait_20260919_222050_andrew_normal_5,andrew_normal_5,2513487433454790,2026-09-19T22:20:50.573751Z,0.3792565,5.5076365,7.9228625,-0.1332312,0.1014223,-0.1170603,0.6027063,5.4580102,8.1291437,0.0554566,0.3086371,0.9483693,0.0475765
gait_20260919_222050_andrew_normal_5,andrew_normal_5,2513487443565752,2026-09-19T22:20:50.574252Z,0.4648492,5.5770683,7.9761333,-0.1332312,0.1014223,-0.1170603,0.6027063,5.4580102,8.1291437,0.0554566,0.3086371,0.9483693,0.0475765
gait_20260919_222050_andrew_normal_5,andrew_normal_5,2513487453641109,2026-09-19T22:20:50.593544Z,0.4812346,5.6141787,8.0180321,-0.1333478,0.1069680,-0.1545316,0.5738237,5.4371705,8.1451836,0.0540752,0.3074525,0.9487917,0.0484082
gait_20260919_222050_andrew_normal_5,andrew_normal_5,2513487463717159,2026-09-19T22:20:50.594021Z,0.4635773,5.6141038,7.9843636,-0.1333478,0.1069680,-0.1545316,0.5738237,5.4371705,8.1451836,0.0540752,0.3074525,0.9487917,0.0484082
gait_20260919_222050_andrew_normal_5,andrew_normal_5,2513487473818437,2026-09-19T22:20:50.613435Z,0.3594295,5.5659952,7.8652520,-0.1589948,0.0861173,-0.1550978,0.5399648,5.4172211,8.1607761,0.0525386,0.3063230,0.9491807,0.0496172
gait_20260919_222050_andrew_normal_5,andrew_normal_5,2513487483907142,2026-09-19T22:20:50.613871Z,0.2214637,5.5120506,7.7994113,-0.1589948,0.0861173,-0.1550978,0.5399648,5.4172211,8.1607761,0.0525386,0.3063230,0.9491807,0.0496172
gait_20260919_222050_andrew_normal_5,andrew_normal_5,2513487493989580,2026-09-19T22:20:50.633721Z,0.0002245,5.5597854,7.8482680,-0.1365953,0.0032642,-0.0740766,0.5071621,5.3932042,8.1787682,0.0510729,0.3049575,0.9496300,0.0509451
gait_20260919_222050_andrew_normal_5,andrew_normal_5,2513487504069210,2026-09-19T22:20:50.634154Z,-0.0147393,5.4527197,8.0812540,-0.1365953,0.0032642,-0.0740766,0.5071621,5.3932042,8.1787682,0.0510729,0.3049575,0.9496300,0.0509451
gait_20260919_222050_andrew_normal_5,andrew_normal_5,2513487514130937,2026-09-19T22:20:50.654084Z,0.1984943,5.3039799,8.2916441,-0.0160211,-0.0389701,-0.0064950,0.4962579,5.3695030,8.1950159,0.0506115,0.3035725,0.9500547,0.0517517
gait_20260919_222050_andrew_normal_5,andrew_normal_5,2513487524244789,2026-09-19T22:20:50.654482Z,-0.0252888,5.2107553,8.3635454,-0.0160211,-0.0389701,-0.0064950,0.4962579,5.3695030,8.1950159,0.0506115,0.3035725,0.9500547,0.0517517
gait_20260919_222050_andrew_normal_5,andrew_normal_5,2513487534318518,2026-09-19T22:20:50.673756Z,-0.0813280,5.1100492,8.1901150,0.0290611,-0.0299937,0.1167106,0.5020775,5.3657470,8.1971207,0.0509464,0.3032928,0.9501085,0.0520754
gait_20260919_222050_andrew_normal_5,andrew_normal_5,2513487544384803,2026-09-19T22:20:50.674177Z,0.2314894,5.0284224,7.8772230,0.0290611,-0.0299937,0.1167106,0.5020775,5.3657470,8.1971207,0.0509464,0.3032928,0.9501085,0.0520754
gait_20260919_222050_andrew_normal_5,andrew_normal_5,2513487554491330,2026-09-19T22:20:50.694220Z,0.5047277,5.2062664,7.7518268,-0.0577557,0.0434500,0.0993738,0.5199596,5.3706183,8.1928148,0.0516237,0.3035676,0.9500411,0.0510270
gait_20260919_222050_andrew_normal_5,andrew_normal_5,2513487564552731,2026-09-19T22:20:50.694854Z,0.4197335,5.3015108,7.6276274,-0.0577557,0.0434500,0.0993738,0.5199596,5.3706183,8.1928148,0.0516237,0.3035676,0.9500411,0.0510270
gait_20260919_222050_andrew_normal_5,andrew_normal_5,2513487574660478,2026-09-19T22:20:50.713664Z,0.3048866,5.2916346,7.5080667,-0.0577557,0.0434500,0.0993738,0.5261204,5.3623099,8.1978617,0.0516160,0.3031120,0.9502452,0.0499292
gait_20260919_222050_andrew_normal_5,andrew_normal_5,2513487584743893,2026-09-19T22:20:50.714208Z,0.3514239,5.2725558,7.5097876,-0.0577557,0.0434500,0.0993738,0.5261204,5.3623099,8.1978617,0.0516160,0.3031120,0.9502452,0.0499292
gait_20260919_222050_andrew_normal_5,andrew_normal_5,2513487594828732,2026-09-19T22:20:50.733619Z,0.4194342,5.3131824,7.5139775,-0.2017454,0.0780735,0.0615528,0.5189669,5.3289676,8.2200298,0.0508980,0.3012299,0.9509225,0.0491570
gait_20260919_222050_andrew_normal_5,andrew_normal_5,2513487604918454,2026-09-19T22:20:50.735433Z,0.6890063,5.3492451,7.5441294,-0.2017454,0.0780735,0.0615528,0.5189669,5.3289676,8.2200298,0.0508980,0.3012299,0.9509225,0.0491570
gait_20260919_222050_andrew_normal_5,andrew_normal_5,2513487614977576,2026-09-19T22:20:50.753917Z,1.0865935,5.4290018,7.8466220,-0.2414650,-0.0524765,-0.0423509,0.5205202,5.2877140,8.2465296,0.0509363,0.2988310,0.9516548,0.0495857
gait_20260919_222050_andrew_normal_5,andrew_normal_5,2513487625059648,2026-09-19T22:20:50.754396Z,1.4913632,5.5370402,7.9961848,-0.2414650,-0.0524765,-0.0423509,0.5205202,5.2877140,8.2465296,0.0509363,0.2988310,0.9516548,0.0495857
gait_20260919_222050_andrew_normal_5,andrew_normal_5,2513487635165850,2026-09-19T22:20:50.773901Z,1.4847791,5.4685063,7.7658925,-0.1188256,-0.2735404,-0.2917098,0.5381399,5.2687106,8.2575550,0.0526501,0.2975360,0.9517811,0.0530378
gait_20260919_222050_andrew_normal_5,andrew_normal_5,2513487645227251,2026-09-19T22:20:50.774467Z,1.1799674,5.1923499,7.1915088,-0.1188256,-0.2735404,-0.2917098,0.5381399,5.2687106,8.2575550,0.0526501,0.2975360,0.9517811,0.0530378
gait_20260919_222050_andrew_normal_5,andrew_normal_5,2513487655334917,2026-09-19T22:20:50.793628Z,1.0948236,4.9414825,6.6145806,-0.0916964,-0.2971556,-0.4915900,0.5375223,5.2624779,8.2615681,0.0541093,0.2969550,0.9515461,0.0587359
gait_20260919_222050_andrew_normal_5,andrew_normal_5,2513487665419390,2026-09-19T22:20:50.794122Z,0.9916484,4.6392894,6.0602484,-0.0916964,-0.2971556,-0.4915900,0.5375223,5.2624779,8.2615681,0.0541093,0.2969550,0.9515461,0.0587359
gait_20260919_222050_andrew_normal_5,andrew_normal_5,2513487675503740,2026-09-19T22:20:50.813733Z,0.3304746,4.5533977,5.7228155,-0.3126604,-0.2279586,-0.5274125,0.5200486,5.2203441,8.2893705,0.0545573,0.2943498,0.9519473,0.0646381
gait_20260919_222050_andrew_normal_5,andrew_normal_5,2513487685588457,2026-09-19T22:20:50.814272Z,0.5162497,4.8119712,5.9425583,-0.3126604,-0.2279586,-0.5274125,0.5200486,5.2203441,8.2893705,0.0545573,0.2943498,0.9519473,0.0646381
gait_20260919_222050_andrew_normal_5,andrew_normal_5,2513487695649980,2026-09-19T22:20:50.835529Z,-0.4508581,4.4300213,5.7950158,-0.5939448,-0.2766547,-0.5613199,0.5045944,5.1283331,8.3475571,0.0549393,0.2888847,0.9531467,0.0709844
gait_20260919_222050_andrew_normal_5,andrew_normal_5,2513487705756751,2026-09-19T22:20:50.836127Z,-0.4991910,3.0278420,4.7535377,-0.5939448,-0.2766547,-0.5613199,0.5045944,5.1283331,8.3475571,0.0549393,0.2888847,0.9531467,0.0709844
gait_20260919_222050_andrew_normal_5,andrew_normal_5,2513487715841672,2026-09-19T22:20:50.853667Z,-1.4582185,4.0518122,5.7628436,-0.9330017,-0.3608401,-0.4869768,0.5184873,4.9836774,8.4338741,0.0564491,0.2803721,0.9551214,0.0771247
gait_20260919_222050_andrew_normal_5,andrew_normal_5,2513487725905108,2026-09-19T22:20:50.855324Z,-1.7598131,4.5253406,7.2521868,-0.9330017,-0.3608401,-0.4869768,0.5184873,4.9836774,8.4338741,0.0564491,0.2803721,0.9551214,0.0771247
gait_20260919_222050_andrew_normal_5,andrew_normal_5,2513487736011064,2026-09-19T22:20:50.873883Z,-0.7740753,4.2298808,8.5241814,-1.2383677,-0.6223398,0.0398361,0.6157756,4.7671847,8.5516596,0.0609011,0.2677278,0.9582849,0.0793910
gait_20260919_222050_andrew_normal_5,andrew_normal_5,2513487746094235,2026-09-19T22:20:50.874190Z,1.0239701,3.9401827,9.4214077,-1.2383677,-0.6223398,0.0398361,0.6157756,4.7671847,8.5516596,0.0609011,0.2677278,0.9582849,0.0793910
gait_20260919_222050_andrew_normal_5,andrew_normal_5,2513487756179725,2026-09-19T22:20:50.905219Z,2.0799627,3.8755391,9.6392059,-0.9329184,-0.6898547,0.3075976,0.7739037,4.5901399,8.6352654,0.0680175,0.2568882,0.9608726,0.0781411
gait_20260919_222050_andrew_normal_5,andrew_normal_5,2513487766240923,2026-09-19T22:20:50.905525Z,2.2228665,3.7878516,8.7537251,-0.9329184,-0.6898547,0.3075976,0.7739037,4.5901399,8.6352654,0.0680175,0.2568882,0.9608726,0.0781411
gait_20260919_222050_andrew_normal_5,andrew_normal_5,2513487776328691,2026-09-19T22:20:50.935341Z,1.7975217,3.5814264,7.2560773,-0.3631217,-0.5842856,0.0271292,0.8782923,4.5207500,8.6618433,0.0733160,0.2525955,0.9615406,0.0791202
gait_20260919_222050_andrew_normal_5,andrew_normal_5,2513487786409827,2026-09-19T22:20:50.936673Z,1.3495067,3.4124107,5.9097877,-0.3631217,-0.5842856,0.0271292,0.8782923,4.5207500,8.6618433,0.0733160,0.2525955,0.9615406,0.0791202
gait_20260919_222050_andrew_normal_5,andrew_normal_5,2513487796502927,2026-09-19T22:20:50.936865Z,1.2780548,3.1437364,4.7932668,-0.0014989,-1.1759322,-0.1534324,1.0524509,4.5235682,8.6409369,0.0832926,0.2518443,0.9605937,0.0830453
gait_20260919_222050_andrew_normal_5,andrew_normal_5,2513487806600990,2026-09-19T22:20:50.937776Z,1.2904748,2.5205708,3.7969046,-0.0014989,-1.1759322,-0.1534324,1.0524509,4.5235682,8.6409369,0.0832926,0.2518443,0.9605937,0.0830453
gait_20260919_222050_andrew_normal_5,andrew_normal_5,2513487816663123,2026-09-19T22:20:50.956928Z,1.2999018,1.5901989,2.7023056,0.1876729,-2.3198557,-0.1652234,1.4239978,4.5607018,8.5678673,0.1046335,0.2518694,0.9578379,0.0903342
gait_20260919_222050_andrew_normal_5,andrew_normal_5,2513487826769894,2026-09-19T22:20:50.957329Z,1.9473090,0.3375824,1.5447090,0.1876729,-2.3198557,-0.1652234,1.4239978,4.5607018,8.5678673,0.1046335,0.2518694,0.9578379,0.0903342
gait_20260919_222050_andrew_normal_5,andrew_normal_5,2513487836854571,2026-09-19T22:20:50.973427Z,2.3881414,-0.7007529,0.7008277,0.2327383,-4.0739946,0.1780969,2.1059191,4.5952668,8.4074211,0.1428389,0.2501925,0.9525098,0.0986193
gait_20260919_222050_andrew_normal_5,andrew_normal_5,2513487846922320,2026-09-19T22:20:50.973685Z,0.9249101,-0.9129390,0.1834557,0.2327383,-4.0739946,0.1780969,2.1059191,4.5952668,8.4074211,0.1428389,0.2501925,0.9525098,0.0986193
gait_20260919_222050_andrew_normal_5,andrew_normal_5,2513487857025123,2026-09-19T22:20:50.994434Z,-0.6171055,-0.8259248,-0.6281787,0.2066583,-6.4841814,0.8055494,3.2273510,4.5896206,8.0470924,0.2054926,0.2442373,0.9416074,0.1072220
gait_20260919_222050_andrew_normal_5,andrew_normal_5,2513487864586138,2026-09-19T22:20:50.994775Z,1.5435867,-0.4581155,-0.7653964,0.2066583,-6.4841814,0.8055494,3.2273510,4.5896206,8.0470924,0.2054926,0.2442373,0.9416074,0.1072220
gait_20260919_222050_andrew_normal_5,andrew_normal_5,2513487889796872,2026-09-19T22:20:51.013849Z,3.9543233,-0.1637035,3.2905309,0.3379910,-8.3992138,1.6044538,5.3696070,4.4848862,6.8767166,0.3304048,0.2303594,0.9083668,0.1124149
gait_20260919_222050_andrew_normal_5,andrew_normal_5,2513487909969561,2026-09-19T22:20:51.034007Z,4.4461823,-4.3155484,1.8751837,1.4499556,-8.4306393,1.6519508,6.5886612,4.5537367,5.6647277,0.4126676,0.2332430,0.8735471,0.1105383
gait_20260919_222050_andrew_normal_5,andrew_normal_5,2513487930116615,2026-09-19T22:20:51.054502Z,3.6759975,-7.4408798,0.9081506,2.9326694,-8.2034969,1.4915737,7.5145044,4.6861072,4.2200408,0.4877732,0.2475745,0.8309622,0.1014199
gait_20260919_222050_andrew_normal_5,andrew_normal_5,2513487950301104,2026-09-19T22:20:51.074197Z,3.2445922,-10.4637833,-0.4934300,4.0490804,-7.0657520,1.7454458,8.2240849,4.5635595,2.7882707,0.5521322,0.2613645,0.7880370,0.0763957
gait_20260919_222050_andrew_normal_5,andrew_normal_5,2513487970472205,2026-09-19T22:20:51.094422Z,5.6893716,-12.9186630,-0.7769933,4.2843671,-5.8675036,2.9761860,8.7885695,4.0993309,1.4807618,0.6077506,0.2668204,0.7468964,0.0399004
gait_20260919_222050_andrew_normal_5,andrew_normal_5,2513487990641680,2026-09-19T22:20:51.115976Z,10.9084320,-13.2249718,0.9434651,3.4833140,-5.1837277,4.6216249,9.2642164,3.2051702,0.3705620,-0.6579542,-0.2543159,-0.7088028,0.0042757
gait_20260919_222050_andrew_normal_5,andrew_normal_5,2513488010795855,2026-09-19T22:20:51.135052Z,17.5117149,-11.9211044,3.4038815,2.9572837,-4.3493671,5.6075697,9.5682354,2.0906138,-0.5606357,-0.7002227,-0.2348962,-0.6720259,0.0537883
gait_20260919_222050_andrew_normal_5,andrew_normal_5,2513488030959877,2026-09-19T22:20:51.155206Z,24.4000568,-9.6872396,4.5308022,3.2035952,-3.7637992,5.6934037,9.6727057,0.9566727,-1.3265210,-0.7328900,-0.2191210,-0.6353489,0.1057829
gait_20260919_222050_andrew_normal_5,andrew_normal_5,2513488051153337,2026-09-19T22:20:51.178331Z,27.5768642,-6.1284828,1.3262382,3.6787477,-2.7044442,4.9632635,9.6552238,-0.0585432,-1.7347485,-0.7504012,-0.2088466,-0.6071481,0.1570108
gait_20260919_222050_andrew_normal_5,andrew_normal_5,2513488071304623,2026-09-19T22:20:51.198479Z,28.1823730,-1.8587984,-3.2689831,3.1785643,-0.5253141,4.3055506,9.6296368,-0.9578377,-1.6089573,-0.7515473,-0.1899943,-0.5987891,0.2013220
gait_20260919_222050_andrew_normal_5,andrew_normal_5,2513488091481606,2026-09-19T22:20:51.218508Z,29.1219463,1.3799580,-4.5071597,1.2221968,1.6025220,4.1200094,9.5845289,-1.7354236,-1.1667260,-0.7446482,-0.1549052,-0.6071733,0.2298785
gait_20260919_222050_andrew_normal_5,andrew_normal_5,2513488111655637,2026-09-19T22:20:51.238605Z,30.6323147,5.6010852,-1.6072575,-0.9445262,2.5977926,3.4671099,9.5186825,-2.2611930,-0.7195753,-0.7362845,-0.1147665,-0.6231787,0.2374069
gait_20260919_222050_andrew_normal_5,andrew_normal_5,2513488131805723,2026-09-19T22:20:51.258623Z,29.8720798,9.7610855,1.7253964,-2.2770219,2.4769351,1.8585758,9.4990444,-2.4187806,-0.3921389,-0.7285144,-0.0845608,-0.6411307,0.2259819
gait_20260919_222050_andrew_normal_5,andrew_normal_5,2513488151980547,2026-09-19T22:20:51.278623Z,25.9506035,13.4762135,4.1239376,-2.4112356,2.2689612,-0.2852314,9.5691462,-2.1596682,-0.0582424,-0.7175329,-0.0727251,-0.6627740,0.2014650
gait_20260919_222050_andrew_normal_5,andrew_normal_5,2513488172160236,2026-09-19T22:20:51.298722Z,18.5692787,16.7254448,3.7002387,-1.8983287,2.3518145,-2.4321697,9.6820993,-1.5417722,0.3405840,-0.7021429,-0.0789174,-0.6872618,0.1686382
gait_20260919_222050_andrew_normal_5,andrew_normal_5,2513488192330136,2026-09-19T22:20:51.319369Z,13.2169657,16.1803894,-0.6328174,-1.2836829,2.2284257,-3.6247225,9.7490149,-0.8232824,0.7176499,-0.6863031,-0.0925532,-0.7086678,0.1349521
gait_20260919_222050_andrew_normal_5,andrew_normal_5,2513488212501198,2026-09-19T22:20:51.339105Z,12.3386679,14.4322481,-2.5833437,-1.1789966,1.7531899,-3.3768790,9.7538948,-0.2391283,1.0200205,-0.6734123,-0.1010702,-0.7249083,0.1039650
gait_20260919_222050_andrew_normal_5,andrew_normal_5,2513488232652504,2026-09-19T22:20:51.359281Z,9.1008844,12.3080673,-3.7299418,-1.4913238,1.0578227,-2.7691281,9.7419415,0.2659135,1.1224924,-0.6682884,-0.1065571,-0.7326390,0.0726390
gait_20260919_222050_andrew_normal_5,andrew_normal_5,2513488252824949,2026-09-19T22:20:51.379352Z,4.7731404,8.5995235,-5.3648825,-1.5415021,0.0367552,-2.8896191,9.7130699,0.8168195,1.1068902,-0.6672431,-0.1141558,-0.7350206,0.0387268
gait_20260919_222050_andrew_normal_5,andrew_normal_5,2513488272993141,2026-09-19T22:20:51.399829Z,2.4771757,4.1834936,-4.7413425,-1.4993677,-0.3681512,-2.9513218,9.6670094,1.3454409,0.9873393,-0.6700313,-0.1220938,-0.7321987,0.0060366
gait_20260919_222050_andrew_normal_5,andrew_normal_5,2513488293173318,2026-09-19T22:20:51.420124Z,6.4615016,2.6264393,-0.7939771,-1.0593716,-1.4288718,-2.4888427,9.6259069,1.7729949,0.6591789,0.6804680,0.1312530,0.7206880,0.0185707
gait_20260919_222050_andrew_normal_5,andrew_normal_5,2513488313319639,2026-09-19T22:20:51.440111Z,7.5222077,1.2328643,1.3560160,0.0815708,-1.6652073,-2.3074319,9.5387192,2.2606239,0.3721718,0.6870118,0.1518092,0.7097545,0.0348920
gait_20260919_222050_andrew_normal_5,andrew_normal_5,2513488333501544,2026-09-19T22:20:51.460255Z,4.2119246,-3.7095912,0.7727286,1.5384045,-0.7059590,-2.8751469,9.3903904,2.8324914,0.1835464,0.6860313,0.1862128,0.7020448,0.0426495
gait_20260919_222050_andrew_normal_5,andrew_normal_5,2513488353668597,2026-09-19T22:20:51.480692Z,3.7562032,-5.9417353,-0.7001544,2.7951913,-0.4490559,-2.5016162,9.2644987,3.2236745,-0.1144446,0.6872970,0.2214562,0.6907778,0.0374963
gait_20260919_222050_andrew_normal_5,andrew_normal_5,2513488373837258,2026-09-19T22:20:51.500304Z,5.2658968,-3.9607577,-3.0910640,3.4322033,-0.4497221,-1.5264137,9.1836529,3.4264746,-0.3948748,0.6878866,0.2518988,0.6802831,0.0239577
gait_20260919_222050_andrew_normal_5,andrew_normal_5,2513488394010028,2026-09-19T22:20:51.520659Z,4.9510593,-0.1081132,-2.1302409,3.1378121,-0.0655498,-1.0984249,9.1095505,3.5851707,-0.6314636,0.6872713,0.2776479,0.6711324,0.0122949
gait_20260919_222050_andrew_normal_5,andrew_normal_5,2513488414199379,2026-09-19T22:20:51.541143Z,9.5845881,2.1536593,-0.6763620,2.8577268,-0.5392368,-0.7752393,9.0838337,3.5549600,-1.0403547,-0.6952593,-0.2951887,-0.6553437,0.0016380
gait_20260919_222050_andrew_normal_5,andrew_normal_5,2513488434347613,2026-09-19T22:20:51.561635Z,10.6057148,6.9383216,0.3240402,2.4734213,-1.5715125,-0.0277288,9.0440397,3.4656987,-1.5589747,-0.7081141,-0.3095322,-0.6344942,0.0134737
gait_20260919_222050_andrew_normal_5,andrew_normal_5,2513488454525287,2026-09-19T22:20:51.581334Z,10.2786074,7.7745714,0.1333271,2.9588492,-1.3842893,-0.0378876,9.0004311,3.4000702,-1.9151684,-0.7123870,-0.3291942,-0.6190554,0.0301080
gait_20260919_222050_andrew_normal_5,andrew_normal_5,2513488474697405,2026-09-19T22:20:51.601131Z,8.0852938,6.0648122,-1.2683283,3.1605947,0.2537056,-0.5135731,8.9969273,3.3718228,-1.9804596,-0.7050691,-0.3503061,-0.6144990,0.0505397
gait_20260919_222050_andrew_normal_5,andrew_normal_5,2513488494862730,2026-09-19T22:20:51.621471Z,7.9044571,2.9669397,-4.3895445,2.9083548,0.8933488,-0.2416148,8.9493637,3.3234880,-2.2581906,-0.7042337,-0.3682199,-0.6032624,0.0674057
gait_20260919_222050_andrew_normal_5,andrew_normal_5,2513488515027890,2026-09-19T22:20:51.641853Z,6.3962593,0.9127146,-3.5467854,2.0044806,0.3872033,0.3286648,9.0048313,3.1060600,-2.3455329,-0.7063472,-0.3704413,-0.5975416,0.0824069
gait_20260919_222050_andrew_normal_5,andrew_normal_5,2513488535200377,2026-09-19T22:20:51.662311Z,6.2602391,-3.0627077,-2.6188078,1.3841727,-0.1006062,1.6762987,9.1415405,2.5815289,-2.4503231,-0.7162040,-0.3586871,-0.5894006,0.1048920
gait_20260919_222050_andrew_normal_5,andrew_normal_5,2513488555345620,2026-09-19T22:20:51.679832Z,7.9993272,-4.5239191,-0.4649989,1.6073682,0.0036972,3.8173416,9.3585634,1.5805258,-2.4809976,-0.7304471,-0.3313920,-0.5790607,0.1459970
gait_20260919_222050_andrew_normal_5,andrew_normal_5,2513488575536050,2026-09-19T22:20:51.700218Z,11.3393135,-3.1968579,-0.4209306,2.0583727,0.8292312,6.0363245,9.5414591,0.1892171,-2.2717533,-0.7411163,-0.2894746,-0.5705427,0.2035491
gait_20260919_222050_andrew_normal_5,andrew_normal_5,2513488595706866,2026-09-19T22:20:51.720228Z,9.3180838,-2.1811178,-1.0002526,2.0191860,1.6750331,6.9833322,9.5432510,-1.2528191,-1.8954955,-0.7460450,-0.2399939,-0.5637524,0.2607740
gait_20260919_222050_andrew_normal_5,andrew_normal_5,2513488615874388,2026-09-19T22:20:51.740663Z,20.1281281,-3.3072155,-2.6655695,1.1720852,2.0185864,7.2001657,9.3263168,-2.6865680,-1.4276855,-0.7473611,-0.1787567,-0.5594514,0.3106632
gait_20260919_222050_andrew_normal_5,andrew_normal_5,2513488636043170,2026-09-19T22:20:51.760365Z,17.8739872,1.8115128,2.6739492,-0.4262234,2.8900354,7.0063977,9.0078545,-3.7746899,-0.9199863,-0.7426495,-0.1141054,-0.5661957,0.3389310
gait_20260919_222050_andrew_normal_5,andrew_normal_5,2513488656218952,2026-09-19T22:20:51.780958Z,15.3546886,1.9563620,2.5417445,-1.8155754,3.1606779,4.4092379,8.7650614,-4.3704271,-0.5560445,-0.7360275,-0.0628949,-0.5796163,0.3440243
gait_20260919_222050_andrew_normal_5,andrew_normal_5,2513488676360675,2026-09-19T22:20:51.805105Z,13.6883249,-0.6261585,0.8421605,-2.2632489,2.7733414,2.8023193,8.5752544,-4.7556214,-0.2918392,-0.7289520,-0.0207836,-0.5936448,0.3402689
gait_20260919_222050_andrew_normal_5,andrew_normal_5,2513488696550902,2026-09-19T22:20:51.821295Z,10.9526501,-2.4506152,-2.4044518,-2.2481606,2.7266772,2.0402200,8.4006824,-5.0656977,-0.0576804,-0.7204394,0.0177959,-0.6079702,0.3332008
gait_20260919_222050_andrew_normal_5,andrew_normal_5,2513488716715940,2026-09-19T22:20:51.841051Z,9.3681374,-4.1386023,-2.7296891,-2.4750366,2.6338816,1.7449129,8.2306042,-5.3370628,0.0951178,-0.7125604,0.0562581,-0.6210973,0.3214512
gait_20260919_222050_andrew_normal_5,andrew_normal_5,2513488736864094,2026-09-19T22:20:51.863007Z,8.5740108,-2.9306526,2.6554689,-2.7965403,2.4150493,1.4702899,8.0769892,-5.5657907,0.1425352,-0.7067097,0.0911057,-0.6304281,0.3079314
gait_20260919_222050_andrew_normal_5,andrew_normal_5,2513488757071538,2026-09-19T22:20:51.886298Z,7.1083846,-3.9717562,1.4466964,-2.1058197,1.0010995,1.5692475,7.8745551,-5.8504162,0.0111270,-0.7071869,0.1179415,-0.6271124,0.3044778
gait_20260919_222050_andrew_normal_5,andrew_normal_5,2513488777203876,2026-09-19T22:20:51.905561Z,3.3588405,-5.4450130,-1.1796681,-1.4224600,-0.5450823,2.2484603,7.5634809,-6.2381282,-0.3400787,-0.7152678,0.1423953,-0.6095834,0.3106827
gait_20260919_222050_andrew_normal_5,andrew_normal_5,2513488797401697,2026-09-19T22:20:51.924385Z,4.7397714,-5.5968952,0.3154361,-0.8322456,-2.2367692,2.5336251,7.2099991,-6.5986276,-0.8427206,-0.7307174,0.1543007,-0.5797282,0.3258200
gait_20260919_222050_andrew_normal_5,andrew_normal_5,2513488817554645,2026-09-19T22:20:51.944041Z,4.1113682,-7.5688195,-0.3191770,-0.1969990,-3.5467820,2.0645514,6.8802400,-6.8559427,-1.3764042,-0.7485567,0.1582773,-0.5470076,0.3396969
gait_20260919_222050_andrew_normal_5,andrew_normal_5,2513488837706776,2026-09-19T22:20:51.964910Z,2.8467805,-9.0927296,-1.3227965,0.3851882,-3.8157594,1.5516443,6.4989710,-7.1280823,-1.7860303,-0.7629789,0.1568044,-0.5138366,0.3595104
gait_20260919_222050_andrew_normal_5,andrew_normal_5,2513488857900654,2026-09-19T22:20:51.984489Z,2.9213002,-9.3863926,-1.5413421,1.0669824,-3.4038250,1.4903079,5.9665089,-7.5429788,-1.9340087,-0.7675088,0.1601447,-0.4836425,0.3890681
gait_20260919_222050_andrew_normal_5,andrew_normal_5,2513488878045858,2026-09-19T22:20:52.004649Z,3.7612908,-7.9709706,-1.4347254,1.6898551,-1.8179569,1.5356566,5.6924472,-7.7936635,-1.7581152,-0.7616084,0.1614534,-0.4743130,0.4109899
gait_20260919_222050_andrew_normal_5,andrew_normal_5,2513488898215249,2026-09-19T22:20:52.024743Z,3.6943281,-6.9403419,-0.6687304,1.9040242,0.0454985,1.3771114,5.5036907,-8.0029192,-1.3779566,-0.7476291,0.1673380,-0.4782259,0.4293585
gait_20260919_222050_andrew_normal_5,andrew_normal_5,2513488918384458,2026-09-19T22:20:52.045081Z,3.1851113,-6.7324204,-0.0457143,1.8842394,1.1254542,1.3267666,5.3066354,-8.1993542,-0.9199708,-0.7296101,0.1771056,-0.4870220,0.4462201
gait_20260919_222050_andrew_normal_5,andrew_normal_5,2513488938574502,2026-09-19T22:20:52.065498Z,3.1317654,-7.5818381,0.2783259,1.8522806,1.4824973,1.6770315,4.9925227,-8.4325199,-0.4510753,-0.7098871,0.1894085,-0.4922620,0.4667579
gait_20260919_222050_andrew_normal_5,andrew_normal_5,2513488958752069,2026-09-19T22:20:52.085562Z,5.1140895,-7.0107465,0.4731541,1.8445365,1.4751695,2.5864182,4.4777217,-8.7284670,0.0029637,-0.6877124,0.2089825,-0.4918869,0.4913505
gait_20260919_222050_andrew_normal_5,andrew_normal_5,2513488978911660,2026-09-19T22:20:52.106051Z,4.9848027,-6.9948101,-0.2499696,1.6511180,1.5496459,3.2882969,3.8817322,-9.0006027,0.3967889,-0.6654797,0.2314200,-0.4884695,0.5147613
gait_20260919_222050_andrew_normal_5,andrew_normal_5,2513488999057326,2026-09-19T22:20:52.126146Z,3.8929720,-6.1079078,0.7288100,1.0423845,1.0642678,3.0673327,3.3180852,-9.2137499,0.5772807,-0.6504129,0.2530882,-0.4799894,0.5315257
gait_20260919_222050_andrew_normal_5,andrew_normal_5,2513489019247293,2026-09-19T22:20:52.145805Z,3.1304188,-5.2231007,0.8205378,0.2464611,1.0498289,3.2219143,2.6717498,-9.4159365,0.6618226,-0.6353039,0.2809793,-0.4696181,0.5448840
gait_20260919_222050_andrew_normal_5,andrew_normal_5,2513489039397826,2026-09-19T22:20:52.163910Z,3.1840639,-4.5659671,0.8347534,0.0121407,1.2317728,3.4788342,1.9911056,-9.5795174,0.7102546,-0.6197065,0.3095499,-0.4576044,0.5574416
gait_20260919_222050_andrew_normal_5,andrew_normal_5,2513489059589965,2026-09-19T22:20:52.184688Z,3.2903814,-5.0909705,1.1272949,-0.0564567,0.9138664,3.2515917,1.4002831,-9.6824951,0.7243123,-0.6070945,0.3322986,-0.4448491,0.5684394
gait_20260919_222050_andrew_normal_5,andrew_normal_5,2513489079734699,2026-09-19T22:20:52.203962Z,3.5089271,-7.8042746,1.4754268,-0.0077441,0.4564169,2.5497794,0.9760860,-9.7331409,0.7411814,-0.5970277,0.3487388,-0.4362792,0.5758469
gait_20260919_222050_andrew_normal_5,andrew_normal_5,2513489099913858,2026-09-19T22:20:52.224104Z,1.5172505,-6.5298109,1.5395465,0.1224062,0.1354962,1.5464483,0.7668431,-9.7490473,0.7772714,-0.5907640,0.3566475,-0.4330396,0.5798942
gait_20260919_222050_andrew_normal_5,andrew_normal_5,2513489120108158,2026-09-19T22:20:52.245855Z,0.9070284,-6.6489973,1.2818706,0.2136696,0.1854246,0.7418982,0.7668431,-9.7490473,0.7772714,-0.5907640,0.3566475,-0.4330396,0.5798942
gait_20260919_222050_andrew_normal_5,andrew_normal_5,2513489140246093,2026-09-19T22:20:52.264778Z,2.3712323,-9.1371717,0.9303718,0.2807682,0.5355729,0.6055859,0.5485563,-9.7538662,0.8929180,-0.5775763,0.3694751,-0.4379909,0.5814273
gait_20260919_222050_andrew_normal_5,andrew_normal_5,2513489160433308,2026-09-19T22:20:52.284878Z,2.5988312,-17.1689701,1.5181483,0.2884456,0.1529328,-0.1717850,0.6836021,-9.7397375,0.9520114,-0.5781091,0.3645865,-0.4434476,0.5798455
gait_20260919_222050_andrew_normal_5,andrew_normal_5,2513489180607055,2026-09-19T22:20:52.304834Z,2.9737482,-24.4056683,2.9876645,0.3656365,-1.0029482,-1.2457787,1.0338606,-9.7042208,0.9976689,-0.5880080,0.3455022,-0.4463543,0.5793468
gait_20260919_222050_andrew_normal_5,andrew_normal_5,2513489200771077,2026-09-19T22:20:52.325347Z,1.9767876,-26.6080360,4.3085155,0.2644140,-2.2488267,-1.8492496,1.4496006,-9.6544456,0.9625248,-0.6031226,0.3218516,-0.4456166,0.5779971
gait_20260919_222050_andrew_normal_5,andrew_normal_5,2513489220939981,2026-09-19T22:20:52.345499Z,0.9924714,-18.9163628,3.4577510,-0.1269527,-1.4851286,-1.5076114,1.6728262,-9.6248703,0.8942286,-0.6098081,0.3147445,-0.4492596,0.5720454
gait_20260919_222050_andrew_normal_5,andrew_normal_5,2513489241109619,2026-09-19T22:20:52.365945Z,0.8911667,-11.3244247,2.0184617,-0.2568865,0.5634349,-0.4583987,1.6610543,-9.6270170,0.8930647,-0.6046064,0.3243814,-0.4581742,0.5650700
gait_20260919_222050_andrew_normal_5,andrew_normal_5,2513489261258625,2026-09-19T22:20:52.385925Z,0.9594764,-7.8291144,1.0859950,-0.1168604,1.5357565,0.3000700,1.5651512,-9.6399031,0.9266573,-0.5993989,0.3308342,-0.4619457,0.5638050
gait_20260919_222050_andrew_normal_5,andrew_normal_5,2513489281478393,2026-09-19T22:20:52.406646Z,1.2407950,-5.8967690,0.6052093,0.0678147,1.6094999,0.6978985,1.3874931,-9.6603069,0.9947132,-0.5876750,0.3461982,-0.4700536,0.5602095
gait_20260919_222050_andrew_normal_5,andrew_normal_5,2513489301617105,2026-09-19T22:20:52.426118Z,1.6178818,-5.3715410,0.4899883,0.2327716,1.2176003,0.8306135,1.2026951,-9.6764975,1.0747283,-0.5761486,0.3591375,-0.4755635,0.5593858
gait_20260919_222050_andrew_normal_5,andrew_normal_5,2513489321786092,2026-09-19T22:20:52.446179Z,2.4405894,-6.4518499,0.6174796,0.3375247,0.7150354,0.7813513,1.0473744,-9.6850748,1.1569178,-0.5665520,0.3681756,-0.4786728,0.5606584
gait_20260919_222050_andrew_normal_5,andrew_normal_5,2513489341944599,2026-09-19T22:20:52.468467Z,2.9318497,-8.4661961,0.8167220,0.3827234,0.1225228,0.5152718,0.9845361,-9.6809778,1.2431636,-0.5586314,0.3724574,-0.4818444,0.5630563
gait_20260919_222050_andrew_normal_5,andrew_normal_5,2513489362118532,2026-09-19T22:20:52.488213Z,3.1317654,-10.2214460,0.9663597,0.2987711,-0.3300970,0.1015555,1.3827534,-9.6362438,1.2111653,-0.5646228,0.3609987,-0.4899988,0.5574786
gait_20260919_222050_andrew_normal_5,andrew_normal_5,2513489379770303,2026-09-19T22:20:52.504065Z,3.2792332,-11.1804733,0.9672575,0.0746928,-0.4185793,-0.2076742,1.4325811,-9.6302814,1.2006387,-0.5660974,0.3589422,-0.4896112,0.5576515
gait_20260919_222050_andrew_normal_5,andrew_normal_5,2513489399939575,2026-09-19T22:20:52.524194Z,3.6621559,-11.1790514,0.9009680,-0.2347701,-0.1109650,-0.2688273,1.4892011,-9.6288147,1.1420619,-0.5680520,0.3591633,-0.4913373,0.5539913
gait_20260919_222050_andrew_normal_5,andrew_normal_5,2513489420108235,2026-09-19T22:20:52.544101Z,4.3729348,-10.8876324,0.6768109,-0.4774175,0.3955136,-0.2026447,1.5215517,-9.6336212,1.0556296,-0.5685142,0.3640831,-0.4947134,0.5472603
gait_20260919_222050_andrew_normal_5,andrew_normal_5,2513489440255208,2026-09-19T22:20:52.564265Z,4.8011975,-10.3373404,0.2055272,-0.5861841,0.8086137,-0.2650636,1.5660542,-9.6360445,0.9644927,-0.5675253,0.3717490,-0.5003976,0.5378848
gait_20260919_222050_andrew_normal_5,andrew_normal_5,2513489460445881,2026-09-19T22:20:52.584808Z,5.2319293,-9.4755020,-1.4241011,-0.6591782,1.0901313,-0.4791995,1.6547300,-9.6305609,0.8661924,-0.5661790,0.3799890,-0.5084522,0.5258576
gait_20260919_222050_andrew_normal_5,andrew_normal_5,2513489480618164,2026-09-19T22:20:52.605375Z,4.8774376,-8.9656124,-2.3693619,-0.8364590,1.4368823,-0.7528898,1.8175923,-9.6134901,0.7164230,-0.5653232,0.3890734,-0.5188909,0.5096901
gait_20260919_222050_andrew_normal_5,andrew_normal_5,2513489500783284,2026-09-19T22:20:52.625044Z,4.4597244,-9.3856449,-2.0581157,-1.1932356,1.6081510,-0.9437934,2.0653698,-9.5797033,0.4468068,-0.5690861,0.3996280,-0.5294248,0.4859504
gait_20260919_222050_andrew_normal_5,andrew_normal_5,2513489520952677,2026-09-19T22:20:52.645381Z,4.1537905,-10.2425442,-1.2661586,-1.5343742,1.3598746,-1.0466813,2.2680149,-9.5422983,0.1917920,-0.5721725,0.4104173,-0.5377391,0.4636950
gait_20260919_222050_andrew_normal_5,andrew_normal_5,2513489541098835,2026-09-19T22:20:52.665923Z,3.8165071,-10.5422688,-0.1677438,-1.6939186,0.9618962,-1.1927360,2.5037878,-9.4846325,-0.0944274,-0.5782205,0.4191960,-0.5432314,0.4414015
gait_20260919_222050_andrew_normal_5,andrew_normal_5,2513489561267578,2026-09-19T22:20:52.686210Z,3.7633109,-9.9898062,1.3860183,-1.6328821,0.9068717,-1.3361261,2.7696309,-9.4044733,-0.3480712,-0.5848053,0.4261580,-0.5486159,0.4188231
gait_20260919_222050_andrew_normal_5,andrew_normal_5,2513489581460816,2026-09-19T22:20:52.706321Z,4.4809728,-8.6860886,1.9036896,-1.3384577,1.0642844,-1.4343009,3.2660270,-9.2488842,-0.1652666,-0.5867093,0.4276794,-0.5613166,0.3972232
gait_20260919_222050_andrew_normal_5,andrew_normal_5,2513489601629353,2026-09-19T22:20:52.725973Z,6.0032363,-7.9011650,1.8038813,-0.9077377,1.0851851,-1.4547518,4.1597104,-8.8761435,0.3833998,-0.5774003,0.3939810,-0.6091087,0.3746655
gait_20260919_222050_andrew_normal_5,andrew_normal_5,2513489621774129,2026-09-19T22:20:52.745939Z,7.3749642,-8.7612066,-0.4808604,-0.2826501,1.8788270,-1.5285287,4.4323936,-8.7347221,0.5427899,-0.5725978,0.3908334,-0.6281306,0.3533172
gait_20260919_222050_andrew_normal_5,andrew_normal_5,2513489641972249,2026-09-19T22:20:52.766087Z,5.3120604,-10.3974190,-2.1220109,0.2529728,2.7487271,-1.7460121,4.7066164,-8.5648594,0.8526725,-0.5598833,0.3900802,-0.6515620,0.3314138
gait_20260919_222050_andrew_normal_5,andrew_normal_5,2513489662158732,2026-09-19T22:20:52.786581Z,4.6312089,-10.6627274,-0.1171662,0.3192720,1.3936154,-1.8019525,4.9918656,-8.3854475,1.0008301,-0.5539576,0.3842611,-0.6688528,0.3132258
gait_20260919_222050_andrew_normal_5,andrew_normal_5,2513489682325643,2026-09-19T22:20:52.806559Z,5.8069119,-10.4143286,-0.0481833,0.1390435,-1.1362460,-1.5220337,5.2642627,-8.2335491,0.8557661,-0.5655875,0.3724034,-0.6690103,0.3063526
gait_20260919_222050_andrew_normal_5,andrew_normal_5,2513489702455974,2026-09-19T22:20:52.828217Z,5.6058736,-9.4193134,1.5558571,-0.2763549,-1.6347140,-1.2281423,5.4822054,-8.1109037,0.6283078,-0.5823862,0.3625409,-0.6619131,0.3020954
gait_20260919_222050_andrew_normal_5,andrew_normal_5,2513489722644287,2026-09-19T22:20:52.846828Z,2.8466311,-7.8336782,2.3514054,-0.3247678,-0.3709158,-0.9654935,5.4378839,-8.1197834,0.8571044,-0.5754758,0.3601114,-0.6689321,0.3027826
gait_20260919_222050_andrew_normal_5,andrew_normal_5,2513489742812663,2026-09-19T22:20:52.867513Z,1.2832921,-6.0934677,0.8455273,0.1586451,0.2041769,-0.5362391,5.5013366,-8.0687494,0.9309570,-0.5746517,0.3580069,-0.6730679,0.2976346
gait_20260919_222050_andrew_normal_5,andrew_normal_5,2513489762961507,2026-09-19T22:20:52.888901Z,1.2520179,-4.9886184,-1.3498061,0.4843122,0.1686374,-0.0942611,5.4980574,-8.0598202,1.0231220,-0.5703517,0.3573890,-0.6775931,0.2963777
gait_20260919_222050_andrew_normal_5,andrew_normal_5,2513489783152019,2026-09-19T22:20:52.907411Z,2.2691047,-4.9794159,-1.6927754,0.3397563,-0.6453555,0.1222730,5.4889712,-8.0722036,0.9730676,-0.5718018,0.3554429,-0.6757724,0.3000579
gait_20260919_222050_andrew_normal_5,andrew_normal_5,2513489803305013,2026-09-19T22:20:52.927714Z,3.1657331,-5.5090580,-1.5988030,0.0801219,-1.6144629,0.1081338,5.5018582,-8.0845118,0.7786772,-0.5812430,0.3521260,-0.6669162,0.3055922
gait_20260919_222050_andrew_normal_5,andrew_normal_5,2513489823487590,2026-09-19T22:20:52.947777Z,3.9767690,-5.9426332,-1.7298107,-0.0512774,-1.8381248,0.1373447,5.5024133,-8.1023512,0.5580843,-0.5928800,0.3487853,-0.6556551,0.3113818
gait_20260919_222050_andrew_normal_5,andrew_normal_5,2513489843657104,2026-09-19T22:20:52.968774Z,4.2565913,-6.4037414,-1.6805052,-0.0217500,-1.6795963,0.2408321,5.4754486,-8.1313381,0.3700539,-0.6026340,0.3464610,-0.6451068,0.3172290
gait_20260919_222050_andrew_normal_5,andrew_normal_5,2513489863826823,2026-09-19T22:20:52.989434Z,3.7511904,-6.5355721,-1.8851346,0.0878993,-1.4089037,0.3283317,5.4272308,-8.1685743,0.2359717,-0.6098788,0.3447221,-0.6360666,0.3234716
gait_20260919_222050_andrew_normal_5,andrew_normal_5,2513489883998088,2026-09-19T22:20:53.008822Z,3.0172927,-7.1003795,-1.6083798,0.1987977,-1.0341909,0.3735138,5.3647947,-8.2115059,0.1620462,-0.6139327,0.3438859,-0.6296023,0.3292874
gait_20260919_222050_andrew_normal_5,andrew_normal_5,2513489904162273,2026-09-19T22:20:53.028859Z,3.3677440,-7.9894509,-1.3019220,0.3609734,-0.8017356,0.4819973,5.2808685,-8.2660809,0.1430279,-0.6154882,0.3435236,-0.6247582,0.3359211
gait_20260919_222050_andrew_normal_5,andrew_normal_5,2513489924331340,2026-09-19T22:20:53.049191Z,4.9119291,-9.2415438,-1.6159365,0.3823737,-0.4006597,0.5952605,5.1020870,-8.3785572,0.0678932,-0.6155164,0.3491010,-0.6178866,0.3427597
gait_20260919_222050_andrew_normal_5,andrew_normal_5,2513489944501343,2026-09-19T22:20:53.069563Z,6.9333835,-9.7256966,-2.8918965,0.2403492,0.0906472,0.7295743,4.9750924,-8.4540014,0.1202559,-0.6109333,0.3538101,-0.6173036,0.3471532
gait_20260919_222050_andrew_normal_5,andrew_normal_5,2513489964667074,2026-09-19T22:20:53.089203Z,8.9228907,-9.7384157,-4.2662430,-0.0363388,0.9850285,0.7419314,4.8473053,-8.5260906,0.2133942,-0.6018925,0.3631871,-0.6208757,0.3468920
gait_20260919_222050_andrew_normal_5,andrew_normal_5,2513489984836141,2026-09-19T22:20:53.109280Z,10.7936602,-10.2093248,-2.0405333,-0.3695501,1.8447363,0.6703863,4.7282224,-8.5890570,0.3288544,-0.5883532,0.3773265,-0.6289021,0.3405106
gait_20260919_222050_andrew_normal_5,andrew_normal_5,2513490005008748,2026-09-19T22:20:53.129681Z,11.7888994,-10.1425114,0.3355623,-0.2219133,2.0919802,0.5255139,4.6299491,-8.6343050,0.4984484,-0.5728533,0.3907516,-0.6392374,0.3324572
gait_20260919_222050_andrew_normal_5,andrew_normal_5,2513490025151246,2026-09-19T22:20:53.150178Z,10.7023811,-8.8687220,0.0573860,0.3653867,1.4851953,0.3635547,4.5623784,-8.6560802,0.7022138,-0.5590832,0.3972385,-0.6492720,0.3287455
gait_20260919_222050_andrew_normal_5,andrew_normal_5,2513490045319295,2026-09-19T22:20:53.169390Z,6.2633815,-9.5483007,-0.5613655,0.6375614,0.5030978,0.2721415,4.5135102,-8.6687794,0.8465172,-0.5513749,0.3975061,-0.6549677,0.3301396
gait_20260919_222050_andrew_normal_5,andrew_normal_5,2513490065507162,2026-09-19T22:20:53.190443Z,3.6667199,-12.0997715,-0.3444658,0.4544518,0.0276788,0.3410220,4.4501028,-8.6948519,0.9122743,-0.5471928,0.3977734,-0.6566746,0.3333693
gait_20260919_222050_andrew_normal_5,andrew_normal_5,2513490085680379,2026-09-19T22:20:53.210405Z,1.6477345,-14.8533278,-1.6868647,0.2544550,-0.0764248,0.4427940,4.3641448,-8.7345905,0.9472408,-0.5443587,0.3996586,-0.6562605,0.3365545
gait_20260919_222050_andrew_normal_5,andrew_normal_5,2513490105849610,2026-09-19T22:20:53.230263Z,3.2121208,-14.9136324,0.2842366,0.4055725,0.5358394,0.5987245,4.2351298,-8.7831345,1.0753220,-0.5364628,0.4037076,-0.6590350,0.3389703
gait_20260919_222050_andrew_normal_5,andrew_normal_5,2513490126000407,2026-09-19T22:20:53.250250Z,3.6534021,-11.3554745,1.9573348,0.4551346,0.2583853,0.5944611,4.1302867,-8.8215523,1.1649303,-0.5280457,0.4070780,-0.6621140,0.3421409
gait_20260919_222050_andrew_normal_5,andrew_normal_5,2513490146183228,2026-09-19T22:20:53.270312Z,2.1253777,-7.9757590,1.0850223,0.2958899,-0.8479003,0.2544217,3.9981229,-8.8822346,1.1649152,-0.5264350,0.4075217,-0.6583049,0.3513218
gait_20260919_222050_andrew_normal_5,andrew_normal_5,2513490166356079,2026-09-19T22:20:53.291131Z,0.8238298,-6.0750623,0.8317606,0.0419845,-0.7636148,0.0191686,4.0130730,-8.8827801,1.1079690,-0.5304964,0.4058313,-0.6548869,0.3535503
gait_20260919_222050_andrew_normal_5,andrew_normal_5,2513490186501669,2026-09-19T22:20:53.311418Z,-0.0238672,-5.5315037,0.7811083,-0.0381874,-0.2323386,-0.0353063,4.0155406,-8.8838205,1.0905412,-0.5314491,0.4065264,-0.6541969,0.3525971
gait_20260919_222050_andrew_normal_5,andrew_normal_5,2513490206693522,2026-09-19T22:20:53.331231Z,-0.2488473,-6.1653686,0.7967454,-0.0220498,0.1843754,0.1034541,3.9763105,-8.8995218,1.1061559,-0.5285521,0.4094768,-0.6557424,0.3506615
gait_20260919_222050_andrew_normal_5,andrew_normal_5,2513490226863079,2026-09-19T22:20:53.351482Z,0.3736451,-7.8341274,1.0649709,-0.1243381,0.2176499,0.4195785,3.8789015,-8.9437408,1.0953230,-0.5241793,0.4150067,-0.6561589,0.3499446
gait_20260919_222050_andrew_normal_5,andrew_normal_5,2513490247033732,2026-09-19T22:20:53.371755Z,0.9680805,-9.6765404,1.8206408,-0.2537389,-0.2381009,0.6847420,3.5117164,-9.0958376,1.0815306,-0.5183243,0.4241584,-0.6519573,0.3555014
gait_20260919_222050_andrew_normal_5,andrew_normal_5,2513490267201376,2026-09-19T22:20:53.392063Z,1.2451345,-10.9372368,3.0499885,-0.2870134,-0.9093698,0.7504749,3.3855889,-9.1567936,0.9628214,-0.5162050,0.4310527,-0.6437324,0.3651502
gait_20260919_222050_andrew_normal_5,andrew_normal_5,2513490287370199,2026-09-19T22:20:53.411840Z,1.2648119,-10.4880247,3.2406268,-0.1016055,-1.4595315,0.6466878,3.2952166,-9.2006197,0.8522152,-0.5218405,0.4313154,-0.6340593,0.3736555
gait_20260919_222050_andrew_normal_5,andrew_normal_5,2513490307538819,2026-09-19T22:20:53.432468Z,0.8706664,-8.9478798,2.9857192,0.1086501,-1.3678684,0.4692404,2.9288573,-9.2955351,1.1184434,-0.5119123,0.4295242,-0.6305441,0.3948023
gait_20260919_222050_andrew_normal_5,andrew_normal_5,2513490327707886,2026-09-19T22:20:53.452508Z,1.0339959,-8.1272669,2.2894554,0.2427307,-0.6089833,0.4052228,2.8590441,-9.3137798,1.1469522,-0.5112787,0.4285838,-0.6276685,0.4011762
gait_20260919_222050_andrew_normal_5,andrew_normal_5,2513490347877158,2026-09-19T22:20:53.472312Z,1.9392285,-8.2504940,1.5140333,0.3753124,0.2084736,0.4646106,2.7607689,-9.3311424,1.2426046,-0.5059692,0.4300573,-0.6288320,0.4044951
gait_20260919_222050_andrew_normal_5,andrew_normal_5,2513490368044922,2026-09-19T22:20:53.493478Z,2.1937621,-8.6288528,1.1795185,0.4259236,0.7806684,0.4367487,2.6557748,-9.3435898,1.3712472,-0.4968763,0.4333106,-0.6332166,0.4054537
gait_20260919_222050_andrew_normal_5,andrew_normal_5,2513490388224895,2026-09-19T22:20:53.512670Z,2.5112932,-9.0470152,1.1525837,0.3690339,1.1937186,0.4547016,2.5316634,-9.3575468,1.5043657,-0.4859696,0.4377360,-0.6387640,0.4052175
gait_20260919_222050_andrew_normal_5,andrew_normal_5,2513490408383301,2026-09-19T22:20:53.532804Z,2.8755858,-9.0865936,1.1109844,0.3085302,1.3801757,0.5446493,2.3821437,-9.3758631,1.6293271,-0.4731368,0.4442212,-0.6448267,0.4037423
gait_20260919_222050_andrew_normal_5,andrew_normal_5,2513490428531129,2026-09-19T22:20:53.552666Z,3.1222634,-8.7977190,1.1259482,0.2773042,1.3205048,0.6165442,2.2302818,-9.3941565,1.7354592,-0.4606271,0.4507617,-0.6498990,0.4028250
gait_20260919_222050_andrew_normal_5,andrew_normal_5,2513490448721843,2026-09-19T22:20:53.573068Z,3.1627405,-8.6154604,1.1555765,0.2793859,1.1611435,0.6464213,2.0893230,-9.4090776,1.8275996,-0.4492206,0.4566383,-0.6540872,0.4023088
gait_20260919_222050_andrew_normal_5,andrew_normal_5,2513490468891643,2026-09-19T22:20:53.593046Z,3.4073980,-8.7846251,1.1870751,0.3088966,0.9042404,0.7125873,2.0156507,-9.4143801,1.8822168,-0.4401782,0.4613099,-0.6573982,0.4015771
gait_20260919_222050_andrew_normal_5,andrew_normal_5,2513490489059896,2026-09-19T22:20:53.612943Z,3.7152772,-8.8925142,1.1758523,0.3418381,0.5375714,0.8138597,2.3282757,-9.3631840,1.7736992,-0.4453689,0.4596074,-0.6597956,0.3937985
gait_20260919_222050_andrew_normal_5,andrew_normal_5,2513490509240073,2026-09-19T22:20:53.632995Z,3.8106713,-8.5981770,1.2379519,0.3718317,0.1501683,0.8758455,2.4230678,-9.3421278,1.7576997,-0.4526773,0.4557090,-0.6611581,0.3876629
gait_20260919_222050_andrew_normal_5,andrew_normal_5,2513490529396770,2026-09-19T22:20:53.653459Z,3.5945945,-8.1912374,1.2500726,0.4403959,-0.1578790,0.8596079,2.2922182,-9.3614941,1.8287302,-0.4496407,0.4552806,-0.6595028,0.3944603
gait_20260919_222050_andrew_normal_5,andrew_normal_5,2513490549566041,2026-09-19T22:20:53.673467Z,3.3662477,-8.2043304,1.1255741,0.5906474,-0.3412219,0.8149422,2.1563382,-9.3736820,1.9288386,-0.4455103,0.4541032,-0.6577369,0.4033525
gait_20260919_222050_andrew_normal_5,andrew_normal_5,2513490569734335,2026-09-19T22:20:53.694347Z,3.4128597,-8.8399162,0.9795278,0.7481267,-0.3800921,0.7850317,2.0884874,-9.3708677,2.0152400,-0.4421351,0.4510991,-0.6563485,0.4125929
gait_20260919_222050_andrew_normal_5,andrew_normal_5,2513490589908367,2026-09-19T22:20:53.714083Z,3.5223944,-9.3570642,0.8864532,0.8165909,-0.2819340,0.7520737,2.3241782,-9.3451138,1.8716699,-0.4556414,0.4452569,-0.6535574,0.4086563
gait_20260919_222050_andrew_normal_5,andrew_normal_5,2513490610072510,2026-09-19T22:20:53.734144Z,3.7238815,-10.0361195,0.8164976,0.7849485,-0.2054093,0.6918532,2.2112255,-9.3457527,2.0008759,-0.4527035,0.4423805,-0.6531695,0.4156064
gait_20260919_222050_andrew_normal_5,andrew_normal_5,2513490630245200,2026-09-19T22:20:53.754479Z,3.7305403,-9.8382235,0.7506570,0.6419247,-0.2007628,0.6264367,2.1074805,-9.3471184,2.1038163,-0.4484355,0.4401453,-0.6525810,0.4234570
gait_20260919_222050_andrew_normal_5,andrew_normal_5,2513490650410727,2026-09-19T22:20:53.774599Z,3.5999815,-9.5630398,0.7674165,0.4285050,-0.1840756,0.5076610,2.0559745,-9.3505459,2.1392448,-0.4467636,0.4385622,-0.6510714,0.4291522
gait_20260919_222050_andrew_normal_5,andrew_normal_5,2513490670607342,2026-09-19T22:20:53.794849Z,3.4660559,-9.9952688,0.8993220,0.2164508,-0.0928788,0.3529462,2.0258958,-9.3568907,2.1401989,-0.4473304,0.4381125,-0.6494846,0.4314196
gait_20260919_222050_andrew_normal_5,andrew_normal_5,2513490690748211,2026-09-19T22:20:53.814782Z,3.8112698,-10.9166622,1.2218659,0.0499451,0.0379209,0.3218367,1.9636533,-9.3688860,2.1457331,-0.4458657,0.4390730,-0.6482295,0.4338400
gait_20260919_222050_andrew_normal_5,andrew_normal_5,2513490710922202,2026-09-19T22:20:53.835356Z,4.2916813,-11.7823906,1.3238440,-0.0478800,0.0961596,0.3840224,1.8850180,-9.3871317,2.1364892,-0.4440966,0.4412403,-0.6465363,0.4359773
gait_20260919_222050_andrew_normal_5,andrew_normal_5,2513490731086224,2026-09-19T22:20:53.856074Z,5.2011037,-12.6021795,1.3923031,-0.1133132,0.1104154,0.4934385,1.7847930,-9.4113131,2.1160853,-0.4420133,0.4443963,-0.6441401,0.4384288
gait_20260919_222050_andrew_normal_5,andrew_normal_5,2513490751248496,2026-09-19T22:20:53.875371Z,6.6655326,-12.6239519,1.2482769,-0.1425907,0.1031043,0.5381543,1.6823237,-9.4358358,2.0906746,-0.4398974,0.4479404,-0.6412513,0.4411763
gait_20260919_222050_andrew_normal_5,andrew_normal_5,2513490771427045,2026-09-19T22:20:53.895591Z,7.7427735,-11.6084366,0.7400328,-0.1462546,0.0751091,0.2744564,1.6463336,-9.4482269,2.0631804,-0.4390490,0.4503100,-0.6391708,0.4426259
gait_20260919_222050_andrew_normal_5,andrew_normal_5,2513490791596233,2026-09-19T22:20:53.915840Z,11.4840879,-9.7361708,-12.2232971,-0.2207309,0.0520268,-0.3641876,1.7437048,-9.4413023,2.0143013,-0.4415754,0.4501147,-0.6395364,0.4397739
gait_20260919_222050_andrew_normal_5,andrew_normal_5,2513490811743085,2026-09-19T22:20:53.935937Z,9.3037186,-9.0467157,-5.5964465,-1.7016127,1.7197155,-1.3934156,1.9827393,-9.4560032,1.6996617,-0.4454365,0.4583007,-0.6442767,0.4200647
gait_20260919_222050_andrew_normal_5,andrew_normal_5,2513490831938641,2026-09-19T22:20:53.956658Z,7.0953665,-10.5206461,-0.1117793,-3.0808558,2.1622763,-2.5217843,2.4418950,-9.4283161,1.1747836,-0.4547966,0.4774888,-0.6500152,0.3776836
gait_20260919_222050_andrew_normal_5,andrew_normal_5,2513490852102948,2026-09-19T22:20:53.976361Z,5.1724482,-12.9165688,1.9908535,-2.8023193,0.9683746,-3.3079152,3.0811625,-9.2869205,0.7040330,-0.4744304,0.4848276,-0.6525287,0.3377341
gait_20260919_222050_andrew_normal_5,andrew_normal_5,2513490872251833,2026-09-19T22:20:53.996384Z,1.9055601,-14.4031429,2.8481274,-2.0156221,-0.0482630,-3.8676362,3.8074150,-9.0344181,0.3449423,-0.5003523,0.4791079,-0.6546702,0.3025064
gait_20260919_222050_andrew_normal_5,andrew_normal_5,2513490892417401,2026-09-19T22:20:54.016377Z,-0.5688474,-16.3061600,3.7523875,-1.1758157,-1.1227230,-3.6594958,4.4464841,-8.7442694,0.0514859,-0.5287371,0.4645198,-0.6541820,0.2769554
gait_20260919_222050_andrew_normal_5,andrew_normal_5,2513490912609458,2026-09-19T22:20:54.036920Z,-2.6070611,-17.4381676,4.3152494,-0.5670655,-1.4776677,-2.7079749,4.8757596,-8.5110474,-0.1586073,-0.5540209,0.4482859,-0.6500221,0.2637649
gait_20260919_222050_andrew_normal_5,andrew_normal_5,2513490932754030,2026-09-19T22:20:54.058410Z,-2.4860792,-14.8065662,1.3028198,-0.1994139,0.1948673,-1.6156952,5.0669303,-8.3986444,-0.1584131,-0.5623651,0.4397721,-0.6530594,0.2527046
gait_20260919_222050_andrew_normal_5,andrew_normal_5,2513490963008994,2026-09-19T22:20:54.088144Z,0.8191162,-7.7759929,-0.0632219,0.0776905,1.7214142,-1.1574796,5.0669303,-8.3986444,-0.1584131,-0.5623651,0.4397721,-0.6530594,0.2527046
gait_20260919_222050_andrew_normal_5,andrew_normal_5,2513490983176393,2026-09-19T22:20:54.108259Z,1.1419594,-6.6388969,0.9782559,0.3029345,-1.0076778,-1.3427211,5.4054966,-8.1800680,0.3212522,-0.5417490,0.4381726,-0.6827832,0.2198178
gait_20260919_222050_andrew_normal_5,andrew_normal_5,2513491003345420,2026-09-19T22:20:54.127569Z,2.0832548,-6.9036059,0.9004443,0.1604604,-2.3435707,-1.2916269,5.6309619,-8.0283613,0.2716549,-0.5537249,0.4259233,-0.6817995,0.2170890
gait_20260919_222050_andrew_normal_5,andrew_normal_5,2513491023539308,2026-09-19T22:20:54.148122Z,2.6159647,-6.8941040,1.3249662,-0.0380875,-2.1719856,-1.1008232,5.8476171,-7.8766055,0.0240913,-0.5757209,0.4112513,-0.6715146,0.2201958
gait_20260919_222050_andrew_normal_5,andrew_normal_5,2513491043683148,2026-09-19T22:20:54.168352Z,1.9650410,-6.8579664,1.6775124,-0.0071778,-1.5494792,-0.9423279,6.0174599,-7.7435703,-0.2517791,-0.5961807,0.3989736,-0.6601049,0.2228236
gait_20260919_222050_andrew_normal_5,andrew_normal_5,2513491063878460,2026-09-19T22:20:54.188232Z,0.5609165,-6.8232503,1.5540614,0.1916531,-1.3807086,-0.7973057,6.1517572,-7.6282487,-0.4492527,-0.6109217,0.3891421,-0.6521992,0.2235604
gait_20260919_222050_andrew_normal_5,andrew_normal_5,2513491084047202,2026-09-19T22:20:54.208366Z,-1.1362731,-6.3776298,1.5112650,0.4112848,-1.2510747,-0.5528097,6.2597451,-7.5301247,-0.5906752,-0.6230242,0.3790690,-0.6459440,0.2256189
gait_20260919_222050_andrew_normal_5,andrew_normal_5,2513491104190797,2026-09-19T22:20:54.228816Z,-2.4099135,-5.7336640,0.7370400,0.4918231,-0.8482167,-0.1811778,6.3280368,-7.4641490,-0.6917917,-0.6330369,0.3691135,-0.6403172,0.2302465
gait_20260919_222050_andrew_normal_5,andrew_normal_5,2513491124385175,2026-09-19T22:20:54.248727Z,-3.0440030,-4.8378587,-0.2870049,0.4883591,-0.6717352,0.1595444,6.3438468,-7.4472365,-0.7282737,-0.6387991,0.3616236,-0.6365810,0.2364926
gait_20260919_222050_andrew_normal_5,andrew_normal_5,2513491144554486,2026-09-19T22:20:54.269737Z,-3.2534208,-4.1447372,-0.6648399,0.4937550,-0.8301472,0.5031811,6.3091674,-7.4757338,-0.7375035,-0.6418071,0.3569255,-0.6333073,0.2441510
gait_20260919_222050_andrew_normal_5,andrew_normal_5,2513491164721967,2026-09-19T22:20:54.289537Z,-2.9881134,-4.0938606,-0.3994576,0.6207410,-0.9288383,1.0194355,6.2217879,-7.5457506,-0.7662417,-0.6446188,0.3538937,-0.6280664,0.2544771
gait_20260919_222050_andrew_normal_5,andrew_normal_5,2513491184890627,2026-09-19T22:20:54.309669Z,-0.3112462,-5.8536735,-3.1142578,0.6735672,-0.9385474,1.4806987,6.0539179,-7.6784763,-0.7919533,-0.6461279,0.3529758,-0.6208792,0.2691395
gait_20260919_222050_andrew_normal_5,andrew_normal_5,2513491205059491,2026-09-19T22:20:54.329494Z,3.5907788,-9.3017731,-6.9960818,0.3808415,-1.4078212,1.6549152,5.8050528,-7.8681030,-0.7940016,-0.6452887,0.3546313,-0.6125816,0.2873725
gait_20260919_222050_andrew_normal_5,andrew_normal_5,2513491225229901,2026-09-19T22:20:54.349547Z,10.6989393,-13.2599869,-7.1437740,0.0267129,-1.1253877,1.5335249,5.5152144,-8.0647898,-0.8818669,-0.6470013,0.3577650,-0.5997142,0.3061644
gait_20260919_222050_andrew_normal_5,andrew_normal_5,2513491245400230,2026-09-19T22:20:54.370158Z,18.4533844,-16.4377651,-0.2394950,0.8111451,1.9916738,0.8435037,5.2306962,-8.2351217,-1.0289332,-0.6500047,0.3627332,-0.5853071,0.3214563
gait_20260919_222050_andrew_normal_5,andrew_normal_5,2513491265566775,2026-09-19T22:20:54.390105Z,20.5586357,-16.0980892,-1.8436102,0.8249179,3.2606514,-0.1101156,5.1063232,-8.3448162,-0.7250080,-0.6344255,0.3690878,-0.5956828,0.3262524
gait_20260919_222050_andrew_normal_5,andrew_normal_5,2513491285737551,2026-09-19T22:20:54.410341Z,15.6639147,-10.6895123,-1.6804303,0.2013957,3.2638323,-0.5713122,5.1516175,-8.3455076,-0.2224263,-0.6120833,0.3723950,-0.6196215,0.3205390
gait_20260919_222050_andrew_normal_5,andrew_normal_5,2513491305906253,2026-09-19T22:20:54.430400Z,6.7730470,-5.4283285,-0.5232079,0.2445626,2.0197856,-0.4522201,5.2552094,-8.2820292,0.1639691,-0.5931999,0.3768031,-0.6419767,0.3065933
gait_20260919_222050_andrew_normal_5,andrew_normal_5,2513491326049726,2026-09-19T22:20:54.451027Z,2.4791210,-7.6418428,0.1699883,0.6416084,0.9262902,-0.2718750,5.3250237,-8.2279835,0.4248891,-0.5812927,0.3779336,-0.6562209,0.2977232
gait_20260919_222050_andrew_normal_5,andrew_normal_5,2513491346244387,2026-09-19T22:20:54.471327Z,0.1066916,-15.6255331,-5.8616042,0.9716721,0.3494822,-0.0186191,5.3596902,-8.1923866,0.6282095,-0.5749778,0.3739756,-0.6642150,0.2972561
gait_20260919_222050_andrew_normal_5,andrew_normal_5,2513491366413699,2026-09-19T22:20:54.491158Z,1.2933927,-18.1659298,-1.9244144,0.2694935,-0.0019319,0.3822904,5.3608484,-8.1742544,0.8239918,-0.5708790,0.3669082,-0.6690916,0.3029718
gait_20260919_222050_andrew_normal_5,andrew_normal_5,2513491386584191,2026-09-19T22:20:54.510939Z,0.8878747,-13.0255795,1.8579005,-0.4682412,-1.1774811,0.5319923,5.2961273,-8.2092190,0.8921185,-0.5685102,0.3659284,-0.6691022,0.3085365
gait_20260919_222050_andrew_normal_5,andrew_normal_5,2513491406725019,2026-09-19T22:20:54.531375Z,-0.6306477,-8.7321024,3.0576949,-0.7029946,-1.2567536,0.4235921,5.2203307,-8.2766228,0.6941006,-0.5765004,0.3672453,-0.6581625,0.3155951
gait_20260919_222050_andrew_normal_5,andrew_normal_5,2513491426922570,2026-09-19T22:20:54.552044Z,-1.9866637,-6.5277162,3.7145290,-0.6300672,-0.5140394,0.4040404,5.1232667,-8.3534679,0.4558764,-0.5853332,0.3697459,-0.6455762,0.3223425
gait_20260919_222050_andrew_normal_5,andrew_normal_5,2513491447089846,2026-09-19T22:20:54.572147Z,-2.5693526,-6.9798460,4.1813235,-0.4086868,0.5021319,0.5719284,5.0588856,-8.4000921,0.2868282,-0.5906466,0.3729987,-0.6375228,0.3249205
gait_20260919_222050_andrew_normal_5,andrew_normal_5,2513491467256473,2026-09-19T22:20:54.591932Z,-2.0509331,-8.7285862,3.4798973,-0.0087766,0.8879029,0.8262668,4.9606147,-8.4593248,0.2612413,-0.5878206,0.3792844,-0.6360327,0.3256880
gait_20260919_222050_andrew_normal_5,andrew_normal_5,2513491487401654,2026-09-19T22:20:54.612820Z,-0.7995886,-10.0237741,2.3359179,0.1475536,0.5734439,0.9414786,4.4544244,-8.7221680,0.5639135,-0.5654970,0.3922127,-0.6389844,0.3436294
gait_20260919_222050_andrew_normal_5,andrew_normal_5,2513491507594892,2026-09-19T22:20:54.631695Z,-0.1269675,-10.2575827,2.2590790,0.0519102,0.0136729,0.8110285,4.2357054,-8.8234653,0.6643493,-0.5568644,0.3979517,-0.6386318,0.3516904
gait_20260919_222050_andrew_normal_5,andrew_normal_5,2513491527765098,2026-09-19T22:20:54.652277Z,0.1345242,-9.6505785,2.2649148,-0.0290611,-0.3919830,0.7167174,4.0749159,-8.8973112,0.6848822,-0.5538058,0.4008964,-0.6350536,0.3595665
gait_20260919_222050_andrew_normal_5,andrew_normal_5,2513491547936811,2026-09-19T22:20:54.671891Z,0.4042460,-8.8978262,2.2955158,0.0255971,-0.4943379,0.8283819,3.5921862,-9.0918741,0.8186139,-0.5417085,0.4083146,-0.6283033,0.3808753
gait_20260919_222050_andrew_normal_5,andrew_normal_5,2513491568102908,2026-09-19T22:20:54.692230Z,1.0204537,-7.8784947,2.3015761,0.2531061,-0.3922494,1.0316761,3.4387407,-9.1533146,0.7924632,-0.5423738,0.4090220,-0.6211841,0.3907197
gait_20260919_222050_andrew_normal_5,andrew_normal_5,2513491588271121,2026-09-19T22:20:54.712963Z,1.5393220,-7.1867948,2.2208464,0.6164609,-0.1001732,1.1819609,3.2548947,-9.2189589,0.8078318,-0.5411717,0.4096374,-0.6144518,0.4022182
gait_20260919_222050_andrew_normal_5,andrew_normal_5,2513491608443525,2026-09-19T22:20:54.732816Z,2.3746741,-7.1399584,1.4915129,0.9288715,0.2413650,1.2857647,3.0366724,-9.2836361,0.9104097,-0.5360511,0.4099624,-0.6099522,0.4153774
gait_20260919_222050_andrew_normal_5,andrew_normal_5,2513491628610314,2026-09-19T22:20:54.752959Z,3.1984291,-7.5940337,1.1682208,1.0494624,0.3752791,1.2953408,2.7905114,-9.3404055,1.0981736,-0.5267752,0.4102747,-0.6081218,0.4293839
gait_20260919_222050_andrew_normal_5,andrew_normal_5,2513491648778811,2026-09-19T22:20:54.773004Z,3.7838862,-8.5327854,1.0754455,1.0457153,0.3601074,1.2627656,2.5358989,-9.3844261,1.3182892,-0.5158164,0.4104796,-0.6073110,0.4434111
gait_20260919_222050_andrew_normal_5,andrew_normal_5,2513491668948856,2026-09-19T22:20:54.793988Z,4.2115502,-9.6634474,1.1566987,0.9976855,0.2679447,1.2031114,2.3142595,-9.4096394,1.5293812,-0.5058429,0.4097311,-0.6065471,0.4564472
gait_20260919_222050_andrew_normal_5,andrew_normal_5,2513491689118451,2026-09-19T22:20:54.813838Z,4.3396401,-10.1101904,1.1043255,0.9313696,0.2033775,1.1163279,2.0792346,-9.4296532,1.7304783,-0.4961259,0.4090622,-0.6047749,0.4698667
gait_20260919_222050_andrew_normal_5,andrew_normal_5,2513491709285566,2026-09-19T22:20:54.834082Z,4.1331401,-9.5085716,0.9608231,0.8260837,0.3361591,1.0609370,1.8596773,-9.4395752,1.9162840,-0.4873579,0.4079866,-0.6024934,0.4827328
gait_20260919_222050_andrew_normal_5,andrew_normal_5,2513491729455569,2026-09-19T22:20:54.853747Z,3.7549312,-8.9059067,0.7975684,0.7201648,0.6304336,1.0861510,1.6583680,-9.4424706,2.0798256,-0.4790039,0.4076215,-0.6004981,0.4937630
gait_20260919_222050_andrew_normal_5,andrew_normal_5,2513491749624230,2026-09-19T22:20:54.873883Z,3.7961564,-8.9361334,0.7122750,0.6354464,0.9347337,1.1445563,1.6699703,-9.4358807,2.1003489,-0.4784546,0.4068548,-0.6000013,0.4955290
gait_20260919_222050_andrew_normal_5,andrew_normal_5,2513491769793663,2026-09-19T22:20:54.894295Z,4.1679311,-9.3681374,0.7961469,0.6411920,1.0793396,1.1154952,1.6909420,-9.4354630,2.0853932,-0.4779481,0.4082838,-0.6003470,0.4944221
gait_20260919_222050_andrew_normal_5,andrew_normal_5,2513491789963830,2026-09-19T22:20:54.914052Z,4.2378864,-9.5283995,0.7006032,0.7739236,0.9703065,0.9712557,1.4554623,-9.4427080,2.2255404,-0.4660328,0.4133732,-0.6008347,0.5009330
gait_20260919_222050_andrew_normal_5,andrew_normal_5,2513491810106448,2026-09-19T22:20:54.934142Z,4.1001453,-9.7681932,0.2866308,0.8392735,0.5829366,0.8244849,1.2323782,-9.4340076,2.3909917,-0.4538967,0.4167541,-0.6018968,0.5079510
gait_20260919_222050_andrew_normal_5,andrew_normal_5,2513491830299645,2026-09-19T22:20:54.955250Z,4.4115410,-10.6797104,0.1280898,0.6162944,0.0742265,0.7734573,1.0484929,-9.4107246,2.5641847,-0.4439505,0.4169555,-0.6021587,0.5161986
gait_20260919_222050_andrew_normal_5,andrew_normal_5,2513491850470421,2026-09-19T22:20:54.974908Z,5.0831895,-10.8782797,0.3422212,0.2004964,-0.4123007,0.6878563,0.8984532,-9.3914337,2.6888425,-0.4382330,0.4154448,-0.5994198,0.5254077
gait_20260919_222050_andrew_normal_5,andrew_normal_5,2513491870641117,2026-09-19T22:20:54.995530Z,5.3600192,-11.3338518,0.6544400,-0.2104887,-0.7460949,0.5426009,0.7883317,-9.3909311,2.7248938,-0.4379797,0.4135477,-0.5929793,0.5343479
gait_20260919_222050_andrew_normal_5,andrew_normal_5,2513491890802005,2026-09-19T22:20:55.015158Z,5.8348942,-12.1427927,0.9696517,-0.5145057,-0.8279322,0.4735371,0.7268385,-9.4099379,2.6759863,-0.4427294,0.4115429,-0.5839490,0.5418734
gait_20260919_222050_andrew_normal_5,andrew_normal_5,2513491910956221,2026-09-19T22:20:55.035623Z,7.1317282,-12.5786867,1.2183493,-0.6914201,-0.7675785,0.3656698,0.6835465,-9.4434652,2.5670660,-0.4500300,0.4104097,-0.5734903,0.5478557
gait_20260919_222050_andrew_normal_5,andrew_normal_5,2513491931145511,2026-09-19T22:20:55.055840Z,8.6928978,-11.7922668,0.9698013,-0.7609669,-0.6701865,-0.1455551,0.6510882,-9.4834824,2.4239988,-0.4582821,0.4102081,-0.5629355,0.5520965
gait_20260919_222050_andrew_normal_5,andrew_normal_5,2513491951316572,2026-09-19T22:20:55.075383Z,9.3349180,-10.1383963,-1.8770541,-0.7926759,-0.3224196,-1.1641912,0.6990383,-9.5186586,2.2677286,-0.4682524,0.4087025,-0.5549549,0.5529258
gait_20260919_222050_andrew_normal_5,andrew_normal_5,2513491971484744,2026-09-19T22:20:55.096075Z,9.2030125,-9.6258135,-4.7146320,-1.7506585,2.1620598,-2.4355836,0.9276435,-9.5354881,2.1095188,-0.4808157,0.4040135,-0.5538858,0.5466260
gait_20260919_222050_andrew_normal_5,andrew_normal_5,2513491991643110,2026-09-19T22:20:55.116195Z,6.6607437,-11.6818342,-1.1386673,-2.3073318,2.1433077,-3.3867214,1.3057371,-9.5470734,1.8397182,-0.4896327,0.4105704,-0.5676393,0.5191123
gait_20260919_222050_andrew_normal_5,andrew_normal_5,2513492011824669,2026-09-19T22:20:55.136670Z,4.5521255,-14.3367786,-0.2446575,-2.2330222,0.9678583,-4.1090178,1.8745158,-9.5176821,1.4615188,-0.5033057,0.4176513,-0.5847795,0.4798789
gait_20260919_222050_andrew_normal_5,andrew_normal_5,2513492031993208,2026-09-19T22:20:55.157368Z,2.2242882,-16.4018536,0.6155343,-1.8227699,-0.0134064,-4.4403143,2.6279516,-9.3903732,1.0727782,-0.5263597,0.4130681,-0.5978986,0.4414040
gait_20260919_222050_andrew_normal_5,andrew_normal_5,2513492052135786,2026-09-19T22:20:55.176659Z,-0.8639327,-18.4552555,0.3954922,-1.2153354,-0.9075379,-4.0478148,3.4605067,-9.1508179,0.7235643,-0.5539104,0.3984269,-0.6078410,0.4061634
gait_20260919_222050_andrew_normal_5,andrew_normal_5,2513492072330082,2026-09-19T22:20:55.196797Z,-3.6948519,-19.9536514,1.0234464,-0.9045735,-0.0501949,-3.0752101,4.2197566,-8.8457804,0.4265325,-0.5819238,0.3769734,-0.6127069,0.3792706
gait_20260919_222050_andrew_normal_5,andrew_normal_5,2513492092472374,2026-09-19T22:20:55.216940Z,-4.7098436,-15.7215252,3.0179660,-0.6066185,1.5526435,-1.8609740,4.7714953,-8.5679083,0.2447877,-0.5999683,0.3606981,-0.6180032,0.3577808
gait_20260919_222050_andrew_normal_5,andrew_normal_5,2513492112667647,2026-09-19T22:20:55.237602Z,-2.5334394,-10.0676184,3.6221280,-0.0841688,1.1382611,-0.9281055,5.0916872,-8.3801003,0.2911639,-0.6006747,0.3563643,-0.6305906,0.3384523
gait_20260919_222050_andrew_normal_5,andrew_normal_5,2513492132826094,2026-09-19T22:20:55.257297Z,-1.0333225,-6.2618103,2.5598505,0.3580756,-0.4127337,-0.5638013,5.2362156,-8.2854404,0.4118785,-0.5970668,0.3539078,-0.6401260,0.3293921
gait_20260919_222050_andrew_normal_5,andrew_normal_5,2513492152980228,2026-09-19T22:20:55.277335Z,1.1379192,-4.3585691,-0.2861071,0.1612265,-1.3649540,-0.7334380,5.3270230,-8.2260180,0.4376841,-0.6011571,0.3450638,-0.6399342,0.3317008
gait_20260919_222050_andrew_normal_5,andrew_normal_5,2513492173149865,2026-09-19T22:20:55.297361Z,1.5640870,-4.7243586,0.6352116,-0.3048164,-1.7092402,-1.1848921,5.4486632,-8.1511650,0.3266287,-0.6140674,0.3303099,-0.6319814,0.3382543
gait_20260919_222050_andrew_normal_5,andrew_normal_5,2513492193339725,2026-09-19T22:20:55.317640Z,1.1171944,-6.4386816,1.8735377,-0.2534391,-1.7040942,-1.3098296,5.6450033,-8.0226431,0.0850138,-0.6310014,0.3167674,-0.6228469,0.3369829
gait_20260919_222050_andrew_normal_5,andrew_normal_5,2513492213511641,2026-09-19T22:20:55.338068Z,0.6852654,-7.2644567,1.8163761,0.1025547,-1.6660566,-1.0714123,5.8562570,-7.8685875,-0.1604011,-0.6479719,0.3019051,-0.6141163,0.3344354
gait_20260919_222050_andrew_normal_5,andrew_normal_5,2513492233685266,2026-09-19T22:20:55.357972Z,-1.2571056,-6.5624318,1.6911294,0.2988876,-1.4191458,-0.6396765,6.0180154,-7.7395024,-0.3459952,-0.6622387,0.2861906,-0.6057628,0.3355389
gait_20260919_222050_andrew_normal_5,andrew_normal_5,2513492253851240,2026-09-19T22:20:55.378927Z,-3.0096612,-5.1828480,0.9680805,0.2807515,-0.8845055,-0.0698298,6.1085072,-7.6613312,-0.4756997,-0.6729362,0.2724359,-0.5978136,0.3399332
gait_20260919_222050_andrew_normal_5,andrew_normal_5,2513492274021203,2026-09-19T22:20:55.398892Z,-4.2138700,-3.5378819,0.2035071,0.2201147,-0.5389037,0.3881359,6.1104145,-7.6553483,-0.5427874,-0.6786185,0.2645105,-0.5913482,0.3461482
gait_20260919_222050_andrew_normal_5,andrew_normal_5,2513492294191003,2026-09-19T22:20:55.418970Z,-4.6616602,-2.5938182,0.5461025,0.4743032,-0.3987444,0.8840559,6.0418196,-7.7073059,-0.5744398,-0.6809271,0.2616489,-0.5855632,0.3535448
gait_20260919_222050_andrew_normal_5,andrew_normal_5,2513492314358484,2026-09-19T22:20:55.438803Z,-3.5674353,-3.2806549,-2.1830630,0.8185061,-0.5069282,1.5610538,5.9006367,-7.8171954,-0.5568438,-0.6804750,0.2611471,-0.5793902,0.3647780
gait_20260919_222050_andrew_normal_5,andrew_normal_5,2513492334529667,2026-09-19T22:20:55.459333Z,0.3585317,-6.7711015,-8.0812540,0.5598210,-1.3672023,2.0717623,5.6492729,-8.0056248,-0.4814688,-0.6770443,0.2627176,-0.5711148,0.3826466
gait_20260919_222050_andrew_normal_5,andrew_normal_5,2513492354697880,2026-09-19T22:20:55.478835Z,7.4914570,-12.4845648,-13.7811003,-0.2486928,-3.0249820,2.2289088,5.2887812,-8.2448034,-0.5367566,-0.6776746,0.2663797,-0.5537727,0.4038996
gait_20260919_222050_andrew_normal_5,andrew_normal_5,2513492374839156,2026-09-19T22:20:55.499063Z,18.4858551,-16.9556618,1.7256957,0.7857479,-0.1329481,1.6907710,4.8685226,-8.4714928,-0.8760179,-0.6895872,0.2681060,-0.5218404,0.4245838
gait_20260919_222050_andrew_normal_5,andrew_normal_5,2513492395033614,2026-09-19T22:20:55.519725Z,22.5729828,-20.0733604,2.3128736,1.8011864,2.3510983,0.1936183,4.5425143,-8.6525269,-0.8575992,-0.6872179,0.2723873,-0.5086036,0.4414286
gait_20260919_222050_andrew_normal_5,andrew_normal_5,2513492415206222,2026-09-19T22:20:55.539394Z,16.5464020,-13.4108963,-2.0909610,0.5621692,3.7704442,-0.6483698,4.5200253,-8.7014084,-0.3016155,-0.6662307,0.2726974,-0.5272973,0.4513653
gait_20260919_222050_andrew_normal_5,andrew_normal_5,2513492435346928,2026-09-19T22:20:55.559550Z,7.7342443,-6.0767083,-0.7165397,-0.3368752,3.7316570,-0.5592548,4.6464348,-8.6381474,0.1707520,-0.6454221,0.2788445,-0.5556085,0.4438192
gait_20260919_222050_andrew_normal_5,andrew_normal_5,2513492455517379,2026-09-19T22:20:55.580241Z,3.3956513,-7.9993272,-0.2622399,0.1899544,2.8933330,-0.2554043,5.2906423,-8.2566175,0.2710962,-0.6420204,0.2764635,-0.5866029,0.4089923
gait_20260919_222050_andrew_normal_5,andrew_normal_5,2513492475687545,2026-09-19T22:20:55.599799Z,0.6605752,-17.2348099,-8.5211134,1.6048036,1.4609971,-0.1996470,5.3061643,-8.2297182,0.5937169,-0.6257535,0.2847049,-0.6052495,0.4013089
gait_20260919_222050_andrew_normal_5,andrew_normal_5,2513492495879602,2026-09-19T22:20:55.620050Z,1.4844050,-17.4798412,-2.3790884,0.2702929,-0.4290046,0.0713953,5.3152986,-8.1803598,1.0321910,-0.6109915,0.2776781,-0.6191197,0.4077686
gait_20260919_222050_andrew_normal_5,andrew_normal_5,2513492516049605,2026-09-19T22:20:55.640318Z,0.0752677,-11.3485909,2.0121770,-1.0189358,-1.9103694,0.1336143,5.3088722,-8.1776037,1.0857263,-0.6112061,0.2722735,-0.6173628,0.4137119
gait_20260919_222050_andrew_normal_5,andrew_normal_5,2513492536239222,2026-09-19T22:20:55.661508Z,-1.3990368,-7.0197992,4.1305966,-1.3078479,-1.3873036,0.0295607,5.3166857,-8.2143946,0.7019353,-0.6282057,0.2693553,-0.5999966,0.4157036
gait_20260919_222050_andrew_normal_5,andrew_normal_5,2513492556387414,2026-09-19T22:20:55.680908Z,-2.7306619,-6.3326635,5.2965727,-1.0653336,0.0081771,0.0996903,5.3240423,-8.2336159,0.3135280,-0.6438376,0.2691956,-0.5848274,0.4135019
gait_20260919_222050_andrew_normal_5,andrew_normal_5,2513492576561022,2026-09-19T22:20:55.702679Z,-3.0074167,-9.0915318,5.0409918,-0.4072046,0.4821472,0.6490027,5.3105793,-8.2473335,0.1239281,-0.6494313,0.2739694,-0.5797458,0.4087477
gait_20260919_222050_andrew_normal_5,andrew_normal_5,2513492596700403,2026-09-19T22:20:55.720910Z,-1.5078982,-11.0934591,4.0459766,0.0732938,0.0061286,1.1441733,5.2074394,-8.3130531,0.1087902,-0.6472146,0.2808723,-0.5783195,0.4095980
gait_20260919_222050_andrew_normal_5,andrew_normal_5,2513492616897750,2026-09-19T22:20:55.741273Z,-0.6937199,-11.1222639,3.7369747,0.2405657,-1.0077944,1.2237955,5.0104241,-8.4329128,0.1332655,-0.6438873,0.2863914,-0.5730057,0.4183940
gait_20260919_222050_andrew_normal_5,andrew_normal_5,2513492637038212,2026-09-19T22:20:55.761775Z,-0.4615572,-9.9058599,3.8507740,0.3241016,-1.6094834,1.0338577,4.7951589,-8.5577641,0.0852894,-0.6453943,0.2871578,-0.5608698,0.4317773
gait_20260919_222050_andrew_normal_5,andrew_normal_5,2513492657232589,2026-09-19T22:20:55.781981Z,-0.3741688,-8.5712423,3.3919106,0.4689240,-1.4881263,0.8729977,4.6061811,-8.6613579,-0.0087118,-0.6507197,0.2831763,-0.5450165,0.4464662
gait_20260919_222050_andrew_normal_5,andrew_normal_5,2513492677403731,2026-09-19T22:20:55.802204Z,-0.2666542,-7.5367227,2.7967269,0.6763484,-1.0556411,0.8831566,4.4205918,-8.7574463,-0.0402784,-0.6540853,0.2779830,-0.5308741,0.4615956
gait_20260919_222050_andrew_normal_5,andrew_normal_5,2513492697570643,2026-09-19T22:20:55.821757Z,0.4522049,-6.7132668,2.1834371,0.9343674,-0.6461715,0.9285384,4.2626920,-8.8354578,-0.0162825,-0.6550801,0.2731958,-0.5199295,0.4752973
gait_20260919_222050_andrew_normal_5,andrew_normal_5,2513492717734501,2026-09-19T22:20:55.842121Z,1.0337714,-5.9723363,1.5571289,1.1619762,-0.1704028,0.9177967,4.0943851,-8.9142199,0.0937721,-0.6523415,0.2693153,-0.5119305,0.4897419
gait_20260919_222050_andrew_normal_5,andrew_normal_5,2513492737909469,2026-09-19T22:20:55.862502Z,1.5891514,-6.5081882,1.0437971,1.2916102,0.2909437,0.9775842,3.9275699,-8.9848785,0.2868243,-0.6459159,0.2664589,-0.5075241,0.5041941
gait_20260919_222050_andrew_normal_5,andrew_normal_5,2513492758081059,2026-09-19T22:20:55.883579Z,2.4386442,-7.9258552,0.9168296,1.3360761,0.5686142,1.1150289,3.7490001,-9.0490503,0.5438588,-0.6360390,0.2656723,-0.5062459,0.5182546
gait_20260919_222050_andrew_normal_5,andrew_normal_5,2513492778238856,2026-09-19T22:20:55.902459Z,3.1134348,-9.4483433,0.9889550,1.3625392,0.6969659,1.2549217,3.5380657,-9.1119938,0.8305284,-0.6239113,0.2670366,-0.5059460,0.5323953
gait_20260919_222050_andrew_normal_5,andrew_normal_5,2513492798416712,2026-09-19T22:20:55.923134Z,3.6992662,-10.7347775,0.8398411,1.3721153,0.7036442,1.3997108,3.2938318,-9.1711454,1.1299841,-0.6103827,0.2698539,-0.5055187,0.5468662
gait_20260919_222050_andrew_normal_5,andrew_normal_5,2513492818585535,2026-09-19T22:20:55.943296Z,4.1098719,-11.3165684,0.6857143,1.3305471,0.7233956,1.5212176,3.0172713,-9.2242899,1.4299181,-0.5961037,0.2735649,-0.5041457,0.5618361
gait_20260919_222050_andrew_normal_5,andrew_normal_5,2513492838756067,2026-09-19T22:20:55.963005Z,4.2792616,-10.8520937,0.5548562,1.3571600,0.8579925,1.6094999,2.7124913,-9.2694368,1.7193125,-0.5814748,0.2782010,-0.5016770,0.5768982
gait_20260919_222050_andrew_normal_5,andrew_normal_5,2513492858923874,2026-09-19T22:20:55.983562Z,4.5608792,-9.7562227,-0.4804864,1.5762920,1.0419348,1.5740439,2.3800478,-9.3018293,2.0118284,-0.5656711,0.2841046,-0.4991096,0.5917690
gait_20260919_222050_andrew_normal_5,andrew_normal_5,2513492879074182,2026-09-19T22:20:56.005013Z,5.5820065,-8.9820719,-3.1358805,1.3547119,0.6952839,1.4132503,2.0381653,-9.3033228,2.3516324,-0.5472435,0.2898696,-0.4982028,0.6068725
gait_20260919_222050_andrew_normal_5,andrew_normal_5,2513492899261846,2026-09-19T22:20:56.023857Z,6.2236524,-9.1153240,-3.0583682,0.5353731,-0.1760651,1.0435004,1.7335886,-9.2870293,2.6423247,-0.5314497,0.2938230,-0.4958552,0.6207713
gait_20260919_222050_andrew_normal_5,andrew_normal_5,2513492919431197,2026-09-19T22:20:56.044268Z,5.1406503,-9.8151798,-0.2748843,-0.3756621,-0.6589284,0.5961432,1.5407237,-9.2892876,2.7516212,-0.5259428,0.2942410,-0.4883902,0.6310955
gait_20260919_222050_andrew_normal_5,andrew_normal_5,2513492939599614,2026-09-19T22:20:56.064270Z,4.5513024,-10.6770926,0.7386860,-0.9944546,-0.6480867,0.3116279,1.4648666,-9.3268404,2.6646430,-0.5305815,0.2933626,-0.4780069,0.6355557
gait_20260919_222050_andrew_normal_5,andrew_normal_5,2513492959768396,2026-09-19T22:20:56.083978Z,4.9705873,-11.3263693,1.4520085,-1.3132104,-0.4184127,0.1752657,1.4431834,-9.3868093,2.4578798,-0.5400912,0.2939306,-0.4676855,0.6349620
gait_20260919_222050_andrew_normal_5,andrew_normal_5,2513492979938522,2026-09-19T22:20:56.104875Z,5.4307227,-11.3955021,1.9954923,-1.3559775,-0.1754988,0.0410186,1.4320621,-9.4536877,2.1938775,-0.5509168,0.2967520,-0.4584599,0.6310654
gait_20260919_222050_andrew_normal_5,andrew_normal_5,2513493000106857,2026-09-19T22:20:56.124248Z,5.7814732,-11.5000238,2.1809680,-1.2260271,0.0031476,-0.0618526,1.4326831,-9.5117931,1.9259601,-0.5611571,0.3006455,-0.4513291,0.6253136
gait_20260919_222050_andrew_normal_5,andrew_normal_5,2513493020277878,2026-09-19T22:20:56.144363Z,6.7657146,-12.0144033,2.0935798,-1.0273794,-0.0266462,-0.1637578,1.4464909,-9.5549440,1.6872547,-0.5699694,0.3044105,-0.4463078,0.6190950
gait_20260919_222050_andrew_normal_5,andrew_normal_5,2513493040446823,2026-09-19T22:20:56.164835Z,8.0943470,-11.6959743,1.4983213,-0.8900679,-0.2093729,-0.4839292,1.4791154,-9.5832043,1.4867812,-0.5777301,0.3066656,-0.4425369,0.6134699
gait_20260919_222050_andrew_normal_5,andrew_normal_5,2513493060620610,2026-09-19T22:20:56.185393Z,8.6037130,-10.9194298,0.7946505,-0.8626723,-0.2592846,-1.2475107,1.5715544,-9.5945110,1.3083111,-0.5862390,0.3053917,-0.4398385,0.6079489
gait_20260919_222050_andrew_normal_5,andrew_normal_5,2513493080784673,2026-09-19T22:20:56.206304Z,7.9331875,-10.9409037,-3.1073744,-0.9990178,0.2994372,-2.2840831,1.8089434,-9.5749445,1.1332580,-0.5970231,0.2990640,-0.4413771,0.5994252
gait_20260919_222050_andrew_normal_5,andrew_normal_5,2513493100952357,2026-09-19T22:20:56.225806Z,5.2699370,-12.5427742,-3.4710686,-1.8581095,3.4359503,-3.2677126,2.2360120,-9.5041761,0.9523628,-0.6096322,0.2890006,-0.4509657,0.5843435
gait_20260919_222050_andrew_normal_5,andrew_normal_5,2513493121123621,2026-09-19T22:20:56.245923Z,3.2851441,-14.6428623,-2.3645735,-1.8686681,3.1871576,-4.0792241,2.7924819,-9.3723602,0.7726716,-0.6143822,0.2958152,-0.4836315,0.5487518
gait_20260919_222050_andrew_normal_5,andrew_normal_5,2513493141291428,2026-09-19T22:20:56.265820Z,0.8233809,-16.5365276,-1.1623849,-1.5131571,1.1311998,-4.2966576,3.5014603,-9.1422729,0.6282838,-0.6200444,0.2975230,-0.5197662,0.5068215
gait_20260919_222050_andrew_normal_5,andrew_normal_5,2513493161460983,2026-09-19T22:20:56.286033Z,-0.9478046,-18.0171165,0.2895488,-1.2667459,-0.1934518,-3.8490672,4.2709241,-8.8202534,0.4454681,-0.6342062,0.2835236,-0.5435349,0.4711333
gait_20260919_222050_andrew_normal_5,andrew_normal_5,2513493181628627,2026-09-19T22:20:56.306032Z,-4.7254806,-17.8235588,2.0561705,-0.8512144,0.3255172,-2.8972964,4.9507518,-8.4667778,0.1996351,-0.6527947,0.2628485,-0.5553690,0.4430972
gait_20260919_222050_andrew_normal_5,andrew_normal_5,2513493201773442,2026-09-19T22:20:56.325880Z,-3.7380970,-13.1393785,3.0950294,-0.1223895,0.8802255,-1.5847024,5.4484725,-8.1575441,0.0689048,-0.6638877,0.2475443,-0.5663153,0.4210249
gait_20260919_222050_andrew_normal_5,andrew_normal_5,2513493221969040,2026-09-19T22:20:56.346436Z,-0.9711481,-8.9699516,3.0826094,0.5527264,-0.0983080,-0.7205479,5.7089472,-7.9763145,0.1498703,-0.6635417,0.2403710,-0.5782731,0.4093100
gait_20260919_222050_andrew_normal_5,andrew_normal_5,2513493242137415,2026-09-19T22:20:56.366347Z,0.8811411,-6.1602812,1.3759178,0.7636482,-1.6035045,-0.4867270,5.4993281,-8.1122112,0.4307354,-0.6533754,0.2391022,-0.5813559,0.4218483
gait_20260919_222050_andrew_normal_5,andrew_normal_5,2513493262305547,2026-09-19T22:20:56.386540Z,2.5094974,-4.9045224,-0.7490858,0.3025348,-2.3822911,-0.6926359,5.5846453,-8.0557384,0.3910567,-0.6603836,0.2235122,-0.5741291,0.4293153
gait_20260919_222050_andrew_normal_5,andrew_normal_5,2513493282474207,2026-09-19T22:20:56.406795Z,2.6604071,-5.7132387,0.3997569,-0.3109451,-2.2200322,-1.0554745,5.7034569,-7.9797382,0.1745809,-0.6745517,0.2049824,-0.5604519,0.4345756
gait_20260919_222050_andrew_normal_5,andrew_normal_5,2513493302643519,2026-09-19T22:20:56.427694Z,1.6707039,-7.1392102,1.4464719,-0.3621392,-1.7188495,-1.2064421,5.8697147,-7.8589501,-0.1395959,-0.6911002,0.1881107,-0.5477534,0.4323900
gait_20260919_222050_andrew_normal_5,andrew_normal_5,2513493322812830,2026-09-19T22:20:56.447027Z,-0.3828478,-7.4764185,1.3077579,-0.0072611,-1.6278526,-1.0549749,6.0490870,-7.7120686,-0.4107011,-0.7049226,0.1728709,-0.5391607,0.4272067
gait_20260919_222050_andrew_normal_5,andrew_normal_5,2513493342958217,2026-09-19T22:20:56.467775Z,-2.5383775,-6.8560958,0.9599252,0.1828765,-1.4552681,-0.6031045,6.1960454,-7.5808458,-0.6131238,-0.7158405,0.1570551,-0.5313166,0.4249809
gait_20260919_222050_andrew_normal_5,andrew_normal_5,2513493363151006,2026-09-19T22:20:56.488681Z,-4.1128645,-5.9822121,0.6612486,0.1334977,-0.9520538,-0.0622190,6.2681217,-7.5069776,-0.7694410,-0.7241721,0.1435861,-0.5225397,0.4265092
gait_20260919_222050_andrew_normal_5,andrew_normal_5,2513493383295375,2026-09-19T22:20:56.508009Z,-4.7099934,-5.0205660,0.2487725,0.0736103,-0.3640877,0.3708658,6.2591615,-7.5031319,-0.8729478,-0.7291544,0.1365992,-0.5147907,0.4297267
gait_20260919_222050_andrew_normal_5,andrew_normal_5,2513493403490402,2026-09-19T22:20:56.528089Z,-4.5527244,-3.8981345,0.0097264,0.2140360,-0.0824868,0.7440299,6.1912160,-7.5548372,-0.9107176,-0.7306218,0.1359517,-0.5094153,0.4338260
gait_20260919_222050_andrew_normal_5,andrew_normal_5,2513493423657435,2026-09-19T22:20:56.548191Z,-3.3123782,-3.5560629,-0.7460931,0.6178099,-0.1200413,1.2105057,6.0728335,-7.6526356,-0.8910421,-0.7294394,0.1387825,-0.5049123,0.4401377
gait_20260919_222050_andrew_normal_5,andrew_normal_5,2513493443801723,2026-09-19T22:20:56.568724Z,0.0552911,-5.5223761,-5.4263086,0.8152086,-0.7421979,1.6442900,5.8808565,-7.8098016,-0.8115786,-0.7258876,0.1429022,-0.4987004,0.4516240
gait_20260919_222050_andrew_normal_5,andrew_normal_5,2513493463996018,2026-09-19T22:20:56.589543Z,6.9725885,-9.7490396,-10.6822548,0.3313461,-1.6137633,1.7891957,5.6068745,-8.0139675,-0.7585634,-0.7233536,0.1461679,-0.4863061,0.4678685
gait_20260919_222050_andrew_normal_5,andrew_normal_5,2513493484165818,2026-09-19T22:20:56.609103Z,17.2219410,-14.5504618,0.0472855,0.6362791,0.2103388,1.3452691,5.2842536,-8.2189007,-0.8731963,-0.7268438,0.1485246,-0.4655199,0.4826279
gait_20260919_222050_andrew_normal_5,andrew_normal_5,2513493504338059,2026-09-19T22:20:56.629256Z,21.8520279,-18.8439388,2.6412535,1.8959638,2.6206086,0.3681346,5.0421762,-8.3745127,-0.8246902,-0.7238799,0.1544991,-0.4565862,0.4936162
gait_20260919_222050_andrew_normal_5,andrew_normal_5,2513493524503872,2026-09-19T22:20:56.649315Z,19.3482914,-15.2723131,-4.3059716,0.6898714,4.3002214,-0.3123273,5.0007558,-8.4364653,-0.2336819,-0.7015261,0.1603396,-0.4754612,0.5060524
gait_20260919_222050_andrew_normal_5,andrew_normal_5,2513493544646815,2026-09-19T22:20:56.669443Z,11.5749922,-7.3353853,-2.3325510,-0.4944045,3.8985624,-0.4181962,5.0478487,-8.4039860,0.3582912,-0.6763682,0.1742572,-0.5074529,0.5046306
gait_20260919_222050_andrew_normal_5,andrew_normal_5,2513493564843553,2026-09-19T22:20:56.689512Z,4.5441947,-3.0271688,0.1625813,-0.0058955,1.8467848,-0.0847684,5.0856533,-8.3610411,0.6820862,-0.6587851,0.1936375,-0.5356308,0.4915348
gait_20260919_222050_andrew_normal_5,andrew_normal_5,2513493585011236,2026-09-19T22:20:56.709132Z,1.6194530,-3.2257378,0.9218425,0.8281820,0.2407155,0.1387603,5.0775642,-8.3488493,0.8667109,-0.6490293,0.2022452,-0.5484390,0.4869010
gait_20260919_222050_andrew_normal_5,andrew_normal_5,2513493605181281,2026-09-19T22:20:56.729258Z,0.0037409,-9.5509939,-3.3478422,1.6498024,-0.9231426,0.2265264,5.0469041,-8.3492327,1.0272213,-0.6436632,0.1991479,-0.5502525,0.4932141
gait_20260919_222050_andrew_normal_5,andrew_normal_5,2513493625348801,2026-09-19T22:20:56.749432Z,-0.8209119,-19.0107098,-9.6505785,0.6273360,-2.4515879,0.6358960,4.8127251,-8.4921446,0.9783946,-0.6465906,0.1965859,-0.5348292,0.5071807
gait_20260919_222050_andrew_normal_5,andrew_normal_5,2513493645517462,2026-09-19T22:20:56.769830Z,2.3573909,-20.9580193,2.2653637,-0.5970258,-3.1736014,0.9236422,4.7563481,-8.5329599,0.8954723,-0.6539928,0.1824505,-0.5169022,0.5213611
gait_20260919_222050_andrew_normal_5,andrew_normal_5,2513493665686448,2026-09-19T22:20:56.790382Z,0.6320692,-16.2502708,4.5937996,-1.1771480,-2.7809689,0.7032111,4.6374159,-8.6302652,0.4990152,-0.6715873,0.1738371,-0.4889731,0.5288256
gait_20260919_222050_andrew_normal_5,andrew_normal_5,2513493685855556,2026-09-19T22:20:56.810624Z,-1.0401310,-8.8438816,5.2162175,-1.1969161,-0.8205046,0.4464745,4.5188279,-8.7072439,0.0147531,-0.6911756,0.1680449,-0.4616887,0.5299819
gait_20260919_222050_andrew_normal_5,andrew_normal_5,2513493706028245,2026-09-19T22:20:56.830140Z,-1.4701895,-5.3256774,5.4981346,-0.7388172,0.2031610,0.3952971,4.3675585,-8.7818508,-0.1990723,-0.6985354,0.1719870,-0.4501861,0.5289626
gait_20260919_222050_andrew_normal_5,andrew_normal_5,2513493726197272,2026-09-19T22:20:56.851041Z,-2.1591959,-5.5906854,5.2074637,0.1661560,0.3498153,0.5714455,4.2971191,-8.8132229,-0.3130561,-0.7009839,0.1788811,-0.4479271,0.5253422
gait_20260919_222050_andrew_normal_5,andrew_normal_5,2513493746361904,2026-09-19T22:20:56.872481Z,-1.0249428,-7.7470384,2.9780128,0.7545052,0.2368019,0.8992942,4.1997542,-8.8618402,-0.2568432,-0.6978150,0.1833479,-0.4472603,0.5285792
gait_20260919_222050_andrew_normal_5,andrew_normal_5,2513493766553677,2026-09-19T22:20:56.891150Z,0.4612579,-9.7795658,2.1566520,0.7428641,0.1120974,0.9310532,4.0365262,-8.9405746,-0.0933154,-0.6909977,0.1865460,-0.4448673,0.5383455
gait_20260919_222050_andrew_normal_5,andrew_normal_5,2513493786702846,2026-09-19T22:20:56.911475Z,0.9885808,-10.9929028,2.1631613,0.4573329,-0.1020718,0.7387006,3.5688491,-9.1343431,0.2514029,-0.6767589,0.1957663,-0.4383637,0.5581310
gait_20260919_222050_andrew_normal_5,andrew_normal_5,2513493806871955,2026-09-19T22:20:56.931470Z,0.4386626,-10.3454952,2.9043162,0.2652967,-0.1317157,0.6935852,3.4280140,-9.1854076,0.3363520,-0.6730992,0.1974437,-0.4337001,0.5655597
gait_20260919_222050_andrew_normal_5,andrew_normal_5,2513493827039760,2026-09-19T22:20:56.951769Z,0.1615338,-8.4450226,2.9773395,0.4057058,0.2077242,0.8084804,3.3008435,-9.2303867,0.3748733,-0.6711501,0.1992425,-0.4285292,0.5711591
gait_20260919_222050_andrew_normal_5,andrew_normal_5,2513493847182990,2026-09-19T22:20:56.972214Z,0.4001310,-7.0216699,2.1073463,0.6864073,0.6539655,0.9027582,3.1446660,-9.2808409,0.4617177,-0.6666543,0.2032945,-0.4251007,0.5775230
gait_20260919_222050_andrew_normal_5,andrew_normal_5,2513493867356370,2026-09-19T22:20:56.991944Z,0.9852140,-6.6271505,1.4914380,0.9007598,1.0235324,0.9396799,2.9663932,-9.3296251,0.6282854,-0.6583424,0.2093344,-0.4246511,0.5851803
gait_20260919_222050_andrew_normal_5,andrew_normal_5,2513493887547288,2026-09-19T22:20:57.012481Z,1.8966566,-7.6615949,1.2315176,1.0284452,1.2029449,0.9928059,2.7726152,-9.3709288,0.8569867,-0.6468737,0.2169027,-0.4268940,0.5935227
gait_20260919_222050_andrew_normal_5,andrew_normal_5,2513493907715338,2026-09-19T22:20:57.032444Z,2.5659108,-9.0306292,0.9521441,1.0539590,1.1813614,1.0800890,2.5615487,-9.4035378,1.1171741,-0.6334928,0.2253661,-0.4303330,0.6022547
gait_20260919_222050_andrew_normal_5,andrew_normal_5,2513493927875088,2026-09-19T22:20:57.052424Z,3.1275008,-10.2262344,0.8479963,0.9889922,1.0561240,1.1934354,2.3280091,-9.4296703,1.3776069,-0.6195928,0.2340876,-0.4330486,0.6113727
gait_20260919_222050_andrew_normal_5,andrew_normal_5,2513493948046759,2026-09-19T22:20:57.072433Z,3.4752586,-10.7816143,0.7898621,0.8904510,0.8551947,1.2830667,2.0699697,-9.4521866,1.6147777,-0.6061612,0.2429706,-0.4339316,0.6206748
gait_20260919_222050_andrew_normal_5,andrew_normal_5,2513493968198249,2026-09-19T22:20:57.093021Z,3.7620389,-10.3633766,0.7594857,0.8253509,0.7113049,1.3497324,1.7969316,-9.4709816,1.8187002,-0.5938633,0.2515382,-0.4325932,0.6300144
gait_20260919_222050_andrew_normal_5,andrew_normal_5,2513493988392381,2026-09-19T22:20:57.112683Z,4.0811415,-9.4051723,0.7469909,0.7981051,0.7458451,1.3498989,1.5130838,-9.4841948,1.9991865,-0.5823185,0.2598725,-0.4296368,0.6393619
gait_20260919_222050_andrew_normal_5,andrew_normal_5,2513494008562303,2026-09-19T22:20:57.132918Z,4.4832177,-8.8363247,0.7876176,0.8802588,0.9964031,1.3255676,1.2829460,-9.4869871,2.1417866,-0.5720540,0.2673525,-0.4272228,0.6471148
gait_20260919_222050_andrew_normal_5,andrew_normal_5,2513494028733282,2026-09-19T22:20:57.152998Z,4.9257708,-8.7436991,0.3716998,1.0108421,1.2242119,1.2831167,1.4963131,-9.4600096,2.1225855,-0.5702134,0.2663352,-0.4330000,0.6453165
gait_20260919_222050_andrew_normal_5,andrew_normal_5,2513494048902757,2026-09-19T22:20:57.173198Z,5.3393693,-8.8950577,-0.1596633,0.8555611,0.9442264,1.1155951,1.4682090,-9.4424944,2.2180507,-0.5621291,0.2711948,-0.4372230,0.6475339
gait_20260919_222050_andrew_normal_5,andrew_normal_5,2513494069069668,2026-09-19T22:20:57.193370Z,5.5239472,-9.4565725,-0.2732383,0.4402793,0.3079474,0.8640212,1.2450105,-9.4321194,2.3918993,-0.5502051,0.2789189,-0.4376080,0.6542003
gait_20260919_222050_andrew_normal_5,andrew_normal_5,2513494089237189,2026-09-19T22:20:57.213429Z,5.4758387,-10.1881514,0.0616507,-0.0728442,-0.2823004,0.6142626,1.0628136,-9.4291639,2.4894609,-0.5433323,0.2834702,-0.4344856,0.6600431
gait_20260919_222050_andrew_normal_5,andrew_normal_5,2513494109406460,2026-09-19T22:20:57.234313Z,5.3686981,-10.6302557,0.6265327,-0.4834129,-0.5921462,0.3824236,0.9595903,-9.4442253,2.4742475,-0.5433369,0.2847653,-0.4281189,0.6636324
gait_20260919_222050_andrew_normal_5,andrew_normal_5,2513494129578091,2026-09-19T22:20:57.254059Z,5.1487308,-10.9301291,1.2710218,-0.6641411,-0.6235722,0.1767312,0.9162802,-9.4749680,2.3709714,-0.5483307,0.2843293,-0.4201327,0.6648149
gait_20260919_222050_andrew_normal_5,andrew_normal_5,2513494149746303,2026-09-19T22:20:57.274218Z,5.2669444,-11.3024273,1.4166192,-0.6731508,-0.5156882,0.0622356,0.9132176,-9.5095053,2.2296810,-0.5552825,0.2833924,-0.4129101,0.6639695
gait_20260919_222050_andrew_normal_5,andrew_normal_5,2513494169914395,2026-09-19T22:20:57.294572Z,6.0038347,-11.3011560,1.2154315,-0.6488528,-0.2400161,-0.0272791,0.9273838,-9.5401258,2.0885544,-0.5621539,0.2824416,-0.4070342,0.6622181
gait_20260919_222050_andrew_normal_5,andrew_normal_5,2513494190083258,2026-09-19T22:20:57.314273Z,7.1606083,-11.0588923,0.7695114,-0.7061256,-0.0106585,-0.3306799,0.9439898,-9.5661068,1.9582136,-0.5678456,0.2827677,-0.4033630,0.6594635
gait_20260919_222050_andrew_normal_5,andrew_normal_5,2513494210252733,2026-09-19T22:20:57.334806Z,7.8858271,-10.4081182,0.3967641,-0.8422712,0.0459481,-0.9646608,1.0037839,-9.5867252,1.8229774,-0.5735767,0.2833832,-0.4028466,0.6545368
gait_20260919_222050_andrew_normal_5,andrew_normal_5,2513494230423061,2026-09-19T22:20:57.354721Z,9.3400803,-10.4257755,-2.8645127,-1.0902978,0.2237952,-1.8240689,1.1808922,-9.5957642,1.6622039,-0.5816391,0.2814129,-0.4063931,0.6460243
gait_20260919_222050_andrew_normal_5,andrew_normal_5,2513494250582811,2026-09-19T22:20:57.374976Z,8.2532625,-11.8047609,-3.9148190,-1.9703234,2.3683019,-2.9721725,1.5210365,-9.5805254,1.4615402,-0.5930755,0.2756798,-0.4151689,0.6323741
gait_20260919_222050_andrew_normal_5,andrew_normal_5,2513494270735276,2026-09-19T22:20:57.396689Z,5.7022405,-13.9946327,-0.9072528,-2.0219672,1.9866776,-3.9310710,2.0240140,-9.5275555,1.1684066,-0.6035993,0.2804240,-0.4414075,0.6018221
gait_20260919_222050_andrew_normal_5,andrew_normal_5,2513494290929532,2026-09-19T22:20:57.415618Z,3.5041387,-15.8973494,0.4613327,-1.6044039,0.4178465,-4.4301887,2.7230422,-9.3840637,0.8720743,-0.6169865,0.2787477,-0.4716539,0.5649514
gait_20260919_222050_andrew_normal_5,andrew_normal_5,2513494311096564,2026-09-19T22:20:57.435300Z,1.4551508,-18.1102657,0.7695862,-1.2358030,-1.0460818,-4.3222880,3.5436642,-9.1281090,0.5968351,-0.6357420,0.2614509,-0.4948038,0.5316436
gait_20260919_222050_andrew_normal_5,andrew_normal_5,2513494331268114,2026-09-19T22:20:57.456182Z,-0.8524106,-20.5605068,1.3160627,-0.9129004,-1.3350602,-3.7678461,4.3414803,-8.7922134,0.2909850,-0.6582851,0.2339770,-0.5078762,0.5039616
gait_20260919_222050_andrew_normal_5,andrew_normal_5,2513494351413540,2026-09-19T22:20:57.475657Z,-5.5353193,-18.6791878,3.3205333,-0.3777439,0.3500484,-2.7681122,5.0049706,-8.4371939,-0.0121360,-0.6791623,0.2054218,-0.5143579,0.4816394
gait_20260919_222050_andrew_normal_5,andrew_normal_5,2513494371605842,2026-09-19T22:20:57.496372Z,-4.7310920,-12.7747869,3.5312231,0.2496587,1.0908474,-1.3155253,5.4850416,-8.1330633,-0.0607057,-0.6859060,0.1885222,-0.5284545,0.4633877
gait_20260919_222050_andrew_normal_5,andrew_normal_5,2513494391774868,2026-09-19T22:20:57.516112Z,-2.7212348,-7.7611041,1.2720693,0.5787898,0.2327050,-0.3288980,5.7044959,-7.9800925,0.1138104,-0.6808716,0.1834440,-0.5435144,0.4553618
gait_20260919_222050_andrew_normal_5,andrew_normal_5,2513494411944099,2026-09-19T22:20:57.536497Z,-0.4883423,-4.9040732,-0.7246949,0.2757553,-1.2430642,-0.1375946,5.7507758,-7.9435544,0.2542209,-0.6766406,0.1796207,-0.5484942,0.4572179
gait_20260919_222050_andrew_normal_5,andrew_normal_5,2513494432087531,2026-09-19T22:20:57.557263Z,0.5766285,-4.4479032,0.0493804,-0.2422644,-2.5623698,-0.4772010,5.7650442,-7.9353762,0.1737891,-0.6816002,0.1718461,-0.5413701,0.4613119
gait_20260919_222050_andrew_normal_5,andrew_normal_5,2513494452282274,2026-09-19T22:20:57.576993Z,1.2386253,-5.5534258,1.3238440,-0.4350833,-3.0032818,-0.8299973,5.8324108,-7.8863235,-0.1581089,-0.6969886,0.1582788,-0.5253443,0.4617014
gait_20260919_222050_andrew_normal_5,andrew_normal_5,2513494472450446,2026-09-19T22:20:57.597009Z,1.2347347,-6.5958762,2.1087680,-0.2352364,-2.3580596,-0.9284385,5.9366584,-7.7872992,-0.5917503,-0.7161978,0.1407019,-0.5066841,0.4588409
gait_20260919_222050_andrew_normal_5,andrew_normal_5,2513494492620450,2026-09-19T22:20:57.617186Z,-1.0249428,-6.5259204,1.3163620,0.0346235,-0.9211774,-0.7022119,6.0429034,-7.6716738,-0.9299746,-0.7310567,0.1239512,-0.4926887,0.4554670
gait_20260919_222050_andrew_normal_5,andrew_normal_5,2513494512789150,2026-09-19T22:20:57.637266Z,-3.7300913,-5.6846581,-0.0528221,0.0756587,0.1631417,-0.1915199,6.1320052,-7.5850706,-1.0494373,-0.7368065,0.1138639,-0.4885271,0.4533128
gait_20260919_222050_andrew_normal_5,andrew_normal_5,2513494532933804,2026-09-19T22:20:57.657319Z,-4.5564651,-4.6201358,-0.2959832,0.0387203,0.3641709,0.2957067,6.1641269,-7.5638456,-1.0138516,-0.7357646,0.1128834,-0.4908796,0.4527086
gait_20260919_222050_andrew_normal_5,andrew_normal_5,2513494553104011,2026-09-19T22:20:57.677566Z,-4.4141598,-3.5858407,0.1683423,0.1341972,0.2636979,0.7908273,6.1229558,-7.6043224,-0.9590773,-0.7332378,0.1172206,-0.4926695,0.4537604
gait_20260919_222050_andrew_normal_5,andrew_normal_5,2513494573271085,2026-09-19T22:20:57.697892Z,-3.3004069,-3.5165586,-0.7551462,0.4628786,-0.2980716,1.4065555,6.0046644,-7.7044821,-0.9061173,-0.7303035,0.1241175,-0.4914663,0.4579439
gait_20260919_222050_andrew_normal_5,andrew_normal_5,2513494593443408,2026-09-19T22:20:57.718131Z,0.4582652,-6.0835171,-5.9878235,0.6371784,-1.2416818,2.0745602,5.7798214,-7.8791542,-0.8652841,-0.7275649,0.1316018,-0.4840802,0.4679709
gait_20260919_222050_andrew_normal_5,andrew_normal_5,2513494613618944,2026-09-19T22:20:57.737813Z,7.4396825,-10.9109011,-13.5257435,-0.2156514,-2.3519478,2.4052567,5.4259486,-8.1236477,-0.8952883,-0.7272722,0.1383124,-0.4666150,0.4839580
gait_20260919_222050_andrew_normal_5,andrew_normal_5,2513494633778328,2026-09-19T22:20:57.758398Z,16.1679688,-14.6721172,-0.1211316,0.0499950,-0.0019985,2.2226467,4.9758720,-8.3746281,-1.1586335,-0.7348741,0.1456122,-0.4376610,0.4972023
gait_20260919_222050_andrew_normal_5,andrew_normal_5,2513494653963467,2026-09-19T22:20:57.778914Z,21.7623959,-19.2003746,4.1827450,1.5582892,2.1620765,1.3213874,4.5746489,-8.5874138,-1.2510036,-0.7347509,0.1613375,-0.4222427,0.5057890
gait_20260919_222050_andrew_normal_5,andrew_normal_5,2513494674142016,2026-09-19T22:20:57.798451Z,19.1792755,-16.2563305,-1.1659014,0.9452423,3.2236464,0.2492423,4.3752694,-8.7464132,-0.7703441,-0.7142627,0.1770219,-0.4346057,0.5192398
gait_20260919_222050_andrew_normal_5,andrew_normal_5,2513494694299975,2026-09-19T22:20:57.818925Z,10.3041201,-7.5252752,-0.7107038,0.0128235,3.1780314,-0.3726145,4.3595109,-8.7833033,-0.2904467,-0.6932496,0.1914610,-0.4583900,0.5221363
gait_20260919_222050_andrew_normal_5,andrew_normal_5,2513494714462003,2026-09-19T22:20:57.839184Z,3.4814684,-3.7663038,0.6370073,0.1520502,1.8755128,-0.7204812,4.4381747,-8.7486410,0.0010469,-0.6781578,0.2067480,-0.4837504,0.5131695
gait_20260919_222050_andrew_normal_5,andrew_normal_5,2513494734630785,2026-09-19T22:20:57.859058Z,-1.2118402,-10.0294609,-5.6315365,2.0240324,0.8606072,-1.0225165,4.5617890,-8.6827545,0.1897009,-0.6693763,0.2123739,-0.5015088,0.5052936
gait_20260919_222050_andrew_normal_5,andrew_normal_5,2513494754805631,2026-09-19T22:20:57.879396Z,-4.3534818,-17.7033253,-12.9843540,0.9364491,0.7819508,-0.3111283,4.7277770,-8.5761118,0.5784140,-0.6577033,0.2019238,-0.5167515,0.5095302
gait_20260919_222050_andrew_normal_5,andrew_normal_5,2513494774987312,2026-09-19T22:20:57.899492Z,0.2971055,-17.6124210,1.5587749,-1.1325488,-0.9276558,0.4050896,4.7919483,-8.5137234,0.8887457,-0.6473185,0.1962082,-0.5272077,0.5143279
gait_20260919_222050_andrew_normal_5,andrew_normal_5,2513494795147225,2026-09-19T22:20:57.919311Z,-0.1017536,-13.7845411,4.2999864,-1.8242021,-2.2927265,0.4402460,4.7268915,-8.5728874,0.6310378,-0.6556080,0.2020980,-0.5188016,0.5100778
gait_20260919_222050_andrew_normal_5,andrew_normal_5,2513494815327603,2026-09-19T22:20:57.940250Z,-1.8625393,-9.8142071,7.0230913,-1.3469346,-2.0829539,0.3645540,4.6558328,-8.6343660,0.0840154,-0.6758685,0.2041389,-0.4974915,0.5040153
gait_20260919_222050_andrew_normal_5,andrew_normal_5,2513494835477995,2026-09-19T22:20:57.959939Z,-2.3228245,-8.3672113,5.6100636,-0.6016889,-0.9257240,0.5045967,4.5835900,-8.6653509,-0.3721860,-0.6930557,0.2032707,-0.4779568,0.4999122
gait_20260919_222050_andrew_normal_5,andrew_normal_5,2513494855663134,2026-09-19T22:20:57.979983Z,-2.2141876,-8.5251541,4.8366613,0.0445325,-0.4518038,0.8293312,4.4075904,-8.7512388,-0.4743959,-0.6964141,0.2068893,-0.4685262,0.5026802
gait_20260919_222050_andrew_normal_5,andrew_normal_5,2513494875831470,2026-09-19T22:20:58.000338Z,-0.9809493,-8.4674683,4.0613141,0.5239485,-0.4509544,1.0456821,3.8186960,-9.0360241,-0.0629159,-0.6809049,0.2182800,-0.4623054,0.5244007
gait_20260919_222050_andrew_normal_5,andrew_normal_5,2513494896002083,2026-09-19T22:20:58.020207Z,-0.0061351,-8.4904375,3.6664956,0.7194653,-0.6748662,1.0136232,3.4699285,-9.1742907,0.1676220,-0.6715496,0.2239264,-0.4558614,0.5395077
gait_20260919_222050_andrew_normal_5,andrew_normal_5,2513494916151701,2026-09-19T22:20:58.040281Z,0.2772037,-8.9401731,3.2873886,0.6968827,-0.6523668,0.9081374,3.2454078,-9.2526293,0.3038025,-0.6662787,0.2252815,-0.4483710,0.5516200
gait_20260919_222050_andrew_normal_5,andrew_normal_5,2513494936339933,2026-09-19T22:20:58.060955Z,0.4042460,-8.5645084,2.9258642,0.6524167,-0.5165708,0.9058059,2.9195819,-9.3472118,0.5846238,-0.6558855,0.2274348,-0.4416639,0.5683491
gait_20260919_222050_andrew_normal_5,andrew_normal_5,2513494956484017,2026-09-19T22:20:58.081439Z,0.7183353,-7.8841062,2.6203790,0.7514908,-0.2535890,0.8626390,2.7477410,-9.3923197,0.6858333,-0.6517012,0.2285735,-0.4353491,0.5775041
gait_20260919_222050_andrew_normal_5,andrew_normal_5,2513494976678149,2026-09-19T22:20:58.101016Z,1.0864438,-7.3939681,2.1140802,0.9193289,0.2144024,0.7604839,2.5849640,-9.4283867,0.8121501,-0.6461795,0.2303697,-0.4309469,0.5862309
gait_20260919_222050_andrew_normal_5,andrew_normal_5,2513494996822681,2026-09-19T22:20:58.121170Z,1.3920038,-7.3985324,1.5047557,1.0908974,0.6732175,0.7492592,2.4348011,-9.4507675,0.9954150,-0.6378329,0.2333075,-0.4304574,0.5945110
gait_20260919_222050_andrew_normal_5,andrew_normal_5,2513495017017423,2026-09-19T22:20:58.141214Z,2.1115363,-8.1874218,1.0631003,1.2081242,0.8837228,0.8744299,2.2788000,-9.4615030,1.2341566,-0.6262607,0.2382249,-0.4337039,0.6024511
gait_20260919_222050_andrew_normal_5,andrew_normal_5,2513495037178638,2026-09-19T22:20:58.162131Z,2.6540475,-9.1180925,0.8217349,1.2743402,0.9637781,1.0178200,2.0900154,-9.4661522,1.5033038,-0.6124883,0.2446997,-0.4378700,0.6109420
gait_20260919_222050_andrew_normal_5,andrew_normal_5,2513495057328824,2026-09-19T22:20:58.182619Z,2.9646950,-10.0655985,0.6021417,1.3127275,1.0068119,1.1994642,1.8890941,-9.4641342,1.7599978,-0.5974702,0.2520787,-0.4416047,0.6200573
gait_20260919_222050_andrew_normal_5,andrew_normal_5,2513495077523446,2026-09-19T22:20:58.201915Z,3.3449991,-10.5962877,0.3460370,1.3328786,0.9040739,1.3720152,1.6301212,-9.4563856,2.0385203,-0.5814892,0.2604679,-0.4444046,0.6297074
gait_20260919_222050_andrew_normal_5,andrew_normal_5,2513495097667407,2026-09-19T22:20:58.222669Z,3.7025580,-10.7073193,0.2653075,1.3771614,0.7454288,1.4855283,1.3307451,-9.4387255,2.3185580,-0.5647995,0.2691507,-0.4455247,0.6403648
gait_20260919_222050_andrew_normal_5,andrew_normal_5,2513495117838875,2026-09-19T22:20:58.242269Z,4.2022729,-10.0925331,-0.1155951,1.6206248,0.8765283,1.5234326,1.0135599,-9.4063196,2.5942144,-0.5480956,0.2770240,-0.4447864,0.6519309
gait_20260919_222050_andrew_normal_5,andrew_normal_5,2513495138032519,2026-09-19T22:20:58.262345Z,5.0919433,-9.0485115,-2.7504888,1.7001306,1.1135300,1.4417951,0.6811059,-9.3448248,2.9062798,-0.5291871,0.2844621,-0.4446032,0.6643571
gait_20260919_222050_andrew_normal_5,andrew_normal_5,2513495158209684,2026-09-19T22:20:58.282329Z,6.0646625,-8.2572279,-4.5419502,0.8745298,0.6190590,1.0949277,0.3431138,-9.2537384,3.2383182,-0.5079741,0.2925507,-0.4465640,0.6759859
gait_20260919_222050_andrew_normal_5,andrew_normal_5,2513495178369718,2026-09-19T22:20:58.303524Z,5.2520556,-8.5997477,-1.2132617,-0.2953736,-0.3521801,0.6107153,0.0876875,-9.1935329,3.4216051,-0.4943374,0.2993892,-0.4462422,0.6832748
gait_20260919_222050_andrew_normal_5,andrew_normal_5,2513495198536792,2026-09-19T22:20:58.322789Z,5.0593224,-9.4868746,0.2212392,-1.0522603,-0.8954139,0.2474604,0.2229992,-9.2691469,3.2045755,-0.5033457,0.2998821,-0.4419718,0.6792457
gait_20260919_222050_andrew_normal_5,andrew_normal_5,2513495218708300,2026-09-19T22:20:58.343918Z,5.0819178,-10.4372978,0.9719711,-1.4556346,-0.9335013,0.0158712,0.2368807,-9.3361788,3.0026257,-0.5134740,0.3000687,-0.4332510,0.6771978
gait_20260919_222050_andrew_normal_5,andrew_normal_5,2513495238875944,2026-09-19T22:20:58.363181Z,5.1298018,-10.8419180,1.7198598,-1.5122079,-0.7150021,-0.1166773,0.2925717,-9.4208632,2.7198985,-0.5272206,0.3004874,-0.4245294,0.6719528
gait_20260919_222050_andrew_normal_5,andrew_normal_5,2513495259045011,2026-09-19T22:20:58.383348Z,5.4348378,-11.2606039,1.9295769,-1.3284820,-0.4750193,-0.1933352,0.3562134,-9.4997749,2.4214697,-0.5407223,0.3019824,-0.4175641,0.6648808
gait_20260919_222050_andrew_normal_5,andrew_normal_5,2513495279188037,2026-09-19T22:20:58.404028Z,6.1193552,-11.5282307,1.7106571,-1.1196253,-0.1546981,-0.2639144,0.4196303,-9.5604277,2.1582975,-0.5520960,0.3037131,-0.4127541,0.6577100
gait_20260919_222050_andrew_normal_5,andrew_normal_5,2513495299383716,2026-09-19T22:20:58.423498Z,7.3128648,-11.6084366,1.2893524,-0.9817311,0.1227726,-0.5104588,0.4802614,-9.6046696,1.9379854,-0.5607638,0.3063183,-0.4107992,0.6503516
gait_20260919_222050_andrew_normal_5,andrew_normal_5,2513495319552539,2026-09-19T22:20:58.443740Z,8.0075569,-11.4894743,0.8389432,-0.9503884,0.3148920,-1.1097330,0.5715296,-9.6359758,1.7485471,-0.5678829,0.3088824,-0.4121923,0.6420267
gait_20260919_222050_andrew_normal_5,andrew_normal_5,2513495339721850,2026-09-19T22:20:58.463996Z,7.6425910,-11.9037466,0.4792144,-0.9546018,0.2719083,-1.9910576,0.7703544,-9.6532135,1.5678476,-0.5756950,0.3092052,-0.4184929,0.6307386
gait_20260919_222050_andrew_normal_5,andrew_normal_5,2513495359911792,2026-09-19T22:20:58.485432Z,5.4437413,-12.7200193,-0.7916577,-0.9680749,0.2060421,-2.8970134,1.1397624,-9.6443920,1.3866342,-0.5862199,0.3042038,-0.4298747,0.6156411
gait_20260919_222050_andrew_normal_5,andrew_normal_5,2513495380058764,2026-09-19T22:20:58.504930Z,3.4640357,-14.6591730,-2.1800704,-1.2850653,1.6821777,-3.5125582,1.6924005,-9.5876312,1.2038488,-0.5997918,0.2927515,-0.4459229,0.5964053
gait_20260919_222050_andrew_normal_5,andrew_normal_5,2513495400203133,2026-09-19T22:20:58.525082Z,2.6319010,-16.9392014,-1.1603649,-1.5381546,2.1660569,-3.8483343,2.3323059,-9.4734240,1.0250382,-0.6101582,0.2864195,-0.4724339,0.5678707
gait_20260919_222050_andrew_normal_5,andrew_normal_5,2513495420397672,2026-09-19T22:20:58.544747Z,-0.0199766,-19.6287136,-2.4046016,-1.6805955,1.4365325,-3.7549560,3.0170543,-9.2951708,0.8563272,-0.6182508,0.2834195,-0.5039912,0.5323834
gait_20260919_222050_andrew_normal_5,andrew_normal_5,2513495440566171,2026-09-19T22:20:58.564692Z,-4.4673557,-19.6869221,-2.6562920,-1.2999039,1.0792563,-3.3417892,3.6935067,-9.0654011,0.6423543,-0.6298604,0.2765304,-0.5284159,0.4975776
gait_20260919_222050_andrew_normal_5,andrew_normal_5,2513495460736255,2026-09-19T22:20:58.585369Z,-5.9576716,-14.4849205,0.6272808,-0.6338476,0.8723815,-2.3156755,4.2881174,-8.8102331,0.4774648,-0.6399237,0.2681129,-0.5481351,0.4670773
gait_20260919_222050_andrew_normal_5,andrew_normal_5,2513495480905323,2026-09-19T22:20:58.605600Z,-4.0396914,-9.7527056,3.2886605,-0.0811545,0.4043235,-1.0472641,4.6997313,-8.5996294,0.4416174,-0.6443102,0.2606508,-0.5633595,0.4467122
gait_20260919_222050_andrew_normal_5,andrew_normal_5,2513495501075732,2026-09-19T22:20:58.626099Z,-1.7889924,-6.4460139,3.3197851,0.4821972,-1.0295278,-0.2181495,4.8794088,-8.4973240,0.4721875,-0.6446313,0.2567486,-0.5713427,0.4382903
gait_20260919_222050_andrew_normal_5,andrew_normal_5,2513495521243946,2026-09-19T22:20:58.645537Z,-0.3939210,-4.6004586,0.5065233,0.5873166,-2.0515447,0.0359558,4.9190702,-8.4747725,0.4659626,-0.6480461,0.2490300,-0.5677564,0.4423496
gait_20260919_222050_andrew_normal_5,andrew_normal_5,2513495541413338,2026-09-19T22:20:58.666020Z,1.2915970,-4.2232223,-0.7032219,0.0355061,-1.8879533,-0.1797789,4.9221168,-8.4778490,0.3673385,-0.6567813,0.2366729,-0.5553100,0.4519459
gait_20260919_222050_andrew_normal_5,andrew_normal_5,2513495561583016,2026-09-19T22:20:58.686115Z,1.5489737,-5.6362500,1.0228479,-0.3145090,-1.5909475,-0.6315494,4.9543381,-8.4649515,0.1877854,-0.6674258,0.2265946,-0.5431832,0.4562344
gait_20260919_222050_andrew_normal_5,andrew_normal_5,2513495581752205,2026-09-19T22:20:58.706010Z,0.5999720,-7.2411880,2.1958570,-0.0603371,-1.4480571,-0.8702165,5.0577698,-8.4056034,-0.0297615,-0.6788579,0.2173407,-0.5345609,0.4540481
gait_20260919_222050_andrew_normal_5,andrew_normal_5,2513495601917937,2026-09-19T22:20:58.726103Z,-1.1340286,-7.4497085,1.8057518,0.3194719,-1.0266466,-0.6875564,5.2001195,-8.3160286,-0.1963764,-0.6889037,0.2054154,-0.5284259,0.4516440
gait_20260919_222050_andrew_normal_5,andrew_normal_5,2513495622087777,2026-09-19T22:20:58.746298Z,-2.7840075,-6.4457145,0.7781904,0.3868869,-0.4433936,-0.1231057,5.3120999,-8.2433043,-0.2562194,-0.6945651,0.1939603,-0.5248603,0.4521952
gait_20260919_222050_andrew_normal_5,andrew_normal_5,2513495642256478,2026-09-19T22:20:58.766502Z,-3.1836150,-5.5994391,-0.0080056,0.2381009,-0.1189089,0.4439931,5.3313460,-8.2314482,-0.2368722,-0.6953821,0.1888108,-0.5231267,0.4551185
gait_20260919_222050_andrew_normal_5,andrew_normal_5,2513495662442677,2026-09-19T22:20:58.787607Z,-2.8456583,-5.3388453,-0.0159364,0.2494588,-0.2353030,0.8567768,5.2522869,-8.2829084,-0.2074196,-0.6939758,0.1902604,-0.5206884,0.4594368
gait_20260919_222050_andrew_normal_5,andrew_normal_5,2513495682595549,2026-09-19T22:20:58.806873Z,-1.3308021,-6.4179568,-1.2736405,0.5314261,-0.8185561,1.2609338,5.1031208,-8.3760786,-0.1886500,-0.6921804,0.1945055,-0.5158606,0.4657703
gait_20260919_222050_andrew_normal_5,andrew_normal_5,2513495702766489,2026-09-19T22:20:58.826989Z,2.6322002,-8.4245224,-5.8966942,0.6519171,-1.6142963,1.5204183,4.8840051,-8.5058546,-0.1818357,-0.6912857,0.1972308,-0.5055245,0.4771468
gait_20260919_222050_andrew_normal_5,andrew_normal_5,2513495722911142,2026-09-19T22:20:58.847918Z,6.6070991,-10.9048405,-7.9117146,0.3024183,-2.7185502,1.5508783,4.6093111,-8.6567049,-0.2276497,-0.6930448,0.1974684,-0.4882248,0.4922719
gait_20260919_222050_andrew_normal_5,andrew_normal_5,2513495743128834,2026-09-19T22:20:58.867336Z,10.3407068,-13.1293535,-3.8867619,0.5879328,-2.0592053,1.4989181,4.3181424,-8.7986946,-0.4156108,-0.7012497,0.1935067,-0.4621561,0.5071645
gait_20260919_222050_andrew_normal_5,andrew_normal_5,2513495763274708,2026-09-19T22:20:58.888112Z,13.2465191,-14.0400476,-2.0843022,1.0109587,0.7221466,1.1626757,4.0264664,-8.9300613,-0.5269771,-0.7064258,0.1899895,-0.4387042,0.5219245
gait_20260919_222050_andrew_normal_5,andrew_normal_5,2513495783415293,2026-09-19T22:20:58.908844Z,13.9500408,-12.0782986,-2.6881647,0.3733805,2.4640119,0.3588583,3.8136778,-9.0335226,-0.2957409,-0.6960663,0.1969627,-0.4383106,0.5334617
gait_20260919_222050_andrew_normal_5,andrew_normal_5,2513495803612720,2026-09-19T22:20:58.927887Z,10.3783407,-8.5211134,-1.0719290,-0.1552144,2.5349407,-0.3743964,3.7455149,-9.0667953,-0.0220282,-0.6814178,0.2114131,-0.4544434,0.5333437
gait_20260919_222050_andrew_normal_5,andrew_normal_5,2513495823778248,2026-09-19T22:20:58.949061Z,5.5966711,-5.4908023,-0.3039140,0.0229990,2.0560079,-0.5962098,3.8146622,-9.0367994,0.1439693,-0.6708961,0.2237688,-0.4741427,0.5244184
gait_20260919_222050_andrew_normal_5,andrew_normal_5,2513495843950204,2026-09-19T22:20:58.968704Z,1.7920600,-5.1574097,0.3229180,0.5335245,1.4899416,-0.5919964,3.9213622,-8.9871540,0.3001867,-0.6623505,0.2306297,-0.4914138,0.5163471
gait_20260919_222050_andrew_normal_5,andrew_normal_5,2513495864117726,2026-09-19T22:20:58.988954Z,-0.5320365,-11.5110970,-3.7359273,1.3076479,0.4081206,-0.6451556,4.0155840,-8.9358063,0.5124224,-0.6533945,0.2323275,-0.5059382,0.5129583
gait_20260919_222050_andrew_normal_5,andrew_normal_5,2513495884285369,2026-09-19T22:20:59.009577Z,-2.9560909,-19.5810528,-12.8091288,0.6133633,-0.3363090,-0.1024215,4.1202598,-8.8694487,0.7697209,-0.6460171,0.2246374,-0.5152013,0.5164955
gait_20260919_222050_andrew_normal_5,andrew_normal_5,2513495904458017,2026-09-19T22:20:59.028616Z,2.4438813,-18.7599163,2.8765585,-0.7500086,-1.5350736,0.5201681,4.1614590,-8.8384256,0.8947660,-0.6439246,0.2165669,-0.5155045,0.5222211
gait_20260919_222050_andrew_normal_5,andrew_normal_5,2513495924624032,2026-09-19T22:20:59.048954Z,1.9185038,-14.2557507,5.1691561,-1.2520239,-2.9504390,0.5089933,4.0865679,-8.8940392,0.6573769,-0.6532897,0.2168263,-0.5025800,0.5230798
gait_20260919_222050_andrew_normal_5,andrew_normal_5,2513495944793467,2026-09-19T22:20:59.068986Z,0.1398363,-9.3257895,6.3724670,-0.8776108,-2.4981689,0.4456585,4.0097938,-8.9512672,0.1802172,-0.6737090,0.2111688,-0.4767814,0.5236445
gait_20260919_222050_andrew_normal_5,andrew_normal_5,2513495964961842,2026-09-19T22:20:59.089278Z,0.1031751,-6.9890490,5.9238534,-0.2484263,-1.8712660,0.5910138,3.9281836,-8.9871006,-0.1936868,-0.6897485,0.2051883,-0.4549697,0.5245451
gait_20260919_222050_andrew_normal_5,andrew_normal_5,2513495985132374,2026-09-19T22:20:59.109970Z,0.8218097,-8.0814037,5.4364090,0.3911169,-1.5840861,0.7431139,3.7887497,-9.0428162,-0.3300614,-0.6967241,0.2004165,-0.4391286,0.5306363
gait_20260919_222050_andrew_normal_5,andrew_normal_5,2513496005300872,2026-09-19T22:20:59.129351Z,1.7839047,-9.4381676,4.6418333,0.7302571,-1.6276528,0.7975721,3.0667794,-9.2450056,1.1665425,-0.6494859,0.1944916,-0.4448476,0.5851937
gait_20260919_222050_andrew_normal_5,andrew_normal_5,2513496025446950,2026-09-19T22:20:59.149568Z,2.2543654,-9.6980877,4.1649384,0.7634483,-1.4279225,0.6981151,2.9530342,-9.2761593,1.2118485,-0.6507973,0.1858651,-0.4300335,0.5974849
gait_20260919_222050_andrew_normal_5,andrew_normal_5,2513496045615650,2026-09-19T22:20:59.170097Z,1.9076550,-8.8903446,3.7901709,0.7669456,-0.7717087,0.5331748,2.8561733,-9.2982044,1.2735003,-0.6512620,0.1772960,-0.4166367,0.6089646
gait_20260919_222050_andrew_normal_5,andrew_normal_5,2513496065807139,2026-09-19T22:20:59.190350Z,1.5263784,-8.0558157,3.0948799,0.9414786,0.0462979,0.3358426,2.5910375,-9.2709732,1.8898932,-0.6290455,0.1717780,-0.4149087,0.6345431
gait_20260919_222050_andrew_normal_5,andrew_normal_5,2513496085976287,2026-09-19T22:20:59.210332Z,1.4739305,-7.8191633,2.0130746,1.1331817,0.6974989,0.1043700,2.5249488,-9.2521715,2.0635066,-0.6228306,0.1688577,-0.4129906,0.6426570
gait_20260919_222050_andrew_normal_5,andrew_normal_5,2513496106173146,2026-09-19T22:20:59.230667Z,1.3590088,-8.0730238,1.1267712,1.2446129,1.1299508,-0.1269694,2.4718654,-9.2087612,2.3075354,-0.6128047,0.1680794,-0.4170590,0.6498320
gait_20260919_222050_andrew_normal_5,andrew_normal_5,2513496126315439,2026-09-19T22:20:59.250988Z,0.9480290,-8.9187002,0.6806266,1.3354933,1.3606406,-0.1847917,2.4376407,-9.1418085,2.5925596,-0.6004893,0.1680818,-0.4253168,0.6559473
gait_20260919_222050_andrew_normal_5,andrew_normal_5,2513496146483205,2026-09-19T22:20:59.270994Z,0.7110031,-10.4726124,0.2620903,1.8494494,1.6971161,-0.0155547,2.3961358,-9.0606728,2.8980744,-0.5866295,0.1689902,-0.4354564,0.6615783
gait_20260919_222050_andrew_normal_5,andrew_normal_5,2513496166654876,2026-09-19T22:20:59.290674Z,0.7156419,-11.2668886,-4.9883943,2.4654441,2.0519109,0.2721748,2.2912848,-8.9583845,3.2761991,-0.5685384,0.1714235,-0.4463480,0.6694413
gait_20260919_222050_andrew_normal_5,andrew_normal_5,2513496186796925,2026-09-19T22:20:59.311521Z,2.2177041,-10.4780741,-6.9977279,1.3240521,1.3124110,0.6386273,2.0989604,-8.7894287,3.8179080,-0.5418739,0.1743059,-0.4593442,0.6819040
gait_20260919_222050_andrew_normal_5,andrew_normal_5,2513496206965504,2026-09-19T22:20:59.331577Z,3.0488663,-9.4313593,-2.3852234,-0.4389470,-0.2337376,0.7013626,1.8702838,-8.6953211,4.1387858,-0.5240728,0.1796008,-0.4638503,0.6913279
gait_20260919_222050_andrew_normal_5,andrew_normal_5,2513496227134694,2026-09-19T22:20:59.351655Z,3.2936733,-9.4073420,0.5379472,-1.3287984,-1.2836996,0.5700798,1.7940412,-8.8171005,3.9084880,-0.5322047,0.1853152,-0.4533915,0.6905453
gait_20260919_222050_andrew_normal_5,andrew_normal_5,2513496247304371,2026-09-19T22:20:59.372441Z,3.5065329,-9.9345903,2.0162919,-1.3241520,-1.6416420,0.4914567,1.9368895,-9.0159178,3.3463094,-0.5561600,0.1857219,-0.4358302,0.6828216
gait_20260919_222050_andrew_normal_5,andrew_normal_5,2513496267476288,2026-09-19T22:20:59.392380Z,3.8166568,-10.0024509,2.6678140,-0.6012226,-1.4382645,0.5910471,1.9582146,-9.1246338,3.0236690,-0.5723742,0.1822058,-0.4195180,0.6805832
gait_20260919_222050_andrew_normal_5,andrew_normal_5,2513496287693735,2026-09-19T22:20:59.412064Z,4.2559929,-9.7504616,2.5104702,-0.0530260,-1.4218438,0.4934885,1.9373662,-9.1867132,2.8437672,-0.5822153,0.1774672,-0.4048182,0.6823878
gait_20260919_222050_andrew_normal_5,andrew_normal_5,2513496307810272,2026-09-19T22:20:59.432747Z,3.9605334,-9.1734591,2.6049662,0.2085568,-1.6341478,0.2595178,1.9209121,-9.2097254,2.7797804,-0.5875291,0.1702350,-0.3919421,0.6871761
gait_20260919_222050_andrew_normal_5,andrew_normal_5,2513496328032846,2026-09-19T22:20:59.452769Z,3.3129017,-8.8503160,2.5363574,0.3699165,-1.6188428,0.1478700,1.9850472,-9.2044020,2.7522137,-0.5922887,0.1580908,-0.3801799,0.6925781
gait_20260919_222050_andrew_normal_5,andrew_normal_5,2513496348173960,2026-09-19T22:20:59.472822Z,2.8430398,-9.0065374,2.1608419,0.4381309,-1.3543955,0.1351964,2.2178268,-9.1584187,2.7277675,-0.5959631,0.1442862,-0.3693413,0.6982812
gait_20260919_222050_andrew_normal_5,andrew_normal_5,2513496368343312,2026-09-19T22:20:59.493092Z,2.3949499,-9.0181351,1.9078795,0.4253574,-1.0163546,0.0698798,2.2707515,-9.1400967,2.7456241,-0.5979754,0.1327121,-0.3595569,0.7039402
gait_20260919_222050_andrew_normal_5,andrew_normal_5,2513496388512461,2026-09-19T22:20:59.513012Z,1.8262522,-8.7609081,1.6588076,0.3719316,-0.7230126,-0.0341405,2.3137107,-9.1201181,2.7760181,-0.5987868,0.1231916,-0.3520062,0.7087805
gait_20260919_222050_andrew_normal_5,andrew_normal_5,2513496408702728,2026-09-19T22:20:59.532863Z,1.3747956,-8.6124668,1.3874398,0.2886455,-0.5818874,-0.0655664,2.3602550,-9.0975790,2.8105843,-0.5989025,0.1154633,-0.3471140,0.7123875
gait_20260919_222050_andrew_normal_5,andrew_normal_5,2513496428851003,2026-09-19T22:20:59.553812Z,1.3314006,-8.9543142,1.2710218,0.1824935,-0.5741600,-0.0302768,2.4055922,-9.0777874,2.8360207,-0.5990990,0.1088922,-0.3432601,0.7151192
gait_20260919_222050_andrew_normal_5,andrew_normal_5,2513496449019866,2026-09-19T22:20:59.573741Z,1.3683611,-9.2947397,1.2687024,0.1217734,-0.6261868,-0.0052460,2.4393303,-9.0686998,2.8362780,-0.6001040,0.1032574,-0.3388436,0.7172157
gait_20260919_222050_andrew_normal_5,andrew_normal_5,2513496469189138,2026-09-19T22:20:59.594325Z,1.5059528,-9.5683527,1.2207435,0.1430737,-0.6620593,0.0342571,2.4394295,-9.0869837,2.7770569,-0.6030112,0.0995643,-0.3320604,0.7184708
gait_20260919_222050_andrew_normal_5,andrew_normal_5,2513496489357431,2026-09-19T22:20:59.613667Z,1.8335844,-9.1934357,1.0118495,0.2116545,-0.5939448,0.0856344,2.3299437,-9.1855421,2.5363965,-0.6111660,0.1027796,-0.3184243,0.7172995
gait_20260919_222050_andrew_normal_5,andrew_normal_5,2513496509528330,2026-09-19T22:20:59.635074Z,2.3820810,-9.0191822,0.7925556,0.2637978,-0.4200614,0.1307165,2.3364348,-9.1898565,2.5147028,-0.6123819,0.0981265,-0.3128504,0.7193639
gait_20260919_222050_andrew_normal_5,andrew_normal_5,2513496529698008,2026-09-19T22:20:59.653868Z,2.8932431,-9.2247095,0.6014684,0.2703428,-0.2582188,0.1760651,2.3370836,-9.1884785,2.5191324,-0.6125875,0.0943763,-0.3083156,0.7216448
gait_20260919_222050_andrew_normal_5,andrew_normal_5,2513496549847015,2026-09-19T22:20:59.675240Z,3.4200423,-9.5329628,0.4000562,0.2193652,-0.1579623,0.2079740,2.3823366,-9.2134581,2.3817611,-0.6172237,0.0913643,-0.3040855,0.7198747
gait_20260919_222050_andrew_normal_5,andrew_normal_5,2513496570033538,2026-09-19T22:20:59.694949Z,4.0001874,-9.8100166,0.2457049,0.1505013,-0.1435067,0.2030278,2.3788302,-9.2191839,2.3630304,-0.6178126,0.0895872,-0.3010827,0.7208543
gait_20260919_222050_andrew_normal_5,andrew_normal_5,2513496590202443,2026-09-19T22:20:59.715199Z,4.5964184,-9.5327387,-0.4320786,0.0812544,0.0729941,0.1667056,2.3493307,-9.2219915,2.3815215,-0.6171375,0.0887319,-0.2981441,0.7227573
gait_20260919_222050_andrew_normal_5,andrew_normal_5,2513496610365895,2026-09-19T22:20:59.735143Z,4.9497128,-9.0529251,-0.7246201,-0.1259868,0.5911636,0.0712121,2.3209910,-9.2259598,2.3939049,-0.6165681,0.0888465,-0.2963214,0.7239776
gait_20260919_222050_andrew_normal_5,andrew_normal_5,2513496630540619,2026-09-19T22:20:59.754653Z,5.4277301,-9.0190325,-0.6278046,-0.4011259,0.4395132,-0.1074510,2.2977126,-9.2357025,2.3787479,-0.6164204,0.0928362,-0.2989303,0.7225288
gait_20260919_222050_andrew_normal_5,andrew_normal_5,2513496650697967,2026-09-19T22:20:59.774791Z,6.4253640,-9.7631054,-0.2882020,-0.6727178,-0.3295808,-0.3513807,2.2979205,-9.2495947,2.3239360,-0.6181021,0.0963422,-0.3018480,0.7194136
gait_20260919_222050_andrew_normal_5,andrew_normal_5,2513496670880788,2026-09-19T22:20:59.796821Z,7.6175270,-10.3109293,-1.0191817,-0.9871269,-1.1508847,-0.6814111,2.3724816,-9.2638626,2.1882212,-0.6240553,0.0939217,-0.3014845,0.7147313
gait_20260919_222050_andrew_normal_5,andrew_normal_5,2513496691047943,2026-09-19T22:20:59.815971Z,8.0569372,-10.1775274,-1.9511248,-1.5843359,-0.9116514,-1.1026217,2.5449858,-9.2711134,1.9508005,-0.6351156,0.0837876,-0.2974320,0.7079139
gait_20260919_222050_andrew_normal_5,andrew_normal_5,2513496711217540,2026-09-19T22:20:59.835431Z,6.7838211,-9.7734308,-0.7977181,-2.0422184,-1.0105590,-1.5118581,2.7837958,-9.2678986,1.6101764,-0.6498805,0.0737951,-0.2968739,0.6957554
gait_20260919_222050_andrew_normal_5,andrew_normal_5,2513496731387217,2026-09-19T22:20:59.856272Z,4.9665470,-9.5278749,1.8692729,-1.9905246,-2.1984487,-1.9129341,3.0887494,-9.2369871,1.1721066,-0.6679614,0.0631596,-0.2991719,0.6784796
gait_20260919_222050_andrew_normal_5,andrew_normal_5,2513496751556203,2026-09-19T22:20:59.875685Z,3.2972646,-10.0136738,3.7505169,-1.5437504,-3.7449968,-2.0698471,3.4784064,-9.1490479,0.6570654,-0.6889757,0.0417416,-0.2961262,0.6602117
gait_20260919_222050_andrew_normal_5,andrew_normal_5,2513496771723481,2026-09-19T22:20:59.896166Z,2.0587142,-11.6778688,5.7888055,-0.8824738,-4.5129752,-1.8710330,3.8864040,-9.0068302,0.0947018,-0.7106270,0.0070453,-0.2829891,0.6441094
gait_20260919_222050_andrew_normal_5,andrew_normal_5,2513496791893524,2026-09-19T22:20:59.916644Z,1.7672950,-13.2625303,7.2993975,0.1152617,-4.4456601,-1.5189360,4.2119527,-8.8484774,-0.4472448,-0.7289314,-0.0342131,-0.2615623,0.6317229
gait_20260919_222050_andrew_normal_5,andrew_normal_5,2513496812062226,2026-09-19T22:20:59.936530Z,1.6643443,-13.3761806,8.4138985,1.2665461,-4.3251858,-1.1460718,4.4246483,-8.7162018,-0.8285160,-0.7389863,-0.0748925,-0.2373149,0.6260768
gait_20260919_222050_andrew_normal_5,andrew_normal_5,2513496832232229,2026-09-19T22:20:59.957225Z,1.8713679,-11.6655235,7.7763672,2.1035213,-3.5979097,-0.7191322,4.5455670,-8.6346798,-1.0080899,-0.7398791,-0.1145615,-0.2103008,0.6286717
gait_20260919_222050_andrew_normal_5,andrew_normal_5,2513496852400524,2026-09-19T22:20:59.976809Z,2.8831425,-8.9887314,5.6111112,2.2660635,-2.3405232,-0.3698832,4.5985403,-8.6096582,-0.9814920,-0.7325523,-0.1489906,-0.1836729,0.6383049
gait_20260919_222050_andrew_normal_5,andrew_normal_5,2513496872569753,2026-09-19T22:20:59.997591Z,3.2707040,-7.2537580,3.4025347,1.9656104,-1.4347339,-0.3473172,4.6176176,-8.6181049,-0.8012422,-0.7208393,-0.1724372,-0.1636074,0.6510674
gait_20260919_222050_andrew_normal_5,andrew_normal_5,2513496892739310,2026-09-19T22:21:00.017115Z,3.0879216,-6.9950342,2.0375404,1.6398600,-0.6898214,-0.3695335,4.6544752,-8.6155186,-0.5872265,-0.7089726,-0.1885911,-0.1507467,0.6626212
gait_20260919_222050_andrew_normal_5,andrew_normal_5,2513496912882701,2026-09-19T22:21:00.037850Z,2.8773067,-7.7823524,1.4654011,1.5258641,-0.1212404,-0.3122774,4.7114449,-8.5966825,-0.3680395,-0.6978757,-0.1996178,-0.1438060,0.6726382
gait_20260919_222050_andrew_normal_5,andrew_normal_5,2513496933050874,2026-09-19T22:21:00.058139Z,2.1104889,-9.0323505,0.8649802,1.7494261,-0.1123972,-0.1414250,4.7659755,-8.5736742,-0.1169800,-0.6864679,-0.2067250,-0.1401471,0.6829241
gait_20260919_222050_andrew_normal_5,andrew_normal_5,2513496953245006,2026-09-19T22:21:00.077468Z,1.0512042,-10.3030729,0.1170914,2.2264273,-1.2939417,0.1299837,4.7632465,-8.5740490,0.1823934,-0.6741000,-0.2101634,-0.1351971,0.6950843
gait_20260919_222050_andrew_normal_5,andrew_normal_5,2513496973416759,2026-09-19T22:21:00.097412Z,0.4948516,-10.6015253,-0.1983446,2.3477175,-3.4655278,0.2624489,4.7197680,-8.5880880,0.4523804,-0.6603913,-0.2197931,-0.1198820,0.7079567
gait_20260919_222050_andrew_normal_5,andrew_normal_5,2513496993585134,2026-09-19T22:21:00.118665Z,-0.5392191,-10.3758717,1.2301707,1.9379150,-5.0321937,0.3664359,4.7002482,-8.5931215,0.5496137,-0.6470849,-0.2451876,-0.0890211,0.7164074
gait_20260919_222050_andrew_normal_5,andrew_normal_5,2513497013733613,2026-09-19T22:21:00.137652Z,-0.6821979,-10.1400423,2.1235821,1.6078346,-5.6631103,0.6787299,4.6680131,-8.6179705,0.4199587,-0.6369898,-0.2806723,-0.0468140,0.7164325
gait_20260919_222050_andrew_normal_5,andrew_normal_5,2513497033922252,2026-09-19T22:21:00.158904Z,-0.1337012,-9.9564371,2.3724294,1.5046803,-5.6886740,0.7951906,4.5504155,-8.6888208,0.1850194,-0.6283873,-0.3171087,0.0016985,0.7103300
gait_20260919_222050_andrew_normal_5,andrew_normal_5,2513497054065441,2026-09-19T22:21:00.180841Z,0.1830068,-9.9256124,2.1678748,1.5896319,-5.2891803,0.6264866,4.3355694,-8.7999077,-0.0246349,-0.6185548,-0.3496488,0.0529003,0.7016675
gait_20260919_222050_andrew_normal_5,andrew_normal_5,2513497074260753,2026-09-19T22:21:00.199179Z,0.3334674,-10.1298676,1.5371523,1.7577198,-4.8478684,0.3663526,4.0984173,-8.9118462,-0.1344754,-0.6052402,-0.3778280,0.1019712,0.6932044
gait_20260919_222050_andrew_normal_5,andrew_normal_5,2513497094431448,2026-09-19T22:21:00.219274Z,0.1007809,-11.0920372,0.7313538,2.0485969,-4.7351217,0.1865071,3.9529023,-8.9763784,-0.1879190,-0.5882924,-0.4055054,0.1442724,0.6845895
gait_20260919_222050_andrew_normal_5,andrew_normal_5,2513497114599050,2026-09-19T22:21:00.238828Z,-1.4619594,-12.5364141,-2.9993362,2.5237327,-4.9019270,0.1034207,3.8987043,-8.9999132,-0.1944000,-0.5669317,-0.4340690,0.1824915,0.6759211
gait_20260919_222050_andrew_normal_5,andrew_normal_5,2513497134747244,2026-09-19T22:21:00.259168Z,-4.0447793,-13.0436859,-5.5527525,2.2008636,-4.8785114,0.4152818,3.8604863,-9.0176191,-0.1238177,-0.5400226,-0.4620769,0.2226863,0.6672866
gait_20260919_222050_andrew_normal_5,andrew_normal_5,2513497154937226,2026-09-19T22:21:00.279429Z,-2.8170776,-12.0443306,-2.0380642,1.1223899,-3.7140539,1.1683381,3.7860868,-9.0495539,-0.0850975,-0.5135208,-0.4882567,0.2632171,0.6546897
gait_20260919_222050_andrew_normal_5,andrew_normal_5,2513497175106050,2026-09-19T22:21:00.299361Z,-0.4709095,-11.8599777,0.3883844,0.1346635,-2.0513613,1.5915637,3.5678411,-9.1368656,-0.1558377,-0.4997763,-0.5051251,0.2972966,0.6377203
gait_20260919_222050_andrew_normal_5,andrew_normal_5,2513497195249238,2026-09-19T22:21:00.319705Z,0.3872621,-11.0261221,1.3539211,-0.3820073,-1.3040007,1.5027318,3.2576971,-9.2493153,-0.2715055,-0.4997403,-0.5105786,0.3199510,0.6222544
gait_20260919_222050_andrew_normal_5,andrew_normal_5,2513497215417655,2026-09-19T22:21:00.339269Z,0.6323685,-9.1504889,1.9746178,-0.4155816,-1.2942249,1.2078078,2.9590354,-9.3434591,-0.4242892,-0.5051671,-0.5126492,0.3348356,0.6081795
gait_20260919_222050_andrew_normal_5,andrew_normal_5,2513497235614391,2026-09-19T22:21:00.359776Z,0.6878092,-7.7038679,2.5596261,-0.0397529,-1.6201419,0.9416451,2.6747200,-9.4235992,-0.5270675,-0.5087093,-0.5139591,0.3494029,0.5958008
gait_20260919_222050_andrew_normal_5,andrew_normal_5,2513497255781750,2026-09-19T22:21:00.380316Z,1.7113305,-6.4974146,2.2302737,0.5226495,-1.9044906,0.7546384,2.4752600,-9.4720497,-0.6240768,-0.5075439,-0.5196245,0.3637259,0.5831750
gait_20260919_222050_andrew_normal_5,andrew_normal_5,2513497275925304,2026-09-19T22:21:00.400218Z,2.4500165,-6.1257148,1.5038580,1.0025817,-1.9920402,0.6882892,2.3052773,-9.5151854,-0.6189325,-0.5007324,-0.5256244,0.3812996,0.5723606
gait_20260919_222050_andrew_normal_5,andrew_normal_5,2513497296118704,2026-09-19T22:21:00.420044Z,3.6898389,-7.6823201,1.0672902,1.4529699,-1.7132871,0.8795760,2.1529846,-9.5567684,-0.5186200,-0.4899534,-0.5305558,0.4012535,0.5634287
gait_20260919_222050_andrew_normal_5,andrew_normal_5,2513497316263805,2026-09-19T22:21:00.440963Z,5.5157919,-10.2905035,0.2983026,1.7745402,-1.3603742,1.0964098,1.9747136,-9.6040373,-0.3148112,-0.4785283,-0.5308961,0.4228622,0.5570887
gait_20260919_222050_andrew_normal_5,andrew_normal_5,2513497336458426,2026-09-19T22:21:00.461389Z,7.1157918,-12.4817963,-1.6503532,1.6973161,-1.2245783,1.0798558,1.7593549,-9.6509247,-0.0209196,-0.4678172,-0.5260746,0.4455153,0.5530903
gait_20260919_222050_andrew_normal_5,andrew_normal_5,2513497356626801,2026-09-19T22:21:00.481050Z,4.9923596,-11.5121450,-2.9050646,1.0534095,-1.3763952,0.7748729,1.5485775,-9.6830378,0.2771674,-0.4576820,-0.5203129,0.4671569,0.5491503
gait_20260919_222050_andrew_normal_5,andrew_normal_5,2513497376795096,2026-09-19T22:21:00.501942Z,3.0368953,-9.1684456,-0.5235072,0.3229192,-2.0855517,0.5739935,1.4050574,-9.6980915,0.4571272,-0.4486812,-0.5191405,0.4840115,0.5430574
gait_20260919_222050_andrew_normal_5,andrew_normal_5,2513497396944469,2026-09-19T22:21:00.521618Z,2.5680807,-9.0130472,1.4425813,0.0960431,-3.1220410,0.3225695,1.5120076,-9.6862793,0.3548634,-0.4371110,-0.5343428,0.4911665,0.5311941
gait_20260919_222050_andrew_normal_5,andrew_normal_5,2513497417132743,2026-09-19T22:21:00.542270Z,1.5466543,-9.8460798,2.1279216,0.1515505,-3.8790109,0.2172002,1.5071479,-9.6882324,0.3206087,-0.4201280,-0.5490569,0.5075561,0.5142136
gait_20260919_222050_andrew_normal_5,andrew_normal_5,2513497437303030,2026-09-19T22:21:00.561780Z,1.1284171,-10.2346888,2.6369140,0.3008028,-3.8872378,0.3075976,1.4899390,-9.6922560,0.2763874,-0.3981197,-0.5667816,0.5274067,0.4920381
gait_20260919_222050_andrew_normal_5,andrew_normal_5,2513497457474092,2026-09-19T22:21:00.582265Z,1.1521348,-10.4547310,3.1105917,0.4750193,-3.2411497,0.3423377,1.4501333,-9.6997452,0.2195448,-0.3759380,-0.5837607,0.5469167,0.4677354
gait_20260919_222050_andrew_normal_5,andrew_normal_5,2513497477642874,2026-09-19T22:21:00.601831Z,1.2891279,-10.4792709,3.3020530,0.5494789,-2.1547155,0.3054992,1.3962039,-9.7077045,0.2172486,-0.3560649,-0.5958381,0.5644742,0.4467254
gait_20260919_222050_andrew_normal_5,andrew_normal_5,2513497497809053,2026-09-19T22:21:00.624017Z,1.1933599,-9.6290302,3.1996262,0.5440831,-1.0346571,0.2702596,1.3457502,-9.7136154,0.2659238,-0.3414496,-0.6020613,0.5779261,0.4323607
gait_20260919_222050_andrew_normal_5,andrew_normal_5,2513497517980154,2026-09-19T22:21:00.643648Z,1.1118075,-8.7321777,3.1186721,0.5560073,-0.1173268,0.2448957,1.2968384,-9.7154646,0.4050448,-0.3321383,-0.6014268,0.5883930,0.4263377
gait_20260919_222050_andrew_normal_5,andrew_normal_5,2513497538149955,2026-09-19T22:21:00.663676Z,1.1277438,-8.0662899,2.7754784,0.6028047,0.4187624,0.2103888,1.2493031,-9.7145081,0.5510674,-0.3286011,-0.5972545,0.5949698,0.4258161
gait_20260919_222050_andrew_normal_5,andrew_normal_5,2513497558291678,2026-09-19T22:21:00.682526Z,1.0187328,-7.5665751,2.3733273,0.6304002,0.5450490,0.1879893,1.2021989,-9.7122421,0.6805557,-0.3288864,-0.5915870,0.5987623,0.4281848
gait_20260919_222050_andrew_normal_5,andrew_normal_5,2513497578511283,2026-09-19T22:21:00.704121Z,0.8860791,-7.1506577,1.9468601,0.6375781,0.3669188,0.2069581,1.1571735,-9.7070255,0.8189803,-0.3297622,-0.5851566,0.6020961,0.4316584
gait_20260919_222050_andrew_normal_5,andrew_normal_5,2513497598656790,2026-09-19T22:21:00.723517Z,0.6964134,-7.3258085,1.6157869,0.6131801,0.0123072,0.3217201,1.1107090,-9.7000818,0.9543896,-0.3296166,-0.5793554,0.6061038,0.4339797
gait_20260919_222050_andrew_normal_5,andrew_normal_5,2513497618824108,2026-09-19T22:21:00.743449Z,1.3296050,-8.8144035,1.3566893,0.5341074,-0.4391635,0.5297274,1.0500225,-9.6940241,1.0767864,-0.3279621,-0.5749079,0.6116197,0.4334087
gait_20260919_222050_andrew_normal_5,andrew_normal_5,2513497638969087,2026-09-19T22:21:00.763124Z,2.0947020,-10.4601173,1.3294553,0.4413285,-0.8872201,0.6607770,0.9582476,-9.6921291,1.1749630,-0.3251765,-0.5721034,0.6189953,0.4287223
gait_20260919_222050_andrew_normal_5,andrew_normal_5,2513497659162569,2026-09-19T22:21:00.783130Z,2.3514802,-11.3765736,1.1317092,0.4421112,-1.1075013,0.7519737,0.8504980,-9.6933689,1.2455376,-0.3207344,-0.5714017,0.6278334,0.4200653
gait_20260919_222050_andrew_normal_5,andrew_normal_5,2513497679331269,2026-09-19T22:21:00.803619Z,2.3692122,-11.4363537,-0.0751929,0.6385940,-0.1988643,0.7964064,0.7341875,-9.6940346,1.3125439,-0.3150177,-0.5715126,0.6377618,0.4091420
gait_20260919_222050_andrew_normal_5,andrew_normal_5,2513497699498750,2026-09-19T22:21:00.824229Z,3.1471782,-10.9385834,-1.0893618,0.7126372,1.7899784,0.8286483,0.5907760,-9.6886721,1.4201109,-0.3132573,-0.5676454,0.6465177,0.4020741
gait_20260919_222050_andrew_normal_5,andrew_normal_5,2513497719660249,2026-09-19T22:21:00.843894Z,4.5781627,-10.6352682,-0.4183868,0.2878961,1.6435405,0.8458351,0.3780815,-9.6737728,1.5847125,-0.3256137,-0.5532779,0.6489324,0.4083455
gait_20260919_222050_andrew_normal_5,andrew_normal_5,2513497739840466,2026-09-19T22:21:00.864034Z,5.7035871,-10.6255417,-0.0711527,-0.2402492,0.3183394,0.6954171,0.1538970,-9.6676750,1.6578583,-0.3398811,-0.5413590,0.6488348,0.4128253
gait_20260919_222050_andrew_normal_5,andrew_normal_5,2513497760007458,2026-09-19T22:21:00.884600Z,7.3083005,-11.3252478,-0.4249708,-0.7955570,-1.0443830,0.4396131,0.0036909,-9.6758356,1.6168885,-0.3465130,-0.5391067,0.6497414,0.4088140
gait_20260919_222050_andrew_normal_5,andrew_normal_5,2513497780176363,2026-09-19T22:21:00.905056Z,9.9512749,-12.3825121,-2.4506898,-1.4102693,-1.1077678,-0.1027213,-0.0522761,-9.6993818,1.4681271,-0.3444266,-0.5472975,0.6516532,0.3964642
gait_20260919_222050_andrew_normal_5,andrew_normal_5,2513497800346081,2026-09-19T22:21:00.925375Z,10.5730190,-12.3641815,-2.4206874,-1.9346675,0.9850451,-1.1114483,-0.0046949,-9.7364063,1.1993756,-0.3396705,-0.5624218,0.6491045,0.3833654
gait_20260919_222050_andrew_normal_5,andrew_normal_5,2513497820513928,2026-09-19T22:21:00.945595Z,8.3287544,-11.1903496,-1.3213000,-2.1156955,1.3088304,-2.2065425,0.1858218,-9.7739277,0.8197206,-0.3455746,-0.5759008,0.6316769,0.3871703
gait_20260919_222050_andrew_normal_5,andrew_normal_5,2513497840659883,2026-09-19T22:21:00.964935Z,5.2434516,-11.4393463,-0.6411971,-1.9739541,0.2609334,-2.9187634,0.5959015,-9.7833614,0.4084941,-0.3492432,-0.5917731,0.6061316,0.4005476
gait_20260919_222050_andrew_normal_5,andrew_normal_5,2513497860858410,2026-09-19T22:21:00.986066Z,3.0742297,-12.5954466,0.1094599,-1.7681451,-0.3373581,-3.2344048,1.1709262,-9.7398481,0.0197817,-0.3403376,-0.6133441,0.5816919,0.4118422
gait_20260919_222050_andrew_normal_5,andrew_normal_5,2513497881022677,2026-09-19T22:21:01.005387Z,0.9303718,-14.4210997,1.1169699,-1.3852718,-0.8712990,-3.1781812,1.8038449,-9.6367397,-0.3398677,-0.3239662,-0.6367086,0.5588976,0.4210481
gait_20260919_222050_andrew_normal_5,andrew_normal_5,2513497901190849,2026-09-19T22:21:01.026326Z,-0.9347861,-16.0082302,2.5156326,-0.9839460,-1.5733443,-2.6988318,2.4142025,-9.4862108,-0.6477470,-0.3033203,-0.6587996,0.5392735,0.4279766
gait_20260919_222050_andrew_normal_5,andrew_normal_5,2513497921344861,2026-09-19T22:21:01.045800Z,-2.6979661,-16.8839855,2.9462149,-0.6124307,-1.3745800,-1.9879767,2.9088142,-9.3234396,-0.9210874,-0.2793458,-0.6795860,0.5261519,0.4281274
gait_20260919_222050_andrew_normal_5,andrew_normal_5,2513497941510022,2026-09-19T22:21:01.065550Z,-2.7780221,-14.6746607,2.0938790,-0.3636713,-0.6646740,-1.2855482,3.2558646,-9.1849279,-1.1280712,-0.2586937,-0.6952934,0.5180325,0.4257782
gait_20260919_222050_andrew_normal_5,andrew_normal_5,2513497961697767,2026-09-19T22:21:01.086148Z,-1.7096096,-11.8144131,2.0172646,-0.2528729,-0.3863539,-0.9439933,3.4769247,-9.0889101,-1.2405020,-0.2458530,-0.7040170,0.5126854,0.4255235
gait_20260919_222050_andrew_normal_5,andrew_normal_5,2513497981865531,2026-09-19T22:21:01.105874Z,-0.9141361,-9.2641392,2.3469162,-0.3750959,-0.6064353,-0.9046234,3.6345217,-9.0174942,-1.3081193,-0.2368795,-0.7095332,0.5088795,0.4260193
gait_20260919_222050_andrew_normal_5,andrew_normal_5,2513498002035250,2026-09-19T22:21:01.126160Z,0.2213140,-7.4153662,2.3811831,-0.4987678,-1.0302105,-0.9997839,3.4430401,-9.1172838,-1.1210423,-0.2342136,-0.7052619,0.5188605,0.4225321
gait_20260919_222050_andrew_normal_5,andrew_normal_5,2513498022204277,2026-09-19T22:21:01.146298Z,1.9102737,-6.8110547,1.8108395,-0.5472973,-0.9477737,-1.2653137,3.5968111,-9.0365219,-1.2807578,-0.2226819,-0.7147368,0.5143403,0.4183519
gait_20260919_222050_andrew_normal_5,andrew_normal_5,2513498042374158,2026-09-19T22:21:01.166668Z,2.8741643,-7.4198556,1.7316064,-0.3881859,-0.4637779,-1.6693875,3.7925522,-8.9297390,-1.4534185,-0.2093485,-0.7248807,0.5082237,0.4152468
gait_20260919_222050_andrew_normal_5,andrew_normal_5,2513498062544120,2026-09-19T22:21:01.187078Z,0.9380782,-8.7236481,0.8910919,-0.1195417,-0.1688206,-1.8856883,4.0706635,-8.7874594,-1.5640893,-0.1949809,-0.7327555,0.5001908,0.4181638
gait_20260919_222050_andrew_normal_5,andrew_normal_5,2513498082715141,2026-09-19T22:21:01.207778Z,-1.8762311,-8.1530800,0.3645920,0.0006328,-0.4302370,-1.4787169,4.3986878,-8.6217432,-1.5978733,-0.1791408,-0.7379760,0.4923368,0.4253289
gait_20260919_222050_andrew_normal_5,andrew_normal_5,2513498102860120,2026-09-19T22:21:01.227858Z,-2.4068460,-6.6251302,0.0145148,0.0487127,-0.7424811,-0.9210275,4.6483531,-8.4835129,-1.6306423,-0.1643236,-0.7425728,0.4873354,0.4290545
gait_20260919_222050_andrew_normal_5,andrew_normal_5,2513498123024101,2026-09-19T22:21:01.247571Z,-2.4904187,-5.3681741,-0.4172645,0.0856177,-1.0051298,-0.5575561,4.7786593,-8.3986797,-1.6919475,-0.1519666,-0.7473361,0.4858291,0.4270423
gait_20260919_222050_andrew_normal_5,andrew_normal_5,2513498143218355,2026-09-19T22:21:01.267549Z,-2.1279216,-4.0985742,-0.0169839,0.1547647,-1.0029647,-0.1806782,4.8346171,-8.3496294,-1.7737827,-0.1409504,-0.7523211,0.4865166,0.4212452
gait_20260919_222050_andrew_normal_5,andrew_normal_5,2513498163387505,2026-09-19T22:21:01.288082Z,-1.2898014,-3.3574190,-0.6275801,0.3293476,-0.8640046,0.3133765,4.8261247,-8.3379526,-1.8501854,-0.1323847,-0.7565120,0.4890586,0.4135040
gait_20260919_222050_andrew_normal_5,andrew_normal_5,2513498183571708,2026-09-19T22:21:01.307676Z,-0.0270096,-3.7154269,-2.6075101,0.3479667,-0.9327519,0.8696669,4.7419152,-8.3794022,-1.8804208,-0.1274208,-0.7584333,0.4946995,0.4047408
gait_20260919_222050_andrew_normal_5,andrew_normal_5,2513498203726291,2026-09-19T22:21:01.327855Z,2.2106712,-5.3596449,-4.7193456,0.1801120,-1.2191991,1.3235024,4.5614290,-8.4732246,-1.9062982,-0.1263098,-0.7595263,0.5028404,0.3928321
gait_20260919_222050_andrew_normal_5,andrew_normal_5,2513498223897595,2026-09-19T22:21:01.348023Z,6.8860235,-8.0270853,-7.9325886,-0.0202345,-1.7167011,1.4583658,4.2881699,-8.5975065,-1.9825687,-0.1276874,-0.7618881,0.5117785,0.3759060
gait_20260919_222050_andrew_normal_5,andrew_normal_5,2513498244064303,2026-09-19T22:21:01.368153Z,13.5033722,-12.0427599,-6.8302832,-0.0555907,-0.6103489,1.1955506,3.9604926,-8.7191429,-2.1277165,-0.1284166,-0.7666516,0.5201277,0.3538666
gait_20260919_222050_andrew_normal_5,andrew_normal_5,2513498264233085,2026-09-19T22:21:01.388321Z,17.2082500,-17.0235977,-0.0970400,0.8504316,1.3552115,0.5264133,3.7041016,-8.8084488,-2.2196798,-0.1317081,-0.7691664,0.5254879,0.3389669
gait_20260919_222050_andrew_normal_5,andrew_normal_5,2513498284402316,2026-09-19T22:21:01.408511Z,16.3880863,-16.8045273,-3.1676786,0.8018689,1.4066221,-0.1553143,3.6617024,-8.8844767,-1.9733634,-0.1394547,-0.7595272,0.5322952,0.3468899
gait_20260919_222050_andrew_normal_5,andrew_normal_5,2513498304570122,2026-09-19T22:21:01.428720Z,9.5281000,-9.8320885,-2.3068881,0.2295574,1.1004400,-0.5539755,3.7431028,-8.9072952,-1.6986461,-0.1414288,-0.7498286,0.5373987,0.3591068
gait_20260919_222050_andrew_normal_5,andrew_normal_5,2513498324738742,2026-09-19T22:21:01.449085Z,2.1873276,-4.7948380,0.4671686,0.2262933,1.1799124,-0.5204345,3.8814983,-8.8712397,-1.5720117,-0.1406705,-0.7456117,0.5362750,0.3697082
gait_20260919_222050_andrew_normal_5,andrew_normal_5,2513498344897351,2026-09-19T22:21:01.469319Z,-0.6158336,-5.0024600,2.0194342,0.5152552,1.0696304,-0.1817940,4.0165033,-8.8325949,-1.4453698,-0.1403416,-0.7413073,0.5347647,0.3805187
gait_20260919_222050_andrew_normal_5,andrew_normal_5,2513498365079603,2026-09-19T22:21:01.489073Z,-1.8930653,-11.2428722,0.5975029,1.1105657,0.5359893,0.1350465,4.0801702,-8.8313303,-1.2633027,-0.1411059,-0.7348772,0.5371445,0.3892561
gait_20260919_222050_andrew_normal_5,andrew_normal_5,2513498385249239,2026-09-19T22:21:01.509560Z,-1.3154641,-19.8253365,-8.8525610,1.5372387,-0.9280055,0.5033643,4.0690212,-8.8667669,-1.0293760,-0.1397356,-0.7270013,0.5452406,0.3932629
gait_20260919_222050_andrew_normal_5,andrew_normal_5,2513498405403537,2026-09-19T22:21:01.530084Z,1.1267712,-17.9717007,-0.2945616,0.2322221,-1.3083807,0.6745331,3.9654522,-8.9371548,-0.7991068,-0.1300493,-0.7207553,0.5614974,0.3851232
gait_20260919_222050_andrew_normal_5,andrew_normal_5,2513498425584404,2026-09-19T22:21:01.550126Z,-0.2035071,-11.2255888,2.7166708,-0.7129037,-0.9958702,0.4681912,3.8151243,-8.9986830,-0.8394403,-0.1241762,-0.7232846,0.5695195,0.3702530
gait_20260919_222050_andrew_normal_5,andrew_normal_5,2513498445735772,2026-09-19T22:21:01.572215Z,-1.0678887,-7.1190839,4.0677485,-0.8765783,-0.2521568,0.3852381,3.7024262,-9.0235233,-1.0507996,-0.1223287,-0.7310707,0.5684001,0.3570614
gait_20260919_222050_andrew_normal_5,andrew_normal_5,2513498465923312,2026-09-19T22:21:01.590058Z,-1.0137948,-6.2410107,4.6641293,-0.4072379,0.0576059,0.5433336,3.6253915,-9.0315609,-1.2343315,-0.1245867,-0.7371086,0.5644581,0.3500516
gait_20260919_222050_andrew_normal_5,andrew_normal_5,2513498486093926,2026-09-19T22:21:01.610583Z,-0.6812252,-7.5799680,3.4605193,0.2027280,-0.2223130,0.8252676,3.5303583,-9.0590124,-1.3065242,-0.1285821,-0.7389535,0.5638338,0.3456962
gait_20260919_222050_andrew_normal_5,andrew_normal_5,2513498506259494,2026-09-19T22:21:01.630733Z,0.2087445,-8.4459953,2.5885808,0.4883924,-0.7590017,1.0418350,3.3749900,-9.1217775,-1.2801362,-0.1308221,-0.7376984,0.5693640,0.3383952
gait_20260919_222050_andrew_normal_5,andrew_normal_5,2513498526430026,2026-09-19T22:21:01.651278Z,0.8262240,-9.8797483,2.1982512,0.5456652,-1.1808285,1.0971925,3.1609681,-9.2048616,-1.2308272,-0.1304400,-0.7361358,0.5787070,0.3258647
gait_20260919_222050_andrew_normal_5,andrew_normal_5,2513498546574638,2026-09-19T22:21:01.671247Z,1.7572693,-10.8694515,2.1939867,0.4878595,-1.4143828,1.0170207,2.8404953,-9.3305159,-1.0531626,-0.1292160,-0.7314418,0.5937168,0.3095104
gait_20260919_222050_andrew_normal_5,andrew_normal_5,2513498566769545,2026-09-19T22:21:01.691005Z,1.8092684,-10.0133743,2.5849895,0.5295275,-1.2383177,0.8669856,2.6142640,-9.3983088,-1.0361260,-0.1244964,-0.7317982,0.6032833,0.2915843
gait_20260919_222050_andrew_normal_5,andrew_normal_5,2513498586939303,2026-09-19T22:21:01.711070Z,1.1445032,-8.2278986,2.6161144,0.7751393,-0.6185760,0.8323455,2.4183502,-9.4561024,-0.9847992,-0.1193242,-0.7311077,0.6125346,0.2757620
gait_20260919_222050_andrew_normal_5,andrew_normal_5,2513498607107395,2026-09-19T22:21:01.731370Z,0.8552538,-6.9746089,2.2322190,1.0824039,0.1812278,0.8710158,2.2471461,-9.5094137,-0.8703493,-0.1168045,-0.7276111,0.6220213,0.2646286
gait_20260919_222050_andrew_normal_5,andrew_normal_5,2513498627274671,2026-09-19T22:21:01.752028Z,1.1452514,-6.4932995,1.4852281,1.3172905,0.8594414,0.8945478,2.0814011,-9.5641584,-0.6563436,-0.1189694,-0.7197612,0.6327987,0.2595305
gait_20260919_222050_andrew_normal_5,andrew_normal_5,2513498647443536,2026-09-19T22:21:01.772148Z,1.7355717,-7.0450883,0.7788637,1.3510480,1.1935520,0.8830900,1.9163804,-9.6140413,-0.3658053,-0.1252073,-0.7083045,0.6444120,0.2595401
gait_20260919_222050_andrew_normal_5,andrew_normal_5,2513498667613823,2026-09-19T22:21:01.792258Z,2.2607999,-8.2324629,0.6001964,1.2127208,1.1192923,0.8782770,1.7500017,-9.6524935,-0.0547428,-0.1336522,-0.6953894,0.6556207,0.2621684
gait_20260919_222050_andrew_normal_5,andrew_normal_5,2513498687783623,2026-09-19T22:21:01.811887Z,2.5477300,-9.1029797,0.6747908,1.0265800,0.8296642,0.8778939,1.5777683,-9.6796989,0.2240092,-0.1419500,-0.6833574,0.6657128,0.2640066
gait_20260919_222050_andrew_normal_5,andrew_normal_5,2513498707951103,2026-09-19T22:21:01.832112Z,2.8534396,-9.7956514,0.6465093,0.8695337,0.5028480,0.8627056,1.4293221,-9.6944914,0.4582481,-0.1484619,-0.6731994,0.6746809,0.2637565
gait_20260919_222050_andrew_normal_5,andrew_normal_5,2513498728120334,2026-09-19T22:21:01.853036Z,2.9372365,-10.3249197,0.5951087,0.7838660,0.3016688,0.8674186,1.3013531,-9.7020302,0.6427932,-0.1519893,-0.6651469,0.6825773,0.2618532
gait_20260919_222050_andrew_normal_5,andrew_normal_5,2513498748289279,2026-09-19T22:21:01.873514Z,2.9731495,-10.6450701,0.5784242,0.7657965,0.2508578,0.9276558,1.1301168,-9.7115393,0.8030888,-0.1555801,-0.6581236,0.6903858,0.2569743
gait_20260919_222050_andrew_normal_5,andrew_normal_5,2513498768457085,2026-09-19T22:21:01.896789Z,3.0027778,-10.1683245,0.6168062,0.8687676,0.2814177,0.9856114,0.9467186,-9.7171926,0.9570776,-0.1593990,-0.6511989,0.6981196,0.2513185
gait_20260919_222050_andrew_normal_5,andrew_normal_5,2513498788602023,2026-09-19T22:21:01.916443Z,2.9447184,-9.6491566,0.4189853,1.0182197,0.3968626,0.9696903,0.7538549,-9.7158546,1.1269321,-0.1633815,-0.6434776,0.7064043,0.2454302
gait_20260919_222050_andrew_normal_5,andrew_normal_5,2513498808795057,2026-09-19T22:21:01.947178Z,2.9844472,-9.7418575,0.0650175,1.0442665,0.4513208,0.9016591,0.7015876,-9.7014503,1.2750521,-0.1638625,-0.6364349,0.7132655,0.2436225
gait_20260919_222050_andrew_normal_5,andrew_normal_5,2513498828939141,2026-09-19T22:21:01.955144Z,3.0353990,-9.9693060,-0.1977461,0.8785934,0.4154983,0.8189058,0.5965602,-9.6856174,1.4384146,-0.1661409,-0.6285980,0.7205318,0.2410303
gait_20260919_222050_andrew_normal_5,andrew_normal_5,2513498849108412,2026-09-19T22:21:01.975439Z,3.4244566,-10.6356421,-0.1955015,0.5236654,0.3138095,0.7880961,0.4445121,-9.6677361,1.6041808,-0.1697051,-0.6207017,0.7277498,0.2372972
gait_20260919_222050_andrew_normal_5,andrew_normal_5,2513498869304579,2026-09-19T22:21:01.993255Z,4.3568487,-11.1875057,0.0891840,0.1188090,0.1245546,0.7486596,0.2836314,-9.6550980,1.7131184,-0.1734888,-0.6151479,0.7332233,0.2321173
gait_20260919_222050_andrew_normal_5,andrew_normal_5,2513498889447076,2026-09-19T22:21:02.013647Z,4.7924438,-11.1976814,0.2632874,-0.1889219,-0.0831529,0.6090999,0.1335788,-9.6536703,1.7392403,-0.1767734,-0.6131118,0.7362852,0.2252318
gait_20260919_222050_andrew_normal_5,andrew_normal_5,2513498909616387,2026-09-19T22:21:02.034184Z,4.9681931,-11.3394632,0.3765630,-0.3952971,-0.1282184,0.5048131,0.0188643,-9.6610699,1.7027981,-0.1782051,-0.6141939,0.7373956,0.2173854
gait_20260919_222050_andrew_normal_5,andrew_normal_5,2513498929810194,2026-09-19T22:21:02.054073Z,5.6973772,-11.6076880,0.3936965,-0.5530429,-0.0621857,0.4069881,-0.0711097,-9.6740723,1.6258494,-0.1788270,-0.6171800,0.7370133,0.2095735
gait_20260919_222050_andrew_normal_5,andrew_normal_5,2513498949978041,2026-09-19T22:21:02.074306Z,7.2860794,-12.0603418,-0.0505027,-0.7804853,-0.0156547,0.0790228,-0.1471496,-9.6906137,1.5187109,-0.1797569,-0.6212963,0.7352846,0.2025711
gait_20260919_222050_andrew_normal_5,andrew_normal_5,2513498970123345,2026-09-19T22:21:02.096355Z,9.7634048,-11.9076366,-2.6842742,-1.2707596,1.2461784,-0.7227628,-0.1661574,-9.7125607,1.3691940,-0.1794225,-0.6274636,0.7314832,0.1975586
gait_20260919_222050_andrew_normal_5,andrew_normal_5,2513498990291722,2026-09-19T22:21:02.114451Z,9.0263653,-10.7813892,-1.9810523,-2.0508785,3.4972868,-2.0595384,-0.0607577,-9.7446156,1.1291184,-0.1821673,-0.6362957,0.7215096,0.2033888
gait_20260919_222050_andrew_normal_5,andrew_normal_5,2513499010486667,2026-09-19T22:21:02.135322Z,6.8532529,-10.6931782,-1.9268086,-2.1804957,2.9008272,-3.2754900,0.2661338,-9.7789087,0.7336472,-0.1967166,-0.6476025,0.6979442,0.2340673
gait_20260919_222050_andrew_normal_5,andrew_normal_5,2513499030659194,2026-09-19T22:21:02.154914Z,4.1291003,-13.5756474,-2.3234231,-1.9722886,1.5215007,-4.1302185,0.8742326,-9.7655191,0.3262635,-0.1998335,-0.6624467,0.6696252,0.2698759
gait_20260919_222050_andrew_normal_5,andrew_normal_5,2513499050828017,2026-09-19T22:21:02.174652Z,2.4366241,-16.1104336,-0.5788731,-1.7738241,0.5223830,-4.5033989,1.6762673,-9.6656866,-0.0271176,-0.1854313,-0.6799793,0.6422818,0.3011937
gait_20260919_222050_andrew_normal_5,andrew_normal_5,2513499070992568,2026-09-19T22:21:02.195230Z,0.4968717,-18.3365173,0.2607435,-1.6170442,-0.6088668,-4.3067331,2.5512307,-9.4660645,-0.3478211,-0.1605872,-0.6980878,0.6157193,0.3282910
gait_20260919_222050_andrew_normal_5,andrew_normal_5,2513499091161554,2026-09-19T22:21:02.215927Z,-3.2467620,-19.8438168,3.2873137,-1.2533063,-0.7703763,-3.4726889,3.3632414,-9.1897755,-0.6875736,-0.1289185,-0.7168349,0.5914163,0.3460559
gait_20260919_222050_andrew_normal_5,andrew_normal_5,2513499111331761,2026-09-19T22:21:02.235570Z,-4.7046814,-17.2275524,3.2421980,-0.3283650,0.5740435,-2.1636252,3.9956152,-8.9040613,-0.9944331,-0.0993373,-0.7323360,0.5716365,0.3564380
gait_20260919_222050_andrew_normal_5,andrew_normal_5,2513499131501194,2026-09-19T22:21:02.255661Z,-2.6419268,-11.4002161,2.8034606,0.2730574,0.9915235,-1.1036376,4.3995833,-8.7085714,-1.0200825,-0.0836620,-0.7352234,0.5618396,0.3698425
gait_20260919_222050_andrew_normal_5,andrew_normal_5,2513499151673761,2026-09-19T22:21:02.275891Z,-0.6582558,-7.1638255,1.8919431,0.4940881,-0.1714853,-0.6055360,4.6129041,-8.6141615,-0.8680052,-0.0777923,-0.7306165,0.5602911,0.3823897
gait_20260919_222050_andrew_normal_5,andrew_normal_5,2513499171837782,2026-09-19T22:21:02.296247Z,0.8355016,-5.1410246,0.9761609,0.2636313,-1.4612303,-0.6450557,4.7095890,-8.5701933,-0.7795590,-0.0683598,-0.7285136,0.5635272,0.3834477
gait_20260919_222050_andrew_normal_5,andrew_normal_5,2513499192005548,2026-09-19T22:21:02.317469Z,1.8747348,-4.4742393,1.3708301,-0.0983080,-2.0833535,-0.9939883,4.7883735,-8.5186605,-0.8602248,-0.0516488,-0.7327487,0.5659585,0.3743029
gait_20260919_222050_andrew_normal_5,andrew_normal_5,2513499212177586,2026-09-19T22:21:02.336429Z,2.1177461,-5.2557216,1.7313819,-0.2633815,-1.8765787,-1.3176736,4.9105611,-8.4237661,-1.0782968,-0.0296166,-0.7415612,0.5642560,0.3616975
gait_20260919_222050_andrew_normal_5,andrew_normal_5,2513499232350438,2026-09-19T22:21:02.356938Z,0.9813982,-6.5301852,2.1349545,-0.1259035,-1.3963300,-1.3968296,5.0842800,-8.2858744,-1.3154979,-0.0064188,-0.7502933,0.5595018,0.3521030
gait_20260919_222050_andrew_normal_5,andrew_normal_5,2513499252512913,2026-09-19T22:21:02.376803Z,-1.0976666,-6.7534447,2.3767688,0.2677448,-1.2508081,-1.1160448,5.2755237,-8.1361628,-1.4858863,0.0149292,-0.7560154,0.5548840,0.3468741
gait_20260919_222050_andrew_normal_5,andrew_normal_5,2513499272682143,2026-09-19T22:21:02.399941Z,-2.9444191,-6.1743469,1.6143653,0.5582056,-1.0845189,-0.5088767,5.4218898,-8.0221329,-1.5762690,0.0347034,-0.7585025,0.5540080,0.3413868
gait_20260919_222050_andrew_normal_5,andrew_normal_5,2513499292858412,2026-09-19T22:21:02.417224Z,-4.0765772,-5.0927663,0.4711340,0.5423011,-0.7096729,0.0867668,5.4690742,-7.9843583,-1.6047912,0.0502686,-0.7586901,0.5575920,0.3330971
gait_20260919_222050_andrew_normal_5,andrew_normal_5,2513499312994766,2026-09-19T22:21:02.437662Z,-4.4632411,-3.9238722,-0.2859575,0.5185360,-0.5029479,0.5720283,5.4269328,-8.0150194,-1.5950006,0.0622655,-0.7575672,0.5646278,0.3215748
gait_20260919_222050_andrew_normal_5,andrew_normal_5,2513499333164158,2026-09-19T22:21:02.458400Z,-4.1130142,-3.3854761,-0.6355109,0.6837427,-0.6623258,1.1367123,5.3144708,-8.0959044,-1.5648816,0.0656048,-0.7563492,0.5714383,0.3115929
gait_20260919_222050_andrew_normal_5,andrew_normal_5,2513499353360936,2026-09-19T22:21:02.478060Z,-2.1856816,-5.1259856,-5.3808937,0.8489494,-1.1878231,1.7826006,5.1062012,-8.2364998,-1.5241183,0.0660041,-0.7550200,0.5807703,0.2971433
gait_20260919_222050_andrew_normal_5,andrew_normal_5,2513499373528741,2026-09-19T22:21:02.498125Z,2.9459155,-9.3167362,-12.9816608,0.0871332,-2.7028620,2.1753998,4.7725096,-8.4394455,-1.4950074,0.0650733,-0.7541572,0.5928882,0.2747653
gait_20260919_222050_andrew_normal_5,andrew_normal_5,2513499393675796,2026-09-19T22:21:02.518108Z,11.6026754,-13.3135567,-7.9200940,-0.2588683,-3.1861751,2.1175439,4.3143392,-8.6454773,-1.6965562,0.0674268,-0.7607808,0.5994176,0.2395096
gait_20260919_222050_andrew_normal_5,andrew_normal_5,2513499413866632,2026-09-19T22:21:02.538874Z,17.6728745,-16.9605999,4.3446531,1.5645344,0.7258438,1.3695005,3.8040943,-8.8054571,-2.0564277,0.0745733,-0.7721889,0.5994405,0.1970643
gait_20260919_222050_andrew_normal_5,andrew_normal_5,2513499434033787,2026-09-19T22:21:02.558359Z,18.6868191,-17.7758255,-0.3566612,1.8899517,3.1006572,0.2459282,3.5587442,-8.9695320,-1.7660592,0.0665195,-0.7633030,0.6144864,0.1880168
gait_20260919_222050_andrew_normal_5,andrew_normal_5,2513499454204238,2026-09-19T22:21:02.578303Z,13.3854580,-11.0330801,-1.9016695,0.3094962,3.8818586,-0.2736903,3.6007481,-9.0511875,-1.1604823,0.0525364,-0.7438219,0.6337374,0.2057813
gait_20260919_222050_andrew_normal_5,andrew_normal_5,2513499474347101,2026-09-19T22:21:02.598563Z,6.1146417,-7.2652798,-0.1801637,-0.3145590,3.0622201,-0.4032743,3.7372513,-9.0356579,-0.7911727,0.0335363,-0.7320097,0.6387997,0.2344613
gait_20260919_222050_andrew_normal_5,andrew_normal_5,2513499494542413,2026-09-19T22:21:02.618745Z,0.9292495,-14.0357828,-3.8111203,1.2548051,1.8665030,-0.7350700,4.0210032,-8.9282722,-0.5946707,0.0237954,-0.7248160,0.6360489,0.2636617
gait_20260919_222050_andrew_normal_5,andrew_normal_5,2513499514687596,2026-09-19T22:21:02.638928Z,-3.9496846,-18.2710514,-13.8066130,0.9635783,2.1135969,-0.2317058,4.1613798,-8.8797283,-0.2635516,0.0223916,-0.7131104,0.6428056,0.2788784
gait_20260919_222050_andrew_normal_5,andrew_normal_5,2513499534886041,2026-09-19T22:21:02.659379Z,0.5595698,-14.2674217,1.0574142,-1.0730611,-0.3478834,0.3170071,4.2274957,-8.8509741,0.1569720,0.0193875,-0.6979837,0.6535901,0.2919980
gait_20260919_222050_andrew_normal_5,andrew_normal_5,2513499555049372,2026-09-19T22:21:02.679049Z,-0.2378490,-10.0758486,3.6322284,-1.7427645,-1.9669594,0.1169770,4.1563053,-8.8859529,-0.0327824,0.0169492,-0.7049716,0.6485951,0.2864479
gait_20260919_222050_andrew_normal_5,andrew_normal_5,2513499575219131,2026-09-19T22:21:02.699628Z,-1.7020530,-7.5106106,6.7110968,-1.4768350,-1.3777109,-0.0455817,4.1106324,-8.8920965,-0.5191047,0.0273665,-0.7221492,0.6371542,0.2679294
gait_20260919_222050_andrew_normal_5,andrew_normal_5,2513499595388076,2026-09-19T22:21:02.719528Z,-3.0421326,-8.2405434,6.4686842,-0.6328817,-0.2336043,0.2294242,3.9580541,-8.9503975,-0.6784548,0.0331594,-0.7303367,0.6335856,0.2531362
gait_20260919_222050_andrew_normal_5,andrew_normal_5,2513499615555760,2026-09-19T22:21:02.739732Z,-2.1597943,-10.4155254,5.1584573,0.1144123,-0.4047065,0.8239353,3.9189935,-8.9561090,-0.8159059,0.0348090,-0.7351297,0.6301047,0.2476706
gait_20260919_222050_andrew_normal_5,andrew_normal_5,2513499635699600,2026-09-19T22:21:02.759943Z,-0.3964648,-10.8831434,4.3638067,0.4216103,-1.2902613,1.0998238,3.7669587,-9.0211477,-0.8154867,0.0344185,-0.7352352,0.6339403,0.2374118
gait_20260919_222050_andrew_normal_5,andrew_normal_5,2513499655868545,2026-09-19T22:21:02.780376Z,-0.1491887,-10.1776018,4.6748285,0.5400528,-1.9429444,1.0226830,3.5368145,-9.1133385,-0.8210567,0.0383016,-0.7353930,0.6405183,0.2178681
gait_20260919_222050_andrew_normal_5,andrew_normal_5,2513499676060928,2026-09-19T22:21:02.800490Z,-0.1460463,-9.3571386,3.9763949,0.7047100,-1.8844559,0.9558842,3.3096099,-9.1954956,-0.8517405,0.0477117,-0.7361145,0.6468691,0.1934411
gait_20260919_222050_andrew_normal_5,andrew_normal_5,2513499696229832,2026-09-19T22:21:02.820370Z,-0.1477671,-8.3694553,3.3050458,0.9039406,-1.3541789,0.9434937,2.9669113,-9.3290472,-0.6343779,0.0539819,-0.7308220,0.6596343,0.1669364
gait_20260919_222050_andrew_normal_5,andrew_normal_5,2513499716393732,2026-09-19T22:21:02.840651Z,0.0341922,-7.1235728,2.6538978,1.1552314,-0.7149189,0.9312531,2.7637258,-9.3973827,-0.5358827,0.0610180,-0.7271476,0.6678870,0.1464934
gait_20260919_222050_andrew_normal_5,andrew_normal_5,2513499736549575,2026-09-19T22:21:02.861280Z,0.3773860,-6.1227965,1.8403181,1.3780273,-0.1347134,0.8265499,2.5766604,-9.4588451,-0.3566305,0.0641902,-0.7207280,0.6777433,0.1307475
gait_20260919_222050_andrew_normal_5,andrew_normal_5,2513499756734512,2026-09-19T22:21:02.881325Z,0.4450971,-5.4397011,1.1274445,1.5267633,0.4416116,0.7250611,2.4133587,-9.5079937,-0.0995132,0.0642378,-0.7116795,0.6892462,0.1196896
gait_20260919_222050_andrew_normal_5,andrew_normal_5,2513499776906916,2026-09-19T22:21:02.901782Z,0.6854150,-6.1741223,0.5994483,1.5659500,0.8633717,0.7317060,2.2717392,-9.5409307,0.2143619,0.0612037,-0.7006604,0.7017800,0.1132868
gait_20260919_222050_andrew_normal_5,andrew_normal_5,2513499797077286,2026-09-19T22:21:02.921251Z,1.4867245,-8.1032505,0.3611504,1.4750863,1.0373718,0.8819408,2.1253829,-9.5608282,0.5562381,0.0550158,-0.6886094,0.7146419,0.1098965
gait_20260919_222050_andrew_normal_5,andrew_normal_5,2513499817257054,2026-09-19T22:21:02.941615Z,2.3234231,-10.1312141,0.3202993,1.2914937,1.0959269,1.0332749,1.9424233,-9.5748768,0.8859017,0.0462633,-0.6768854,0.7268538,0.1066271
gait_20260919_222050_andrew_normal_5,andrew_normal_5,2513499837416519,2026-09-19T22:21:02.961801Z,3.0043490,-11.9057665,0.3681833,1.0967263,1.1064855,1.1665561,1.7211934,-9.5856371,1.1786385,0.0356984,-0.6663253,0.7377150,0.1025325
gait_20260919_222050_andrew_normal_5,andrew_normal_5,2513499857561375,2026-09-19T22:21:02.981768Z,3.7441573,-12.9976721,0.6952912,1.2349870,1.4100695,1.3968296,1.4686408,-9.5939102,1.4269166,0.0238877,-0.6571841,0.7470193,0.0974717
gait_20260919_222050_andrew_normal_5,andrew_normal_5,2513499877753026,2026-09-19T22:21:03.002092Z,4.7774053,-11.8914013,-0.7417536,1.5101428,1.7899784,1.6415920,1.1642859,-9.5934811,1.6869235,0.0089789,-0.6472505,0.7566189,0.0922721
gait_20260919_222050_andrew_normal_5,andrew_normal_5,2513499897921117,2026-09-19T22:21:03.022796Z,5.1432691,-10.0322285,-1.8483237,1.0141063,1.2319393,1.4959537,0.7797461,-9.5682440,2.0191138,-0.0112766,-0.6337557,0.7684371,0.0879258
gait_20260919_222050_andrew_normal_5,andrew_normal_5,2513499918065282,2026-09-19T22:21:03.043471Z,5.1684079,-8.4236994,-2.1152024,0.2591681,0.2195318,1.2075247,0.4326922,-9.5405579,2.2420185,-0.0273494,-0.6240148,0.7767009,0.0811994
gait_20260919_222050_andrew_normal_5,andrew_normal_5,2513499938258926,2026-09-19T22:21:03.063211Z,4.7916956,-8.2731638,-0.7953238,-0.2092563,-0.4738369,0.9389138,0.5249221,-9.5822258,2.0350673,-0.0239496,-0.6279693,0.7739891,0.0776013
gait_20260919_222050_andrew_normal_5,andrew_normal_5,2513499958412898,2026-09-19T22:21:03.082787Z,4.5808558,-9.3436718,0.3517232,-0.5161545,-0.7909272,0.6876730,0.8270096,-9.6209078,1.7292492,-0.0081594,-0.6360061,0.7679317,0.0755675
gait_20260919_222050_andrew_normal_5,andrew_normal_5,2513499978572769,2026-09-19T22:21:03.103467Z,4.7480011,-10.4366245,0.9341876,-0.7890953,-0.9310532,0.4350833,0.7530752,-9.6479511,1.6081119,-0.0027846,-0.6406528,0.7652668,0.0626330
gait_20260919_222050_andrew_normal_5,andrew_normal_5,2513499998740860,2026-09-19T22:21:03.123230Z,5.0453310,-10.7428579,1.2211177,-0.9259738,-0.8732808,0.1908871,0.6979306,-9.6784086,1.4413276,0.0040703,-0.6472500,0.7606339,0.0498691
gait_20260919_222050_andrew_normal_5,andrew_normal_5,2513500018933975,2026-09-19T22:21:03.143125Z,5.0868554,-11.0482683,1.4074913,-0.9872934,-0.6030545,0.0249309,0.6858094,-9.7061701,1.2474216,0.0121767,-0.6547489,0.7547250,0.0393177
gait_20260919_222050_andrew_normal_5,andrew_normal_5,2513500039104548,2026-09-19T22:21:03.163956Z,5.7817726,-12.0877256,1.6707788,-1.0056961,-0.3453687,-0.0383539,0.6988980,-9.7290716,1.0453928,0.0194441,-0.6624085,0.7482073,0.0319820
gait_20260919_222050_andrew_normal_5,andrew_normal_5,2513500059273127,2026-09-19T22:21:03.183279Z,7.2066221,-12.6436291,1.5692496,-0.9922730,-0.3014523,-0.1383107,0.7167577,-9.7473946,0.8430253,0.0251099,-0.6699819,0.7414598,0.0270388
gait_20260919_222050_andrew_normal_5,andrew_normal_5,2513500079440689,2026-09-19T22:21:03.203438Z,8.3758898,-12.0884743,1.0437971,-1.0018157,-0.4017255,-0.5748096,0.7485395,-9.7602005,0.6436691,0.0308833,-0.6773059,0.7346857,0.0232393
gait_20260919_222050_andrew_normal_5,andrew_normal_5,2513500099587500,2026-09-19T22:21:03.223457Z,8.9296246,-11.7939873,0.6141875,-1.0066619,-0.1621757,-1.4367157,0.8589483,-9.7623682,0.4410327,0.0402945,-0.6844193,0.7276521,0.0216590
gait_20260919_222050_andrew_normal_5,andrew_normal_5,2513500119780045,2026-09-19T22:21:03.243784Z,6.7577090,-11.9788647,-2.7263224,-1.0175703,1.6768650,-2.5677156,1.1322166,-9.7415323,0.2382360,0.0542568,-0.6909954,0.7202929,0.0275626
gait_20260919_222050_andrew_normal_5,andrew_normal_5,2513500139924332,2026-09-19T22:21:03.264083Z,4.3480949,-13.0626144,-2.0659716,-1.4547685,4.7986894,-3.4399140,1.6216657,-9.6747036,0.0800753,0.0651648,-0.6958629,0.7132956,0.0523252
gait_20260919_222050_andrew_normal_5,andrew_normal_5,2513500160094986,2026-09-19T22:21:03.284897Z,2.2789807,-15.6917477,-3.1788266,-1.3316462,4.0701809,-4.0757432,2.2818656,-9.5409174,-0.0094865,0.0562040,-0.6999356,0.7035973,0.1090054
gait_20260919_222050_andrew_normal_5,andrew_normal_5,2513500180262426,2026-09-19T22:21:03.304846Z,-1.1834090,-18.0321541,-5.2050695,-1.0105590,1.1115316,-4.2035122,3.0551898,-9.3220215,-0.0430782,0.0551473,-0.7013133,0.6910100,0.1662038
gait_20260919_222050_andrew_normal_5,andrew_normal_5,2513500200432877,2026-09-19T22:21:03.324667Z,-3.2120461,-17.1193657,-1.5868320,-1.2142363,-0.3780437,-3.5679824,3.8406765,-9.0258036,-0.1419862,0.0770237,-0.7028953,0.6774595,0.2026187
gait_20260919_222050_andrew_normal_5,andrew_normal_5,2513500220601863,2026-09-19T22:21:03.344787Z,-4.5986629,-14.6210155,3.8094742,-0.9767515,-0.2506413,-2.4413292,4.4862485,-8.7150707,-0.3965260,0.1063557,-0.7083305,0.6615271,0.2221223
gait_20260919_222050_andrew_normal_5,andrew_normal_5,2513500240796687,2026-09-19T22:21:03.365683Z,-2.6361656,-10.8486519,4.3831849,-0.2181662,-0.4169305,-1.4175971,4.9163189,-8.4674397,-0.6069568,0.1267229,-0.7126316,0.6486863,0.2351674
gait_20260919_222050_andrew_normal_5,andrew_normal_5,2513500260962622,2026-09-19T22:21:03.385072Z,-1.3448679,-7.6363811,4.0594440,0.3934318,-1.1383110,-0.7658964,5.1511950,-8.3209658,-0.6803241,0.1411985,-0.7126291,0.6439264,0.2399616
gait_20260919_222050_andrew_normal_5,andrew_normal_5,2513500281131892,2026-09-19T22:21:03.405948Z,0.4061165,-5.4711251,1.5331869,0.5476803,-1.2479937,-0.6096328,5.2588596,-8.2493076,-0.7276387,0.1573853,-0.7110174,0.6442000,0.2338603
gait_20260919_222050_andrew_normal_5,andrew_normal_5,2513500301276383,2026-09-19T22:21:03.426045Z,1.9640684,-5.0472016,-0.1486650,0.1214236,-0.8958635,-0.9407291,5.3308921,-8.1992550,-0.7680756,0.1740483,-0.7086477,0.6458027,0.2246432
gait_20260919_222050_andrew_normal_5,andrew_normal_5,2513500321471736,2026-09-19T22:21:03.445882Z,1.5023615,-6.4686842,1.1614871,-0.2100057,-1.0586554,-1.2578361,5.4617610,-8.1059055,-0.8364086,0.1893891,-0.7072069,0.6442567,0.2211866
gait_20260919_222050_andrew_normal_5,andrew_normal_5,2513500341638118,2026-09-19T22:21:03.465750Z,0.7458686,-7.6467810,1.8494459,-0.1325318,-1.3653871,-1.2514410,5.6452470,-7.9624186,-0.9834719,0.2070339,-0.7076336,0.6387022,0.2201167
gait_20260919_222050_andrew_normal_5,andrew_normal_5,2513500361808406,2026-09-19T22:21:03.486777Z,-1.0592846,-7.6672812,2.3237972,0.1433568,-1.4168476,-0.9805486,5.8147073,-7.8150144,-1.1622698,0.2269606,-0.7080514,0.6326807,0.2164889
gait_20260919_222050_andrew_normal_5,andrew_normal_5,2513500381977881,2026-09-19T22:21:03.506123Z,-3.0699651,-6.6278987,1.7843536,0.3543618,-0.9002101,-0.4615130,5.9320664,-7.7022634,-1.3121907,0.2461086,-0.7071542,0.6287630,0.2098113
gait_20260919_222050_andrew_normal_5,andrew_normal_5,2513500402146175,2026-09-19T22:21:03.526592Z,-4.2079592,-5.2067900,0.7775170,0.3942479,-0.2634981,0.0219832,5.9767470,-7.6577005,-1.3690274,0.2588305,-0.7047535,0.6286864,0.2026894
gait_20260919_222050_andrew_normal_5,andrew_normal_5,2513500422312882,2026-09-19T22:21:03.546424Z,-4.6866498,-4.0268226,0.1925088,0.4242582,0.0611864,0.5023817,5.9600024,-7.6758204,-1.3402380,0.2637503,-0.7019565,0.6316020,0.1969056
gait_20260919_222050_andrew_normal_5,andrew_normal_5,2513500442483740,2026-09-19T22:21:03.567169Z,-4.2892871,-3.4816182,-0.8472481,0.6253375,-0.0576225,1.1348637,5.8813891,-7.7485795,-1.2668438,0.2630747,-0.6995963,0.6363846,0.1907130
gait_20260919_222050_andrew_normal_5,andrew_normal_5,2513500462652157,2026-09-19T22:21:03.587184Z,-1.7003322,-5.3428855,-7.0148611,0.7769713,-1.0536426,1.8085141,5.7005644,-7.8967614,-1.1750910,0.2588457,-0.6978602,0.6432933,0.1793431
gait_20260919_222050_andrew_normal_5,andrew_normal_5,2513500482822648,2026-09-19T22:21:03.607025Z,4.9697642,-9.1698675,-13.0196686,-0.0237152,-2.8638721,2.2122047,5.3792510,-8.1197882,-1.1699747,0.2559648,-0.6985405,0.6497086,0.1562115
gait_20260919_222050_andrew_normal_5,andrew_normal_5,2513500502965186,2026-09-19T22:21:03.627789Z,13.0884275,-12.9892921,-3.3741784,0.1720681,-2.9314868,2.2383015,4.9389224,-8.3515139,-1.4475338,0.2607553,-0.7068279,0.6465510,0.1198864
gait_20260919_222050_andrew_normal_5,andrew_normal_5,2513500523159562,2026-09-19T22:21:03.647833Z,19.1165791,-17.7553997,4.2675147,1.8616401,0.2045266,1.4766185,4.4462814,-8.5646286,-1.7646155,0.2679433,-0.7156153,0.6401017,0.0798192
gait_20260919_222050_andrew_normal_5,andrew_normal_5,2513500543309505,2026-09-19T22:21:03.667752Z,20.0008621,-17.4024792,-0.4587141,1.2511746,3.0437841,0.3048830,4.1713662,-8.7610559,-1.4421252,0.2603286,-0.7069440,0.6546364,0.0625330
gait_20260919_222050_andrew_normal_5,andrew_normal_5,2513500563498836,2026-09-19T22:21:03.687890Z,12.2214270,-10.1110878,-0.4752491,-0.2761883,3.8532307,-0.2669621,4.1780419,-8.8272066,-0.9276450,0.2412922,-0.6949977,0.6731386,0.0751054
gait_20260919_222050_andrew_normal_5,andrew_normal_5,2513500583646257,2026-09-19T22:21:03.707765Z,4.7827921,-4.7055039,0.7564181,-0.3652534,3.1980493,-0.3565601,4.2959967,-8.7967367,-0.6308438,0.2183462,-0.6916227,0.6806502,0.1034325
gait_20260919_222050_andrew_normal_5,andrew_normal_5,2513500603834692,2026-09-19T22:21:03.728211Z,1.2463316,-10.5592527,-1.3420997,1.7020457,1.9214443,-0.4608136,4.4020343,-8.7561340,-0.4339669,0.2001927,-0.6898389,0.6838678,0.1279452
gait_20260919_222050_andrew_normal_5,andrew_normal_5,2513500623979061,2026-09-19T22:21:03.748817Z,-5.4619970,-19.4681511,-21.1157360,1.3976957,0.1530161,-0.0292276,4.4837403,-8.7253771,0.0041580,0.1925438,-0.6756770,0.6976473,0.1402704
gait_20260919_222050_andrew_normal_5,andrew_normal_5,2513500644174048,2026-09-19T22:21:03.768996Z,1.2849381,-18.3652477,0.5464017,-1.1331983,-1.9069554,0.4919564,4.5121036,-8.7034035,0.3575467,0.1977581,-0.6606049,0.7113248,0.1360512
gait_20260919_222050_andrew_normal_5,andrew_normal_5,2513500664342424,2026-09-19T22:21:03.788819Z,1.5455320,-13.5335245,4.4810476,-2.0707798,-3.6208920,0.3130601,4.4240923,-8.7557564,0.0167295,0.2067706,-0.6709527,0.7017229,0.1210511
gait_20260919_222050_andrew_normal_5,andrew_normal_5,2513500684488379,2026-09-19T22:21:03.808607Z,-0.7521535,-8.5611420,6.7312231,-1.9670593,-2.9723222,0.0693802,4.3309212,-8.7756376,-0.6836588,0.2295091,-0.6900215,0.6797276,0.0957417
gait_20260919_222050_andrew_normal_5,andrew_normal_5,2513500704680111,2026-09-19T22:21:03.828790Z,-2.3532758,-6.9412398,7.2675242,-1.0664994,-1.3872203,0.2845653,4.2536755,-8.7420282,-1.3112277,0.2505589,-0.7058917,0.6581507,0.0759927
gait_20260919_222050_andrew_normal_5,andrew_normal_5,2513500724843807,2026-09-19T22:21:03.850070Z,-2.1779006,-8.1907883,6.0106435,0.1190921,-0.5276456,0.8095130,4.0861797,-8.7957659,-1.4743685,0.2552984,-0.7123992,0.6507261,0.0621738
gait_20260919_222050_andrew_normal_5,andrew_normal_5,2513500745018897,2026-09-19T22:21:03.870612Z,-0.5573252,-9.0690117,4.8323970,0.9191290,0.1072678,1.0948610,3.8730402,-8.9013529,-1.4147842,0.2525002,-0.7125690,0.6527495,0.0490629
gait_20260919_222050_andrew_normal_5,andrew_normal_5,2513500765187720,2026-09-19T22:21:03.889806Z,0.0616507,-9.6472864,3.9735518,1.1119312,0.6048365,1.0344239,3.5905683,-9.0621557,-1.1051050,0.2427751,-0.7067357,0.6636102,0.0347339
gait_20260919_222050_andrew_normal_5,andrew_normal_5,2513500785357723,2026-09-19T22:21:03.909818Z,0.1732803,-9.2857618,3.1343093,0.8560607,0.4396464,0.8908007,3.3806212,-9.1739454,-0.8039156,0.2322842,-0.7000031,0.6747971,0.0262411
gait_20260919_222050_andrew_normal_5,andrew_normal_5,2513500805500545,2026-09-19T22:21:03.929772Z,0.2697218,-7.8945808,2.9010243,0.5061122,0.1706692,0.8627222,2.3894653,-9.5027342,0.4739513,-0.1877542,0.6766935,-0.7118408,0.0108058
gait_20260919_222050_andrew_normal_5,andrew_normal_5,2513500825693946,2026-09-19T22:21:03.949842Z,0.3440917,-7.6496987,2.8569560,0.2732573,0.5528930,0.7442130,2.2266922,-9.5359898,0.5855332,-0.1833670,0.6736404,-0.7156856,0.0194737
gait_20260919_222050_andrew_normal_5,andrew_normal_5,2513500845840308,2026-09-19T22:21:03.969844Z,0.0529717,-7.0587053,2.2337153,0.6371118,0.4636780,0.5083938,2.0664876,-9.5674181,0.6559389,-0.1758268,0.6729041,-0.7181321,0.0239033
gait_20260919_222050_andrew_normal_5,andrew_normal_5,2513500866033627,2026-09-19T22:21:03.989995Z,0.3120692,-6.7641435,1.3162124,1.0405859,0.2884290,0.3959799,1.9597656,-9.5795698,0.7920118,-0.1706545,0.6689892,-0.7228914,0.0275404
gait_20260919_222050_andrew_normal_5,andrew_normal_5,2513500886201188,2026-09-19T22:21:04.010008Z,0.4324527,-7.5510130,0.8563012,1.3231694,0.2692104,0.4797157,1.8773612,-9.5763855,1.0022427,-0.1675845,0.6616309,-0.7301401,0.0324878
gait_20260919_222050_andrew_normal_5,andrew_normal_5,2513500906354265,2026-09-19T22:21:04.030304Z,0.9531167,-8.9941177,0.6352865,1.4195955,0.4093030,0.7623325,1.7828969,-9.5632172,1.2658106,-0.1641562,0.6521710,-0.7390780,0.0385944
gait_20260919_222050_andrew_normal_5,andrew_normal_5,2513500926536719,2026-09-19T22:21:04.050437Z,1.3111247,-10.2571344,0.9314193,1.4860280,0.4835961,1.0902479,1.6289093,-9.5480833,1.5546238,-0.1576646,0.6422874,-0.7486567,0.0460665
gait_20260919_222050_andrew_normal_5,andrew_normal_5,2513500946699480,2026-09-19T22:21:04.070794Z,2.4221840,-11.8508492,0.4699369,1.4720054,0.6254707,1.3661032,1.4062643,-9.5302057,1.8530301,-0.1482316,0.6324586,-0.7582450,0.0555724
gait_20260919_222050_andrew_normal_5,andrew_normal_5,2513500966853898,2026-09-19T22:21:04.090915Z,3.3381906,-12.0280952,0.5767033,1.4461251,1.0475140,1.5685647,1.1210039,-9.5052061,2.1518650,-0.1359494,0.6229133,-0.7675031,0.0666016
gait_20260919_222050_andrew_normal_5,andrew_normal_5,2513500987045020,2026-09-19T22:21:04.111319Z,4.1778073,-10.6766434,-0.0582838,1.4857615,1.5600213,1.6695540,0.7782441,-9.4687834,2.4438913,-0.1193594,0.6140588,-0.7764102,0.0766320
gait_20260919_222050_andrew_normal_5,andrew_normal_5,2513501007216447,2026-09-19T22:21:04.131174Z,4.6580691,-9.2348852,-0.8309376,1.2038941,1.4932557,1.5366225,0.3794849,-9.4106150,2.7445300,-0.0974889,0.6050448,-0.7857020,0.0841967
gait_20260919_222050_andrew_normal_5,andrew_normal_5,2513501027357724,2026-09-19T22:21:04.151122Z,5.1121445,-8.3146887,-1.3259388,0.7670955,0.9705896,1.2886626,0.0483704,-9.3558207,2.9499841,-0.0784067,0.5982949,-0.7924281,0.0891819
gait_20260919_222050_andrew_normal_5,andrew_normal_5,2513501047530982,2026-09-19T22:21:04.171980Z,5.5822310,-8.2397203,-1.5922937,0.3732140,0.2466776,1.0410522,0.9048201,-9.4973001,2.2844453,-0.1086010,0.6110780,-0.7816866,0.0612824
gait_20260919_222050_andrew_normal_5,andrew_normal_5,2513501067721941,2026-09-19T22:21:04.192343Z,5.3110876,-9.0559187,-0.5205892,-0.0869001,-0.4908905,0.7731575,0.9464213,-9.5184441,2.1770635,-0.1114228,0.6128156,-0.7798519,0.0622351
gait_20260919_222050_andrew_normal_5,andrew_normal_5,2513501087892188,2026-09-19T22:21:04.212420Z,5.1568861,-10.1427364,0.2509423,-0.6038873,-0.9577327,0.4809481,0.8316106,-9.5354614,2.1493044,-0.1122325,0.6137701,-0.7780997,0.0724643
gait_20260919_222050_andrew_normal_5,andrew_normal_5,2513501108053321,2026-09-19T22:21:04.232878Z,5.1048870,-10.6980410,0.9301473,-0.9503384,-1.1709027,0.2293076,0.7787037,-9.5677452,2.0218773,-0.1184471,0.6179255,-0.7728016,0.0831621
gait_20260919_222050_andrew_normal_5,andrew_normal_5,2513501128227515,2026-09-19T22:21:04.252241Z,4.8665891,-10.8359327,1.3352164,-1.0461817,-1.1110820,0.0413683,0.7805903,-9.6082745,1.8187549,-0.1282889,0.6243547,-0.7649348,0.0927251
gait_20260919_222050_andrew_normal_5,andrew_normal_5,2513501148397763,2026-09-19T22:21:04.272891Z,4.8136921,-11.3274174,1.6751930,-0.9576328,-0.8748962,-0.0602205,0.8129238,-9.6452751,1.5949773,-0.1389962,0.6312087,-0.7564461,0.1002251
gait_20260919_222050_andrew_normal_5,andrew_normal_5,2513501168566382,2026-09-19T22:21:04.293286Z,5.6905684,-12.2836018,1.7275661,-0.7809016,-0.5933120,-0.1558306,0.8538087,-9.6734648,1.3896821,-0.1484729,0.6373594,-0.7487368,0.1054616
gait_20260919_222050_andrew_normal_5,andrew_normal_5,2513501188738176,2026-09-19T22:21:04.313417Z,7.1677909,-12.3697929,1.1915642,-0.7131868,-0.3907173,-0.4637946,0.9005162,-9.6914911,1.2248256,-0.1560715,0.6421653,-0.7426440,0.1083763
gait_20260919_222050_andrew_normal_5,andrew_normal_5,2513501208889707,2026-09-19T22:21:04.333035Z,7.7706060,-11.6123276,0.4542249,-0.8441032,-0.1155781,-1.1708860,0.9936492,-9.6996078,1.0799972,-0.1637889,0.6460233,-0.7376695,0.1080326
gait_20260919_222050_andrew_normal_5,andrew_normal_5,2513501229073992,2026-09-19T22:21:04.354380Z,7.4601078,-11.0550022,-3.8336406,-1.2231960,1.4440101,-2.0944116,1.2162983,-9.6912203,0.9148829,-0.1741638,0.6498488,-0.7329822,0.1005025
gait_20260919_222050_andrew_normal_5,andrew_normal_5,2513501249243426,2026-09-19T22:21:04.373436Z,5.1232924,-11.6308079,-2.5442133,-2.1729515,5.1098509,-3.0076618,1.5981678,-9.6520243,0.7214020,-0.1821179,0.6552402,-0.7289962,0.0778323
gait_20260919_222050_andrew_normal_5,andrew_normal_5,2513501269411598,2026-09-19T22:21:04.393528Z,3.8820484,-14.3890772,-2.1949592,-2.0018826,4.8598757,-3.9022930,2.1131730,-9.5670671,0.4918058,-0.1664518,0.6682047,-0.7248672,0.0190739
gait_20260919_222050_andrew_normal_5,andrew_normal_5,2513501289580014,2026-09-19T22:21:04.413600Z,0.9037363,-17.0977421,-2.7606642,-1.1395768,1.8500656,-4.3537970,2.8074718,-9.3935928,0.3385673,0.1559303,-0.6765451,0.7182232,0.0461309
gait_20260919_222050_andrew_normal_5,andrew_normal_5,2513501309749773,2026-09-19T22:21:04.433850Z,-0.8523358,-17.7948284,-1.3932009,-1.0742269,-0.5799389,-3.9185638,3.6139200,-9.1165342,0.2539838,0.1710939,-0.6760890,0.7106593,0.0927030
gait_20260919_222050_andrew_normal_5,andrew_normal_5,2513501329918760,2026-09-19T22:21:04.454101Z,-3.1464300,-18.0641022,0.2480991,-1.2049100,-0.7422645,-3.0761428,4.3347316,-8.8003330,0.0196817,0.2021538,-0.6763785,0.6983668,0.1180248
gait_20260919_222050_andrew_normal_5,andrew_normal_5,2513501350087460,2026-09-19T22:21:04.474347Z,-4.5167365,-14.6589489,2.7867012,-0.8855048,0.6603273,-1.9741706,4.8764601,-8.5075598,-0.2786818,0.2293421,-0.6789821,0.6842081,0.1350734
gait_20260919_222050_andrew_normal_5,andrew_normal_5,2513501370256691,2026-09-19T22:21:04.494705Z,-2.6705074,-10.0621567,4.6740055,-0.0903474,0.5289280,-1.0350069,5.2234502,-8.2952147,-0.3756292,0.2386747,-0.6794565,0.6764262,0.1543406
gait_20260919_222050_andrew_normal_5,andrew_normal_5,2513501390425798,2026-09-19T22:21:04.515236Z,-0.6177040,-6.5711861,3.1430631,0.6891719,-0.6784301,-0.4947209,5.4004068,-8.1832952,-0.3247128,0.2417177,-0.6765362,0.6756125,0.1655870
gait_20260919_222050_andrew_normal_5,andrew_normal_5,2513501410625099,2026-09-19T22:21:04.535211Z,2.1514895,-4.6888943,-1.3741970,0.5917466,-1.0961933,-0.5429339,5.4728851,-8.1367397,-0.2776720,0.2511861,-0.6713678,0.6782076,0.1618812
gait_20260919_222050_andrew_normal_5,andrew_normal_5,2513501430762550,2026-09-19T22:21:04.555507Z,3.0371945,-5.0309658,-0.7558196,-0.1273025,-1.1992143,-1.0093765,5.5457273,-8.0866919,-0.2940746,0.2643646,-0.6669265,0.6792532,0.1547114
gait_20260919_222050_andrew_normal_5,andrew_normal_5,2513501450932025,2026-09-19T22:21:04.575400Z,1.6704046,-6.8970966,0.7217022,-0.3923493,-1.7421150,-1.2923930,5.6945090,-7.9758124,-0.4417373,0.2794842,-0.6664234,0.6740686,0.1529707
gait_20260919_222050_andrew_normal_5,andrew_normal_5,2513501471101621,2026-09-19T22:21:04.595151Z,0.0647183,-7.6667576,1.6323967,-0.1826600,-2.0409193,-1.1768649,5.8807669,-7.8199320,-0.7080914,0.2998660,-0.6677884,0.6644133,0.1506452
gait_20260919_222050_andrew_normal_5,andrew_normal_5,2513501491248756,2026-09-19T22:21:04.615342Z,-1.4049475,-7.3056073,2.2704513,0.2394665,-1.9591987,-0.7899280,6.0304122,-7.6744328,-0.9865808,0.3218167,-0.6682475,0.6549351,0.1447043
gait_20260919_222050_andrew_normal_5,andrew_normal_5,2513501511440569,2026-09-19T22:21:04.635865Z,-2.9739726,-6.2421327,1.7280151,0.4749361,-1.3126941,-0.1607601,6.1104026,-7.5806923,-1.1967525,0.3414741,-0.6665592,0.6487334,0.1350528
gait_20260919_222050_andrew_normal_5,andrew_normal_5,2513501531610451,2026-09-19T22:21:04.656046Z,-3.9318030,-4.8868651,0.5906196,0.4596644,-0.6060855,0.4284717,6.1016197,-7.5723915,-1.2904420,0.3530613,-0.6641455,0.6471344,0.1244012
gait_20260919_222050_andrew_normal_5,andrew_normal_5,2513501551776344,2026-09-19T22:21:04.677585Z,-4.3892450,-3.6644754,-0.2736124,0.4418781,-0.1860574,0.8453522,6.0161891,-7.6397734,-1.2943906,0.3555227,-0.6630092,0.6487254,0.1147956
gait_20260919_222050_andrew_normal_5,andrew_normal_5,2513501571945249,2026-09-19T22:21:04.696119Z,-4.6285906,-3.2900071,-0.4956746,0.6064186,-0.0958932,1.3581926,5.8764458,-7.7550950,-1.2498074,0.3522964,-0.6630273,0.6520444,0.1054529
gait_20260919_222050_andrew_normal_5,andrew_normal_5,2513501592141009,2026-09-19T22:21:04.716793Z,-2.8698249,-4.5310268,-3.3491142,0.8984448,-0.3674518,2.0014663,5.6604834,-7.9264565,-1.1689065,0.3452209,-0.6636425,0.6570607,0.0931249
gait_20260919_222050_andrew_normal_5,andrew_normal_5,2513501612282733,2026-09-19T22:21:04.736523Z,2.3252935,-9.2155066,-11.7621889,0.5124406,-1.3656535,2.3830571,5.3285770,-8.1680965,-1.0604534,0.3354339,-0.6644626,0.6637118,0.0738939
gait_20260919_222050_andrew_normal_5,andrew_normal_5,2513501632426775,2026-09-19T22:21:04.756499Z,11.6853504,-15.1584387,-8.7799120,-0.1871899,-1.6216240,2.3776946,4.8999691,-8.4284563,-1.0897632,0.3289992,-0.6687425,0.6651194,0.0464670
gait_20260919_222050_andrew_normal_5,andrew_normal_5,2513501652622577,2026-09-19T22:21:04.776824Z,19.6126270,-19.3511353,5.3805194,1.3397567,1.3746799,1.5783572,4.4382238,-8.6476364,-1.3254048,0.3263234,-0.6789515,0.6574455,0.0174152
gait_20260919_222050_andrew_normal_5,andrew_normal_5,2513501672791888,2026-09-19T22:21:04.797030Z,20.1973362,-18.8398228,0.4945523,1.4538193,2.9633458,0.4047565,4.1718106,-8.8231049,-0.9924445,0.3066734,-0.6756527,0.6703220,0.0106420
gait_20260919_222050_andrew_normal_5,andrew_normal_5,2513501692940855,2026-09-19T22:21:04.817123Z,13.4139643,-11.0833578,-0.8108113,0.1629585,3.7586863,-0.0400360,4.1377707,-8.8829269,-0.4567219,0.2850503,-0.6648523,0.6901129,0.0214929
gait_20260919_222050_andrew_normal_5,andrew_normal_5,2513501713102231,2026-09-19T22:21:04.837294Z,7.4276366,-8.2923174,0.1207576,-0.4150653,3.2972567,-0.2203978,4.1731825,-8.8776255,-0.0919147,0.2602588,-0.6610534,0.7022910,0.0454006
gait_20260919_222050_andrew_normal_5,andrew_normal_5,2513501733314024,2026-09-19T22:21:04.857749Z,3.4646344,-13.2692642,-0.6842928,0.8934653,2.3813918,-0.7692772,4.2118583,-8.8592205,0.1028110,0.2384348,-0.6617916,0.7073392,0.0696575
gait_20260919_222050_andrew_normal_5,andrew_normal_5,2513501753465919,2026-09-19T22:21:04.877450Z,-0.4849755,-15.7923040,-7.7697830,1.7819012,1.2938253,-1.0359395,4.3237348,-8.7950897,0.4333968,0.2264536,-0.6532179,0.7170205,0.0889203
gait_20260919_222050_andrew_normal_5,andrew_normal_5,2513501773636167,2026-09-19T22:21:04.897933Z,-0.2982278,-11.7500687,-1.4098107,-0.0651168,-0.6081840,-0.6920530,4.4974275,-8.6718016,0.8995316,0.2265868,-0.6346824,0.7320135,0.0999642
gait_20260919_222050_andrew_normal_5,andrew_normal_5,2513501793804339,2026-09-19T22:21:04.917736Z,-1.1441292,-7.8838067,1.5606455,-1.2157184,-1.3976623,-0.4672253,4.6267548,-8.6065359,0.8699645,0.2351828,-0.6327317,0.7308213,0.1011933
gait_20260919_222050_andrew_normal_5,andrew_normal_5,2513501813974058,2026-09-19T22:21:04.938487Z,-2.3234980,-6.7982607,2.9627497,-1.5387375,-1.3118281,-0.2988543,4.7237973,-8.5822992,0.5157198,0.2482079,-0.6419873,0.7188814,0.0972361
gait_20260919_222050_andrew_normal_5,andrew_normal_5,2513501834141619,2026-09-19T22:21:04.958259Z,-4.0506902,-9.3607302,5.1750669,-1.2182665,-1.1107155,0.3079474,4.7824264,-8.5644846,0.1188634,0.2588981,-0.6534711,0.7050864,0.0938114
gait_20260919_222050_andrew_normal_5,andrew_normal_5,2513501854311013,2026-09-19T22:21:04.979200Z,-2.8593502,-11.8086519,5.2730794,-0.4760352,-1.2544054,1.1294512,4.7363200,-8.5884466,-0.2047905,0.2644081,-0.6638671,0.6940756,0.0873382
gait_20260919_222050_andrew_normal_5,andrew_normal_5,2513501874480242,2026-09-19T22:21:04.998613Z,-1.0578631,-11.7074966,4.4987798,0.0647504,-1.6168110,1.4167144,4.5310016,-8.6914835,-0.4052378,0.2654914,-0.6711481,0.6884059,0.0719165
gait_20260919_222050_andrew_normal_5,andrew_normal_5,2513501894627663,2026-09-19T22:21:05.018775Z,-0.4483891,-10.3884411,4.4525418,0.4158314,-1.7687613,1.0708628,4.2548156,-8.8233414,-0.5303969,0.2667405,-0.6754410,0.6856279,0.0504309
gait_20260919_222050_andrew_normal_5,andrew_normal_5,2513501914818011,2026-09-19T22:21:05.039221Z,-0.8704420,-8.8562269,3.8088007,0.6988478,-1.4180133,0.8280655,4.0308614,-8.9230986,-0.6054885,0.2721626,-0.6761666,0.6840378,0.0286123
gait_20260919_222050_andrew_normal_5,andrew_normal_5,2513501934986550,2026-09-19T22:21:05.059080Z,-0.7774422,-7.5323081,2.7792192,0.9154652,-0.9091700,0.8210542,3.2612479,-9.2518892,0.0542417,-0.2486313,0.6655838,-0.7035682,0.0131283
gait_20260919_222050_andrew_normal_5,andrew_normal_5,2513501955156349,2026-09-19T22:21:05.079194Z,-0.0713771,-6.7239656,1.8088194,1.0322257,-0.4665092,0.8312131,3.1081338,-9.3030987,0.1672883,-0.2504257,0.6605697,-0.7071920,0.0285339
gait_20260919_222050_andrew_normal_5,andrew_normal_5,2513501975323505,2026-09-19T22:21:05.099461Z,0.3504513,-6.2994437,1.3033435,1.0740936,0.0078940,0.8038673,2.9507151,-9.3497629,0.3337018,-0.2489679,0.6546689,-0.7125253,0.0416102
gait_20260919_222050_andrew_normal_5,andrew_normal_5,2513501995493670,2026-09-19T22:21:05.119592Z,0.6600515,-6.5366197,0.9413702,1.1279190,0.4220099,0.8600576,2.7971115,-9.3874893,0.5360265,-0.2442776,0.6485193,-0.7191026,0.0514056
gait_20260919_222050_andrew_normal_5,andrew_normal_5,2513502015663104,2026-09-19T22:21:05.139824Z,1.4140005,-7.9224133,0.6593033,1.1550815,0.6222398,1.0455321,2.6298919,-9.4193096,0.7722693,-0.2361559,0.6421933,-0.7268798,0.0588550
gait_20260919_222050_andrew_normal_5,andrew_normal_5,2513502035831073,2026-09-19T22:21:05.160016Z,2.2093244,-9.5693245,0.5873276,1.1544486,0.6833763,1.2428976,2.4214222,-9.4510880,1.0245785,-0.2250982,0.6360944,-0.7350687,0.0662488
gait_20260919_222050_andrew_normal_5,andrew_normal_5,2513502055989765,2026-09-19T22:21:05.180108Z,2.9253404,-11.0321817,0.5797709,1.1035544,0.7652636,1.3941150,2.1702447,-9.4816294,1.2747006,-0.2123078,0.6303594,-0.7429550,0.0747691
gait_20260919_222050_andrew_normal_5,andrew_normal_5,2513502076169533,2026-09-19T22:21:05.200348Z,3.5953429,-11.4033585,0.5341314,0.9868271,0.8382244,1.4448928,1.8827106,-9.5072355,1.5179051,-0.1977998,0.6251854,-0.7503325,0.0837830
gait_20260919_222050_andrew_normal_5,andrew_normal_5,2513502096339618,2026-09-19T22:21:05.220529Z,4.0060978,-10.6625023,0.5363760,0.8549615,0.9573497,1.4258907,1.5786955,-9.5250607,1.7369682,-0.1824988,0.6208512,-0.7567483,0.0925750
gait_20260919_222050_andrew_normal_5,andrew_normal_5,2513502116482603,2026-09-19T22:21:05.241218Z,4.2408047,-9.6372604,0.6267571,0.8697002,1.1691208,1.4371654,1.2707819,-9.5343599,1.9280061,-0.1665178,0.6174480,-0.7622227,0.1002314
gait_20260919_222050_andrew_normal_5,andrew_normal_5,2513502136676166,2026-09-19T22:21:05.261189Z,4.8522987,-9.3643217,0.1380407,1.0715622,1.2871470,1.4951376,0.9622306,-9.5317135,2.1110759,-0.1493540,0.6141804,-0.7675906,0.1062104
gait_20260919_222050_andrew_normal_5,andrew_normal_5,2513502156820534,2026-09-19T22:21:05.281637Z,5.5251441,-9.1875992,-0.7278373,1.0126407,0.7153352,1.3905678,0.6338593,-9.5089235,2.3269546,-0.1304647,0.6093808,-0.7740213,0.1119156
gait_20260919_222050_andrew_normal_5,andrew_normal_5,2513502176988015,2026-09-19T22:21:05.301795Z,5.6356516,-8.7946510,-0.8005612,0.5862840,-0.3902010,1.0665994,0.3296495,-9.4718046,2.5322649,-0.1154500,0.6037170,-0.7795576,0.1203620
gait_20260919_222050_andrew_normal_5,andrew_normal_5,2513502197157896,2026-09-19T22:21:05.321234Z,5.1927991,-8.7411556,-0.1916110,0.0194518,-1.0668825,0.6661562,0.1729118,-9.4486427,2.6323733,-0.1128804,0.5997599,-0.7811593,0.1316670
gait_20260919_222050_andrew_normal_5,andrew_normal_5,2513502217327696,2026-09-19T22:21:05.342091Z,4.8108492,-9.2538137,0.4076128,-0.4619460,-1.2367023,0.3215036,0.3037468,-9.4702978,2.5411229,-0.1263416,0.6000946,-0.7777241,0.1380922
gait_20260919_222050_andrew_normal_5,andrew_normal_5,2513502237520567,2026-09-19T22:21:05.362317Z,4.7764325,-9.8371010,0.8218846,-0.7493591,-1.1214240,0.0925791,0.3389435,-9.4975119,2.4328008,-0.1369191,0.6022668,-0.7725226,0.1474340
gait_20260919_222050_andrew_normal_5,andrew_normal_5,2513502257691669,2026-09-19T22:21:05.382454Z,5.0662804,-11.1300449,1.1246015,-0.9038907,-0.9379312,-0.0412351,0.3779607,-9.5338678,2.2800488,-0.1471308,0.6063125,-0.7660073,0.1548239
gait_20260919_222050_andrew_normal_5,andrew_normal_5,2513502277858742,2026-09-19T22:21:05.402615Z,5.8768673,-12.6296387,1.2446856,-0.9903744,-0.6914868,-0.1108484,0.4312640,-9.5734177,2.0975811,-0.1569547,0.6115041,-0.7588906,0.1597279
gait_20260919_222050_andrew_normal_5,andrew_normal_5,2513502298026956,2026-09-19T22:21:05.422683Z,7.5234046,-13.1815023,1.3421745,-1.0100926,-0.4680413,-0.3285316,0.4842446,-9.6122999,1.8987606,-0.1654821,0.6175235,-0.7515902,0.1624585
gait_20260919_222050_andrew_normal_5,andrew_normal_5,2513502318196797,2026-09-19T22:21:05.442318Z,8.2345572,-11.9697371,0.8004116,-0.9996673,-0.2424475,-1.0132235,0.5612386,-9.6459408,1.6961621,-0.1733669,0.6237063,-0.7447230,0.1622411
gait_20260919_222050_andrew_normal_5,andrew_normal_5,2513502338368468,2026-09-19T22:21:05.462579Z,7.8134770,-10.9156141,0.0252888,-1.0346404,0.1924692,-1.8830570,0.7578641,-9.6652966,1.4979304,-0.1838339,0.6288052,-0.7392738,0.1558315
gait_20260919_222050_andrew_normal_5,andrew_normal_5,2513502358554666,2026-09-19T22:21:05.482623Z,5.8316770,-11.5051870,-3.8338652,-1.3822408,2.1261041,-2.6822445,1.1157837,-9.6593637,1.2991613,-0.1968398,0.6329274,-0.7355704,0.1399761
gait_20260919_222050_andrew_normal_5,andrew_normal_5,2513502378705748,2026-09-19T22:21:05.503053Z,4.3927617,-13.4865379,-2.6087821,-1.8604410,4.2100573,-3.4938061,1.5917224,-9.6181087,1.0929546,-0.2032459,0.6391727,-0.7339426,0.1071342
gait_20260919_222050_andrew_normal_5,andrew_normal_5,2513502398853576,2026-09-19T22:21:05.522976Z,1.9332430,-16.1218052,-2.4876504,-1.5683482,2.7868311,-4.1165953,2.1702759,-9.5254583,0.8897586,-0.1956837,0.6495506,-0.7329767,0.0503710
gait_20260919_222050_andrew_normal_5,andrew_normal_5,2513502419041116,2026-09-19T22:21:05.543288Z,-0.1842039,-17.5966339,-1.0262147,-1.2512578,0.2089232,-4.0725627,2.9025123,-9.3421335,0.7321691,0.2005485,-0.6542000,0.7292405,0.0033128
gait_20260919_222050_andrew_normal_5,andrew_normal_5,2513502439208800,2026-09-19T22:21:05.563257Z,-2.6622775,-18.9984398,0.5959318,-1.2003468,-0.8329450,-3.4292722,3.6627505,-9.0858021,0.5182458,0.2257293,-0.6543128,0.7207751,0.0374738
gait_20260919_222050_andrew_normal_5,andrew_normal_5,2513502459379495,2026-09-19T22:21:05.583455Z,-5.7270055,-16.9752636,1.9232173,-0.8047167,0.0376378,-2.2646646,4.2967439,-8.8161173,0.2241016,0.2551737,-0.6549474,0.7088476,0.0588681
gait_20260919_222050_andrew_normal_5,andrew_normal_5,2513502479548725,2026-09-19T22:21:05.603576Z,-3.4427123,-11.8227921,3.2153380,-0.1463045,0.4188957,-1.0804220,4.7073116,-8.6065578,0.0671699,0.2714027,-0.6545295,0.7015017,0.0763362
gait_20260919_222050_andrew_normal_5,andrew_normal_5,2513502499690937,2026-09-19T22:21:05.623880Z,-1.2740146,-7.8074918,2.7647793,0.3979617,-0.4612799,-0.4448258,4.8928852,-8.5022545,0.0864803,0.2755570,-0.6520516,0.7009494,0.0869885
gait_20260919_222050_andrew_normal_5,andrew_normal_5,2513502519886657,2026-09-19T22:21:05.643980Z,0.9843162,-5.2073889,0.1053449,0.4026914,-1.1045036,-0.3656198,4.9635763,-8.4607830,0.1191288,0.2820779,-0.6480064,0.7023023,0.0853894
gait_20260919_222050_andrew_normal_5,andrew_normal_5,2513502540054055,2026-09-19T22:21:05.665117Z,2.3356185,-4.7114148,-0.1792659,-0.1042534,-1.2410157,-0.7790530,5.0186644,-8.4286375,0.0849209,0.2932728,-0.6443737,0.7019169,0.0780149
gait_20260919_222050_andrew_normal_5,andrew_normal_5,2513502560223652,2026-09-19T22:21:05.684517Z,2.0884922,-6.0299468,1.1769745,-0.3270827,-1.3796095,-1.2153187,5.1421442,-8.3541269,-0.0551714,0.3076869,-0.6431894,0.6972268,0.0742357
gait_20260919_222050_andrew_normal_5,andrew_normal_5,2513502580367817,2026-09-19T22:21:05.704923Z,0.9149591,-7.5113587,1.4505869,-0.1676882,-1.5293114,-1.2692606,5.3391395,-8.2258396,-0.2554801,0.3254826,-0.6423845,0.6898609,0.0741309
gait_20260919_222050_andrew_normal_5,andrew_normal_5,2513502600561706,2026-09-19T22:21:05.725116Z,-0.3898808,-7.3894043,1.9118448,0.1059355,-1.6251047,-0.9372651,5.5383182,-8.0844545,-0.4524991,0.3449749,-0.6400356,0.6826703,0.0728571
gait_20260919_222050_andrew_normal_5,andrew_normal_5,2513502620731424,2026-09-19T22:21:05.744865Z,-2.1627872,-6.5772462,1.8027591,0.3020852,-1.2703099,-0.3761451,5.6743250,-7.9783039,-0.6203808,0.3631319,-0.6366774,0.6769042,0.0676603
gait_20260919_222050_andrew_normal_5,andrew_normal_5,2513502640882466,2026-09-19T22:21:05.764936Z,-3.4522891,-5.5047188,0.9265561,0.2900111,-0.4686742,0.2083903,5.7165608,-7.9394398,-0.7227597,0.3757600,-0.6334398,0.6738070,0.0595194
gait_20260919_222050_andrew_normal_5,andrew_normal_5,2513502661069192,2026-09-19T22:21:05.785311Z,-3.8905778,-4.4761844,-0.1029507,0.3604238,-0.0671985,0.6562138,5.6724372,-7.9701457,-0.7323585,0.3789373,-0.6319159,0.6740406,0.0525170
gait_20260919_222050_andrew_normal_5,andrew_normal_5,2513502681236836,2026-09-19T22:21:05.805283Z,-3.7701943,-3.8704515,-0.6729203,0.5210674,0.0134397,1.0657166,5.5597634,-8.0535107,-0.6827461,0.3761816,-0.6315262,0.6764902,0.0449775
gait_20260919_222050_andrew_normal_5,andrew_normal_5,2513502701403095,2026-09-19T22:21:05.826323Z,-2.5302970,-4.5819035,-1.4042741,0.7165343,-0.2650802,1.5855017,5.3823490,-8.1798840,-0.5966026,0.3702796,-0.6314891,0.6803715,0.0347741
gait_20260919_222050_andrew_normal_5,andrew_normal_5,2513502721576598,2026-09-19T22:21:05.845704Z,1.1905168,-7.6265049,-5.9243774,0.6587452,-0.9960034,1.9634954,5.1139727,-8.3563766,-0.5043738,0.3629084,-0.6319820,0.6845049,0.0186933
gait_20260919_222050_andrew_normal_5,andrew_normal_5,2513502741744852,2026-09-19T22:21:05.866170Z,7.1123505,-11.9928560,-9.0541973,-0.0211671,-2.1953511,1.9200619,4.1927981,-8.7150049,-1.6447762,-0.3579536,0.6656753,-0.6544574,0.0207654
gait_20260919_222050_andrew_normal_5,andrew_normal_5,2513502761912292,2026-09-19T22:21:05.886212Z,15.3845415,-14.9260521,-0.7062895,0.3603239,-0.8348269,1.3928826,3.7724047,-8.8722582,-1.8133258,-0.3597260,0.6713500,-0.6461375,0.0489165
gait_20260919_222050_andrew_normal_5,andrew_normal_5,2513502782104756,2026-09-19T22:21:05.906545Z,19.7716923,-16.7670441,1.4091374,1.1503185,2.2383513,0.5199848,3.4640543,-8.9854813,-1.8701829,-0.3587672,0.6741804,-0.6419383,0.0684268
gait_20260919_222050_andrew_normal_5,andrew_normal_5,2513502802251566,2026-09-19T22:21:05.936927Z,17.3508549,-12.8387566,-0.5122095,0.4676250,4.0418196,-0.0385371,3.4376736,-9.0646963,-1.4999360,-0.3410431,0.6691679,-0.6572566,0.0625916
gait_20260919_222050_andrew_normal_5,andrew_normal_5,2513502822400328,2026-09-19T22:21:05.949725Z,11.7774525,-7.2822638,0.3552397,0.0182360,4.0735950,-0.2145189,3.5555716,-9.0754261,-1.1093595,-0.3148715,0.6667404,-0.6744550,0.0377324
gait_20260919_222050_andrew_normal_5,andrew_normal_5,2513502842589497,2026-09-19T22:21:05.966448Z,5.6470242,-4.7051301,-0.4633529,0.5863007,2.5885830,-0.2292410,3.6832666,-9.0563555,-0.8075333,-0.2886819,0.6667298,-0.6870655,0.0086660
gait_20260919_222050_andrew_normal_5,andrew_normal_5,2513502862758971,2026-09-19T22:21:05.986963Z,1.4110078,-13.0062017,-6.3393226,1.5608540,0.3152418,-0.3251841,3.7679584,-9.0431957,-0.5091586,0.2722142,-0.6620650,0.6982020,0.0091318
gait_20260919_222050_andrew_normal_5,andrew_normal_5,2513502882907613,2026-09-19T22:21:06.008266Z,-0.1333271,-20.5459175,-11.6840038,0.5462481,-0.2121374,-0.4269561,3.8246493,-9.0314045,-0.2047794,0.2719905,-0.6502970,0.7092609,0.0091655
gait_20260919_222050_andrew_normal_5,andrew_normal_5,2513502903070291,2026-09-19T22:21:06.027167Z,-0.0342670,-16.6114197,1.6797570,-1.1864408,-1.7333550,-0.2628819,3.8989809,-9.0014973,-0.0843566,0.2782001,-0.6429015,0.7136099,0.0065903
gait_20260919_222050_andrew_normal_5,andrew_normal_5,2513502923265970,2026-09-19T22:21:06.048056Z,-1.0755203,-10.8883801,4.9487400,-1.7114053,-2.2403831,-0.0146055,3.9438417,-8.9728279,-0.4130561,0.2917206,-0.6499791,0.7017300,0.0011601
gait_20260919_222050_andrew_normal_5,andrew_normal_5,2513502943435932,2026-09-19T22:21:06.067609Z,-2.4367735,-7.7188315,6.1605053,-1.2973559,-1.2018790,0.1935683,3.9101489,-8.9497833,-0.9209944,-0.3091138,0.6619250,-0.6827902,0.0100811
gait_20260919_222050_andrew_normal_5,andrew_normal_5,2513502963603332,2026-09-19T22:21:06.087707Z,-2.5240872,-7.6250834,5.8788128,-0.4608802,-0.5509778,0.5237986,3.6643541,-9.0452843,-0.9957370,-0.3078714,0.6678439,-0.6771813,0.0250047
gait_20260919_222050_andrew_normal_5,andrew_normal_5,2513502983772928,2026-09-19T22:21:06.107956Z,-1.5755343,-9.7378168,4.0389433,0.2590348,-0.6521170,0.7175002,2.9747756,-9.3444510,-0.2609291,-0.2776089,0.6601783,-0.6954038,0.0592575
gait_20260919_222050_andrew_normal_5,andrew_normal_5,2513503003939677,2026-09-19T22:21:06.128977Z,-0.8659528,-10.5134630,3.0300119,0.4989177,-1.2544553,0.7488262,2.8273547,-9.3906536,-0.2403773,-0.2782208,0.6591376,-0.6950279,0.0711843
gait_20260919_222050_andrew_normal_5,andrew_normal_5,2513503024084655,2026-09-19T22:21:06.148303Z,-0.4281880,-10.3223009,2.9253404,0.3924160,-1.9021591,0.6626422,2.6758046,-9.4357824,-0.2054226,-0.2827711,0.6558335,-0.6944169,0.0877953
gait_20260919_222050_andrew_normal_5,andrew_normal_5,2513503044253316,2026-09-19T22:21:06.168392Z,-0.6144120,-9.7369194,3.5571852,0.2825168,-1.9729382,0.6108819,2.5358083,-9.4740000,-0.2216019,-0.2926883,0.6521257,-0.6909210,0.1081378
gait_20260919_222050_andrew_normal_5,andrew_normal_5,2513503064450093,2026-09-19T22:21:06.188389Z,-0.3926491,-9.0641479,3.6101568,0.4023250,-1.2867973,0.6840425,2.3836777,-9.5131702,-0.2319965,-0.3029544,0.6481041,-0.6865415,0.1297715
gait_20260919_222050_andrew_normal_5,andrew_normal_5,2513503084616109,2026-09-19T22:21:06.208825Z,0.1323545,-8.4322290,2.8879309,0.6433903,-0.2924592,0.6831931,1.7902381,-9.6282644,0.5724226,-0.2827819,0.6307384,-0.7022499,0.1704365
gait_20260919_222050_andrew_normal_5,andrew_normal_5,2513503104786600,2026-09-19T22:21:06.229435Z,0.6767361,-7.8937578,1.9846436,0.8654368,0.6066518,0.5986746,1.6583436,-9.6445007,0.6852814,-0.2819086,0.6264195,-0.7035989,0.1818649
gait_20260919_222050_andrew_normal_5,andrew_normal_5,2513503124954040,2026-09-19T22:21:06.249723Z,0.9885808,-7.9286981,1.1733832,1.0074613,1.3069152,0.5175534,1.5305195,-9.6506100,0.8714153,-0.2745831,0.6219380,-0.7089927,0.1874207
gait_20260919_222050_andrew_normal_5,andrew_normal_5,2513503145125874,2026-09-19T22:21:06.269800Z,1.0271125,-8.1889181,0.6670845,1.0433505,1.8241355,0.5911304,1.4043044,-9.6458178,1.1055518,-0.2624800,0.6173872,-0.7172581,0.1883565
gait_20260919_222050_andrew_normal_5,andrew_normal_5,2513503165292704,2026-09-19T22:21:06.289652Z,1.4912884,-8.4926825,0.3718494,0.9883926,2.0044472,0.8130603,1.2483565,-9.6350756,1.3575879,-0.2459452,0.6135952,-0.7268186,0.1864045
gait_20260919_222050_andrew_normal_5,andrew_normal_5,2513503185460428,2026-09-19T22:21:06.309601Z,2.2140381,-8.9689789,0.3018939,0.8425044,1.8627893,0.9654435,1.0332533,-9.6237268,1.5976219,-0.2264943,0.6108989,-0.7357756,0.1847625
gait_20260919_222050_andrew_normal_5,andrew_normal_5,2513503205629903,2026-09-19T22:21:06.330037Z,2.8428152,-9.6180315,0.4753239,0.7158348,1.5337580,1.0102092,0.7954611,-9.6134748,1.7845054,-0.2077004,0.6094612,-0.7426254,0.1841875
gait_20260919_222050_andrew_normal_5,andrew_normal_5,2513503225798034,2026-09-19T22:21:06.349959Z,3.3903391,-9.9959421,0.6791303,0.7426476,1.1435237,1.0034810,0.6891900,-9.6092300,1.8503609,-0.1968661,0.6094981,-0.7463343,0.1809448
gait_20260919_222050_andrew_normal_5,andrew_normal_5,2513503245967387,2026-09-19T22:21:06.370207Z,3.8762875,-9.8478003,0.5154268,0.8903344,0.7758721,1.0090268,0.4570799,-9.5928450,2.0011342,-0.1829117,0.6073740,-0.7506225,0.1849489
gait_20260919_222050_andrew_normal_5,andrew_normal_5,2513503266137715,2026-09-19T22:21:06.390231Z,4.1093478,-9.1653786,0.0359878,0.9383476,0.3328116,0.9853283,0.2367136,-9.5632849,2.1734009,-0.1714025,0.6033302,-0.7549387,0.1915243
gait_20260919_222050_andrew_normal_5,andrew_normal_5,2513503286308451,2026-09-19T22:21:06.411985Z,4.0217352,-8.3241158,-0.3437176,0.7791862,-0.1343137,0.9258406,0.2785214,-9.5492744,2.2293212,-0.1735073,0.5996988,-0.7570688,0.1926230
gait_20260919_222050_andrew_normal_5,andrew_normal_5,2513503306473246,2026-09-19T22:21:06.430836Z,3.6967971,-7.8607626,-0.2982278,0.4790995,-0.4870601,0.8546950,0.1419629,-9.5204172,2.3616946,-0.1707488,0.5946782,-0.7589551,0.2029534
gait_20260919_222050_andrew_normal_5,andrew_normal_5,2513503326643127,2026-09-19T22:21:06.450776Z,3.5098250,-8.3203001,-0.0612766,0.0981581,-0.7101058,0.7820840,0.0034151,-9.4975491,2.4561493,-0.1702939,0.5906789,-0.7586875,0.2156191
gait_20260919_222050_andrew_normal_5,andrew_normal_5,2513503346813089,2026-09-19T22:21:06.470984Z,3.6054432,-9.1053734,0.3681085,-0.3109617,-0.8239520,0.6950008,-0.1024980,-9.4918957,2.4757891,-0.1729295,0.5890015,-0.7557796,0.2279691
gait_20260919_222050_andrew_normal_5,andrew_normal_5,2513503366982035,2026-09-19T22:21:06.492929Z,3.9577651,-9.8911953,0.9423428,-0.5370551,-0.7903110,0.5758421,0.5583182,-9.5761242,2.0548046,-0.2098118,0.5941216,-0.7463068,0.2145333
gait_20260919_222050_andrew_normal_5,andrew_normal_5,2513503387151836,2026-09-19T22:21:06.511370Z,4.1392756,-10.2082024,1.2364556,-0.4944544,-0.6309499,0.4084204,0.4807547,-9.6042366,1.9400133,-0.2151292,0.5971858,-0.7394409,0.2243119
gait_20260919_222050_andrew_normal_5,andrew_normal_5,2513503407319438,2026-09-19T22:21:06.532147Z,3.7529111,-9.7955770,1.0342951,-0.3796591,-0.4805318,0.2052427,0.4252230,-9.6276464,1.8340418,-0.2200929,0.5999395,-0.7333649,0.2319651
gait_20260919_222050_andrew_normal_5,andrew_normal_5,2513503427488384,2026-09-19T22:21:06.552071Z,3.3864486,-9.5108910,0.7335235,-0.3848051,-0.4573329,0.0987743,0.4094355,-9.6432123,1.7541163,-0.2249831,0.6015696,-0.7289054,0.2370520
gait_20260919_222050_andrew_normal_5,andrew_normal_5,2513503447658386,2026-09-19T22:21:06.573337Z,3.6722565,-9.7221050,0.8177695,-0.4664759,-0.5309432,0.0691304,0.5023065,-9.6575708,1.6477717,-0.2338523,0.6027957,-0.7247371,0.2381315
gait_20260919_222050_andrew_normal_5,andrew_normal_5,2513503467827251,2026-09-19T22:21:06.592254Z,4.5006504,-10.4467249,0.8081179,-0.5752092,-0.6226895,-0.0414183,0.5215041,-9.6729279,1.5487503,-0.2404085,0.6044687,-0.7199274,0.2419212
gait_20260919_222050_andrew_normal_5,andrew_normal_5,2513503487994690,2026-09-19T22:21:06.611832Z,5.2392616,-11.3603373,0.6810008,-0.7151853,-0.6020220,-0.3100624,0.5466390,-9.6896219,1.4312721,-0.2479238,0.6064309,-0.7144024,0.2457736
gait_20260919_222050_andrew_normal_5,andrew_normal_5,2513503508165792,2026-09-19T22:21:06.632140Z,5.5390606,-11.5880861,0.1892167,-0.8593082,-0.3663026,-0.7106721,0.6205314,-9.7055769,1.2856286,-0.2573211,0.6086826,-0.7086006,0.2473390
gait_20260919_222050_andrew_normal_5,andrew_normal_5,2513503528331197,2026-09-19T22:21:06.652346Z,4.7109661,-11.4192944,-2.9397805,-1.2503085,1.5796895,-1.2194822,0.7661844,-9.7165117,1.1128767,-0.2682205,0.6112556,-0.7032984,0.2445318
gait_20260919_222050_andrew_normal_5,andrew_normal_5,2513503548507182,2026-09-19T22:21:06.684986Z,4.3795185,-10.8262806,-0.8206126,-1.8043340,3.6891232,-1.8235693,0.9756591,-9.7194386,0.9037281,-0.2716523,0.6184559,-0.7014207,0.2274344
gait_20260919_222050_andrew_normal_5,andrew_normal_5,2513503568671163,2026-09-19T22:21:06.692573Z,4.2052655,-12.4755116,0.0478092,-1.6916370,2.4364331,-2.4613471,1.2665302,-9.7073984,0.6312298,-0.2609226,0.6341344,-0.7034072,0.1871133
gait_20260919_222050_andrew_normal_5,andrew_normal_5,2513503588837708,2026-09-19T22:21:06.712814Z,3.4896238,-14.7171583,0.5229086,-1.4429276,0.0202678,-2.8169415,1.7142785,-9.6519089,0.3714800,-0.2605157,0.6446381,-0.7033301,0.1479867
gait_20260919_222050_andrew_normal_5,andrew_normal_5,2513503608985087,2026-09-19T22:21:06.733358Z,2.4788218,-16.2433109,1.0562918,-1.4080876,-1.7434640,-2.7758894,2.2602723,-9.5455809,0.0959253,-0.2814119,0.6467838,-0.6977853,0.1247951
gait_20260919_222050_andrew_normal_5,andrew_normal_5,2513503629153138,2026-09-19T22:21:06.753056Z,0.9184756,-16.4332027,2.1402667,-1.4338180,-2.1752832,-2.3650210,2.7931502,-9.4003553,-0.2602941,-0.3166451,0.6446130,-0.6861655,0.1157023
gait_20260919_222050_andrew_normal_5,andrew_normal_5,2513503649345968,2026-09-19T22:21:06.773386Z,-0.8304887,-13.9439802,3.7558291,-1.0367389,-1.8035679,-1.6889058,3.2242007,-9.2409182,-0.6678959,-0.3508674,0.6430507,-0.6716664,0.1106450
gait_20260919_222050_andrew_normal_5,andrew_normal_5,2513503669515524,2026-09-19T22:21:06.793836Z,-1.0039186,-10.3888149,4.5108256,-0.0750092,-1.5239822,-1.0141728,3.5128219,-9.1050072,-0.9975251,-0.3772946,0.6411876,-0.6593352,0.1086485
gait_20260919_222050_andrew_normal_5,andrew_normal_5,2513503689684876,2026-09-19T22:21:06.813567Z,-0.4058172,-8.1913118,2.8696003,0.7957402,-1.7618166,-0.5643842,3.6677089,-9.0276937,-1.1334904,-0.3957679,0.6354766,-0.6533107,0.1127939
gait_20260919_222050_andrew_normal_5,andrew_normal_5,2513503709853944,2026-09-19T22:21:06.833825Z,0.1453729,-6.9091425,1.7195605,1.1491194,-2.2359200,-0.3531794,3.7304180,-9.0041618,-1.1158710,-0.4114542,0.6247656,-0.6516985,0.1251500
gait_20260919_222050_andrew_normal_5,andrew_normal_5,2513503730022685,2026-09-19T22:21:06.854014Z,0.3116951,-6.4071832,1.2171522,1.1041706,-2.4930730,-0.2945576,3.7427223,-9.0047617,-1.0688448,-0.4283633,0.6113785,-0.6496674,0.1437134
gait_20260919_222050_andrew_normal_5,andrew_normal_5,2513503750192933,2026-09-19T22:21:06.874255Z,0.2037316,-6.7496285,1.4319571,0.8693172,-2.4255745,-0.2871799,3.7403231,-9.0079174,-1.0505027,-0.4464416,0.5975496,-0.6455237,0.1640843
gait_20260919_222050_andrew_normal_5,andrew_normal_5,2513503770360657,2026-09-19T22:21:06.895011Z,0.0670376,-7.5734587,2.2521207,0.7230126,-2.0420685,-0.2968392,3.7378299,-9.0063171,-1.0728530,-0.4641926,0.5848576,-0.6395208,0.1829756
gait_20260919_222050_andrew_normal_5,andrew_normal_5,2513503790528871,2026-09-19T22:21:06.914757Z,-0.3767127,-8.3302507,2.6567409,0.7782203,-1.4484733,-0.3093962,3.7435498,-9.0009384,-1.0977393,-0.4794349,0.5735462,-0.6338404,0.1985784
gait_20260919_222050_andrew_normal_5,andrew_normal_5,2513503810698182,2026-09-19T22:21:06.935020Z,-0.6655133,-8.7214031,2.4780736,0.8883859,-0.7965396,-0.2578025,3.7650170,-8.9953814,-1.0695312,-0.4907220,0.5626554,-0.6309785,0.2108958
gait_20260919_222050_andrew_normal_5,andrew_normal_5,2513503830872458,2026-09-19T22:21:06.955276Z,-0.3945944,-9.1253500,1.7058687,0.9466246,-0.4120509,-0.1647571,3.7816477,-9.0007877,-0.9597217,-0.4965397,0.5524818,-0.6320009,0.2208782
gait_20260919_222050_andrew_normal_5,andrew_normal_5,2513503851035909,2026-09-19T22:21:06.975972Z,0.2920178,-10.1012869,0.4206313,1.0884160,-0.4455419,0.0270126,3.7610192,-9.0261240,-0.7873674,-0.4977345,0.5432751,-0.6354596,0.2308759
gait_20260919_222050_andrew_normal_5,andrew_normal_5,2513503871204815,2026-09-19T22:21:06.996178Z,1.1216835,-10.0468187,-1.2628666,1.4473909,-1.0476139,0.3950306,3.6178432,-9.0997372,-0.5848906,-0.4949705,0.5356514,-0.6384533,0.2458848
gait_20260919_222050_andrew_normal_5,andrew_normal_5,2513503891374248,2026-09-19T22:21:07.016155Z,2.3848493,-10.0186863,-2.5190742,1.3131937,-2.2019126,0.7244282,3.4791651,-9.1630459,-0.4124521,-0.4961118,0.5258945,-0.6383507,0.2642280
gait_20260919_222050_andrew_normal_5,andrew_normal_5,2513503911517640,2026-09-19T22:21:07.036528Z,3.8773348,-10.4369240,-3.0252984,0.8590084,-3.2673461,0.7834663,3.3281915,-9.2230263,-0.3083266,-0.5038089,0.5133860,-0.6317905,0.2888810
gait_20260919_222050_andrew_normal_5,andrew_normal_5,2513503931710877,2026-09-19T22:21:07.055813Z,4.6873980,-10.1883011,-2.0240731,0.5077776,-3.7698612,0.6234056,3.1578128,-9.2810354,-0.3559832,-0.5188941,0.5005944,-0.6162726,0.3168002
gait_20260919_222050_andrew_normal_5,andrew_normal_5,2513503951879579,2026-09-19T22:21:07.076025Z,4.6069679,-9.7640038,-0.1072153,0.3514640,-3.6819785,0.3757620,3.0053725,-9.3251266,-0.4958492,-0.5387638,0.4865511,-0.5953864,0.3442624
gait_20260919_222050_andrew_normal_5,andrew_normal_5,2513503972051494,2026-09-19T22:21:07.097132Z,4.0403652,-9.7640038,1.2278514,0.4225429,-3.2834506,0.1430237,2.8891869,-9.3521748,-0.6523388,-0.5590809,0.4716096,-0.5739260,0.3682688
gait_20260919_222050_andrew_normal_5,andrew_normal_5,2513503992217551,2026-09-19T22:21:07.116791Z,3.3331776,-9.6044893,1.7489643,0.5063953,-2.8457694,-0.0509943,2.8145773,-9.3666000,-0.7623062,-0.5770313,0.4556651,-0.5552147,0.3887685
gait_20260919_222050_andrew_normal_5,andrew_normal_5,2513504012375957,2026-09-19T22:21:07.136801Z,2.6339960,-9.2761850,1.8614918,0.5439665,-2.4783843,-0.1837259,2.7836704,-9.3730688,-0.7955465,-0.5916488,0.4384602,-0.5405304,0.4068553
gait_20260919_222050_andrew_normal_5,andrew_normal_5,2513504032558412,2026-09-19T22:21:07.158315Z,2.1435587,-8.8695450,1.6904560,0.5851516,-2.3101463,-0.2663126,2.7822301,-9.4029598,-0.2822723,-0.5885875,0.4118120,-0.5426738,0.4352939
gait_20260919_222050_andrew_normal_5,andrew_normal_5,2513504052724915,2026-09-19T22:21:07.177289Z,1.4550761,-8.3578587,1.5099182,0.7250777,-2.1979489,-0.3345436,2.8138371,-9.3935022,-0.2837946,-0.6004647,0.3942763,-0.5311857,0.4492551
gait_20260919_222050_andrew_normal_5,andrew_normal_5,2513504072895082,2026-09-19T22:21:07.199318Z,0.3117700,-8.5158014,1.1521348,1.1279356,-2.2818515,-0.4108019,2.8634253,-9.3787518,-0.2755626,-0.6117189,0.3759238,-0.5202218,0.4624398
gait_20260919_222050_andrew_normal_5,andrew_normal_5,2513504093064962,2026-09-19T22:21:07.217653Z,-1.0035446,-9.1005106,0.6446388,1.5396036,-2.5168548,-0.3203712,2.9279203,-9.3607121,-0.2011980,-0.6212403,0.3545661,-0.5102755,0.4774540
gait_20260919_222050_andrew_normal_5,andrew_normal_5,2513504113231304,2026-09-19T22:21:07.238161Z,-1.6512510,-9.4537296,0.4131494,1.5882995,-2.5015330,0.0471805,2.9665716,-9.3505239,-0.0569729,-0.6286110,0.3303022,-0.4993323,0.4964030
gait_20260919_222050_andrew_normal_5,andrew_normal_5,2513504133401388,2026-09-19T22:21:07.257560Z,-1.6266356,-9.8132343,0.4586393,1.3650706,-2.1889226,0.4850117,2.6796186,-9.4361868,0.1187786,-0.6296897,0.3147667,-0.4808151,0.5227138
gait_20260919_222050_andrew_normal_5,andrew_normal_5,2513504153572247,2026-09-19T22:21:07.277837Z,-1.5116391,-10.4084177,0.8566753,1.1375617,-1.9074550,0.7672954,2.2571352,-9.5427046,0.2797481,-0.6274536,0.3066331,-0.4592084,0.5490042
gait_20260919_222050_andrew_normal_5,andrew_normal_5,2513504173738994,2026-09-19T22:21:07.298670Z,-1.7218800,-11.1205435,0.8515876,1.0861844,-1.9384146,0.8411554,2.1143448,-9.5704203,0.4155821,-0.6282586,0.2936855,-0.4443015,0.5671297
gait_20260919_222050_andrew_normal_5,andrew_normal_5,2513504193909405,2026-09-19T22:21:07.321722Z,-2.0685902,-11.1379757,0.6127660,1.0210010,-2.1479874,0.8215705,1.9669105,-9.5952787,0.5458853,-0.6288407,0.2811340,-0.4285038,0.5847287
gait_20260919_222050_andrew_normal_5,andrew_normal_5,2513504214073630,2026-09-19T22:21:07.339028Z,-2.0831800,-10.4739590,0.5116858,0.8518306,-2.1009400,0.7528065,1.8310694,-9.6147242,0.6635997,-0.6303331,0.2670946,-0.4108381,0.6021235
gait_20260919_222050_andrew_normal_5,andrew_normal_5,2513504234246156,2026-09-19T22:21:07.359017Z,-1.8106151,-10.2517471,0.4661211,0.7834330,-1.7948246,0.6559640,1.7104346,-9.6301765,0.7551448,-0.6324376,0.2533745,-0.3928907,0.6176253
gait_20260919_222050_andrew_normal_5,andrew_normal_5,2513504254413229,2026-09-19T22:21:07.378536Z,-1.0055647,-11.0760260,-0.3819500,1.1115649,-1.2365191,0.7266598,1.5920533,-9.6435270,0.8389550,-0.6337898,0.2416230,-0.3763885,0.6310788
gait_20260919_222050_andrew_normal_5,andrew_normal_5,2513504274581565,2026-09-19T22:21:07.399483Z,1.4428058,-11.0594158,-1.7522564,0.9981185,-0.2574361,1.0743101,1.4807361,-9.6449394,1.0093076,-0.6308626,0.2313082,-0.3639496,0.6450191
gait_20260919_222050_andrew_normal_5,andrew_normal_5,2513504294754253,2026-09-19T22:21:07.418991Z,3.3910127,-11.0476694,-1.2889783,0.2983381,0.2464278,1.2381679,1.2816577,-9.6509199,1.2054917,-0.6234208,0.2298590,-0.3552169,0.6575199
gait_20260919_222050_andrew_normal_5,andrew_normal_5,2513504314922304,2026-09-19T22:21:07.439901Z,4.8328457,-11.0163956,0.1421557,-0.4853614,-0.1854412,1.1976156,1.0323493,-9.6709166,1.2820818,-0.6178632,0.2361356,-0.3473870,0.6646858
gait_20260919_222050_andrew_normal_5,andrew_normal_5,2513504335089784,2026-09-19T22:21:07.459778Z,5.9186163,-10.5184011,1.4615105,-0.7448292,-1.3315630,1.1511346,0.7995191,-9.7045679,1.1909063,-0.6190915,0.2425977,-0.3355587,0.6672875
gait_20260919_222050_andrew_normal_5,andrew_normal_5,2513504355257224,2026-09-19T22:21:07.479641Z,6.6484737,-9.9494047,2.0275896,-0.1815109,-2.1503689,1.2789533,0.6050769,-9.7382526,1.0180610,-0.6265001,0.2419164,-0.3160911,0.6701198
gait_20260919_222050_andrew_normal_5,andrew_normal_5,2513504375427105,2026-09-19T22:21:07.500975Z,7.5789204,-9.4027033,1.5199440,0.3837892,-2.8050671,1.1861244,0.4016616,-9.7560081,0.9460915,-0.6325655,0.2339564,-0.2911882,0.6784797
gait_20260919_222050_andrew_normal_5,andrew_normal_5,2513504395595522,2026-09-19T22:21:07.521437Z,7.0554132,-8.6377563,1.3177836,0.5486462,-3.4966040,0.6772144,0.2173346,-9.7558479,1.0061527,-0.6354700,0.2196079,-0.2640368,0.6915453
gait_20260919_222050_andrew_normal_5,andrew_normal_5,2513504415764263,2026-09-19T22:21:07.541446Z,4.8273091,-7.8975735,1.2431892,0.6066185,-3.7070093,0.2180163,0.1527030,-9.7464705,1.1041230,-0.6394906,0.1959685,-0.2355002,0.7051156
gait_20260919_222050_andrew_normal_5,andrew_normal_5,2513504435933290,2026-09-19T22:21:07.561521Z,3.3700633,-7.6939917,1.3575124,0.6516340,-3.6215582,0.0050461,0.2688652,-9.7307920,1.2147088,-0.6438974,0.1647519,-0.2107800,0.7168158
gait_20260919_222050_andrew_normal_5,andrew_normal_5,2513504456101055,2026-09-19T22:21:07.581348Z,2.2940941,-7.9220395,1.7063177,0.6486363,-3.3848562,-0.0789895,0.3634396,-9.7140551,1.3195330,-0.6469490,0.1346342,-0.1856912,0.7272204
gait_20260919_222050_andrew_normal_5,andrew_normal_5,2513504476273215,2026-09-19T22:21:07.601881Z,1.7058687,-8.1509104,2.1235073,0.5932787,-3.1119654,-0.1030044,0.4755479,-9.6951418,1.4192234,-0.6485981,0.1055903,-0.1625686,0.7360318
gait_20260919_222050_andrew_normal_5,andrew_normal_5,2513504496440656,2026-09-19T22:21:07.621076Z,1.2150574,-8.9040365,2.5757122,0.4756855,-2.7560048,-0.1132965,0.5880721,-9.6762228,1.5036633,-0.6493129,0.0783216,-0.1408759,0.7432446
gait_20260919_222050_andrew_normal_5,andrew_normal_5,2513504516609478,2026-09-19T22:21:07.641696Z,0.9269301,-10.1547823,3.2173581,0.3008028,-2.3892524,-0.0541085,0.7024924,-9.6575298,1.5731355,-0.6490598,0.0533777,-0.1217817,0.7490271
gait_20260919_222050_andrew_normal_5,andrew_normal_5,2513504536778221,2026-09-19T22:21:07.661168Z,0.7930045,-11.1940899,3.8325932,0.2041103,-2.1083179,-0.0062785,0.7911873,-9.6464262,1.5989474,-0.6495809,0.0321942,-0.1041699,0.7524340
gait_20260919_222050_andrew_normal_5,andrew_normal_5,2513504556946799,2026-09-19T22:21:07.681102Z,0.6380547,-11.5235920,3.9441481,0.2395997,-2.0157721,0.0077108,0.8605928,-9.6397457,1.6033665,-0.6501821,0.0136589,-0.0879152,0.7545513
gait_20260919_222050_andrew_normal_5,andrew_normal_5,2513504577117088,2026-09-19T22:21:07.701200Z,0.3667618,-11.0812635,3.6993408,0.4010260,-2.2575700,0.0605869,0.9234473,-9.6323433,1.6128613,-0.6500550,-0.0039247,-0.0722535,0.7564341
gait_20260919_222050_andrew_normal_5,andrew_normal_5,2513504597285260,2026-09-19T22:21:07.721437Z,0.1724573,-10.2402248,3.2209494,0.6478536,-2.6158288,0.2165174,0.9859264,-9.6206732,1.6452084,-0.6485079,-0.0230538,-0.0547041,0.7588897
gait_20260919_222050_andrew_normal_5,andrew_normal_5,2513504617453310,2026-09-19T22:21:07.741662Z,0.0362871,-9.7565966,2.0073886,0.9412787,-2.6786807,0.3918664,1.0336200,-9.6033344,1.7157284,-0.6447697,-0.0440562,-0.0335228,0.7623696
gait_20260919_222050_andrew_normal_5,andrew_normal_5,2513504637624493,2026-09-19T22:21:07.761792Z,-0.1744774,-9.8072491,-0.5273229,1.0693972,-2.1239557,0.5402027,1.0488356,-9.5793447,1.8363606,-0.6383429,-0.0644064,-0.0096382,0.7669924
gait_20260919_222050_andrew_normal_5,andrew_normal_5,2513504657790631,2026-09-19T22:21:07.781955Z,0.3708768,-9.6670380,-1.1150994,0.5988578,-2.2674959,0.6704363,0.8091426,-9.6583948,1.5155165,-0.6466685,-0.0719691,0.0195440,0.7591167
gait_20260919_222050_andrew_normal_5,andrew_normal_5,2513504677963889,2026-09-19T22:21:07.802179Z,1.2613702,-9.2700500,0.6041619,0.0490124,-3.1380119,0.6919698,0.7067758,-9.7010565,1.2751672,-0.6523854,-0.0857495,0.0428783,0.7517990
gait_20260919_222050_andrew_normal_5,andrew_normal_5,2513504698129458,2026-09-19T22:21:07.823214Z,1.8278981,-9.0418520,2.2190509,-0.0672984,-3.7350712,0.6085503,0.6482639,-9.7091370,1.2443982,-0.6505014,-0.1066916,0.0711452,0.7486009
gait_20260919_222050_andrew_normal_5,andrew_normal_5,2513504718298484,2026-09-19T22:21:07.842694Z,1.9128175,-8.7980928,2.8211179,0.0884156,-3.6633427,0.5108086,0.6554176,-9.7130194,1.2098677,-0.6469753,-0.1343984,0.1019845,0.7436123
gait_20260919_222050_andrew_normal_5,andrew_normal_5,2513504738469342,2026-09-19T22:21:07.862988Z,1.7347487,-8.6914759,3.0016556,0.2178331,-3.1481876,0.4332513,0.6721092,-9.7116194,1.2119508,-0.6409169,-0.1616115,0.1319976,0.7387042
gait_20260919_222050_andrew_normal_5,andrew_normal_5,2513504758635927,2026-09-19T22:21:07.882911Z,1.3559412,-8.6608753,2.8972833,0.1770810,-2.4315367,0.3446359,0.6795203,-9.7079506,1.2369585,-0.6338850,-0.1845158,0.1582975,0.7342245
gait_20260919_222050_andrew_normal_5,andrew_normal_5,2513504778807111,2026-09-19T22:21:07.903102Z,1.1235540,-8.7769938,2.8402715,-0.0271792,-1.6390440,0.2723080,0.6782703,-9.7060041,1.2528198,-0.6278282,-0.2024353,0.1794806,0.7298210
gait_20260919_222050_andrew_normal_5,andrew_normal_5,2513504798948793,2026-09-19T22:21:07.923299Z,0.7339724,-9.1489925,2.7249756,-0.1789296,-0.9046901,0.1860741,0.6712219,-9.7076254,1.2440147,-0.6240668,-0.2150783,0.1945267,0.7255629
gait_20260919_222050_andrew_normal_5,andrew_normal_5,2513504819117536,2026-09-19T22:21:07.943374Z,0.1908628,-9.3037930,2.5572319,-0.1089332,-0.3873532,0.1821937,0.6620639,-9.7049408,1.2696168,-0.6208524,-0.2223749,0.2043813,0.7234087
gait_20260919_222050_andrew_normal_5,andrew_normal_5,2513504839312197,2026-09-19T22:21:07.964286Z,0.0024690,-9.3302040,2.5350106,0.0244146,-0.5583055,0.3223696,0.6074671,-9.6998100,1.3344580,-0.6179560,-0.2241039,0.2120458,0.7231489
gait_20260919_222050_andrew_normal_5,andrew_normal_5,2513504859480980,2026-09-19T22:21:07.984364Z,0.1158195,-9.7351236,2.5277534,0.0962929,-1.1140463,0.5542753,0.5226510,-9.6928482,1.4183135,-0.6143500,-0.2251203,0.2217135,0.7230062
gait_20260919_222050_andrew_normal_5,andrew_normal_5,2513504879649599,2026-09-19T22:21:08.004607Z,0.9891046,-10.6429749,2.2707508,0.1812444,-1.2974724,0.7672287,0.4471007,-9.6947346,1.4312102,-0.6115754,-0.2310953,0.2347106,0.7193618
gait_20260919_222050_andrew_normal_5,andrew_normal_5,2513504899820295,2026-09-19T22:21:08.024756Z,2.4851813,-11.2908306,1.5992519,0.2957234,-0.9613134,0.8896849,0.3370971,-9.6957359,1.4543717,-0.6082401,-0.2372126,0.2506643,0.7148018
gait_20260919_222050_andrew_normal_5,andrew_normal_5,2513504919988222,2026-09-19T22:21:08.044740Z,3.6492124,-10.9643211,0.8260744,0.3068649,-0.5193853,0.9818143,0.1943800,-9.6918058,1.5057281,-0.6050403,-0.2398191,0.2656614,0.7112222
gait_20260919_222050_andrew_normal_5,andrew_normal_5,2513504940155134,2026-09-19T22:21:08.064908Z,4.6385412,-10.5602999,-0.5080945,0.1277188,-0.0830697,1.0342408,0.0215235,-9.6841240,1.5663323,-0.6030331,-0.2383911,0.2783926,0.7085325
gait_20260919_222050_andrew_normal_5,andrew_normal_5,2513504960327944,2026-09-19T22:21:08.084432Z,5.8066874,-10.6094561,-2.1256022,-0.2502915,0.4432270,0.9734874,-0.1757649,-9.6777763,1.5955821,-0.6034599,-0.2341044,0.2886258,0.7054973
gait_20260919_222050_andrew_normal_5,andrew_normal_5,2513504980493431,2026-09-19T22:21:08.104912Z,7.2721634,-11.2431707,-3.4674027,-0.8226030,0.8209043,0.7424811,-0.3792990,-9.6793213,1.5501604,-0.6078240,-0.2276240,0.2945401,0.7014154
gait_20260919_222050_andrew_normal_5,andrew_normal_5,2513505000669863,2026-09-19T22:21:08.125790Z,8.6236153,-11.7817173,-3.7981017,-1.5563240,0.7053761,0.3223696,-0.5515940,-9.6954842,1.3890508,-0.6169003,-0.2211076,0.2948526,0.6954189
gait_20260919_222050_andrew_normal_5,andrew_normal_5,2513505020835472,2026-09-19T22:21:08.146072Z,8.8554039,-10.9008007,-2.4081929,-2.1605611,0.0557739,-0.2567033,-0.6385986,-9.7291384,1.0826656,-0.6298755,-0.2197946,0.2909757,0.6857700
gait_20260919_222050_andrew_normal_5,andrew_normal_5,2513505041026471,2026-09-19T22:21:08.165855Z,8.3312235,-9.8489981,-0.2075474,-2.3410394,-0.9179133,-0.9281388,-0.5960866,-9.7697992,0.6571409,-0.6439011,-0.2282969,0.2854791,0.6721411
gait_20260919_222050_andrew_normal_5,andrew_normal_5,2513505061172183,2026-09-19T22:21:08.185782Z,7.4126730,-9.8636618,1.7029508,-2.0648177,-1.8619399,-1.5790733,-0.4114775,-9.7993689,0.1979273,-0.6545805,-0.2482972,0.2810214,0.6564298
gait_20260919_222050_andrew_normal_5,andrew_normal_5,2513505081338361,2026-09-19T22:21:08.205835Z,5.7574563,-11.3648262,2.9781625,-1.5119414,-2.5474479,-2.0482471,-0.1026173,-9.8072233,-0.2096495,-0.6583904,-0.2782452,0.2789623,0.6413125
gait_20260919_222050_andrew_normal_5,andrew_normal_5,2513505101506615,2026-09-19T22:21:08.225684Z,3.3432782,-13.1670618,3.2827499,-1.0442997,-2.9037082,-2.2580030,0.2822810,-9.7921343,-0.5201433,-0.6543728,-0.3138788,0.2795342,0.6285993
gait_20260919_222050_andrew_normal_5,andrew_normal_5,2513505121657209,2026-09-19T22:21:08.246003Z,1.2230630,-14.8891659,4.1585040,-0.7715588,-2.7665300,-2.0523107,0.6953170,-9.7562008,-0.7544538,-0.6442863,-0.3515093,0.2821053,0.6178617
gait_20260919_222050_andrew_normal_5,andrew_normal_5,2513505141845279,2026-09-19T22:21:08.266717Z,-0.2800468,-15.5723372,5.2336502,-0.4321688,-2.0498958,-1.7117383,1.0563372,-9.7059765,-0.9561918,-0.6325382,-0.3857938,0.2856400,0.6078390
gait_20260919_222050_andrew_normal_5,andrew_normal_5,2513505162013979,2026-09-19T22:21:08.289904Z,-1.7400609,-14.5133514,5.4196496,-0.0399028,-0.9695237,-1.4185129,1.3489234,-9.6548491,-1.0956391,-0.6213309,-0.4123003,0.2880606,0.6008141
gait_20260919_222050_andrew_normal_5,andrew_normal_5,2513505182182640,2026-09-19T22:21:08.306963Z,-2.3007531,-12.4235878,4.6546273,0.3024016,-0.2333212,-1.2418483,1.6020721,-9.6114521,-1.1355573,-0.6118585,-0.4286050,0.2867044,0.5997730
gait_20260919_222050_andrew_normal_5,andrew_normal_5,2513505202351382,2026-09-19T22:21:08.326453Z,-2.6197057,-10.1313639,3.5153615,0.5143558,-0.0529761,-1.2522072,1.8343952,-9.5757637,-1.0843793,-0.6033053,-0.4375861,0.2829261,0.6037334
gait_20260919_222050_andrew_normal_5,andrew_normal_5,2513505222495385,2026-09-19T22:21:08.346559Z,-1.0487351,-7.9881043,-2.7406127,0.5027814,-0.8832898,-1.3923997,2.0714531,-9.5380774,-0.9850292,-0.5939831,-0.4444903,0.2786322,0.6098990
gait_20260919_222050_andrew_normal_5,andrew_normal_5,2513505242688947,2026-09-19T22:21:08.366748Z,-1.2639140,-8.5873280,-3.0253732,-0.1637412,-2.5109758,-1.6601112,2.3177245,-9.4884624,-0.9128811,-0.5818635,-0.4562119,0.2777843,0.6133039
gait_20260919_222050_andrew_normal_5,andrew_normal_5,2513505262859480,2026-09-19T22:21:08.386935Z,-2.8985553,-9.2173777,1.9349639,-0.3220699,-2.7888129,-1.4311867,2.5661516,-9.4077625,-1.0700427,-0.5679852,-0.4816439,0.2822134,0.6047871
gait_20260919_222050_andrew_normal_5,andrew_normal_5,2513505283027326,2026-09-19T22:21:08.407090Z,-2.7418847,-8.8239050,3.2907555,0.0351730,-1.6092669,-0.9938384,2.0083158,-9.5610142,-0.8886958,-0.5590315,-0.4792629,0.3221132,0.5950074
gait_20260919_222050_andrew_normal_5,andrew_normal_5,2513505303196963,2026-09-19T22:21:08.427533Z,-1.5116391,-7.8753524,2.9287071,0.4928223,-0.3037839,-0.8238687,1.4409596,-9.6993799,-0.2859461,-0.5473267,-0.4603421,0.3619926,0.5978963
gait_20260919_222050_andrew_normal_5,andrew_normal_5,2513505323365379,2026-09-19T22:21:08.449025Z,-0.6971616,-7.7308774,0.8830115,0.7515907,0.0807048,-0.9957036,1.5945096,-9.6774168,-0.2031380,-0.5405765,-0.4638945,0.3600651,0.6024383
gait_20260919_222050_andrew_normal_5,andrew_normal_5,2513505343534284,2026-09-19T22:21:08.468298Z,-0.2147300,-8.2629137,-0.6878841,0.6603606,-0.4160312,-1.1389105,1.7829583,-9.6464901,-0.0489239,-0.5328093,-0.4645424,0.3559453,0.6112427
gait_20260919_222050_andrew_normal_5,andrew_normal_5,2513505363705671,2026-09-19T22:21:08.487986Z,0.5079449,-8.6407490,-1.0601825,0.3797090,-1.1068851,-1.0409191,2.0048516,-9.6026859,0.0715493,-0.5230258,-0.4691950,0.3526834,0.6179923
gait_20260919_222050_andrew_normal_5,andrew_normal_5,2513505383846418,2026-09-19T22:21:08.508006Z,0.4913351,-8.3651161,-0.6004957,0.2159012,-0.8474339,-0.7857313,2.2114215,-9.5569677,0.1004632,-0.5126652,-0.4791692,0.3525020,0.6191233
gait_20260919_222050_andrew_normal_5,andrew_normal_5,2513505404043887,2026-09-19T22:21:08.528800Z,-1.0585364,-7.6859860,-1.0066122,0.2451954,-0.0370216,-0.4987345,2.3669946,-9.5196819,0.0954923,-0.5051727,-0.4875046,0.3522208,0.6189349
gait_20260919_222050_andrew_normal_5,andrew_normal_5,2513505424209008,2026-09-19T22:21:08.548971Z,-1.0196307,-7.0982094,-2.1589713,0.2403991,0.2298239,-0.2313894,2.4648108,-9.4943218,0.1366535,-0.5020260,-0.4887163,0.3493406,0.6221637
gait_20260919_222050_andrew_normal_5,andrew_normal_5,2513505444380028,2026-09-19T22:21:08.569046Z,-0.0043395,-6.9252286,-3.1506197,0.1230224,0.0399194,-0.0456983,2.5074394,-9.4821177,0.1957645,-0.5013052,-0.4864415,0.3466263,0.6260337
gait_20260919_222050_andrew_normal_5,andrew_normal_5,2513505464549299,2026-09-19T22:21:08.590161Z,1.1693431,-7.4053407,-2.8769326,0.1262532,-0.2552710,0.1696200,2.5156078,-9.4793720,0.2221616,-0.5015587,-0.4848770,0.3454392,0.6276981
gait_20260919_222050_andrew_normal_5,andrew_normal_5,2513505484718285,2026-09-19T22:21:08.609589Z,2.7787704,-8.1565962,-1.5362545,0.3203212,-0.3866537,0.4270727,2.4869981,-9.4867725,0.2282863,-0.5019531,-0.4842755,0.3468799,0.6270525
gait_20260919_222050_andrew_normal_5,andrew_normal_5,2513505504885155,2026-09-19T22:21:08.630140Z,4.7575030,-8.4471922,-0.5452046,0.6126139,-0.3581256,0.6078342,2.4103954,-9.5055847,0.2644715,-0.5018224,-0.4826548,0.3516580,0.6257439
gait_20260919_222050_andrew_normal_5,andrew_normal_5,2513505525053408,2026-09-19T22:21:08.650232Z,7.3105454,-8.7110786,-1.2605472,0.7878463,-0.0871665,0.5642843,2.5833132,-9.4594812,0.2843253,-0.4968051,-0.4881347,0.3504782,0.6261583
gait_20260919_222050_andrew_normal_5,andrew_normal_5,2513505545196191,2026-09-19T22:21:08.669472Z,10.3632269,-10.1037560,-2.0823569,0.8434037,0.8980951,0.3445526,2.4746208,-9.4830952,0.4280836,-0.4951513,-0.4823657,0.3575115,0.6279602
gait_20260919_222050_andrew_normal_5,andrew_normal_5,2513505565391787,2026-09-19T22:21:08.689622Z,12.9791918,-12.1073284,-1.8751837,0.7837494,1.9622130,-0.1648570,2.3973298,-9.4918070,0.6281149,-0.4953068,-0.4716184,0.3588517,0.6351951
gait_20260919_222050_andrew_normal_5,andrew_normal_5,2513505585562361,2026-09-19T22:21:08.709932Z,11.3913870,-10.9136696,-1.2275521,0.7561706,1.4357997,-0.5792561,2.3914394,-9.4738979,0.8731536,-0.4976934,-0.4557052,0.3506291,0.6493791
gait_20260919_222050_andrew_normal_5,andrew_normal_5,2513505605730656,2026-09-19T22:21:08.729831Z,7.0548892,-7.4185834,-0.5803695,0.5624024,0.5562904,-0.4888587,2.4756370,-9.4291601,1.0946664,-0.4963000,-0.4448222,0.3410764,0.6629378
gait_20260919_222050_andrew_normal_5,andrew_normal_5,2513505625898827,2026-09-19T22:21:08.749981Z,2.9918542,-5.0384479,1.5557822,0.3134265,0.0955601,0.0307931,2.6305437,-9.3720751,1.2167886,-0.4919945,-0.4430113,0.3339108,0.6709591
gait_20260919_222050_andrew_normal_5,andrew_normal_5,2513505646068221,2026-09-19T22:21:08.770141Z,1.2445359,-6.5380411,1.3052140,0.2870467,-0.0994238,0.5924293,2.6323438,-9.3628540,1.2821279,-0.4909595,-0.4404880,0.3334995,0.6735780
gait_20260919_222050_andrew_normal_5,andrew_normal_5,2513505666235864,2026-09-19T22:21:08.790317Z,1.0290579,-16.0371857,-2.2649896,0.7319391,-0.1307998,0.9503051,2.5280414,-9.3852415,1.3275385,-0.4921505,-0.4365886,0.3378565,0.6730761
gait_20260919_222050_andrew_normal_5,andrew_normal_5,2513505686405827,2026-09-19T22:21:08.810780Z,2.5608232,-24.8140297,-3.5980363,0.6256039,-0.3224362,0.7147190,2.3474212,-9.4144773,1.4468427,-0.4922955,-0.4294639,0.3467896,0.6730103
gait_20260919_222050_andrew_normal_5,andrew_normal_5,2513505706574934,2026-09-19T22:21:08.832175Z,0.6353613,-19.7325611,1.6068087,-0.2406156,-1.5773079,0.1962330,2.2072961,-9.4284735,1.5709355,-0.4908609,-0.4237570,0.3549882,0.6734011
gait_20260919_222050_andrew_normal_5,andrew_normal_5,2513505726745670,2026-09-19T22:21:08.851297Z,-1.2440122,-10.0465937,1.9187282,-0.8071981,-1.1295011,-0.1210739,2.2122607,-9.4440002,1.4672717,-0.4881788,-0.4330075,0.3623350,0.6655068
gait_20260919_222050_andrew_normal_5,andrew_normal_5,2513505746911604,2026-09-19T22:21:08.872678Z,-2.3428760,-5.0392709,2.7388172,-0.8625724,-0.5546417,-0.3200381,2.2292738,-9.4697914,1.2607601,-0.4900254,-0.4427857,0.3639836,0.6567586
gait_20260919_222050_andrew_normal_5,andrew_normal_5,2513505767081364,2026-09-19T22:21:08.892683Z,-3.2445922,-3.6914849,3.7574003,-0.5001001,-0.1273025,-0.0765080,2.3023617,-9.4763517,1.0649048,-0.4932732,-0.4504362,0.3595541,0.6515440
gait_20260919_222050_andrew_normal_5,andrew_normal_5,2513505787250227,2026-09-19T22:21:08.912057Z,-2.7267714,-5.0228109,3.2889597,0.0134730,0.1476868,0.4795658,2.3266504,-9.4819870,0.9564215,-0.4967034,-0.4528650,0.3558215,0.6492998
gait_20260919_222050_andrew_normal_5,andrew_normal_5,2513505807417749,2026-09-19T22:21:08.932179Z,-1.7230771,-8.3265095,2.0034230,0.1685042,0.2648138,0.9529864,2.2367342,-9.5029430,0.9629274,-0.5002142,-0.4486856,0.3568461,0.6489438
gait_20260919_222050_andrew_normal_5,andrew_normal_5,2513505827587182,2026-09-19T22:21:08.953185Z,-0.8566005,-11.4787760,1.7990181,-0.0004996,0.1400094,1.1011062,2.0475962,-9.5402231,1.0137081,-0.5051876,-0.4402262,0.3612381,0.6484547
gait_20260919_222050_andrew_normal_5,andrew_normal_5,2513505847756616,2026-09-19T22:21:08.972700Z,-0.6497265,-12.3017826,2.3491607,-0.1632083,-0.0828865,1.0113916,1.8268473,-9.5837898,1.0245581,-0.5116044,-0.4321959,0.3664786,0.6458801
gait_20260919_222050_andrew_normal_5,andrew_normal_5,2513505867930688,2026-09-19T22:21:08.992313Z,-0.4374655,-10.4141045,2.4227824,-0.0415515,-0.3008694,0.9711725,1.6283839,-9.6231203,0.9899667,-0.5178196,-0.4268731,0.3715429,0.6415590
gait_20260919_222050_andrew_normal_5,andrew_normal_5,2513505888096338,2026-09-19T22:21:09.013496Z,-0.0828244,-7.8021798,2.0252702,0.3026347,-0.3922994,0.9825637,1.4444599,-9.6546602,0.9680912,-0.5222665,-0.4228034,0.3777632,0.6370007
gait_20260919_222050_andrew_normal_5,andrew_normal_5,2513505908262679,2026-09-19T22:21:09.032831Z,0.2128595,-5.9828854,1.3475615,0.5801221,-0.1650735,0.9732542,1.2603990,-9.6759834,1.0113646,-0.5239654,-0.4181253,0.3862065,0.6336214
gait_20260919_222050_andrew_normal_5,andrew_normal_5,2513505928432194,2026-09-19T22:21:09.054028Z,0.7734020,-5.9044757,0.9614964,0.7244948,0.1172435,1.0033312,1.0736558,-9.6865025,1.1202896,-0.5245385,-0.4107740,0.3945649,0.6328055
gait_20260919_222050_andrew_normal_5,andrew_normal_5,2513505948600407,2026-09-19T22:21:09.073404Z,1.6855180,-7.3546133,0.7621791,0.7556210,0.2845986,1.0438834,0.8766477,-9.6886330,1.2641234,-0.5253578,-0.4007672,0.4019775,0.6338761
gait_20260919_222050_andrew_normal_5,andrew_normal_5,2513505968767969,2026-09-19T22:21:09.093945Z,2.3178117,-9.2092972,0.7643489,0.7281753,0.3695002,1.0487630,0.6656234,-9.6843061,1.4167821,-0.5266929,-0.3892368,0.4088782,0.6355374
gait_20260919_222050_andrew_normal_5,andrew_normal_5,2513505988937117,2026-09-19T22:21:09.113727Z,2.9062617,-10.8667574,0.8812907,0.6889221,0.3610733,1.0738271,0.5401152,-9.6742277,1.5341773,-0.5277033,-0.3805081,0.4126173,0.6375657
gait_20260919_222050_andrew_normal_5,andrew_normal_5,2513506009109196,2026-09-19T22:21:09.134108Z,3.4219875,-11.6799631,0.8662521,0.6563637,0.3057490,1.1213907,0.3211405,-9.6612015,1.6715813,-0.5296690,-0.3684854,0.4187915,0.6389703
gait_20260919_222050_andrew_normal_5,andrew_normal_5,2513506029275740,2026-09-19T22:21:09.153445Z,3.6969466,-11.4015627,0.8216601,0.6643409,0.2852814,1.1688377,0.0941568,-9.6429558,1.8001838,-0.5316006,-0.3567193,0.4254616,0.6396364
gait_20260919_222050_andrew_normal_5,andrew_normal_5,2513506049446232,2026-09-19T22:21:09.173666Z,3.7856071,-10.3574657,0.8101380,0.7285084,0.3895515,1.2172339,-0.1410208,-9.6177788,1.9273189,-0.5334663,-0.3447563,0.4324438,0.6399604
gait_20260919_222050_andrew_normal_5,andrew_normal_5,2513506069613387,2026-09-19T22:21:09.194528Z,3.9706340,-9.3323736,0.8390929,0.8502818,0.5894983,1.2516409,-0.3880446,-9.5825377,2.0641019,-0.5353426,-0.3316072,0.4393016,0.6406708
gait_20260919_222050_andrew_normal_5,andrew_normal_5,2513506089784652,2026-09-19T22:21:09.214965Z,4.0741830,-8.6050606,0.7438486,1.0496956,0.8472008,1.2247115,-0.5272873,-9.5473995,2.1920855,-0.5363451,-0.3208099,0.4423802,0.6432067
gait_20260919_222050_andrew_normal_5,andrew_normal_5,2513506109950911,2026-09-19T22:21:09.234582Z,4.0479965,-8.3599539,0.2819172,1.2281755,0.8718819,1.0379546,-0.5474681,-9.5156927,2.3212082,-0.5361354,-0.3122191,0.4409581,0.6485631
gait_20260919_222050_andrew_normal_5,andrew_normal_5,2513506130120101,2026-09-19T22:21:09.254777Z,3.8871360,-8.7971201,-0.2379986,1.1687211,0.4923061,0.7805852,-0.7394822,-9.4505672,2.5250862,-0.5356983,-0.2963376,0.4441320,0.6541852
gait_20260919_222050_andrew_normal_5,andrew_normal_5,2513506150288558,2026-09-19T22:21:09.274863Z,4.1122661,-10.4612398,-0.3695301,0.8742134,-0.1369784,0.5588384,-0.5702100,-9.4518433,2.5639110,-0.5339520,-0.2974468,0.4372641,0.6597126
gait_20260919_222050_andrew_normal_5,andrew_normal_5,2513506170456771,2026-09-19T22:21:09.294580Z,4.0949826,-11.2579107,-0.3185785,0.4467576,-0.7191322,0.3463679,-0.6702614,-9.3969078,2.7358711,-0.5295692,-0.2904240,0.4432752,0.6623574
gait_20260919_222050_andrew_normal_5,andrew_normal_5,2513506190630192,2026-09-19T22:21:09.314889Z,3.7227592,-11.0425072,-0.0399532,0.0149719,-1.0574896,0.1440729,-0.6969665,-9.3658104,2.8340683,-0.5246944,-0.2904474,0.4498548,0.6617907
gait_20260919_222050_andrew_normal_5,andrew_normal_5,2513506210822819,2026-09-19T22:21:09.335146Z,3.9632268,-11.7810440,0.3419219,-0.3326284,-1.1286018,0.0447324,-0.6617338,-9.3623409,2.8539112,-0.5204383,-0.2960023,0.4556136,0.6587434
gait_20260919_222050_andrew_normal_5,andrew_normal_5,2513506230966252,2026-09-19T22:21:09.356077Z,5.0794487,-13.1143894,0.4563199,-0.5913135,-1.0921464,-0.0407854,-0.6026158,-9.3806620,2.8064501,-0.5178493,-0.3041928,0.4599304,0.6540357
gait_20260919_222050_andrew_normal_5,andrew_normal_5,2513506251133529,2026-09-19T22:21:09.376141Z,6.5019035,-12.8595562,0.2293196,-0.8510645,-0.7599343,-0.4236254,-0.5330901,-9.4137297,2.7080677,-0.5168517,-0.3136795,0.4627146,0.6483555
gait_20260919_222050_andrew_normal_5,andrew_normal_5,2513506271301213,2026-09-19T22:21:09.396520Z,7.4726028,-12.1920233,-1.9332430,-1.1527001,0.3116445,-1.2587022,-0.4184510,-9.4621248,2.5552316,-0.5178245,-0.3241085,0.4608804,0.6437396
gait_20260919_222050_andrew_normal_5,andrew_normal_5,2513506291452784,2026-09-19T22:21:09.415972Z,6.6561050,-12.1763859,-2.2462850,-1.9324359,3.2451799,-2.3157420,-0.1922027,-9.5249062,2.3399401,-0.5219353,-0.3343278,0.4480838,0.6442278
gait_20260919_222050_andrew_normal_5,andrew_normal_5,2513506311613062,2026-09-19T22:21:09.436613Z,4.9854012,-12.2067623,-0.7841759,-2.2065258,3.6531839,-3.1738513,0.1103618,-9.6090689,1.9722377,-0.5403165,-0.3340112,0.4098637,0.6546040
gait_20260919_222050_andrew_normal_5,andrew_normal_5,2513506331809839,2026-09-19T22:21:09.456719Z,2.7606642,-13.7445879,-1.5088708,-1.7351204,2.5811222,-3.8827579,0.5862056,-9.6675978,1.5588560,-0.5599654,-0.3342084,0.3594082,0.6675098
gait_20260919_222050_andrew_normal_5,andrew_normal_5,2513506351977401,2026-09-19T22:21:09.476893Z,-0.2323124,-15.4771671,-2.6160395,-1.0357729,1.2027617,-4.1246228,1.2633833,-9.6476784,1.2499213,-0.5683451,-0.3441744,0.3115623,0.6793061
gait_20260919_222050_andrew_normal_5,andrew_normal_5,2513506372145858,2026-09-19T22:21:09.497013Z,-3.3271174,-16.0011978,-1.4922611,-1.0761254,0.0896313,-3.5307443,2.0378070,-9.5339184,1.0898867,-0.5647256,-0.3618517,0.2714089,0.6902795
gait_20260919_222050_andrew_normal_5,andrew_normal_5,2513506392314722,2026-09-19T22:21:09.516598Z,-4.8154879,-16.0398788,1.0953473,-1.0819210,0.1104320,-2.4531701,2.7256811,-9.3811378,0.8949987,-0.5590776,-0.3837488,0.2409108,0.6943566
gait_20260919_222050_andrew_normal_5,andrew_normal_5,2513506412483179,2026-09-19T22:21:09.536893Z,-3.5998318,-13.5047188,3.2671127,-0.7066585,0.5874832,-1.4735042,3.1967390,-9.2490635,0.6868812,-0.5572497,-0.3999356,0.2183592,0.6941496
gait_20260919_222050_andrew_normal_5,andrew_normal_5,2513506432652328,2026-09-19T22:21:09.557186Z,-1.4153473,-9.9090023,3.8483052,-0.0818373,0.0652000,-0.9773178,3.4633334,-9.1593962,0.5889962,-0.5583622,-0.4047370,0.2004897,0.6958618
gait_20260919_222050_andrew_normal_5,andrew_normal_5,2513506452820215,2026-09-19T22:21:09.577395Z,0.4049942,-6.8052192,2.8808231,0.3273825,-0.6517672,-0.8816078,3.6345313,-9.0932436,0.5824106,-0.5559807,-0.4084283,0.1917303,0.6980769
gait_20260919_222050_andrew_normal_5,andrew_normal_5,2513506472990259,2026-09-19T22:21:09.597245Z,2.4931870,-5.7532668,0.2620903,0.2252607,-0.7385341,-1.1113983,3.7976463,-9.0254021,0.5967505,-0.5493747,-0.4162608,0.1897489,0.6992208
gait_20260919_222050_andrew_normal_5,andrew_normal_5,2513506493157821,2026-09-19T22:21:09.618033Z,2.7204118,-6.5142488,0.1829320,-0.1895548,-0.4874431,-1.5024819,4.0008211,-8.9379416,0.5854291,-0.5419374,-0.4264228,0.1867687,0.6997035
gait_20260919_222050_andrew_normal_5,andrew_normal_5,2513506513329940,2026-09-19T22:21:09.637412Z,1.7026515,-7.8846297,0.3873369,-0.3136596,-0.8233524,-1.5405029,4.2729220,-8.8155384,0.5143337,-0.5363107,-0.4375696,0.1772559,0.6996315
gait_20260919_222050_andrew_normal_5,andrew_normal_5,2513506533499252,2026-09-19T22:21:09.657813Z,0.3533692,-7.9124627,1.1948563,-0.0799387,-1.5011663,-1.2487098,4.5556140,-8.6793747,0.3885152,-0.5309529,-0.4511225,0.1678145,0.6974351
gait_20260919_222050_andrew_normal_5,andrew_normal_5,2513506553666040,2026-09-19T22:21:09.678090Z,-1.6745944,-7.2522616,1.6363621,0.2550212,-1.4208612,-0.7680781,4.7845731,-8.5610638,0.2284393,-0.5239728,-0.4677908,0.1654420,0.6922812
gait_20260919_222050_andrew_normal_5,andrew_normal_5,2513506573834294,2026-09-19T22:21:09.698188Z,-3.3031006,-6.0264301,0.4553472,0.2936583,-0.6954337,-0.1469208,4.9256344,-8.4828472,0.1247375,-0.5164106,-0.4813921,0.1682511,0.6879486
gait_20260919_222050_andrew_normal_5,andrew_normal_5,2513506594004908,2026-09-19T22:21:09.718198Z,-4.1285014,-4.4437881,-1.1301380,0.1502848,-0.4899579,0.3292477,4.9527745,-8.4672890,0.1057650,-0.5127582,-0.4861196,0.1717441,0.6864917
gait_20260919_222050_andrew_normal_5,andrew_normal_5,2513506614172999,2026-09-19T22:21:09.738258Z,-4.2780643,-3.5009215,-0.9038112,0.1018719,-0.7779872,0.6821273,4.8929601,-8.5021830,0.0892221,-0.5132672,-0.4863431,0.1762465,0.6848099
gait_20260919_222050_andrew_normal_5,andrew_normal_5,2513506634342025,2026-09-19T22:21:09.759268Z,-3.1993268,-3.5717750,-0.2320879,0.3401060,-0.8103790,1.1596947,4.7739654,-8.5699825,0.0278152,-0.5152807,-0.4872806,0.1845585,0.6804276
gait_20260919_222050_andrew_normal_5,andrew_normal_5,2513506654509994,2026-09-19T22:21:09.779156Z,0.3068319,-5.2216792,-2.5909750,0.5658830,-1.0286784,1.5548085,4.5730667,-8.6788912,0.0041208,-0.5178918,-0.4855781,0.1972800,0.6760788
gait_20260919_222050_andrew_normal_5,andrew_normal_5,2513506674678247,2026-09-19T22:21:09.799420Z,4.4558339,-8.8661776,-7.3830447,0.2233455,-1.4569335,1.6491196,4.2959356,-8.8193464,0.0141061,-0.5201883,-0.4823802,0.2151361,0.6711408
gait_20260919_222050_andrew_normal_5,andrew_normal_5,2513506694847356,2026-09-19T22:21:09.819606Z,10.6698351,-13.0296946,-6.6128597,-0.3556441,-1.2473775,1.4458088,3.9977403,-8.9583015,-0.0549153,-0.5237480,-0.4819296,0.2343041,0.6622186
gait_20260919_222050_andrew_normal_5,andrew_normal_5,2513506715015895,2026-09-19T22:21:09.839279Z,15.7848225,-16.3794823,2.2894554,0.7637814,1.3115616,1.0058959,3.7257104,-9.0718088,-0.2398016,-0.5307218,-0.4838756,0.2488632,0.6498199
gait_20260919_222050_andrew_normal_5,andrew_normal_5,2513506735185409,2026-09-19T22:21:09.859326Z,17.3081322,-16.9348621,-0.5039794,1.3014693,2.7771719,0.5558740,3.5414739,-9.1483288,-0.0466611,-0.5352194,-0.4686662,0.2514799,0.6562394
gait_20260919_222050_andrew_normal_5,andrew_normal_5,2513506755355902,2026-09-19T22:21:09.879524Z,14.0101204,-11.1932669,-2.1017351,0.4948042,3.5960112,0.0588882,3.4258239,-9.1832914,0.4086619,-0.5357879,-0.4429148,0.2462083,0.6753809
gait_20260919_222050_andrew_normal_5,andrew_normal_5,2513506775525375,2026-09-19T22:21:09.900193Z,7.5418849,-5.3377976,-0.8265233,0.2873798,3.0298116,-0.2428472,3.3695462,-9.1817436,0.7601680,-0.5415248,-0.4154387,0.2285469,0.6942103
gait_20260919_222050_andrew_normal_5,andrew_normal_5,2513506795691839,2026-09-19T22:21:09.920768Z,2.5228901,-3.8544402,0.0148889,0.4524366,1.4999006,-0.1356294,3.4294424,-9.1371517,0.9937128,-0.5457568,-0.3959060,0.2071287,0.7088764
gait_20260919_222050_andrew_normal_5,andrew_normal_5,2513506815859238,2026-09-19T22:21:09.939942Z,1.2189479,-10.5831947,-0.1247229,0.7704263,-0.0929454,-0.0239983,3.4250259,-9.1155958,1.1879615,-0.5455554,-0.3837496,0.1980812,0.7182406
gait_20260919_222050_andrew_normal_5,andrew_normal_5,2513506836032334,2026-09-19T22:21:09.960190Z,1.1187656,-21.4343891,-5.3620391,1.2198819,-1.2743402,-0.0585551,3.4264185,-9.0978642,1.3132521,-0.5408634,-0.3819431,0.1999683,0.7222181
gait_20260919_222050_andrew_normal_5,andrew_normal_5,2513506856199081,2026-09-19T22:21:09.980270Z,1.3006501,-20.9423809,-0.7810335,0.0819705,-1.9106026,-0.1175766,3.4681931,-9.0610332,1.4510177,-0.5292808,-0.3885274,0.2109284,0.7241669
gait_20260919_222050_andrew_normal_5,andrew_normal_5,2513506876368394,2026-09-19T22:21:10.001362Z,-0.7291092,-12.5103025,1.4969746,-1.1297675,-2.1243720,-0.0681145,3.5423796,-9.0450010,1.3695344,-0.5233871,-0.4012593,0.2198730,0.7188274
gait_20260919_222050_andrew_normal_5,andrew_normal_5,2513506896535833,2026-09-19T22:21:10.021051Z,-1.8597710,-7.2925138,3.0362217,-1.4601811,-1.3431374,-0.0383873,3.6050916,-9.0681725,1.0038338,-0.5267191,-0.4193821,0.2257289,0.7040825
gait_20260919_222050_andrew_normal_5,andrew_normal_5,2513506916704494,2026-09-19T22:21:10.040876Z,-2.9955952,-5.5845504,5.0069489,-1.0237988,-0.4767513,0.1856910,3.6320007,-9.0913506,0.6261316,-0.5342750,-0.4324147,0.2261210,0.6902442
gait_20260919_222050_andrew_normal_5,andrew_normal_5,2513506936876246,2026-09-19T22:21:10.061039Z,-2.9819782,-6.8924580,5.0620155,-0.0938281,-0.0668321,0.6694037,3.6064053,-9.1146994,0.3901473,-0.5416284,-0.4371264,0.2248049,0.6819252
gait_20260919_222050_andrew_normal_5,andrew_normal_5,2513506957043524,2026-09-19T22:21:10.081301Z,-2.2944682,-9.2102699,3.4707694,0.5798723,-0.0940946,1.0843191,3.4689438,-9.1684027,0.3780592,-0.5457412,-0.4326379,0.2288128,0.6801733
gait_20260919_222050_andrew_normal_5,andrew_normal_5,2513506977214585,2026-09-19T22:21:10.101401Z,-1.1553520,-10.9759932,2.4665515,0.5754923,-0.2081905,1.1573797,2.9964485,-9.3186684,0.6479220,-0.5462564,-0.4146127,0.2491959,0.6838139
gait_20260919_222050_andrew_normal_5,andrew_normal_5,2513506997380804,2026-09-19T22:21:10.122321Z,-0.5432593,-11.0101852,2.5041106,0.2655798,-0.3354596,0.9274560,2.7727673,-9.3796759,0.7547016,-0.5468375,-0.4071512,0.2604043,0.6836566
gait_20260919_222050_andrew_normal_5,andrew_normal_5,2513507017549952,2026-09-19T22:21:10.142407Z,-0.7180361,-9.8662806,2.9063363,0.1162443,-0.1482531,0.7857812,2.5950906,-9.4272814,0.7924673,-0.5482605,-0.4027830,0.2693836,0.6816223
gait_20260919_222050_andrew_normal_5,andrew_normal_5,2513507037717108,2026-09-19T22:21:10.162353Z,-0.2849848,-8.3622732,2.2129157,0.1970157,0.2678114,0.8534294,2.4017673,-9.4747877,0.8342781,-0.5504044,-0.3969066,0.2772794,0.6801736
gait_20260919_222050_andrew_normal_5,andrew_normal_5,2513507057861354,2026-09-19T22:21:10.181985Z,0.3310732,-6.9737859,1.6352397,0.3224030,0.6570299,0.9473407,2.2342906,-9.5113449,0.8822677,-0.5535449,-0.3894056,0.2818519,0.6800815
gait_20260919_222050_andrew_normal_5,andrew_normal_5,2513507078055731,2026-09-19T22:21:10.202130Z,0.6970119,-6.0662336,1.4238018,0.5140061,0.9377314,1.0427842,2.0397077,-9.5463715,0.9708323,-0.5572730,-0.3782026,0.2853097,0.6819149
gait_20260919_222050_andrew_normal_5,andrew_normal_5,2513507098224432,2026-09-19T22:21:10.222406Z,1.4976480,-6.4655418,1.0010008,0.6876231,1.0683481,1.1509846,1.8200264,-9.5762606,1.1040239,-0.5605289,-0.3642669,0.2888425,0.6853372
gait_20260919_222050_andrew_normal_5,andrew_normal_5,2513507118395086,2026-09-19T22:21:10.242571Z,2.2812252,-7.7995610,0.9029881,0.7475272,0.9785168,1.2089902,1.5728221,-9.5989408,1.2738421,-0.5631234,-0.3481578,0.2929834,0.6898108
gait_20260919_222050_andrew_normal_5,andrew_normal_5,2513507138562200,2026-09-19T22:21:10.262724Z,2.8436382,-9.5768070,0.8421605,0.7494257,0.7067917,1.2786535,1.3126085,-9.6133251,1.4481549,-0.5651359,-0.3318839,0.2979772,0.6940347
gait_20260919_222050_andrew_normal_5,andrew_normal_5,2513507158731553,2026-09-19T22:21:10.283883Z,3.4674027,-11.0802908,0.8754548,0.7184328,0.3576426,1.3640047,1.1991175,-9.6131496,1.5445337,-0.5659852,-0.3233057,0.2998906,0.6965629
gait_20260919_222050_andrew_normal_5,andrew_normal_5,2513507178899562,2026-09-19T22:21:10.304189Z,4.0541315,-11.7105646,0.9371055,0.7030446,0.0740100,1.4320693,0.9249855,-9.6186209,1.6919358,-0.5664461,-0.3106790,0.3094571,0.6977490
gait_20260919_222050_andrew_normal_5,andrew_normal_5,2513507199067938,2026-09-19T22:21:10.323471Z,4.4131870,-11.2694330,0.9861866,0.7484265,0.0577891,1.4512546,0.6465479,-9.6163940,1.8284028,-0.5662485,-0.2996489,0.3209822,0.6975268
gait_20260919_222050_andrew_normal_5,andrew_normal_5,2513507219237737,2026-09-19T22:21:10.344165Z,4.5245924,-10.1608419,0.9639655,0.8740136,0.3403059,1.4218937,0.3663529,-9.6029224,1.9712368,-0.5654668,-0.2887757,0.3331039,0.6970636
gait_20260919_222050_andrew_normal_5,andrew_normal_5,2513507239407172,2026-09-19T22:21:10.363697Z,4.5749454,-9.0859957,0.8159739,1.0851851,0.6458551,1.3584423,0.0804837,-9.5739193,2.1376872,-0.5645701,-0.2755956,0.3436619,0.6980002
gait_20260919_222050_andrew_normal_5,andrew_normal_5,2513507259574570,2026-09-19T22:21:10.383803Z,4.6003089,-8.4607344,0.4789900,1.2969228,0.7087069,1.2484933,-0.0720093,-9.5351343,2.3048077,-0.5625975,-0.2648722,0.3483346,0.7014199
gait_20260919_222050_andrew_normal_5,andrew_normal_5,2513507279744818,2026-09-19T22:21:10.403985Z,4.7138090,-8.9254341,-0.1573439,1.3748465,0.3437033,1.0244317,0.1835994,-9.5184612,2.3667047,-0.5587205,-0.2692726,0.3398787,0.7069697
gait_20260919_222050_andrew_normal_5,andrew_normal_5,2513507299912868,2026-09-19T22:21:10.424180Z,4.6047235,-10.1806698,-0.5908441,1.1095165,-0.3637879,0.7287582,0.1967524,-9.4821844,2.5071025,-0.5539660,-0.2660180,0.3407649,0.7115022
gait_20260919_222050_andrew_normal_5,andrew_normal_5,2513507320081366,2026-09-19T22:21:10.444368Z,4.3633575,-10.6836758,-0.5848586,0.6530829,-0.9831799,0.4865272,0.0749347,-9.4239693,2.7238381,-0.5465854,-0.2602775,0.3507731,0.7144638
gait_20260919_222050_andrew_normal_5,andrew_normal_5,2513507340251369,2026-09-19T22:21:10.464471Z,3.9629276,-10.7375460,-0.5184195,0.2578691,-1.0650505,0.2585019,0.0380975,-9.3868504,2.8498614,-0.5395147,-0.2622726,0.3613981,0.7138127
gait_20260919_222050_andrew_normal_5,andrew_normal_5,2513507360420518,2026-09-19T22:21:10.484804Z,3.8469584,-11.5191774,-0.6714988,-0.0481797,-0.5676150,0.0930620,0.0540008,-9.3719196,2.8983319,-0.5342227,-0.2678964,0.3699502,0.7113190
gait_20260919_222050_andrew_normal_5,andrew_normal_5,2513507380588853,2026-09-19T22:21:10.506240Z,5.0978541,-12.4789534,-1.8988264,-0.3530295,0.6197751,-0.0019152,0.0761275,-9.3751526,2.8873558,-0.5323766,-0.2723297,0.3739389,0.7089298
gait_20260919_222050_andrew_normal_5,andrew_normal_5,2513507400755845,2026-09-19T22:21:10.525950Z,6.7538185,-12.0374479,-2.0691140,-1.2502753,1.9914739,-0.3231191,0.0491932,-9.3940077,2.8260050,-0.5365998,-0.2699663,0.3701831,0.7086208
gait_20260919_222050_andrew_normal_5,andrew_normal_5,2513507420900173,2026-09-19T22:21:10.546442Z,6.9888992,-10.9626007,-0.4803367,-1.9474577,1.5388708,-1.0240486,-0.0057715,-9.4583731,2.6029367,-0.5515199,-0.2616052,0.3540876,0.7085271
gait_20260919_222050_andrew_normal_5,andrew_normal_5,2513507441093736,2026-09-19T22:21:10.566084Z,7.1778917,-10.2616978,-0.6665607,-2.1670394,0.6203080,-1.9357166,0.0997292,-9.5533056,2.2272182,-0.5687696,-0.2619920,0.3324932,0.7052019
gait_20260919_222050_andrew_normal_5,andrew_normal_5,2513507461264308,2026-09-19T22:21:10.585404Z,6.1888618,-11.5997572,-0.4762217,-2.1072519,0.0059788,-2.8138771,0.4399384,-9.6322126,1.8063881,-0.5812556,-0.2755257,0.3094364,0.7003404
gait_20260919_222050_andrew_normal_5,andrew_normal_5,2513507481432888,2026-09-19T22:21:10.605475Z,5.1348891,-13.8776913,-0.0906804,-2.0422516,-0.2690772,-3.5757432,0.9819412,-9.6610746,1.3912367,-0.5882843,-0.2982019,0.2835079,0.6961469
gait_20260919_222050_andrew_normal_5,andrew_normal_5,2513507501578314,2026-09-19T22:21:10.625574Z,3.8232408,-16.2689743,0.4108301,-2.0922635,-0.2489759,-4.0925641,1.6793993,-9.6146755,0.9867901,-0.5905661,-0.3269064,0.2539857,0.6927158
gait_20260919_222050_andrew_normal_5,andrew_normal_5,2513507521744127,2026-09-19T22:21:10.645950Z,1.2745383,-19.1282501,1.4142250,-2.0869842,-0.4228593,-4.0634193,2.4718678,-9.4761152,0.5737929,-0.5903888,-0.3580135,0.2197230,0.6891946
gait_20260919_222050_andrew_normal_5,andrew_normal_5,2513507541939032,2026-09-19T22:21:10.665996Z,-1.8008138,-20.9202347,5.2271409,-1.3697504,0.3487494,-3.3967805,3.2528188,-9.2537146,0.1551727,-0.5884838,-0.3896046,0.1857867,0.6836508
gait_20260919_222050_andrew_normal_5,andrew_normal_5,2513507562082546,2026-09-19T22:21:10.686364Z,-5.2991915,-17.8965836,3.9970448,0.0907471,2.1576300,-2.4272068,3.8871195,-9.0063477,-0.1100177,-0.5851854,-0.4114615,0.1550480,0.6813352
gait_20260919_222050_andrew_normal_5,andrew_normal_5,2513507582277940,2026-09-19T22:21:10.706376Z,-4.4986300,-11.2536459,-2.0823569,0.7621326,2.2746403,-1.2606673,4.3358679,-8.7995567,0.0646990,-0.5775366,-0.4118444,0.1258474,0.6935403
gait_20260919_222050_andrew_normal_5,andrew_normal_5,2513507602445217,2026-09-19T22:21:10.727028Z,-2.0724061,-6.9995236,-3.2543936,0.1279186,0.0025147,-0.7188991,4.5488782,-8.6807365,0.4343600,-0.5693113,-0.4006268,0.1057403,0.7100717
gait_20260919_222050_andrew_normal_5,andrew_normal_5,2513507622613226,2026-09-19T22:21:10.746831Z,-1.1151743,-5.5307555,0.3576339,-0.5642509,-1.9301043,-0.7249611,4.6623373,-8.6172857,0.4910594,-0.5652956,-0.4026678,0.1006049,0.7128663
gait_20260919_222050_andrew_normal_5,andrew_normal_5,2513507642784817,2026-09-19T22:21:10.766787Z,-0.0288801,-4.7688756,2.2286277,-0.6768480,-2.4369826,-0.8572431,4.7936130,-8.5564909,0.2094214,-0.5644926,-0.4208790,0.1043721,0.7023643
gait_20260919_222050_andrew_normal_5,andrew_normal_5,2513507662951646,2026-09-19T22:21:10.786820Z,0.5718401,-5.1809778,2.6491842,-0.4017588,-1.8280991,-1.0400363,4.9363508,-8.4760714,-0.1573556,-0.5630042,-0.4440507,0.1099673,0.6882968
gait_20260919_222050_andrew_normal_5,andrew_normal_5,2513507683120754,2026-09-19T22:21:10.807233Z,0.1200094,-6.8529534,2.3732524,-0.0273124,-1.0100594,-1.0990578,5.0977125,-8.3709154,-0.4209887,-0.5586356,-0.4639764,0.1125512,0.6782215
gait_20260919_222050_andrew_normal_5,andrew_normal_5,2513507703289414,2026-09-19T22:21:10.827928Z,-0.9461586,-7.4446955,1.2878561,0.1878560,-0.7288748,-0.8618063,5.2711129,-8.2563219,-0.5334988,-0.5521269,-0.4775860,0.1112349,0.6743103
gait_20260919_222050_andrew_normal_5,andrew_normal_5,2513507723458482,2026-09-19T22:21:10.847538Z,-2.8311436,-6.6608934,0.2352303,0.1010892,-0.4272393,-0.3687841,5.4076581,-8.1646509,-0.5760379,-0.5450776,-0.4877127,0.1110792,0.6728212
gait_20260919_222050_andrew_normal_5,andrew_normal_5,2513507743628851,2026-09-19T22:21:10.868383Z,-4.1312699,-5.2052188,-0.1752256,-0.0264297,-0.2086568,0.1352963,5.4636750,-8.1251431,-0.6053222,-0.5414299,-0.4931737,0.1122039,0.6715978
gait_20260919_222050_andrew_normal_5,andrew_normal_5,2513507763797553,2026-09-19T22:21:10.888059Z,-4.2256165,-3.8538418,0.0171335,0.1043867,-0.0992406,0.6357129,5.4361887,-8.1414442,-0.6331389,-0.5414598,-0.4945356,0.1151043,0.6700798
gait_20260919_222050_andrew_normal_5,andrew_normal_5,2513507783963975,2026-09-19T22:21:10.908919Z,-2.7558010,-3.7987003,-0.3259107,0.3674184,-0.3607069,1.2193489,5.3284788,-8.2124853,-0.6312675,-0.5433134,-0.4923660,0.1213126,0.6690811
gait_20260919_222050_andrew_normal_5,andrew_normal_5,2513507804135891,2026-09-19T22:21:10.929061Z,0.6388029,-5.5582142,-3.6899886,0.5319090,-1.0676818,1.7368524,5.1210151,-8.3454084,-0.6045439,-0.5459633,-0.4879334,0.1337218,0.6678051
gait_20260919_222050_andrew_normal_5,andrew_normal_5,2513507824302558,2026-09-19T22:21:10.948394Z,5.6474729,-9.0966196,-10.0400848,0.0212837,-2.1303010,1.9656271,4.8126926,-8.5259857,-0.6177990,-0.5486951,-0.4853176,0.1546413,0.6629378
gait_20260919_222050_andrew_normal_5,andrew_normal_5,2513507844471463,2026-09-19T22:21:10.968771Z,12.4437885,-12.9344501,-5.5226002,-0.2375846,-2.1370456,1.8714826,4.4407110,-8.7113924,-0.7923744,-0.5536814,-0.4884360,0.1803462,0.6498787
gait_20260919_222050_andrew_normal_5,andrew_normal_5,2513507864641304,2026-09-19T22:21:10.990104Z,17.5352821,-15.9370785,2.5641899,1.1774144,0.4780004,1.3940984,4.0606356,-8.8664503,-1.0646336,-0.5601591,-0.4948230,0.2050725,0.6319156
gait_20260919_222050_andrew_normal_5,andrew_normal_5,2513507884808580,2026-09-19T22:21:11.010194Z,19.0409374,-16.2725658,-1.3354409,1.2558876,2.6007903,0.5640511,3.8081744,-9.0013552,-0.8423423,-0.5604109,-0.4829821,0.2185831,0.6363092
gait_20260919_222050_andrew_normal_5,andrew_normal_5,2513507904976427,2026-09-19T22:21:11.029779Z,13.1520233,-10.4671507,-1.3389573,0.1950172,3.2442639,-0.1832596,3.7262769,-9.0662394,-0.3927888,-0.5588549,-0.4609861,0.2163529,0.6544956
gait_20260919_222050_andrew_normal_5,andrew_normal_5,2513507925145657,2026-09-19T22:21:11.049818Z,5.9013333,-7.4021235,-0.3842694,0.0959265,2.0941119,-0.5903476,3.7773449,-9.0531120,-0.0945597,-0.5628368,-0.4398644,0.1981016,0.6711854
gait_20260919_222050_andrew_normal_5,andrew_normal_5,2513507945316515,2026-09-19T22:21:11.069976Z,1.3452420,-13.3647327,-1.0889128,1.2054263,0.6043369,-0.9526033,3.9982643,-8.9580746,0.0537815,-0.5620711,-0.4329526,0.1782838,0.6817940
gait_20260919_222050_andrew_normal_5,andrew_normal_5,2513507965484361,2026-09-19T22:21:11.089727Z,-5.3856072,-18.5506496,-13.3780508,1.3336281,0.3560605,-0.7511411,4.1605220,-8.8789549,0.3005364,-0.5512286,-0.4324185,0.1738636,0.6920497
gait_20260919_222050_andrew_normal_5,andrew_normal_5,2513507985652860,2026-09-19T22:21:11.113045Z,-1.4423569,-15.4601831,-0.3694552,-0.5977586,0.1816774,0.0504946,4.3121839,-8.7911005,0.5981000,-0.5353428,-0.4346578,0.1757722,0.7025560
gait_20260919_222050_andrew_normal_5,andrew_normal_5,2513508005821967,2026-09-19T22:21:11.130248Z,-0.7674913,-9.6722755,3.1310172,-1.4610471,-0.4927058,0.2304234,4.2953529,-8.8033142,0.5363812,-0.5391441,-0.4337078,0.1733881,0.7008265
gait_20260919_222050_andrew_normal_5,andrew_normal_5,2513508025990425,2026-09-19T22:21:11.151690Z,-1.7255460,-6.6810198,4.6794672,-1.3641213,-0.3724979,0.1479033,4.0994511,-8.9064035,0.3264754,-0.5492785,-0.4329516,0.1791980,0.6919062
gait_20260919_222050_andrew_normal_5,andrew_normal_5,2513508046159492,2026-09-19T22:21:11.170579Z,-2.4444799,-6.6992755,5.9552774,-0.5969759,0.0422176,0.4299039,4.0713854,-8.9251509,0.0402829,-0.5580941,-0.4385588,0.1778802,0.6815833
gait_20260919_222050_andrew_normal_5,andrew_normal_5,2513508066327461,2026-09-19T22:21:11.190589Z,-1.4721348,-9.3483105,4.1040359,0.1330647,-0.4672586,0.9552847,3.9272296,-8.9895725,0.0239177,-0.5625349,-0.4339760,0.1823772,0.6796750
gait_20260919_222050_andrew_normal_5,andrew_normal_5,2513508086496731,2026-09-19T22:21:11.210549Z,-0.1821838,-10.7634335,2.7493665,0.2664958,-1.4976357,1.2135201,3.6832800,-9.0918579,0.0876430,-0.5638160,-0.4283172,0.1959128,0.6784351
gait_20260919_222050_andrew_normal_5,andrew_normal_5,2513508106666369,2026-09-19T22:21:11.231297Z,0.4571429,-10.7950811,2.8205941,0.1402425,-2.5174210,1.2193156,3.4562023,-9.1809034,0.0424258,-0.5632879,-0.4314136,0.2151115,0.6710561
gait_20260919_222050_andrew_normal_5,andrew_normal_5,2513508126832872,2026-09-19T22:21:11.250970Z,0.8970774,-9.9154367,2.9220483,0.2343871,-3.0246489,1.0853683,3.2229135,-9.2649870,-0.0947688,-0.5612631,-0.4415726,0.2393661,0.6578004
gait_20260919_222050_andrew_normal_5,andrew_normal_5,2513508147002510,2026-09-19T22:21:11.271231Z,0.7730279,-8.6549644,2.4766519,0.5304602,-2.6910546,0.9160814,2.9821310,-9.3433542,-0.2114825,-0.5557811,-0.4544396,0.2672033,0.6428021
gait_20260919_222050_andrew_normal_5,andrew_normal_5,2513508167171211,2026-09-19T22:21:11.291850Z,0.6923732,-7.2981253,1.8272996,0.8069483,-1.7472111,0.7888455,2.7871025,-9.4019651,-0.2668637,-0.5480370,-0.4662448,0.2924331,0.6298843
gait_20260919_222050_andrew_normal_5,andrew_normal_5,2513508187340767,2026-09-19T22:21:11.312065Z,0.7799112,-6.4258876,1.3409774,1.0498122,-0.6697868,0.6606104,2.6254835,-9.4497337,-0.2132743,-0.5402603,-0.4719816,0.3125517,0.6226264
gait_20260919_222050_andrew_normal_5,andrew_normal_5,2513508207511217,2026-09-19T22:21:11.331759Z,0.7170634,-6.4983125,0.9752631,1.2846322,0.2773708,0.6102824,2.4945889,-9.4873886,-0.0510544,-0.5336578,-0.4705537,0.3268770,0.6220450
gait_20260919_222050_andrew_normal_5,andrew_normal_5,2513508227677925,2026-09-19T22:21:11.352346Z,0.8967782,-7.7314758,0.7035212,1.5532930,1.0114249,0.7698268,2.3776298,-9.5152922,0.2054560,-0.5283542,-0.4625711,0.3366527,0.6273236
gait_20260919_222050_andrew_normal_5,andrew_normal_5,2513508247846951,2026-09-19T22:21:11.372680Z,1.7486651,-9.1808653,0.2638111,1.7044272,1.4022255,1.0181698,2.2258604,-9.5385332,0.5459408,-0.5245115,-0.4480822,0.3444775,0.6367458
gait_20260919_222050_andrew_normal_5,andrew_normal_5,2513508268015165,2026-09-19T22:21:11.392786Z,2.4229321,-10.0801878,0.1145476,1.5730280,1.4087871,1.1344306,2.0104606,-9.5558729,0.9377909,-0.5219195,-0.4286033,0.3524318,0.6478357
gait_20260919_222050_andrew_normal_5,andrew_normal_5,2513508288184313,2026-09-19T22:21:11.412969Z,2.7490673,-10.4516630,0.0805799,1.3111286,1.2014793,1.1492360,1.7620934,-9.5635862,1.2918820,-0.5206897,-0.4088278,0.3601405,0.6572983
gait_20260919_222050_andrew_normal_5,andrew_normal_5,2513508308352364,2026-09-19T22:21:11.433322Z,2.9123218,-10.2806273,0.1176152,1.0363226,0.9040572,1.1517007,1.5051848,-9.5629072,1.5878685,-0.5201699,-0.3908466,0.3680428,0.6642340
gait_20260919_222050_andrew_normal_5,andrew_normal_5,2513508328520535,2026-09-19T22:21:11.453419Z,2.9909565,-9.7020531,0.3150620,0.9091866,0.6135632,1.2045436,1.2547526,-9.5591469,1.8122997,-0.5203207,-0.3758869,0.3761550,0.6681938
gait_20260919_222050_andrew_normal_5,andrew_normal_5,2513508348692818,2026-09-19T22:21:11.473569Z,3.2095022,-9.4068937,0.3105729,1.1644244,0.3951472,1.3583091,1.0892893,-9.5578289,1.9228754,-0.5209646,-0.3674870,0.3820952,0.6689938
gait_20260919_222050_andrew_normal_5,andrew_normal_5,2513508368859647,2026-09-19T22:21:11.493250Z,3.7414639,-9.5023623,-0.4036475,1.2831334,0.0000000,1.3511313,1.1559331,-9.5571146,1.8871913,-0.5203716,-0.3703235,0.3814722,0.6682460
gait_20260919_222050_andrew_normal_5,andrew_normal_5,2513508389030179,2026-09-19T22:21:11.513277Z,4.1558852,-9.5875807,-0.7393594,1.0006665,-0.5368387,1.1222067,0.9634294,-9.5392990,2.0759852,-0.5165110,-0.3626360,0.3938068,0.6683021
gait_20260919_222050_andrew_normal_5,andrew_normal_5,2513508409196805,2026-09-19T22:21:11.533376Z,4.0822635,-9.9180555,-1.1082162,0.6904209,-0.8144259,0.8351766,0.7836822,-9.5163851,2.2495251,-0.5111273,-0.3578999,0.4084921,0.6661762
gait_20260919_222050_andrew_normal_5,andrew_normal_5,2513508429366280,2026-09-19T22:21:11.553596Z,3.4073980,-10.0760727,-1.0646715,0.2475103,-0.5298606,0.5224164,0.6625480,-9.4965420,2.3691406,-0.5052420,-0.3575099,0.4223988,0.6621907
gait_20260919_222050_andrew_normal_5,andrew_normal_5,2513508449534411,2026-09-19T22:21:11.573819Z,3.2425721,-10.5993557,-0.4440496,-0.4062054,-0.1499018,0.3478168,0.5919610,-9.4900494,2.4134314,-0.5020629,-0.3586869,0.4311938,0.6582921
gait_20260919_222050_andrew_normal_5,andrew_normal_5,2513508469704415,2026-09-19T22:21:11.593922Z,3.8735938,-10.9535475,0.2238579,-0.9326520,-0.0094095,0.2362523,0.5353302,-9.5119724,2.3392127,-0.5043033,-0.3608253,0.4343493,0.6533177
gait_20260919_222050_andrew_normal_5,andrew_normal_5,2513508489872871,2026-09-19T22:21:11.614101Z,4.4869585,-11.4870806,0.8550293,-1.2125041,-0.0485794,0.0977418,0.4905668,-9.5565214,2.1606390,-0.5104418,-0.3648726,0.4340013,0.6464982
gait_20260919_222050_andrew_normal_5,andrew_normal_5,2513508510014839,2026-09-19T22:21:11.634978Z,5.2832551,-12.2922802,1.1353754,-1.2781539,-0.1093162,-0.0363888,0.4740914,-9.6077290,1.9242897,-0.5177903,-0.3710589,0.4316661,0.6386494
gait_20260919_222050_andrew_normal_5,andrew_normal_5,2513508530210314,2026-09-19T22:21:11.654301Z,6.6792240,-12.8530474,1.0699837,-1.2576863,-0.0128568,-0.2426474,0.4866302,-9.6540403,1.6729609,-0.5245513,-0.3788114,0.4286185,0.6305825
gait_20260919_222050_andrew_normal_5,andrew_normal_5,2513508550381661,2026-09-19T22:21:11.675099Z,7.7192054,-11.5770130,0.3107973,-1.2412655,0.3730142,-0.7484598,0.5335988,-9.6911650,1.4257352,-0.5306642,-0.3869332,0.4239047,0.6236851
gait_20260919_222050_andrew_normal_5,andrew_normal_5,2513508570521919,2026-09-19T22:21:11.697317Z,8.4331264,-10.6172371,-1.9829975,-1.3968796,1.6105992,-1.5764753,0.6646413,-9.7152023,1.1871078,-0.5361095,-0.3952473,0.4143263,0.6202418
gait_20260919_222050_andrew_normal_5,andrew_normal_5,2513508590690417,2026-09-19T22:21:11.715364Z,7.9236107,-11.7288198,-1.5756840,-1.8013530,3.2690783,-2.6867077,0.9349520,-9.7197342,0.9427357,-0.5432466,-0.4017021,0.3932168,0.6236178
gait_20260919_222050_andrew_normal_5,andrew_normal_5,2513508610909452,2026-09-19T22:21:11.735454Z,5.2067900,-13.7612724,-1.0512789,-1.6790800,2.4373655,-3.7287095,1.3950849,-9.6874390,0.6658773,-0.5556367,-0.4033397,0.3523780,0.6359361
gait_20260919_222050_andrew_normal_5,andrew_normal_5,2513508631053983,2026-09-19T22:21:11.755345Z,2.4867525,-15.3716726,-0.8674492,-1.3796427,1.0114583,-4.2694283,2.0862949,-9.5763979,0.4196271,-0.5593304,-0.4144476,0.3081731,0.6483918
gait_20260919_222050_andrew_normal_5,andrew_normal_5,2513508651221260,2026-09-19T22:21:11.776063Z,0.0521487,-17.1744308,-0.2407669,-1.1855083,0.0579722,-4.1260548,2.8979428,-9.3699589,0.2047619,-0.5522122,-0.4369722,0.2696935,0.6567972
gait_20260919_222050_andrew_normal_5,andrew_normal_5,2513508671393542,2026-09-19T22:21:11.796131Z,-3.1869817,-18.6783638,1.9182793,-0.8922163,0.4125339,-3.4084713,3.6751459,-9.0955591,-0.0142921,-0.5403136,-0.4639150,0.2377447,0.6605464
gait_20260919_222050_andrew_normal_5,andrew_normal_5,2513508691561633,2026-09-19T22:21:11.816996Z,-5.4786067,-15.8170691,2.2505496,-0.1588116,1.6590786,-2.2954245,4.3001170,-8.8158197,-0.1625675,-0.5295072,-0.4842185,0.2103334,0.6640139
gait_20260919_222050_andrew_normal_5,andrew_normal_5,2513508711728463,2026-09-19T22:21:11.835981Z,-3.2056117,-10.9219742,2.0768952,0.4513042,1.4582492,-1.2225465,4.7174134,-8.6011381,-0.0505509,-0.5213417,-0.4874897,0.1865115,0.6751074
gait_20260919_222050_andrew_normal_5,andrew_normal_5,2513508731897855,2026-09-19T22:21:11.856145Z,-1.2907740,-6.9941363,2.1768532,0.8396732,-0.3628053,-0.7211640,4.9244494,-8.4824343,0.1850033,-0.5140879,-0.4831066,0.1734989,0.6871825
gait_20260919_222050_andrew_normal_5,andrew_normal_5,2513508752068306,2026-09-19T22:21:11.876302Z,0.8641572,-4.4674306,-1.3133693,0.6998970,-2.0300443,-0.6896881,5.0418553,-8.4094973,0.3101209,-0.5034049,-0.4876370,0.1754410,0.6913857
gait_20260919_222050_andrew_normal_5,andrew_normal_5,2513508772235868,2026-09-19T22:21:11.897234Z,1.7358711,-4.2646718,-0.5655553,-0.0266629,-2.2844994,-0.9869604,5.1617761,-8.3390436,0.2292632,-0.4898434,-0.5049317,0.1867767,0.6857200
gait_20260919_222050_andrew_normal_5,andrew_normal_5,2513508792405098,2026-09-19T22:21:11.916796Z,1.2809727,-5.8081837,1.2512697,-0.2589849,-2.0303442,-1.1953840,5.3259206,-8.2383480,-0.0184857,-0.4790989,-0.5268854,0.1934031,0.6748713
gait_20260919_222050_andrew_normal_5,andrew_normal_5,2513508812571683,2026-09-19T22:21:11.937454Z,0.0103998,-7.5000615,2.0259435,0.0765247,-1.8565940,-1.1164445,5.5157294,-8.1073313,-0.2899018,-0.4692918,-0.5481274,0.1952110,0.6642396
gait_20260919_222050_andrew_normal_5,andrew_normal_5,2513508832741524,2026-09-19T22:21:11.957629Z,-1.5867572,-7.8335285,1.8382980,0.4549181,-1.6507517,-0.7381510,5.6818933,-7.9819016,-0.4914067,-0.4576871,-0.5667077,0.1983012,0.6557756
gait_20260919_222050_andrew_normal_5,andrew_normal_5,2513508852909615,2026-09-19T22:21:11.977756Z,-3.2237177,-7.1587381,1.1251252,0.4508545,-1.1302006,-0.1326483,5.7837434,-7.9000187,-0.6116661,-0.4454872,-0.5813364,0.2051937,0.6492186
gait_20260919_222050_andrew_normal_5,andrew_normal_5,2513508873079212,2026-09-19T22:21:11.997898Z,-4.2345948,-5.8457427,0.3538930,0.2864138,-0.5853348,0.3664192,5.7894087,-7.8909864,-0.6717287,-0.4375767,-0.5896767,0.2139943,0.6442162
gait_20260919_222050_andrew_normal_5,andrew_normal_5,2513508893250069,2026-09-19T22:21:12.017720Z,-4.6242509,-4.2946739,0.1521066,0.2974054,-0.3456684,0.6501018,5.7168412,-7.9418507,-0.6934275,-0.4352652,-0.5921812,0.2224918,0.6405959
gait_20260919_222050_andrew_normal_5,andrew_normal_5,2513508913415963,2026-09-19T22:21:12.037506Z,-4.5878892,-3.8122425,0.0903063,0.5911137,-0.1175932,1.0462649,5.6009312,-8.0244627,-0.6882416,-0.4353204,-0.5918174,0.2315905,0.6376632
gait_20260919_222050_andrew_normal_5,andrew_normal_5,2513508933585763,2026-09-19T22:21:12.057642Z,-3.0483425,-4.6736312,-0.4950012,0.9721051,-0.0389202,1.5766917,5.4273520,-8.1489172,-0.6124722,-0.4361296,-0.5878471,0.2438128,0.6362249
gait_20260919_222050_andrew_normal_5,andrew_normal_5,2513508953753325,2026-09-19T22:21:12.077846Z,0.2482488,-7.8314338,-4.1905265,1.2893953,-0.2829332,2.0272133,5.1630869,-8.3288298,-0.4574207,-0.4378150,-0.5797060,0.2612219,0.6356274
gait_20260919_222050_andrew_normal_5,andrew_normal_5,2513508973923491,2026-09-19T22:21:12.098119Z,8.1487408,-13.4108219,-15.2774763,0.5110750,-0.7731909,2.1226735,4.8128800,-8.5439386,-0.2709357,-0.4394398,-0.5700113,0.2842551,0.6333868
gait_20260919_222050_andrew_normal_5,andrew_normal_5,2513508994093290,2026-09-19T22:21:12.118327Z,18.5449619,-18.4790478,-0.0929998,0.3285815,0.9276059,1.4877932,4.4326329,-8.7486019,-0.2233324,-0.4440342,-0.5641182,0.3065087,0.6250255
gait_20260919_222050_andrew_normal_5,andrew_normal_5,2513509014260080,2026-09-19T22:21:12.139830Z,22.2201366,-21.3036823,4.3755531,1.1091667,1.9323525,0.5612366,4.1564822,-8.8846798,-0.1491900,-0.4528114,-0.5538310,0.3157175,0.6233423
gait_20260919_222050_andrew_normal_5,andrew_normal_5,2513509034430164,2026-09-19T22:21:12.159190Z,15.9872818,-13.8331738,1.4993688,0.6706861,3.0335920,0.3839225,4.0528321,-8.9310293,0.2176623,-0.4537573,-0.5361924,0.3181385,0.6367025
gait_20260919_222050_andrew_normal_5,andrew_normal_5,2513509054597970,2026-09-19T22:21:12.179257Z,9.4335289,-7.4847236,0.8785224,-0.0867002,2.6476378,0.4151152,3.9722979,-8.9498520,0.5975969,-0.4586374,-0.5140369,0.3121436,0.6542050
gait_20260919_222050_andrew_normal_5,andrew_normal_5,2513509074766834,2026-09-19T22:21:12.199515Z,5.0610433,-7.7709804,0.6664859,-0.1601273,1.4491229,-0.0172201,3.8558681,-8.9841700,0.8081301,-0.4688160,-0.4946271,0.3030747,0.6661091
gait_20260919_222050_andrew_normal_5,andrew_normal_5,2513509094933867,2026-09-19T22:21:12.219215Z,1.0179846,-14.6151047,-4.3357496,1.4127674,1.4629955,-0.9066885,3.8510206,-8.9798317,0.8765738,-0.4733271,-0.4871974,0.2960001,0.6715536
gait_20260919_222050_andrew_normal_5,andrew_normal_5,2513509115104724,2026-09-19T22:21:12.239336Z,0.1061679,-16.4242992,-3.8041620,1.1722184,0.6188591,-1.0527599,3.9741173,-8.8888597,1.1961064,-0.4636477,-0.4798477,0.2916625,0.6853540
gait_20260919_222050_andrew_normal_5,andrew_normal_5,2513509135272694,2026-09-19T22:21:12.260170Z,-1.0301801,-11.0940571,0.1705869,-0.5338076,-1.1701367,-0.7902611,4.1459484,-8.7580957,1.5306883,-0.4497818,-0.4752553,0.2881272,0.6991506
gait_20260919_222050_andrew_normal_5,andrew_normal_5,2513509155441801,2026-09-19T22:21:12.280348Z,-2.0233250,-7.7377605,1.4883704,-1.2948911,-1.6326989,-0.5568566,4.3176394,-8.7058697,1.3423544,-0.4446735,-0.4897597,0.2874413,0.6926605
gait_20260919_222050_andrew_normal_5,andrew_normal_5,2513509175610625,2026-09-19T22:21:12.300523Z,-2.8926446,-7.5258737,2.6042929,-1.4717389,-1.3417884,-0.2691271,4.4502378,-8.6892633,0.9634277,-0.4448853,-0.5087398,0.2864018,0.6791428
gait_20260919_222050_andrew_normal_5,andrew_normal_5,2513509195778431,2026-09-19T22:21:12.320300Z,-3.9364417,-9.5893011,5.0683756,-1.0480468,-0.9719052,0.4268562,4.5184631,-8.6882982,0.5771351,-0.4482407,-0.5247821,0.2847517,0.6652822
gait_20260919_222050_andrew_normal_5,andrew_normal_5,2513509215948841,2026-09-19T22:21:12.340137Z,-2.6011505,-10.8758860,4.0291424,-0.3276323,-0.7121043,1.1748497,4.4591503,-8.7330399,0.2934428,-0.4534810,-0.5339137,0.2874930,0.6531761
gait_20260919_222050_andrew_normal_5,andrew_normal_5,2513509236118071,2026-09-19T22:21:12.361162Z,-1.2862848,-10.7163715,3.3510594,0.0262632,-0.6931855,1.3850386,4.2517381,-8.8390379,0.1739450,-0.4584995,-0.5352399,0.2984322,0.6436107
gait_20260919_222050_andrew_normal_5,andrew_normal_5,2513509256284779,2026-09-19T22:21:12.380454Z,-0.8662521,-9.4366713,2.7944822,0.1773807,-0.7864640,1.1608771,3.9936488,-8.9594126,0.1256611,-0.4625482,-0.5339384,0.3127691,0.6349288
gait_20260919_222050_andrew_normal_5,andrew_normal_5,2513509276455311,2026-09-19T22:21:12.400696Z,-0.9748142,-7.7676134,2.3660698,0.2655465,-0.6869403,0.9546851,2.8518963,-9.3604841,0.6957949,-0.4684289,-0.4976580,0.3612410,0.6343625
gait_20260919_222050_andrew_normal_5,andrew_normal_5,2513509296622385,2026-09-19T22:21:12.420811Z,-0.8711901,-6.7084785,2.1206641,0.3637879,-0.3852048,0.9235923,2.6786082,-9.4107084,0.7069399,-0.4677593,-0.4977046,0.3735106,0.6276792
gait_20260919_222050_andrew_normal_5,andrew_normal_5,2513509316792510,2026-09-19T22:21:12.441784Z,-0.6429928,-5.8736501,1.9654900,0.5496122,-0.1672552,1.0127074,2.5079288,-9.4538965,0.7551479,-0.4673929,-0.4955574,0.3844692,0.6230170
gait_20260919_222050_andrew_normal_5,andrew_normal_5,2513509336960031,2026-09-19T22:21:12.461167Z,0.2959084,-5.8586864,1.4223802,0.7452456,-0.0534424,1.0909806,2.3164549,-9.4945717,0.8504543,-0.4672487,-0.4907479,0.3956665,0.6199139
gait_20260919_222050_andrew_normal_5,andrew_normal_5,2513509357129424,2026-09-19T22:21:12.481246Z,1.2779051,-7.3067293,0.9864859,0.7945578,-0.1088499,1.0822706,2.1060824,-9.5298185,0.9915165,-0.4667351,-0.4838461,0.4077223,0.6179110
gait_20260919_222050_andrew_normal_5,andrew_normal_5,2513509377299183,2026-09-19T22:21:12.503431Z,1.8576760,-9.0351934,0.8361001,0.7349702,-0.3028513,1.1017724,1.8990190,-9.5563259,1.1430063,-0.4655704,-0.4769268,0.4200741,0.6158918
gait_20260919_222050_andrew_normal_5,andrew_normal_5,2513509397466989,2026-09-19T22:21:12.522467Z,2.3552210,-10.8147583,0.8223335,0.6551147,-0.4772010,1.1883727,1.6948296,-9.5778790,1.2758868,-0.4638828,-0.4714343,0.4330987,0.6123626
gait_20260919_222050_andrew_normal_5,andrew_normal_5,2513509417635568,2026-09-19T22:21:12.541806Z,2.9560909,-11.8559370,0.8993220,0.6367288,-0.5491459,1.2991545,1.4801599,-9.5979233,1.3874840,-0.4623569,-0.4668798,0.4468401,0.6071107
gait_20260919_222050_andrew_normal_5,andrew_normal_5,2513509437805815,2026-09-19T22:21:12.562889Z,3.2920272,-11.6177893,1.0024972,0.7587186,-0.4176799,1.4096031,1.2466469,-9.6151972,1.4933039,-0.4609872,-0.4624421,0.4615338,0.6005204
gait_20260919_222050_andrew_normal_5,andrew_normal_5,2513509457974598,2026-09-19T22:21:12.582414Z,3.2976387,-10.4586210,1.2297966,1.0528265,0.0562735,1.5591220,0.9900699,-9.6235065,1.6260378,-0.4598941,-0.4561770,0.4767012,0.5942693
gait_20260919_222050_andrew_normal_5,andrew_normal_5,2513509478144520,2026-09-19T22:21:12.603314Z,3.6825066,-9.4183407,1.0434978,1.5206348,0.8587086,1.7267601,0.6923603,-9.6144009,1.8220979,-0.4599755,-0.4449964,0.4915744,0.5905552
gait_20260919_222050_andrew_normal_5,andrew_normal_5,2513509498310455,2026-09-19T22:21:12.622494Z,4.3297644,-9.0854721,0.5651064,1.7250115,1.3653537,1.6832101,0.4624797,-9.5757570,2.0801642,-0.4604362,-0.4299103,0.5024782,0.5921920
gait_20260919_222050_andrew_normal_5,andrew_normal_5,2513509518479603,2026-09-19T22:21:12.643523Z,4.8189297,-9.2870340,-0.0239420,1.6403596,1.3461018,1.4396302,0.3463154,-9.5263252,2.3163121,-0.4614379,-0.4154530,0.5072899,0.5976041
gait_20260919_222050_andrew_normal_5,andrew_normal_5,2513509538649078,2026-09-19T22:21:12.662848Z,5.0968814,-9.9952688,-0.6280290,1.2893953,0.8352932,1.1061524,0.0271287,-9.4522705,2.6248734,-0.4635267,-0.3938151,0.5168065,0.6024647
gait_20260919_222050_andrew_normal_5,andrew_normal_5,2513509558819040,2026-09-19T22:21:12.682981Z,5.0038815,-10.5264072,-0.9642648,0.7322389,-0.0021817,0.7459950,-0.2335685,-9.3770618,2.8726778,-0.4637972,-0.3771709,0.5257061,0.6052005
gait_20260919_222050_andrew_normal_5,andrew_normal_5,2513509578985910,2026-09-19T22:21:12.703641Z,4.9224787,-10.5093479,-0.7838018,0.0708124,-0.6798790,0.4825636,-0.3766537,-9.3270388,3.0167158,-0.4614875,-0.3702029,0.5340652,0.6039482
gait_20260919_222050_andrew_normal_5,andrew_normal_5,2513509599153879,2026-09-19T22:21:12.723832Z,4.8852940,-10.6302557,-0.3062333,-0.4273891,-0.7880961,0.2931420,-0.4233042,-9.3175907,3.0396433,-0.4582295,-0.3726044,0.5416773,0.5981449
gait_20260919_222050_andrew_normal_5,andrew_normal_5,2513509619323923,2026-09-19T22:21:12.743699Z,4.9662476,-11.5912285,0.0077063,-0.7634483,-0.4991009,0.1599441,-0.4254844,-9.3413305,2.9655745,-0.4565426,-0.3796137,0.5467989,0.5903162
gait_20260919_222050_andrew_normal_5,andrew_normal_5,2513509639494089,2026-09-19T22:21:12.763780Z,5.8114009,-12.5842237,0.1470938,-1.1015226,-0.2431803,0.0464311,-0.4215369,-9.3844042,2.8269031,-0.4579164,-0.3871691,0.5483239,0.5828840
gait_20260919_222050_andrew_normal_5,andrew_normal_5,2513509659660064,2026-09-19T22:21:12.783900Z,7.3778820,-12.5662670,0.2650082,-1.3968962,-0.2088899,-0.2610833,-0.4149968,-9.4440107,2.6219347,-0.4622508,-0.3954335,0.5466338,0.5754547
gait_20260919_222050_andrew_normal_5,andrew_normal_5,2513509679828602,2026-09-19T22:21:12.804817Z,8.2813940,-11.3624325,-0.1348983,-1.5304105,-0.1654732,-0.9903578,-0.3593521,-9.5160694,2.3561413,-0.4675534,-0.4062060,0.5416026,0.5683813
gait_20260919_222050_andrew_normal_5,andrew_normal_5,2513509699998199,2026-09-19T22:21:12.824626Z,8.5898724,-10.6830778,-1.5640123,-1.7153189,0.6644076,-2.0063791,-0.1682098,-9.5897999,2.0599916,-0.4706625,-0.4209538,0.5317076,0.5644127
gait_20260919_222050_andrew_normal_5,andrew_normal_5,2513509720142282,2026-09-19T22:21:12.844208Z,6.8935051,-11.7144547,-1.2935423,-2.0143230,1.4640281,-3.0915642,0.1923225,-9.6538630,1.7326403,-0.4738039,-0.4370386,0.5117961,0.5679542
gait_20260919_222050_andrew_normal_5,andrew_normal_5,2513509740337799,2026-09-19T22:21:12.864486Z,4.8101010,-13.9293156,-0.7053168,-2.0676990,1.9952044,-4.0780416,0.7431726,-9.6879025,1.3521717,-0.4782738,-0.4542027,0.4790736,0.5791740
gait_20260919_222050_andrew_normal_5,andrew_normal_5,2513509760504994,2026-09-19T22:21:12.884681Z,2.1894226,-16.2297688,0.2002151,-1.6590953,1.6233394,-4.7076926,1.4857571,-9.6465006,0.9867488,-0.4798392,-0.4728802,0.4371371,0.5958605
gait_20260919_222050_andrew_normal_5,andrew_normal_5,2513509780675730,2026-09-19T22:21:12.906144Z,-1.8490719,-19.1070766,1.0316765,-1.0736272,0.2954569,-4.4802833,2.3663170,-9.4929342,0.7217109,-0.4738716,-0.4929197,0.3925668,0.6151157
gait_20260919_222050_andrew_normal_5,andrew_normal_5,2513509800847971,2026-09-19T22:21:12.925086Z,-5.5653968,-21.1968403,1.9024925,-0.3647871,0.3515140,-3.3375590,3.2232552,-9.2500877,0.5316467,-0.4579760,-0.5172014,0.3578333,0.6282644
gait_20260919_222050_andrew_normal_5,andrew_normal_5,2513509820989573,2026-09-19T22:21:12.945128Z,-6.3408189,-16.8285446,1.4931588,0.0678980,1.5435505,-1.9035913,3.8505709,-9.0105286,0.4686215,-0.4420156,-0.5339126,0.3342494,0.6386211
gait_20260919_222050_andrew_normal_5,andrew_normal_5,2513509841176625,2026-09-19T22:21:12.966240Z,-3.7341316,-10.4450788,2.9703064,0.2390501,1.0121744,-0.8079642,4.1869683,-8.8507462,0.6080424,-0.4348853,-0.5331565,0.3163171,0.6531176
gait_20260919_222050_andrew_normal_5,andrew_normal_5,2513509861330230,2026-09-19T22:21:12.985943Z,-1.2223148,-6.0288992,2.7670987,0.4063220,-1.0266466,-0.3984280,4.3097372,-8.7802582,0.7545478,-0.4318813,-0.5285965,0.3082562,0.6626027
gait_20260919_222050_andrew_normal_5,andrew_normal_5,2513509881491607,2026-09-19T22:21:13.005555Z,1.5842134,-3.9093573,-0.2412158,0.1857910,-2.4927399,-0.6142293,4.3836312,-8.7436552,0.7539245,-0.4226510,-0.5359567,0.3141444,0.6598712
gait_20260919_222050_andrew_normal_5,andrew_normal_5,2513509901685007,2026-09-19T22:21:13.026646Z,2.8161798,-4.0587707,0.5243302,-0.2767213,-2.5094936,-1.1709527,4.5153627,-8.6904678,0.5686643,-0.4089493,-0.5549165,0.3234669,0.6482264
gait_20260919_222050_andrew_normal_5,andrew_normal_5,2513509921854278,2026-09-19T22:21:13.046605Z,1.7982700,-5.8479872,2.1235073,-0.1195917,-1.8014529,-1.5077113,4.7362947,-8.5863380,0.2800702,-0.3947736,-0.5778403,0.3260964,0.6355435
gait_20260919_222050_andrew_normal_5,andrew_normal_5,2513509942022695,2026-09-19T22:21:13.066161Z,-0.6062568,-6.8881183,1.8146553,0.2736736,-1.2825838,-1.1974823,5.0034127,-8.4378357,0.0700204,-0.3797143,-0.5967889,0.3237728,0.6283560
gait_20260919_222050_andrew_normal_5,andrew_normal_5,2513509962192128,2026-09-19T22:21:13.086242Z,-2.7117326,-6.2011318,1.3262382,0.3934652,-0.8743966,-0.5073279,5.2130294,-8.3102455,-0.0158077,-0.3652864,-0.6092395,0.3233540,0.6251683
gait_20260919_222050_andrew_normal_5,andrew_normal_5,2513509982360341,2026-09-19T22:21:13.106548Z,-4.1353102,-5.1561379,0.5037550,0.3273492,-0.4311696,0.0204010,5.2979050,-8.2563066,-0.0416567,-0.3555233,-0.6159803,0.3268733,0.6223547
gait_20260919_222050_andrew_normal_5,andrew_normal_5,2513510002529043,2026-09-19T22:21:13.126740Z,-4.8359132,-4.2245688,0.0424971,0.3112115,-0.3393400,0.3258003,5.2873068,-8.2631397,-0.0322079,-0.3511957,-0.6180136,0.3318743,0.6201454
gait_20260919_222050_andrew_normal_5,andrew_normal_5,2513510022699452,2026-09-19T22:21:13.146952Z,-4.9711857,-3.7885249,0.1043722,0.4578991,-0.3376912,0.7362358,5.2264667,-8.3018036,-0.0154592,-0.3494396,-0.6182712,0.3380025,0.6175655
gait_20260919_222050_andrew_normal_5,andrew_normal_5,2513510042867462,2026-09-19T22:21:13.167151Z,-3.7996728,-4.7691002,-1.9786581,0.6953172,-0.4948042,1.3463683,5.1013746,-8.3792343,0.0222922,-0.3491876,-0.6168072,0.3473208,0.6139913
gait_20260919_222050_andrew_normal_5,andrew_normal_5,2513510063038035,2026-09-19T22:21:13.188105Z,1.1274445,-7.5831103,-6.8794394,0.5348068,-1.1114817,1.7190827,4.8715949,-8.5144396,0.0895314,-0.3505970,-0.6131610,0.3624189,0.6080856
gait_20260919_222050_andrew_normal_5,andrew_normal_5,2513510083206248,2026-09-19T22:21:13.207396Z,7.6940665,-11.2849951,-7.6914477,0.0513440,-2.1008568,1.6706032,4.5273843,-8.7026958,-0.0448546,-0.3562825,-0.6152056,0.3793459,0.5921838
gait_20260919_222050_andrew_normal_5,andrew_normal_5,2513510103375397,2026-09-19T22:21:13.227505Z,14.8755493,-14.8305082,1.8192940,0.9381644,-0.4888421,1.1673055,4.2215466,-8.8523655,-0.2243109,-0.3571940,-0.6220151,0.3982310,0.5717708
gait_20260919_222050_andrew_normal_5,andrew_normal_5,2513510123541209,2026-09-19T22:21:13.247634Z,19.1132107,-17.7771721,3.0156467,1.8096299,2.1408429,0.4966028,3.9986837,-8.9566517,-0.1583034,-0.3560677,-0.6199226,0.4139803,0.5634999
gait_20260919_222050_andrew_normal_5,andrew_normal_5,2513510143711212,2026-09-19T22:21:13.267814Z,17.6837234,-14.0657854,-0.6683564,0.5802886,4.0402708,0.2109050,3.9040809,-8.9929276,0.3486046,-0.3559960,-0.5988062,0.4220394,0.5801557
gait_20260919_222050_andrew_normal_5,andrew_normal_5,2513510163878856,2026-09-19T22:21:13.288896Z,11.8155346,-8.4777184,1.1129297,-0.3099292,4.3722997,0.1591780,3.8245685,-8.9983683,0.7988384,-0.3685290,-0.5715554,0.4139702,0.6050946
gait_20260919_222050_andrew_normal_5,andrew_normal_5,2513510184048533,2026-09-19T22:21:13.309021Z,6.2137017,-7.5427828,0.8966286,0.3362756,2.4513383,0.1078174,3.7147861,-9.0161638,1.0701715,-0.3893903,-0.5451589,0.3963326,0.6277717
gait_20260919_222050_andrew_normal_5,andrew_normal_5,2513510204217316,2026-09-19T22:21:13.328885Z,2.4839094,-15.8740063,-5.2927570,1.7284588,-0.2315226,-0.1049363,4.4275699,-8.6802597,1.1339375,-0.3809266,-0.5455022,0.3673766,0.6498898
gait_20260919_222050_andrew_normal_5,andrew_normal_5,2513510224385529,2026-09-19T22:21:13.348706Z,1.0470891,-20.0780754,-13.3276978,0.8974789,-0.0923626,-0.4429772,4.4410629,-8.6336260,1.4048404,-0.3687669,-0.5409918,0.3771415,0.6550596
gait_20260919_222050_andrew_normal_5,andrew_normal_5,2513510244552603,2026-09-19T22:21:13.368808Z,-0.0862661,-13.5410061,-0.9201217,-1.3986115,-1.3319460,-0.4540021,4.5225024,-8.5596228,1.5861769,-0.3563259,-0.5405771,0.3832245,0.6587468
gait_20260919_222050_andrew_normal_5,andrew_normal_5,2513510264723501,2026-09-19T22:21:13.389011Z,-1.3980641,-9.1310368,2.8798506,-2.2826176,-2.3523808,-0.2550212,4.6347766,-8.5547094,1.2537547,-0.3574315,-0.5552371,0.3777249,0.6490598
gait_20260919_222050_andrew_normal_5,andrew_normal_5,2513510284893830,2026-09-19T22:21:13.409102Z,-3.0095863,-7.1517797,5.6958060,-2.0626860,-1.9330187,-0.0383706,4.0892735,-8.8691912,0.9227170,-0.3709452,-0.5605105,0.3937231,0.6270645
gait_20260919_222050_andrew_normal_5,andrew_normal_5,2513510305060415,2026-09-19T22:21:13.429325Z,-4.3095632,-7.4488854,7.9869070,-0.9281887,-0.4795492,0.4332347,3.6692672,-9.0605288,0.8242689,-0.3776223,-0.5593026,0.4099994,0.6135818
gait_20260919_222050_andrew_normal_5,andrew_normal_5,2513510325228425,2026-09-19T22:21:13.449394Z,-3.9873934,-9.3966427,5.7913494,0.1893216,0.2368685,0.9719719,3.6039619,-9.1046820,0.5935848,-0.3832487,-0.5659198,0.4093968,0.6043587
gait_20260919_222050_andrew_normal_5,andrew_normal_5,2513510345397858,2026-09-19T22:21:13.470377Z,-2.3007531,-10.9504805,3.6209309,0.5954937,0.3132266,1.1907876,3.4227047,-9.1708965,0.6448748,-0.3886063,-0.5599058,0.4153545,0.6024711
gait_20260919_222050_andrew_normal_5,andrew_normal_5,2513510365568391,2026-09-19T22:21:13.489757Z,-1.1041759,-11.0469961,2.7918637,0.3730475,-0.2024615,0.9298708,3.1878099,-9.2439804,0.7891930,-0.3930541,-0.5501326,0.4250967,0.6017936
gait_20260919_222050_andrew_normal_5,andrew_normal_5,2513510385735464,2026-09-19T22:21:13.510659Z,-1.2909236,-10.3622541,3.0312090,0.1197749,-0.6508346,0.7666292,3.0066266,-9.2982950,0.8590807,-0.3946562,-0.5457166,0.4345718,0.5979860
gait_20260919_222050_andrew_normal_5,andrew_normal_5,2513510405902782,2026-09-19T22:21:13.530403Z,-0.6261585,-9.2866592,2.4727614,0.1340140,-0.9197952,0.9829634,2.8762045,-9.3409433,0.8428249,-0.3949949,-0.5462377,0.4425241,0.5914186
gait_20260919_222050_andrew_normal_5,andrew_normal_5,2513510426072663,2026-09-19T22:21:13.550133Z,0.4346224,-7.9554834,1.8007389,0.3064485,-1.0023985,1.1869738,2.4361746,-9.4545574,0.9552479,-0.3983009,-0.5380800,0.4622000,0.5815474
gait_20260919_222050_andrew_normal_5,andrew_normal_5,2513510446239696,2026-09-19T22:21:13.570511Z,1.1254244,-6.9273233,1.4158710,0.5538756,-0.7723581,1.2455289,2.2275391,-9.5050602,0.9633279,-0.3979655,-0.5380316,0.4751088,0.5713294
gait_20260919_222050_andrew_normal_5,andrew_normal_5,2513510466410146,2026-09-19T22:21:13.590721Z,1.4386908,-6.4427967,1.0600328,0.8121443,-0.2371849,1.2707429,2.0034657,-9.5476542,1.0317708,-0.3971279,-0.5354738,0.4890095,0.5625185
gait_20260919_222050_andrew_normal_5,andrew_normal_5,2513510486581818,2026-09-19T22:21:13.611361Z,2.1149778,-7.1870942,0.8100632,1.0434004,0.2764382,1.3633386,1.7659615,-9.5779219,1.1751318,-0.3979298,-0.5280521,0.5016248,0.5578400
gait_20260919_222050_andrew_normal_5,andrew_normal_5,2513510506747305,2026-09-19T22:21:13.631670Z,2.7941830,-8.6822729,0.7770681,1.2722417,0.5483298,1.4482735,1.4977971,-9.5958290,1.3830324,-0.4005690,-0.5158869,0.5136313,0.5564066
gait_20260919_222050_andrew_normal_5,andrew_normal_5,2513510526916495,2026-09-19T22:21:13.651046Z,3.2944214,-9.9817257,0.7344962,1.4829803,0.6077676,1.4487565,1.2098712,-9.5962334,1.6384813,-0.4036835,-0.5006378,0.5257512,0.5567648
gait_20260919_222050_andrew_normal_5,andrew_normal_5,2513510547084300,2026-09-19T22:21:13.671758Z,3.4345572,-10.3380136,0.5161001,1.6127641,0.4956702,1.3769782,0.9135479,-9.5741634,1.9331201,-0.4058479,-0.4836062,0.5385306,0.5580299
gait_20260919_222050_andrew_normal_5,andrew_normal_5,2513510567254873,2026-09-19T22:21:13.691927Z,3.3237505,-9.7236013,0.1931822,1.5639515,0.3542452,1.2988213,0.6270443,-9.5275412,2.2514238,-0.4061778,-0.4662357,0.5519115,0.5594977
gait_20260919_222050_andrew_normal_5,andrew_normal_5,2513510587421743,2026-09-19T22:21:13.712152Z,3.2768390,-9.3884878,-0.0637456,1.3391738,0.3473338,1.2465948,0.4063002,-9.4709835,2.5241859,-0.4051604,-0.4521764,0.5635433,0.5601791
gait_20260919_222050_andrew_normal_5,andrew_normal_5,2513510607589387,2026-09-19T22:21:13.732969Z,3.5468602,-9.5153055,-0.2444330,0.9920897,0.3243515,1.1966829,0.4842363,-9.4712925,2.5092268,-0.4050102,-0.4540418,0.5630611,0.5592629
gait_20260919_222050_andrew_normal_5,andrew_normal_5,2513510627760448,2026-09-19T22:21:13.752815Z,3.9072623,-9.6322479,-0.2337339,0.6749828,0.2315726,1.1046869,0.3314453,-9.4453468,2.6290100,-0.4064286,-0.4462536,0.5696949,0.5577825
gait_20260919_222050_andrew_normal_5,andrew_normal_5,2513510647928824,2026-09-19T22:21:13.772096Z,4.2820296,-9.7875710,-0.3822493,0.5331248,0.1983813,0.9311864,0.1316641,-9.4182634,2.7413685,-0.4083332,-0.4380989,0.5777861,0.5545237
gait_20260919_222050_andrew_normal_5,andrew_normal_5,2513510668097809,2026-09-19T22:21:13.792402Z,4.1686792,-9.9901810,-0.6992565,0.2392666,0.0670486,0.6659397,-0.0547200,-9.3899384,2.8393974,-0.4101181,-0.4306846,0.5851145,0.5513212
gait_20260919_222050_andrew_normal_5,andrew_normal_5,2513510688266023,2026-09-19T22:21:13.812500Z,3.7107134,-9.9696808,-0.4534020,-0.3022684,-0.1975320,0.4633283,-0.1870176,-9.3725471,2.8907595,-0.4115620,-0.4262546,0.5902752,0.5481778
gait_20260919_222050_andrew_normal_5,andrew_normal_5,2513510708433584,2026-09-19T22:21:13.832427Z,3.6449475,-10.0126266,0.1740285,-0.7256273,-0.3892517,0.3709158,-0.2584230,-9.3872919,2.8369131,-0.4134305,-0.4276780,0.5928587,0.5428492
gait_20260919_222050_andrew_normal_5,andrew_normal_5,2513510728603629,2026-09-19T22:21:13.852965Z,3.8966382,-9.9102745,0.5178958,-0.8896682,-0.3097293,0.2797356,-0.3013260,-9.4266520,2.6988091,-0.4159743,-0.4334121,0.5939589,0.5351001
gait_20260919_222050_andrew_normal_5,andrew_normal_5,2513510748773591,2026-09-19T22:21:13.875120Z,4.3875241,-10.4750814,0.4744260,-0.9702898,-0.0197515,0.1927356,-0.3320801,-9.4730291,2.5273614,-0.4193784,-0.4401683,0.5934891,0.5273939
gait_20260919_222050_andrew_normal_5,andrew_normal_5,2513510768940950,2026-09-19T22:21:13.895268Z,5.4812255,-10.8841906,0.4332009,-1.1611935,0.1086001,0.0082936,-0.3653247,-9.5192537,2.3423233,-0.4245624,-0.4458732,0.5909387,0.5212823
gait_20260919_222050_andrew_normal_5,andrew_normal_5,2513510789110342,2026-09-19T22:21:13.913557Z,6.8038721,-11.2011232,0.4335001,-1.3973459,0.0148386,-0.4649770,-0.3744677,-9.5706758,2.1208620,-0.4307835,-0.4525125,0.5860180,0.5159854
gait_20260919_222050_andrew_normal_5,andrew_normal_5,2513510809292756,2026-09-19T22:21:13.933473Z,7.4810572,-11.2163115,0.3963900,-1.5581393,-0.1898878,-1.2666460,-0.2928493,-9.6292419,1.8514973,-0.4356892,-0.4628653,0.5778475,0.5118817
gait_20260919_222050_andrew_normal_5,andrew_normal_5,2513510829446483,2026-09-19T22:21:13.953685Z,7.5114336,-12.7855606,-0.0216226,-1.6747500,-0.2094229,-2.1840098,-0.0490581,-9.6869316,1.5482495,-0.4367674,-0.4782864,0.5651357,0.5109774
gait_20260919_222050_andrew_normal_5,andrew_normal_5,2513510849615347,2026-09-19T22:21:13.973803Z,6.0646625,-14.5025778,-0.3926491,-1.8092302,0.4535857,-3.1145301,0.3783725,-9.7264223,1.2205184,-0.4328889,-0.4988328,0.5474874,0.5138391
gait_20260919_222050_andrew_normal_5,andrew_normal_5,2513510869784414,2026-09-19T22:21:13.993940Z,4.4592757,-15.8071928,0.0050129,-1.8558612,1.1598779,-3.8155594,0.9743055,-9.7224607,0.8721178,-0.4278797,-0.5204827,0.5211599,0.5238407
gait_20260919_222050_andrew_normal_5,andrew_normal_5,2513510889953482,2026-09-19T22:21:14.014152Z,2.7468975,-18.1065235,0.6156091,-1.7379349,1.1593282,-4.1612277,1.7026101,-9.6460838,0.5387889,-0.4226785,-0.5406619,0.4864632,0.5407228
gait_20260919_222050_andrew_normal_5,andrew_normal_5,2513510910095856,2026-09-19T22:21:14.034241Z,0.2492962,-19.9282131,1.9724481,-1.3841060,1.2915770,-3.9543033,2.4981506,-9.4832859,0.2502807,-0.4142936,-0.5603916,0.4491316,0.5591090
gait_20260919_222050_andrew_normal_5,andrew_normal_5,2513510930290925,2026-09-19T22:21:14.054469Z,-3.9431753,-18.3796139,2.3101053,-0.1299671,1.9961703,-3.4133844,3.2490909,-9.2561970,0.0486667,-0.4043184,-0.5766109,0.4135962,0.5770482
gait_20260919_222050_andrew_normal_5,andrew_normal_5,2513510950458568,2026-09-19T22:21:14.074673Z,-5.9670238,-13.5434008,-0.9025392,1.0696969,1.1687378,-2.2641983,3.8835588,-9.0074148,0.1434844,-0.3928244,-0.5803500,0.3843002,0.6009960
gait_20260919_222050_andrew_normal_5,andrew_normal_5,2513510970635245,2026-09-19T22:21:14.095380Z,-4.1519198,-9.6109991,-1.4806641,0.9800490,-1.0056961,-1.0491793,4.2976475,-8.8070097,0.4504648,-0.3771027,-0.5772817,0.3713169,0.6218227
gait_20260919_222050_andrew_normal_5,andrew_normal_5,2513510990800528,2026-09-19T22:21:14.115109Z,-2.8781297,-7.3692780,0.2674024,0.3414883,-2.7981391,-0.2633649,4.4793153,-8.7098446,0.5571643,-0.3608413,-0.5828900,0.3749597,0.6240497
gait_20260919_222050_andrew_normal_5,andrew_normal_5,2513511010964713,2026-09-19T22:21:14.135676Z,-1.6811037,-6.8376904,0.4874445,-0.2927590,-3.4617140,0.2718084,4.5501966,-8.6829271,0.3722943,-0.3455189,-0.6000078,0.3862539,0.6094385
gait_20260919_222050_andrew_normal_5,andrew_normal_5,2513511031132844,2026-09-19T22:21:14.155395Z,-0.2668787,-7.1673422,0.6833950,-0.6469876,-3.4929733,0.5164875,4.5151396,-8.7091694,0.0044141,-0.3341805,-0.6216793,0.3989659,0.5853754
gait_20260919_222050_andrew_normal_5,andrew_normal_5,2513511051302685,2026-09-19T22:21:14.176075Z,0.2816180,-9.5518169,1.0156653,-0.6394266,-3.2809525,0.4946210,4.4031076,-8.7559519,-0.4266787,-0.3263181,-0.6431826,0.4103560,0.5580687
gait_20260919_222050_andrew_normal_5,andrew_normal_5,2513511071471019,2026-09-19T22:21:14.196500Z,0.3339163,-12.0275717,0.6624457,-0.3496321,-3.0750270,0.5742266,3.9777486,-8.9400854,-0.6989338,-0.3246865,-0.6545237,0.4310952,0.5294661
gait_20260919_222050_andrew_normal_5,andrew_normal_5,2513511091639762,2026-09-19T22:21:14.216699Z,0.2212392,-11.3601131,-0.0235679,-0.2546049,-2.7838833,0.7530563,3.8208411,-8.9789066,-1.0082389,-0.3161142,-0.6707367,0.4421421,0.5046726
gait_20260919_222050_andrew_normal_5,andrew_normal_5,2513511111808545,2026-09-19T22:21:14.236893Z,0.6658126,-9.2294235,0.2772037,-0.2604504,-2.4279561,0.8512810,3.6200640,-9.0300465,-1.2607635,-0.3097149,-0.6833655,0.4531415,0.4814055
gait_20260919_222050_andrew_normal_5,andrew_normal_5,2513511131977530,2026-09-19T22:21:14.256138Z,0.3051859,-6.4828997,0.5214123,-0.1326650,-2.1053200,0.7567534,3.3686872,-9.0958481,-1.4675255,-0.3053240,-0.6931704,0.4645364,0.4588006
gait_20260919_222050_andrew_normal_5,andrew_normal_5,2513511152144645,2026-09-19T22:21:14.276859Z,-0.0402525,-3.9640498,1.5699978,0.3944977,-1.8780442,0.7170672,3.1603956,-9.1423149,-1.6328189,-0.3007466,-0.7013369,0.4738923,0.4394363
gait_20260919_222050_andrew_normal_5,andrew_normal_5,2513511172314363,2026-09-19T22:21:14.297052Z,-0.2035071,-2.6996121,-0.4400094,1.0330085,-1.6617433,0.7275925,2.9629841,-9.1987534,-1.6851629,-0.2944879,-0.7060158,0.4856119,0.4230837
gait_20260919_222050_andrew_normal_5,andrew_normal_5,2513511192484367,2026-09-19T22:21:14.317282Z,-1.2364556,-2.5577557,-3.7793221,1.2202150,-2.1749666,0.8306135,2.7713099,-9.2752132,-1.5894680,-0.2869501,-0.7057990,0.5009738,0.4105273
gait_20260919_222050_andrew_normal_5,andrew_normal_5,2513511212650179,2026-09-19T22:21:14.338159Z,-0.9048586,-4.8885112,-7.5068698,0.7965230,-2.3477843,1.1343807,2.5512915,-9.3570166,-1.4742001,-0.2761766,-0.7060978,0.5194325,0.3941350
gait_20260919_222050_andrew_normal_5,andrew_normal_5,2513511232822339,2026-09-19T22:21:14.357506Z,-0.0304513,-6.1204023,-4.9963250,0.1725178,-1.7719089,1.3008531,2.2617571,-9.4361820,-1.4418849,-0.2680439,-0.7082322,0.5364035,0.3726003
gait_20260919_222050_andrew_normal_5,andrew_normal_5,2513511252989086,2026-09-19T22:21:14.377988Z,0.5077952,-5.8982654,-3.4294696,0.1238551,-1.3411889,1.4379648,1.9597847,-9.4960680,-1.4899822,-0.2660516,-0.7108301,0.5475571,0.3523043
gait_20260919_222050_andrew_normal_5,andrew_normal_5,2513511273157666,2026-09-19T22:21:14.397391Z,0.9474305,-6.5019035,-3.1770308,0.2752224,-0.6323821,1.5224000,1.6423949,-9.5504761,-1.5254709,-0.2677034,-0.7115710,0.5571138,0.3341047
gait_20260919_222050_andrew_normal_5,andrew_normal_5,2513511293326245,2026-09-19T22:21:14.417560Z,1.6855180,-7.8472204,-2.9471126,0.1732173,0.3264498,1.5198021,1.3259697,-9.6041880,-1.4958220,-0.2731140,-0.7084933,0.5662707,0.3205988
gait_20260919_222050_andrew_normal_5,andrew_normal_5,2513511313495638,2026-09-19T22:21:14.437755Z,2.6562920,-10.5841675,-3.3545010,-0.2222963,0.9448260,1.3257674,1.0378323,-9.6462955,-1.4518962,-0.2841381,-0.7025273,0.5721180,0.3136908
gait_20260919_222050_andrew_normal_5,andrew_normal_5,2513511333662833,2026-09-19T22:21:14.458460Z,3.9871688,-12.8249159,-3.0824599,-0.5875331,1.7771715,0.6334479,0.8008160,-9.6659336,-1.4712305,-0.2989569,-0.6969815,0.5726721,0.3112686
gait_20260919_222050_andrew_normal_5,andrew_normal_5,2513511353835197,2026-09-19T22:21:14.478074Z,3.9350202,-13.6365499,-0.9958383,-0.0473970,2.2934592,-0.3899512,0.7150475,-9.6582336,-1.5631167,-0.3147352,-0.6932510,0.5658088,0.3165521
gait_20260919_222050_andrew_normal_5,andrew_normal_5,2513511374003532,2026-09-19T22:21:14.498579Z,2.8229883,-11.1257801,-0.6991817,1.0023985,1.9955375,-1.0039973,0.8566399,-9.6470470,-1.5610245,-0.3261613,-0.6876985,0.5558509,0.3342444
gait_20260919_222050_andrew_normal_5,andrew_normal_5,2513511394170687,2026-09-19T22:21:14.519221Z,1.9714755,-10.7138281,-1.7193362,1.1336813,2.1244555,-1.4531531,1.1141019,-9.6554623,-1.3292611,-0.3270141,-0.6785029,0.5524210,0.3571085
gait_20260919_222050_andrew_normal_5,andrew_normal_5,2513511414339510,2026-09-19T22:21:14.539378Z,0.3277812,-14.4316492,-2.0009542,1.1368788,2.0706966,-1.2841326,1.4449981,-9.6469212,-1.0416353,-0.3240355,-0.6689234,0.5484977,0.3830050
gait_20260919_222050_andrew_normal_5,andrew_normal_5,2513511434505974,2026-09-19T22:21:14.559454Z,0.4088848,-15.1478901,-3.5458126,1.0123076,0.8320457,-0.9003434,1.7433307,-9.6241188,-0.7571376,-0.3216805,-0.6590031,0.5440891,0.4076810
gait_20260919_222050_andrew_normal_5,andrew_normal_5,2513511454674878,2026-09-19T22:21:14.578832Z,0.6900538,-15.0996313,-4.5532479,0.2055425,-0.6165442,-0.6104156,1.9334956,-9.6037073,-0.5162662,-0.3165174,-0.6520970,0.5441121,0.4225259
gait_20260919_222050_andrew_normal_5,andrew_normal_5,2513511474845410,2026-09-19T22:21:14.598925Z,-0.7862708,-16.7025490,-4.0340800,-1.1971660,-0.4724213,-0.6598777,2.0441513,-9.5824738,-0.4834905,-0.3075430,-0.6551490,0.5456502,0.4224488
gait_20260919_222050_andrew_normal_5,andrew_normal_5,2513511495014803,2026-09-19T22:21:14.619696Z,-3.1662569,-14.8783178,-2.0304327,-2.2423484,0.8588585,-0.3825069,2.1601717,-9.5418034,-0.7236971,-0.3036798,-0.6662275,0.5380118,0.4176877
gait_20260919_222050_andrew_normal_5,andrew_normal_5,2513511515181551,2026-09-19T22:21:14.639767Z,-2.4569747,-9.6212492,2.4008605,-2.1991980,1.5881330,0.2161677,2.2564683,-9.4810200,-1.1201576,-0.3132098,-0.6768110,0.5192781,0.4173450
gait_20260919_222050_andrew_normal_5,andrew_normal_5,2513511535352083,2026-09-19T22:21:14.660079Z,-1.0699089,-5.9679217,4.5259390,-0.8990777,1.0276792,0.6712856,2.1456158,-9.4717102,-1.3853291,-0.3332366,-0.6774032,0.5045261,0.4189650
gait_20260919_222050_andrew_normal_5,andrew_normal_5,2513511555518547,2026-09-19T22:21:14.679560Z,-1.4524574,-8.3792572,2.5213189,0.3416382,0.4294709,1.0567569,2.0475791,-9.4713488,-1.5287496,-0.3461174,-0.6762202,0.4977537,0.4185334
gait_20260919_222050_andrew_normal_5,andrew_normal_5,2513511575688183,2026-09-19T22:21:14.700384Z,-3.5236664,-13.3465519,1.7670705,1.0459318,-0.0132232,1.5347406,1.8626165,-9.5224695,-1.4454627,-0.3532013,-0.6693500,0.5032793,0.4170485
gait_20260919_222050_andrew_normal_5,andrew_normal_5,2513511595858716,2026-09-19T22:21:14.719890Z,-4.5748706,-13.6667767,3.2258875,1.2571200,-0.2087400,1.9716724,1.5693576,-9.6036015,-1.2426150,-0.3578928,-0.6590782,0.5173171,0.4122036
gait_20260919_222050_andrew_normal_5,andrew_normal_5,2513511616028068,2026-09-19T22:21:14.740599Z,-4.0309377,-9.4781952,4.4786534,1.4101861,0.2393000,1.8963635,1.1772439,-9.6877575,-0.9987851,-0.3632822,-0.6466251,0.5354967,0.4039127
gait_20260919_222050_andrew_normal_5,andrew_normal_5,2513511636195427,2026-09-19T22:21:14.760359Z,-3.1628902,-6.7785087,4.2247186,2.0991082,1.9919403,1.5392371,0.7957160,-9.7511063,-0.7203317,-0.3700069,-0.6316746,0.5525250,0.3984950
gait_20260919_222050_andrew_normal_5,andrew_normal_5,2513511656363273,2026-09-19T22:21:14.780379Z,-2.3157916,-8.5769281,1.3082815,2.7812688,3.1420588,1.3835731,0.5018086,-9.7925158,-0.3015935,-0.3812194,-0.6074759,0.5650712,0.4078471
gait_20260919_222050_andrew_normal_5,andrew_normal_5,2513511676532300,2026-09-19T22:21:14.800614Z,-1.6293291,-10.2147865,-0.1274912,2.8170745,1.7774214,1.4019257,0.2257578,-9.8034811,0.2773614,-0.3951002,-0.5730041,0.5758110,0.4289568
gait_20260919_222050_andrew_normal_5,andrew_normal_5,2513511696699943,2026-09-19T22:21:14.821323Z,-0.5051765,-10.4440317,-1.0070611,2.7083912,-0.1253539,1.2765551,-0.0942475,-9.7744865,0.8286477,-0.4023170,-0.5424313,0.5904825,0.4418594
gait_20260919_222050_andrew_normal_5,andrew_normal_5,2513511716870679,2026-09-19T22:21:14.841Z,1.2387749,-10.9213753,-1.3027450,2.1975327,-0.8598577,0.8956470,-0.3476851,-9.7098455,1.3542945,-0.3959798,-0.5220044,0.6117104,0.4433077
gait_20260919_222050_andrew_normal_5,andrew_normal_5,2513511737038485,2026-09-19T22:21:14.861125Z,2.9215994,-11.6739779,-1.2687773,1.5725616,-0.7026616,0.2665957,-0.4991675,-9.6305380,1.7999153,-0.3841787,-0.5090160,0.6318685,0.4405128
gait_20260919_222050_andrew_normal_5,andrew_normal_5,2513511757207024,2026-09-19T22:21:14.881229Z,4.1271548,-12.1256590,-1.1022305,1.0943780,-0.1999468,-0.7084072,-0.5305769,-9.5645561,2.1151490,-0.3732251,-0.5014126,0.6448491,0.4398388
gait_20260919_222050_andrew_normal_5,andrew_normal_5,2513511777350090,2026-09-19T22:21:14.901483Z,4.2632504,-11.8714247,-1.2483517,0.6667557,0.2415316,-1.8140599,-0.3956600,-9.5214500,2.3284247,-0.3628169,-0.4982189,0.6490393,0.4459708
gait_20260919_222050_andrew_normal_5,andrew_normal_5,2513511797518466,2026-09-19T22:21:14.922394Z,4.1718965,-12.1239386,-0.8689456,0.0683310,0.4696901,-2.9641953,-0.0686662,-9.4965582,2.4590228,-0.3516875,-0.4994721,0.6442173,0.4602473
gait_20260919_222050_andrew_normal_5,andrew_normal_5,2513511817714795,2026-09-19T22:21:14.941848Z,3.9636009,-13.2712097,0.7178116,-0.3588417,0.4891252,-3.9764862,0.4658755,-9.4799690,2.4797683,-0.3387826,-0.5071918,0.6299012,0.4808403
gait_20260919_222050_andrew_normal_5,andrew_normal_5,2513511837881015,2026-09-19T22:21:14.962776Z,3.6337249,-14.2979479,1.6668133,-0.3224529,0.3746129,-4.7377362,1.1929922,-9.4329376,2.4150720,-0.3226126,-0.5207211,0.6074082,0.5057924
gait_20260919_222050_andrew_normal_5,andrew_normal_5,2513511858049512,2026-09-19T22:21:14.982815Z,2.3579147,-14.8927574,2.0646248,-0.2490425,-0.1209074,-4.7974238,2.0692215,-9.2944908,2.3594258,-0.3008895,-0.5361503,0.5801218,0.5342913
gait_20260919_222050_andrew_normal_5,andrew_normal_5,2513511878220899,2026-09-19T22:21:15.003046Z,0.3826233,-16.8418617,2.8804491,-0.3848051,-0.1272525,-4.0627532,2.9698272,-9.0595827,2.3108888,-0.2744323,-0.5523984,0.5530411,0.5600790
gait_20260919_222050_andrew_normal_5,andrew_normal_5,2513511898386223,2026-09-19T22:21:15.023056Z,0.0483329,-14.9975042,4.1662850,-0.5241983,0.6755490,-2.7698774,3.7315230,-8.7934914,2.2330122,-0.2507843,-0.5670468,0.5285276,0.5798482
gait_20260919_222050_andrew_normal_5,andrew_normal_5,2513511918558342,2026-09-19T22:21:15.042722Z,0.0606780,-11.9794626,5.1187286,-0.0560404,0.7974223,-1.6076847,4.1965032,-8.5933599,2.1862409,-0.2404536,-0.5734845,0.5078011,0.5961843
gait_20260919_222050_andrew_normal_5,andrew_normal_5,2513511938723462,2026-09-19T22:21:15.063628Z,-0.4168904,-10.7803421,4.5480852,0.6062688,0.6306168,-0.3718650,4.4415369,-8.4549713,2.2410550,-0.2349248,-0.5732474,0.4960856,0.6083559
gait_20260919_222050_andrew_normal_5,andrew_normal_5,2513511958892042,2026-09-19T22:21:15.083546Z,-0.3034651,-9.3161383,3.1994765,1.0264968,0.6062188,0.6466378,4.4827762,-8.3898745,2.3980918,-0.2310808,-0.5677764,0.4963764,0.6146886
gait_20260919_222050_andrew_normal_5,andrew_normal_5,2513511979061638,2026-09-19T22:21:15.103593Z,0.8610896,-9.3109007,1.8874539,1.3208046,0.5249644,1.7182833,3.3388684,-8.7374496,2.9571984,-0.2581700,-0.5384320,0.5276363,0.6041847
gait_20260919_222050_andrew_normal_5,andrew_normal_5,2513511999229607,2026-09-19T22:21:15.123648Z,2.3379381,-9.8895493,0.0037409,1.2481602,0.6974655,2.6407099,2.8964324,-8.8329287,3.1346748,-0.2660550,-0.5246808,0.5462736,0.5962465
gait_20260919_222050_andrew_normal_5,andrew_normal_5,2513512019373080,2026-09-19T22:21:15.143443Z,3.1091702,-9.7848778,-0.4613327,0.8166742,0.2809014,3.0453830,2.3748360,-8.9385462,3.2708786,-0.2772802,-0.5104204,0.5669503,0.5840839
gait_20260919_222050_andrew_normal_5,andrew_normal_5,2513512039568800,2026-09-19T22:21:15.164291Z,5.1354132,-9.1855049,-0.0275333,0.4238752,-0.3959965,3.0655177,1.8191131,-9.0328407,3.3667076,-0.2888437,-0.4982171,0.5888664,0.5670850
gait_20260919_222050_andrew_normal_5,andrew_normal_5,2513512059737297,2026-09-19T22:21:15.185003Z,7.4079595,-8.8299656,1.4185646,0.3497320,-0.7698600,2.6925700,1.2901127,-9.1025057,3.4228814,-0.2976206,-0.4900776,0.6112953,0.5454941
gait_20260919_222050_andrew_normal_5,andrew_normal_5,2513512079904737,2026-09-19T22:21:15.204039Z,7.3443632,-9.4952545,2.0573676,0.5620693,-0.3451522,2.3015196,0.8480764,-9.1393976,3.4624119,-0.3025946,-0.4852143,0.6316865,0.5234269
gait_20260919_222050_andrew_normal_5,andrew_normal_5,2513512100074252,2026-09-19T22:21:15.224658Z,6.5619831,-10.6784391,3.1701474,0.7895450,0.7633983,2.2249618,0.4555414,-9.1314611,3.5559778,-0.3067474,-0.4777515,0.6491242,0.5062583
gait_20260919_222050_andrew_normal_5,andrew_normal_5,2513512120218051,2026-09-19T22:21:15.244417Z,7.8452754,-10.1176720,3.6500354,1.0016158,2.2256610,1.9958539,0.0066568,-9.0853176,3.7004137,-0.3159809,-0.4634825,0.6634756,0.4951164
gait_20260919_222050_andrew_normal_5,andrew_normal_5,2513512140410515,2026-09-19T22:21:15.264992Z,9.8662806,-9.8536367,2.4322097,1.0785402,3.4093375,1.2314563,-0.5247985,-8.9997778,3.8684268,-0.3333760,-0.4404879,0.6725128,0.4925011
gait_20260919_222050_andrew_normal_5,andrew_normal_5,2513512160596388,2026-09-19T22:21:15.284971Z,10.3949509,-8.9385281,2.3264158,0.7789864,4.1642756,-0.1650235,-1.0281701,-8.8915787,4.0148234,-0.3549546,-0.4126812,0.6737851,0.4997151
gait_20260919_222050_andrew_normal_5,andrew_normal_5,2513512180749382,2026-09-19T22:21:15.305174Z,11.0686941,-9.3873653,2.8731916,0.5892152,3.7125051,-1.6450560,-1.3525485,-8.8298979,4.0545807,-0.3775016,-0.3873431,0.6627163,0.5179430
gait_20260919_222050_andrew_normal_5,andrew_normal_5,2513512200917189,2026-09-19T22:21:15.325274Z,10.7042513,-9.7551003,3.6776435,0.7399663,2.4913909,-3.2637489,-1.3830062,-8.8275785,4.0493522,-0.3924245,-0.3704700,0.6433116,0.5430518
gait_20260919_222050_andrew_normal_5,andrew_normal_5,2513512221060703,2026-09-19T22:21:15.351708Z,9.8032837,-11.5739450,3.5824740,0.9009762,1.7076581,-4.9214287,-1.0255202,-8.8478642,4.1109252,-0.3917907,-0.3654700,0.6197522,0.5734448
gait_20260919_222050_andrew_normal_5,andrew_normal_5,2513512241229160,2026-09-19T22:21:15.365681Z,8.9115181,-13.0629139,3.5429697,0.7863308,1.3520306,-6.2067437,-0.2984328,-8.8374233,4.2481771,-0.3777234,-0.3697519,0.5890273,0.6112736
gait_20260919_222050_andrew_normal_5,andrew_normal_5,2513512261397902,2026-09-19T22:21:15.385522Z,7.6526918,-14.3686514,3.2683098,0.6423911,1.2651639,-7.3472700,0.6919574,-8.7446508,4.3918533,-0.3547837,-0.3816635,0.5508064,0.6519769
gait_20260919_222050_andrew_normal_5,andrew_normal_5,2513512281588494,2026-09-19T22:21:15.405723Z,6.3055792,-15.4973679,3.1570542,0.4603972,0.9852117,-8.1967192,1.8521364,-8.4991636,4.5354090,-0.3274201,-0.3957095,0.5010812,0.6965111
gait_20260919_222050_andrew_normal_5,andrew_normal_5,2513512301760939,2026-09-19T22:21:15.425899Z,5.3479733,-15.7804079,4.0898952,0.2176166,1.7800027,-8.7569227,3.1233027,-8.0462313,4.6625347,-0.2945211,-0.4126120,0.4426252,0.7396564
gait_20260919_222050_andrew_normal_5,andrew_normal_5,2513512321930820,2026-09-19T22:21:15.446039Z,3.6391866,-15.4461927,4.4760351,0.3963463,2.9461756,-8.9485598,4.3267393,-7.3678856,4.8197198,-0.2617547,-0.4242208,0.3737122,0.7822151
gait_20260919_222050_andrew_normal_5,andrew_normal_5,2513512342097284,2026-09-19T22:21:15.466643Z,2.5536406,-14.6081467,4.5400052,0.8796592,3.8197563,-9.0623055,5.2897835,-6.4594541,5.1507049,-0.2290467,-0.4224847,0.2977391,0.8248610
gait_20260919_222050_andrew_normal_5,andrew_normal_5,2513512362269117,2026-09-19T22:21:15.486421Z,1.6847697,-12.2819557,3.8105216,1.3234525,3.7323899,-9.2021818,5.9482336,-5.3437085,5.6832566,-0.1930680,-0.4075062,0.2183305,0.8654452
gait_20260919_222050_andrew_normal_5,andrew_normal_5,2513512382434971,2026-09-19T22:21:15.506577Z,1.9984851,-9.6733980,2.9910314,1.4990846,2.4461756,-9.0800591,6.3576136,-4.0419922,6.2832441,-0.1504189,-0.3874330,0.1373640,0.8991112
gait_20260919_222050_andrew_normal_5,andrew_normal_5,2513512402603753,2026-09-19T22:21:15.526760Z,2.5363574,-9.4389162,2.4521863,1.5241154,0.6328151,-9.0648365,6.5983596,-2.7676148,6.7110405,-0.1077007,-0.3733159,0.0607563,0.9194262
gait_20260919_222050_andrew_normal_5,andrew_normal_5,2513512422773716,2026-09-19T22:21:15.546965Z,2.5506477,-7.7396312,2.1885247,1.5530100,-0.8316294,-8.8447227,6.7910628,-1.8767473,6.8260818,-0.0783485,-0.3715494,-0.0075621,0.9250705
gait_20260919_222050_andrew_normal_5,andrew_normal_5,2513512442941440,2026-09-19T22:21:15.567858Z,2.1095910,-4.8016462,2.0301335,1.6095499,-0.8619395,-8.3937683,7.1082640,-0.4238708,6.7475204,-0.0294637,-0.3847077,-0.0806061,0.9190400
gait_20260919_222050_andrew_normal_5,andrew_normal_5,2513512463109653,2026-09-19T22:21:15.587943Z,0.5174468,-2.5075521,2.2054338,1.7971562,0.9739703,-7.9985042,7.1964831,1.0037998,6.5908360,0.0183359,-0.3963780,-0.1486766,0.9057834
gait_20260919_222050_andrew_normal_5,andrew_normal_5,2513512483277947,2026-09-19T22:21:15.608273Z,-0.5072715,-3.6834793,1.6100259,1.9494728,3.3786111,-7.2779398,6.8183074,2.3745632,6.6414046,0.0687212,-0.3888730,-0.2114599,0.8940582
gait_20260919_222050_andrew_normal_5,andrew_normal_5,2513512503446649,2026-09-19T22:21:15.627602Z,-2.6924295,-1.7290626,2.3413048,1.8235859,5.6850934,-5.9612317,5.9236193,3.5871758,6.9483099,0.1224102,-0.3567649,-0.2655129,0.8872640
gait_20260919_222050_andrew_normal_5,andrew_normal_5,2513512523617140,2026-09-19T22:21:15.647758Z,-5.5212536,2.6102784,-0.5289689,1.0543255,5.6648259,-3.8982294,4.6155996,4.5030518,7.3928933,0.1754407,-0.3030010,-0.3050010,0.8856553
gait_20260919_222050_andrew_normal_5,andrew_normal_5,2513512543759881,2026-09-19T22:21:15.668413Z,-5.5317283,4.4401965,1.1793687,-0.2351864,2.7339382,-1.4399799,3.2690086,5.0261288,7.7645173,0.2187190,-0.2426082,-0.3227231,0.8883429
gait_20260919_222050_andrew_normal_5,andrew_normal_5,2513512563954868,2026-09-19T22:21:15.688021Z,-3.2051628,4.5573630,2.2791305,-0.8183396,2.1782641,0.0704127,2.6876800,5.0749798,7.9534311,0.2292493,-0.2134852,-0.3281028,0.8911887
gait_20260919_222050_andrew_normal_5,andrew_normal_5,2513512584121739,2026-09-19T22:21:15.708249Z,-1.0666169,3.3181391,4.3490672,-1.5947113,1.9951711,0.8664027,2.3375823,4.9512138,8.1398582,0.2300508,-0.1907353,-0.3214962,0.8985193
gait_20260919_222050_andrew_normal_5,andrew_normal_5,2513512604291090,2026-09-19T22:21:15.728443Z,-0.0427964,4.6181159,8.9115925,-1.9537861,1.6367124,0.8401229,2.0854001,4.6574612,8.3782625,0.2214584,-0.1687182,-0.3088267,0.9094595
gait_20260919_222050_andrew_normal_5,andrew_normal_5,2513512624458368,2026-09-19T22:21:15.748889Z,-0.4396353,6.4782610,11.4874544,-1.2469279,1.6753662,0.2659795,1.7226579,4.2746634,8.6600122,0.2073525,-0.1437275,-0.2985643,0.9204383
gait_20260919_222050_andrew_normal_5,andrew_normal_5,2513512644602451,2026-09-19T22:21:15.783130Z,0.3605518,5.9397149,11.4404688,-0.4322854,0.9865773,-0.2172668,1.4464353,4.0290799,8.8266897,0.1999158,-0.1238340,-0.2913775,0.9272529
gait_20260919_222050_andrew_normal_5,andrew_normal_5,2513512664778151,2026-09-19T22:21:15.795246Z,1.8700960,5.0355301,10.4090910,0.0787896,0.5887655,-0.6923528,1.2399299,3.9519572,8.8927345,0.1992096,-0.1115714,-0.2893167,0.9296039
gait_20260919_222050_andrew_normal_5,andrew_normal_5,2513512684966546,2026-09-19T22:21:15.820303Z,1.9353380,4.6419082,8.9087496,0.1989642,0.5935951,-1.1275859,1.0876061,3.9826517,8.8989716,0.2025900,-0.1047595,-0.2920133,0.9288223
gait_20260919_222050_andrew_normal_5,andrew_normal_5,2513512705113804,2026-09-19T22:21:15.833397Z,0.2751087,5.7179523,8.1277914,0.1566466,0.5440831,-1.2534062,0.8953035,4.0452714,8.8921499,0.2077041,-0.0979982,-0.2983235,0.9264224
gait_20260919_222050_andrew_normal_5,andrew_normal_5,2513512725301711,2026-09-19T22:21:15.849323Z,-0.9651626,6.4099512,7.5195141,0.1178430,0.2566866,-1.0626024,0.6584168,4.3124080,8.7866802,0.2198709,-0.0932341,-0.3066058,0.9213887
gait_20260919_222050_andrew_normal_5,andrew_normal_5,2513512745474644,2026-09-19T22:21:15.869828Z,-0.9977087,6.5363202,7.4065380,0.0335576,-0.2078907,-0.7807351,0.3443826,4.6154780,8.6495590,0.2352659,-0.0869561,-0.3143358,0.9155772
gait_20260919_222050_andrew_normal_5,andrew_normal_5,2513512765614373,2026-09-19T22:21:15.892079Z,-0.5328595,6.4932246,7.8151231,-0.0293608,-0.5427008,-0.5566734,0.1619829,4.8497834,8.5258121,0.2466198,-0.0857704,-0.3204620,0.9105636
gait_20260919_222050_andrew_normal_5,andrew_normal_5,2513512785782587,2026-09-19T22:21:15.914177Z,-0.1730559,6.4353147,8.5205145,0.0086434,-0.7235955,-0.4870768,0.1831566,4.8843541,8.5056248,0.2469943,-0.0889931,-0.3249448,0.9085621
gait_20260919_222050_andrew_normal_5,andrew_normal_5,2513512805951898,2026-09-19T22:21:15.930118Z,-0.2698714,6.2808890,8.9903774,0.1436399,-0.6455886,-0.5222831,0.2594131,4.8867550,8.5022612,0.2452019,-0.0939641,-0.3294274,0.9069313
gait_20260919_222050_andrew_normal_5,andrew_normal_5,2513512836229609,2026-09-19T22:21:15.964162Z,-1.0690111,6.5538278,8.2688246,0.2560704,-0.3323953,-0.5545750,0.3173565,4.9768448,8.4478645,0.2468251,-0.1011227,-0.3376304,0.9026945
gait_20260919_222050_andrew_normal_5,andrew_normal_5,2513512856397821,2026-09-19T22:21:15.983681Z,-1.7487398,6.2556000,7.4634748,0.1970657,-0.0059621,-0.5794560,-0.2241013,5.3141894,8.2428932,0.2564580,-0.0963006,-0.3424630,0.8987073
gait_20260919_222050_andrew_normal_5,andrew_normal_5,2513512876567703,2026-09-19T22:21:16.001044Z,-1.9762639,5.9972510,7.0828714,-0.0028978,0.1046032,-0.4593980,-0.5635582,5.4609056,8.1300077,0.2806726,-0.0796794,-0.3498622,0.8902082
gait_20260919_222050_andrew_normal_5,andrew_normal_5,2513512896716669,2026-09-19T22:21:16.025764Z,-1.4145991,5.7342629,7.6312933,-0.2796690,0.1746495,-0.2056924,-0.6677354,5.4308233,8.1422596,0.2822694,-0.0741955,-0.3513893,0.8895755
gait_20260919_222050_andrew_normal_5,andrew_normal_5,2513512916899286,2026-09-19T22:21:16.040948Z,-0.9151836,5.7462339,8.6835451,-0.5059290,0.3923327,0.0408187,-0.7331153,5.3441310,8.1938343,0.2791764,-0.0689129,-0.3493940,0.8917598
gait_20260919_222050_andrew_normal_5,andrew_normal_5,2513512937069655,2026-09-19T22:21:16.061210Z,-0.7982418,5.9515367,9.3709803,-0.4790829,0.6810448,0.1063518,-0.8408979,5.2703857,8.2311621,0.2769113,-0.0613656,-0.3467196,0.8940581
gait_20260919_222050_andrew_normal_5,andrew_normal_5,2513512957241287,2026-09-19T22:21:16.081364Z,-0.6049848,5.8488102,9.2936172,-0.1943511,0.6768147,0.0508444,-0.9458550,5.2487111,8.2336206,0.2773957,-0.0540750,-0.3431724,0.8957456
gait_20260919_222050_andrew_normal_5,andrew_normal_5,2513512977412063,2026-09-19T22:21:16.101654Z,-0.9614964,5.8030210,7.9899750,0.1622257,0.5657498,-0.1063518,-1.0515008,5.2832155,8.1986637,0.2806548,-0.0492622,-0.3421493,0.8953994
gait_20260919_222050_andrew_normal_5,andrew_normal_5,2513512997578119,2026-09-19T22:21:16.122149Z,-1.5729905,5.7558107,7.1503582,0.3207709,0.4175467,-0.2693602,-1.1459298,5.3341718,8.1528873,0.2855646,-0.0453991,-0.3422058,0.8940285
gait_20260919_222050_andrew_normal_5,andrew_normal_5,2513513017722162,2026-09-19T22:21:16.141575Z,-1.9054104,5.3741598,7.1953993,0.2158346,0.0960930,-0.3146422,-1.1891599,5.3602376,8.1295671,0.2885463,-0.0438874,-0.3437660,0.8925468
gait_20260919_222050_andrew_normal_5,andrew_normal_5,2513513037912592,2026-09-19T22:21:16.165267Z,-1.6505028,4.7508445,7.7322989,0.0263298,-0.2112881,-0.2529395,-1.1705147,5.3534141,8.1367674,0.2883448,-0.0449722,-0.3466636,0.8914366
gait_20260919_222050_andrew_normal_5,andrew_normal_5,2513513058064162,2026-09-19T22:21:16.182141Z,-1.0732009,4.4054809,8.1829329,-0.1144123,-0.4690739,-0.0910636,-1.0931094,5.3289175,8.1635695,0.2858306,-0.0481025,-0.3478636,0.8916154
gait_20260919_222050_andrew_normal_5,andrew_normal_5,2513513078253087,2026-09-19T22:21:16.202636Z,-0.9121161,4.1458597,9.4380178,-0.1882391,-0.6510511,0.0687640,-0.9288749,5.1825829,8.2773266,0.2757860,-0.0521853,-0.3491287,0.8940514
gait_20260919_222050_andrew_normal_5,andrew_normal_5,2513513098408970,2026-09-19T22:21:16.223199Z,-0.4251204,4.8674870,9.4107838,-0.2392000,-0.2934251,0.2612332,-0.8420808,5.0995851,8.3379402,0.2690272,-0.0558167,-0.3484217,0.8961647
gait_20260919_222050_andrew_normal_5,andrew_normal_5,2513513118591588,2026-09-19T22:21:16.242810Z,-0.4166659,6.2885952,7.9931173,-0.0099257,0.7990543,0.4764183,-0.9529105,5.1254830,8.3100834,0.2708364,-0.0505412,-0.3417136,0.8985127
gait_20260919_222050_andrew_normal_5,andrew_normal_5,2513513138759231,2026-09-19T22:21:16.263117Z,-0.5764789,6.6011882,6.1190557,0.1355295,1.2707262,0.3657531,-1.0673978,5.3340807,8.1636000,0.2853914,-0.0462237,-0.3302488,0.8985270
gait_20260919_222050_andrew_normal_5,andrew_normal_5,2513513158902338,2026-09-19T22:21:16.282991Z,-1.1552023,6.1309519,5.4723969,-0.0422176,0.5968260,0.0259301,-1.1489849,5.3233876,8.1595030,0.2875312,-0.0402586,-0.3270306,0.8993087
gait_20260919_222050_andrew_normal_5,andrew_normal_5,2513513179071853,2026-09-19T22:21:16.303100Z,-1.4813374,5.4096990,5.6479220,-0.2882125,0.1292676,-0.0855178,-1.1659449,5.2676301,8.1932144,0.2858109,-0.0376363,-0.3271389,0.8999310
gait_20260919_222050_andrew_normal_5,andrew_normal_5,2513513209349115,2026-09-19T22:21:16.333670Z,-0.8265981,4.9553242,7.6218662,-0.6756822,-0.7120710,0.2435467,-1.1558326,5.2455826,8.2087774,0.2832759,-0.0376367,-0.3276092,0.9005612
gait_20260919_222050_andrew_normal_5,andrew_normal_5,2513513229517044,2026-09-19T22:21:16.353485Z,-0.2342577,5.0895491,8.8277206,-0.4644274,-0.8375915,0.2602839,-0.9739352,5.0814238,8.3346682,0.2709642,-0.0427407,-0.3256762,0.9048131
gait_20260919_222050_andrew_normal_5,andrew_normal_5,2513513249686314,2026-09-19T22:21:16.373675Z,-0.0501286,5.1642933,9.1052990,-0.1345636,-0.7734573,0.1374780,-0.8020176,5.0031195,8.4000988,0.2636021,-0.0493062,-0.3243711,0.9071198
gait_20260919_222050_andrew_normal_5,andrew_normal_5,2513513269855300,2026-09-19T22:21:16.393874Z,-0.1784429,5.1547909,8.5631618,0.1387603,-0.6583288,0.0322087,-0.6536891,4.9789143,8.4272890,0.2596121,-0.0560210,-0.3237702,0.9080947
gait_20260919_222050_andrew_normal_5,andrew_normal_5,2513513290029010,2026-09-19T22:21:16.421257Z,-0.3886837,5.5142207,7.9724674,0.2117378,-0.5735272,-0.0139227,-0.5374694,5.0022717,8.4216700,0.2587280,-0.0623606,-0.3240681,0.9078277
gait_20260919_222050_andrew_normal_5,andrew_normal_5,2513513310189285,2026-09-19T22:21:16.433967Z,-0.4683657,5.8446951,7.7833252,0.0899477,-0.4347835,-0.0424175,-0.4404759,5.0406966,8.4043722,0.2589956,-0.0680985,-0.3244840,0.9071902
gait_20260919_222050_andrew_normal_5,andrew_normal_5,2513513330372594,2026-09-19T22:21:16.454178Z,-0.4634277,5.8333230,8.0711536,-0.1264364,-0.2101556,-0.0798888,-0.3691939,5.0645595,8.3934526,0.2589361,-0.0722268,-0.3247164,0.9068046
gait_20260919_222050_andrew_normal_5,andrew_normal_5,2513513350523880,2026-09-19T22:21:16.474792Z,-0.4162170,5.4819736,8.5942860,-0.2759885,0.0603038,-0.0912467,-0.3382857,5.0458674,8.4060040,0.2573287,-0.0735419,-0.3252090,0.9069800
gait_20260919_222050_andrew_normal_5,andrew_normal_5,2513513370699173,2026-09-19T22:21:16.494845Z,-0.4794389,5.2950015,8.8986492,-0.2978884,0.2931087,-0.0594045,-0.3558072,4.9981127,8.4337645,0.2551182,-0.0716254,-0.3248403,0.9078894
gait_20260919_222050_andrew_normal_5,andrew_normal_5,2513513390866979,2026-09-19T22:21:16.514815Z,-0.5116110,5.3403416,8.8898201,-0.2313394,0.3900844,0.0015988,-0.4105240,4.9455652,8.4622078,0.2533842,-0.0675578,-0.3236947,0.9090952
gait_20260919_222050_andrew_normal_5,andrew_normal_5,2513513411036209,2026-09-19T22:21:16.535279Z,-0.6167314,5.5048680,8.7485628,-0.0975586,0.2426307,0.0231156,-0.4793833,4.9044366,8.4825001,0.2525676,-0.0627958,-0.3217009,0.9103708
gait_20260919_222050_andrew_normal_5,andrew_normal_5,2513513431203079,2026-09-19T22:21:16.555730Z,-0.5858312,5.5416789,8.6129913,0.0457982,-0.0201179,-0.0030643,-0.5228047,4.8859630,8.4905910,0.2524926,-0.0597505,-0.3196883,0.9113050
gait_20260919_222050_andrew_normal_5,andrew_normal_5,2513513451375280,2026-09-19T22:21:16.575620Z,-0.4991162,5.5296330,8.5088434,0.1322487,-0.1971323,-0.0471805,-0.5217441,4.8928642,8.4866819,0.2529115,-0.0596737,-0.3186308,0.9115642
gait_20260919_222050_andrew_normal_5,andrew_normal_5,2513513471543086,2026-09-19T22:21:16.595862Z,-0.4159926,5.4004211,8.4109802,0.1193918,-0.1882391,-0.0910302,-0.4920511,4.9153485,8.4754562,0.2536113,-0.0615186,-0.3182565,0.9113778
gait_20260919_222050_andrew_normal_5,andrew_normal_5,2513513491709712,2026-09-19T22:21:16.616075Z,-0.5359271,5.1881604,8.6276550,0.0902142,-0.1204244,-0.1299005,-0.4664701,4.9361243,8.4648218,0.2542742,-0.0632148,-0.3181900,0.9111003
gait_20260919_222050_andrew_normal_5,andrew_normal_5,2513513511878860,2026-09-19T22:21:16.636041Z,-0.7299322,4.9289880,8.7060652,0.1076175,0.0752590,-0.1105819,-0.4573777,4.9500637,8.4571733,0.2548207,-0.0641263,-0.3187625,0.9106837
gait_20260919_222050_andrew_normal_5,andrew_normal_5,2513513532038041,2026-09-19T22:21:16.656120Z,-1.1072434,5.1975126,8.1031761,0.2489259,0.0824535,-0.0618693,-0.4790969,4.9666567,8.4462357,0.2561053,-0.0633744,-0.3186597,0.9104118
gait_20260919_222050_andrew_normal_5,andrew_normal_5,2513513552213984,2026-09-19T22:21:16.678102Z,-0.9936685,5.6328831,7.7867670,0.2671953,-0.1881059,-0.0490791,-0.5070896,5.0048556,8.4220181,0.2587252,-0.0624793,-0.3176069,0.9101008
gait_20260919_222050_andrew_normal_5,andrew_normal_5,2513513572385819,2026-09-19T22:21:16.696527Z,-0.7430255,5.3914428,7.6312184,0.1404091,-0.2393499,-0.0733605,-0.4806417,5.0549774,8.3935862,0.2609454,-0.0647694,-0.3174047,0.9093770
gait_20260919_222050_andrew_normal_5,andrew_normal_5,2513513592553828,2026-09-19T22:21:16.716928Z,-0.8047510,5.1781344,7.8879967,-0.0116577,-0.1981648,-0.0745262,-0.4487281,5.0811405,8.3795443,0.2617719,-0.0669709,-0.3176306,0.9089011
gait_20260919_222050_andrew_normal_5,andrew_normal_5,2513513612704382,2026-09-19T22:21:16.736854Z,-0.8802432,5.2596869,8.0840216,-0.0745429,-0.0952104,-0.0467309,-0.4205549,5.0790935,8.3822460,0.2611411,-0.0684330,-0.3178978,0.9088803
gait_20260919_222050_andrew_normal_5,andrew_normal_5,2513513632891312,2026-09-19T22:21:16.760826Z,-0.7124994,5.2528038,8.1538277,-0.0459315,-0.0559072,-0.0171868,-0.4092582,5.0656157,8.3909569,0.2602283,-0.0686904,-0.3176939,0.9091938
gait_20260919_222050_andrew_normal_5,andrew_normal_5,2513513653033809,2026-09-19T22:21:16.777379Z,-0.5804443,5.2813845,8.0620251,0.0176864,-0.0774240,-0.0090098,-0.4026237,5.0566096,8.3967075,0.2596929,-0.0686128,-0.3167933,0.9096670
gait_20260919_222050_andrew_normal_5,andrew_normal_5,2513513673228714,2026-09-19T22:21:16.797163Z,-0.4721815,5.3027077,7.9556332,0.0502115,-0.1332312,-0.0112081,-0.3913042,5.0591912,8.3956881,0.2596982,-0.0690039,-0.3159120,0.9099423
gait_20260919_222050_andrew_normal_5,andrew_normal_5,2513513693370438,2026-09-19T22:21:16.817279Z,-0.4370914,5.3229089,7.8986211,0.0247810,-0.1363622,-0.0435000,-0.3702765,5.0680261,8.3913116,0.2597721,-0.0703416,-0.3163099,0.9096805
gait_20260919_222050_andrew_normal_5,andrew_normal_5,2513513713544632,2026-09-19T22:21:16.837830Z,-0.7511808,5.3179708,7.9168019,-0.0282617,-0.0961097,-0.1048030,-0.3501137,5.0731406,8.3890867,0.2597353,-0.0713217,-0.3157637,0.9098045
gait_20260919_222050_andrew_normal_5,andrew_normal_5,2513513733733882,2026-09-19T22:21:16.857571Z,-0.8504654,5.2902131,7.7869167,-0.1146122,-0.0653499,-0.1173601,-0.3441341,5.0681896,8.3923264,0.2593431,-0.0716180,-0.3160260,0.9098019
gait_20260919_222050_andrew_normal_5,andrew_normal_5,2513513753880692,2026-09-19T22:21:16.877812Z,-0.7568670,5.1336174,7.7141929,-0.2745563,-0.0359391,-0.0763748,-0.3455501,5.0501227,8.4031525,0.2582886,-0.0715743,-0.3173912,0.9096302
gait_20260919_222050_andrew_normal_5,andrew_normal_5,2513513774071081,2026-09-19T22:21:16.897958Z,-0.7527520,5.1743937,7.8024788,-0.4141160,-0.0375046,-0.0365720,-0.3473313,5.0051126,8.4299650,0.2559139,-0.0705724,-0.3172562,0.9104264
gait_20260919_222050_andrew_normal_5,andrew_normal_5,2513513794240596,2026-09-19T22:21:16.918102Z,-0.6983587,5.2839284,8.1800890,-0.4487228,-0.1399927,-0.0182360,-0.3462819,4.9346514,8.4714470,0.2521474,-0.0691459,-0.3168964,0.9117112
gait_20260919_222050_andrew_normal_5,andrew_normal_5,2513513814407100,2026-09-19T22:21:16.938395Z,-0.5387702,5.3444567,8.5457287,-0.3820905,-0.2621491,-0.0388203,-0.3260950,4.8572569,8.5168552,0.2476874,-0.0685307,-0.3164598,0.9131307
gait_20260919_222050_andrew_normal_5,andrew_normal_5,2513513834577062,2026-09-19T22:21:16.959181Z,-0.3648913,5.3184199,8.5930147,-0.2855312,-0.3228193,-0.1026047,-0.2853912,4.7896929,8.5564890,0.2433618,-0.0693194,-0.3167300,0.9141400
gait_20260919_222050_andrew_normal_5,andrew_normal_5,2513513854720251,2026-09-19T22:21:16.979097Z,-0.1776198,5.1868134,8.4604359,-0.2502749,-0.3305467,-0.1639077,-0.2384996,4.7393498,8.5859060,0.2398097,-0.0709155,-0.3176123,0.9146501
gait_20260919_222050_andrew_normal_5,andrew_normal_5,2513513874914465,2026-09-19T22:21:16.999203Z,-0.1508347,4.9633298,8.3872623,-0.2716585,-0.3122441,-0.1927689,-0.1959921,4.6962404,8.6106339,0.2366780,-0.0725794,-0.3190677,0.9148287
gait_20260919_222050_andrew_normal_5,andrew_normal_5,2513513895064612,2026-09-19T22:21:17.019629Z,-0.2715174,4.8775873,8.5534353,-0.2848151,-0.3351765,-0.1908038,-0.1597991,4.6491051,8.6369209,0.2334239,-0.0739198,-0.3208303,0.9149411
gait_20260919_222050_andrew_normal_5,andrew_normal_5,2513513915251948,2026-09-19T22:21:17.039518Z,-0.3948936,4.8142905,8.6001968,-0.2586685,-0.3725479,-0.1958166,-0.1203098,4.5988135,8.6644421,0.2299177,-0.0754417,-0.3229838,0.9149469
gait_20260919_222050_andrew_normal_5,andrew_normal_5,2513513935415075,2026-09-19T22:21:17.059167Z,-0.5839608,4.9812117,8.5045786,-0.1977152,-0.3896681,-0.2040270,-0.0735568,4.5525293,8.6893721,0.2265308,-0.0772971,-0.3247271,0.9150199
gait_20260919_222050_andrew_normal_5,andrew_normal_5,2513513955589188,2026-09-19T22:21:17.079718Z,-0.5927894,5.0679264,8.2630634,-0.1160278,-0.4044901,-0.2042934,-0.0242348,4.5172443,8.7080441,0.2236472,-0.0795372,-0.3266695,0.9148457
gait_20260919_222050_andrew_normal_5,andrew_normal_5,2513513975758134,2026-09-19T22:21:17.099692Z,-0.2792986,4.9114804,8.1628809,-0.1418246,-0.6068183,-0.2237785,0.0220772,4.5008464,8.7165356,0.2217801,-0.0819807,-0.3285111,0.9144251
gait_20260919_222050_andrew_normal_5,andrew_normal_5,2513513995925248,2026-09-19T22:21:17.120130Z,-0.0107739,4.8133931,8.6411228,-0.2324885,-0.8286150,-0.2333878,0.1045282,4.4788027,8.7272854,0.2189426,-0.0862344,-0.3310248,0.9138109
gait_20260919_222050_andrew_normal_5,andrew_normal_5,2513514016070308,2026-09-19T22:21:17.140341Z,0.1750012,4.5290813,9.1525097,-0.2427140,-0.8813746,-0.2089899,0.2279919,4.4395847,8.7449541,0.2143690,-0.0923821,-0.3345556,0.9130082
gait_20260919_222050_andrew_normal_5,andrew_normal_5,2513514036262487,2026-09-19T22:21:17.160248Z,0.2053028,4.0860791,9.2375784,-0.1548147,-0.6883559,-0.1942012,0.3677108,4.3964238,8.7619839,0.2093341,-0.0991029,-0.3375274,0.9123778
gait_20260919_222050_andrew_normal_5,andrew_normal_5,2513514056433549,2026-09-19T22:21:17.180951Z,0.1971475,3.8694789,9.0434980,-0.0528595,-0.2727077,-0.2493922,0.4774752,4.3688278,8.7704878,0.2056935,-0.1044883,-0.3398039,0.9117597
gait_20260919_222050_andrew_normal_5,andrew_normal_5,2513514076579951,2026-09-19T22:21:17.205440Z,0.5834370,3.7993736,9.1121073,0.0684809,-0.0055291,-0.4386638,0.5117111,4.3598003,8.7730494,0.2044130,-0.1064069,-0.3415918,0.9111575
gait_20260919_222050_andrew_normal_5,andrew_normal_5,2513514096750566,2026-09-19T22:21:17.220766Z,0.8399907,4.1788545,9.4456491,0.2238285,-0.1450222,-0.7495922,0.4712796,4.3735662,8.7684622,0.2055564,-0.1053281,-0.3443101,0.9100017
gait_20260919_222050_andrew_normal_5,andrew_normal_5,2513514116938757,2026-09-19T22:21:17.241117Z,0.8804677,4.3470473,9.3106766,0.4352165,-0.3469009,-1.1036210,0.4289219,4.4172349,8.7487240,0.2079275,-0.1054925,-0.3500503,0.9072499
gait_20260919_222050_andrew_normal_5,andrew_normal_5,2513514137080562,2026-09-19T22:21:17.261045Z,0.8451532,4.5842977,9.0959463,0.6652402,-0.5553244,-1.4005101,0.3904015,4.5001917,8.7081556,0.2117552,-0.1077132,-0.3599815,0.9022034
gait_20260919_222050_andrew_normal_5,andrew_normal_5,2513514157282019,2026-09-19T22:21:17.282054Z,0.5669020,4.6116815,9.1085911,0.8878530,-0.6536824,-1.5621363,0.3575067,4.6247082,8.6440945,0.2172249,-0.1119825,-0.3727902,0.8951540
gait_20260919_222050_andrew_normal_5,andrew_normal_5,2513514177434566,2026-09-19T22:21:17.301679Z,0.2966565,4.4431896,9.1659021,1.0647008,-0.4008262,-1.5983086,0.3251263,4.7875743,8.5562572,0.2243699,-0.1178364,-0.3871630,0.8864974
gait_20260919_222050_andrew_normal_5,andrew_normal_5,2513514197609370,2026-09-19T22:21:17.321451Z,-0.1409586,4.7936406,8.9478798,1.2092067,0.2233455,-1.5140897,0.2433639,4.9783397,8.4494400,0.2339636,-0.1222841,-0.4011538,0.8771451
gait_20260919_222050_andrew_normal_5,andrew_normal_5,2513514217778072,2026-09-19T22:21:17.343020Z,-0.8985738,5.6194158,8.7680902,1.3636717,1.0878330,-1.3507483,0.0593320,5.1861653,8.3268404,0.2470872,-0.1220607,-0.4126586,0.8681947
gait_20260919_222050_andrew_normal_5,andrew_normal_5,2513514237926428,2026-09-19T22:21:17.362837Z,-1.6995839,6.3765821,8.3134909,1.4837797,1.6475874,-1.0588219,-0.2578092,5.4089251,8.1800470,0.2648939,-0.1151569,-0.4199224,0.8603693
gait_20260919_222050_andrew_normal_5,andrew_normal_5,2513514258115190,2026-09-19T22:21:17.382303Z,-2.3786395,6.4419737,7.2147770,1.4280391,1.3459352,-0.6332647,-0.6530333,5.6418033,7.9987321,0.2861859,-0.1037179,-0.4222706,0.8538312
gait_20260919_222050_andrew_normal_5,andrew_normal_5,2513514278292110,2026-09-19T22:21:17.402483Z,-2.6871173,6.3632646,6.1944733,1.1681216,0.8126439,-0.2243281,-1.1186109,5.9285645,7.7354336,0.3113239,-0.0911345,-0.4230478,0.8460512
gait_20260919_222050_andrew_normal_5,andrew_normal_5,2513514298452836,2026-09-19T22:21:17.422621Z,-2.6354175,6.3718686,5.6839094,0.7718086,0.3981449,0.1292843,-1.2961813,6.1159554,7.5598354,0.3260968,-0.0878174,-0.4214435,0.8416260
gait_20260919_222050_andrew_normal_5,andrew_normal_5,2513514318620845,2026-09-19T22:21:17.443242Z,-2.3443723,6.6177979,5.5690627,0.2989043,0.1110149,0.4107686,-1.3465896,6.2417197,7.4473977,0.3347607,-0.0876803,-0.4174210,0.8402422
gait_20260919_222050_andrew_normal_5,andrew_normal_5,2513514338789181,2026-09-19T22:21:17.463216Z,-1.7841291,6.8525047,5.6817398,-0.1859242,-0.0567898,0.5736771,-1.3152945,6.3038988,7.4004707,0.3378372,-0.0893849,-0.4132613,0.8408872
gait_20260919_222050_andrew_normal_5,andrew_normal_5,2513514358962113,2026-09-19T22:21:17.483136Z,-1.1635820,6.7547164,6.1697083,-0.6238886,-0.1713687,0.5889987,-1.2362053,6.2991800,7.4181023,0.3360172,-0.0911030,-0.4085029,0.8437524
gait_20260919_222050_andrew_normal_5,andrew_normal_5,2513514379126949,2026-09-19T22:21:17.504126Z,-0.7318775,6.4159369,6.8378401,-0.9615465,-0.2442129,0.4931221,-1.1362880,6.2287712,7.4931550,0.3301227,-0.0918695,-0.4035427,0.8483703
gait_20260919_222050_andrew_normal_5,andrew_normal_5,2513514399306963,2026-09-19T22:21:17.524123Z,-0.5429600,5.9572973,7.4083333,-1.1555312,-0.1141459,0.3728310,-1.0350869,6.0950961,7.6167259,0.3204852,-0.0918244,-0.4008825,0.8533175
gait_20260919_222050_andrew_normal_5,andrew_normal_5,2513514419464718,2026-09-19T22:21:17.543531Z,-0.5822399,5.5846252,7.9952869,-1.1966664,0.0780235,0.2903275,-0.9682358,5.9233222,7.7596965,0.3096179,-0.0894943,-0.3990104,0.8584395
gait_20260919_222050_andrew_normal_5,andrew_normal_5,2513514439610226,2026-09-19T22:21:17.564343Z,-0.7478139,5.5530515,8.4103069,-1.0748097,0.2085402,0.2587184,-0.9445601,5.7381854,7.9004531,0.2991508,-0.0849473,-0.3973238,0.8633809
gait_20260919_222050_andrew_normal_5,andrew_normal_5,2513514459801713,2026-09-19T22:21:17.584226Z,-0.8669255,5.5460935,8.5333090,-0.8202215,0.2549380,0.2670620,-0.9485645,5.5673800,8.0212603,0.2902374,-0.0794535,-0.3951400,0.8679366
gait_20260919_222050_andrew_normal_5,andrew_normal_5,2513514479976396,2026-09-19T22:21:17.604492Z,-0.9098715,5.4994812,8.5247049,-0.4945877,0.2192986,0.2807016,-0.9614030,5.4354668,8.1097174,0.2836749,-0.0745996,-0.3927263,0.8716248
gait_20260919_222050_andrew_normal_5,andrew_normal_5,2513514500116980,2026-09-19T22:21:17.624497Z,-0.7936779,5.4755392,8.4686651,-0.1875063,0.0565733,0.2531727,-0.9683010,5.3563766,8.1613560,0.2799181,-0.0710552,-0.3889910,0.8748047
gait_20260919_222050_andrew_normal_5,andrew_normal_5,2513514520293779,2026-09-19T22:21:17.644384Z,-0.5962310,5.4397011,8.4099331,0.0443827,-0.1811612,0.1639244,-0.9533279,5.3282771,8.1814880,0.2783522,-0.0700015,-0.3856088,0.8768842
gait_20260919_222050_andrew_normal_5,andrew_normal_5,2513514540476030,2026-09-19T22:21:17.664422Z,-0.6034136,5.3966804,8.4135990,0.2075077,-0.2861640,0.0487959,-0.9062011,5.3377194,8.1806879,0.2779648,-0.0719035,-0.3836748,0.8777011
gait_20260919_222050_andrew_normal_5,andrew_normal_5,2513514560644976,2026-09-19T22:21:17.684930Z,-0.6842928,5.4203978,8.3766384,0.3126438,-0.3005030,-0.0255804,-0.8521126,5.3721499,8.1639462,0.2787006,-0.0750614,-0.3826337,0.8776578
gait_20260919_222050_andrew_normal_5,andrew_normal_5,2513514580791460,2026-09-19T22:21:17.707307Z,-0.7838018,5.4978352,8.2739124,0.3597077,-0.2485762,-0.0271958,-0.7664604,5.4813566,8.0995913,0.2827063,-0.0818576,-0.3822507,0.8759344
gait_20260919_222050_andrew_normal_5,andrew_normal_5,2513514590898312,2026-09-19T22:21:17.722647Z,-0.8041525,5.5536499,8.1326542,0.3405224,-0.1349299,0.0050295,-0.7664604,5.4813566,8.0995913,0.2827063,-0.0818576,-0.3822507,0.8759344
gait_20260919_222050_andrew_normal_5,andrew_normal_5,2513514600985918,2026-09-19T22:21:17.742643Z,-0.8043770,5.5904608,8.0059109,0.2612665,-0.0515438,0.0335243,-0.7428391,5.5379386,8.0632210,0.2852163,-0.0844617,-0.3823355,0.8748357
gait_20260919_222050_andrew_normal_5,andrew_normal_5,2513514611056230,2026-09-19T22:21:17.742870Z,-0.7929296,5.6404400,7.9163532,0.2612665,-0.0515438,0.0335243,-0.7428391,5.5379386,8.0632210,0.2852163,-0.0844617,-0.3823355,0.8748357
gait_20260919_222050_andrew_normal_5,andrew_normal_5,2513514621150468,2026-09-19T22:21:17.762592Z,-0.8078935,5.6677489,7.8433299,0.1413750,-0.0302102,0.0508111,-0.7309521,5.5823693,8.0336161,0.2874672,-0.0857830,-0.3811161,0.8745025
gait_20260919_222050_andrew_normal_5,andrew_normal_5,2513514631235104,2026-09-19T22:21:17.762990Z,-0.7968203,5.6975265,7.8098860,0.1413750,-0.0302102,0.0508111,-0.7309521,5.5823693,8.0336161,0.2874672,-0.0857830,-0.3811161,0.8745025
gait_20260919_222050_andrew_normal_5,andrew_normal_5,2513514641297360,2026-09-19T22:21:17.782682Z,-0.7966706,5.7512465,7.7824273,0.0177864,-0.0198515,0.0637012,-0.7208402,5.6075034,8.0170069,0.2888560,-0.0861170,-0.3785957,0.8751065
gait_20260919_222050_andrew_normal_5,andrew_normal_5,2513514651407141,2026-09-19T22:21:17.783904Z,-0.7594857,5.8085580,7.7670894,0.0177864,-0.0198515,0.0637012,-0.7208402,5.6075034,8.0170069,0.2888560,-0.0861170,-0.3785957,0.8751065
gait_20260919_222050_andrew_normal_5,andrew_normal_5,2513514661466224,2026-09-19T22:21:17.802454Z,-0.6902783,5.8086324,7.7666407,-0.0823203,0.0011325,0.0557240,-0.7099704,5.6123753,8.0145674,0.2890185,-0.0863257,-0.3772157,0.8756281
gait_20260919_222050_andrew_normal_5,andrew_normal_5,2513514671575436,2026-09-19T22:21:17.802890Z,-0.6330419,5.7644897,7.7792850,-0.0823203,0.0011325,0.0557240,-0.7099704,5.6123753,8.0145674,0.2890185,-0.0863257,-0.3772157,0.8756281
gait_20260919_222050_andrew_normal_5,andrew_normal_5,2513514681660357,2026-09-19T22:21:17.822754Z,-0.6298247,5.7120414,7.8236527,-0.1387936,-0.0054625,0.0153549,-0.7036085,5.6005125,8.0234222,0.2883755,-0.0858928,-0.3758314,0.8764775
gait_20260919_222050_andrew_normal_5,andrew_normal_5,2513514691718258,2026-09-19T22:21:17.824409Z,-0.6528689,5.6548052,7.8677211,-0.1387936,-0.0054625,0.0153549,-0.7036085,5.6005125,8.0234222,0.2883755,-0.0858928,-0.3758314,0.8764775
gait_20260919_222050_andrew_normal_5,andrew_normal_5,2513514701834998,2026-09-19T22:21:17.842265Z,-0.6853402,5.6297407,7.8937578,-0.1388270,-0.0060620,-0.0293109,-0.7007945,5.5781789,8.0392113,0.2871963,-0.0851908,-0.3749441,0.8773128
gait_20260919_222050_andrew_normal_5,andrew_normal_5,2513514711935625,2026-09-19T22:21:17.842501Z,-0.6943185,5.5749736,7.9809966,-0.1388270,-0.0060620,-0.0293109,-0.7007945,5.5781789,8.0392113,0.2871963,-0.0851908,-0.3749441,0.8773128
gait_20260919_222050_andrew_normal_5,andrew_normal_5,2513514722000974,2026-09-19T22:21:17.862256Z,-0.6441151,5.3984761,8.1159697,-0.0970090,-0.0830863,-0.0920628,-0.7028103,5.5544772,8.0554295,0.2860242,-0.0843200,-0.3743411,0.8780371
gait_20260919_222050_andrew_normal_5,andrew_normal_5,2513514732081905,2026-09-19T22:21:17.862730Z,-0.6067805,5.0798225,8.2234840,-0.0970090,-0.0830863,-0.0920628,-0.7028103,5.5544772,8.0554295,0.2860242,-0.0843200,-0.3743411,0.8780371
gait_20260919_222050_andrew_normal_5,andrew_normal_5,2513514742139970,2026-09-19T22:21:17.882551Z,-0.6087258,4.9712605,8.3109474,-0.0382873,-0.1506179,-0.1720515,-0.7010816,5.5366306,8.0678568,0.2849739,-0.0841771,-0.3749881,0.8781161
gait_20260919_222050_andrew_normal_5,andrew_normal_5,2513514752250322,2026-09-19T22:21:17.882726Z,-0.6496516,5.1230679,8.3578587,-0.0382873,-0.1506179,-0.1720515,-0.7010816,5.5366306,8.0678568,0.2849739,-0.0841771,-0.3749881,0.8781161
gait_20260919_222050_andrew_normal_5,andrew_normal_5,2513514762333737,2026-09-19T22:21:17.902831Z,-0.6538415,5.3163996,8.2963581,0.0721114,-0.0003164,-0.1854745,-0.6940917,5.5265360,8.0753784,0.2841524,-0.0847603,-0.3764758,0.8776897
gait_20260919_222050_andrew_normal_5,andrew_normal_5,2513514772418372,2026-09-19T22:21:17.903272Z,-0.7104045,5.5157170,8.1984949,0.0721114,-0.0003164,-0.1854745,-0.6940917,5.5265360,8.0753784,0.2841524,-0.0847603,-0.3764758,0.8776897
gait_20260919_222050_andrew_normal_5,andrew_normal_5,2513514782503089,2026-09-19T22:21:17.922813Z,-0.8147020,5.6611648,8.1062431,0.1898212,0.3094628,-0.1259368,-0.7107844,5.5340743,8.0687618,0.2848717,-0.0843746,-0.3771316,0.8772120
gait_20260919_222050_andrew_normal_5,andrew_normal_5,2513514792587074,2026-09-19T22:21:17.923233Z,-0.9849895,5.7648635,8.0600052,0.1898212,0.3094628,-0.1259368,-0.7107844,5.5340743,8.0687618,0.2848717,-0.0843746,-0.3771316,0.8772120
gait_20260919_222050_andrew_normal_5,andrew_normal_5,2513514802672076,2026-09-19T22:21:17.944152Z,-1.1325322,5.7623196,7.9952869,0.2603338,0.3799255,-0.0012324,-0.7734139,5.5622115,8.0436153,0.2877441,-0.0820866,-0.3772686,0.8764323
gait_20260919_222050_andrew_normal_5,andrew_normal_5,2513514812731198,2026-09-19T22:21:17.944705Z,-1.2067524,5.7192988,8.0137672,0.2603338,0.3799255,-0.0012324,-0.7734139,5.5622115,8.0436153,0.2877441,-0.0820866,-0.3772686,0.8764323
gait_20260919_222050_andrew_normal_5,andrew_normal_5,2513514822842933,2026-09-19T22:21:17.962644Z,-1.2155811,5.6513634,8.0795326,0.2990875,0.2149686,0.1475536,-0.8409299,5.6043091,8.0075378,0.2916401,-0.0793467,-0.3757015,0.8760701
gait_20260919_222050_andrew_normal_5,andrew_normal_5,2513514832924313,2026-09-19T22:21:17.963603Z,-1.1142764,5.5224504,8.0976391,0.2990875,0.2149686,0.1475536,-0.8409299,5.6043091,8.0075378,0.2916401,-0.0793467,-0.3757015,0.8760701
gait_20260919_222050_andrew_normal_5,andrew_normal_5,2513514843008868,2026-09-19T22:21:17.982775Z,-0.9345617,5.3446813,8.1573448,0.3598243,0.2131034,0.3068981,-0.8615554,5.6541886,7.9701939,0.2949974,-0.0788430,-0.3734752,0.8759432
gait_20260919_222050_andrew_normal_5,andrew_normal_5,2513514853054236,2026-09-19T22:21:17.983378Z,-0.6906524,5.1048870,8.2584248,0.3598243,0.2131034,0.3068981,-0.8615554,5.6541886,7.9701939,0.2949974,-0.0788430,-0.3734752,0.8759432
gait_20260919_222050_andrew_normal_5,andrew_normal_5,2513514863152381,2026-09-19T22:21:18.003007Z,-0.4500351,5.0084453,8.3256865,0.4332846,0.5963597,0.4351665,-0.8570564,5.7140017,7.9279099,0.2985592,-0.0791763,-0.3694421,0.8764166
gait_20260919_222050_andrew_normal_5,andrew_normal_5,2513514873267778,2026-09-19T22:21:18.003433Z,-0.2763059,5.1615996,8.4070892,0.4332846,0.5963597,0.4351665,-0.8570564,5.7140017,7.9279099,0.2985592,-0.0791763,-0.3694421,0.8764166
gait_20260919_222050_andrew_normal_5,andrew_normal_5,2513514883376340,2026-09-19T22:21:18.023598Z,-0.1819593,5.4698529,8.4095583,0.4718884,1.2652304,0.4894249,-0.8896512,5.7874475,7.8708377,0.3039050,-0.0772778,-0.3634268,0.8772633
gait_20260919_222050_andrew_normal_5,andrew_normal_5,2513514893406369,2026-09-19T22:21:18.026123Z,-0.1872715,5.7910500,8.3286047,0.4718884,1.2652304,0.4894249,-0.8896512,5.7874475,7.8708377,0.3039050,-0.0772778,-0.3634268,0.8772633
gait_20260919_222050_andrew_normal_5,andrew_normal_5,2513514903514889,2026-09-19T22:21:18.042790Z,-0.3408745,6.0903254,8.1303349,0.4256238,1.7460786,0.4444261,-1.0235970,5.8717637,7.7917104,0.3122123,-0.0694707,-0.3540940,0.8788145
gait_20260919_222050_andrew_normal_5,andrew_normal_5,2513514913600379,2026-09-19T22:21:18.042973Z,-0.4853496,6.2939072,7.8380928,0.4256238,1.7460786,0.4444261,-1.0235970,5.8717637,7.7917104,0.3122123,-0.0694707,-0.3540940,0.8788145
gait_20260919_222050_andrew_normal_5,andrew_normal_5,2513514923658322,2026-09-19T22:21:18.062751Z,-0.6284031,6.3648357,7.5008841,0.4256238,1.7460786,0.4444261,-1.2423342,5.9510732,7.6991854,0.3219976,-0.0569253,-0.3441160,0.8801485
gait_20260919_222050_andrew_normal_5,andrew_normal_5,2513514933768226,2026-09-19T22:21:18.063210Z,-0.7252935,6.3594484,7.2156749,0.4256238,1.7460786,0.4444261,-1.2423342,5.9510732,7.6991854,0.3219976,-0.0569253,-0.3441160,0.8801485
gait_20260919_222050_andrew_normal_5,andrew_normal_5,2513514943854814,2026-09-19T22:21:18.082692Z,-0.9541642,6.2083893,7.0179291,0.2944577,1.7799860,0.3010859,-1.4800838,6.0073395,7.6129718,0.3307067,-0.0430529,-0.3350199,0.8812158
gait_20260919_222050_andrew_normal_5,andrew_normal_5,2513514953936602,2026-09-19T22:21:18.082956Z,-1.1212345,6.0442371,6.8482399,0.2944577,1.7799860,0.3010859,-1.4800838,6.0073395,7.6129718,0.3307067,-0.0430529,-0.3350199,0.8812158
gait_20260919_222050_andrew_normal_5,andrew_normal_5,2513514964022540,2026-09-19T22:21:18.102528Z,-1.3657424,5.9688196,6.8208561,0.1696034,1.6558145,0.1922860,-1.7122570,6.0396833,7.5383358,0.3377447,-0.0294151,-0.3276347,0.8818837
gait_20260919_222050_andrew_normal_5,andrew_normal_5,2513514974082069,2026-09-19T22:21:18.102971Z,-1.6085294,6.0165539,6.8826566,0.1696034,1.6558145,0.1922860,-1.7122570,6.0396833,7.5383358,0.3377447,-0.0294151,-0.3276347,0.8818837
gait_20260919_222050_andrew_normal_5,andrew_normal_5,2513514984164222,2026-09-19T22:21:18.122769Z,-1.8656816,6.1753945,6.9404917,0.1202245,1.4762853,0.1797789,-1.9169919,6.0638514,7.4693346,0.3436351,-0.0170691,-0.3208058,0.8824440
gait_20260919_222050_andrew_normal_5,andrew_normal_5,2513514994248654,2026-09-19T22:21:18.122999Z,-2.1228340,6.3641624,7.0149360,0.1202245,1.4762853,0.1797789,-1.9169919,6.0638514,7.4693346,0.3436351,-0.0170691,-0.3208058,0.8824440
gait_20260919_222050_andrew_normal_5,andrew_normal_5,2513515004364865,2026-09-19T22:21:18.142902Z,-2.3797617,6.4802060,7.2041531,0.1460547,1.1828603,0.1691204,-2.0760753,6.0922542,7.4034090,0.3487413,-0.0073258,-0.3147718,0.8827483
gait_20260919_222050_andrew_normal_5,andrew_normal_5,2513515014443642,2026-09-19T22:21:18.143328Z,-2.5334394,6.5786676,7.4733510,0.1460547,1.1828603,0.1691204,-2.0760753,6.0922542,7.4034090,0.3487413,-0.0073258,-0.3147718,0.8827483
gait_20260919_222050_andrew_normal_5,andrew_normal_5,2513515024506589,2026-09-19T22:21:18.162733Z,-2.5510218,6.5429792,7.5807161,0.2352031,0.9114682,0.0911468,-2.2008507,6.1300249,7.3358812,0.3536510,-0.0000087,-0.3101593,0.8824580
gait_20260919_222050_andrew_normal_5,andrew_normal_5,2513515034608965,2026-09-19T22:21:18.163127Z,-2.4440310,6.4808049,7.4841247,0.2352031,0.9114682,0.0911468,-2.2008507,6.1300249,7.3358812,0.3536510,-0.0000087,-0.3101593,0.8824580
gait_20260919_222050_andrew_normal_5,andrew_normal_5,2513515044695920,2026-09-19T22:21:18.182851Z,-2.3814826,6.3373022,7.4242697,0.3639711,0.8046167,-0.0063285,-2.3183224,6.1826530,7.2550874,0.3593155,0.0061614,-0.3068302,0.8813113
gait_20260919_222050_andrew_normal_5,andrew_normal_5,2513515054777179,2026-09-19T22:21:18.183253Z,-2.4404397,6.0674310,7.4769421,0.3639711,0.8046167,-0.0063285,-2.3183224,6.1826530,7.2550874,0.3593155,0.0061614,-0.3068302,0.8813113
gait_20260919_222050_andrew_normal_5,andrew_normal_5,2513515064869666,2026-09-19T22:21:18.202474Z,-2.5882816,5.8896613,7.5942583,0.4377479,0.7336045,-0.0927123,-2.4369345,6.2416892,7.1651092,0.3654514,0.0118454,-0.3046069,0.8794997
gait_20260919_222050_andrew_normal_5,andrew_normal_5,2513515074957598,2026-09-19T22:21:18.202933Z,-2.8244846,5.8141694,7.5705404,0.4377479,0.7336045,-0.0927123,-2.4369345,6.2416892,7.1651092,0.3654514,0.0118454,-0.3046069,0.8794997
gait_20260919_222050_andrew_normal_5,andrew_normal_5,2513515085033892,2026-09-19T22:21:18.222706Z,-3.0600142,5.9440546,7.4733510,0.4888754,0.8210375,-0.0537255,-2.5612454,6.3075285,7.0633712,0.3721894,0.0177580,-0.3023057,0.8773660
gait_20260919_222050_andrew_normal_5,andrew_normal_5,2513515095093788,2026-09-19T22:21:18.225165Z,-3.2742205,6.2372694,7.2315364,0.4888754,0.8210375,-0.0537255,-2.5612454,6.3075285,7.0633712,0.3721894,0.0177580,-0.3023057,0.8773660
gait_20260919_222050_andrew_normal_5,andrew_normal_5,2513515105207150,2026-09-19T22:21:18.242742Z,-3.4186208,6.6044803,6.9304657,0.4991175,0.9248912,0.0828698,-2.6825635,6.3825846,6.9500055,0.3794528,0.0241962,-0.2981030,0.8755369
gait_20260919_222050_andrew_normal_5,andrew_normal_5,2513515115293902,2026-09-19T22:21:18.242933Z,-3.5084782,6.9455791,6.6730890,0.4991175,0.9248912,0.0828698,-2.6825635,6.3825846,6.9500055,0.3794528,0.0241962,-0.2981030,0.8755369
gait_20260919_222050_andrew_normal_5,andrew_normal_5,2513515125392942,2026-09-19T22:21:18.262586Z,-3.4672530,7.1983919,6.4459391,0.4372483,0.8968128,0.1698532,-2.7876544,6.4542503,6.8416185,0.3861702,0.0303390,-0.2930342,0.8741185
gait_20260919_222050_andrew_normal_5,andrew_normal_5,2513515135452187,2026-09-19T22:21:18.263038Z,-3.3794906,7.1609077,6.2093620,0.4372483,0.8968128,0.1698532,-2.7876544,6.4542503,6.8416185,0.3861702,0.0303390,-0.2930342,0.8741185
gait_20260919_222050_andrew_normal_5,andrew_normal_5,2513515145537269,2026-09-19T22:21:18.282703Z,-3.4067993,6.9929395,5.8830771,0.3529962,0.7393834,0.1782634,-2.8743641,6.5205030,6.7421937,0.3922019,0.0359781,-0.2874711,0.8730657
gait_20260919_222050_andrew_normal_5,andrew_normal_5,2513515155642860,2026-09-19T22:21:18.283140Z,-4.4348845,7.0798039,1.9006969,0.3529962,0.7393834,0.1782634,-2.8743641,6.5205030,6.7421937,0.3922019,0.0359781,-0.2874711,0.8730657
gait_20260919_222050_andrew_normal_5,andrew_normal_5,2513515165705442,2026-09-19T22:21:18.303089Z,-3.8694041,7.4069867,2.2710500,-0.1236386,0.8740969,0.2351698,-2.9584036,6.5353174,6.6913061,0.3947645,0.0424522,-0.2820995,0.8733721
gait_20260919_222050_andrew_normal_5,andrew_normal_5,2513515175805784,2026-09-19T22:21:18.303745Z,-2.9314756,7.5105357,4.1731682,-0.1236386,0.8740969,0.2351698,-2.9584036,6.5353174,6.6913061,0.3947645,0.0424522,-0.2820995,0.8733721
gait_20260919_222050_andrew_normal_5,andrew_normal_5,2513515185896481,2026-09-19T22:21:18.322803Z,-2.3001544,7.4362407,6.1991119,-0.8978453,0.1882391,0.1778637,-2.9608037,6.4893336,6.7348561,0.3909855,0.0452848,-0.2775935,0.8763684
gait_20260919_222050_andrew_normal_5,andrew_normal_5,2513515195960935,2026-09-19T22:21:18.323265Z,-2.0421045,7.3644896,7.8677211,-0.8978453,0.1882391,0.1778637,-2.9608037,6.4893336,6.7348561,0.3909855,0.0452848,-0.2775935,0.8763684
gait_20260919_222050_andrew_normal_5,andrew_normal_5,2513515206047524,2026-09-19T22:21:18.342810Z,-2.3049428,7.3778820,8.0488567,-0.6449724,-0.0284116,-0.2092896,-2.9766963,6.3780622,6.8334260,0.3842437,0.0476365,-0.2789083,0.8788048
gait_20260919_222050_andrew_normal_5,andrew_normal_5,2513515216127032,2026-09-19T22:21:18.343085Z,-3.5646670,7.0945435,7.1528273,-0.6449724,-0.0284116,-0.2092896,-2.9766963,6.3780622,6.8334260,0.3842437,0.0476365,-0.2789083,0.8788048
gait_20260919_222050_andrew_normal_5,andrew_normal_5,2513515226211097,2026-09-19T22:21:18.362555Z,-3.5393784,6.3439612,6.3364043,-0.0335576,-0.3286648,-0.4537689,-2.9989629,6.3430305,6.8562598,0.3827565,0.0475655,-0.2831324,0.8781065
gait_20260919_222050_andrew_normal_5,andrew_normal_5,2513515236273638,2026-09-19T22:21:18.362938Z,-3.4393456,6.0848637,5.7446623,-0.0335576,-0.3286648,-0.4537689,-2.9989629,6.3430305,6.8562598,0.3827565,0.0475655,-0.2831324,0.8781065
