session_id,label,t_ns,wall_time_utc,accel_x_mps2,accel_y_mps2,accel_z_mps2,gyro_x_rads,gyro_y_rads,gyro_z_rads,gravity_x_mps2,gravity_y_mps2,gravity_z_mps2,rotation_qx,rotation_qy,rotation_qz,rotation_qw
gait_20260919_222807_andrew_normal_left_2,andrew_normal_left_2,2513924388387728,2026-09-19T22:28:07.527271Z,3.4925418,4.9655743,8.3954926,,,,,,,,,,
gait_20260919_222807_andrew_normal_left_2,andrew_normal_left_2,2513924398472323,2026-09-19T22:28:07.527410Z,3.4864814,5.2602854,8.2641106,0.0145722,1.0173538,-0.1608934,,,,,,,
gait_20260919_222807_andrew_normal_left_2,andrew_normal_left_2,2513924408556593,2026-09-19T22:28:07.533229Z,3.1678281,5.4795794,8.0989857,0.0145722,1.0173538,-0.1608934,,,,,,,
gait_20260919_222807_andrew_normal_left_2,andrew_normal_left_2,2513924418667351,2026-09-19T22:28:07.543110Z,2.6128972,5.4107461,7.9226379,0.0145722,1.0173538,-0.1608934,,,,,,,
gait_20260919_222807_andrew_normal_left_2,andrew_normal_left_2,2513924428750114,2026-09-19T22:28:07.556779Z,2.0887165,5.2049947,7.9272766,-0.3573762,1.4083542,-0.3666024,,,,,,,
gait_20260919_222807_andrew_normal_left_2,andrew_normal_left_2,2513924438831373,2026-09-19T22:28:07.563177Z,2.0967221,5.2030492,8.1303349,-0.3573762,1.4083542,-0.3666024,,,,,,,
gait_20260919_222807_andrew_normal_left_2,andrew_normal_left_2,2513924448903639,2026-09-19T22:28:07.573033Z,1.3465889,4.3326821,8.0114479,-0.6290013,1.5296944,-0.3793760,2.1996994,5.2008419,8.0217628,0.2642581,-0.1459838,-0.0995115,0.9481318
gait_20260919_222807_andrew_normal_left_2,andrew_normal_left_2,2513924458977898,2026-09-19T22:28:07.584445Z,0.7818565,4.0438814,8.3156614,-0.6290013,1.5296944,-0.3793760,2.1996994,5.2008419,8.0217628,0.2642581,-0.1459838,-0.0995115,0.9481318
gait_20260919_222807_andrew_normal_left_2,andrew_normal_left_2,2513924469086947,2026-09-19T22:28:07.593513Z,0.6949170,4.1486278,8.7562695,-0.8258505,1.5001338,-0.2327383,1.9165224,5.0873561,8.1658964,0.2587949,-0.1297016,-0.0996605,0.9519824
gait_20260919_222807_andrew_normal_left_2,andrew_normal_left_2,2513924479171176,2026-09-19T22:28:07.603703Z,0.8016087,4.2128973,9.1561756,-0.8258505,1.5001338,-0.2327383,1.9165224,5.0873561,8.1658964,0.2587949,-0.1297016,-0.0996605,0.9519824
gait_20260919_222807_andrew_normal_left_2,andrew_normal_left_2,2513924489255689,2026-09-19T22:28:07.613488Z,0.8737340,4.2006269,9.5581770,-0.8379912,1.4594150,0.0094428,1.6632702,4.9436789,8.3084106,0.2519117,-0.1143422,-0.0974129,0.9560215
gait_20260919_222807_andrew_normal_left_2,andrew_normal_left_2,2513924499339145,2026-09-19T22:28:07.624Z,0.9052327,4.1751885,9.9633951,-0.8379912,1.4594150,0.0094428,1.6632702,4.9436789,8.3084106,0.2519117,-0.1143422,-0.0974129,0.9560215
gait_20260919_222807_andrew_normal_left_2,andrew_normal_left_2,2513924509425896,2026-09-19T22:28:07.634867Z,0.9739164,4.0454526,10.1865797,-0.6551480,1.3075147,0.1028545,1.4434807,4.8161893,8.4235849,0.2459916,-0.1007543,-0.0938880,0.9594383
gait_20260919_222807_andrew_normal_left_2,andrew_normal_left_2,2513924519516269,2026-09-19T22:28:07.644036Z,1.0037690,3.8890066,10.1777515,-0.6551480,1.3075147,0.1028545,1.4434807,4.8161893,8.4235849,0.2459916,-0.1007543,-0.0938880,0.9594383
gait_20260919_222807_andrew_normal_left_2,andrew_normal_left_2,2513924529598219,2026-09-19T22:28:07.653569Z,0.9514707,3.7321115,9.9901810,-0.3749960,1.3065654,0.1089332,1.2372229,4.7337351,8.5027733,0.2425617,-0.0882671,-0.0900612,0.9619054
gait_20260919_222807_andrew_normal_left_2,andrew_normal_left_2,2513924539651930,2026-09-19T22:28:07.664131Z,0.7882909,3.6094086,9.6306019,-0.3749960,1.3065654,0.1089332,1.2372229,4.7337351,8.5027733,0.2425617,-0.0882671,-0.0900612,0.9619054
gait_20260919_222807_andrew_normal_left_2,andrew_normal_left_2,2513924549767774,2026-09-19T22:28:07.674604Z,0.5753566,3.5642180,9.2260561,-0.1707025,1.4737374,0.0906306,1.0049059,4.6949692,8.5547380,0.2416607,-0.0746912,-0.0858997,0.9636611
gait_20260919_222807_andrew_normal_left_2,andrew_normal_left_2,2513924559854729,2026-09-19T22:28:07.684007Z,0.3036895,3.5407250,8.8488197,-0.1707025,1.4737374,0.0906306,1.0049059,4.6949692,8.5547380,0.2416607,-0.0746912,-0.0858997,0.9636611
gait_20260919_222807_andrew_normal_left_2,andrew_normal_left_2,2513924569932203,2026-09-19T22:28:07.694252Z,0.1330278,3.5494788,8.5281467,-0.1334644,1.6458554,0.1284849,0.7356793,4.6675711,8.5970144,0.2415153,-0.0591128,-0.0809868,0.9652032
gait_20260919_222807_andrew_normal_left_2,andrew_normal_left_2,2513924580019484,2026-09-19T22:28:07.705060Z,0.0534206,3.6362686,8.3301010,-0.1334644,1.6458554,0.1284849,0.7356793,4.6675711,8.5970144,0.2415153,-0.0591128,-0.0809868,0.9652032
gait_20260919_222807_andrew_normal_left_2,andrew_normal_left_2,2513924590100741,2026-09-19T22:28:07.714626Z,-0.0556652,3.6861727,8.2368765,-0.2026114,1.6727848,0.2192820,0.4593440,4.6358404,8.6333132,0.2411004,-0.0429478,-0.0750848,0.9666377
gait_20260919_222807_andrew_normal_left_2,andrew_normal_left_2,2513924600184726,2026-09-19T22:28:07.725376Z,-0.1640776,3.6908116,8.2106152,-0.2026114,1.6727848,0.2192820,0.4593440,4.6358404,8.6333132,0.2411004,-0.0429478,-0.0750848,0.9666377
gait_20260919_222807_andrew_normal_left_2,andrew_normal_left_2,2513924610269565,2026-09-19T22:28:07.735530Z,-0.2044050,3.7062991,8.1755257,-0.3038338,1.5560910,0.2635814,0.2022100,4.5863881,8.6695023,0.2395086,-0.0276594,-0.0687651,0.9680610
gait_20260919_222807_andrew_normal_left_2,andrew_normal_left_2,2513924620352532,2026-09-19T22:28:07.745303Z,-0.3012953,3.6489131,8.1949787,-0.3038338,1.5560910,0.2635814,0.2022100,4.5863881,8.6695023,0.2395086,-0.0276594,-0.0687651,0.9680610
gait_20260919_222807_andrew_normal_left_2,andrew_normal_left_2,2513924630436150,2026-09-19T22:28:07.754554Z,0.1441010,3.2797570,8.6352873,-0.3911336,1.4111686,0.2687441,-0.0260154,4.5217609,8.7056942,0.2368335,-0.0139513,-0.0627059,0.9694241
gait_20260919_222807_andrew_normal_left_2,andrew_normal_left_2,2513924640498853,2026-09-19T22:28:07.765234Z,1.3902830,3.5568860,9.4295635,-0.3911336,1.4111686,0.2687441,-0.0260154,4.5217609,8.7056942,0.2368335,-0.0139513,-0.0627059,0.9694241
gait_20260919_222807_andrew_normal_left_2,andrew_normal_left_2,2513924650608269,2026-09-19T22:28:07.775076Z,0.7587375,3.8667853,9.2871828,-0.4105687,1.5326922,0.1862906,-0.2278409,4.4288435,8.7504025,0.2323868,-0.0016054,-0.0566797,0.9709693
gait_20260919_222807_andrew_normal_left_2,andrew_normal_left_2,2513924660686475,2026-09-19T22:28:07.784732Z,-0.2663549,3.9161658,8.6243639,-0.4105687,1.5326922,0.1862906,-0.2278409,4.4288435,8.7504025,0.2323868,-0.0016054,-0.0566797,0.9709693
gait_20260919_222807_andrew_normal_left_2,andrew_normal_left_2,2513924670767489,2026-09-19T22:28:07.795427Z,-0.8459762,3.8230164,8.2412910,-0.3882025,1.7446631,-0.0200013,-0.5354013,4.3609824,8.7710485,0.2295802,0.0157120,-0.0523589,0.9717534
gait_20260919_222807_andrew_normal_left_2,andrew_normal_left_2,2513924680853305,2026-09-19T22:28:07.805377Z,-1.2310686,3.5966146,8.0205755,-0.3882025,1.7446631,-0.0200013,-0.5354013,4.3609824,8.7710485,0.2295802,0.0157120,-0.0523589,0.9717534
gait_20260919_222807_andrew_normal_left_2,andrew_normal_left_2,2513924690917840,2026-09-19T22:28:07.815343Z,-1.5822680,3.3607857,7.8826098,-0.4301204,1.6274529,-0.0320588,-0.8387283,4.2868772,8.7838106,0.2263667,0.0325821,-0.0489044,0.9722679
gait_20260919_222807_andrew_normal_left_2,andrew_normal_left_2,2513924701025017,2026-09-19T22:28:07.825182Z,-1.5316905,3.3309331,9.0581627,-0.4301204,1.6274529,-0.0320588,-0.8387283,4.2868772,8.7838106,0.2263667,0.0325821,-0.0489044,0.9722679
gait_20260919_222807_andrew_normal_left_2,andrew_normal_left_2,2513924711103305,2026-09-19T22:28:07.835277Z,-1.7765725,3.7288196,10.9399309,-0.4061721,1.1751162,0.0568564,-1.0918254,4.2077093,8.7942715,0.2226516,0.0468675,-0.0451818,0.9727222
gait_20260919_222807_andrew_normal_left_2,andrew_normal_left_2,2513924721192376,2026-09-19T22:28:07.845897Z,-1.6620249,3.9320273,9.2589016,-0.4061721,1.1751162,0.0568564,-1.0918254,4.2077093,8.7942715,0.2226516,0.0468675,-0.0451818,0.9727222
gait_20260919_222807_andrew_normal_left_2,andrew_normal_left_2,2513924731269606,2026-09-19T22:28:07.855476Z,-0.8176947,3.6997149,8.1363955,0.3089799,0.1950505,0.0953270,-1.1485698,4.2144337,8.7838173,0.2231214,0.0501991,-0.0435691,0.9725218
gait_20260919_222807_andrew_normal_left_2,andrew_normal_left_2,2513924741337639,2026-09-19T22:28:07.865674Z,-0.3121440,3.6914849,7.4455185,0.3089799,0.1950505,0.0953270,-1.1485698,4.2144337,8.7838173,0.2231214,0.0501991,-0.0435691,0.9725218
gait_20260919_222807_andrew_normal_left_2,andrew_normal_left_2,2513924751423170,2026-09-19T22:28:07.875331Z,-0.4295348,3.8234653,7.1872439,0.5878662,-0.2952737,0.0719782,-1.1028272,4.3245873,8.7360077,0.2290541,0.0476881,-0.0431808,0.9712855
gait_20260919_222807_andrew_normal_left_2,andrew_normal_left_2,2513924761507561,2026-09-19T22:28:07.885714Z,-0.9934441,3.8518965,7.2469492,0.5878662,-0.2952737,0.0719782,-1.1028272,4.3245873,8.7360077,0.2290541,0.0476881,-0.0431808,0.9712855
gait_20260919_222807_andrew_normal_left_2,andrew_normal_left_2,2513924771616448,2026-09-19T22:28:07.895673Z,-1.5443349,3.7776761,7.3213940,0.3732973,-0.2284749,-0.0342071,-1.0477057,4.4100380,8.6999989,0.2336796,0.0443742,-0.0442664,0.9702914
gait_20260919_222807_andrew_normal_left_2,andrew_normal_left_2,2513924781698479,2026-09-19T22:28:07.905994Z,-1.7099090,3.7446063,7.5776482,0.3732973,-0.2284749,-0.0342071,-1.0477057,4.4100380,8.6999989,0.2336796,0.0443742,-0.0442664,0.9702914
gait_20260919_222807_andrew_normal_left_2,andrew_normal_left_2,2513924791761508,2026-09-19T22:28:07.915678Z,-1.9057097,3.7271736,7.8849292,0.0476968,0.0620691,0.0032142,-1.0459070,4.4353466,8.6873407,0.2351005,0.0441375,-0.0446517,0.9699411
gait_20260919_222807_andrew_normal_left_2,andrew_normal_left_2,2513924801897739,2026-09-19T22:28:07.925910Z,-1.9955671,3.7660792,8.2361288,0.0476968,0.0620691,0.0032142,-1.0459070,4.4353466,8.6873407,0.2351005,0.0441375,-0.0446517,0.9699411
gait_20260919_222807_andrew_normal_left_2,andrew_normal_left_2,2513924811951735,2026-09-19T22:28:07.935899Z,-1.8044798,3.8161330,8.6893806,-0.1423742,0.1958666,0.1095161,-1.0735421,4.4158845,8.6938810,0.2340496,0.0459104,-0.0434790,0.9701663
gait_20260919_222807_andrew_normal_left_2,andrew_normal_left_2,2513924822014641,2026-09-19T22:28:07.946707Z,-1.4371196,3.6727803,8.5741596,-0.1423742,0.1958666,0.1095161,-1.0735421,4.4158845,8.6938810,0.2340496,0.0459104,-0.0434790,0.9701663
gait_20260919_222807_andrew_normal_left_2,andrew_normal_left_2,2513924832119784,2026-09-19T22:28:07.956070Z,-0.7754969,3.4621654,7.6120648,-0.1004064,0.1206575,0.1890551,-1.0828665,4.3952026,8.7032003,0.2328225,0.0469643,-0.0412890,0.9705067
gait_20260919_222807_andrew_normal_left_2,andrew_normal_left_2,2513924842204379,2026-09-19T22:28:07.966330Z,-0.1000327,3.6988173,6.8745761,-0.1004064,0.1206575,0.1890551,-1.0828665,4.3952026,8.7032003,0.2328225,0.0469643,-0.0412890,0.9705067
gait_20260919_222807_andrew_normal_left_2,andrew_normal_left_2,2513924852288852,2026-09-19T22:28:07.976298Z,0.1274164,4.3329067,7.2800193,-0.1918197,0.2757387,0.0809047,-1.1044201,4.3793011,8.7085066,0.2319053,0.0485949,-0.0393191,0.9707278
gait_20260919_222807_andrew_normal_left_2,andrew_normal_left_2,2513924862349846,2026-09-19T22:28:07.986351Z,-0.4350713,4.5180831,8.0796080,-0.1918197,0.2757387,0.0809047,-1.1044201,4.3793011,8.7085066,0.2319053,0.0485949,-0.0393191,0.9707278
gait_20260919_222807_andrew_normal_left_2,andrew_normal_left_2,2513924872459140,2026-09-19T22:28:07.996447Z,-1.1318588,4.0958805,8.0185556,-0.3881193,0.2632982,-0.1704361,-1.1693461,4.3141584,8.7325125,0.2284791,0.0521088,-0.0393194,0.9713578
gait_20260919_222807_andrew_normal_left_2,andrew_normal_left_2,2513924882543002,2026-09-19T22:28:08.006664Z,-2.1250784,3.2504282,7.8306856,-0.3881193,0.2632982,-0.1704361,-1.1693461,4.3141584,8.7325125,0.2284791,0.0521088,-0.0393194,0.9713578
gait_20260919_222807_andrew_normal_left_2,andrew_normal_left_2,2513924892650913,2026-09-19T22:28:08.016877Z,-1.8095676,2.6655695,8.5400429,-0.4286882,0.1276022,-0.3196551,-1.2186644,4.2338929,8.7649937,0.2243185,0.0542559,-0.0417755,0.9721072
gait_20260919_222807_andrew_normal_left_2,andrew_normal_left_2,2513924902730868,2026-09-19T22:28:08.026730Z,-2.0683658,2.6029460,8.9698019,-0.4286882,0.1276022,-0.3196551,-1.2186644,4.2338929,8.7649937,0.2243185,0.0542559,-0.0417755,0.9721072
gait_20260919_222807_andrew_normal_left_2,andrew_normal_left_2,2513924912800204,2026-09-19T22:28:08.037371Z,-1.7589900,2.9097781,8.8013849,-0.4800821,0.1992140,-0.2985879,-1.2822320,4.1361928,8.8024940,0.2192651,0.0572218,-0.0441363,0.9729853
gait_20260919_222807_andrew_normal_left_2,andrew_normal_left_2,2513924922867669,2026-09-19T22:28:08.047434Z,-0.8916157,3.4088943,8.4222031,-0.4800821,0.1992140,-0.2985879,-1.2822320,4.1361928,8.8024940,0.2192651,0.0572218,-0.0441363,0.9729853
gait_20260919_222807_andrew_normal_left_2,andrew_normal_left_2,2513924932963331,2026-09-19T22:28:08.057261Z,-0.9711481,3.5107975,8.0581350,-0.5299439,0.3283317,-0.2717584,-1.3532870,4.0410013,8.8360071,0.2143605,0.0607697,-0.0457092,0.9737902
gait_20260919_222807_andrew_normal_left_2,andrew_normal_left_2,2513924943047152,2026-09-19T22:28:08.067616Z,-1.0503812,3.5183542,8.2709942,-0.5299439,0.3283317,-0.2717584,-1.3532870,4.0410013,8.8360071,0.2143605,0.0607697,-0.0457092,0.9737902
gait_20260919_222807_andrew_normal_left_2,andrew_normal_left_2,2513924953113437,2026-09-19T22:28:08.077401Z,-1.3775638,3.5268836,8.4311810,-0.7019621,0.4407955,-0.3208708,-1.4510152,3.9177270,8.8759270,0.2080604,0.0657232,-0.0475470,0.9747464
gait_20260919_222807_andrew_normal_left_2,andrew_normal_left_2,2513924963216627,2026-09-19T22:28:08.087457Z,-2.0196588,3.0614357,8.2407675,-0.7019621,0.4407955,-0.3208708,-1.4510152,3.9177270,8.8759270,0.2080604,0.0657232,-0.0475470,0.9747464
gait_20260919_222807_andrew_normal_left_2,andrew_normal_left_2,2513924973301262,2026-09-19T22:28:08.097207Z,-1.6283565,2.5204210,9.3448687,-0.8540788,0.5343572,-0.2737902,-1.5609431,3.7639279,8.9236994,0.2001629,0.0714746,-0.0489863,0.9759235
gait_20260919_222807_andrew_normal_left_2,andrew_normal_left_2,2513924983384433,2026-09-19T22:28:08.107476Z,-1.4314333,2.0164416,9.9525471,-0.8540788,0.5343572,-0.2737902,-1.5609431,3.7639279,8.9236994,0.2001629,0.0714746,-0.0489863,0.9759235
gait_20260919_222807_andrew_normal_left_2,andrew_normal_left_2,2513924993469028,2026-09-19T22:28:08.117481Z,-1.9361610,2.2060325,9.9240408,-0.9117680,0.6329816,-0.3116445,-1.6940292,3.5410645,8.9903965,0.1886336,0.0787017,-0.0498442,0.9776191
gait_20260919_222807_andrew_normal_left_2,andrew_normal_left_2,2513925003530470,2026-09-19T22:28:08.127648Z,-2.7419596,2.4342299,9.6176577,-0.9117680,0.6329816,-0.3116445,-1.6940292,3.5410645,8.9903965,0.1886336,0.0787017,-0.0498442,0.9776191
gait_20260919_222807_andrew_normal_left_2,andrew_normal_left_2,2513925013637769,2026-09-19T22:28:08.137515Z,-2.6738744,2.5979333,9.6179571,-0.8514975,0.4199948,-0.3093962,-1.8096243,3.3694005,9.0337429,0.1799650,0.0847341,-0.0517284,0.9786505
gait_20260919_222807_andrew_normal_left_2,andrew_normal_left_2,2513925023722242,2026-09-19T22:28:08.147800Z,-2.3044190,2.5956140,9.5489740,-0.8514975,0.4199948,-0.3093962,-1.8096243,3.3694005,9.0337429,0.1799650,0.0847341,-0.0517284,0.9786505
gait_20260919_222807_andrew_normal_left_2,andrew_normal_left_2,2513925033815056,2026-09-19T22:28:08.158311Z,-1.9842695,2.5742905,9.5165024,-0.7808017,0.2159678,-0.0570230,-1.8695366,3.2155335,9.0775156,0.1719496,0.0881448,-0.0519074,0.9797804
gait_20260919_222807_andrew_normal_left_2,andrew_normal_left_2,2513925043869337,2026-09-19T22:28:08.168582Z,-1.6780361,2.6485856,9.5930424,-0.7808017,0.2159678,-0.0570230,-1.8695366,3.2155335,9.0775156,0.1719496,0.0881448,-0.0519074,0.9797804
gait_20260919_222807_andrew_normal_left_2,andrew_normal_left_2,2513925053952100,2026-09-19T22:28:08.177937Z,-1.7307833,2.4069958,9.4689178,-0.6661895,0.0318756,0.0635680,-1.8818820,3.0884488,9.1189976,0.1650796,0.0892778,-0.0505329,0.9809306
gait_20260919_222807_andrew_normal_left_2,andrew_normal_left_2,2513925064059034,2026-09-19T22:28:08.188343Z,-2.1300914,2.2043865,9.2229137,-0.6661895,0.0318756,0.0635680,-1.8818820,3.0884488,9.1189976,0.1650796,0.0892778,-0.0505329,0.9809306
gait_20260919_222807_andrew_normal_left_2,andrew_normal_left_2,2513925074143425,2026-09-19T22:28:08.198098Z,-2.1685481,2.2025907,8.9478798,-0.5807050,-0.0692136,0.1600607,-1.8653063,2.9827247,9.1575155,0.1592446,0.0888802,-0.0489244,0.9820122
gait_20260919_222807_andrew_normal_left_2,andrew_normal_left_2,2513925084228061,2026-09-19T22:28:08.209121Z,-1.8551322,2.2676830,8.5617399,-0.5807050,-0.0692136,0.1600607,-1.8653063,2.9827247,9.1575155,0.1592446,0.0888802,-0.0489244,0.9820122
gait_20260919_222807_andrew_normal_left_2,andrew_normal_left_2,2513925094337313,2026-09-19T22:28:08.218535Z,-2.0205567,2.2365584,7.4125981,-0.6458384,-0.0763248,0.2382008,-1.8328007,2.8800454,9.1968632,0.1534366,0.0878076,-0.0461835,0.9831654
gait_20260919_222807_andrew_normal_left_2,andrew_normal_left_2,2513925104396884,2026-09-19T22:28:08.229642Z,-2.8187983,2.2168810,7.3673329,-0.6458384,-0.0763248,0.2382008,-1.8328007,2.8800454,9.1968632,0.1534366,0.0878076,-0.0461835,0.9831654
gait_20260919_222807_andrew_normal_left_2,andrew_normal_left_2,2513925114473341,2026-09-19T22:28:08.238589Z,-3.0936079,2.1152773,8.0083055,-0.9905077,0.3027513,0.1931187,-1.8491215,2.7329891,9.2383785,0.1454381,0.0893570,-0.0432252,0.9843753
gait_20260919_222807_andrew_normal_left_2,andrew_normal_left_2,2513925124570794,2026-09-19T22:28:08.249111Z,-2.7983730,1.6408511,7.7967176,-0.9905077,0.3027513,0.1931187,-1.8491215,2.7329891,9.2383785,0.1454381,0.0893570,-0.0432252,0.9843753
gait_20260919_222807_andrew_normal_left_2,andrew_normal_left_2,2513925134629468,2026-09-19T22:28:08.259047Z,-2.0302081,1.4330045,7.5617118,-1.2929260,0.9282221,0.1692536,-1.9638230,2.5101218,9.2778654,0.1336369,0.0962564,-0.0391076,0.9855692
gait_20260919_222807_andrew_normal_left_2,andrew_normal_left_2,2513925144733391,2026-09-19T22:28:08.270568Z,-1.3799580,1.2515689,7.4471645,-1.2929260,0.9282221,0.1692536,-1.9638230,2.5101218,9.2778654,0.1336369,0.0962564,-0.0391076,0.9855692
gait_20260919_222807_andrew_normal_left_2,andrew_normal_left_2,2513925154800082,2026-09-19T22:28:08.296329Z,-1.1211598,1.2880057,8.2546091,-1.5214008,1.5267467,-0.2827500,-2.2324460,2.2318389,9.2882290,0.1195265,0.1109466,-0.0368090,0.9859257
gait_20260919_222807_andrew_normal_left_2,andrew_normal_left_2,2513925164880486,2026-09-19T22:28:08.296512Z,-1.5420156,1.6299276,9.1197386,-1.5214008,1.5267467,-0.2827500,-2.2324460,2.2318389,9.2882290,0.1195265,0.1109466,-0.0368090,0.9859257
gait_20260919_222807_andrew_normal_left_2,andrew_normal_left_2,2513925174964511,2026-09-19T22:28:08.307492Z,-2.0997150,1.6377088,8.9861126,-1.5774579,1.8694341,-0.6484864,-2.5874329,1.9044906,9.2689924,0.1036002,0.1297805,-0.0385836,0.9853605
gait_20260919_222807_andrew_normal_left_2,andrew_normal_left_2,2513925185071323,2026-09-19T22:28:08.321909Z,-2.2302737,1.4378678,8.2641106,-1.5774579,1.8694341,-0.6484864,-2.5874329,1.9044906,9.2689924,0.1036002,0.1297805,-0.0385836,0.9853605
gait_20260919_222807_andrew_normal_left_2,andrew_normal_left_2,2513925195132643,2026-09-19T22:28:08.322765Z,-3.3786676,2.7971759,7.9916210,-1.3000704,1.8868041,-0.7900946,-2.5874329,1.9044906,9.2689924,0.1036002,0.1297805,-0.0385836,0.9853605
gait_20260919_222807_andrew_normal_left_2,andrew_normal_left_2,2513925205240268,2026-09-19T22:28:08.339068Z,-5.3457289,4.2326493,7.2197151,-1.3000704,1.8868041,-0.7900946,-2.9908934,1.5992213,9.2050619,0.0894484,0.1511067,-0.0427412,0.9835339
gait_20260919_222807_andrew_normal_left_2,andrew_normal_left_2,2513925215301872,2026-09-19T22:28:08.343678Z,-4.5887122,3.1742625,5.7833438,-0.9042237,1.6672391,-0.2835494,-3.3342755,1.3984271,9.1193819,0.0804361,0.1695006,-0.0451049,0.9812059
gait_20260919_222807_andrew_normal_left_2,andrew_normal_left_2,2513925225385979,2026-09-19T22:28:08.349647Z,-1.9122938,1.0147674,4.4966102,-0.9042237,1.6672391,-0.2835494,-3.3342755,1.3984271,9.1193819,0.0804361,0.1695006,-0.0451049,0.9812059
gait_20260919_222807_andrew_normal_left_2,andrew_normal_left_2,2513925235497633,2026-09-19T22:28:08.359763Z,-2.7614124,1.5850364,4.4014406,-1.0205179,0.2925092,0.5593380,-3.5374119,1.2806160,9.0599585,0.0739171,0.1810118,-0.0395404,0.9799019
gait_20260919_222807_andrew_normal_left_2,andrew_normal_left_2,2513925245608106,2026-09-19T22:28:08.370235Z,-5.6475477,2.6065376,4.2155905,-1.0205179,0.2925092,0.5593380,-3.5374119,1.2806160,9.0599585,0.0739171,0.1810118,-0.0395404,0.9799019
gait_20260919_222807_andrew_normal_left_2,andrew_normal_left_2,2513925255661085,2026-09-19T22:28:08.379833Z,-7.1475153,2.1117606,3.3511343,-1.9789002,-0.3815410,0.6713189,-3.3741107,1.0187540,9.1549788,0.0581143,0.1732299,-0.0299151,0.9827102
gait_20260919_222807_andrew_normal_left_2,andrew_normal_left_2,2513925265747592,2026-09-19T22:28:08.389768Z,-6.8421798,0.5544822,2.8833671,-1.9789002,-0.3815410,0.6713189,-3.3741107,1.0187540,9.1549788,0.0581143,0.1732299,-0.0299151,0.9827102
gait_20260919_222807_andrew_normal_left_2,andrew_normal_left_2,2513925275824171,2026-09-19T22:28:08.399915Z,-6.4578352,0.0671125,3.9561939,-2.1054866,0.9492059,0.7470775,-3.4926803,0.6616245,9.1432791,0.0377656,0.1804322,-0.0187702,0.9826829
gait_20260919_222807_andrew_normal_left_2,andrew_normal_left_2,2513925285892042,2026-09-19T22:28:08.410789Z,-7.3051581,-0.1722329,5.7701759,-2.1054866,0.9492059,0.7470775,-3.4926803,0.6616245,9.1432791,0.0377656,0.1804322,-0.0187702,0.9826829
gait_20260919_222807_andrew_normal_left_2,andrew_normal_left_2,2513925295998284,2026-09-19T22:28:08.419974Z,-7.8668981,-0.9196727,8.4542255,-1.6724350,0.9668258,0.8364757,-3.6773872,0.3710108,9.0870943,0.0207016,0.1908323,-0.0073537,0.9813768
gait_20260919_222807_andrew_normal_left_2,andrew_normal_left_2,2513925306082838,2026-09-19T22:28:08.430250Z,-8.3125935,-2.0351462,6.9361520,-1.6724350,0.9668258,0.8364757,-3.6773872,0.3710108,9.0870943,0.0207016,0.1908323,-0.0073537,0.9813768
gait_20260919_222807_andrew_normal_left_2,andrew_normal_left_2,2513925316166863,2026-09-19T22:28:08.440131Z,-8.1188126,-3.8924482,6.9838862,-0.3923160,0.9956037,1.1308835,-3.8272274,0.2897879,9.0279818,0.0141832,0.1991411,0.0043976,0.9798583
gait_20260919_222807_andrew_normal_left_2,andrew_normal_left_2,2513925326251905,2026-09-19T22:28:08.450227Z,-5.1785836,-5.2124763,6.6516161,-0.3923160,0.9956037,1.1308835,-3.8272274,0.2897879,9.0279818,0.0141832,0.1991411,0.0043976,0.9798583
gait_20260919_222807_andrew_normal_left_2,andrew_normal_left_2,2513925336335767,2026-09-19T22:28:08.460578Z,-4.5436711,-5.0660558,5.6046767,0.6207410,1.6698037,0.6524334,-4.0950170,0.3880116,8.9059753,0.0173497,0.2139544,0.0133539,0.9765983
gait_20260919_222807_andrew_normal_left_2,andrew_normal_left_2,2513925346419752,2026-09-19T22:28:08.470520Z,-3.2493057,-4.1157074,4.3534818,0.6207410,1.6698037,0.6524334,-4.0950170,0.3880116,8.9059753,0.0173497,0.2139544,0.0133539,0.9765983
gait_20260919_222807_andrew_normal_left_2,andrew_normal_left_2,2513925356526482,2026-09-19T22:28:08.480356Z,-1.8893244,-3.7083192,2.7927616,1.3004202,3.3259847,-0.4246746,-4.5888014,0.5732314,8.6516142,0.0276085,0.2414129,0.0102001,0.9699761
gait_20260919_222807_andrew_normal_left_2,andrew_normal_left_2,2513925366565585,2026-09-19T22:28:08.492829Z,-0.4527286,-6.1923780,2.0494366,1.3004202,3.3259847,-0.4246746,-4.5888014,0.5732314,8.6516142,0.0276085,0.2414129,0.0102001,0.9699761
gait_20260919_222807_andrew_normal_left_2,andrew_normal_left_2,2513925376673902,2026-09-19T22:28:08.500914Z,-1.5192707,-5.6563764,0.4308067,1.8448696,4.2380524,-1.2778041,-5.3106198,0.7602935,8.2131224,0.0413284,0.2822843,-0.0029493,0.9584357
gait_20260919_222807_andrew_normal_left_2,andrew_normal_left_2,2513925386757968,2026-09-19T22:28:08.511601Z,-2.3196073,-4.6891189,-0.0912789,1.8448696,4.2380524,-1.2778041,-5.3106198,0.7602935,8.2131224,0.0413284,0.2822843,-0.0029493,0.9584357
gait_20260919_222807_andrew_normal_left_2,andrew_normal_left_2,2513925396827304,2026-09-19T22:28:08.521251Z,-2.0474164,-5.1434188,0.8155249,2.1463053,3.9312041,-2.5806057,-6.0113602,0.8477963,7.7059002,0.0555701,0.3227352,-0.0286350,0.9444227
gait_20260919_222807_andrew_normal_left_2,andrew_normal_left_2,2513925406926588,2026-09-19T22:28:08.531429Z,-1.4970495,-6.3064771,2.6299558,2.1463053,3.9312041,-2.5806057,-6.0113602,0.8477963,7.7059002,0.0555701,0.3227352,-0.0286350,0.9444227
gait_20260919_222807_andrew_normal_left_2,andrew_normal_left_2,2513925417010409,2026-09-19T22:28:08.542060Z,-1.9451393,-7.4814315,4.1903019,2.3026187,3.0347912,-3.9938729,-6.5795345,0.7327813,7.2393970,0.0663666,0.3558373,-0.0683427,0.9296798
gait_20260919_222807_andrew_normal_left_2,andrew_normal_left_2,2513925427095045,2026-09-19T22:28:08.551159Z,-3.2943468,-8.5707188,5.2765961,2.3026187,3.0347912,-3.9938729,-6.5795345,0.7327813,7.2393970,0.0663666,0.3558373,-0.0683427,0.9296798
gait_20260919_222807_andrew_normal_left_2,andrew_normal_left_2,2513925437178826,2026-09-19T22:28:08.561702Z,-4.2027216,-9.4105597,4.9230771,2.5577400,2.4144664,-5.2399678,-6.9681458,0.2168770,6.9017401,0.0645999,0.3796128,-0.1258617,0.9142646
gait_20260919_222807_andrew_normal_left_2,andrew_normal_left_2,2513925447263054,2026-09-19T22:28:08.571511Z,-3.4867058,-9.5685015,3.4165258,2.5577400,2.4144664,-5.2399678,-6.9681458,0.2168770,6.9017401,0.0645999,0.3796128,-0.1258617,0.9142646
gait_20260919_222807_andrew_normal_left_2,andrew_normal_left_2,2513925457348300,2026-09-19T22:28:08.581298Z,-2.3751230,-8.8903446,2.3396587,2.8737144,2.6667564,-5.4401646,-7.3092585,-0.2087754,6.5396690,0.0721700,0.4019226,-0.1863662,0.8935980
gait_20260919_222807_andrew_normal_left_2,andrew_normal_left_2,2513925467432000,2026-09-19T22:28:08.591393Z,-0.8926631,-7.7085814,1.4778210,2.8737144,2.6667564,-5.4401646,-7.3092585,-0.2087754,6.5396690,0.0721700,0.4019226,-0.1863662,0.8935980
gait_20260919_222807_andrew_normal_left_2,andrew_normal_left_2,2513925477518874,2026-09-19T22:28:08.601677Z,-0.1796400,-7.0952168,-0.2513912,2.7866313,3.2316735,-5.2175016,-7.6476240,-0.6375205,6.1109357,0.0824871,0.4263995,-0.2434592,0.8672411
gait_20260919_222807_andrew_normal_left_2,andrew_normal_left_2,2513925487607048,2026-09-19T22:28:08.612154Z,-0.7634510,-7.6529160,-1.1849054,2.7866313,3.2316735,-5.2175016,-7.6476240,-0.6375205,6.1109357,0.0824871,0.4263995,-0.2434592,0.8672411
gait_20260919_222807_andrew_normal_left_2,andrew_normal_left_2,2513925497685133,2026-09-19T22:28:08.622469Z,-1.4489410,-8.9172039,-1.1778724,1.9751364,4.6036720,-5.3964481,-8.0301123,-1.1981544,5.5061631,0.0904641,0.4596524,-0.2962172,0.8323409
gait_20260919_222807_andrew_normal_left_2,andrew_normal_left_2,2513925507769891,2026-09-19T22:28:08.631964Z,-2.5963621,-10.4929628,-0.8965537,1.9751364,4.6036720,-5.3964481,-8.0301123,-1.1981544,5.5061631,0.0904641,0.4596524,-0.2962172,0.8323409
gait_20260919_222807_andrew_normal_left_2,andrew_normal_left_2,2513925517841261,2026-09-19T22:28:08.641808Z,-4.1047091,-11.9665194,0.3765630,0.5808882,5.2151370,-5.8689027,-8.3161459,-2.6445005,4.4815674,0.0638524,0.5176128,-0.3547597,0.7759804
gait_20260919_222807_andrew_normal_left_2,andrew_normal_left_2,2513925527941358,2026-09-19T22:28:08.652084Z,-5.7234139,-13.2685165,2.6369886,0.5808882,5.2151370,-5.8689027,-8.3161459,-2.6445005,4.4815674,0.0638524,0.5176128,-0.3547597,0.7759804
gait_20260919_222807_andrew_normal_left_2,andrew_normal_left_2,2513925538010735,2026-09-19T22:28:08.662623Z,-7.3183265,-14.2511864,5.6989484,-0.9142994,4.4715900,-6.6556163,-8.3015213,-3.7568150,3.6341703,0.0437697,0.5597453,-0.3976640,0.7256947
gait_20260919_222807_andrew_normal_left_2,andrew_normal_left_2,2513925548087924,2026-09-19T22:28:08.672187Z,-8.1545010,-14.9459534,9.1310368,-0.9142994,4.4715900,-6.6556163,-8.3015213,-3.7568150,3.6341703,0.0437697,0.5597453,-0.3976640,0.7256947
gait_20260919_222807_andrew_normal_left_2,andrew_normal_left_2,2513925558193677,2026-09-19T22:28:08.682590Z,-8.6442652,-15.5506392,9.7747774,-1.5607374,3.6497531,-7.3076167,-7.9155855,-5.0395398,2.8605351,0.0072993,0.5955039,-0.4385830,0.6730282
gait_20260919_222807_andrew_normal_left_2,andrew_normal_left_2,2513925568277418,2026-09-19T22:28:08.692566Z,-9.4329300,-16.1921349,9.3933516,-1.5607374,3.6497531,-7.3076167,-7.9155855,-5.0395398,2.8605351,0.0072993,0.5955039,-0.4385830,0.6730282
gait_20260919_222807_andrew_normal_left_2,andrew_normal_left_2,2513925578362501,2026-09-19T22:28:08.702767Z,-11.1477022,-16.9397259,8.8186674,-0.9178966,3.1643085,-7.3676043,-7.2321973,-6.2458954,2.2181554,-0.0311162,0.6216674,-0.4803152,0.6179472
gait_20260919_222807_andrew_normal_left_2,andrew_normal_left_2,2513925588448724,2026-09-19T22:28:08.713204Z,-12.5219746,-17.2783546,8.3753662,-0.9178966,3.1643085,-7.3676043,-7.2321973,-6.2458954,2.2181554,-0.0311162,0.6216674,-0.4803152,0.6179472
gait_20260919_222807_andrew_normal_left_2,andrew_normal_left_2,2513925598534579,2026-09-19T22:28:08.722589Z,-13.4115696,-16.8453045,7.8024788,0.0661493,3.2519746,-6.8994131,-6.3880248,-7.2333784,1.7628064,-0.0616106,0.6378745,-0.5230176,0.5619367
gait_20260919_222807_andrew_normal_left_2,andrew_normal_left_2,2513925608615797,2026-09-19T22:28:08.732764Z,-14.8828812,-15.9767323,6.5002575,0.0661493,3.2519746,-6.8994131,-6.3880248,-7.2333784,1.7628064,-0.0616106,0.6378745,-0.5230176,0.5619367
gait_20260919_222807_andrew_normal_left_2,andrew_normal_left_2,2513925618700473,2026-09-19T22:28:08.742897Z,-15.2173214,-15.4681139,5.3131824,0.6591449,3.6322334,-6.2423334,-5.5061173,-7.9912000,1.4351033,-0.0807401,0.6487736,-0.5645692,0.5038209
gait_20260919_222807_andrew_normal_left_2,andrew_normal_left_2,2513925628782383,2026-09-19T22:28:08.752938Z,-15.6769333,-14.7314482,4.0991726,0.6591449,3.6322334,-6.2423334,-5.5061173,-7.9912000,1.4351033,-0.0807401,0.6487736,-0.5645692,0.5038209
gait_20260919_222807_andrew_normal_left_2,andrew_normal_left_2,2513925638845248,2026-09-19T22:28:08.763357Z,-15.2982006,-14.3108921,2.8363061,0.6203579,3.9739547,-5.6297860,-4.6392546,-8.5665112,1.1525220,-0.0919452,0.6583486,-0.6008006,0.4440292
gait_20260919_222807_andrew_normal_left_2,andrew_normal_left_2,2513925648927442,2026-09-19T22:28:08.773141Z,-14.9808197,-14.3588505,1.4689176,0.6203579,3.9739547,-5.6297860,-4.6392546,-8.5665112,1.1525220,-0.0919452,0.6583486,-0.6008006,0.4440292
gait_20260919_222807_andrew_normal_left_2,andrew_normal_left_2,2513925659036695,2026-09-19T22:28:08.783100Z,-14.8195848,-14.5670710,0.0669628,0.3361757,4.0102272,-5.1718869,-3.7849863,-9.0066185,0.8892931,-0.0998417,0.6673581,-0.6301003,0.3842374
gait_20260919_222807_andrew_normal_left_2,andrew_normal_left_2,2513925669121738,2026-09-19T22:28:08.793167Z,-16.3651161,-14.6070242,-0.9115175,0.3361757,4.0102272,-5.1718869,-3.7849863,-9.0066185,0.8892931,-0.0998417,0.6673581,-0.6301003,0.3842374
gait_20260919_222807_andrew_normal_left_2,andrew_normal_left_2,2513925679205559,2026-09-19T22:28:08.803515Z,-18.9475632,-14.5939312,-0.7247698,0.1385272,3.9989688,-4.6590796,-2.9487522,-9.3341303,0.6441913,-0.1053259,0.6758500,-0.6530873,0.3249772
gait_20260919_222807_andrew_normal_left_2,andrew_normal_left_2,2513925689290520,2026-09-19T22:28:08.813404Z,-20.5116501,-13.8470154,-0.0616507,0.1385272,3.9989688,-4.6590796,-2.9487522,-9.3341303,0.6441913,-0.1053259,0.6758500,-0.6530873,0.3249772
gait_20260919_222807_andrew_normal_left_2,andrew_normal_left_2,2513925699373447,2026-09-19T22:28:08.823546Z,-20.8445187,-13.1561384,0.2445827,0.3926325,3.2763560,-3.2460959,-2.2573669,-9.5338793,0.4955270,-0.1061699,0.6813216,-0.6703790,0.2740819
gait_20260919_222807_andrew_normal_left_2,andrew_normal_left_2,2513925709459466,2026-09-19T22:28:08.833618Z,-20.5021477,-12.8519249,-0.6458359,0.3926325,3.2763560,-3.2460959,-2.2573669,-9.5338793,0.4955270,-0.1061699,0.6813216,-0.6703790,0.2740819
gait_20260919_222807_andrew_normal_left_2,andrew_normal_left_2,2513925719543816,2026-09-19T22:28:08.843524Z,-20.3629093,-13.2798138,-1.9901054,1.1553147,1.7701435,-1.2646642,-1.9235396,-9.6027966,0.5678167,-0.0998728,0.6795791,-0.6840546,0.2454938
gait_20260919_222807_andrew_normal_left_2,andrew_normal_left_2,2513925729626987,2026-09-19T22:28:08.854623Z,-19.0743809,-13.1881609,-3.1136594,1.1553147,1.7701435,-1.2646642,-1.9235396,-9.6027966,0.5678167,-0.0998728,0.6795791,-0.6840546,0.2454938
gait_20260919_222807_andrew_normal_left_2,andrew_normal_left_2,2513925739710849,2026-09-19T22:28:08.864206Z,-17.3367138,-12.3555775,-3.6506338,1.6369456,-0.2005963,0.2636646,-1.9147664,-9.5830393,0.8574001,-0.0938368,0.6695043,-0.6953148,0.2439180
gait_20260919_222807_andrew_normal_left_2,andrew_normal_left_2,2513925749804762,2026-09-19T22:28:08.874224Z,-15.6098213,-11.6726313,-4.3329811,1.6369456,-0.2005963,0.2636646,-1.9147664,-9.5830393,0.8574001,-0.0938368,0.6695043,-0.6953148,0.2439180
gait_20260919_222807_andrew_normal_left_2,andrew_normal_left_2,2513925759895541,2026-09-19T22:28:08.883856Z,-14.4457150,-11.1373777,-5.2572927,1.6519508,-1.6366792,0.9281388,-2.0530612,-9.5128984,1.2352495,-0.0927299,0.6551071,-0.7032979,0.2600153
gait_20260919_222807_andrew_normal_left_2,andrew_normal_left_2,2513925769967441,2026-09-19T22:28:08.894137Z,-13.2156944,-10.3459444,-5.9105358,1.6519508,-1.6366792,0.9281388,-2.0530612,-9.5128984,1.2352495,-0.0927299,0.6551071,-0.7032979,0.2600153
gait_20260919_222807_andrew_normal_left_2,andrew_normal_left_2,2513925780050937,2026-09-19T22:28:08.904195Z,-11.6507845,-9.7586908,-5.4061823,1.3352435,-3.0219676,1.2323890,-2.1997483,-9.4210386,1.6251992,-0.0995893,0.6387023,-0.7071102,0.2865947
gait_20260919_222807_andrew_normal_left_2,andrew_normal_left_2,2513925790133905,2026-09-19T22:28:08.914248Z,-9.9874125,-9.4375687,-5.4518218,1.3352435,-3.0219676,1.2323890,-2.1997483,-9.4210386,1.6251992,-0.0995893,0.6387023,-0.7071102,0.2865947
gait_20260919_222807_andrew_normal_left_2,andrew_normal_left_2,2513925800216952,2026-09-19T22:28:08.924785Z,-8.2268515,-9.1013336,-5.1036148,0.9995674,-4.5335593,1.6091669,-2.3323503,-9.3131247,2.0154295,-0.1159192,0.6200635,-0.7048782,0.3243929
gait_20260919_222807_andrew_normal_left_2,andrew_normal_left_2,2513925810301262,2026-09-19T22:28:08.935034Z,-7.3364325,-8.7478895,-3.6826563,0.9995674,-4.5335593,1.6091669,-2.3323503,-9.3131247,2.0154295,-0.1159192,0.6200635,-0.7048782,0.3243929
gait_20260919_222807_andrew_normal_left_2,andrew_normal_left_2,2513925820386305,2026-09-19T22:28:08.944804Z,-6.9359274,-8.7324018,-2.0665700,0.7828668,-5.5138912,1.8792266,-2.4319680,-9.1894369,2.4240282,-0.1404113,0.5977529,-0.6961653,0.3719275
gait_20260919_222807_andrew_normal_left_2,andrew_normal_left_2,2513925830445061,2026-09-19T22:28:08.954825Z,-6.0439377,-9.2419176,-1.4886698,0.7828668,-5.5138912,1.8792266,-2.4319680,-9.1894369,2.4240282,-0.1404113,0.5977529,-0.6961653,0.3719275
gait_20260919_222807_andrew_normal_left_2,andrew_normal_left_2,2513925840555168,2026-09-19T22:28:08.964776Z,-1.2051812,-9.6083059,-2.7720366,0.7968061,-4.9681764,2.2625995,-2.5382788,-9.0426435,2.8326387,-0.1621243,0.5743152,-0.6840187,0.4195189
gait_20260919_222807_andrew_normal_left_2,andrew_normal_left_2,2513925850641961,2026-09-19T22:28:08.975676Z,5.7649384,-9.4538794,-5.3339820,0.7968061,-4.9681764,2.2625995,-2.5382788,-9.0426435,2.8326387,-0.1621243,0.5743152,-0.6840187,0.4195189
gait_20260919_222807_andrew_normal_left_2,andrew_normal_left_2,2513925860699619,2026-09-19T22:28:08.985315Z,9.1281185,-10.0343237,-6.3050551,0.2710756,-4.1874743,1.9319363,-2.6907482,-8.8879824,3.1622393,-0.1765181,0.5550761,-0.6693472,0.4612010
gait_20260919_222807_andrew_normal_left_2,andrew_normal_left_2,2513925870783114,2026-09-19T22:28:08.996610Z,5.7946415,-9.1160727,-1.9112463,0.2710756,-4.1874743,1.9319363,-2.6907482,-8.8879824,3.1622393,-0.1765181,0.5550761,-0.6693472,0.4612010
gait_20260919_222807_andrew_normal_left_2,andrew_normal_left_2,2513925880869296,2026-09-19T22:28:09.006100Z,2.6907086,-7.5795937,1.5280244,-1.4673089,-3.2933431,0.2268595,-2.5716674,-8.9064341,3.2090602,-0.2028300,0.5437753,-0.6533463,0.4861144
gait_20260919_222807_andrew_normal_left_2,andrew_normal_left_2,2513925890951572,2026-09-19T22:28:09.015578Z,1.3439702,-7.3020906,1.5574282,-1.4673089,-3.2933431,0.2268595,-2.5716674,-8.9064341,3.2090602,-0.2028300,0.5437753,-0.6533463,0.4861144
gait_20260919_222807_andrew_normal_left_2,andrew_normal_left_2,2513925901059279,2026-09-19T22:28:09.025438Z,0.0863409,-8.3262110,1.1363480,-1.7824841,-0.9461417,-0.0250475,-2.4293959,-9.0436211,2.9235361,-0.2242212,0.5487090,-0.6402005,0.4886580
gait_20260919_222807_andrew_normal_left_2,andrew_normal_left_2,2513925911121086,2026-09-19T22:28:09.035580Z,-1.5154549,-9.3803329,0.7654712,-1.7824841,-0.9461417,-0.0250475,-2.4293959,-9.0436211,2.9235361,-0.2242212,0.5487090,-0.6402005,0.4886580
gait_20260919_222807_andrew_normal_left_2,andrew_normal_left_2,2513925921226352,2026-09-19T22:28:09.046339Z,-2.6287587,-9.9695311,0.9882815,-0.7830833,-0.2778204,0.6770645,-2.4847810,-9.0917387,2.7207124,-0.2296882,0.5558166,-0.6310363,0.4900046
gait_20260919_222807_andrew_normal_left_2,andrew_normal_left_2,2513925931291619,2026-09-19T22:28:09.055722Z,-2.6541221,-9.8973303,1.1864766,-0.7830833,-0.2778204,0.6770645,-2.4847810,-9.0917387,2.7207124,-0.2296882,0.5558166,-0.6310363,0.4900046
gait_20260919_222807_andrew_normal_left_2,andrew_normal_left_2,2513925941395298,2026-09-19T22:28:09.065731Z,-3.0184898,-10.1561289,1.5212908,0.2766713,0.3939648,1.3020689,-2.6905222,-9.0547991,2.6472275,-0.2242709,0.5613400,-0.6242171,0.4949273
gait_20260919_222807_andrew_normal_left_2,andrew_normal_left_2,2513925951456617,2026-09-19T22:28:09.075697Z,-2.6700587,-9.8329115,2.9354410,0.2766713,0.3939648,1.3020689,-2.6905222,-9.0547991,2.6472275,-0.2242709,0.5613400,-0.6242171,0.4949273
gait_20260919_222807_andrew_normal_left_2,andrew_normal_left_2,2513925961541537,2026-09-19T22:28:09.087012Z,-3.1702223,-8.4969473,4.5039425,1.1146126,1.1524669,1.3411889,-2.9973218,-8.9254637,2.7546813,-0.2059177,0.5635036,-0.6242082,0.5004256
gait_20260919_222807_andrew_normal_left_2,andrew_normal_left_2,2513925971649895,2026-09-19T22:28:09.096501Z,-4.0337062,-7.7911062,7.0363345,1.1146126,1.1524669,1.3411889,-2.9973218,-8.9254637,2.7546813,-0.2059177,0.5635036,-0.6242082,0.5004256
gait_20260919_222807_andrew_normal_left_2,andrew_normal_left_2,2513925981724399,2026-09-19T22:28:09.106469Z,-3.0048728,-7.8484178,6.1432972,1.9681251,1.6610438,1.1080509,-3.2981141,-8.7528496,2.9573972,-0.1808347,0.5629675,-0.6308205,0.5024261
gait_20260919_222807_andrew_normal_left_2,andrew_normal_left_2,2513925991825798,2026-09-19T22:28:09.116211Z,-2.5604491,-8.5571012,4.6931591,1.9681251,1.6610438,1.1080509,-3.2981141,-8.7528496,2.9573972,-0.1808347,0.5629675,-0.6308205,0.5024261
gait_20260919_222807_andrew_normal_left_2,andrew_normal_left_2,2513926001879469,2026-09-19T22:28:09.127161Z,-3.3931823,-7.8068185,2.6369140,2.4798331,1.8941652,0.8967295,-3.5676422,-8.5257463,3.2893262,-0.1509688,0.5567778,-0.6439705,0.5025026
gait_20260919_222807_andrew_normal_left_2,andrew_normal_left_2,2513926011986036,2026-09-19T22:28:09.136561Z,-5.1366100,-6.5630307,5.0453310,2.4798331,1.8941652,0.8967295,-3.5676422,-8.5257463,3.2893262,-0.1509688,0.5567778,-0.6439705,0.5025026
gait_20260919_222807_andrew_normal_left_2,andrew_normal_left_2,2513926022069940,2026-09-19T22:28:09.147162Z,-4.5957451,-7.1294837,5.9468980,0.3703662,1.4119180,1.0105590,-3.8700666,-8.3375511,3.4269438,-0.1252628,0.5568764,-0.6500216,0.5016670
gait_20260919_222807_andrew_normal_left_2,andrew_normal_left_2,2513926032154290,2026-09-19T22:28:09.156369Z,-3.8906527,-7.3161569,6.1554179,0.3703662,1.4119180,1.0105590,-3.8700666,-8.3375511,3.4269438,-0.1252628,0.5568764,-0.6500216,0.5016670
gait_20260919_222807_andrew_normal_left_2,andrew_normal_left_2,2513926042215244,2026-09-19T22:28:09.166909Z,-4.4865093,-6.7924252,5.4133649,0.0411685,0.4875264,1.1673388,-4.1023521,-8.2421541,3.3872910,-0.1156628,0.5607986,-0.6442398,0.5070327
gait_20260919_222807_andrew_normal_left_2,andrew_normal_left_2,2513926052307773,2026-09-19T22:28:09.177122Z,-4.5670896,-6.6795983,3.3417070,0.0411685,0.4875264,1.1673388,-4.1023521,-8.2421541,3.3872910,-0.1156628,0.5607986,-0.6442398,0.5070327
gait_20260919_222807_andrew_normal_left_2,andrew_normal_left_2,2513926062407098,2026-09-19T22:28:09.186748Z,-4.3057475,-6.5866733,1.9650410,0.3640544,0.7795860,1.1364791,-4.3425360,-8.1143980,3.3963268,-0.1028003,0.5628998,-0.6410047,0.5115554
gait_20260919_222807_andrew_normal_left_2,andrew_normal_left_2,2513926072474928,2026-09-19T22:28:09.197790Z,-4.0173955,-6.3002667,1.7331775,0.3640544,0.7795860,1.1364791,-4.3425360,-8.1143980,3.3963268,-0.1028003,0.5628998,-0.6410047,0.5115554
gait_20260919_222807_andrew_normal_left_2,andrew_normal_left_2,2513926082557854,2026-09-19T22:28:09.207257Z,-4.2336221,-6.3806973,2.2195747,0.0216834,0.6943513,0.9577827,-4.5619206,-8.0095472,3.3574042,-0.0911762,0.5666614,-0.6373748,0.5141355
gait_20260919_222807_andrew_normal_left_2,andrew_normal_left_2,2513926092660272,2026-09-19T22:28:09.217109Z,-4.0310125,-7.3084502,2.3921816,0.0216834,0.6943513,0.9577827,-4.5619206,-8.0095472,3.3574042,-0.0911762,0.5666614,-0.6373748,0.5141355
gait_20260919_222807_andrew_normal_left_2,andrew_normal_left_2,2513926102744338,2026-09-19T22:28:09.227535Z,-3.8788311,-8.1076651,2.3003790,-0.2095228,0.6065186,0.8029514,-4.7403307,-7.9439979,3.2646999,-0.0831034,0.5720534,-0.6325641,0.5154721
gait_20260919_222807_andrew_normal_left_2,andrew_normal_left_2,2513926112827100,2026-09-19T22:28:09.237709Z,-4.0476971,-8.2590981,1.9002479,-0.2095228,0.6065186,0.8029514,-4.7403307,-7.9439979,3.2646999,-0.0831034,0.5720534,-0.6325641,0.5154721
gait_20260919_222807_andrew_normal_left_2,andrew_normal_left_2,2513926122931145,2026-09-19T22:28:09.247672Z,-4.8476601,-8.0912046,1.3063363,-0.2206809,0.2488926,0.7470276,-4.8807321,-7.8898702,3.1881845,-0.0778164,0.5761925,-0.6276403,0.5177011
gait_20260919_222807_andrew_normal_left_2,andrew_normal_left_2,2513926132978590,2026-09-19T22:28:09.257236Z,-6.5913868,-8.0840969,0.6385037,-0.2206809,0.2488926,0.7470276,-4.8807321,-7.8898702,3.1881845,-0.0778164,0.5761925,-0.6276403,0.5177011
gait_20260919_222807_andrew_normal_left_2,andrew_normal_left_2,2513926143081820,2026-09-19T22:28:09.267292Z,-8.3521729,-8.2814684,-0.1482909,-0.4083537,0.0163874,1.0558575,-5.0778847,-7.8435578,2.9882777,-0.0735560,0.5852907,-0.6173955,0.5204299
gait_20260919_222807_andrew_normal_left_2,andrew_normal_left_2,2513926153166008,2026-09-19T22:28:09.277431Z,-10.4226332,-8.6055088,-0.2621651,-0.4083537,0.0163874,1.0558575,-5.0778847,-7.8435578,2.9882777,-0.0735560,0.5852907,-0.6173955,0.5204299
gait_20260919_222807_andrew_normal_left_2,andrew_normal_left_2,2513926163251336,2026-09-19T22:28:09.287401Z,-10.0171900,-8.8066969,-0.0484078,-0.9778673,-0.2950406,2.1658237,-5.3362174,-7.7107983,2.8817513,-0.0683361,0.5905325,-0.6037999,0.5310625
gait_20260919_222807_andrew_normal_left_2,andrew_normal_left_2,2513926173313551,2026-09-19T22:28:09.297769Z,-6.4893341,-8.5093670,1.1662755,-0.9778673,-0.2950406,2.1658237,-5.3362174,-7.7107983,2.8817513,-0.0683361,0.5905325,-0.6037999,0.5310625
gait_20260919_222807_andrew_normal_left_2,andrew_normal_left_2,2513926183419141,2026-09-19T22:28:09.307942Z,-5.0195189,-8.1619081,3.6022260,-1.4630622,-1.0403861,3.3900523,-5.7777996,-7.4323101,2.7593338,-0.0614664,0.5965294,-0.5776586,0.5537916
gait_20260919_222807_andrew_normal_left_2,andrew_normal_left_2,2513926193508660,2026-09-19T22:28:09.317749Z,-3.7265749,-7.9774799,6.3759089,-1.4630622,-1.0403861,3.3900523,-5.7777996,-7.4323101,2.7593338,-0.0614664,0.5965294,-0.5776586,0.5537916
gait_20260919_222807_andrew_normal_left_2,andrew_normal_left_2,2513926203597771,2026-09-19T22:28:09.329485Z,-4.4609213,-8.3167086,7.7793598,-1.2501754,-1.2011462,2.7773218,-6.1777821,-7.1207619,2.7140169,-0.0578860,0.5988151,-0.5496916,0.5795764
gait_20260919_222807_andrew_normal_left_2,andrew_normal_left_2,2513926213671828,2026-09-19T22:28:09.338298Z,-6.5100589,-8.2362785,8.0061359,-1.2501754,-1.2011462,2.7773218,-6.1777821,-7.1207619,2.7140169,-0.0578860,0.5988151,-0.5496916,0.5795764
gait_20260919_222807_andrew_normal_left_2,andrew_normal_left_2,2513926223736565,2026-09-19T22:28:09.348311Z,-8.2467527,-7.2061729,8.1511345,-0.4435101,-0.3814244,1.4927561,-6.3931603,-6.9339271,2.6989369,-0.0551898,0.5997058,-0.5343236,0.5931320
gait_20260919_222807_andrew_normal_left_2,andrew_normal_left_2,2513926233824415,2026-09-19T22:28:09.358373Z,-9.7689419,-6.7477584,8.4849758,-0.4435101,-0.3814244,1.4927561,-6.3931603,-6.9339271,2.6989369,-0.0551898,0.5997058,-0.5343236,0.5931320
gait_20260919_222807_andrew_normal_left_2,andrew_normal_left_2,2513926243925123,2026-09-19T22:28:09.368738Z,-10.8106441,-6.2239518,10.2912512,0.3273325,-0.0211172,1.5436171,-6.5758924,-6.7540345,2.7160230,-0.0466129,0.5997095,-0.5269299,0.6004338
gait_20260919_222807_andrew_normal_left_2,andrew_normal_left_2,2513926254005120,2026-09-19T22:28:09.379978Z,-8.9842415,-6.2267947,9.5328131,0.3273325,-0.0211172,1.5436171,-6.5758924,-6.7540345,2.7160230,-0.0466129,0.5997095,-0.5269299,0.6004338
gait_20260919_222807_andrew_normal_left_2,andrew_normal_left_2,2513926264076816,2026-09-19T22:28:09.389064Z,-7.0651398,-6.6341085,7.7449431,1.1854082,-0.0966926,2.1278362,-6.8343854,-6.4303398,2.8597255,-0.0295239,0.5946706,-0.5203049,0.6121913
gait_20260919_222807_andrew_normal_left_2,andrew_normal_left_2,2513926274178704,2026-09-19T22:28:09.400310Z,-5.2135987,-6.1451674,5.6004868,1.1854082,-0.0966926,2.1278362,-6.8343854,-6.4303398,2.8597255,-0.0295239,0.5946706,-0.5203049,0.6121913
gait_20260919_222807_andrew_normal_left_2,andrew_normal_left_2,2513926284262078,2026-09-19T22:28:09.408853Z,-4.6508117,-5.1294274,3.8673840,1.4993011,0.3910170,1.7919102,-7.1047549,-6.0550270,3.0158262,-0.0070258,0.5886516,-0.5163965,0.6219122
gait_20260919_222807_andrew_normal_left_2,andrew_normal_left_2,2513926294347568,2026-09-19T22:28:09.420157Z,-5.2909613,-4.7762828,2.6752212,1.4993011,0.3910170,1.7919102,-7.1047549,-6.0550270,3.0158262,-0.0070258,0.5886516,-0.5163965,0.6219122
gait_20260919_222807_andrew_normal_left_2,andrew_normal_left_2,2513926304430819,2026-09-19T22:28:09.429251Z,-5.1379566,-4.5598321,0.9614964,1.4595815,1.0975922,1.0654836,-7.3049269,-5.7787442,3.0790048,0.0142613,0.5857916,-0.5175171,0.6235551
gait_20260919_222807_andrew_normal_left_2,andrew_normal_left_2,2513926314499871,2026-09-19T22:28:09.439432Z,-3.9515550,-4.6475945,-0.8551789,1.4595815,1.0975922,1.0654836,-7.3049269,-5.7787442,3.0790048,0.0142613,0.5857916,-0.5175171,0.6235551
gait_20260919_222807_andrew_normal_left_2,andrew_normal_left_2,2513926324599603,2026-09-19T22:28:09.449372Z,-4.1293244,-5.2694135,-2.8923452,1.1159449,1.8423215,0.8429374,-7.5035453,-5.5741673,2.9768462,0.0359422,0.5893109,-0.5193291,0.6178335
gait_20260919_222807_andrew_normal_left_2,andrew_normal_left_2,2513926334684686,2026-09-19T22:28:09.459083Z,-4.4372039,-5.5963717,-3.2276084,1.1159449,1.8423215,0.8429374,-7.5035453,-5.5741673,2.9768462,0.0359422,0.5893109,-0.5193291,0.6178335
gait_20260919_222807_andrew_normal_left_2,andrew_normal_left_2,2513926344768181,2026-09-19T22:28:09.469519Z,-4.7111154,-5.9714384,-2.5524435,0.4719383,2.1104827,0.9398631,-7.7213411,-5.4049511,2.7209396,0.0564269,0.5987093,-0.5170870,0.6090847
gait_20260919_222807_andrew_normal_left_2,andrew_normal_left_2,2513926354834181,2026-09-19T22:28:09.479864Z,-3.8317702,-6.1128459,-1.8777275,0.4719383,2.1104827,0.9398631,-7.7213411,-5.4049511,2.7209396,0.0564269,0.5987093,-0.5170870,0.6090847
gait_20260919_222807_andrew_normal_left_2,andrew_normal_left_2,2513926364914341,2026-09-19T22:28:09.489667Z,-3.2292542,-5.4693294,-1.0457424,0.1675050,1.4163647,1.2971727,-7.9397531,-5.2090111,2.4622471,0.0738726,0.6077620,-0.5098513,0.6043342
gait_20260919_222807_andrew_normal_left_2,andrew_normal_left_2,2513926374998325,2026-09-19T22:28:09.499826Z,-3.3581672,-4.5109005,0.3652654,0.1675050,1.4163647,1.2971727,-7.9397531,-5.2090111,2.4622471,0.0738726,0.6077620,-0.5098513,0.6043342
gait_20260919_222807_andrew_normal_left_2,andrew_normal_left_2,2513926385082756,2026-09-19T22:28:09.509730Z,-2.0525043,-5.3736362,1.0045921,-0.0629185,0.8794428,1.3002369,-8.1225414,-4.9924045,2.3100491,0.0869748,0.6123972,-0.5010188,0.6052977
gait_20260919_222807_andrew_normal_left_2,andrew_normal_left_2,2513926395167433,2026-09-19T22:28:09.519998Z,-2.8138604,-4.9915366,-1.1776479,-0.0629185,0.8794428,1.3002369,-8.1225414,-4.9924045,2.3100491,0.0869748,0.6123972,-0.5010188,0.6052977
gait_20260919_222807_andrew_normal_left_2,andrew_normal_left_2,2513926405274245,2026-09-19T22:28:09.529831Z,-3.2505777,-5.4604259,2.1743841,-0.5165542,1.0225331,0.9369820,-8.2699289,-4.8279357,2.1296604,0.0964525,0.6184581,-0.4918096,0.6052520
gait_20260919_222807_andrew_normal_left_2,andrew_normal_left_2,2513926415358555,2026-09-19T22:28:09.539672Z,-4.0786724,-5.0368767,2.7486932,-0.5165542,1.0225331,0.9369820,-8.2699289,-4.8279357,2.1296604,0.0964525,0.6184581,-0.4918096,0.6052520
gait_20260919_222807_andrew_normal_left_2,andrew_normal_left_2,2513926425442498,2026-09-19T22:28:09.549750Z,-4.3106852,-3.4555063,6.2345762,-0.7880794,0.9224098,0.5843689,-8.3766985,-4.7454472,1.8835528,0.1008593,0.6278286,-0.4816495,0.6030526
gait_20260919_222807_andrew_normal_left_2,andrew_normal_left_2,2513926435528273,2026-09-19T22:28:09.560154Z,-6.1240687,-3.3797898,4.0840592,-0.7880794,0.9224098,0.5843689,-8.3766985,-4.7454472,1.8835528,0.1008593,0.6278286,-0.4816495,0.6030526
gait_20260919_222807_andrew_normal_left_2,andrew_normal_left_2,2513926445636020,2026-09-19T22:28:09.570273Z,-7.0239892,-4.1214685,2.6461914,-0.4515040,0.5277289,0.1791794,-8.4264288,-4.7177677,1.7245615,0.1027056,0.6339529,-0.4761367,0.6007072
gait_20260919_222807_andrew_normal_left_2,andrew_normal_left_2,2513926455695956,2026-09-19T22:28:09.580015Z,-8.1094608,-4.1674075,3.3012300,-0.4515040,0.5277289,0.1791794,-8.4264288,-4.7177677,1.7245615,0.1027056,0.6339529,-0.4761367,0.6007072
gait_20260919_222807_andrew_normal_left_2,andrew_normal_left_2,2513926465781365,2026-09-19T22:28:09.590005Z,-9.1408377,-3.7581484,2.2230911,-0.5138063,0.3338941,0.0284449,-8.4417877,-4.7274990,1.6195955,0.1019807,0.6382805,-0.4727087,0.5989528
gait_20260919_222807_andrew_normal_left_2,andrew_normal_left_2,2513926475842604,2026-09-19T22:28:09.600438Z,-9.6862669,-3.8171058,0.9757120,-0.5138063,0.3338941,0.0284449,-8.4417877,-4.7274990,1.6195955,0.1019807,0.6382805,-0.4727087,0.5989528
gait_20260919_222807_andrew_normal_left_2,andrew_normal_left_2,2513926485949293,2026-09-19T22:28:09.610218Z,-9.7566710,-3.4878283,0.2074725,-0.6818275,0.9428275,0.2577858,-8.4741659,-4.7229304,1.4555308,0.1021295,0.6447691,-0.4673113,0.5962068
gait_20260919_222807_andrew_normal_left_2,andrew_normal_left_2,2513926496033277,2026-09-19T22:28:09.620454Z,-10.9217501,-3.5250132,0.5104887,-0.6818275,0.9428275,0.2577858,-8.4741659,-4.7229304,1.4555308,0.1021295,0.6447691,-0.4673113,0.5962068
gait_20260919_222807_andrew_normal_left_2,andrew_normal_left_2,2513926506095126,2026-09-19T22:28:09.632380Z,-12.6998186,-4.1929207,0.3994576,-0.7805352,1.7386843,0.6739502,-8.5659266,-4.6481271,1.1206868,0.1081372,0.6569098,-0.4572375,0.5896692
gait_20260919_222807_andrew_normal_left_2,andrew_normal_left_2,2513926516201613,2026-09-19T22:28:09.640385Z,-13.7858133,-4.5657425,0.6530185,-0.7805352,1.7386843,0.6739502,-8.5659266,-4.6481271,1.1206868,0.1081372,0.6569098,-0.4572375,0.5896692
gait_20260919_222807_andrew_normal_left_2,andrew_normal_left_2,2513926526286899,2026-09-19T22:28:09.650589Z,-14.2156477,-4.6260467,0.5054010,-0.7070249,1.9709730,0.9656934,-8.6878138,-4.5025797,0.6962672,0.1191820,0.6713074,-0.4445282,0.5809792
gait_20260919_222807_andrew_normal_left_2,andrew_normal_left_2,2513926536347934,2026-09-19T22:28:09.660493Z,-14.5753765,-4.3355250,0.7241712,-0.7070249,1.9709730,0.9656934,-8.6878138,-4.5025797,0.6962672,0.1191820,0.6713074,-0.4445282,0.5809792
gait_20260919_222807_andrew_normal_left_2,andrew_normal_left_2,2513926546455437,2026-09-19T22:28:09.670881Z,-13.9911165,-4.0709658,1.4387655,-0.5157881,1.1613767,1.0809716,-8.7998600,-4.3194962,0.3748726,0.1297669,0.6814690,-0.4322906,0.5760951
gait_20260919_222807_andrew_normal_left_2,andrew_normal_left_2,2513926556523716,2026-09-19T22:28:09.680590Z,-13.8150673,-4.5565400,1.6557401,-0.5157881,1.1613767,1.0809716,-8.7998600,-4.3194962,0.3748726,0.1297669,0.6814690,-0.4322906,0.5760951
gait_20260919_222807_andrew_normal_left_2,andrew_normal_left_2,2513926566623651,2026-09-19T22:28:09.690908Z,-12.2341461,-3.8490534,1.3275849,-0.1583453,0.5115746,0.9261903,-8.8919392,-4.1364608,0.2433565,0.1378568,0.6847902,-0.4235110,0.5767985
gait_20260919_222807_andrew_normal_left_2,andrew_normal_left_2,2513926576707472,2026-09-19T22:28:09.700975Z,-11.6205568,-3.5948191,1.0277859,-0.1583453,0.5115746,0.9261903,-8.8919392,-4.1364608,0.2433565,0.1378568,0.6847902,-0.4235110,0.5767985
gait_20260919_222807_andrew_normal_left_2,andrew_normal_left_2,2513926586825595,2026-09-19T22:28:09.710912Z,-11.4760075,-3.6911857,1.7770962,-0.1098159,0.5030978,0.5381876,-8.9469557,-4.0202899,0.1593153,0.1440932,0.6866319,-0.4189131,0.5764423
gait_20260919_222807_andrew_normal_left_2,andrew_normal_left_2,2513926596894850,2026-09-19T22:28:09.721066Z,-11.0267200,-4.4190230,2.6292076,-0.1098159,0.5030978,0.5381876,-8.9469557,-4.0202899,0.1593153,0.1440932,0.6866319,-0.4189131,0.5764423
gait_20260919_222807_andrew_normal_left_2,andrew_normal_left_2,2513926606961012,2026-09-19T22:28:09.731138Z,-10.6087074,-5.3499932,2.8868835,-0.2951738,0.4846619,0.5354064,-8.9869814,-3.9329166,0.0498098,0.1479778,0.6898627,-0.4135309,0.5754861
gait_20260919_222807_andrew_normal_left_2,andrew_normal_left_2,2513926617044955,2026-09-19T22:28:09.741228Z,-10.3294840,-6.2481933,2.2641666,-0.2951738,0.4846619,0.5354064,-8.9869814,-3.9329166,0.0498098,0.1479778,0.6898627,-0.4135309,0.5754861
gait_20260919_222807_andrew_normal_left_2,andrew_normal_left_2,2513926627128899,2026-09-19T22:28:09.751343Z,-9.7890673,-6.8705359,1.5240591,-0.0324918,0.4566501,0.5214504,-9.0289373,-3.8356376,-0.0477764,0.1525452,0.6924697,-0.4084499,0.5747908
gait_20260919_222807_andrew_normal_left_2,andrew_normal_left_2,2513926637201816,2026-09-19T22:28:09.761751Z,-9.5176249,-7.3328414,0.8355764,-0.0324918,0.4566501,0.5214504,-9.0289373,-3.8356376,-0.0477764,0.1525452,0.6924697,-0.4084499,0.5747908
gait_20260919_222807_andrew_normal_left_2,andrew_normal_left_2,2513926647298333,2026-09-19T22:28:09.771753Z,-9.7409592,-7.6731172,0.3840449,0.3982448,0.6360293,0.5130069,-9.0673361,-3.7423539,-0.1197668,0.1597928,0.6934880,-0.4065689,0.5729246
gait_20260919_222807_andrew_normal_left_2,andrew_normal_left_2,2513926657382765,2026-09-19T22:28:09.782463Z,-10.1584482,-7.8061452,0.3298013,0.3982448,0.6360293,0.5130069,-9.0673361,-3.7423539,-0.1197668,0.1597928,0.6934880,-0.4065689,0.5729246
gait_20260919_222807_andrew_normal_left_2,andrew_normal_left_2,2513926667467034,2026-09-19T22:28:09.791731Z,-10.2658882,-7.7147913,0.0251391,0.8188558,1.3822575,0.4699232,-9.0974607,-3.6601119,-0.2755542,0.1714967,0.6964182,-0.4067237,0.5658325
gait_20260919_222807_andrew_normal_left_2,andrew_normal_left_2,2513926677552850,2026-09-19T22:28:09.802869Z,-11.2604542,-6.8721070,-1.1649288,0.8188558,1.3822575,0.4699232,-9.0974607,-3.6601119,-0.2755542,0.1714967,0.6964182,-0.4067237,0.5658325
gait_20260919_222807_andrew_normal_left_2,andrew_normal_left_2,2513926687635370,2026-09-19T22:28:09.811832Z,-11.0667486,-5.1545668,-1.9283050,1.3217205,1.8648376,0.6281353,-9.1207380,-3.5750799,-0.5167851,0.1892699,0.7006391,-0.4090260,0.5531541
gait_20260919_222807_andrew_normal_left_2,andrew_normal_left_2,2513926697719597,2026-09-19T22:28:09.822367Z,-10.6821795,-3.8905029,-1.9158102,1.3217205,1.8648376,0.6281353,-9.1207380,-3.5750799,-0.5167851,0.1892699,0.7006391,-0.4090260,0.5531541
gait_20260919_222807_andrew_normal_left_2,andrew_normal_left_2,2513926707818719,2026-09-19T22:28:09.832369Z,-9.7833071,-2.6971431,-1.5705963,1.1756325,1.6354134,0.9857447,-9.1600695,-3.4291916,-0.7549183,0.2104157,0.7032729,-0.4100220,0.5413082
gait_20260919_222807_andrew_normal_left_2,andrew_normal_left_2,2513926717908237,2026-09-19T22:28:09.842112Z,-10.0472670,-1.9912276,-1.5358804,1.1756325,1.6354134,0.9857447,-9.1600695,-3.4291916,-0.7549183,0.2104157,0.7032729,-0.4100220,0.5413082
gait_20260919_222807_andrew_normal_left_2,andrew_normal_left_2,2513926727976311,2026-09-19T22:28:09.852910Z,-10.9943991,-0.9288006,-1.6000001,0.6043202,0.8630553,1.1155119,-9.2151461,-3.2384300,-0.9109269,0.2273419,0.7036625,-0.4072897,0.5359944
gait_20260919_222807_andrew_normal_left_2,andrew_normal_left_2,2513926738060825,2026-09-19T22:28:09.862269Z,-10.4325094,0.1146224,-0.9100959,0.6043202,0.8630553,1.1155119,-9.2151461,-3.2384300,-0.9109269,0.2273419,0.7036625,-0.4072897,0.5359944
gait_20260919_222807_andrew_normal_left_2,andrew_normal_left_2,2513926748144036,2026-09-19T22:28:09.873230Z,-8.4149456,0.5968296,0.0231190,-0.1321654,0.0377044,1.4143995,-9.2925520,-2.9926405,-0.9636765,0.2385006,0.7018718,-0.4000171,0.5389620
gait_20260919_222807_andrew_normal_left_2,andrew_normal_left_2,2513926758229282,2026-09-19T22:28:09.882565Z,-7.0287027,0.7013515,1.0773159,-0.1321654,0.0377044,1.4143995,-9.2925520,-2.9926405,-0.9636765,0.2385006,0.7018718,-0.4000171,0.5389620
gait_20260919_222807_andrew_normal_left_2,andrew_normal_left_2,2513926768315911,2026-09-19T22:28:09.892629Z,-6.3363295,0.4715829,1.8457799,-0.4592314,-0.8810082,1.2224965,-9.3864336,-2.7157826,-0.8691887,0.2435553,0.6966824,-0.3905866,0.5502331
gait_20260919_222807_andrew_normal_left_2,andrew_normal_left_2,2513926778397413,2026-09-19T22:28:09.903649Z,-5.1511250,-0.1897405,1.6976386,-0.4592314,-0.8810082,1.2224965,-9.3864336,-2.7157826,-0.8691887,0.2435553,0.6966824,-0.3905866,0.5502331
gait_20260919_222807_andrew_normal_left_2,andrew_normal_left_2,2513926788461622,2026-09-19T22:28:09.913112Z,-4.4121394,-0.8259996,1.6760160,-0.4391801,-0.9146658,0.7931922,-9.4510841,-2.5373783,-0.6890947,0.2430840,0.6902272,-0.3849680,0.5624022
gait_20260919_222807_andrew_normal_left_2,andrew_normal_left_2,2513926798570835,2026-09-19T22:28:09.924236Z,-2.9477112,-1.5904981,1.2468554,-0.4391801,-0.9146658,0.7931922,-9.4510841,-2.5373783,-0.6890947,0.2430840,0.6902272,-0.3849680,0.5624022
gait_20260919_222807_andrew_normal_left_2,andrew_normal_left_2,2513926808651930,2026-09-19T22:28:09.933527Z,-1.8390462,-2.7474961,-0.5903952,-0.4096028,-0.5704629,0.5257638,-9.4906931,-2.4140930,-0.5788025,0.2423539,0.6864015,-0.3802318,0.5705622
gait_20260919_222807_andrew_normal_left_2,andrew_normal_left_2,2513926818734165,2026-09-19T22:28:09.943384Z,-1.6138415,-3.9073372,-1.1812392,-0.4096028,-0.5704629,0.5257638,-9.4906931,-2.4140930,-0.5788025,0.2423539,0.6864015,-0.3802318,0.5705622
gait_20260919_222807_andrew_normal_left_2,andrew_normal_left_2,2513926828830804,2026-09-19T22:28:09.953394Z,-1.8475007,-4.7181487,-1.5491982,-0.7206311,-0.7060756,-0.0132232,-9.5047131,-2.3749845,-0.5060163,0.2384354,0.6850698,-0.3767202,0.5761162
gait_20260919_222807_andrew_normal_left_2,andrew_normal_left_2,2513926838907098,2026-09-19T22:28:09.963789Z,-3.6760724,-4.4869585,-1.2811972,-0.7206311,-0.7060756,-0.0132232,-9.5047131,-2.3749845,-0.5060163,0.2384354,0.6850698,-0.3767202,0.5761162
gait_20260919_222807_andrew_normal_left_2,andrew_normal_left_2,2513926848988477,2026-09-19T22:28:09.973941Z,-4.5155392,-4.6870985,-3.1031847,-1.2723583,-1.2561041,-0.5730109,-9.4900322,-2.4589686,-0.3589857,0.2245693,0.6842811,-0.3743468,0.5841170
gait_20260919_222807_andrew_normal_left_2,andrew_normal_left_2,2513926859073154,2026-09-19T22:28:09.983538Z,-4.7198696,-4.4157310,-2.9245923,-1.2723583,-1.2561041,-0.5730109,-9.4900322,-2.4589686,-0.3589857,0.2245693,0.6842811,-0.3743468,0.5841170
gait_20260919_222807_andrew_normal_left_2,andrew_normal_left_2,2513926869156732,2026-09-19T22:28:09.993647Z,-5.5841012,-3.7382467,-1.9825486,-1.9590821,-1.2212309,-0.6534992,-9.4614401,-2.5841148,-0.1990109,0.2050886,0.6844264,-0.3698716,0.5938806
gait_20260919_222807_andrew_normal_left_2,andrew_normal_left_2,2513926879241042,2026-09-19T22:28:10.003554Z,-6.0898767,-3.5118449,-0.9496751,-1.9590821,-1.2212309,-0.6534992,-9.4614401,-2.5841148,-0.1990109,0.2050886,0.6844264,-0.3698716,0.5938806
gait_20260919_222807_andrew_normal_left_2,andrew_normal_left_2,2513926889314771,2026-09-19T22:28:10.015855Z,-5.9420347,-4.1899276,-0.7909844,-2.0029652,-1.1042538,-0.6480201,-9.4297991,-2.7028179,-0.0988984,0.1844961,0.6865414,-0.3621356,0.6028931
gait_20260919_222807_andrew_normal_left_2,andrew_normal_left_2,2513926899409905,2026-09-19T22:28:10.024765Z,-6.2920370,-5.2709098,-0.6446388,-2.0029652,-1.1042538,-0.6480201,-9.4297991,-2.7028179,-0.0988984,0.1844961,0.6865414,-0.3621356,0.6028931
gait_20260919_222807_andrew_normal_left_2,andrew_normal_left_2,2513926909502231,2026-09-19T22:28:10.033796Z,-6.5989437,-5.6652799,-0.6407482,-1.6423582,-0.7362025,-0.8584921,-9.3876982,-2.8472164,-0.0245761,0.1658816,0.6885189,-0.3569641,0.6090990
gait_20260919_222807_andrew_normal_left_2,andrew_normal_left_2,2513926919583205,2026-09-19T22:28:10.045240Z,-6.8798132,-5.4073048,-0.5918915,-1.6423582,-0.7362025,-0.8584921,-9.3876982,-2.8472164,-0.0245761,0.1658816,0.6885189,-0.3569641,0.6090990
gait_20260919_222807_andrew_normal_left_2,andrew_normal_left_2,2513926929662184,2026-09-19T22:28:10.054199Z,-8.5726633,-5.4763622,0.0282815,-1.4922231,-0.2465777,-1.0501120,-9.3267097,-3.0409219,-0.0375485,0.1490872,0.6928180,-0.3544261,0.6100478
gait_20260919_222807_andrew_normal_left_2,andrew_normal_left_2,2513926939756503,2026-09-19T22:28:10.065664Z,-9.9051113,-5.4501758,0.9850644,-1.4922231,-0.2465777,-1.0501120,-9.3267097,-3.0409219,-0.0375485,0.1490872,0.6928180,-0.3544261,0.6100478
gait_20260919_222807_andrew_normal_left_2,andrew_normal_left_2,2513926949825148,2026-09-19T22:28:10.074275Z,-9.5616932,-5.3967552,0.7258172,-1.3180567,0.6387439,-0.6809782,-9.2664890,-3.2150116,-0.1789251,0.1358806,0.7006878,-0.3508417,0.6062040
gait_20260919_222807_andrew_normal_left_2,andrew_normal_left_2,2513926959897251,2026-09-19T22:28:10.084356Z,-9.6169844,-5.2276645,1.0830022,-1.3180567,0.6387439,-0.6809782,-9.2664890,-3.2150116,-0.1789251,0.1358806,0.7006878,-0.3508417,0.6062040
gait_20260919_222807_andrew_normal_left_2,andrew_normal_left_2,2513926970004916,2026-09-19T22:28:10.094834Z,-10.5187006,-5.0485482,1.2939912,-0.7472107,1.3287151,-0.2526231,-9.2372417,-3.2688136,-0.4736289,0.1319762,0.7120596,-0.3441552,0.5975874
gait_20260919_222807_andrew_normal_left_2,andrew_normal_left_2,2513926980060296,2026-09-19T22:28:10.104844Z,-11.2079315,-4.4594250,1.0617536,-0.7472107,1.3287151,-0.2526231,-9.2372417,-3.2688136,-0.4736289,0.1319762,0.7120596,-0.3441552,0.5975874
gait_20260919_222807_andrew_normal_left_2,andrew_normal_left_2,2513926990169468,2026-09-19T22:28:10.115773Z,-11.9580650,-4.0801687,0.9668834,0.0393199,1.2843158,-0.1365787,-9.2107954,-3.2934868,-0.7418515,0.1345321,0.7211265,-0.3417869,0.5874177
gait_20260919_222807_andrew_normal_left_2,andrew_normal_left_2,2513927000253249,2026-09-19T22:28:10.125254Z,-12.5700083,-3.6614077,0.3062333,0.0393199,1.2843158,-0.1365787,-9.2107954,-3.2934868,-0.7418515,0.1345321,0.7211265,-0.3417869,0.5874177
gait_20260919_222807_andrew_normal_left_2,andrew_normal_left_2,2513927010338453,2026-09-19T22:28:10.135815Z,-12.0704432,-3.2960675,0.0871639,0.4655100,1.2591684,-0.1767979,-9.1804876,-3.3285022,-0.9358528,0.1400781,0.7269084,-0.3441078,0.5775570
gait_20260919_222807_andrew_normal_left_2,andrew_normal_left_2,2513927020421299,2026-09-19T22:28:10.144995Z,-11.1595240,-2.9854946,-0.2206406,0.4655100,1.2591684,-0.1767979,-9.1804876,-3.3285022,-0.9358528,0.1400781,0.7269084,-0.3441078,0.5775570
gait_20260919_222807_andrew_normal_left_2,andrew_normal_left_2,2513927030511346,2026-09-19T22:28:10.155220Z,-11.1117897,-3.0724342,-0.6784569,0.4501550,1.5192858,-0.3617728,-9.1331758,-3.3881297,-1.1583698,0.1461765,0.7334833,-0.3475781,0.5655300
gait_20260919_222807_andrew_normal_left_2,andrew_normal_left_2,2513927040566643,2026-09-19T22:28:10.166601Z,-11.1905737,-3.2158618,-1.2997522,0.4501550,1.5192858,-0.3617728,-9.1331758,-3.3881297,-1.1583698,0.1461765,0.7334833,-0.3475781,0.5655300
gait_20260919_222807_andrew_normal_left_2,andrew_normal_left_2,2513927050671909,2026-09-19T22:28:10.175053Z,-10.0001316,-2.7788451,-1.1655273,0.4150320,2.0436172,-0.4561671,-9.0490599,-3.4887204,-1.4763045,0.1515363,0.7433797,-0.3505831,0.5491039
gait_20260919_222807_andrew_normal_left_2,andrew_normal_left_2,2513927060759230,2026-09-19T22:28:10.185197Z,-8.1016788,-1.7315316,-0.0979378,0.4150320,2.0436172,-0.4561671,-9.0490599,-3.4887204,-1.4763045,0.1515363,0.7433797,-0.3505831,0.5491039
gait_20260919_222807_andrew_normal_left_2,andrew_normal_left_2,2513927070821649,2026-09-19T22:28:10.195666Z,-8.8480721,-1.3153145,-0.2095675,0.6779638,3.0764258,-0.3345436,-8.9539328,-3.5489659,-1.8622705,0.1619327,0.7543395,-0.3529033,0.5293478
gait_20260919_222807_andrew_normal_left_2,andrew_normal_left_2,2513927080928582,2026-09-19T22:28:10.206366Z,-9.6280575,0.0343418,-2.4221091,0.6779638,3.0764258,-0.3345436,-8.9539328,-3.5489659,-1.8622705,0.1619327,0.7543395,-0.3529033,0.5293478
gait_20260919_222807_andrew_normal_left_2,andrew_normal_left_2,2513927091000074,2026-09-19T22:28:10.215912Z,-12.4443874,-0.7014263,-5.6567502,1.2781872,5.4311881,-0.2756887,-8.7873631,-3.5081425,-2.5906143,0.1864282,0.7729238,-0.3505110,0.4949498
gait_20260919_222807_andrew_normal_left_2,andrew_normal_left_2,2513927101097650,2026-09-19T22:28:10.227361Z,-13.0712938,-0.0084545,-7.1673422,1.2781872,5.4311881,-0.2756887,-8.7873631,-3.5081425,-2.5906143,0.1864282,0.7729238,-0.3505110,0.4949498
gait_20260919_222807_andrew_normal_left_2,andrew_normal_left_2,2513927111155511,2026-09-19T22:28:10.236001Z,-12.4921217,1.0794109,-8.0849199,1.1728013,5.6308517,0.1672552,-8.4212008,-3.5956051,-3.5201006,0.2138289,0.7961268,-0.3495925,0.4452462
gait_20260919_222807_andrew_normal_left_2,andrew_normal_left_2,2513927121262769,2026-09-19T22:28:10.245650Z,-12.3602905,1.8790742,-9.0505314,1.1728013,5.6308517,0.1672552,-8.4212008,-3.5956051,-3.5201006,0.2138289,0.7961268,-0.3495925,0.4452462
gait_20260919_222807_andrew_normal_left_2,andrew_normal_left_2,2513927131331373,2026-09-19T22:28:10.255775Z,-11.8237648,1.8100913,-8.5002394,0.2368185,4.3470020,0.0339074,-8.0530663,-3.5972326,-4.2946672,0.2357094,0.8145263,-0.3420990,0.4049151
gait_20260919_222807_andrew_normal_left_2,andrew_normal_left_2,2513927141432122,2026-09-19T22:28:10.266276Z,-11.7030077,0.4267665,-7.3299980,0.2368185,4.3470020,0.0339074,-8.0530663,-3.5972326,-4.2946672,0.2357094,0.8145263,-0.3420990,0.4049151
gait_20260919_222807_andrew_normal_left_2,andrew_normal_left_2,2513927151493280,2026-09-19T22:28:10.275818Z,-11.0795422,-1.0815806,-6.1813798,-0.6361126,2.7643983,-0.8993275,-7.7171159,-3.6438820,-4.8378057,0.2401379,0.8300721,-0.3328099,0.3775602
gait_20260919_222807_andrew_normal_left_2,andrew_normal_left_2,2513927161578565,2026-09-19T22:28:10.286397Z,-10.6462669,-2.5482535,-6.2110081,-0.6361126,2.7643983,-0.8993275,-7.7171159,-3.6438820,-4.8378057,0.2401379,0.8300721,-0.3328099,0.3775602
gait_20260919_222807_andrew_normal_left_2,andrew_normal_left_2,2513927171685581,2026-09-19T22:28:10.296171Z,-9.5736647,-3.6252704,-6.3126869,-0.9078044,1.6012896,-1.3605075,-7.4222250,-3.7549639,-5.2006721,0.2319510,0.8434296,-0.3254853,0.3590054
gait_20260919_222807_andrew_normal_left_2,andrew_normal_left_2,2513927181745721,2026-09-19T22:28:10.307079Z,-8.8671503,-4.1960630,-5.8356423,-0.9078044,1.6012896,-1.3605075,-7.4222250,-3.7549639,-5.2006721,0.2319510,0.8434296,-0.3254853,0.3590054
gait_20260919_222807_andrew_normal_left_2,andrew_normal_left_2,2513927191838210,2026-09-19T22:28:10.316023Z,-8.9088993,-4.3442039,-5.2314801,-0.9822307,0.3664525,-1.2555546,-7.2445250,-3.8465431,-5.3811765,0.2193753,0.8522006,-0.3202125,0.3508457
gait_20260919_222807_andrew_normal_left_2,andrew_normal_left_2,2513927201937452,2026-09-19T22:28:10.326913Z,-10.6742487,-4.2933273,-4.9539027,-0.9822307,0.3664525,-1.2555546,-7.2445250,-3.8465431,-5.3811765,0.2193753,0.8522006,-0.3202125,0.3508457
gait_20260919_222807_andrew_normal_left_2,andrew_normal_left_2,2513927212022454,2026-09-19T22:28:10.337011Z,-11.8237648,-4.1266313,-5.4284782,-0.7570532,-0.4712389,-1.1571633,-7.1787829,-3.9194169,-5.4165831,0.2054538,0.8567167,-0.3171959,0.3510159
gait_20260919_222807_andrew_normal_left_2,andrew_normal_left_2,2513927222105991,2026-09-19T22:28:10.347011Z,-11.4075480,-3.4014125,-6.7393036,-0.7570532,-0.4712389,-1.1571633,-7.1787829,-3.9194169,-5.4165831,0.2054538,0.8567167,-0.3171959,0.3510159
gait_20260919_222807_andrew_normal_left_2,andrew_normal_left_2,2513927232190708,2026-09-19T22:28:10.356756Z,-11.0743799,-2.4058735,-7.1875429,-0.3586752,-1.7430643,-1.0020155,-7.2337503,-4.0226016,-5.2657027,0.1905326,0.8556750,-0.3195480,0.3597314
gait_20260919_222807_andrew_normal_left_2,andrew_normal_left_2,2513927242254225,2026-09-19T22:28:10.366482Z,-11.3077402,-1.5382746,-6.9356284,-0.3586752,-1.7430643,-1.0020155,-7.2337503,-4.0226016,-5.2657027,0.1905326,0.8556750,-0.3195480,0.3597314
gait_20260919_222807_andrew_normal_left_2,andrew_normal_left_2,2513927252381259,2026-09-19T22:28:10.376762Z,-11.1550350,-2.3576901,-4.0194907,-0.3207875,-2.8370593,-0.9412621,-7.4267993,-4.1289105,-4.9021316,0.1731295,0.8485118,-0.3253422,0.3797454
gait_20260919_222807_andrew_normal_left_2,andrew_normal_left_2,2513927262443638,2026-09-19T22:28:10.387061Z,-9.0285349,-3.2294040,-3.9291842,-0.3207875,-2.8370593,-0.9412621,-7.4267993,-4.1289105,-4.9021316,0.1731295,0.8485118,-0.3253422,0.3797454
gait_20260919_222807_andrew_normal_left_2,andrew_normal_left_2,2513927272508457,2026-09-19T22:28:10.397120Z,-7.7123971,-3.1421652,-4.3121071,-0.3780936,-2.1248384,-1.0897982,-7.5962286,-4.2488742,-4.5255351,0.1542758,0.8408013,-0.3307660,0.3998077
gait_20260919_222807_andrew_normal_left_2,andrew_normal_left_2,2513927282612216,2026-09-19T22:28:10.408248Z,-7.3667340,-3.1013143,-4.8626237,-0.3780936,-2.1248384,-1.0897982,-7.5962286,-4.2488742,-4.5255351,0.1542758,0.8408013,-0.3307660,0.3998077
gait_20260919_222807_andrew_normal_left_2,andrew_normal_left_2,2513927292697015,2026-09-19T22:28:10.417729Z,-4.6470709,-4.7084222,-4.1563339,-0.7459950,-1.2923263,-1.3152255,-7.6497183,-4.2869797,-4.3976998,0.1393631,0.8393682,-0.3286701,0.4098963
gait_20260919_222807_andrew_normal_left_2,andrew_normal_left_2,2513927302781162,2026-09-19T22:28:10.427803Z,-3.5842695,-7.4022732,-5.1967645,-0.7459950,-1.2923263,-1.3152255,-7.6497183,-4.2869797,-4.3976998,0.1393631,0.8393682,-0.3286701,0.4098963
gait_20260919_222807_andrew_normal_left_2,andrew_normal_left_2,2513927312843702,2026-09-19T22:28:10.437944Z,-3.2962921,-8.8363247,-4.9677439,-1.1546152,-0.6797624,-1.2195821,-7.6003394,-4.3996320,-4.3719778,0.1212025,0.8414121,-0.3263360,0.4133286
gait_20260919_222807_andrew_normal_left_2,andrew_normal_left_2,2513927322950188,2026-09-19T22:28:10.447329Z,-2.1743093,-9.3503304,-3.7199161,-1.1546152,-0.6797624,-1.2195821,-7.6003394,-4.3996320,-4.3719778,0.1212025,0.8414121,-0.3263360,0.4133286
gait_20260919_222807_andrew_normal_left_2,andrew_normal_left_2,2513927333034214,2026-09-19T22:28:10.457810Z,-0.6167314,-8.0344172,-1.4874727,-1.1758323,-1.2101227,-0.6708027,-7.4034243,-4.7230139,-4.3724804,0.0957635,0.8449596,-0.3309496,0.4090781
gait_20260919_222807_andrew_normal_left_2,andrew_normal_left_2,2513927343118076,2026-09-19T22:28:10.468223Z,0.9288754,-7.1208797,-0.3347393,-1.1758323,-1.2101227,-0.6708027,-7.4034243,-4.7230139,-4.3724804,0.0957635,0.8449596,-0.3309496,0.4090781
gait_20260919_222807_andrew_normal_left_2,andrew_normal_left_2,2513927353182284,2026-09-19T22:28:10.479084Z,2.8247838,-6.1655931,-0.4906617,-0.2344537,-0.6449558,-0.2145356,-7.4704781,-4.7087379,-4.2726889,0.0868698,0.8429120,-0.3274744,0.4179875
gait_20260919_222807_andrew_normal_left_2,andrew_normal_left_2,2513927363286451,2026-09-19T22:28:10.489779Z,2.7757027,-6.6905966,-0.7894880,-0.2344537,-0.6449558,-0.2145356,-7.4704781,-4.7087379,-4.2726889,0.0868698,0.8429120,-0.3274744,0.4179875
gait_20260919_222807_andrew_normal_left_2,andrew_normal_left_2,2513927373371413,2026-09-19T22:28:10.498717Z,0.6452374,-8.1059437,-1.1994951,1.2083241,1.0174869,-0.6211740,-7.3863454,-4.8344202,-4.2786021,0.0899564,0.8427706,-0.3358977,0.4108751
gait_20260919_222807_andrew_normal_left_2,andrew_normal_left_2,2513927383456618,2026-09-19T22:28:10.509848Z,-1.4325557,-8.6404495,-1.4406360,1.2083241,1.0174869,-0.6211740,-7.3863454,-4.8344202,-4.2786021,0.0899564,0.8427706,-0.3358977,0.4108751
gait_20260919_222807_andrew_normal_left_2,andrew_normal_left_2,2513927393541008,2026-09-19T22:28:10.519723Z,-2.0171149,-8.3614502,-2.1054010,2.2214310,1.4296211,-1.4399632,-7.1415014,-5.1849089,-4.2838988,0.0946845,0.8424194,-0.3574267,0.3919319
gait_20260919_222807_andrew_normal_left_2,andrew_normal_left_2,2513927403631178,2026-09-19T22:28:10.529247Z,-4.2188826,-8.8597431,-3.2995842,2.2214310,1.4296211,-1.4399632,-7.1415014,-5.1849089,-4.2838988,0.0946845,0.8424194,-0.3574267,0.3919319
gait_20260919_222807_andrew_normal_left_2,andrew_normal_left_2,2513927413709181,2026-09-19T22:28:10.539071Z,-6.3893013,-8.7500591,-3.8945432,2.5644681,1.8815415,-2.4126346,-6.5535221,-5.9865818,-4.1771173,0.0862656,0.8405046,-0.3985994,0.3566914
gait_20260919_222807_andrew_normal_left_2,andrew_normal_left_2,2513927423798700,2026-09-19T22:28:10.549697Z,-6.6419644,-8.0858173,-3.7784243,2.5644681,1.8815415,-2.4126346,-6.5535221,-5.9865818,-4.1771173,0.0862656,0.8405046,-0.3985994,0.3566914
gait_20260919_222807_andrew_normal_left_2,andrew_normal_left_2,2513927433896477,2026-09-19T22:28:10.558913Z,-6.4784851,-7.6938419,-3.7586722,2.3319631,1.7649642,-2.7417324,-6.0438704,-6.5458975,-4.1059670,0.0829559,0.8386671,-0.4290233,0.3251075
gait_20260919_222807_andrew_normal_left_2,andrew_normal_left_2,2513927443961297,2026-09-19T22:28:10.569722Z,-7.2860045,-7.5584202,-4.4588265,2.3319631,1.7649642,-2.7417324,-6.0438704,-6.5458975,-4.1059670,0.0829559,0.8386671,-0.4290233,0.3251075
gait_20260919_222807_andrew_normal_left_2,andrew_normal_left_2,2513927454045851,2026-09-19T22:28:10.579159Z,-7.7660422,-7.2167974,-5.5167646,2.0020325,1.3360262,-2.5843530,-5.5556474,-7.0286922,-3.9960511,0.0758515,0.8359965,-0.4546560,0.2977323
gait_20260919_222807_andrew_normal_left_2,andrew_normal_left_2,2513927464131138,2026-09-19T22:28:10.589994Z,-6.7157359,-6.7998319,-5.7804260,2.0020325,1.3360262,-2.5843530,-5.5556474,-7.0286922,-3.9960511,0.0758515,0.8359965,-0.4546560,0.2977323
gait_20260919_222807_andrew_normal_left_2,andrew_normal_left_2,2513927474214959,2026-09-19T22:28:10.599125Z,-5.8493342,-6.6680012,-5.2761474,1.5499456,0.3583754,-2.3021193,-5.1493030,-7.4225397,-3.8244903,0.0662517,0.8315632,-0.4762774,0.2779804
gait_20260919_222807_andrew_normal_left_2,andrew_normal_left_2,2513927484278720,2026-09-19T22:28:10.609026Z,-5.1167831,-6.7892079,-3.9881415,1.5499456,0.3583754,-2.3021193,-5.1493030,-7.4225397,-3.8244903,0.0662517,0.8315632,-0.4762774,0.2779804
gait_20260919_222807_andrew_normal_left_2,andrew_normal_left_2,2513927494383660,2026-09-19T22:28:10.619185Z,-3.5383308,-7.4506059,-3.1160536,0.8656867,-0.9086204,-2.2634156,-4.9670949,-7.5797706,-3.7564836,0.0561230,0.8296767,-0.4839345,0.2725697
gait_20260919_222807_andrew_normal_left_2,andrew_normal_left_2,2513927504468093,2026-09-19T22:28:10.628740Z,-2.9244425,-8.5201406,-3.4935892,0.8656867,-0.9086204,-2.2634156,-4.9670949,-7.5797706,-3.7564836,0.0561230,0.8296767,-0.4839345,0.2725697
gait_20260919_222807_andrew_normal_left_2,andrew_normal_left_2,2513927514557000,2026-09-19T22:28:10.638915Z,-4.4066029,-9.7414827,-3.8961892,0.2005130,-1.8368591,-2.8034184,-4.6856179,-7.8607087,-3.5341673,0.0289888,0.8242191,-0.4955510,0.2724918
gait_20260919_222807_andrew_normal_left_2,andrew_normal_left_2,2513927524651442,2026-09-19T22:28:10.650591Z,-4.2581625,-9.6442184,-4.8787847,0.2005130,-1.8368591,-2.8034184,-4.6856179,-7.8607087,-3.5341673,0.0289888,0.8242191,-0.4955510,0.2724918
gait_20260919_222807_andrew_normal_left_2,andrew_normal_left_2,2513927534721958,2026-09-19T22:28:10.659550Z,-3.4702458,-8.8702183,-4.5443444,-0.4180463,-2.2117219,-3.0028822,-4.3320456,-8.1243801,-3.3858485,-0.0053625,0.8201024,-0.5030308,0.2726966
gait_20260919_222807_andrew_normal_left_2,andrew_normal_left_2,2513927544783360,2026-09-19T22:28:10.670972Z,-4.5955205,-8.6182280,-3.0606127,-0.4180463,-2.2117219,-3.0028822,-4.3320456,-8.1243801,-3.3858485,-0.0053625,0.8201024,-0.5030308,0.2726966
gait_20260919_222807_andrew_normal_left_2,andrew_normal_left_2,2513927554896559,2026-09-19T22:28:10.680349Z,-12.1154833,-7.7914805,2.2354362,-0.9708893,-2.8581264,-2.8768122,-4.0344591,-8.3134451,-3.2933104,-0.0434140,0.8160699,-0.5042962,0.2789814
gait_20260919_222807_andrew_normal_left_2,andrew_normal_left_2,2513927564974399,2026-09-19T22:28:10.691181Z,-8.7267151,-6.6623154,0.7763199,-0.9708893,-2.8581264,-2.8768122,-4.0344591,-8.3134451,-3.2933104,-0.0434140,0.8160699,-0.5042962,0.2789814
gait_20260919_222807_andrew_normal_left_2,andrew_normal_left_2,2513927575058953,2026-09-19T22:28:10.700657Z,-4.7815199,-6.2949548,-0.0957681,-0.4496055,-3.5557253,-1.7028118,-3.8786433,-8.4424515,-3.1491666,-0.0795022,0.8088029,-0.5030464,0.2940434
gait_20260919_222807_andrew_normal_left_2,andrew_normal_left_2,2513927585120274,2026-09-19T22:28:10.710475Z,-3.3156700,-5.0992007,-1.1320833,-0.4496055,-3.5557253,-1.7028118,-3.8786433,-8.4424515,-3.1491666,-0.0795022,0.8088029,-0.5030464,0.2940434
gait_20260919_222807_andrew_normal_left_2,andrew_normal_left_2,2513927595227410,2026-09-19T22:28:10.720319Z,-2.9956701,-4.6746788,-2.2070050,0.0823036,-3.4524045,-0.8331615,-3.9341896,-8.5129261,-2.8789475,-0.1028550,0.7975641,-0.5031494,0.3164693
gait_20260919_222807_andrew_normal_left_2,andrew_normal_left_2,2513927605311761,2026-09-19T22:28:10.730485Z,-3.6993408,-6.2763996,-2.4857800,0.0823036,-3.4524045,-0.8331615,-3.9341896,-8.5129261,-2.8789475,-0.1028550,0.7975641,-0.5031494,0.3164693
gait_20260919_222807_andrew_normal_left_2,andrew_normal_left_2,2513927615396152,2026-09-19T22:28:10.740355Z,-4.2449946,-6.6984525,-2.4890718,0.2712588,-2.9775848,-1.0071782,-3.9816158,-8.5887442,-2.5722189,-0.1233540,0.7847416,-0.5046409,0.3380859
gait_20260919_222807_andrew_normal_left_2,andrew_normal_left_2,2513927625480339,2026-09-19T22:28:10.749853Z,-5.1081791,-7.2135053,-2.9597571,0.2712588,-2.9775848,-1.0071782,-3.9816158,-8.5887442,-2.5722189,-0.1233540,0.7847416,-0.5046409,0.3380859
gait_20260919_222807_andrew_normal_left_2,andrew_normal_left_2,2513927635569207,2026-09-19T22:28:10.759938Z,-6.7839704,-8.9254341,-4.2776904,0.1950006,-1.7153022,-1.8461020,-3.8114378,-8.7271538,-2.3549633,-0.1447638,0.7739421,-0.5098836,0.3465198
gait_20260919_222807_andrew_normal_left_2,andrew_normal_left_2,2513927645649163,2026-09-19T22:28:10.770022Z,-7.9598227,-10.4093161,-5.2411318,0.1950006,-1.7153022,-1.8461020,-3.8114378,-8.7271538,-2.3549633,-0.1447638,0.7739421,-0.5098836,0.3465198
gait_20260919_222807_andrew_normal_left_2,andrew_normal_left_2,2513927655733595,2026-09-19T22:28:10.780076Z,-8.5016603,-11.1504707,-5.9026799,0.0860507,-0.3218700,-2.4571171,-3.4278114,-8.9002066,-2.2962022,-0.1628361,0.7683809,-0.5188479,0.3374492
gait_20260919_222807_andrew_normal_left_2,andrew_normal_left_2,2513927665825676,2026-09-19T22:28:10.790869Z,-8.7032223,-11.1353569,-6.0803747,0.0860507,-0.3218700,-2.4571171,-3.4278114,-8.9002066,-2.2962022,-0.1628361,0.7683809,-0.5188479,0.3374492
gait_20260919_222807_andrew_normal_left_2,andrew_normal_left_2,2513927675895664,2026-09-19T22:28:10.800871Z,-8.6620722,-10.8819456,-5.9922380,0.0039636,-0.5820540,-2.3420386,-2.9904692,-9.0645428,-2.2643495,-0.1813465,0.7631446,-0.5281065,0.3253110
gait_20260919_222807_andrew_normal_left_2,andrew_normal_left_2,2513927685963983,2026-09-19T22:28:10.811638Z,-8.5109377,-10.3426523,-5.7593269,0.0039636,-0.5820540,-2.3420386,-2.9904692,-9.0645428,-2.2643495,-0.1813465,0.7631446,-0.5281065,0.3253110
gait_20260919_222807_andrew_normal_left_2,andrew_normal_left_2,2513927696071445,2026-09-19T22:28:10.820917Z,-8.0364370,-9.8762312,-5.0439844,-0.5805051,-0.9028581,-1.4874269,-2.6909039,-9.1559610,-2.2723444,-0.1988496,0.7590245,-0.5310546,0.3198777
gait_20260919_222807_andrew_normal_left_2,andrew_normal_left_2,2513927706155510,2026-09-19T22:28:10.831549Z,-7.2519622,-9.3628998,-3.6688149,-0.5805051,-0.9028581,-1.4874269,-2.6909039,-9.1559610,-2.2723444,-0.1988496,0.7590245,-0.5310546,0.3198777
gait_20260919_222807_andrew_normal_left_2,andrew_normal_left_2,2513927716239739,2026-09-19T22:28:10.841564Z,-6.3522658,-9.0359421,-2.3719058,-1.3654536,-0.8495989,-0.2272758,-2.6205950,-9.1329479,-2.4408858,-0.2107318,0.7614611,-0.5227776,0.3201138
gait_20260919_222807_andrew_normal_left_2,andrew_normal_left_2,2513927726323968,2026-09-19T22:28:10.852345Z,-5.3374987,-8.9892550,-1.4479682,-1.3654536,-0.8495989,-0.2272758,-2.6205950,-9.1329479,-2.4408858,-0.2107318,0.7614611,-0.5227776,0.3201138
gait_20260919_222807_andrew_normal_left_2,andrew_normal_left_2,2513927736408807,2026-09-19T22:28:10.861216Z,-4.2298808,-9.2229137,-0.9617209,-1.4454257,-0.7803520,0.7808183,-2.7630723,-9.0224667,-2.6826594,-0.2141193,0.7685681,-0.5079296,0.3247516
gait_20260919_222807_andrew_normal_left_2,andrew_normal_left_2,2513927746497348,2026-09-19T22:28:10.872375Z,-2.9383588,-9.5523415,-0.6416460,-1.4454257,-0.7803520,0.7808183,-2.7630723,-9.0224667,-2.6826594,-0.2141193,0.7685681,-0.5079296,0.3247516
gait_20260919_222807_andrew_normal_left_2,andrew_normal_left_2,2513927756567579,2026-09-19T22:28:10.881749Z,-2.1181951,-9.5828667,-0.0276081,-1.0294944,-0.9217770,1.0075279,-3.0285008,-8.9077272,-2.7778988,-0.2128689,0.7721415,-0.4951649,0.3365949
gait_20260919_222807_andrew_normal_left_2,andrew_normal_left_2,2513927766661574,2026-09-19T22:28:10.892240Z,-2.0386627,-9.6280575,0.0246902,-1.0294944,-0.9217770,1.0075279,-3.0285008,-8.9077272,-2.7778988,-0.2128689,0.7721415,-0.4951649,0.3365949
gait_20260919_222807_andrew_normal_left_2,andrew_normal_left_2,2513927776746372,2026-09-19T22:28:10.901475Z,-2.0910358,-9.7431288,-0.1474679,-0.5158547,-1.1344306,0.7080075,-3.0994902,-9.0004053,-2.3710775,-0.2140192,0.7591111,-0.5038536,0.3522464
gait_20260919_222807_andrew_normal_left_2,andrew_normal_left_2,2513927786824212,2026-09-19T22:28:10.913528Z,-1.9979613,-9.6394300,-0.2994997,-0.5158547,-1.1344306,0.7080075,-3.0994902,-9.0004053,-2.3710775,-0.2140192,0.7591111,-0.5038536,0.3522464
gait_20260919_222807_andrew_normal_left_2,andrew_normal_left_2,2513927796914707,2026-09-19T22:28:10.921901Z,-1.4413095,-9.5589247,-0.8025813,-0.1240882,-0.7386174,0.4917398,-3.0894125,-9.0786285,-2.0664389,-0.2169703,0.7484066,-0.5115490,0.3621175
gait_20260919_222807_andrew_normal_left_2,andrew_normal_left_2,2513927806999261,2026-09-19T22:28:10.932139Z,-1.0940753,-9.1175690,-1.2288989,-0.1240882,-0.7386174,0.4917398,-3.0894125,-9.0786285,-2.0664389,-0.2169703,0.7484066,-0.5115490,0.3621175
gait_20260919_222807_andrew_normal_left_2,andrew_normal_left_2,2513927817083449,2026-09-19T22:28:10.941933Z,-0.9937434,-8.7567930,-1.8437598,0.1955335,0.4820473,0.3562270,-3.1234827,-9.0766869,-2.0232923,-0.2146122,0.7476936,-0.5125094,0.3636345
gait_20260919_222807_andrew_normal_left_2,andrew_normal_left_2,2513927827168613,2026-09-19T22:28:10.953170Z,-1.2458827,-8.4081373,-2.4252515,0.1955335,0.4820473,0.3562270,-3.1234827,-9.0766869,-2.0232923,-0.2146122,0.7476936,-0.5125094,0.3636345
gait_20260919_222807_andrew_normal_left_2,andrew_normal_left_2,2513927837252109,2026-09-19T22:28:10.963427Z,-1.7810616,-8.1916113,-2.6798599,0.3908505,1.4417452,0.2310396,-3.1148062,-9.0755396,-2.0417349,-0.2035006,0.7514598,-0.5175622,0.3550002
gait_20260919_222807_andrew_normal_left_2,andrew_normal_left_2,2513927847336867,2026-09-19T22:28:10.973510Z,-1.7602620,-8.2498951,-2.5934441,0.3908505,1.4417452,0.2310396,-3.1148062,-9.0755396,-2.0417349,-0.2035006,0.7514598,-0.5175622,0.3550002
gait_20260919_222807_andrew_normal_left_2,andrew_normal_left_2,2513927857421543,2026-09-19T22:28:10.983651Z,-1.4201357,-8.5023336,-2.2775593,0.5209674,1.2816678,0.1654399,-3.0885284,-9.0838499,-2.0447001,-0.1913995,0.7547778,-0.5240733,0.3449984
gait_20260919_222807_andrew_normal_left_2,andrew_normal_left_2,2513927867511630,2026-09-19T22:28:10.992767Z,-1.5523405,-8.8435822,-2.0155437,0.5209674,1.2816678,0.1654399,-3.0885284,-9.0838499,-2.0447001,-0.1913995,0.7547778,-0.5240733,0.3449984
gait_20260919_222807_andrew_normal_left_2,andrew_normal_left_2,2513927877596307,2026-09-19T22:28:11.002230Z,-2.1939118,-8.8384199,-1.6401778,0.6141794,0.8130437,-0.1234054,-3.0461068,-9.1086903,-1.9972762,-0.1827346,0.7553561,-0.5311137,0.3375850
gait_20260919_222807_andrew_normal_left_2,andrew_normal_left_2,2513927887674636,2026-09-19T22:28:11.012482Z,-3.0066683,-9.1433067,-1.5272014,0.6141794,0.8130437,-0.1234054,-3.0461068,-9.1086903,-1.9972762,-0.1827346,0.7553561,-0.5311137,0.3375850
gait_20260919_222807_andrew_normal_left_2,andrew_normal_left_2,2513927897757968,2026-09-19T22:28:11.022457Z,-3.5975873,-9.5417919,-1.6851439,0.6695703,0.5739768,-0.5140394,-2.9497705,-9.1587334,-1.9111760,-0.1787701,0.7534113,-0.5392224,0.3311372
gait_20260919_222807_andrew_normal_left_2,andrew_normal_left_2,2513927907831088,2026-09-19T22:28:11.032889Z,-3.9730282,-9.7324295,-1.9225440,0.6695703,0.5739768,-0.5140394,-2.9497705,-9.1587334,-1.9111760,-0.1787701,0.7534113,-0.5392224,0.3311372
gait_20260919_222807_andrew_normal_left_2,andrew_normal_left_2,2513927917931024,2026-09-19T22:28:11.043407Z,-4.4208188,-9.5549593,-2.0650737,0.6548482,0.5675318,-0.5993407,-2.8079655,-9.2217112,-1.8197531,-0.1768851,0.7507803,-0.5481004,0.3234606
gait_20260919_222807_andrew_normal_left_2,andrew_normal_left_2,2513927928016351,2026-09-19T22:28:11.053431Z,-4.7702227,-9.2330894,-2.2570589,0.6548482,0.5675318,-0.5993407,-2.8079655,-9.2217112,-1.8197531,-0.1768851,0.7507803,-0.5481004,0.3234606
gait_20260919_222807_andrew_normal_left_2,andrew_normal_left_2,2513927938097812,2026-09-19T22:28:11.064352Z,-5.0086699,-9.1177187,-2.4461260,0.6025383,0.3396730,-0.4430105,-2.7045135,-9.2700100,-1.7287709,-0.1765761,0.7477776,-0.5548560,0.3190365
gait_20260919_222807_andrew_normal_left_2,andrew_normal_left_2,2513927948182773,2026-09-19T22:28:11.074146Z,-5.0495958,-8.8814411,-2.5462334,0.6025383,0.3396730,-0.4430105,-2.7045135,-9.2700100,-1.7287709,-0.1765761,0.7477776,-0.5548560,0.3190365
gait_20260919_222807_andrew_normal_left_2,andrew_normal_left_2,2513927958266473,2026-09-19T22:28:11.083149Z,-4.3573723,-8.8092403,-2.5236382,0.5895482,0.2343371,-0.2163176,-2.6385386,-9.3062105,-1.6336057,-0.1755351,0.7447764,-0.5607153,0.3163762
gait_20260919_222807_andrew_normal_left_2,andrew_normal_left_2,2513927968350986,2026-09-19T22:28:11.094086Z,-3.9151182,-8.6499519,-2.4370730,0.5895482,0.2343371,-0.2163176,-2.6385386,-9.3062105,-1.6336057,-0.1755351,0.7447764,-0.5607153,0.3163762
gait_20260919_222807_andrew_normal_left_2,andrew_normal_left_2,2513927978436923,2026-09-19T22:28:11.103599Z,-3.3320553,-8.5980272,-2.3463178,0.6010727,-0.0154881,0.1472705,-2.7495778,-9.2813196,-1.5915631,-0.1686518,0.7445248,-0.5620282,0.3183767
gait_20260919_222807_andrew_normal_left_2,andrew_normal_left_2,2513927988526360,2026-09-19T22:28:11.114713Z,-2.6949732,-8.6393270,-2.2930467,0.6010727,-0.0154881,0.1472705,-2.7495778,-9.2813196,-1.5915631,-0.1686518,0.7445248,-0.5620282,0.3183767
gait_20260919_222807_andrew_normal_left_2,andrew_normal_left_2,2513927998613600,2026-09-19T22:28:11.123679Z,-1.8638860,-8.8476229,-2.1774516,0.6683711,-0.0959098,0.2889952,-2.8081369,-9.2846203,-1.4650328,-0.1652870,0.7409145,-0.5656241,0.3221732
gait_20260919_222807_andrew_normal_left_2,andrew_normal_left_2,2513928008687697,2026-09-19T22:28:11.135103Z,-1.2323405,-8.6629696,-2.0149453,0.6683711,-0.0959098,0.2889952,-2.8081369,-9.2846203,-1.4650328,-0.1652870,0.7409145,-0.5656241,0.3221732
gait_20260919_222807_andrew_normal_left_2,andrew_normal_left_2,2513928018774122,2026-09-19T22:28:11.143877Z,-1.0737995,-8.5585976,-1.8320880,0.6753325,0.1610266,0.2114213,-2.8538940,-9.2892342,-1.3422179,-0.1608457,0.7376685,-0.5699323,0.3242701
gait_20260919_222807_andrew_normal_left_2,andrew_normal_left_2,2513928028842156,2026-09-19T22:28:11.155252Z,-1.4600890,-8.6207724,-1.7406595,0.6753325,0.1610266,0.2114213,-2.8538940,-9.2892342,-1.3422179,-0.1608457,0.7376685,-0.5699323,0.3242701
gait_20260919_222807_andrew_normal_left_2,andrew_normal_left_2,2513928038942743,2026-09-19T22:28:11.163718Z,-2.6033950,-8.8461266,-1.7913866,0.6699200,0.6201414,-0.0514939,-2.8506117,-9.3038416,-1.2444460,-0.1557000,0.7354125,-0.5754294,0.3221910
gait_20260919_222807_andrew_normal_left_2,andrew_normal_left_2,2513928049026442,2026-09-19T22:28:11.175374Z,-3.5563622,-8.9270058,-1.9038392,0.6699200,0.6201414,-0.0514939,-2.8506117,-9.3038416,-1.2444460,-0.1557000,0.7354125,-0.5754294,0.3221910
gait_20260919_222807_andrew_normal_left_2,andrew_normal_left_2,2513928059111362,2026-09-19T22:28:11.183989Z,-4.0285435,-9.1066456,-1.9882349,0.6248711,0.9873101,-0.2732906,-2.7842321,-9.3330584,-1.1739637,-0.1500371,0.7341714,-0.5824184,0.3150714
gait_20260919_222807_andrew_normal_left_2,andrew_normal_left_2,2513928069195713,2026-09-19T22:28:11.194263Z,-4.0839844,-9.3801079,-1.9200001,0.6248711,0.9873101,-0.2732906,-2.7842321,-9.3330584,-1.1739637,-0.1500371,0.7341714,-0.5824184,0.3150714
gait_20260919_222807_andrew_normal_left_2,andrew_normal_left_2,2513928079278965,2026-09-19T22:28:11.203881Z,-3.9985414,-9.0693111,-1.8531121,0.4509211,0.9958535,-0.2589349,-2.7215235,-9.3548002,-1.1476699,-0.1440109,0.7343096,-0.5883204,0.3064791
gait_20260919_222807_andrew_normal_left_2,andrew_normal_left_2,2513928089363601,2026-09-19T22:28:11.214347Z,-3.6850505,-8.6938705,-1.7756747,0.4509211,0.9958535,-0.2589349,-2.7215235,-9.3548002,-1.1476699,-0.1440109,0.7343096,-0.5883204,0.3064791
gait_20260919_222807_andrew_normal_left_2,andrew_normal_left_2,2513928099449781,2026-09-19T22:28:11.224498Z,-2.9584103,-8.3322706,-1.5624411,0.4194452,0.6408089,-0.0537255,-2.8848972,-9.2933426,-1.2438976,-0.1333800,0.7386100,-0.5864506,0.3045338
gait_20260919_222807_andrew_normal_left_2,andrew_normal_left_2,2513928109534132,2026-09-19T22:28:11.235712Z,-2.3185599,-8.0815535,-1.2446108,0.4194452,0.6408089,-0.0537255,-2.8848972,-9.2933426,-1.2438976,-0.1333800,0.7386100,-0.5864506,0.3045338
gait_20260919_222807_andrew_normal_left_2,andrew_normal_left_2,2513928119618524,2026-09-19T22:28:11.244826Z,-2.1997476,-7.4523268,-0.8510639,0.4488727,-0.1057190,-0.0915798,-2.8851156,-9.3023262,-1.1742992,-0.1309615,0.7366372,-0.5897329,0.3040225
gait_20260919_222807_andrew_normal_left_2,andrew_normal_left_2,2513928129702264,2026-09-19T22:28:11.255645Z,-1.9767128,-6.4993596,-0.4859481,0.4488727,-0.1057190,-0.0915798,-2.8851156,-9.3023262,-1.1742992,-0.1309615,0.7366372,-0.5897329,0.3040225
gait_20260919_222807_andrew_normal_left_2,andrew_normal_left_2,2513928139787550,2026-09-19T22:28:11.265156Z,-1.4706384,-5.4925981,-0.1431284,0.7121043,-0.1102988,-0.3261501,-2.8349779,-9.3330288,-1.0457476,-0.1330398,0.7318021,-0.5947017,0.3051163
gait_20260919_222807_andrew_normal_left_2,andrew_normal_left_2,2513928149899245,2026-09-19T22:28:11.274352Z,-1.1826608,-4.5711298,0.0005986,0.7121043,-0.1102988,-0.3261501,-2.8349779,-9.3330288,-1.0457476,-0.1330398,0.7318021,-0.5947017,0.3051163
gait_20260919_222807_andrew_normal_left_2,andrew_normal_left_2,2513928159957635,2026-09-19T22:28:11.284893Z,-0.9582793,-3.7335331,0.0329203,1.2442132,0.5697801,-0.4101191,-2.7575021,-9.3744602,-0.8670503,-0.1307435,0.7259675,-0.6039267,0.3019106
gait_20260919_222807_andrew_normal_left_2,andrew_normal_left_2,2513928170043451,2026-09-19T22:28:11.295477Z,-0.7020996,-3.0609868,-0.0391302,1.2442132,0.5697801,-0.4101191,-2.7575021,-9.3744602,-0.8670503,-0.1307435,0.7259675,-0.6039267,0.3019106
gait_20260919_222807_andrew_normal_left_2,andrew_normal_left_2,2513928180123732,2026-09-19T22:28:11.305247Z,-0.2053028,-2.3284359,-0.0442927,1.7584192,1.2665128,-0.5662161,-2.6475093,-9.4258690,-0.6162773,-0.1227010,0.7185233,-0.6187221,0.2930048
gait_20260919_222807_andrew_normal_left_2,andrew_normal_left_2,2513928190181960,2026-09-19T22:28:11.315449Z,-0.4049194,-1.9083284,-0.1562965,1.7584192,1.2665128,-0.5662161,-2.6475093,-9.4258690,-0.6162773,-0.1227010,0.7185233,-0.6187221,0.2930048
gait_20260919_222807_andrew_normal_left_2,andrew_normal_left_2,2513928200291660,2026-09-19T22:28:11.325182Z,-1.1509377,-2.2275054,-0.0258873,2.0377052,1.5640348,-0.9788999,-2.4751887,-9.4873009,-0.3173243,-0.1131321,0.7094237,-0.6372457,0.2789929
gait_20260919_222807_andrew_normal_left_2,andrew_normal_left_2,2513928210376214,2026-09-19T22:28:11.335742Z,-1.1452514,-2.1790228,0.3214964,2.0377052,1.5640348,-0.9788999,-2.4751887,-9.4873009,-0.3173243,-0.1131321,0.7094237,-0.6372457,0.2789929
gait_20260919_222807_andrew_normal_left_2,andrew_normal_left_2,2513928220460646,2026-09-19T22:28:11.345431Z,-0.8542811,-3.0615106,0.3412486,2.1927364,1.5666162,-1.0584556,-2.2572000,-9.5467663,0.0203647,-0.1035847,0.6986725,-0.6577339,0.2617502
gait_20260919_222807_andrew_normal_left_2,andrew_normal_left_2,2513928230547804,2026-09-19T22:28:11.355278Z,-1.2808979,-4.3474212,0.2090437,2.1927364,1.5666162,-1.0584556,-2.2572000,-9.5467663,0.0203647,-0.1035847,0.6986725,-0.6577339,0.2617502
gait_20260919_222807_andrew_normal_left_2,andrew_normal_left_2,2513928240632603,2026-09-19T22:28:11.365394Z,-1.7273417,-5.5327010,0.7915081,2.2819014,1.9312201,-0.8887357,-2.0802791,-9.5791626,0.3849690,-0.0912176,0.6870034,-0.6783568,0.2440035
gait_20260919_222807_andrew_normal_left_2,andrew_normal_left_2,2513928250711907,2026-09-19T22:28:11.375797Z,-1.9029415,-7.3025398,1.0608559,2.2819014,1.9312201,-0.8887357,-2.0802791,-9.5791626,0.3849690,-0.0912176,0.6870034,-0.6783568,0.2440035
gait_20260919_222807_andrew_normal_left_2,andrew_normal_left_2,2513928260798455,2026-09-19T22:28:11.386266Z,-1.9287540,-9.2838907,1.2606220,2.1809955,2.0894821,-0.7078575,-1.9581506,-9.5846319,0.7325205,-0.0765058,0.6758056,-0.6973217,0.2262215
gait_20260919_222807_andrew_normal_left_2,andrew_normal_left_2,2513928270859653,2026-09-19T22:28:11.397490Z,-1.6698809,-11.6061172,0.6033388,2.1809955,2.0894821,-0.7078575,-1.9581506,-9.5846319,0.7325205,-0.0765058,0.6758056,-0.6973217,0.2262215
gait_20260919_222807_andrew_normal_left_2,andrew_normal_left_2,2513928280967645,2026-09-19T22:28:11.406214Z,-2.3279123,-13.2785416,0.7443722,1.7181667,1.6230896,-0.8338444,-1.8556504,-9.5766802,1.0391736,-0.0621377,0.6656457,-0.7138925,0.2083562
gait_20260919_222807_andrew_normal_left_2,andrew_normal_left_2,2513928291027947,2026-09-19T22:28:11.416797Z,-3.3479171,-14.7842703,0.7665187,1.7181667,1.6230896,-0.8338444,-1.8556504,-9.5766802,1.0391736,-0.0621377,0.6656457,-0.7138925,0.2083562
gait_20260919_222807_andrew_normal_left_2,andrew_normal_left_2,2513928301135247,2026-09-19T22:28:11.426007Z,-3.3645267,-15.9026613,1.8011130,0.4108019,0.5947609,-1.5293281,-1.6250374,-9.6022596,1.1798226,-0.0622261,0.6602280,-0.7231103,0.1932319
gait_20260919_222807_andrew_normal_left_2,andrew_normal_left_2,2513928311195306,2026-09-19T22:28:11.436336Z,-4.0001125,-18.4192677,2.7231801,0.4108019,0.5947609,-1.5293281,-1.6250374,-9.6022596,1.1798226,-0.0622261,0.6602280,-0.7231103,0.1932319
gait_20260919_222807_andrew_normal_left_2,andrew_normal_left_2,2513928321297764,2026-09-19T22:28:11.446805Z,-3.4451065,-21.5425034,2.8056302,-0.7231625,-0.1721181,-1.6953175,-1.2777669,-9.6654434,1.0874915,-0.0737206,0.6626227,-0.7236362,0.1784579
gait_20260919_222807_andrew_normal_left_2,andrew_normal_left_2,2513928331364454,2026-09-19T22:28:11.456947Z,-3.2924013,-24.3228455,3.0465469,-0.7231625,-0.1721181,-1.6953175,-1.2777669,-9.6654434,1.0874915,-0.0737206,0.6626227,-0.7236362,0.1784579
gait_20260919_222807_andrew_normal_left_2,andrew_normal_left_2,2513928341471144,2026-09-19T22:28:11.466219Z,-3.6114287,-26.9340210,3.1674540,-1.0525434,-0.0858176,-1.1191257,-1.0053425,-9.7186146,0.8797411,-0.0850647,0.6692350,-0.7188794,0.1676334
gait_20260919_222807_andrew_normal_left_2,andrew_normal_left_2,2513928351532668,2026-09-19T22:28:11.476971Z,-2.1754315,-25.5895271,2.4503157,-1.0525434,-0.0858176,-1.1191257,-1.0053425,-9.7186146,0.8797411,-0.0850647,0.6692350,-0.7188794,0.1676334
gait_20260919_222807_andrew_normal_left_2,andrew_normal_left_2,2513928361623203,2026-09-19T22:28:11.486832Z,-0.1941548,-19.9713078,0.8077438,0.4996504,-1.7457622,0.2774540,-0.9366149,-9.7298746,0.8296942,-0.0920868,0.6702288,-0.7166672,0.1694153
gait_20260919_222807_andrew_normal_left_2,andrew_normal_left_2,2513928371701084,2026-09-19T22:28:11.496764Z,0.5665280,-15.2500172,-1.5555577,0.4996504,-1.7457622,0.2774540,-0.9366149,-9.7298746,0.8296942,-0.0920868,0.6702288,-0.7166672,0.1694153
gait_20260919_222807_andrew_normal_left_2,andrew_normal_left_2,2513928381786452,2026-09-19T22:28:11.507002Z,1.3383588,-11.3643026,-4.7726169,1.8070652,-2.7774217,1.0274960,-1.0745057,-9.6746569,1.2176008,-0.1025993,0.6537570,-0.7233699,0.1970059
gait_20260919_222807_andrew_normal_left_2,andrew_normal_left_2,2513928391873529,2026-09-19T22:28:11.517770Z,1.9851673,-8.5148287,-6.5146976,1.8070652,-2.7774217,1.0274960,-1.0745057,-9.6746569,1.2176008,-0.1025993,0.6537570,-0.7233699,0.1970059
gait_20260919_222807_andrew_normal_left_2,andrew_normal_left_2,2513928401971267,2026-09-19T22:28:11.527280Z,1.8916438,-7.0891566,-5.0305920,1.1644744,-3.2023461,0.9774010,-1.1944319,-9.6043510,1.6018430,-0.1145528,0.6365725,-0.7282887,0.2263820
gait_20260919_222807_andrew_normal_left_2,andrew_normal_left_2,2513928412064161,2026-09-19T22:28:11.538469Z,1.5224130,-6.5876460,-2.0482395,1.1644744,-3.2023461,0.9774010,-1.1944319,-9.6043510,1.6018430,-0.1145528,0.6365725,-0.7282887,0.2263820
gait_20260919_222807_andrew_normal_left_2,andrew_normal_left_2,2513928422147780,2026-09-19T22:28:11.546915Z,1.0967689,-6.3691750,0.3575591,-0.0840190,-2.7512584,0.6231891,-1.2309687,-9.5788574,1.7223039,-0.1324004,0.6282417,-0.7240262,0.2521285
gait_20260919_222807_andrew_normal_left_2,andrew_normal_left_2,2513928432233880,2026-09-19T22:28:11.558648Z,0.9288754,-6.4032927,1.8344074,-0.0840190,-2.7512584,0.6231891,-1.2309687,-9.5788574,1.7223039,-0.1324004,0.6282417,-0.7240262,0.2521285
gait_20260919_222807_andrew_normal_left_2,andrew_normal_left_2,2513928442319045,2026-09-19T22:28:11.567161Z,0.6133646,-6.7449899,2.4888475,-0.4755189,-1.0561240,0.2442795,-1.2418791,-9.5870142,1.6682364,-0.1428490,0.6281617,-0.7179510,0.2637300
gait_20260919_222807_andrew_normal_left_2,andrew_normal_left_2,2513928452377394,2026-09-19T22:28:11.578262Z,0.0609025,-7.4522519,2.5948658,-0.4755189,-1.0561240,0.2442795,-1.2418791,-9.5870142,1.6682364,-0.1428490,0.6281617,-0.7179510,0.2637300
gait_20260919_222807_andrew_normal_left_2,andrew_normal_left_2,2513928462485793,2026-09-19T22:28:11.587493Z,-0.4220529,-8.2799721,2.1968298,-0.3494489,0.3869868,-0.1268694,-1.2384968,-9.6014318,1.5858029,-0.1437969,0.6312854,-0.7154110,0.2626562
gait_20260919_222807_andrew_normal_left_2,andrew_normal_left_2,2513928472599562,2026-09-19T22:28:11.597580Z,-1.0241946,-8.9827452,1.6157869,-0.3494489,0.3869868,-0.1268694,-1.2384968,-9.6014318,1.5858029,-0.1437969,0.6312854,-0.7154110,0.2626562
gait_20260919_222807_andrew_normal_left_2,andrew_normal_left_2,2513928482631911,2026-09-19T22:28:11.607573Z,-1.6445173,-9.6343422,0.9244611,-0.2475603,1.1303005,-0.4217268,-1.2012852,-9.6181660,1.5112638,-0.1380887,0.6355645,-0.7166549,0.2517838
gait_20260919_222807_andrew_normal_left_2,andrew_normal_left_2,2513928492740065,2026-09-19T22:28:11.618123Z,-2.3801358,-9.9800806,0.3278560,-0.2475603,1.1303005,-0.4217268,-1.2012852,-9.6181660,1.5112638,-0.1380887,0.6355645,-0.7166549,0.2517838
gait_20260919_222807_andrew_normal_left_2,andrew_normal_left_2,2513928502825677,2026-09-19T22:28:11.627368Z,-2.9791350,-10.2310228,0.4417302,-0.1956001,0.9075712,-0.4989343,-1.1478857,-9.6370564,1.4302536,-0.1331841,0.6398029,-0.7176728,0.2405412
gait_20260919_222807_andrew_normal_left_2,andrew_normal_left_2,2513928512908482,2026-09-19T22:28:11.638407Z,-3.2806549,-10.4995470,0.6756138,-0.1956001,0.9075712,-0.4989343,-1.1478857,-9.6370564,1.4302536,-0.1331841,0.6398029,-0.7176728,0.2405412
gait_20260919_222807_andrew_normal_left_2,andrew_normal_left_2,2513928522995069,2026-09-19T22:28:11.648037Z,-3.3833063,-10.4762783,0.9861118,0.0436166,0.0780568,-0.3695501,-1.0745281,-9.6482201,1.4118664,-0.1335809,0.6404483,-0.7188116,0.2351424
gait_20260919_222807_andrew_normal_left_2,andrew_normal_left_2,2513928533078444,2026-09-19T22:28:11.659534Z,-3.3953521,-10.2051353,1.0043676,0.0436166,0.0780568,-0.3695501,-1.0745281,-9.6482201,1.4118664,-0.1335809,0.6404483,-0.7188116,0.2351424
gait_20260919_222807_andrew_normal_left_2,andrew_normal_left_2,2513928543164015,2026-09-19T22:28:11.669248Z,-3.2885108,-9.7586908,0.7857471,0.1843421,-0.2174167,-0.1403758,-1.0257388,-9.6478176,1.4503803,-0.1362723,0.6383429,-0.7201170,0.2353293
gait_20260919_222807_andrew_normal_left_2,andrew_normal_left_2,2513928553269932,2026-09-19T22:28:11.678749Z,-3.0605381,-9.3434467,0.4956746,0.1843421,-0.2174167,-0.1403758,-1.0257388,-9.6478176,1.4503803,-0.1362723,0.6383429,-0.7201170,0.2353293
gait_20260919_222807_andrew_normal_left_2,andrew_normal_left_2,2513928563330885,2026-09-19T22:28:11.689653Z,-2.9097781,-9.1379948,0.4596119,0.1369451,-0.2382008,0.0815209,-1.1078986,-9.6381626,1.4541242,-0.1329942,0.6386710,-0.7196246,0.2378075
gait_20260919_222807_andrew_normal_left_2,andrew_normal_left_2,2513928573415602,2026-09-19T22:28:11.699210Z,-2.7758524,-9.0576391,0.5802198,0.1369451,-0.2382008,0.0815209,-1.1078986,-9.6381626,1.4541242,-0.1329942,0.6386710,-0.7196246,0.2378075
gait_20260919_222807_andrew_normal_left_2,andrew_normal_left_2,2513928583499790,2026-09-19T22:28:11.708252Z,-2.5519197,-9.1099377,0.6507739,0.0903474,-0.4540521,0.2101390,-1.2586960,-9.6250839,1.4175868,-0.1299361,0.6404366,-0.7162811,0.2447426
gait_20260919_222807_andrew_normal_left_2,andrew_normal_left_2,2513928593584100,2026-09-19T22:28:11.718712Z,-2.2563107,-9.2090721,0.5453542,0.0903474,-0.4540521,0.2101390,-1.2586960,-9.6250839,1.4175868,-0.1299361,0.6404366,-0.7162811,0.2447426
gait_20260919_222807_andrew_normal_left_2,andrew_normal_left_2,2513928603667677,2026-09-19T22:28:11.728442Z,-1.8246809,-9.3129206,0.4569933,0.1488859,-0.6060689,0.3478501,-1.3453816,-9.6123314,1.4244812,-0.1304235,0.6399546,-0.7141703,0.2518110
gait_20260919_222807_andrew_normal_left_2,andrew_normal_left_2,2513928613754673,2026-09-19T22:28:11.739469Z,-1.3748703,-9.4308357,0.4906617,0.1488859,-0.6060689,0.3478501,-1.3453816,-9.6123314,1.4244812,-0.1304235,0.6399546,-0.7141703,0.2518110
gait_20260919_222807_andrew_normal_left_2,andrew_normal_left_2,2513928623836460,2026-09-19T22:28:11.748660Z,-1.1253496,-9.5546608,0.6381296,0.1692536,-0.6154118,0.4155149,-1.4080061,-9.5958633,1.4741241,-0.1318743,0.6376899,-0.7133077,0.2591389
gait_20260919_222807_andrew_normal_left_2,andrew_normal_left_2,2513928633921136,2026-09-19T22:28:11.759323Z,-0.9974095,-9.6546183,0.7579145,0.1692536,-0.6154118,0.4155149,-1.4080061,-9.5958633,1.4741241,-0.1318743,0.6376899,-0.7133077,0.2591389
gait_20260919_222807_andrew_normal_left_2,andrew_normal_left_2,2513928644006137,2026-09-19T22:28:11.768865Z,-0.8719383,-9.7164183,0.8990976,0.1532326,-0.4428773,0.3770611,-1.4680438,-9.5801649,1.5170455,-0.1327251,0.6358061,-0.7124990,0.2654805
gait_20260919_222807_andrew_normal_left_2,andrew_normal_left_2,2513928654090529,2026-09-19T22:28:11.780723Z,-0.7561188,-9.7697649,1.0509797,0.1532326,-0.4428773,0.3770611,-1.4680438,-9.5801649,1.5170455,-0.1327251,0.6358061,-0.7124990,0.2654805
gait_20260919_222807_andrew_normal_left_2,andrew_normal_left_2,2513928664173903,2026-09-19T22:28:11.789244Z,-0.7754969,-9.8951607,1.0809072,0.1452887,-0.1354129,0.3002200,-1.5190316,-9.5672560,1.5480037,-0.1322463,0.6346751,-0.7121188,0.2694164
gait_20260919_222807_andrew_normal_left_2,andrew_normal_left_2,2513928674258783,2026-09-19T22:28:11.799421Z,-0.8126819,-10.0826569,1.0954969,0.1452887,-0.1354129,0.3002200,-1.5190316,-9.5672560,1.5480037,-0.1322463,0.6346751,-0.7121188,0.2694164
gait_20260919_222807_andrew_normal_left_2,andrew_normal_left_2,2513928684317579,2026-09-19T22:28:11.810553Z,-0.9094974,-10.1555300,1.1138275,0.1565967,0.2085069,0.1868568,-1.5640393,-9.5560408,1.5722609,-0.1296737,0.6342332,-0.7125998,0.2704338
gait_20260919_222807_andrew_normal_left_2,andrew_normal_left_2,2513928694427891,2026-09-19T22:28:11.819984Z,-0.9822212,-9.9800053,1.1005846,0.1565967,0.2085069,0.1868568,-1.5640393,-9.5560408,1.5722609,-0.1296737,0.6342332,-0.7125998,0.2704338
gait_20260919_222807_andrew_normal_left_2,andrew_normal_left_2,2513928704514317,2026-09-19T22:28:11.829344Z,-0.9193735,-9.6481094,1.0084078,0.1618593,0.4595978,0.1200080,-1.6005183,-9.5469074,1.5909128,-0.1255641,0.6343081,-0.7138228,0.2689681
gait_20260919_222807_andrew_normal_left_2,andrew_normal_left_2,2513928714596999,2026-09-19T22:28:11.840192Z,-0.8326585,-9.3603563,0.9261072,0.1618593,0.4595978,0.1200080,-1.6005183,-9.5469074,1.5909128,-0.1255641,0.6343081,-0.7138228,0.2689681
gait_20260919_222807_andrew_normal_left_2,andrew_normal_left_2,2513928724680169,2026-09-19T22:28:11.849476Z,-0.7433996,-9.0244942,0.9679309,0.1206242,0.5139728,0.1135297,-1.6365391,-9.5396013,1.5980810,-0.1207091,0.6349615,-0.7150532,0.2663686
gait_20260919_222807_andrew_normal_left_2,andrew_normal_left_2,2513928734764194,2026-09-19T22:28:11.861321Z,-0.6437410,-8.7591124,1.0565912,0.1206242,0.5139728,0.1135297,-1.6365391,-9.5396013,1.5980810,-0.1207091,0.6349615,-0.7150532,0.2663686
gait_20260919_222807_andrew_normal_left_2,andrew_normal_left_2,2513928744848789,2026-09-19T22:28:11.870493Z,-0.5847838,-8.6561613,1.1560253,0.0402525,0.3376413,0.0996736,-1.6707101,-9.5338221,1.5972185,-0.1168353,0.6357164,-0.7156957,0.2645636
gait_20260919_222807_andrew_normal_left_2,andrew_normal_left_2,2513928754909133,2026-09-19T22:28:11.880636Z,-0.6397008,-8.6403742,1.3034184,0.0402525,0.3376413,0.0996736,-1.6707101,-9.5338221,1.5972185,-0.1168353,0.6357164,-0.7156957,0.2645636
gait_20260919_222807_andrew_normal_left_2,andrew_normal_left_2,2513928765017490,2026-09-19T22:28:11.890599Z,-0.8237550,-8.9017172,1.4800656,-0.0425674,0.0729608,0.0274956,-1.6867000,-9.5325375,1.5880395,-0.1153642,0.6363524,-0.7156088,0.2639142
gait_20260919_222807_andrew_normal_left_2,andrew_normal_left_2,2513928775102817,2026-09-19T22:28:11.900118Z,-1.1022305,-9.4402628,1.6589574,-0.0425674,0.0729608,0.0274956,-1.6867000,-9.5325375,1.5880395,-0.1153642,0.6363524,-0.7156088,0.2639142
gait_20260919_222807_andrew_normal_left_2,andrew_normal_left_2,2513928785198968,2026-09-19T22:28:11.909875Z,-1.4241011,-10.1033068,1.7398365,-0.0906639,-0.1969491,-0.0764414,-1.6744077,-9.5367041,1.5759948,-0.1167310,0.6365870,-0.7150492,0.2642644
gait_20260919_222807_andrew_normal_left_2,andrew_normal_left_2,2513928795271274,2026-09-19T22:28:11.920199Z,-1.7500118,-10.6637745,1.7271920,-0.0906639,-0.1969491,-0.0764414,-1.6744077,-9.5367041,1.5759948,-0.1167310,0.6365870,-0.7150492,0.2642644
gait_20260919_222807_andrew_normal_left_2,andrew_normal_left_2,2513928805356276,2026-09-19T22:28:11.929982Z,-2.0830302,-10.9016981,1.7148470,-0.0899810,-0.4463913,-0.1682377,-1.6350329,-9.5446014,1.5695190,-0.1195763,0.6363404,-0.7147648,0.2643552
gait_20260919_222807_andrew_normal_left_2,andrew_normal_left_2,2513928815441847,2026-09-19T22:28:11.940489Z,-2.3521535,-10.7933607,1.6245407,-0.0899810,-0.4463913,-0.1682377,-1.6350329,-9.5446014,1.5695190,-0.1195763,0.6363404,-0.7147648,0.2643552
gait_20260919_222807_andrew_normal_left_2,andrew_normal_left_2,2513928825523187,2026-09-19T22:28:11.950276Z,-2.5071781,-10.4924393,1.6161610,-0.0684809,-0.6723015,-0.2099391,-1.5757828,-9.5536861,1.5748377,-0.1255462,0.6349819,-0.7140661,0.2667319
gait_20260919_222807_andrew_normal_left_2,andrew_normal_left_2,2513928835609002,2026-09-19T22:28:11.960184Z,-2.6628013,-10.2127666,1.6761657,-0.0684809,-0.6723015,-0.2099391,-1.5757828,-9.5536861,1.5748377,-0.1255462,0.6349819,-0.7140661,0.2667319
gait_20260919_222807_andrew_normal_left_2,andrew_normal_left_2,2513928845695224,2026-09-19T22:28:11.971895Z,-2.7139773,-9.9957924,1.5114895,-0.0254805,-0.7758055,-0.1997303,-1.5113040,-9.5616665,1.5895318,-0.1325355,0.6329759,-0.7133194,0.2700951
gait_20260919_222807_andrew_normal_left_2,andrew_normal_left_2,2513928855777297,2026-09-19T22:28:11.981418Z,-2.7818379,-9.7832317,1.4862756,-0.0254805,-0.7758055,-0.1997303,-1.5113040,-9.5616665,1.5895318,-0.1325355,0.6329759,-0.7133194,0.2700951
gait_20260919_222807_andrew_normal_left_2,andrew_normal_left_2,2513928865862746,2026-09-19T22:28:11.990657Z,-2.8756607,-9.6038914,1.5863082,0.0750258,-0.8577594,-0.1946675,-1.4485735,-9.5660133,1.6214669,-0.1395426,0.6301850,-0.7129427,0.2740574
gait_20260919_222807_andrew_normal_left_2,andrew_normal_left_2,2513928875946648,2026-09-19T22:28:12.002911Z,-2.9297547,-9.3526497,1.7928082,0.0750258,-0.8577594,-0.1946675,-1.4485735,-9.5660133,1.6214669,-0.1395426,0.6301850,-0.7129427,0.2740574
gait_20260919_222807_andrew_normal_left_2,andrew_normal_left_2,2513928886031691,2026-09-19T22:28:12.011867Z,-3.0308349,-9.0648966,1.7479917,0.1812278,-0.7669789,-0.2066750,-1.4569345,-9.5556650,1.6741351,-0.1436207,0.6270539,-0.7123700,0.2805450
gait_20260919_222807_andrew_normal_left_2,andrew_normal_left_2,2513928896115431,2026-09-19T22:28:12.022037Z,-3.0833578,-8.8550301,1.6023943,0.1812278,-0.7669789,-0.2066750,-1.4569345,-9.5556650,1.6741351,-0.1436207,0.6270539,-0.7123700,0.2805450
gait_20260919_222807_andrew_normal_left_2,andrew_normal_left_2,2513928906198684,2026-09-19T22:28:12.031981Z,-3.1600471,-8.6856403,1.4924107,0.2937416,-0.3710324,-0.2241449,-1.5458497,-9.5308352,1.7348344,-0.1422191,0.6247553,-0.7120779,0.2870533
gait_20260919_222807_andrew_normal_left_2,andrew_normal_left_2,2513928916285678,2026-09-19T22:28:12.042208Z,-3.3148470,-8.6229420,1.2885294,0.2937416,-0.3710324,-0.2241449,-1.5458497,-9.5308352,1.7348344,-0.1422191,0.6247553,-0.7120779,0.2870533
gait_20260919_222807_andrew_normal_left_2,andrew_normal_left_2,2513928926369337,2026-09-19T22:28:12.051412Z,-3.5409496,-8.6391029,1.0461913,0.4306866,-0.0942278,-0.2705260,-1.5263677,-9.5205736,1.8069323,-0.1424475,0.6217163,-0.7144572,0.2876258
gait_20260919_222807_andrew_normal_left_2,andrew_normal_left_2,2513928936452956,2026-09-19T22:28:12.062525Z,-3.7579241,-8.6874361,0.8482208,0.4306866,-0.0942278,-0.2705260,-1.5263677,-9.5205736,1.8069323,-0.1424475,0.6217163,-0.7144572,0.2876258
gait_20260919_222807_andrew_normal_left_2,andrew_normal_left_2,2513928946536574,2026-09-19T22:28:12.071510Z,-3.8227172,-8.6171808,0.7362918,0.5296108,-0.0696799,-0.2661294,-1.5338324,-9.5042744,1.8847413,-0.1408065,0.6188040,-0.7170773,0.2881929
gait_20260919_222807_andrew_normal_left_2,andrew_normal_left_2,2513928956620721,2026-09-19T22:28:12.082580Z,-3.6088102,-8.4379148,0.7177368,0.5296108,-0.0696799,-0.2661294,-1.5338324,-9.5042744,1.8847413,-0.1408065,0.6188040,-0.7170773,0.2881929
gait_20260919_222807_andrew_normal_left_2,andrew_normal_left_2,2513928966705682,2026-09-19T22:28:12.091682Z,-3.1503205,-8.2596216,0.7148936,0.4509378,-0.0685974,-0.1384606,-1.5201634,-9.4888601,1.9714882,-0.1401848,0.6153254,-0.7200278,0.2885877
gait_20260919_222807_andrew_normal_left_2,andrew_normal_left_2,2513928976791050,2026-09-19T22:28:12.101868Z,-2.8577790,-8.2783260,0.8577228,0.4509378,-0.0685974,-0.1384606,-1.5201634,-9.4888601,1.9714882,-0.1401848,0.6153254,-0.7200278,0.2885877
gait_20260919_222807_andrew_normal_left_2,andrew_normal_left_2,2513928986877028,2026-09-19T22:28:12.113207Z,-2.5594764,-8.5429602,1.0191817,0.2699098,-0.0760584,-0.0288279,-1.5097502,-9.4769812,2.0355830,-0.1399452,0.6127189,-0.7220768,0.2891299
gait_20260919_222807_andrew_normal_left_2,andrew_normal_left_2,2513928996959669,2026-09-19T22:28:12.122258Z,-2.2825720,-8.8124580,1.1789947,0.2699098,-0.0760584,-0.0288279,-1.5097502,-9.4769812,2.0355830,-0.1399452,0.6127189,-0.7220768,0.2891299
gait_20260919_222807_andrew_normal_left_2,andrew_normal_left_2,2513929007044915,2026-09-19T22:28:12.131817Z,-2.0827310,-8.9662857,1.2675053,0.1176931,-0.1537489,0.0149052,-1.5102736,-9.4701624,2.0666890,-0.1401874,0.6113655,-0.7227320,0.2902383
gait_20260919_222807_andrew_normal_left_2,andrew_normal_left_2,2513929017129510,2026-09-19T22:28:12.143516Z,-1.9087025,-9.0270386,1.3005004,0.1176931,-0.1537489,0.0149052,-1.5102736,-9.4701624,2.0666890,-0.1401874,0.6113655,-0.7227320,0.2902383
gait_20260919_222807_andrew_normal_left_2,andrew_normal_left_2,2513929027212681,2026-09-19T22:28:12.153467Z,-1.7556981,-9.1560259,1.2714708,0.0211671,-0.2872466,0.0182527,-1.5049192,-9.4679327,2.0807650,-0.1416276,0.6104521,-0.7225598,0.2918857
gait_20260919_222807_andrew_normal_left_2,andrew_normal_left_2,2513929037296950,2026-09-19T22:28:12.162804Z,-1.6853683,-9.3614035,1.2727426,0.0211671,-0.2872466,0.0182527,-1.5049192,-9.4679327,2.0807650,-0.1416276,0.6104521,-0.7225598,0.2918857
gait_20260919_222807_andrew_normal_left_2,andrew_normal_left_2,2513929047381870,2026-09-19T22:28:12.172200Z,-1.7108067,-9.6552172,1.3126959,0.0088932,-0.5382209,-0.0050295,-1.4878527,-9.4677696,2.0937443,-0.1448278,0.6091690,-0.7218700,0.2946894
gait_20260919_222807_andrew_normal_left_2,andrew_normal_left_2,2513929057440179,2026-09-19T22:28:12.183409Z,-1.7443255,-9.9777603,1.3215994,0.0088932,-0.5382209,-0.0050295,-1.4878527,-9.4677696,2.0937443,-0.1448278,0.6091690,-0.7218700,0.2946894
gait_20260919_222807_andrew_normal_left_2,andrew_normal_left_2,2513929067549473,2026-09-19T22:28:12.192957Z,-1.7174656,-10.1520138,1.3939492,0.0299271,-0.7218302,-0.0533924,-1.4520479,-9.4681988,2.1168075,-0.1499954,0.6069696,-0.7210326,0.2986660
gait_20260919_222807_andrew_normal_left_2,andrew_normal_left_2,2513929077635898,2026-09-19T22:28:12.204009Z,-1.7003322,-10.1591959,1.3370121,0.0299271,-0.7218302,-0.0533924,-1.4520479,-9.4681988,2.1168075,-0.1499954,0.6069696,-0.7210326,0.2986660
gait_20260919_222807_andrew_normal_left_2,andrew_normal_left_2,2513929087719069,2026-09-19T22:28:12.212735Z,-1.6617256,-9.8591728,1.4463971,0.0631683,-0.7874466,-0.1338807,-1.3992598,-9.4688606,2.1491482,-0.1561313,0.6040712,-0.7204450,0.3027872
gait_20260919_222807_andrew_normal_left_2,andrew_normal_left_2,2513929097801955,2026-09-19T22:28:12.223171Z,-1.7043723,-9.4719105,1.5714941,0.0631683,-0.7874466,-0.1338807,-1.3992598,-9.4688606,2.1491482,-0.1561313,0.6040712,-0.7204450,0.3027872
gait_20260919_222807_andrew_normal_left_2,andrew_normal_left_2,2513929107886427,2026-09-19T22:28:12.234059Z,-1.8786253,-9.1909666,1.7217304,0.0608700,-0.6889887,-0.3081805,-1.3221018,-9.4726601,2.1810319,-0.1628109,0.6009751,-0.7203037,0.3057520
gait_20260919_222807_andrew_normal_left_2,andrew_normal_left_2,2513929117946160,2026-09-19T22:28:12.244441Z,-2.1403415,-9.1190653,1.9170073,0.0608700,-0.6889887,-0.3081805,-1.3221018,-9.4726601,2.1810319,-0.1628109,0.6009751,-0.7203037,0.3057520
gait_20260919_222807_andrew_normal_left_2,andrew_normal_left_2,2513929128056390,2026-09-19T22:28:12.253012Z,-2.4763527,-9.2251587,2.1358523,0.1133132,-0.4676916,-0.5147722,-1.2124203,-9.4808121,2.2091529,-0.1692257,0.5980165,-0.7212194,0.3059110
gait_20260919_222807_andrew_normal_left_2,andrew_normal_left_2,2513929138141229,2026-09-19T22:28:12.264040Z,-2.7778726,-9.4664488,2.2169559,0.1133132,-0.4676916,-0.5147722,-1.2124203,-9.4808121,2.2091529,-0.1692257,0.5980165,-0.7212194,0.3059110
gait_20260919_222807_andrew_normal_left_2,andrew_normal_left_2,2513929148224033,2026-09-19T22:28:12.274302Z,-2.9552679,-9.6479597,2.3111529,0.2717085,-0.1311162,-0.6322821,-1.2275192,-9.4710436,2.2424629,-0.1686611,0.5966830,-0.7218645,0.3073021
gait_20260919_222807_andrew_normal_left_2,andrew_normal_left_2,2513929158308099,2026-09-19T22:28:12.296702Z,-2.9330468,-9.7086372,2.3668928,0.2717085,-0.1311162,-0.6322821,-1.2275192,-9.4710436,2.2424629,-0.1686611,0.5966830,-0.7218645,0.3073021
gait_20260919_222807_andrew_normal_left_2,andrew_normal_left_2,2513929168394769,2026-09-19T22:28:12.327867Z,-2.9284079,-9.7587662,2.3826048,0.4572163,0.1885722,-0.6668057,-1.1227473,-9.4665613,2.3151214,-0.1699369,0.5931981,-0.7262750,0.3029225
gait_20260919_222807_andrew_normal_left_2,andrew_normal_left_2,2513929178479608,2026-09-19T22:28:12.328421Z,-2.9496565,-9.9464121,2.3423522,0.4572163,0.1885722,-0.6668057,-1.1227473,-9.4665613,2.3151214,-0.1699369,0.5931981,-0.7262750,0.3029225
gait_20260919_222807_andrew_normal_left_2,andrew_normal_left_2,2513929188537021,2026-09-19T22:28:12.328851Z,-3.0382419,-10.1677256,2.2142625,0.6022885,0.2815010,-0.6387272,-1.0161451,-9.4530354,2.4173737,-0.1697924,0.5888252,-0.7321016,0.2974607
gait_20260919_222807_andrew_normal_left_2,andrew_normal_left_2,2513929198640944,2026-09-19T22:28:12.329160Z,-3.1220391,-10.3496103,2.0849009,0.6022885,0.2815010,-0.6387272,-1.0161451,-9.4530354,2.4173737,-0.1697924,0.5888252,-0.7321016,0.2974607
gait_20260919_222807_andrew_normal_left_2,andrew_normal_left_2,2513929208727451,2026-09-19T22:28:12.332696Z,-3.1892264,-10.4765034,1.9758898,0.6153784,0.1144623,-0.5682645,-0.9144660,-9.4329262,2.5337284,-0.1698469,0.5837499,-0.7379483,0.2929512
gait_20260919_222807_andrew_normal_left_2,andrew_normal_left_2,2513929218790114,2026-09-19T22:28:12.343423Z,-3.2911296,-10.6416283,1.8725650,0.6153784,0.1144623,-0.5682645,-0.9144660,-9.4329262,2.5337284,-0.1698469,0.5837499,-0.7379483,0.2929512
gait_20260919_222807_andrew_normal_left_2,andrew_normal_left_2,2513929228875115,2026-09-19T22:28:12.353473Z,-3.5093760,-10.9488344,1.8329110,0.4973522,-0.2141859,-0.5151219,-0.8107773,-9.4132109,2.6401179,-0.1720167,0.5784491,-0.7425247,0.2906271
gait_20260919_222807_andrew_normal_left_2,andrew_normal_left_2,2513929238984613,2026-09-19T22:28:12.363104Z,-3.7559788,-11.3648262,1.7539772,0.4973522,-0.2141859,-0.5151219,-0.8107773,-9.4132109,2.6401179,-0.1720167,0.5784491,-0.7425247,0.2906271
gait_20260919_222807_andrew_normal_left_2,andrew_normal_left_2,2513929249043817,2026-09-19T22:28:12.373942Z,-4.0167971,-11.8251114,1.6618004,0.3129269,-0.4808149,-0.5215170,-0.6923256,-9.4010324,2.7161324,-0.1770064,0.5735815,-0.7454062,0.2899010
gait_20260919_222807_andrew_normal_left_2,andrew_normal_left_2,2513929259153029,2026-09-19T22:28:12.385319Z,-4.2910080,-12.2601833,1.6064345,0.3129269,-0.4808149,-0.5215170,-0.6923256,-9.4010324,2.7161324,-0.1770064,0.5735815,-0.7454062,0.2899010
gait_20260919_222807_andrew_normal_left_2,andrew_normal_left_2,2513929269238559,2026-09-19T22:28:12.393431Z,-4.5356655,-12.6608381,1.4330045,0.1715519,-0.6773643,-0.5522435,-0.5566499,-9.3966799,2.7620049,-0.1841798,0.5692784,-0.7469940,0.2898273
gait_20260919_222807_andrew_normal_left_2,andrew_normal_left_2,2513929279320916,2026-09-19T22:28:12.403843Z,-4.7524157,-12.8791590,1.0504560,0.1715519,-0.6773643,-0.5522435,-0.5566499,-9.3966799,2.7620049,-0.1841798,0.5692784,-0.7469940,0.2898273
gait_20260919_222807_andrew_normal_left_2,andrew_normal_left_2,2513929289406407,2026-09-19T22:28:12.413853Z,-5.0775032,-12.8781862,0.4750994,0.0587050,-0.8160913,-0.5625689,-0.4080434,-9.3971977,2.7860901,-0.1928890,0.5653139,-0.7476732,0.2901706
gait_20260919_222807_andrew_normal_left_2,andrew_normal_left_2,2513929299491083,2026-09-19T22:28:12.424026Z,-5.5295587,-12.6937580,-0.3409493,0.0587050,-0.8160913,-0.5625689,-0.4080434,-9.3971977,2.7860901,-0.1928890,0.5653139,-0.7476732,0.2901706
gait_20260919_222807_andrew_normal_left_2,andrew_normal_left_2,2513929309574782,2026-09-19T22:28:12.433867Z,-6.2102599,-12.5794353,-0.9167548,-0.1390934,-1.0832366,-0.4884590,-0.2542304,-9.4037237,2.7823451,-0.2033396,0.5618244,-0.7469662,0.2916297
gait_20260919_222807_andrew_normal_left_2,andrew_normal_left_2,2513929319659580,2026-09-19T22:28:12.444726Z,-6.8359694,-12.3412867,-1.0400562,-0.1390934,-1.0832366,-0.4884590,-0.2542304,-9.4037237,2.7823451,-0.2033396,0.5618244,-0.7469662,0.2916297
gait_20260919_222807_andrew_normal_left_2,andrew_normal_left_2,2513929329751947,2026-09-19T22:28:12.453809Z,-7.1855979,-11.6994162,-0.7433996,-0.6586120,-1.2867639,-0.1916365,-0.1243713,-9.4305773,2.6990433,-0.2159228,0.5609274,-0.7426419,0.2953320
gait_20260919_222807_andrew_normal_left_2,andrew_normal_left_2,2513929339828119,2026-09-19T22:28:12.465464Z,-7.0278797,-10.6295071,-0.4174889,-0.6586120,-1.2867639,-0.1916365,-0.1243713,-9.4305773,2.6990433,-0.2159228,0.5609274,-0.7426419,0.2953320
gait_20260919_222807_andrew_normal_left_2,andrew_normal_left_2,2513929349914381,2026-09-19T22:28:12.475249Z,-6.8367176,-9.4656258,-0.2527379,-1.2086571,-1.0060624,0.3038672,-0.0932885,-9.4865046,2.4967237,-0.2258794,0.5662408,-0.7339972,0.2993293
gait_20260919_222807_andrew_normal_left_2,andrew_normal_left_2,2513929360003493,2026-09-19T22:28:12.484629Z,-6.6611180,-8.5336828,-0.2391209,-1.2086571,-1.0060624,0.3038672,-0.0932885,-9.4865046,2.4967237,-0.2258794,0.5662408,-0.7339972,0.2993293
gait_20260919_222807_andrew_normal_left_2,andrew_normal_left_2,2513929370083490,2026-09-19T22:28:12.494500Z,-6.4588079,-7.9263039,-0.6088754,-1.5548252,-0.3658863,0.7211141,-0.1844946,-9.5553064,2.2131829,-0.2299294,0.5773181,-0.7228045,0.3023077
gait_20260919_222807_andrew_normal_left_2,andrew_normal_left_2,2513929380168450,2026-09-19T22:28:12.505835Z,-6.2027030,-7.5282679,-1.1434557,-1.5548252,-0.3658863,0.7211141,-0.1844946,-9.5553064,2.2131829,-0.2299294,0.5773181,-0.7228045,0.3023077
gait_20260919_222807_andrew_normal_left_2,andrew_normal_left_2,2513929390249139,2026-09-19T22:28:12.515831Z,-5.6228576,-7.3680062,-1.2416929,-1.8890691,0.1002232,1.1940351,-0.5821658,-9.6274748,1.7913483,-0.2215486,0.5985507,-0.7054087,0.3083051
gait_20260919_222807_andrew_normal_left_2,andrew_normal_left_2,2513929400335036,2026-09-19T22:28:12.526151Z,-4.9577184,-7.5190654,-1.1171944,-1.8890691,0.1002232,1.1940351,-0.5821658,-9.6274748,1.7913483,-0.2215486,0.5985507,-0.7054087,0.3083051
gait_20260919_222807_andrew_normal_left_2,andrew_normal_left_2,2513929410418329,2026-09-19T22:28:12.535627Z,-4.3461494,-8.1755257,-1.0277859,-2.2201653,0.1621258,1.7208979,-0.9487298,-9.6710463,1.3442112,-0.2145757,0.6197030,-0.6868191,0.3133769
gait_20260919_222807_andrew_normal_left_2,andrew_normal_left_2,2513929420503330,2026-09-19T22:28:12.545725Z,-3.2733226,-9.3624506,-1.1662006,-2.2201653,0.1621258,1.7208979,-0.9487298,-9.6710463,1.3442112,-0.2145757,0.6197030,-0.6868191,0.3133769
gait_20260919_222807_andrew_normal_left_2,andrew_normal_left_2,2513929430588494,2026-09-19T22:28:12.554796Z,-1.9595792,-10.8601742,-1.4336779,-2.3296149,0.1359791,2.1986985,-1.6206049,-9.6511908,0.6813504,-0.1989937,0.6509416,-0.6567799,0.3245254
gait_20260919_222807_andrew_normal_left_2,andrew_normal_left_2,2513929440673171,2026-09-19T22:28:12.564934Z,-0.7080103,-12.0932627,-1.3778630,-2.3296149,0.1359791,2.1986985,-1.6206049,-9.6511908,0.6813504,-0.1989937,0.6509416,-0.6567799,0.3245254
gait_20260919_222807_andrew_normal_left_2,andrew_normal_left_2,2513929450734369,2026-09-19T22:28:12.575321Z,0.2376245,-12.9763489,-0.6467338,-2.2758393,-0.1557973,2.3545291,-2.0806174,-9.5840311,0.2312679,-0.1900263,0.6710052,-0.6338457,0.3344872
gait_20260919_222807_andrew_normal_left_2,andrew_normal_left_2,2513929460840569,2026-09-19T22:28:12.586859Z,0.9094974,-13.7442141,0.4394856,-2.2758393,-0.1557973,2.3545291,-2.0806174,-9.5840311,0.2312679,-0.1900263,0.6710052,-0.6338457,0.3344872
gait_20260919_222807_andrew_normal_left_2,andrew_normal_left_2,2513929470901361,2026-09-19T22:28:12.596206Z,1.6282068,-14.2489414,1.6531962,-1.9358499,-0.5281286,2.1958506,-2.5161829,-9.4806118,-0.1514224,-0.1837624,0.6871607,-0.6112009,0.3470951
gait_20260919_222807_andrew_normal_left_2,andrew_normal_left_2,2513929481010817,2026-09-19T22:28:12.606667Z,2.6819549,-14.5545769,2.6189573,-1.9358499,-0.5281286,2.1958506,-2.5161829,-9.4806118,-0.1514224,-0.1837624,0.6871607,-0.6112009,0.3470951
gait_20260919_222807_andrew_normal_left_2,andrew_normal_left_2,2513929491069940,2026-09-19T22:28:12.615870Z,3.4145806,-14.5832319,2.9718029,-1.2554712,-0.6912536,1.8893522,-2.9009743,-9.3626318,-0.4019669,-0.1781096,0.6979539,-0.5928004,0.3601736
gait_20260919_222807_andrew_normal_left_2,andrew_normal_left_2,2513929501178989,2026-09-19T22:28:12.626492Z,3.2677112,-14.8254204,0.8132804,-1.2554712,-0.6912536,1.8893522,-2.9009743,-9.3626318,-0.4019669,-0.1781096,0.6979539,-0.5928004,0.3601736
gait_20260919_222807_andrew_normal_left_2,andrew_normal_left_2,2513929511238519,2026-09-19T22:28:12.636475Z,2.1118355,-14.5070667,-1.4553006,-0.4828800,-0.8719485,1.3704997,-3.1945851,-9.2627096,-0.4826356,-0.1731199,0.7022382,-0.5816178,0.3723062
gait_20260919_222807_andrew_normal_left_2,andrew_normal_left_2,2513929521349318,2026-09-19T22:28:12.647103Z,0.9511715,-13.1448402,-0.9123405,-0.4828800,-0.8719485,1.3704997,-3.1945851,-9.2627096,-0.4826356,-0.1731199,0.7022382,-0.5816178,0.3723062
gait_20260919_222807_andrew_normal_left_2,andrew_normal_left_2,2513929531412714,2026-09-19T22:28:12.658876Z,0.5870283,-11.6902132,0.8291420,-0.3978784,-1.9200953,1.1731178,-3.4198334,-9.1840658,-0.4402451,-0.1741860,0.7005483,-0.5728467,0.3882501
gait_20260919_222807_andrew_normal_left_2,andrew_normal_left_2,2513929541516595,2026-09-19T22:28:12.666988Z,-0.0897077,-10.6168633,2.5326164,-0.3978784,-1.9200953,1.1731178,-3.4198334,-9.1840658,-0.4402451,-0.1741860,0.7005483,-0.5728467,0.3882501
gait_20260919_222807_andrew_normal_left_2,andrew_normal_left_2,2513929551575718,2026-09-19T22:28:12.678071Z,-1.0456676,-10.0180883,2.9771149,-0.2174667,-2.0569072,1.3110620,-3.6646228,-9.0933342,-0.3434187,-0.1784873,0.6960778,-0.5621418,0.4094077
gait_20260919_222807_andrew_normal_left_2,andrew_normal_left_2,2513929561660231,2026-09-19T22:28:12.688228Z,-2.0888662,-9.7557735,1.8789246,-0.2174667,-2.0569072,1.3110620,-3.6646228,-9.0933342,-0.3434187,-0.1784873,0.6960778,-0.5621418,0.4094077
gait_20260919_222807_andrew_normal_left_2,andrew_normal_left_2,2513929571745152,2026-09-19T22:28:12.697561Z,-2.3852983,-9.4602394,1.0140941,0.2776539,-0.8902844,1.6363961,-3.9269528,-8.9875803,-0.1964331,-0.1744001,0.6918916,-0.5558877,0.4264500
gait_20260919_222807_andrew_normal_left_2,andrew_normal_left_2,2513929581828403,2026-09-19T22:28:12.707998Z,-2.7568483,-9.3457661,1.0456676,0.2776539,-0.8902844,1.6363961,-3.9269528,-8.9875803,-0.1964331,-0.1744001,0.6918916,-0.5558877,0.4264500
gait_20260919_222807_andrew_normal_left_2,andrew_normal_left_2,2513929591913771,2026-09-19T22:28:12.716938Z,-2.9475615,-9.2333136,1.1699417,0.3716818,0.1125138,2.0090272,-4.0133028,-8.9510956,0.0860874,-0.1671075,0.6839466,-0.5612450,0.4350818
gait_20260919_222807_andrew_normal_left_2,andrew_normal_left_2,2513929602022373,2026-09-19T22:28:12.729682Z,-2.8063786,-8.9346371,1.1383681,0.3716818,0.1125138,2.0090272,-4.0133028,-8.9510956,0.0860874,-0.1671075,0.6839466,-0.5612450,0.4350818
gait_20260919_222807_andrew_normal_left_2,andrew_normal_left_2,2513929612108677,2026-09-19T22:28:12.737061Z,-2.6621277,-8.3951931,0.8709657,0.2665457,0.7935086,2.1870074,-4.3271790,-8.8028975,0.1436825,-0.1481760,0.6863752,-0.5586969,0.4413511
gait_20260919_222807_andrew_normal_left_2,andrew_normal_left_2,2513929622192580,2026-09-19T22:28:12.747749Z,-2.5285764,-7.7449431,0.4418798,0.2665457,0.7935086,2.1870074,-4.3271790,-8.8028975,0.1436825,-0.1481760,0.6863752,-0.5586969,0.4413511
gait_20260919_222807_andrew_normal_left_2,andrew_normal_left_2,2513929632277459,2026-09-19T22:28:12.757246Z,-2.4509144,-7.1413798,-0.0103250,0.0886321,1.1141130,2.0473979,-4.7045188,-8.6079950,0.0778598,-0.1257566,0.6932771,-0.5523404,0.4455023
gait_20260919_222807_andrew_normal_left_2,andrew_normal_left_2,2513929642363682,2026-09-19T22:28:12.768185Z,-1.9624972,-6.6259532,0.1423802,0.0886321,1.1141130,2.0473979,-4.7045188,-8.6079950,0.0778598,-0.1257566,0.6932771,-0.5523404,0.4455023
gait_20260919_222807_andrew_normal_left_2,andrew_normal_left_2,2513929652445388,2026-09-19T22:28:12.776853Z,-1.2248586,-6.3274260,0.4668693,-0.1936016,1.6283689,1.6754827,-5.0162883,-8.4300900,-0.0809641,-0.1043221,0.7026300,-0.5458438,0.4443902
gait_20260919_222807_andrew_normal_left_2,andrew_normal_left_2,2513929662531081,2026-09-19T22:28:12.787924Z,-0.4108301,-6.3134351,0.6461352,-0.1936016,1.6283689,1.6754827,-5.0162883,-8.4300900,-0.0809641,-0.1043221,0.7026300,-0.5458438,0.4443902
gait_20260919_222807_andrew_normal_left_2,andrew_normal_left_2,2513929672613845,2026-09-19T22:28:12.798091Z,0.5112369,-6.2899418,0.7440730,-0.2107718,2.1197424,1.1321158,-5.2284665,-8.2938461,-0.3336959,-0.0836682,0.7144846,-0.5409113,0.4358053
gait_20260919_222807_andrew_normal_left_2,andrew_normal_left_2,2513929682672927,2026-09-19T22:28:12.807702Z,1.6058359,-6.0981064,0.7633014,-0.2107718,2.1197424,1.1321158,-5.2284665,-8.2938461,-0.3336959,-0.0836682,0.7144846,-0.5409113,0.4358053
gait_20260919_222807_andrew_normal_left_2,andrew_normal_left_2,2513929692784051,2026-09-19T22:28:12.818660Z,2.5383027,-5.7451863,0.7505822,0.1024548,2.0864511,0.4989510,-5.3228784,-8.2204781,-0.5716876,-0.0655125,0.7248173,-0.5401357,0.4226126
gait_20260919_222807_andrew_normal_left_2,andrew_normal_left_2,2513929702866286,2026-09-19T22:28:12.830232Z,3.1185226,-5.3903208,0.6040122,0.1024548,2.0864511,0.4989510,-5.3228784,-8.2204781,-0.5716876,-0.0655125,0.7248173,-0.5401357,0.4226126
gait_20260919_222807_andrew_normal_left_2,andrew_normal_left_2,2513929712953404,2026-09-19T22:28:12.838700Z,3.2635963,-4.9355721,0.3821744,0.5014490,1.6397102,-0.2162510,-5.2973046,-8.2268867,-0.7021536,-0.0525151,0.7304698,-0.5449343,0.4082925
gait_20260919_222807_andrew_normal_left_2,andrew_normal_left_2,2513929723013462,2026-09-19T22:28:12.850769Z,2.9552679,-4.4595747,0.1319056,0.5014490,1.6397102,-0.2162510,-5.2973046,-8.2268867,-0.7021536,-0.0525151,0.7304698,-0.5449343,0.4082925
gait_20260919_222807_andrew_normal_left_2,andrew_normal_left_2,2513929733122511,2026-09-19T22:28:12.857439Z,2.7238533,-4.0470986,-0.1928829,0.7487596,1.1628423,-0.8444196,-5.1598430,-8.3122873,-0.7197402,-0.0460658,0.7315520,-0.5545634,0.3939152
gait_20260919_222807_andrew_normal_left_2,andrew_normal_left_2,2513929743202874,2026-09-19T22:28:12.868203Z,2.5213189,-3.7146039,-0.5398177,0.7487596,1.1628423,-0.8444196,-5.1598430,-8.3122873,-0.7197402,-0.0460658,0.7315520,-0.5545634,0.3939152
gait_20260919_222807_andrew_normal_left_2,andrew_normal_left_2,2513929753288365,2026-09-19T22:28:12.877766Z,2.2782326,-3.5939960,-1.0620530,0.7673453,0.7775375,-1.1593449,-4.9546318,-8.4396667,-0.6780759,-0.0444642,0.7302337,-0.5661609,0.3797942
gait_20260919_222807_andrew_normal_left_2,andrew_normal_left_2,2513929763394891,2026-09-19T22:28:12.887926Z,1.7461212,-3.7536592,-1.8755578,0.7673453,0.7775375,-1.1593449,-4.9546318,-8.4396667,-0.6780759,-0.0444642,0.7302337,-0.5661609,0.3797942
gait_20260919_222807_andrew_normal_left_2,andrew_normal_left_2,2513929773457431,2026-09-19T22:28:12.897658Z,0.7549965,-4.3677721,-3.3959506,0.5632850,0.5394866,-1.2192158,-4.7314763,-8.5710382,-0.6217333,-0.0461820,0.7281917,-0.5768279,0.3672516
gait_20260919_222807_andrew_normal_left_2,andrew_normal_left_2,2513929783541945,2026-09-19T22:28:12.907837Z,-1.0559926,-5.9157729,-5.1348143,0.5632850,0.5394866,-1.2192158,-4.7314763,-8.5710382,-0.6217333,-0.0461820,0.7281917,-0.5768279,0.3672516
gait_20260919_222807_andrew_normal_left_2,andrew_normal_left_2,2513929793626947,2026-09-19T22:28:12.918248Z,-3.4047046,-7.8440781,-6.3552589,0.1014556,0.6068516,-1.0304770,-4.5256619,-8.6811981,-0.6255288,-0.0483998,0.7282073,-0.5842045,0.3550727
gait_20260919_222807_andrew_normal_left_2,andrew_normal_left_2,2513929803710769,2026-09-19T22:28:12.928184Z,-5.5471411,-9.6497555,-6.6142068,0.1014556,0.6068516,-1.0304770,-4.5256619,-8.6811981,-0.6255288,-0.0483998,0.7282073,-0.5842045,0.3550727
gait_20260919_222807_andrew_normal_left_2,andrew_normal_left_2,2513929813794956,2026-09-19T22:28:12.938781Z,-7.5690441,-11.2040405,-6.0841904,-0.4470241,0.7109385,-0.5595712,-4.3856969,-8.7431421,-0.7478268,-0.0487568,0.7324754,-0.5856811,0.3436283
gait_20260919_222807_andrew_normal_left_2,andrew_normal_left_2,2513929823879714,2026-09-19T22:28:12.948832Z,-9.5439615,-12.3283434,-4.9912372,-0.4470241,0.7109385,-0.5595712,-4.3856969,-8.7431421,-0.7478268,-0.0487568,0.7324754,-0.5856811,0.3436283
gait_20260919_222807_andrew_normal_left_2,andrew_normal_left_2,2513929833963902,2026-09-19T22:28:12.958574Z,-11.6150208,-13.1549416,-3.1836896,-0.3014357,0.1069347,-0.0416348,-4.3463860,-8.7508631,-0.8760533,-0.0472444,0.7370451,-0.5836689,0.3374362
gait_20260919_222807_andrew_normal_left_2,andrew_normal_left_2,2513929844048741,2026-09-19T22:28:12.970016Z,-14.6669540,-14.1810064,-2.2120926,-0.3014357,0.1069347,-0.0416348,-4.3463860,-8.7508631,-0.8760533,-0.0472444,0.7370451,-0.5836689,0.3374362
gait_20260919_222807_andrew_normal_left_2,andrew_normal_left_2,2513929854132155,2026-09-19T22:28:12.979386Z,-18.4866047,-15.6812725,-2.7816133,0.5843855,-1.1566304,0.3928989,-4.4043651,-8.7322655,-0.7649965,-0.0472601,0.7332233,-0.5850341,0.3433442
gait_20260919_222807_andrew_normal_left_2,andrew_normal_left_2,2513929864215733,2026-09-19T22:28:12.989989Z,-20.4933186,-16.9154835,-4.0481462,0.5843855,-1.1566304,0.3928989,-4.4043651,-8.7322655,-0.7649965,-0.0472601,0.7332233,-0.5850341,0.3433442
gait_20260919_222807_andrew_normal_left_2,andrew_normal_left_2,2513929874300775,2026-09-19T22:28:13.001742Z,-16.9968128,-15.4411049,-2.6114755,0.7947410,-1.5527934,1.2042772,-4.5877395,-8.6594582,-0.4500754,-0.0447924,0.7223831,-0.5888643,0.3597154
gait_20260919_222807_andrew_normal_left_2,andrew_normal_left_2,2513929884385004,2026-09-19T22:28:13.011560Z,-11.1974573,-11.8805523,-0.5027823,0.7947410,-1.5527934,1.2042772,-4.5877395,-8.6594582,-0.4500754,-0.0447924,0.7223831,-0.5888643,0.3597154
gait_20260919_222807_andrew_normal_left_2,andrew_normal_left_2,2513929894469842,2026-09-19T22:28:13.020136Z,-7.4396825,-9.7076645,1.2929437,0.1348467,-0.4725379,0.7322888,-4.8122749,-8.5431995,-0.3030969,-0.0386915,0.7175630,-0.5869212,0.3730012
gait_20260919_222807_andrew_normal_left_2,andrew_normal_left_2,2513929904554925,2026-09-19T22:28:13.042463Z,-4.7846622,-9.6178074,2.3747487,0.1348467,-0.4725379,0.7322888,-4.8122749,-8.5431995,-0.3030969,-0.0386915,0.7175630,-0.5869212,0.3730012
gait_20260919_222807_andrew_normal_left_2,andrew_normal_left_2,2513929914640008,2026-09-19T22:28:13.043186Z,-2.3424270,-10.4416370,3.0043490,0.5327418,0.3174068,-0.5874498,-4.8122749,-8.5431995,-0.3030969,-0.0386915,0.7175630,-0.5869212,0.3730012
gait_20260919_222807_andrew_normal_left_2,andrew_normal_left_2,2513929924722406,2026-09-19T22:28:13.052104Z,-0.5901707,-11.2080059,3.3149219,0.5327418,0.3174068,-0.5874498,-4.7656088,-8.5698805,-0.2867948,-0.0346904,0.7172529,-0.5914398,0.3668024
gait_20260919_222807_andrew_normal_left_2,andrew_normal_left_2,2513929934806064,2026-09-19T22:28:13.061156Z,0.1850269,-12.3234797,2.6132712,1.3404561,0.3920163,-1.4557512,-4.6754084,-8.6212082,-0.2268059,-0.0354328,0.7150898,-0.5967270,0.3623645
gait_20260919_222807_andrew_normal_left_2,andrew_normal_left_2,2513929944892124,2026-09-19T22:28:13.070361Z,0.9944915,-14.1032696,-1.1430817,1.3404561,0.3920163,-1.4557512,-4.6754084,-8.6212082,-0.2268059,-0.0354328,0.7150898,-0.5967270,0.3623645
gait_20260919_222807_andrew_normal_left_2,andrew_normal_left_2,2513929954975824,2026-09-19T22:28:13.081046Z,2.9412768,-17.2595005,-12.4421425,1.4436771,0.3774275,-2.1576300,-4.1667895,-8.8800793,0.1348742,-0.0420104,0.7017477,-0.6248792,0.3395753
gait_20260919_222807_andrew_normal_left_2,andrew_normal_left_2,2513929965060377,2026-09-19T22:28:13.090587Z,0.9787048,-17.6341190,-3.9719057,1.4436771,0.3774275,-2.1576300,-4.1667895,-8.8800793,0.1348742,-0.0420104,0.7017477,-0.6248792,0.3395753
gait_20260919_222807_andrew_normal_left_2,andrew_normal_left_2,2513929975145176,2026-09-19T22:28:13.100315Z,-0.9354595,-16.1191120,4.4543376,-0.6972491,-0.6497521,-2.3495495,-3.7226186,-9.0743084,0.1874764,-0.0592363,0.6986222,-0.6346924,0.3249364
gait_20260919_222807_andrew_normal_left_2,andrew_normal_left_2,2513929985218581,2026-09-19T22:28:13.112070Z,-0.9053075,-13.0998745,6.5048962,-0.6972491,-0.6497521,-2.3495495,-3.7226186,-9.0743084,0.1874764,-0.0592363,0.6986222,-0.6346924,0.3249364
gait_20260919_222807_andrew_normal_left_2,andrew_normal_left_2,2513929995313674,2026-09-19T22:28:13.120871Z,0.3062333,-10.0893908,5.6782236,-0.4691238,0.9465580,-1.1705197,-3.4029832,-9.2008572,-0.0081007,-0.0722222,0.7045549,-0.6339136,0.3107086
gait_20260919_222807_andrew_normal_left_2,andrew_normal_left_2,2513930005398187,2026-09-19T22:28:13.132099Z,1.3634230,-7.9754601,4.5658174,-0.4691238,0.9465580,-1.1705197,-3.4029832,-9.2008572,-0.0081007,-0.0722222,0.7045549,-0.6339136,0.3107086
gait_20260919_222807_andrew_normal_left_2,andrew_normal_left_2,2513930015484165,2026-09-19T22:28:13.140717Z,2.0219033,-6.3102927,3.7549312,0.8408223,1.8598248,-0.0077441,-3.3504219,-9.2200642,-0.0347658,-0.0587416,0.7068446,-0.6405151,0.2943817
gait_20260919_222807_andrew_normal_left_2,andrew_normal_left_2,2513930025568719,2026-09-19T22:28:13.152059Z,2.3338978,-5.1096754,3.1148565,0.8408223,1.8598248,-0.0077441,-3.3504219,-9.2200642,-0.0347658,-0.0587416,0.7068446,-0.6405151,0.2943817
gait_20260919_222807_andrew_normal_left_2,andrew_normal_left_2,2513930035652175,2026-09-19T22:28:13.160400Z,2.4313118,-4.2868180,2.4317608,1.4544355,1.4555013,0.2118210,-3.3988194,-9.2017803,0.1067725,-0.0401550,0.7030711,-0.6510980,0.2831078
gait_20260919_222807_andrew_normal_left_2,andrew_normal_left_2,2513930045712477,2026-09-19T22:28:13.170644Z,2.3289597,-3.8142626,1.6329952,1.4544355,1.4555013,0.2118210,-3.3988194,-9.2017803,0.1067725,-0.0401550,0.7030711,-0.6510980,0.2831078
gait_20260919_222807_andrew_normal_left_2,andrew_normal_left_2,2513930055820632,2026-09-19T22:28:13.180316Z,2.3904607,-3.6277392,1.0969933,1.5888991,0.5556742,-0.1068515,-3.4059718,-9.1931944,0.3473843,-0.0279956,0.6949336,-0.6633884,0.2760424
gait_20260919_222807_andrew_normal_left_2,andrew_normal_left_2,2513930065904657,2026-09-19T22:28:13.190655Z,2.2815247,-3.7146788,0.6709750,1.5888991,0.5556742,-0.1068515,-3.4059718,-9.1931944,0.3473843,-0.0279956,0.6949336,-0.6633884,0.2760424
gait_20260919_222807_andrew_normal_left_2,andrew_normal_left_2,2513930075989700,2026-09-19T22:28:13.200424Z,1.7891420,-4.2163386,0.2600701,1.3791265,-0.3467010,-0.6150287,-3.3172274,-9.2105026,0.6314666,-0.0261070,0.6845537,-0.6756973,0.2722830
gait_20260919_222807_andrew_normal_left_2,andrew_normal_left_2,2513930086071649,2026-09-19T22:28:13.211208Z,1.4125042,-5.1660886,0.3160346,1.3791265,-0.3467010,-0.6150287,-3.3172274,-9.2105026,0.6314666,-0.0261070,0.6845537,-0.6756973,0.2722830
gait_20260919_222807_andrew_normal_left_2,andrew_normal_left_2,2513930096157871,2026-09-19T22:28:13.220530Z,0.7939023,-6.5464954,0.7695114,0.8683513,-1.0719619,-1.0265467,-3.1251550,-9.2562618,0.8894709,-0.0341494,0.6745629,-0.6860505,0.2704323
gait_20260919_222807_andrew_normal_left_2,andrew_normal_left_2,2513930106242344,2026-09-19T22:28:13.231766Z,0.0932242,-8.0921021,1.0207529,0.8683513,-1.0719619,-1.0265467,-3.1251550,-9.2562618,0.8894709,-0.0341494,0.6745629,-0.6860505,0.2704323
gait_20260919_222807_andrew_normal_left_2,andrew_normal_left_2,2513930116326207,2026-09-19T22:28:13.241431Z,-0.4399346,-9.4866505,1.5361048,0.2075576,-1.0821375,-1.1846756,-2.8769369,-9.3205767,1.0422200,-0.0478088,0.6679683,-0.6923384,0.2687012
gait_20260919_222807_andrew_normal_left_2,andrew_normal_left_2,2513930126409621,2026-09-19T22:28:13.251191Z,-0.6498761,-10.6180601,2.1088428,0.2075576,-1.0821375,-1.1846756,-2.8769369,-9.3205767,1.0422200,-0.0478088,0.6679683,-0.6923384,0.2687012
gait_20260919_222807_andrew_normal_left_2,andrew_normal_left_2,2513930136495721,2026-09-19T22:28:13.262254Z,-0.9229648,-11.2872391,2.6631005,-0.4502883,-0.4016922,-1.0661497,-2.4689636,-9.4309549,1.0942574,-0.0657629,0.6651610,-0.6973383,0.2587575
gait_20260919_222807_andrew_normal_left_2,andrew_normal_left_2,2513930146583531,2026-09-19T22:28:13.272757Z,-1.1699417,-11.4238586,3.1038580,-0.4502883,-0.4016922,-1.0661497,-2.4689636,-9.4309549,1.0942574,-0.0657629,0.6651610,-0.6973383,0.2587575
gait_20260919_222807_andrew_normal_left_2,andrew_normal_left_2,2513930156659744,2026-09-19T22:28:13.281502Z,-1.3906571,-10.9841480,3.2555907,-0.7646974,0.5360892,-0.8337111,-2.2978270,-9.4905996,0.9405528,-0.0702024,0.6705952,-0.6955798,0.2480778
gait_20260919_222807_andrew_normal_left_2,andrew_normal_left_2,2513930166748732,2026-09-19T22:28:13.292251Z,-1.5703719,-10.3037462,3.0476692,-0.7646974,0.5360892,-0.8337111,-2.2978270,-9.4905996,0.9405528,-0.0702024,0.6705952,-0.6955798,0.2480778
gait_20260919_222807_andrew_normal_left_2,andrew_normal_left_2,2513930176831537,2026-09-19T22:28:13.301802Z,-1.7220296,-9.6238680,2.6072109,-0.5882492,1.2009630,-0.6156116,-2.1866927,-9.5330801,0.7582102,-0.0672372,0.6778151,-0.6938205,0.2337931
gait_20260919_222807_andrew_normal_left_2,andrew_normal_left_2,2513930186917841,2026-09-19T22:28:13.314454Z,-2.1347301,-9.0702839,1.8061259,-0.5882492,1.2009630,-0.6156116,-2.1866927,-9.5330801,0.7582102,-0.0672372,0.6778151,-0.6938205,0.2337931
gait_20260919_222807_andrew_normal_left_2,andrew_normal_left_2,2513930197000645,2026-09-19T22:28:13.323574Z,-2.8158805,-9.1347771,1.4337528,0.0997902,0.7180831,-0.5941114,-2.0729063,-9.5465870,0.8954737,-0.0605660,0.6740973,-0.7020994,0.2213168
gait_20260919_222807_andrew_normal_left_2,andrew_normal_left_2,2513930207086623,2026-09-19T22:28:13.334403Z,-3.1920695,-9.2935429,0.9840169,0.0997902,0.7180831,-0.5941114,-2.0729063,-9.5465870,0.8954737,-0.0605660,0.6740973,-0.7020994,0.2213168
gait_20260919_222807_andrew_normal_left_2,andrew_normal_left_2,2513930217170078,2026-09-19T22:28:13.343799Z,-3.4393456,-9.4101105,0.6964134,1.3860879,-1.5080611,-0.7328551,-1.9338684,-9.5501804,1.1359223,-0.0669891,0.6642577,-0.7107449,0.2216211
gait_20260919_222807_andrew_normal_left_2,andrew_normal_left_2,2513930227254266,2026-09-19T22:28:13.354785Z,-3.4974797,-9.5117893,0.6423194,1.3860879,-1.5080611,-0.7328551,-1.9338684,-9.5501804,1.1359223,-0.0669891,0.6642577,-0.7107449,0.2216211
gait_20260919_222807_andrew_normal_left_2,andrew_normal_left_2,2513930237339675,2026-09-19T22:28:13.362901Z,-3.4305170,-9.4750528,0.4793641,1.6499356,-1.9787004,-0.6397764,-1.8165388,-9.5211792,1.5111042,-0.0786739,0.6479097,-0.7212896,0.2318725
gait_20260919_222807_andrew_normal_left_2,andrew_normal_left_2,2513930247425205,2026-09-19T22:28:13.373423Z,-3.3149219,-9.2793274,0.3570353,1.6499356,-1.9787004,-0.6397764,-1.8165388,-9.5211792,1.5111042,-0.0786739,0.6479097,-0.7212896,0.2318725
gait_20260919_222807_andrew_normal_left_2,andrew_normal_left_2,2513930257482131,2026-09-19T22:28:13.383967Z,-3.2236431,-9.0420017,0.1304092,1.2763220,-1.3469012,-0.6111650,-1.8068744,-9.4876308,1.7193516,-0.0839900,0.6379316,-0.7267719,0.2403988
gait_20260919_222807_andrew_normal_left_2,andrew_normal_left_2,2513930267593459,2026-09-19T22:28:13.394892Z,-3.2852187,-8.8429842,-0.0785597,1.2763220,-1.3469012,-0.6111650,-1.8068744,-9.4876308,1.7193516,-0.0839900,0.6379316,-0.7267719,0.2403988
gait_20260919_222807_andrew_normal_left_2,andrew_normal_left_2,2513930277678542,2026-09-19T22:28:13.403024Z,-3.6444988,-8.6608000,-0.2320131,0.7469276,-0.7824004,-0.8962965,-1.7037854,-9.4824533,1.8483207,-0.0894980,0.6315045,-0.7315261,0.2409605
gait_20260919_222807_andrew_normal_left_2,andrew_normal_left_2,2513930287762445,2026-09-19T22:28:13.415077Z,-4.1347861,-8.6573582,-0.1218050,0.7469276,-0.7824004,-0.8962965,-1.7037854,-9.4824533,1.8483207,-0.0894980,0.6315045,-0.7315261,0.2409605
gait_20260919_222807_andrew_normal_left_2,andrew_normal_left_2,2513930297846470,2026-09-19T22:28:13.424344Z,-4.4129624,-8.8453035,0.3367594,0.3537123,-0.7527065,-1.2051098,-1.5572102,-9.5017328,1.8783736,-0.0961560,0.6287939,-0.7341083,0.2376079
gait_20260919_222807_andrew_normal_left_2,andrew_normal_left_2,2513930307931146,2026-09-19T22:28:13.434671Z,-4.2735004,-9.0772419,0.8164976,0.3537123,-0.7527065,-1.2051098,-1.5572102,-9.5017328,1.8783736,-0.0961560,0.6287939,-0.7341083,0.2376079
gait_20260919_222807_andrew_normal_left_2,andrew_normal_left_2,2513930318014398,2026-09-19T22:28:13.444486Z,-3.8421700,-9.2009916,0.9252093,0.2881459,-0.8878863,-1.1149789,-1.5454265,-9.5112467,1.8395593,-0.0994990,0.6288896,-0.7330771,0.2391568
gait_20260919_222807_andrew_normal_left_2,andrew_normal_left_2,2513930328098504,2026-09-19T22:28:13.454996Z,-3.3330281,-9.1792946,0.8492683,0.2881459,-0.8878863,-1.1149789,-1.5454265,-9.5112467,1.8395593,-0.0994990,0.6288896,-0.7330771,0.2391568
gait_20260919_222807_andrew_normal_left_2,andrew_normal_left_2,2513930338182245,2026-09-19T22:28:13.463545Z,-2.9441199,-9.0765686,0.7264906,0.3779104,-0.6692871,-0.9458752,-1.5955859,-9.5099840,1.8028896,-0.0998911,0.6294505,-0.7315598,0.2421449
gait_20260919_222807_andrew_normal_left_2,andrew_normal_left_2,2513930348268508,2026-09-19T22:28:13.474389Z,-2.7635074,-9.0155907,0.6839935,0.3779104,-0.6692871,-0.9458752,-1.5955859,-9.5099840,1.8028896,-0.0998911,0.6294505,-0.7315598,0.2421449
gait_20260919_222807_andrew_normal_left_2,andrew_normal_left_2,2513930358354038,2026-09-19T22:28:13.483370Z,-2.7293899,-9.1397152,0.7455693,0.3005697,-0.2854646,-0.9044735,-1.4583644,-9.5232754,1.8483803,-0.1048912,0.6266780,-0.7345459,0.2381491
gait_20260919_222807_andrew_normal_left_2,andrew_normal_left_2,2513930368436721,2026-09-19T22:28:13.495838Z,-2.9380596,-9.5039330,0.8613141,0.3005697,-0.2854646,-0.9044735,-1.4583644,-9.5232754,1.8483803,-0.1048912,0.6266780,-0.7345459,0.2381491
gait_20260919_222807_andrew_normal_left_2,andrew_normal_left_2,2513930378521031,2026-09-19T22:28:13.503677Z,-3.3366194,-10.2314711,0.9738415,0.0796390,0.2208474,-0.8571599,-1.5115314,-9.5370417,1.7309572,-0.1008326,0.6314680,-0.7320583,0.2348867
gait_20260919_222807_andrew_normal_left_2,andrew_normal_left_2,2513930388604771,2026-09-19T22:28:13.514639Z,-3.7446063,-10.7057476,1.0782886,0.0796390,0.2208474,-0.8571599,-1.5115314,-9.5370417,1.7309572,-0.1008326,0.6314680,-0.7320583,0.2348867
gait_20260919_222807_andrew_normal_left_2,andrew_normal_left_2,2513930398688918,2026-09-19T22:28:13.523914Z,-4.1873841,-10.7149506,1.3746458,-0.1099324,0.5864173,-0.6980817,-1.3822613,-9.5616560,1.7029998,-0.1010010,0.6326108,-0.7342727,0.2246020
gait_20260919_222807_andrew_normal_left_2,andrew_normal_left_2,2513930408776524,2026-09-19T22:28:13.535957Z,-4.2896614,-10.5559607,1.4805893,-0.1099324,0.5864173,-0.6980817,-1.3822613,-9.5616560,1.7029998,-0.1010010,0.6326108,-0.7342727,0.2246020
gait_20260919_222807_andrew_normal_left_2,andrew_normal_left_2,2513930418859288,2026-09-19T22:28:13.544093Z,-4.3566990,-10.5403986,1.5037084,-0.1921861,0.6515008,-0.4532693,-1.3046062,-9.5818577,1.6498815,-0.0989353,0.6351089,-0.7351963,0.2152552
gait_20260919_222807_andrew_normal_left_2,andrew_normal_left_2,2513930428942336,2026-09-19T22:28:13.555799Z,-4.5964184,-10.8858366,1.4639795,-0.1921861,0.6515008,-0.4532693,-1.3046062,-9.5818577,1.6498815,-0.0989353,0.6351089,-0.7351963,0.2152552
gait_20260919_222807_andrew_normal_left_2,andrew_normal_left_2,2513930439028639,2026-09-19T22:28:13.564245Z,-5.1621232,-11.3856258,1.4307600,-0.2044100,0.5161711,-0.4394133,-1.2483300,-9.5991249,1.5920408,-0.0964832,0.6378354,-0.7355134,0.2070676
gait_20260919_222807_andrew_normal_left_2,andrew_normal_left_2,2513930449111444,2026-09-19T22:28:13.575268Z,-5.7636666,-11.6673937,1.0933272,-0.2044100,0.5161711,-0.4394133,-1.2483300,-9.5991249,1.5920408,-0.0964832,0.6378354,-0.7355134,0.2070676
gait_20260919_222807_andrew_normal_left_2,andrew_normal_left_2,2513930459196853,2026-09-19T22:28:13.584862Z,-6.5784431,-11.5527716,0.7119009,-0.0439163,-0.1168105,-0.5532927,-1.1527510,-9.6155186,1.5649558,-0.0981151,0.6387126,-0.7361889,0.2011112
gait_20260919_222807_andrew_normal_left_2,andrew_normal_left_2,2513930469280919,2026-09-19T22:28:13.594700Z,-7.8582187,-11.4100170,-0.3550152,-0.0439163,-0.1168105,-0.5532927,-1.1527510,-9.6155186,1.5649558,-0.0981151,0.6387126,-0.7361889,0.2011112
gait_20260919_222807_andrew_normal_left_2,andrew_normal_left_2,2513930479365024,2026-09-19T22:28:13.604756Z,-9.2073517,-11.3336267,-2.3395092,0.0321753,-0.8088302,-0.3166907,-1.0405940,-9.6242237,1.5898440,-0.1048657,0.6367233,-0.7371150,0.2006195
gait_20260919_222807_andrew_normal_left_2,andrew_normal_left_2,2513930489449090,2026-09-19T22:28:13.617223Z,-9.3912563,-11.0435543,-3.5506010,0.0321753,-0.8088302,-0.3166907,-1.0405940,-9.6242237,1.5898440,-0.1048657,0.6367233,-0.7371150,0.2006195
gait_20260919_222807_andrew_normal_left_2,andrew_normal_left_2,2513930499533848,2026-09-19T22:28:13.624706Z,-7.9097691,-10.1731873,-3.0635307,-0.6399429,-1.5679485,0.6581623,-1.0480068,-9.6280899,1.5613183,-0.1126025,0.6366560,-0.7335797,0.2094053
gait_20260919_222807_andrew_normal_left_2,andrew_normal_left_2,2513930509617182,2026-09-19T22:28:13.635696Z,-5.9213099,-9.1365728,-1.4490906,-0.6399429,-1.5679485,0.6581623,-1.0480068,-9.6280899,1.5613183,-0.1126025,0.6366560,-0.7335797,0.2094053
gait_20260919_222807_andrew_normal_left_2,andrew_normal_left_2,2513930519703892,2026-09-19T22:28:13.644794Z,-5.0121117,-9.0080347,-0.7653216,-1.8043506,-1.5218338,1.7554882,-1.2862703,-9.6357088,1.3170942,-0.1182376,0.6454797,-0.7190092,0.2289140
gait_20260919_222807_andrew_normal_left_2,andrew_normal_left_2,2513930529788853,2026-09-19T22:28:13.656429Z,-4.5141177,-9.8630638,-1.4307600,-1.8043506,-1.5218338,1.7554882,-1.2862703,-9.6357088,1.3170942,-0.1182376,0.6454797,-0.7190092,0.2289140
gait_20260919_222807_andrew_normal_left_2,andrew_normal_left_2,2513930539871047,2026-09-19T22:28:13.664950Z,-3.5861402,-11.1076746,-1.6672622,-2.5193362,-0.6716520,2.4044907,-1.7024266,-9.6206894,0.8832716,-0.1146835,0.6631045,-0.6971937,0.2471054
gait_20260919_222807_andrew_normal_left_2,andrew_normal_left_2,2513930549956822,2026-09-19T22:28:13.677165Z,-2.3103299,-12.7559328,-1.3592331,-2.5193362,-0.6716520,2.4044907,-1.7024266,-9.6206894,0.8832716,-0.1146835,0.6631045,-0.6971937,0.2471054
gait_20260919_222807_andrew_normal_left_2,andrew_normal_left_2,2513930560039748,2026-09-19T22:28:13.685349Z,-1.7868974,-14.6769056,-0.4063409,-2.9116354,-0.5253807,2.8504658,-2.2321446,-9.5463066,0.3488116,-0.1056757,0.6848764,-0.6703531,0.2653369
gait_20260919_222807_andrew_normal_left_2,andrew_normal_left_2,2513930570125075,2026-09-19T22:28:13.697840Z,-1.1886463,-16.1377430,1.2290485,-2.9116354,-0.5253807,2.8504658,-2.2321446,-9.5463066,0.3488116,-0.1056757,0.6848764,-0.6703531,0.2653369
gait_20260919_222807_andrew_normal_left_2,andrew_normal_left_2,2513930580209630,2026-09-19T22:28:13.705726Z,-0.6694039,-17.1542301,2.2880337,-2.3630059,-0.5486962,2.9506056,-2.7960141,-9.4020176,-0.1431317,-0.0952694,0.7045392,-0.6428540,0.2851087
gait_20260919_222807_andrew_normal_left_2,andrew_normal_left_2,2513930590292718,2026-09-19T22:28:13.718327Z,0.2343325,-17.7844296,2.2682068,-2.3630059,-0.5486962,2.9506056,-2.7960141,-9.4020176,-0.1431317,-0.0952694,0.7045392,-0.6428540,0.2851087
gait_20260919_222807_andrew_normal_left_2,andrew_normal_left_2,2513930600379795,2026-09-19T22:28:13.725883Z,1.2029368,-18.6130486,1.5677532,-1.1739005,0.0576225,2.7626331,-3.3352799,-9.2160997,-0.4189361,-0.0796265,0.7164426,-0.6235390,0.3026034
gait_20260919_222807_andrew_normal_left_2,andrew_normal_left_2,2513930610462152,2026-09-19T22:28:13.735978Z,2.3049428,-19.7298679,0.1394622,-1.1739005,0.0576225,2.7626331,-3.3352799,-9.2160997,-0.4189361,-0.0796265,0.7164426,-0.6235390,0.3026034
gait_20260919_222807_andrew_normal_left_2,andrew_normal_left_2,2513930620545282,2026-09-19T22:28:13.746149Z,2.4021325,-20.4147587,-0.7102549,-0.5083938,0.0782567,2.2233963,-3.7784812,-9.0363007,-0.5517673,-0.0608803,0.7230308,-0.6122852,0.3140495
gait_20260919_222807_andrew_normal_left_2,andrew_normal_left_2,2513930630630405,2026-09-19T22:28:13.758317Z,1.9107974,-19.1967087,-0.7497592,-0.5083938,0.0782567,2.2233963,-3.7784812,-9.0363007,-0.5517673,-0.0608803,0.7230308,-0.6122852,0.3140495
gait_20260919_222807_andrew_normal_left_2,andrew_normal_left_2,2513930640715122,2026-09-19T22:28:13.765926Z,1.4303858,-16.2507191,-0.4476409,-0.3280986,-1.4959537,1.7671459,-4.1207261,-8.8860235,-0.5425100,-0.0531412,0.7234046,-0.6036664,0.3308304
gait_20260919_222807_andrew_normal_left_2,andrew_normal_left_2,2513930650774571,2026-09-19T22:28:13.777848Z,0.3994576,-13.4420214,0.0222212,-0.3280986,-1.4959537,1.7671459,-4.1207261,-8.8860235,-0.5425100,-0.0531412,0.7234046,-0.6036664,0.3308304
gait_20260919_222807_andrew_normal_left_2,andrew_normal_left_2,2513930660882929,2026-09-19T22:28:13.786558Z,-0.0493056,-11.1145573,0.9998037,-0.0971422,-2.1230397,1.6746501,-4.4349198,-8.7419729,-0.3814800,-0.0536063,0.7178643,-0.5961868,0.3554696
gait_20260919_222807_andrew_normal_left_2,andrew_normal_left_2,2513930670943312,2026-09-19T22:28:13.796173Z,-0.3641431,-9.2759600,1.1670237,-0.0971422,-2.1230397,1.6746501,-4.4349198,-8.7419729,-0.3814800,-0.0536063,0.7178643,-0.5961868,0.3554696
gait_20260919_222807_andrew_normal_left_2,andrew_normal_left_2,2513930681054885,2026-09-19T22:28:13.806218Z,-0.6518214,-7.7360396,0.7358429,0.3038172,-0.7377513,1.6418918,-4.7288547,-8.5920753,-0.2242694,-0.0485348,0.7127417,-0.5910991,0.3744937
gait_20260919_222807_andrew_normal_left_2,andrew_normal_left_2,2513930691111810,2026-09-19T22:28:13.816250Z,-0.8263737,-6.5791168,0.4947768,0.3038172,-0.7377513,1.6418918,-4.7288547,-8.5920753,-0.2242694,-0.0485348,0.7127417,-0.5910991,0.3744937
gait_20260919_222807_andrew_normal_left_2,andrew_normal_left_2,2513930701220738,2026-09-19T22:28:13.827219Z,-0.5735610,-5.8107276,0.5526117,0.4676417,0.9254408,1.5436504,-4.9963465,-8.4402094,-0.1883891,-0.0317430,0.7124225,-0.5891965,0.3798608
gait_20260919_222807_andrew_normal_left_2,andrew_normal_left_2,2513930711280796,2026-09-19T22:28:13.836673Z,-0.0516998,-5.4063320,0.6978350,0.4676417,0.9254408,1.5436504,-4.9963465,-8.4402094,-0.1883891,-0.0317430,0.7124225,-0.5891965,0.3798608
gait_20260919_222807_andrew_normal_left_2,andrew_normal_left_2,2513930721389724,2026-09-19T22:28:13.848056Z,0.2352303,-5.1360116,0.8004116,0.3532460,1.9328356,1.3606406,-5.2301064,-8.2941303,-0.2991669,-0.0086675,0.7169926,-0.5874355,0.3751879
gait_20260919_222807_andrew_normal_left_2,andrew_normal_left_2,2513930731449335,2026-09-19T22:28:13.856947Z,0.3649661,-4.8837228,0.8619874,0.3532460,1.9328356,1.3606406,-5.2301064,-8.2941303,-0.2991669,-0.0086675,0.7169926,-0.5874355,0.3751879
gait_20260919_222807_andrew_normal_left_2,andrew_normal_left_2,2513930741558263,2026-09-19T22:28:13.866744Z,0.4706851,-4.7052798,1.0846481,0.1768811,2.3185732,1.0033811,-5.3970971,-8.1765633,-0.5012965,0.0141366,0.7239984,-0.5851631,0.3649805
gait_20260919_222807_andrew_normal_left_2,andrew_normal_left_2,2513930751643711,2026-09-19T22:28:13.877358Z,0.4405331,-4.6666732,1.2824692,0.1768811,2.3185732,1.0033811,-5.3970971,-8.1765633,-0.5012965,0.0141366,0.7239984,-0.5851631,0.3649805
gait_20260919_222807_andrew_normal_left_2,andrew_normal_left_2,2513930761726597,2026-09-19T22:28:13.886161Z,0.2443582,-4.6794672,1.4882208,0.0215002,2.7210481,0.6502184,-5.4841404,-8.0970459,-0.7734206,0.0354358,0.7327368,-0.5825790,0.3499184
gait_20260919_222807_andrew_normal_left_2,andrew_normal_left_2,2513930771812820,2026-09-19T22:28:13.896155Z,0.2554314,-4.8316488,1.9026421,0.0215002,2.7210481,0.6502184,-5.4841404,-8.0970459,-0.7734206,0.0354358,0.7327368,-0.5825790,0.3499184
gait_20260919_222807_andrew_normal_left_2,andrew_normal_left_2,2513930781897455,2026-09-19T22:28:13.906024Z,0.6498013,-4.9858503,2.3023989,-0.0377544,2.8529804,0.4683078,-5.5069251,-8.0436554,-1.0997853,0.0558549,0.7426663,-0.5793582,0.3311662
gait_20260919_222807_andrew_normal_left_2,andrew_normal_left_2,2513930791980625,2026-09-19T22:28:13.916424Z,1.4831331,-5.1396775,2.7593174,-0.0377544,2.8529804,0.4683078,-5.5069251,-8.0436554,-1.0997853,0.0558549,0.7426663,-0.5793582,0.3311662
gait_20260919_222807_andrew_normal_left_2,andrew_normal_left_2,2513930802064732,2026-09-19T22:28:13.932241Z,2.5335143,-5.1614499,2.9267619,0.0905639,2.2793033,0.3282152,-5.5027180,-8.0029812,-1.3814861,0.0738514,0.7506524,-0.5766801,0.3138584
gait_20260919_222807_andrew_normal_left_2,andrew_normal_left_2,2513930812149530,2026-09-19T22:28:13.936357Z,3.5366099,-5.0608187,2.7435308,0.0905639,2.2793033,0.3282152,-5.5027180,-8.0029812,-1.3814861,0.0738514,0.7506524,-0.5766801,0.3138584
gait_20260919_222807_andrew_normal_left_2,andrew_normal_left_2,2513930822234166,2026-09-19T22:28:13.946940Z,4.6141505,-4.9558477,2.3365912,0.3372582,1.1084340,-0.0786564,-5.4702578,-8.0031576,-1.5039577,0.0840925,0.7536935,-0.5773508,0.3025569
gait_20260919_222807_andrew_normal_left_2,andrew_normal_left_2,2513930832318068,2026-09-19T22:28:13.957091Z,5.8500075,-4.7637882,1.8475007,0.3372582,1.1084340,-0.0786564,-5.4702578,-8.0031576,-1.5039577,0.0840925,0.7536935,-0.5773508,0.3025569
gait_20260919_222807_andrew_normal_left_2,andrew_normal_left_2,2513930842402745,2026-09-19T22:28:13.966843Z,6.7726727,-4.1688290,1.5748609,0.5052628,0.1404757,-0.7182996,-5.3759751,-8.0736856,-1.4664929,0.0839206,0.7524411,-0.5822580,0.2962523
gait_20260919_222807_andrew_normal_left_2,andrew_normal_left_2,2513930852487055,2026-09-19T22:28:13.978466Z,7.2206130,-3.5197010,1.0895114,0.5052628,0.1404757,-0.7182996,-5.3759751,-8.0736856,-1.4664929,0.0839206,0.7524411,-0.5822580,0.2962523
gait_20260919_222807_andrew_normal_left_2,andrew_normal_left_2,2513930862571852,2026-09-19T22:28:13.987953Z,6.6654577,-3.3507600,0.3298013,0.6757322,-0.4452921,-1.5310102,-5.1720800,-8.2288427,-1.3311064,0.0741694,0.7488797,-0.5910410,0.2904285
gait_20260919_222807_andrew_normal_left_2,andrew_normal_left_2,2513930872656488,2026-09-19T22:28:13.997418Z,6.1049151,-3.5096753,-1.2852374,0.6757322,-0.4452921,-1.5310102,-5.1720800,-8.2288427,-1.3311064,0.0741694,0.7488797,-0.5910410,0.2904285
gait_20260919_222807_andrew_normal_left_2,andrew_normal_left_2,2513930882714390,2026-09-19T22:28:14.007597Z,5.0819178,-4.1258082,-3.7826891,0.7866139,-0.5907473,-2.1750665,-4.8407774,-8.4564486,-1.1364328,0.0573902,0.7437226,-0.6033691,0.2820087
gait_20260919_222807_andrew_normal_left_2,andrew_normal_left_2,2513930892825271,2026-09-19T22:28:14.017613Z,2.4702177,-6.1754694,-8.1937065,0.7866139,-0.5907473,-2.1750665,-4.8407774,-8.4564486,-1.1364328,0.0573902,0.7437226,-0.6033691,0.2820087
gait_20260919_222807_andrew_normal_left_2,andrew_normal_left_2,2513930902911248,2026-09-19T22:28:14.028774Z,-2.8727427,-9.9166336,-12.9749269,0.2924925,0.0190687,-2.2818182,-4.4346504,-8.6925678,-1.0046312,0.0389654,0.7403837,-0.6144981,0.2696402
gait_20260919_222807_andrew_normal_left_2,andrew_normal_left_2,2513930912992995,2026-09-19T22:28:14.038241Z,-8.4475670,-13.0664310,-13.5462437,0.2924925,0.0190687,-2.2818182,-4.4346504,-8.6925678,-1.0046312,0.0389654,0.7403837,-0.6144981,0.2696402
gait_20260919_222807_andrew_normal_left_2,andrew_normal_left_2,2513930923053013,2026-09-19T22:28:14.047376Z,-12.4962368,-15.0670853,-12.7687263,-0.8790597,2.4272900,-1.1541989,-4.0965834,-8.8278151,-1.2344273,0.0340324,0.7484407,-0.6142374,0.2477715
gait_20260919_222807_andrew_normal_left_2,andrew_normal_left_2,2513930933163853,2026-09-19T22:28:14.057665Z,-14.3752356,-17.1391926,-7.2840595,-0.8790597,2.4272900,-1.1541989,-4.0965834,-8.8278151,-1.2344273,0.0340324,0.7484407,-0.6142374,0.2477715
gait_20260919_222807_andrew_normal_left_2,andrew_normal_left_2,2513930943246453,2026-09-19T22:28:14.067862Z,-16.5895729,-19.6070156,1.1082162,-0.3447858,1.6676555,0.8690840,-4.0564804,-8.7830515,-1.6245267,0.0508131,0.7605936,-0.6056446,0.2282766
gait_20260919_222807_andrew_normal_left_2,andrew_normal_left_2,2513930953330560,2026-09-19T22:28:14.077866Z,-19.5416985,-21.5503597,1.5018378,-0.3447858,1.6676555,0.8690840,-4.0564804,-8.7830515,-1.6245267,0.0508131,0.7605936,-0.6056446,0.2282766
gait_20260919_222807_andrew_normal_left_2,andrew_normal_left_2,2513930963389887,2026-09-19T22:28:14.087960Z,-17.4273949,-20.4066792,-0.6380547,1.8789601,-1.3262171,2.6989651,-4.4546556,-8.6330128,-1.3650074,0.0672865,0.7505480,-0.6101266,0.2447367
gait_20260919_222807_andrew_normal_left_2,andrew_normal_left_2,2513930973502436,2026-09-19T22:28:14.098152Z,-12.6286659,-16.4052200,-0.4807108,1.8789601,-1.3262171,2.6989651,-4.4546556,-8.6330128,-1.3650074,0.0672865,0.7505480,-0.6101266,0.2447367
gait_20260919_222807_andrew_normal_left_2,andrew_normal_left_2,2513930983585443,2026-09-19T22:28:14.108762Z,-11.0691423,-10.8698997,1.3090298,1.4820976,-2.7941422,2.4436774,-5.0506401,-8.3781033,-0.7311172,0.0791566,0.7275591,-0.6198253,0.2832111
gait_20260919_222807_andrew_normal_left_2,andrew_normal_left_2,2513930993668898,2026-09-19T22:28:14.118364Z,-9.0083332,-7.7217493,2.1183448,1.4820976,-2.7941422,2.4436774,-5.0506401,-8.3781033,-0.7311172,0.0791566,0.7275591,-0.6198253,0.2832111
gait_20260919_222807_andrew_normal_left_2,andrew_normal_left_2,2513931003730870,2026-09-19T22:28:14.129119Z,-5.9323831,-7.4055653,2.1889737,-0.0297605,-1.6249214,0.0149719,-5.1966190,-8.3082256,-0.4523810,0.0716508,0.7185845,-0.6216888,0.3033241
gait_20260919_222807_andrew_normal_left_2,andrew_normal_left_2,2513931013836827,2026-09-19T22:28:14.139399Z,-2.6755953,-9.0644474,2.4325089,-0.0297605,-1.6249214,0.0149719,-5.1966190,-8.3082256,-0.4523810,0.0716508,0.7185845,-0.6216888,0.3033241
gait_20260919_222807_andrew_normal_left_2,andrew_normal_left_2,2513931023923781,2026-09-19T22:28:14.149581Z,-0.6058826,-10.9825029,2.5800517,-0.1976652,-1.0958602,-1.2341709,-5.0307889,-8.4153147,-0.3313179,0.0560438,0.7159697,-0.6249760,0.3060251
gait_20260919_222807_andrew_normal_left_2,andrew_normal_left_2,2513931034008091,2026-09-19T22:28:14.158723Z,0.1238999,-13.1761150,2.1650317,-0.1976652,-1.0958602,-1.2341709,-5.0307889,-8.4153147,-0.3313179,0.0560438,0.7159697,-0.6249760,0.3060251
gait_20260919_222807_andrew_normal_left_2,andrew_normal_left_2,2513931044064813,2026-09-19T22:28:14.169818Z,3.3857753,-17.1213112,-9.8644848,0.1459715,-0.7732574,-2.1044707,-4.7057619,-8.6043692,-0.2382425,0.0364971,0.7139542,-0.6314381,0.3003719
gait_20260919_222807_andrew_normal_left_2,andrew_normal_left_2,2513931054175450,2026-09-19T22:28:14.178903Z,4.6616602,-20.2638493,-10.6842747,0.1459715,-0.7732574,-2.1044707,-4.7057619,-8.6043692,-0.2382425,0.0364971,0.7139542,-0.6314381,0.3003719
gait_20260919_222807_andrew_normal_left_2,andrew_normal_left_2,2513931064258864,2026-09-19T22:28:14.189860Z,1.7532290,-19.4443588,1.3980641,-0.9226263,-1.4150656,-2.4718559,-4.2805738,-8.8247223,-0.1925851,0.0117824,0.7131943,-0.6371530,0.2919783
gait_20260919_222807_andrew_normal_left_2,andrew_normal_left_2,2513931074343907,2026-09-19T22:28:14.201042Z,0.4573673,-16.3589077,6.4974146,-0.9226263,-1.4150656,-2.4718559,-4.2805738,-8.8247223,-0.1925851,0.0117824,0.7131943,-0.6371530,0.2919783
gait_20260919_222807_andrew_normal_left_2,andrew_normal_left_2,2513931084427769,2026-09-19T22:28:14.210488Z,1.0420015,-12.9303350,5.8552446,0.1144956,0.5254307,-1.3517975,-3.9238234,-8.9868307,-0.2768388,-0.0089786,0.7162816,-0.6374608,0.2837322
gait_20260919_222807_andrew_normal_left_2,andrew_normal_left_2,2513931094511672,2026-09-19T22:28:14.221534Z,2.1326351,-10.0232506,4.7713447,0.1144956,0.5254307,-1.3517975,-3.9238234,-8.9868307,-0.2768388,-0.0089786,0.7162816,-0.6374608,0.2837322
gait_20260919_222807_andrew_normal_left_2,andrew_normal_left_2,2513931104596226,2026-09-19T22:28:14.230300Z,2.4831612,-7.6514196,3.8144121,1.4392304,2.2438304,-0.0978084,-3.8522010,-9.0195417,-0.2110529,0.0057599,0.7138896,-0.6475841,0.2663895
gait_20260919_222807_andrew_normal_left_2,andrew_normal_left_2,2513931114679559,2026-09-19T22:28:14.242246Z,2.7911155,-5.7948661,3.2513258,1.4392304,2.2438304,-0.0978084,-3.8522010,-9.0195417,-0.2110529,0.0057599,0.7138896,-0.6475841,0.2663895
gait_20260919_222807_andrew_normal_left_2,andrew_normal_left_2,2513931124765497,2026-09-19T22:28:14.250785Z,2.7660511,-4.4975829,2.6720040,1.6362628,1.9620632,0.0654332,-3.8702040,-9.0139904,-0.0748584,0.0259164,0.7084723,-0.6590993,0.2509651
gait_20260919_222807_andrew_normal_left_2,andrew_normal_left_2,2513931134850743,2026-09-19T22:28:14.262413Z,2.5522189,-3.7065983,2.2484546,1.6362628,1.9620632,0.0654332,-3.8702040,-9.0139904,-0.0748584,0.0259164,0.7084723,-0.6590993,0.2509651
gait_20260919_222807_andrew_normal_left_2,andrew_normal_left_2,2513931144934483,2026-09-19T22:28:14.271624Z,2.3784149,-3.1878047,1.8941128,1.4500722,1.1517508,-0.3218700,-3.8370154,-9.0279665,0.0961814,0.0378914,0.7016931,-0.6700570,0.2391961
gait_20260919_222807_andrew_normal_left_2,andrew_normal_left_2,2513931155019444,2026-09-19T22:28:14.282381Z,2.1838112,-3.0324061,1.4379426,1.4500722,1.1517508,-0.3218700,-3.8370154,-9.0279665,0.0961814,0.0378914,0.7016931,-0.6700570,0.2391961
gait_20260919_222807_andrew_normal_left_2,andrew_normal_left_2,2513931165102004,2026-09-19T22:28:14.290331Z,1.8452561,-2.9724014,1.0700585,1.1907375,0.3417048,-0.7938583,-3.7157660,-9.0744667,0.2885537,0.0401457,0.6945207,-0.6805356,0.2300018
gait_20260919_222807_andrew_normal_left_2,andrew_normal_left_2,2513931175187168,2026-09-19T22:28:14.302431Z,1.5869068,-3.2257378,1.1205612,1.1907375,0.3417048,-0.7938583,-3.7157660,-9.0744667,0.2885537,0.0401457,0.6945207,-0.6805356,0.2300018
gait_20260919_222807_andrew_normal_left_2,andrew_normal_left_2,2513931185271193,2026-09-19T22:28:14.310751Z,1.1302876,-4.2600331,1.3275849,0.7514075,-0.2630151,-1.1833931,-3.5112114,-9.1481409,0.4680229,0.0335874,0.6882591,-0.6895337,0.2229678
gait_20260919_222807_andrew_normal_left_2,andrew_normal_left_2,2513931195356358,2026-09-19T22:28:14.322439Z,0.2754828,-5.6901946,1.4515595,0.7514075,-0.2630151,-1.1833931,-3.5112114,-9.1481409,0.4680229,0.0335874,0.6882591,-0.6895337,0.2229678
gait_20260919_222807_andrew_normal_left_2,andrew_normal_left_2,2513931205440587,2026-09-19T22:28:14.330841Z,-0.2102408,-7.0359602,1.8513913,0.1890218,-0.1956667,-1.3463516,-3.2536845,-9.2375450,0.5633979,0.0224738,0.6851891,-0.6953095,0.2157673
gait_20260919_222807_andrew_normal_left_2,andrew_normal_left_2,2513931215524326,2026-09-19T22:28:14.341510Z,-0.4178630,-8.2411413,1.9660137,0.1890218,-0.1956667,-1.3463516,-3.2536845,-9.2375450,0.5633979,0.0224738,0.6851891,-0.6953095,0.2157673
gait_20260919_222807_andrew_normal_left_2,andrew_normal_left_2,2513931225609410,2026-09-19T22:28:14.350598Z,-0.5050269,-9.2416182,2.2448633,-0.3374581,0.4873099,-1.1257373,-3.0225563,-9.3186617,0.5126611,0.0150836,0.6872756,-0.6965858,0.2054093
gait_20260919_222807_andrew_normal_left_2,andrew_normal_left_2,2513931235693923,2026-09-19T22:28:14.361871Z,-0.5089923,-9.8457060,2.4304140,-0.3374581,0.4873099,-1.1257373,-3.0225563,-9.3186617,0.5126611,0.0150836,0.6872756,-0.6965858,0.2054093
gait_20260919_222807_andrew_normal_left_2,andrew_normal_left_2,2513931245798985,2026-09-19T22:28:14.371019Z,-0.7140707,-10.0944033,2.3906853,-0.6208243,0.9935719,-0.7570532,-2.6727827,-9.4245577,0.5196982,0.0070691,0.6878773,-0.7009961,0.1880938
gait_20260919_222807_andrew_normal_left_2,andrew_normal_left_2,2513931255855829,2026-09-19T22:28:14.382413Z,-0.8253262,-10.1197672,2.2714989,-0.6208243,0.9935719,-0.7570532,-2.6727827,-9.4245577,0.5196982,0.0070691,0.6878773,-0.7009961,0.1880938
gait_20260919_222807_andrew_normal_left_2,andrew_normal_left_2,2513931265946161,2026-09-19T22:28:14.391201Z,-1.0402806,-10.0106058,1.9680338,-0.6229393,0.8949475,-0.4098193,-2.5603859,-9.4628105,0.3684301,0.0085399,0.6935212,-0.6983160,0.1769470
gait_20260919_222807_andrew_normal_left_2,andrew_normal_left_2,2513931276032058,2026-09-19T22:28:14.401027Z,-1.2452093,-9.9529209,1.6135423,-0.6229393,0.8949475,-0.4098193,-2.5603859,-9.4628105,0.3684301,0.0085399,0.6935212,-0.6983160,0.1769470
gait_20260919_222807_andrew_normal_left_2,andrew_normal_left_2,2513931286114496,2026-09-19T22:28:14.411672Z,-1.4216321,-10.1645088,1.5776293,-0.4639278,0.4541187,-0.1863738,-2.4852195,-9.4861250,0.2705869,0.0091430,0.6972164,-0.6963344,0.1700707
gait_20260919_222807_andrew_normal_left_2,andrew_normal_left_2,2513931296200881,2026-09-19T22:28:14.423569Z,-1.8768296,-10.5003700,1.6120459,-0.4639278,0.4541187,-0.1863738,-2.4852195,-9.4861250,0.2705869,0.0091430,0.6972164,-0.6963344,0.1700707
gait_20260919_222807_andrew_normal_left_2,andrew_normal_left_2,2513931306283970,2026-09-19T22:28:14.431616Z,-2.3486371,-10.7924623,1.4777461,0.4518371,-1.2876300,-0.2889453,-2.4507358,-9.4949245,0.2764388,0.0054636,0.6970588,-0.6962363,0.1712725
gait_20260919_222807_andrew_normal_left_2,andrew_normal_left_2,2513931316367873,2026-09-19T22:28:14.443735Z,-2.7888708,-10.9299049,0.9851392,0.4518371,-1.2876300,-0.2889453,-2.4507358,-9.4949245,0.2764388,0.0054636,0.6970588,-0.6962363,0.1712725
gait_20260919_222807_andrew_normal_left_2,andrew_normal_left_2,2513931326452550,2026-09-19T22:28:14.453053Z,-3.2859671,-10.8545628,0.5832874,1.6405761,-3.2160022,-0.6853415,-2.3112907,-9.5084438,0.6953866,-0.0168477,0.6814504,-0.7071500,0.1878305
gait_20260919_222807_andrew_normal_left_2,andrew_normal_left_2,2513931336537022,2026-09-19T22:28:14.467388Z,-3.4390464,-10.5478802,0.4699369,1.6405761,-3.2160022,-0.6853415,-2.3112907,-9.5084438,0.6953866,-0.0168477,0.6814504,-0.7071500,0.1878305
gait_20260919_222807_andrew_normal_left_2,andrew_normal_left_2,2513931346597406,2026-09-19T22:28:14.471613Z,-3.1774049,-10.0647755,0.6170307,1.5334250,-2.9410462,-0.7981717,-2.0956724,-9.5115366,1.1725791,-0.0424994,0.6622902,-0.7194445,0.2048545
gait_20260919_222807_andrew_normal_left_2,andrew_normal_left_2,2513931356694615,2026-09-19T22:28:14.483535Z,-2.9275849,-9.3261642,0.7441478,1.5334250,-2.9410462,-0.7981717,-2.0956724,-9.5115366,1.1725791,-0.0424994,0.6622902,-0.7194445,0.2048545
gait_20260919_222807_andrew_normal_left_2,andrew_normal_left_2,2513931366790969,2026-09-19T22:28:14.492074Z,-2.8780549,-8.5615158,0.2243068,1.0080109,-1.7942584,-0.9873767,-1.8860049,-9.5137272,1.4724470,-0.0611475,0.6492686,-0.7271944,0.2142421
gait_20260919_222807_andrew_normal_left_2,andrew_normal_left_2,2513931376874750,2026-09-19T22:28:14.503076Z,-3.3316064,-8.2407675,-0.5419126,1.0080109,-1.7942584,-0.9873767,-1.8860049,-9.5137272,1.4724470,-0.0611475,0.6492686,-0.7271944,0.2142421
gait_20260919_222807_andrew_normal_left_2,andrew_normal_left_2,2513931386962152,2026-09-19T22:28:14.511887Z,-4.0766521,-8.5885248,-0.3875614,0.8477337,-1.5095433,-1.4814981,-1.6047462,-9.5340481,1.6621804,-0.0769416,0.6400751,-0.7339835,0.2136637
gait_20260919_222807_andrew_normal_left_2,andrew_normal_left_2,2513931397042719,2026-09-19T22:28:14.522934Z,-4.6370449,-9.0609312,0.1285387,0.8477337,-1.5095433,-1.4814981,-1.6047462,-9.5340481,1.6621804,-0.0769416,0.6400751,-0.7339835,0.2136637
gait_20260919_222807_andrew_normal_left_2,andrew_normal_left_2,2513931407128128,2026-09-19T22:28:14.531960Z,-4.7837648,-9.3378353,0.2602946,1.0309433,-2.1011398,-1.7713593,-1.7248927,-9.5249519,1.5925307,-0.0827870,0.6408139,-0.7284229,0.2278246
gait_20260919_222807_andrew_normal_left_2,andrew_normal_left_2,2513931417212396,2026-09-19T22:28:14.542295Z,-4.6750531,-9.4707136,0.0922516,1.0309433,-2.1011398,-1.7713593,-1.7248927,-9.5249519,1.5925307,-0.0827870,0.6408139,-0.7284229,0.2278246
gait_20260919_222807_andrew_normal_left_2,andrew_normal_left_2,2513931427296503,2026-09-19T22:28:14.552420Z,-4.2748470,-9.4015808,-0.0995838,0.8245015,-1.1848754,-1.5494959,-1.3613386,-9.5428743,1.8211031,-0.1030290,0.6287035,-0.7364782,0.2274135
gait_20260919_222807_andrew_normal_left_2,andrew_normal_left_2,2513931437381179,2026-09-19T22:28:14.563275Z,-4.0942345,-9.4564981,-0.1417068,0.8245015,-1.1848754,-1.5494959,-1.3613386,-9.5428743,1.8211031,-0.1030290,0.6287035,-0.7364782,0.2274135
gait_20260919_222807_andrew_normal_left_2,andrew_normal_left_2,2513931447466465,2026-09-19T22:28:14.572642Z,-4.3721118,-10.1695957,-0.0435445,0.2994872,0.1822437,-1.1989979,-1.1307784,-9.5572939,1.9014714,-0.1108033,0.6240529,-0.7414559,0.2202808
gait_20260919_222807_andrew_normal_left_2,andrew_normal_left_2,2513931457544427,2026-09-19T22:28:14.585073Z,-4.7126122,-10.6779900,0.2886509,0.2994872,0.1822437,-1.1989979,-1.1307784,-9.5572939,1.9014714,-0.1108033,0.6240529,-0.7414559,0.2202808
gait_20260919_222807_andrew_normal_left_2,andrew_normal_left_2,2513931467636550,2026-09-19T22:28:14.594158Z,-4.7354317,-10.5477304,0.9256582,-0.1480366,1.0022819,-0.8064653,-0.9823159,-9.5790081,1.8745080,-0.1103539,0.6251970,-0.7441689,0.2077579
gait_20260919_222807_andrew_normal_left_2,andrew_normal_left_2,2513931477720697,2026-09-19T22:28:14.605292Z,-4.5126963,-10.3306065,1.3010989,-0.1480366,1.0022819,-0.8064653,-0.9823159,-9.5790081,1.8745080,-0.1103539,0.6251970,-0.7441689,0.2077579
gait_20260919_222807_andrew_normal_left_2,andrew_normal_left_2,2513931487777459,2026-09-19T22:28:14.613357Z,-4.4285998,-10.3181114,1.5431378,-0.3381076,1.4075880,-0.3293643,-0.9430081,-9.5994997,1.7878587,-0.1040839,0.6297328,-0.7444931,0.1957886
gait_20260919_222807_andrew_normal_left_2,andrew_normal_left_2,2513931497887893,2026-09-19T22:28:14.625304Z,-4.5462151,-10.5617962,1.6199768,-0.3381076,1.4075880,-0.3293643,-0.9430081,-9.5994997,1.7878587,-0.1040839,0.6297328,-0.7444931,0.1957886
gait_20260919_222807_andrew_normal_left_2,andrew_normal_left_2,2513931507973505,2026-09-19T22:28:14.633892Z,-4.7987285,-11.1136599,1.6881367,-0.4102689,1.4908909,-0.1357959,-0.9711487,-9.6162367,1.6795818,-0.0942038,0.6355806,-0.7436897,0.1846309
gait_20260919_222807_andrew_normal_left_2,andrew_normal_left_2,2513931518059727,2026-09-19T22:28:14.645132Z,-5.3354783,-11.6000566,1.7603368,-0.4102689,1.4908909,-0.1357959,-0.9711487,-9.6162367,1.6795818,-0.0942038,0.6355806,-0.7436897,0.1846309
gait_20260919_222807_andrew_normal_left_2,andrew_normal_left_2,2513931528140334,2026-09-19T22:28:14.653401Z,-5.9142017,-12.0150023,1.7207576,-0.3578924,0.9957203,-0.1744497,-0.9848896,-9.6317949,1.5794430,-0.0869492,0.6405513,-0.7424527,0.1757781
gait_20260919_222807_andrew_normal_left_2,andrew_normal_left_2,2513931538225743,2026-09-19T22:28:14.665536Z,-6.7110968,-12.4636154,1.6312743,-0.3578924,0.9957203,-0.1744497,-0.9848896,-9.6317949,1.5794430,-0.0869492,0.6405513,-0.7424527,0.1757781
gait_20260919_222807_andrew_normal_left_2,andrew_normal_left_2,2513931548310622,2026-09-19T22:28:14.673955Z,-7.6006179,-12.9506855,0.8710405,-0.3354929,0.5757754,-0.1382274,-0.9705282,-9.6451502,1.5050815,-0.0840458,0.6438621,-0.7412074,0.1702630
gait_20260919_222807_andrew_normal_left_2,andrew_normal_left_2,2513931558393264,2026-09-19T22:28:14.684946Z,-8.4052191,-13.2849760,-1.1412112,-0.3354929,0.5757754,-0.1382274,-0.9705282,-9.6451502,1.5050815,-0.0840458,0.6438621,-0.7412074,0.1702630
gait_20260919_222807_andrew_normal_left_2,andrew_normal_left_2,2513931568478387,2026-09-19T22:28:14.694449Z,-8.1889925,-12.9117804,-3.3108068,-0.5972756,0.3664858,0.4009594,-1.0119138,-9.6557789,1.4064455,-0.0810076,0.6480763,-0.7382383,0.1686391
gait_20260919_222807_andrew_normal_left_2,andrew_normal_left_2,2513931578563348,2026-09-19T22:28:14.706436Z,-5.9154739,-11.6441250,-2.7316346,-0.5972756,0.3664858,0.4009594,-1.0119138,-9.6557789,1.4064455,-0.0810076,0.6480763,-0.7382383,0.1686391
gait_20260919_222807_andrew_normal_left_2,andrew_normal_left_2,2513931588649001,2026-09-19T22:28:14.714006Z,-3.9297829,-10.9287825,-1.0698341,-1.4101694,-0.8892686,1.4968196,-1.2243057,-9.6587410,1.2024776,-0.0795948,0.6561812,-0.7284117,0.1802980
gait_20260919_222807_andrew_normal_left_2,andrew_normal_left_2,2513931598731155,2026-09-19T22:28:14.725698Z,-2.3983166,-10.6216516,-0.8851064,-1.4101694,-0.8892686,1.4968196,-1.2243057,-9.6587410,1.2024776,-0.0795948,0.6561812,-0.7284117,0.1802980
gait_20260919_222807_andrew_normal_left_2,andrew_normal_left_2,2513931608817580,2026-09-19T22:28:14.734049Z,-1.4413842,-11.2222223,-1.6101755,-2.1524172,-1.0492127,2.2165515,-1.6054680,-9.6402521,0.8509552,-0.0791670,0.6697376,-0.7099146,0.2029913
gait_20260919_222807_andrew_normal_left_2,andrew_normal_left_2,2513931618899489,2026-09-19T22:28:14.743661Z,-0.8458266,-12.3602161,-1.0062381,-2.1524172,-1.0492127,2.2165515,-1.6054680,-9.6402521,0.8509552,-0.0791670,0.6697376,-0.7099146,0.2029913
gait_20260919_222807_andrew_normal_left_2,andrew_normal_left_2,2513931628984044,2026-09-19T22:28:14.754083Z,-0.7177368,-13.5680904,0.6128408,-2.6817117,-1.0704631,2.5293951,-2.0722299,-9.5806541,0.3912062,-0.0759838,0.6873645,-0.6859086,0.2264644
gait_20260919_222807_andrew_normal_left_2,andrew_normal_left_2,2513931639068557,2026-09-19T22:28:14.766479Z,-0.6044611,-14.6791496,2.2923734,-2.6817117,-1.0704631,2.5293951,-2.0722299,-9.5806541,0.3912062,-0.0759838,0.6873645,-0.6859086,0.2264644
gait_20260919_222807_andrew_normal_left_2,andrew_normal_left_2,2513931649153395,2026-09-19T22:28:14.775228Z,-0.1008557,-16.2149563,2.8964603,-2.5173044,-0.5506447,2.6688383,-2.5766728,-9.4651308,-0.0903681,-0.0709970,0.7055138,-0.6594732,0.2496095
gait_20260919_222807_andrew_normal_left_2,andrew_normal_left_2,2513931659238194,2026-09-19T22:28:14.785129Z,0.6786814,-17.6292553,2.0835540,-2.5173044,-0.5506447,2.6688383,-2.5766728,-9.4651308,-0.0903681,-0.0709970,0.7055138,-0.6594732,0.2496095
gait_20260919_222807_andrew_normal_left_2,andrew_normal_left_2,2513931669321405,2026-09-19T22:28:14.794116Z,1.6256629,-18.5755634,1.0942250,-1.5025653,0.4381309,2.6566641,-3.0831194,-9.3016768,-0.4575008,-0.0564322,0.7199115,-0.6387422,0.2656150
gait_20260919_222807_andrew_normal_left_2,andrew_normal_left_2,2513931679406448,2026-09-19T22:28:14.805243Z,2.7408371,-19.3051968,0.2827403,-1.5025653,0.4381309,2.6566641,-3.0831194,-9.3016768,-0.4575008,-0.0564322,0.7199115,-0.6387422,0.2656150
gait_20260919_222807_andrew_normal_left_2,andrew_normal_left_2,2513931689490839,2026-09-19T22:28:14.815425Z,3.3099840,-19.3194122,0.1633295,-0.7994207,-0.0211172,2.3042343,-3.5348175,-9.1275120,-0.6555372,-0.0398361,0.7279349,-0.6249878,0.2791311
gait_20260919_222807_andrew_normal_left_2,andrew_normal_left_2,2513931699575759,2026-09-19T22:28:14.825505Z,3.0025535,-17.5528660,0.7618799,-0.7994207,-0.0211172,2.3042343,-3.5348175,-9.1275120,-0.6555372,-0.0398361,0.7279349,-0.6249878,0.2791311
gait_20260919_222807_andrew_normal_left_2,andrew_normal_left_2,2513931709659418,2026-09-19T22:28:14.835680Z,2.3478889,-14.8607349,1.3494320,-0.4330848,-1.6329486,1.8271831,-3.9041383,-8.9747648,-0.6688935,-0.0352848,0.7286264,-0.6145395,0.3003329
gait_20260919_222807_andrew_normal_left_2,andrew_normal_left_2,2513931719755325,2026-09-19T22:28:14.846160Z,1.5705963,-12.5514526,1.1296142,-0.4330848,-1.6329486,1.8271831,-3.9041383,-8.9747648,-0.6688935,-0.0352848,0.7286264,-0.6145395,0.3003329
gait_20260919_222807_andrew_normal_left_2,andrew_normal_left_2,2513931729828160,2026-09-19T22:28:14.855836Z,0.8518121,-10.7277441,0.5749077,0.0846351,-2.2028453,1.5776744,-4.2182918,-8.8426342,-0.4999457,-0.0391650,0.7225082,-0.6073843,0.3279215
gait_20260919_222807_andrew_normal_left_2,andrew_normal_left_2,2513931739914789,2026-09-19T22:28:14.866Z,0.5657049,-9.1816139,0.2596212,0.0846351,-2.2028453,1.5776744,-4.2182918,-8.8426342,-0.4999457,-0.0391650,0.7225082,-0.6073843,0.3279215
gait_20260919_222807_andrew_normal_left_2,andrew_normal_left_2,2513931750001663,2026-09-19T22:28:14.875672Z,0.2412906,-7.8227549,0.1008557,0.4358993,-1.2872969,1.5401198,-4.4448624,-8.7411432,-0.2678358,-0.0412772,0.7142682,-0.6048394,0.3496949
gait_20260919_222807_andrew_normal_left_2,andrew_normal_left_2,2513931760080560,2026-09-19T22:28:14.887310Z,0.7600842,-6.7391539,0.0364368,0.4358993,-1.2872969,1.5401198,-4.4448624,-8.7411432,-0.2678358,-0.0412772,0.7142682,-0.6048394,0.3496949
gait_20260919_222807_andrew_normal_left_2,andrew_normal_left_2,2513931770167271,2026-09-19T22:28:14.896067Z,1.2500726,-5.9896193,0.1457470,0.3935484,0.3970124,1.5225666,-4.7125568,-8.6022301,-0.1719029,-0.0312655,0.7112932,-0.6018320,0.3617772
gait_20260919_222807_andrew_normal_left_2,andrew_normal_left_2,2513931780251866,2026-09-19T22:28:14.907307Z,1.7142484,-5.5362172,0.3356372,0.3935484,0.3970124,1.5225666,-4.7125568,-8.6022301,-0.1719029,-0.0312655,0.7112932,-0.6018320,0.3617772
gait_20260919_222807_andrew_normal_left_2,andrew_normal_left_2,2513931790335403,2026-09-19T22:28:14.916367Z,1.9543420,-5.1794815,0.6380547,0.1376945,1.5353402,1.2797027,-4.9429417,-8.4695654,-0.2644164,-0.0141332,0.7150561,-0.5978935,0.3619647
gait_20260919_222807_andrew_normal_left_2,andrew_normal_left_2,2513931800422072,2026-09-19T22:28:14.927458Z,2.0427778,-4.8455648,0.9425673,0.1376945,1.5353402,1.2797027,-4.9429417,-8.4695654,-0.2644164,-0.0141332,0.7150561,-0.5978935,0.3619647
gait_20260919_222807_andrew_normal_left_2,andrew_normal_left_2,2513931810503249,2026-09-19T22:28:14.936385Z,1.7654994,-4.5171103,0.9960628,-0.0547081,1.7036445,0.8486164,-5.0955787,-8.3710327,-0.4438657,0.0017280,0.7214796,-0.5935645,0.3565749
gait_20260919_222807_andrew_normal_left_2,andrew_normal_left_2,2513931820588861,2026-09-19T22:28:14.947648Z,1.3738228,-4.3318591,1.1691934,-0.0547081,1.7036445,0.8486164,-5.0955787,-8.3710327,-0.4438657,0.0017280,0.7214796,-0.5935645,0.3565749
gait_20260919_222807_andrew_normal_left_2,andrew_normal_left_2,2513931830671788,2026-09-19T22:28:14.955774Z,0.9400234,-4.3875990,1.5325884,-0.1308664,1.6765985,0.4836127,-5.1678696,-8.3140783,-0.6366841,0.0134728,0.7280616,-0.5898170,0.3490855
gait_20260919_222807_andrew_normal_left_2,andrew_normal_left_2,2513931840757114,2026-09-19T22:28:14.966823Z,0.7086089,-4.6356235,1.8078468,-0.1308664,1.6765985,0.4836127,-5.1678696,-8.3140783,-0.6366841,0.0134728,0.7280616,-0.5898170,0.3490855
gait_20260919_222807_andrew_normal_left_2,andrew_normal_left_2,2513931850820469,2026-09-19T22:28:14.976199Z,0.7009774,-4.9126024,1.8634371,-0.0882990,1.7350538,0.4034742,-5.2022114,-8.2751942,-0.8332371,0.0241538,0.7345744,-0.5866548,0.3400783
gait_20260919_222807_andrew_normal_left_2,andrew_normal_left_2,2513931860923944,2026-09-19T22:28:14.985426Z,1.1290905,-5.0245314,1.9207484,-0.0882990,1.7350538,0.4034742,-5.2022114,-8.2751942,-0.8332371,0.0241538,0.7345744,-0.5866548,0.3400783
gait_20260919_222807_andrew_normal_left_2,andrew_normal_left_2,2513931870996373,2026-09-19T22:28:14.996170Z,1.9675101,-5.0276737,1.8745852,0.0160544,1.5684481,0.4975354,-5.2447677,-8.2282877,-1.0118531,0.0356130,0.7402232,-0.5837855,0.3316565
gait_20260919_222807_andrew_normal_left_2,andrew_normal_left_2,2513931881096063,2026-09-19T22:28:15.006821Z,3.0496144,-4.9340010,1.8104655,0.0160544,1.5684481,0.4975354,-5.2447677,-8.2282877,-1.0118531,0.0356130,0.7402232,-0.5837855,0.3316565
gait_20260919_222807_andrew_normal_left_2,andrew_normal_left_2,2513931891164870,2026-09-19T22:28:15.016986Z,3.7584476,-4.8680854,1.6887352,0.1222730,0.9412953,0.3271160,-5.2890658,-8.1857090,-1.1207458,0.0443447,0.7434459,-0.5819016,0.3266686
gait_20260919_222807_andrew_normal_left_2,andrew_normal_left_2,2513931901262527,2026-09-19T22:28:15.026776Z,4.3335800,-4.5759182,1.2747627,0.1222730,0.9412953,0.3271160,-5.2890658,-8.1857090,-1.1207458,0.0443447,0.7434459,-0.5819016,0.3266686
gait_20260919_222807_andrew_normal_left_2,andrew_normal_left_2,2513931911323318,2026-09-19T22:28:15.037062Z,4.9777699,-4.2111015,0.7300071,0.2248277,0.1863905,-0.2223796,-5.2717295,-8.1956863,-1.1294723,0.0451574,0.7436561,-0.5826128,0.3248059
gait_20260919_222807_andrew_normal_left_2,andrew_normal_left_2,2513931921431390,2026-09-19T22:28:15.046267Z,5.5014267,-3.9327006,0.0147393,0.2248277,0.1863905,-0.2223796,-5.2717295,-8.1956863,-1.1294723,0.0451574,0.7436561,-0.5826128,0.3248059
gait_20260919_222807_andrew_normal_left_2,andrew_normal_left_2,2513931931495559,2026-09-19T22:28:15.056948Z,5.7345619,-4.0835357,-0.8015338,0.3267663,-0.2917264,-0.8572931,-5.1607013,-8.2752638,-1.0598576,0.0380374,0.7416310,-0.5864178,0.3234980
gait_20260919_222807_andrew_normal_left_2,andrew_normal_left_2,2513931941600540,2026-09-19T22:28:15.067206Z,5.4007955,-4.6469212,-2.2733693,0.3267663,-0.2917264,-0.8572931,-5.1607013,-8.2752638,-1.0598576,0.0380374,0.7416310,-0.5864178,0.3234980
gait_20260919_222807_andrew_normal_left_2,andrew_normal_left_2,2513931951685826,2026-09-19T22:28:15.077984Z,3.9264908,-5.9953804,-5.2379894,0.4281386,-0.3053160,-1.4435605,-4.9459500,-8.4180756,-0.9537622,0.0254269,0.7384734,-0.5930451,0.3198565
gait_20260919_222807_andrew_normal_left_2,andrew_normal_left_2,2513931961768101,2026-09-19T22:28:15.087831Z,0.2623147,-8.4279642,-8.4875946,0.4281386,-0.3053160,-1.4435605,-4.9459500,-8.4180756,-0.9537622,0.0254269,0.7384734,-0.5930451,0.3198565
gait_20260919_222807_andrew_normal_left_2,andrew_normal_left_2,2513931971853225,2026-09-19T22:28:15.098451Z,-4.5149407,-10.9328232,-9.3664160,0.0896646,0.3429372,-1.5794896,-4.2916059,-8.7167730,-1.3550373,0.0002609,0.7512122,-0.5929019,0.2900821
gait_20260919_222807_andrew_normal_left_2,andrew_normal_left_2,2513931981938145,2026-09-19T22:28:15.109392Z,-8.8866777,-12.8008242,-8.4849014,0.0896646,0.3429372,-1.5794896,-4.2916059,-8.7167730,-1.3550373,0.0002609,0.7512122,-0.5929019,0.2900821
gait_20260919_222807_andrew_normal_left_2,andrew_normal_left_2,2513931992023147,2026-09-19T22:28:15.118406Z,-11.3604126,-14.0838919,-6.0295725,-0.3057324,1.5135568,-0.7085737,-4.0525737,-8.8045444,-1.5141845,-0.0035058,0.7565580,-0.5932333,0.2751037
gait_20260919_222807_andrew_normal_left_2,andrew_normal_left_2,2513932002106236,2026-09-19T22:28:15.127691Z,-12.5783873,-15.4660940,-2.1756561,-0.3057324,1.5135568,-0.7085737,-4.0525737,-8.8045444,-1.5141845,-0.0035058,0.7565580,-0.5932333,0.2751037
gait_20260919_222807_andrew_normal_left_2,andrew_normal_left_2,2513932012190831,2026-09-19T22:28:15.137772Z,-15.0719490,-17.1878986,1.2885294,0.3493823,0.6966162,0.6879062,-4.0629230,-8.7798653,-1.6256535,0.0043575,0.7602817,-0.5914484,0.2685918
gait_20260919_222807_andrew_normal_left_2,andrew_normal_left_2,2513932022277338,2026-09-19T22:28:15.147007Z,-17.9933987,-18.6022739,0.9753379,0.3493823,0.6966162,0.6879062,-4.0629230,-8.7798653,-1.6256535,0.0043575,0.7602817,-0.5914484,0.2685918
gait_20260919_222807_andrew_normal_left_2,andrew_normal_left_2,2513932032360874,2026-09-19T22:28:15.157969Z,-18.5957642,-18.1206646,-1.0789620,1.5909642,-1.0821041,1.5204848,-4.3223867,-8.7017727,-1.3536118,0.0139307,0.7509718,-0.5969506,0.2819526
gait_20260919_222807_andrew_normal_left_2,andrew_normal_left_2,2513932042446649,2026-09-19T22:28:15.168010Z,-18.2332668,-14.4358387,-0.7796119,1.5909642,-1.0821041,1.5204848,-4.3223867,-8.7017727,-1.3536118,0.0139307,0.7509718,-0.5969506,0.2819526
gait_20260919_222807_andrew_normal_left_2,andrew_normal_left_2,2513932052529006,2026-09-19T22:28:15.178404Z,-14.5910130,-10.2359600,0.4158429,0.8206878,-2.0042143,1.0356064,-4.6193547,-8.6045027,-0.9274918,0.0147011,0.7363385,-0.6026634,0.3072236
gait_20260919_222807_andrew_normal_left_2,andrew_normal_left_2,2513932062612584,2026-09-19T22:28:15.187950Z,-9.1955299,-8.0059109,1.6171336,0.8206878,-2.0042143,1.0356064,-4.6193547,-8.6045027,-0.9274918,0.0147011,0.7363385,-0.6026634,0.3072236
gait_20260919_222807_andrew_normal_left_2,andrew_normal_left_2,2513932072699660,2026-09-19T22:28:15.198321Z,-5.3722143,-8.1613846,2.1279964,0.0369717,-1.2179667,0.0497119,-4.7107525,-8.5707712,-0.7660397,0.0066692,0.7308461,-0.6015518,0.3224205
gait_20260919_222807_andrew_normal_left_2,andrew_normal_left_2,2513932082782627,2026-09-19T22:28:15.208293Z,-2.6545711,-9.6028433,2.6355672,0.0369717,-1.2179667,0.0497119,-4.7107525,-8.5707712,-0.7660397,0.0066692,0.7308461,-0.6015518,0.3224205
gait_20260919_222807_andrew_normal_left_2,andrew_normal_left_2,2513932092867385,2026-09-19T22:28:15.218491Z,-0.8669255,-10.9795094,2.9947722,0.3184060,-0.5228660,-1.0117414,-4.6017423,-8.6381016,-0.6657962,-0.0037824,0.7273868,-0.6043884,0.3249753
gait_20260919_222807_andrew_normal_left_2,andrew_normal_left_2,2513932102950637,2026-09-19T22:28:15.227615Z,0.0613514,-12.4285259,2.7111342,0.3184060,-0.5228660,-1.0117414,-4.6017423,-8.6381016,-0.6657962,-0.0037824,0.7273868,-0.6043884,0.3249753
gait_20260919_222807_andrew_normal_left_2,andrew_normal_left_2,2513932113037429,2026-09-19T22:28:15.239472Z,2.7540801,-15.2181444,-6.5536780,0.6260869,0.3293643,-1.8265836,-4.3087802,-8.7945509,-0.5713478,-0.0155557,0.7239124,-0.6130598,0.3160169
gait_20260919_222807_andrew_normal_left_2,andrew_normal_left_2,2513932123131667,2026-09-19T22:28:15.250402Z,6.8403091,-18.4010868,-14.0272541,0.6260869,0.3293643,-1.8265836,-4.3087802,-8.7945509,-0.5713478,-0.0155557,0.7239124,-0.6130598,0.3160169
gait_20260919_222807_andrew_normal_left_2,andrew_normal_left_2,2513932133203282,2026-09-19T22:28:15.259048Z,4.0990977,-18.3936787,-3.0501382,-0.5289280,-0.2892117,-2.2831671,-3.9191494,-8.9760532,-0.5539284,-0.0294563,0.7228448,-0.6211909,0.3012468
gait_20260919_222807_andrew_normal_left_2,andrew_normal_left_2,2513932143288325,2026-09-19T22:28:15.270692Z,2.2676082,-17.1718140,4.5677629,-0.5289280,-0.2892117,-2.2831671,-3.9191494,-8.9760532,-0.5539284,-0.0294563,0.7228448,-0.6211909,0.3012468
gait_20260919_222807_andrew_normal_left_2,andrew_normal_left_2,2513932153372308,2026-09-19T22:28:15.278637Z,1.8047792,-15.1110792,5.9602904,-0.4581822,0.3185226,-1.7570702,-3.5157120,-9.1298828,-0.7218797,-0.0537988,0.7273614,-0.6188245,0.2917317
gait_20260919_222807_andrew_normal_left_2,andrew_normal_left_2,2513932163435907,2026-09-19T22:28:15.290855Z,2.7551277,-13.0337343,5.0868554,-0.4581822,0.3185226,-1.7570702,-3.5157120,-9.1298828,-0.7218797,-0.0537988,0.7273614,-0.6188245,0.2917317
gait_20260919_222807_andrew_normal_left_2,andrew_normal_left_2,2513932173542068,2026-09-19T22:28:15.299893Z,3.4665797,-10.6208286,4.2303300,1.0562406,1.7466449,-0.3431037,-3.3549318,-9.1921911,-0.6958315,-0.0486253,0.7268159,-0.6265612,0.2771197
gait_20260919_222807_andrew_normal_left_2,andrew_normal_left_2,2513932183626134,2026-09-19T22:28:15.310689Z,3.6987424,-8.3090019,3.7618895,1.0562406,1.7466449,-0.3431037,-3.3549318,-9.1921911,-0.6958315,-0.0486253,0.7268159,-0.6265612,0.2771197
gait_20260919_222807_andrew_normal_left_2,andrew_normal_left_2,2513932193710077,2026-09-19T22:28:15.318710Z,3.6834044,-6.4019456,3.4770541,1.4218770,1.2614666,0.0667322,-3.3524773,-9.2041817,-0.5292023,-0.0357410,0.7217153,-0.6369572,0.2685798
gait_20260919_222807_andrew_normal_left_2,andrew_normal_left_2,2513932203769688,2026-09-19T22:28:15.330422Z,3.3557730,-5.0333600,2.8131123,1.4218770,1.2614666,0.0667322,-3.3524773,-9.2041817,-0.5292023,-0.0357410,0.7217153,-0.6369572,0.2685798
gait_20260919_222807_andrew_normal_left_2,andrew_normal_left_2,2513932213878616,2026-09-19T22:28:15.338952Z,2.6690111,-4.1727195,2.1062241,1.2839161,0.6253541,-0.3129935,-3.3181665,-9.2260351,-0.3258536,-0.0298674,0.7147914,-0.6468415,0.2641541
gait_20260919_222807_andrew_normal_left_2,andrew_normal_left_2,2513932223963333,2026-09-19T22:28:15.349804Z,2.1473744,-3.7119853,1.5037084,1.2839161,0.6253541,-0.3129935,-3.3181665,-9.2260351,-0.3258536,-0.0298674,0.7147914,-0.6468415,0.2641541
gait_20260919_222807_andrew_normal_left_2,andrew_normal_left_2,2513932234048659,2026-09-19T22:28:15.358748Z,1.7044472,-3.2120461,1.3651439,1.0027816,0.1554309,-0.7818509,-3.1886108,-9.2763433,-0.1353701,-0.0317250,0.7079111,-0.6560659,0.2596786
gait_20260919_222807_andrew_normal_left_2,andrew_normal_left_2,2513932244131138,2026-09-19T22:28:15.370008Z,1.5210663,-2.8428152,1.4660745,1.0027816,0.1554309,-0.7818509,-3.1886108,-9.2763433,-0.1353701,-0.0317250,0.7079111,-0.6560659,0.2596786
gait_20260919_222807_andrew_normal_left_2,andrew_normal_left_2,2513932254216384,2026-09-19T22:28:15.379140Z,1.3171850,-2.9403789,1.7376667,0.6366122,-0.1443227,-1.0945779,-2.9927280,-9.3423481,0.0152478,-0.0394909,0.7020992,-0.6635251,0.2554050
gait_20260919_222807_andrew_normal_left_2,andrew_normal_left_2,2513932264300532,2026-09-19T22:28:15.390195Z,0.9867852,-3.8974612,2.2908769,0.6366122,-0.1443227,-1.0945779,-2.9927280,-9.3423481,0.0152478,-0.0394909,0.7020992,-0.6635251,0.2554050
gait_20260919_222807_andrew_normal_left_2,andrew_normal_left_2,2513932274383742,2026-09-19T22:28:15.399267Z,0.5307646,-5.4373069,2.4002621,0.2402159,0.0281118,-1.2749397,-2.7518108,-9.4156666,0.0942583,-0.0498650,0.6985897,-0.6687749,0.2494516
gait_20260919_222807_andrew_normal_left_2,andrew_normal_left_2,2513932284469192,2026-09-19T22:28:15.410316Z,0.4017022,-7.1492357,2.3784897,0.2402159,0.0281118,-1.2749397,-2.7518108,-9.4156666,0.0942583,-0.0498650,0.6985897,-0.6687749,0.2494516
gait_20260919_222807_andrew_normal_left_2,andrew_normal_left_2,2513932294554967,2026-09-19T22:28:15.419431Z,0.2545336,-8.6349878,2.5350854,-0.1414583,0.4632783,-1.1445895,-2.5154445,-9.4817142,0.0758483,-0.0579835,0.6986569,-0.6713804,0.2403432
gait_20260919_222807_andrew_normal_left_2,andrew_normal_left_2,2513932304637649,2026-09-19T22:28:15.430579Z,0.0936731,-9.7149973,3.0823851,-0.1414583,0.4632783,-1.1445895,-2.5154445,-9.4817142,0.0758483,-0.0579835,0.6986569,-0.6713804,0.2403432
gait_20260919_222807_andrew_normal_left_2,andrew_normal_left_2,2513932314722935,2026-09-19T22:28:15.439511Z,-0.0587328,-10.3202066,3.3141737,-0.5169039,0.8053662,-0.8190224,-2.2815626,-9.5409575,0.0270761,-0.0639883,0.7005237,-0.6727999,0.2291557
gait_20260919_222807_andrew_normal_left_2,andrew_normal_left_2,2513932324807367,2026-09-19T22:28:15.450709Z,-0.2064999,-10.4774752,2.9703064,-0.5169039,0.8053662,-0.8190224,-2.2815626,-9.5409575,0.0270761,-0.0639883,0.7005237,-0.6727999,0.2291557
gait_20260919_222807_andrew_normal_left_2,andrew_normal_left_2,2513932334890945,2026-09-19T22:28:15.459748Z,-0.3333926,-10.3347960,2.7082911,-0.5658331,0.9587486,-0.4686076,-2.1673493,-9.5667496,-0.1266279,-0.0645833,0.7061056,-0.6700711,0.2196558
gait_20260919_222807_andrew_normal_left_2,andrew_normal_left_2,2513932344949172,2026-09-19T22:28:15.470807Z,-0.5092916,-10.1083946,2.4670005,-0.5658331,0.9587486,-0.4686076,-2.1673493,-9.5667496,-0.1266279,-0.0645833,0.7061056,-0.6700711,0.2196558
gait_20260919_222807_andrew_normal_left_2,andrew_normal_left_2,2513932355059076,2026-09-19T22:28:15.481270Z,-0.7693617,-9.9706526,2.1331589,-0.3980950,0.7499586,-0.2487261,-2.0998800,-9.5795507,-0.2425156,-0.0639305,0.7104588,-0.6677133,0.2128854
gait_20260919_222807_andrew_normal_left_2,andrew_normal_left_2,2513932365143630,2026-09-19T22:28:15.490918Z,-1.0674399,-9.9285297,1.7848774,-0.3980950,0.7499586,-0.2487261,-2.0998800,-9.5795507,-0.2425156,-0.0639305,0.7104588,-0.6677133,0.2128854
gait_20260919_222807_andrew_normal_left_2,andrew_normal_left_2,2513932375227778,2026-09-19T22:28:15.500092Z,-1.2690766,-9.8406181,1.6141409,-0.0653832,0.3322954,-0.1461880,-2.0336859,-9.5939198,-0.2386108,-0.0647851,0.7107866,-0.6684191,0.2092877
gait_20260919_222807_andrew_normal_left_2,andrew_normal_left_2,2513932385313104,2026-09-19T22:28:15.511190Z,-1.6032921,-9.7650509,1.3080572,-0.0653832,0.3322954,-0.1461880,-2.0336859,-9.5939198,-0.2386108,-0.0647851,0.7107866,-0.6684191,0.2092877
gait_20260919_222807_andrew_normal_left_2,andrew_normal_left_2,2513932395397089,2026-09-19T22:28:15.520282Z,-1.9989339,-9.8142071,0.7511808,1.1449560,-1.6522505,-0.4273392,-1.9408145,-9.6160603,0.0270159,-0.0728914,0.7013948,-0.6759025,0.2142149
gait_20260919_222807_andrew_normal_left_2,andrew_normal_left_2,2513932405481562,2026-09-19T22:28:15.531355Z,-2.4720132,-9.6803560,0.3375076,1.1449560,-1.6522505,-0.4273392,-1.9408145,-9.6160603,0.0270159,-0.0728914,0.7013948,-0.6759025,0.2142149
gait_20260919_222807_andrew_normal_left_2,andrew_normal_left_2,2513932415566482,2026-09-19T22:28:15.540447Z,-2.7991958,-9.4622593,0.2009633,1.8479339,-2.9365997,-0.7625657,-1.7863525,-9.6330223,0.4999259,-0.0954261,0.6811445,-0.6875035,0.2329700
gait_20260919_222807_andrew_normal_left_2,andrew_normal_left_2,2513932425650344,2026-09-19T22:28:15.551505Z,-2.7904420,-9.2748384,0.1491887,1.8479339,-2.9365997,-0.7625657,-1.7863525,-9.6330223,0.4999259,-0.0954261,0.6811445,-0.6875035,0.2329700
gait_20260919_222807_andrew_normal_left_2,andrew_normal_left_2,2513932435735712,2026-09-19T22:28:15.561288Z,-2.8195467,-9.2006178,0.2143559,1.4547019,-2.4453094,-0.7563038,-1.7412657,-9.6183939,0.8310297,-0.1137598,0.6646449,-0.6938238,0.2528129
gait_20260919_222807_andrew_normal_left_2,andrew_normal_left_2,2513932445844273,2026-09-19T22:28:15.570962Z,-2.9014733,-9.2175264,0.1562217,1.4547019,-2.4453094,-0.7563038,-1.7412657,-9.6183939,0.8310297,-0.1137598,0.6646449,-0.6938238,0.2528129
gait_20260919_222807_andrew_normal_left_2,andrew_normal_left_2,2513932455906692,2026-09-19T22:28:15.581494Z,-3.0460231,-9.4135523,-0.4560954,0.8318792,-1.5336081,-0.8161579,-1.6980679,-9.6104441,0.9960042,-0.1263969,0.6553874,-0.6955762,0.2658290
gait_20260919_222807_andrew_normal_left_2,andrew_normal_left_2,2513932465987624,2026-09-19T22:28:15.591596Z,-3.4804211,-9.7116299,-0.6364836,0.8318792,-1.5336081,-0.8161579,-1.6980679,-9.6104441,0.9960042,-0.1263969,0.6553874,-0.6955762,0.2658290
gait_20260919_222807_andrew_normal_left_2,andrew_normal_left_2,2513932476071405,2026-09-19T22:28:15.601754Z,-3.7817912,-9.8021612,-0.4196587,0.7132534,-1.8405396,-1.1843925,-1.5272093,-9.6263180,1.1125457,-0.1417209,0.6473401,-0.6977291,0.2721033
gait_20260919_222807_andrew_normal_left_2,andrew_normal_left_2,2513932486156977,2026-09-19T22:28:15.613281Z,-4.0230069,-9.6523733,-0.0989853,0.7132534,-1.8405396,-1.1843925,-1.5272093,-9.6263180,1.1125457,-0.1417209,0.6473401,-0.6977291,0.2721033
gait_20260919_222807_andrew_normal_left_2,andrew_normal_left_2,2513932496240677,2026-09-19T22:28:15.622300Z,-4.2492590,-9.5278006,0.1407342,0.6846920,-2.1788638,-1.4332683,-1.2114935,-9.6460056,1.3126321,-0.1659522,0.6334933,-0.7019059,0.2801325
gait_20260919_222807_andrew_normal_left_2,andrew_normal_left_2,2513932506324701,2026-09-19T22:28:15.633644Z,-4.4462571,-9.4713869,0.3032406,0.6846920,-2.1788638,-1.4332683,-1.2114935,-9.6460056,1.3126321,-0.1659522,0.6334933,-0.7019059,0.2801325
gait_20260919_222807_andrew_normal_left_2,andrew_normal_left_2,2513932516411859,2026-09-19T22:28:15.643062Z,-4.6591167,-9.8118877,0.3402011,0.2597510,-1.1863742,-1.2689776,-0.9144530,-9.6624966,1.4269037,-0.1860965,0.6231508,-0.7046437,0.2837756
gait_20260919_222807_andrew_normal_left_2,andrew_normal_left_2,2513932526493484,2026-09-19T22:28:15.653804Z,-4.9730563,-10.3365917,0.3192518,0.2597510,-1.1863742,-1.2689776,-0.9144530,-9.6624966,1.4269037,-0.1860965,0.6231508,-0.7046437,0.2837756
gait_20260919_222807_andrew_normal_left_2,andrew_normal_left_2,2513932536579462,2026-09-19T22:28:15.663125Z,-5.4021420,-10.5095730,0.5349544,-0.2474937,0.0342737,-0.9408957,-0.7048943,-9.6823559,1.4111145,-0.1963137,0.6206200,-0.7057289,0.2797117
gait_20260919_222807_andrew_normal_left_2,andrew_normal_left_2,2513932546662388,2026-09-19T22:28:15.674007Z,-5.6634092,-10.4505405,0.8251766,-0.2474937,0.0342737,-0.9408957,-0.7048943,-9.6823559,1.4111145,-0.1963137,0.6206200,-0.7057289,0.2797117
gait_20260919_222807_andrew_normal_left_2,andrew_normal_left_2,2513932556724604,2026-09-19T22:28:15.683095Z,-5.6197901,-10.4488201,1.0440964,-0.5108252,0.4979185,-0.5940948,-0.5825517,-9.7047253,1.3095957,-0.2002186,0.6234807,-0.7048475,0.2727168
gait_20260919_222807_andrew_normal_left_2,andrew_normal_left_2,2513932566830968,2026-09-19T22:28:15.693095Z,-5.5671177,-10.7217588,1.3308021,-0.5108252,0.4979185,-0.5940948,-0.5825517,-9.7047253,1.3095957,-0.2002186,0.6234807,-0.7048475,0.2727168
gait_20260919_222807_andrew_normal_left_2,andrew_normal_left_2,2513932576915807,2026-09-19T22:28:15.701873Z,-5.6313119,-11.2436199,1.4318823,-0.5236654,0.4168805,-0.3254339,-0.5226921,-9.7225800,1.1976426,-0.2021199,0.6273820,-0.7027414,0.2677572
gait_20260919_222807_andrew_normal_left_2,andrew_normal_left_2,2513932587000889,2026-09-19T22:28:15.712274Z,-5.9259486,-11.5446157,1.5490485,-0.5236654,0.4168805,-0.3254339,-0.5226921,-9.7225800,1.1976426,-0.2021199,0.6273820,-0.7027414,0.2677572
gait_20260919_222807_andrew_normal_left_2,andrew_normal_left_2,2513932597084914,2026-09-19T22:28:15.722733Z,-6.2557497,-11.4792995,1.4403368,-0.4582322,0.2456284,-0.2164175,-0.4859917,-9.7360277,1.0998578,-0.2042955,0.6305958,-0.7002203,0.2651487
gait_20260919_222807_andrew_normal_left_2,andrew_normal_left_2,2513932607168858,2026-09-19T22:28:15.731949Z,-6.8467436,-11.0983219,0.9960628,-0.4582322,0.2456284,-0.2164175,-0.4859917,-9.7360277,1.0998578,-0.2042955,0.6305958,-0.7002203,0.2651487
gait_20260919_222807_andrew_normal_left_2,andrew_normal_left_2,2513932617255895,2026-09-19T22:28:15.741871Z,-7.6784291,-10.8141603,0.0277578,-0.4577159,0.3239018,-0.0366053,-0.4688567,-9.7463646,1.0122507,-0.2059292,0.6335546,-0.6976504,0.2636014
gait_20260919_222807_andrew_normal_left_2,andrew_normal_left_2,2513932627337966,2026-09-19T22:28:15.752902Z,-8.3910036,-10.8745394,-1.8387469,-0.4577159,0.3239018,-0.0366053,-0.4688567,-9.7463646,1.0122507,-0.2059292,0.6335546,-0.6976504,0.2636014
gait_20260919_222807_andrew_normal_left_2,andrew_normal_left_2,2513932637421869,2026-09-19T22:28:15.762088Z,-8.3334675,-10.8917475,-3.8728456,-0.7016623,0.2057257,0.6152119,-0.5434087,-9.7539043,0.8956520,-0.2043294,0.6386883,-0.6931416,0.2643506
gait_20260919_222807_andrew_normal_left_2,andrew_normal_left_2,2513932647506708,2026-09-19T22:28:15.772104Z,-6.4989858,-10.6515045,-3.1988032,-0.7016623,0.2057257,0.6152119,-0.5434087,-9.7539043,0.8956520,-0.2043294,0.6386883,-0.6931416,0.2643506
gait_20260919_222807_andrew_normal_left_2,andrew_normal_left_2,2513932657590896,2026-09-19T22:28:15.782497Z,-5.0883522,-10.8358574,-1.4509610,-1.5331085,-0.7426309,1.6422082,-0.7973353,-9.7547855,0.6667218,-0.2039110,0.6478370,-0.6801045,0.2760171
gait_20260919_222807_andrew_normal_left_2,andrew_normal_left_2,2513932667675694,2026-09-19T22:28:15.793546Z,-3.9699605,-11.3854761,-0.6711246,-1.5331085,-0.7426309,1.6422082,-0.7973353,-9.7547855,0.6667218,-0.2039110,0.6478370,-0.6801045,0.2760171
gait_20260919_222807_andrew_normal_left_2,andrew_normal_left_2,2513932677759801,2026-09-19T22:28:15.802588Z,-2.8860605,-12.4277029,-0.6975357,-2.3094137,-0.4195119,2.5131409,-1.2390817,-9.7279644,0.2598245,-0.2013637,0.6643882,-0.6572217,0.2934291
gait_20260919_222807_andrew_normal_left_2,andrew_normal_left_2,2513932687843989,2026-09-19T22:28:15.813722Z,-1.8901474,-14.1849718,-0.4709844,-2.3094137,-0.4195119,2.5131409,-1.2390817,-9.7279644,0.2598245,-0.2013637,0.6643882,-0.6572217,0.2934291
gait_20260919_222807_andrew_normal_left_2,andrew_normal_left_2,2513932697927362,2026-09-19T22:28:15.823013Z,-1.0311527,-16.0176582,0.3215712,-2.7015464,-0.1166939,3.0946453,-1.8210520,-9.6362228,-0.2511771,-0.1916684,0.6864622,-0.6291633,0.3101397
gait_20260919_222807_andrew_normal_left_2,andrew_normal_left_2,2513932708012079,2026-09-19T22:28:15.835429Z,-0.1326537,-17.7369194,1.0972178,-2.7015464,-0.1166939,3.0946453,-1.8210520,-9.6362228,-0.2511771,-0.1916684,0.6864622,-0.6291633,0.3101397
gait_20260919_222807_andrew_normal_left_2,andrew_normal_left_2,2513932718096104,2026-09-19T22:28:15.844438Z,0.5984756,-18.9914818,1.9214216,-2.5652342,0.0612364,3.1411929,-2.4408648,-9.4697876,-0.7755075,-0.1797228,0.7087856,-0.5987986,0.3267460
gait_20260919_222807_andrew_normal_left_2,andrew_normal_left_2,2513932728182001,2026-09-19T22:28:15.855247Z,1.4581437,-19.8817501,2.6517279,-2.5652342,0.0612364,3.1411929,-2.4408648,-9.4697876,-0.7755075,-0.1797228,0.7087856,-0.5987986,0.3267460
gait_20260919_222807_andrew_normal_left_2,andrew_normal_left_2,2513932738266270,2026-09-19T22:28:15.863184Z,2.3899369,-20.5753956,3.1684268,-1.7012796,0.0311595,2.8212714,-2.9952908,-9.2682638,-1.1677504,-0.1667696,0.7258481,-0.5732785,0.3415905
gait_20260919_222807_andrew_normal_left_2,andrew_normal_left_2,2513932748350173,2026-09-19T22:28:15.874884Z,3.3673699,-20.8820019,3.0445268,-1.7012796,0.0311595,2.8212714,-2.9952908,-9.2682638,-1.1677504,-0.1667696,0.7258481,-0.5732785,0.3415905
gait_20260919_222807_andrew_normal_left_2,andrew_normal_left_2,2513932758409133,2026-09-19T22:28:15.886095Z,4.8873887,-20.2348957,2.4031050,-0.6292178,-0.4012425,2.3257844,-3.4587324,-9.0831852,-1.3300580,-0.1550093,0.7341028,-0.5562646,0.3572602
gait_20260919_222807_andrew_normal_left_2,andrew_normal_left_2,2513932768494054,2026-09-19T22:28:15.895390Z,4.3990464,-17.6004505,-0.1322796,-0.6292178,-0.4012425,2.3257844,-3.4587324,-9.0831852,-1.3300580,-0.1550093,0.7341028,-0.5562646,0.3572602
gait_20260919_222807_andrew_normal_left_2,andrew_normal_left_2,2513932778579218,2026-09-19T22:28:15.905042Z,2.4138043,-14.2663002,-2.9730747,0.3788430,-1.7640315,1.6448562,-3.8266134,-8.9492922,-1.2261051,-0.1494526,0.7316293,-0.5472612,0.3780049
gait_20260919_222807_andrew_normal_left_2,andrew_normal_left_2,2513932788663772,2026-09-19T22:28:15.916285Z,0.4464438,-11.7450562,-2.6003275,0.3788430,-1.7640315,1.6448562,-3.8266134,-8.9492922,-1.2261051,-0.1494526,0.7316293,-0.5472612,0.3780049
gait_20260919_222807_andrew_normal_left_2,andrew_normal_left_2,2513932798773269,2026-09-19T22:28:15.924216Z,-0.4332009,-10.1061497,-0.5829133,0.6545984,-2.7810521,1.2855482,-4.1149521,-8.8623133,-0.8733332,-0.1548468,0.7180779,-0.5419324,0.4082843
gait_20260919_222807_andrew_normal_left_2,andrew_normal_left_2,2513932808856684,2026-09-19T22:28:15.934675Z,-0.4385878,-8.6857901,0.6191256,0.6545984,-2.7810521,1.2855482,-4.1149521,-8.8623133,-0.8733332,-0.1548468,0.7180779,-0.5419324,0.4082843
gait_20260919_222807_andrew_normal_left_2,andrew_normal_left_2,2513932818941807,2026-09-19T22:28:15.944724Z,-0.8114099,-7.5107603,0.5403414,0.6056026,-0.7434636,1.3986949,-3.7824824,-9.0348072,-0.5488197,-0.1745808,0.7039335,-0.5506318,0.4132844
gait_20260919_222807_andrew_normal_left_2,andrew_normal_left_2,2513932829025141,2026-09-19T22:28:15.953678Z,-0.4958990,-6.6269259,0.3669114,0.6056026,-0.7434636,1.3986949,-3.7824824,-9.0348072,-0.5488197,-0.1745808,0.7039335,-0.5506318,0.4132844
gait_20260919_222807_andrew_normal_left_2,andrew_normal_left_2,2513932839109817,2026-09-19T22:28:15.963838Z,0.0300023,-6.0623431,0.6084265,0.4127504,1.8519808,1.5073116,-4.0388894,-8.9229870,-0.5512083,-0.1572460,0.7081684,-0.5487719,0.4154764
gait_20260919_222807_andrew_normal_left_2,andrew_normal_left_2,2513932849194046,2026-09-19T22:28:15.975872Z,0.6531681,-5.6775498,1.0783634,0.4127504,1.8519808,1.5073116,-4.0388894,-8.9229870,-0.5512083,-0.1572460,0.7081684,-0.5487719,0.4154764
gait_20260919_222807_andrew_normal_left_2,andrew_normal_left_2,2513932859278477,2026-09-19T22:28:15.984254Z,1.0529999,-5.4278049,1.5607202,0.1360458,2.9537699,1.2995541,-4.2535782,-8.8078632,-0.7514830,-0.1325440,0.7204539,-0.5473667,0.4046828
gait_20260919_222807_andrew_normal_left_2,andrew_normal_left_2,2513932869362299,2026-09-19T22:28:15.996176Z,1.1087399,-5.0057521,1.7749264,0.1360458,2.9537699,1.2995541,-4.2535782,-8.8078632,-0.7514830,-0.1325440,0.7204539,-0.5473667,0.4046828
gait_20260919_222807_andrew_normal_left_2,andrew_normal_left_2,2513932879448196,2026-09-19T22:28:16.004332Z,0.9583541,-4.5634980,1.9393034,0.0395863,2.9374323,0.7874966,-4.3683796,-8.7255564,-1.0089915,-0.1107070,0.7332818,-0.5463355,0.3893064
gait_20260919_222807_andrew_normal_left_2,andrew_normal_left_2,2513932889531611,2026-09-19T22:28:16.016058Z,0.7222259,-4.1503487,1.9166332,0.0395863,2.9374323,0.7874966,-4.3683796,-8.7255564,-1.0089915,-0.1107070,0.7332818,-0.5463355,0.3893064
gait_20260919_222807_andrew_normal_left_2,andrew_normal_left_2,2513932899615513,2026-09-19T22:28:16.024514Z,0.3165584,-3.9801359,1.7375919,0.0434167,2.7109725,0.3242848,-4.3790207,-8.6898127,-1.2439741,-0.0943470,0.7438042,-0.5467474,0.3727216
gait_20260919_222807_andrew_normal_left_2,andrew_normal_left_2,2513932909699783,2026-09-19T22:28:16.035683Z,0.0032920,-4.0256257,1.8048540,0.0434167,2.7109725,0.3242848,-4.3790207,-8.6898127,-1.2439741,-0.0943470,0.7438042,-0.5467474,0.3727216
gait_20260919_222807_andrew_normal_left_2,andrew_normal_left_2,2513932919786860,2026-09-19T22:28:16.044968Z,0.2328361,-4.2197056,2.0585647,-0.0326916,2.5009170,0.1478534,-4.3320174,-8.6786366,-1.4666367,-0.0813598,0.7530502,-0.5474831,0.3557504
gait_20260919_222807_andrew_normal_left_2,andrew_normal_left_2,2513932929869663,2026-09-19T22:28:16.057891Z,1.1858780,-4.4300213,2.3127241,-0.0326916,2.5009170,0.1478534,-4.3320174,-8.6786366,-1.4666367,-0.0813598,0.7530502,-0.5474831,0.3557504
gait_20260919_222807_andrew_normal_left_2,andrew_normal_left_2,2513932939954625,2026-09-19T22:28:16.065623Z,2.5089738,-4.5122471,2.5691280,-0.0756753,1.9919569,0.1810779,-4.2885504,-8.6635189,-1.6697087,-0.0705328,0.7611028,-0.5470164,0.3413514
gait_20260919_222807_andrew_normal_left_2,andrew_normal_left_2,2513932950037877,2026-09-19T22:28:16.074811Z,3.6877439,-4.5487590,2.5083752,-0.0756753,1.9919569,0.1810779,-4.2885504,-8.6635189,-1.6697087,-0.0705328,0.7611028,-0.5470164,0.3413514
gait_20260919_222807_andrew_normal_left_2,andrew_normal_left_2,2513932960122268,2026-09-19T22:28:16.086755Z,4.7797246,-4.5262384,2.0886416,0.0391367,1.1134467,-0.0239150,-4.2508168,-8.6575375,-1.7926844,-0.0645086,0.7658482,-0.5466089,0.3324668
gait_20260919_222807_andrew_normal_left_2,andrew_normal_left_2,2513932970207432,2026-09-19T22:28:16.098248Z,5.7664347,-4.2627263,1.5477766,0.0391367,1.1134467,-0.0239150,-4.2508168,-8.6575375,-1.7926844,-0.0645086,0.7658482,-0.5466089,0.3324668
gait_20260919_222807_andrew_normal_left_2,andrew_normal_left_2,2513932980293451,2026-09-19T22:28:16.105631Z,6.5961003,-3.9454200,1.0994623,0.2194652,0.3053826,-0.5310597,-4.1676316,-8.6950922,-1.8061938,-0.0662401,0.7662272,-0.5484283,0.3282295
gait_20260919_222807_andrew_normal_left_2,andrew_normal_left_2,2513932990375442,2026-09-19T22:28:16.117868Z,6.9794722,-3.5065329,0.6329671,0.2194652,0.3053826,-0.5310597,-4.1676316,-8.6950922,-1.8061938,-0.0662401,0.7662272,-0.5484283,0.3282295
gait_20260919_222807_andrew_normal_left_2,andrew_normal_left_2,2513933000460322,2026-09-19T22:28:16.125834Z,6.9169984,-3.4273746,-0.3936217,0.4204611,-0.2522234,-1.1847920,-3.9957616,-8.7902813,-1.7323325,-0.0759116,0.7629181,-0.5532866,0.3256803
gait_20260919_222807_andrew_normal_left_2,andrew_normal_left_2,2513933010543410,2026-09-19T22:28:16.138550Z,6.4891095,-3.8622215,-2.0351462,0.4204611,-0.2522234,-1.1847920,-3.9957616,-8.7902813,-1.7323325,-0.0759116,0.7629181,-0.5532866,0.3256803
gait_20260919_222807_andrew_normal_left_2,andrew_normal_left_2,2513933020627720,2026-09-19T22:28:16.145974Z,5.7882071,-4.7997012,-4.6656256,0.6140794,-0.3024516,-1.7715924,-3.7113853,-8.9386616,-1.6006560,-0.0910318,0.7568800,-0.5617994,0.3212900
gait_20260919_222807_andrew_normal_left_2,andrew_normal_left_2,2513933030713617,2026-09-19T22:28:16.156719Z,2.2545898,-7.1982422,-8.2754087,0.6140794,-0.3024516,-1.7715924,-3.7113853,-8.9386616,-1.6006560,-0.0910318,0.7568800,-0.5617994,0.3212900
gait_20260919_222807_andrew_normal_left_2,andrew_normal_left_2,2513933040772252,2026-09-19T22:28:16.166251Z,-3.2657659,-10.2334919,-11.2537956,0.3083470,0.2579857,-1.9471912,-2.9880652,-9.1575441,-1.8565998,-0.1210482,0.7603961,-0.5665309,0.2935774
gait_20260919_222807_andrew_normal_left_2,andrew_normal_left_2,2513933050856765,2026-09-19T22:28:16.178793Z,-7.0188270,-13.1731224,-11.2144403,0.3083470,0.2579857,-1.9471912,-2.9880652,-9.1575441,-1.8565998,-0.1210482,0.7603961,-0.5665309,0.2935774
gait_20260919_222807_andrew_normal_left_2,andrew_normal_left_2,2513933060967564,2026-09-19T22:28:16.186392Z,-9.3848963,-15.2246542,-8.9647894,-0.4485063,1.6306838,-0.9537358,-2.6761031,-9.2300234,-1.9700948,-0.1300971,0.7628294,-0.5685925,0.2790495
gait_20260919_222807_andrew_normal_left_2,andrew_normal_left_2,2513933071027216,2026-09-19T22:28:16.196240Z,-10.9067106,-17.1418114,-6.1156139,-0.4485063,1.6306838,-0.9537358,-2.6761031,-9.2300234,-1.9700948,-0.1300971,0.7628294,-0.5685925,0.2790495
gait_20260919_222807_andrew_normal_left_2,andrew_normal_left_2,2513933081134720,2026-09-19T22:28:16.207110Z,-12.8757925,-18.8347359,-2.7093384,0.0476302,1.2527068,0.5268296,-2.6155169,-9.2090397,-2.1421444,-0.1217732,0.7700241,-0.5669214,0.2661469
gait_20260919_222807_andrew_normal_left_2,andrew_normal_left_2,2513933091194371,2026-09-19T22:28:16.217384Z,-15.0105228,-19.0152740,-0.3692308,0.0476302,1.2527068,0.5268296,-2.6155169,-9.2090397,-2.1421444,-0.1217732,0.7700241,-0.5669214,0.2661469
gait_20260919_222807_andrew_normal_left_2,andrew_normal_left_2,2513933101303705,2026-09-19T22:28:16.226158Z,-15.7946987,-17.8891010,-0.8271219,1.6178102,-1.5029650,1.7522240,-2.8995485,-9.1766424,-1.9020946,-0.1128925,0.7634481,-0.5703116,0.2813306
gait_20260919_222807_andrew_normal_left_2,andrew_normal_left_2,2513933111364171,2026-09-19T22:28:16.237245Z,-14.5981207,-15.2965546,-1.5753099,1.6178102,-1.5029650,1.7522240,-2.8995485,-9.1766424,-1.9020946,-0.1128925,0.7634481,-0.5703116,0.2813306
gait_20260919_222807_andrew_normal_left_2,andrew_normal_left_2,2513933121471471,2026-09-19T22:28:16.246298Z,-11.9244709,-11.7242565,-0.3357120,1.6296679,-3.4699409,2.1487534,-3.4190531,-9.0987883,-1.3259854,-0.1101839,0.7443321,-0.5742792,0.3225412
gait_20260919_222807_andrew_normal_left_2,andrew_normal_left_2,2513933131534499,2026-09-19T22:28:16.255876Z,-9.5881796,-8.4088106,1.5912462,1.6296679,-3.4699409,2.1487534,-3.4190531,-9.0987883,-1.3259854,-0.1101839,0.7443321,-0.5742792,0.3225412
gait_20260919_222807_andrew_normal_left_2,andrew_normal_left_2,2513933141641230,2026-09-19T22:28:16.266340Z,-5.9033532,-6.5883942,2.7806408,0.1787464,-2.3711164,0.7579525,-3.7491910,-9.0122213,-0.9795572,-0.1176475,0.7311589,-0.5696918,0.3563944
gait_20260919_222807_andrew_normal_left_2,andrew_normal_left_2,2513933151728714,2026-09-19T22:28:16.277602Z,-3.1025860,-6.8542252,3.9855227,0.1787464,-2.3711164,0.7579525,-3.7491910,-9.0122213,-0.9795572,-0.1176475,0.7311589,-0.5696918,0.3563944
gait_20260919_222807_andrew_normal_left_2,andrew_normal_left_2,2513933161810094,2026-09-19T22:28:16.287535Z,-1.1465234,-8.7936783,4.7803230,-0.0813044,-0.8060989,-0.8397732,-3.7410479,-9.0300226,-0.8362758,-0.1278470,0.7248079,-0.5687559,0.3671860
gait_20260919_222807_andrew_normal_left_2,andrew_normal_left_2,2513933171893915,2026-09-19T22:28:16.296776Z,0.0635212,-11.0217075,4.3154736,-0.0813044,-0.8060989,-0.8397732,-3.7410479,-9.0300226,-0.8362758,-0.1278470,0.7248079,-0.5687559,0.3671860
gait_20260919_222807_andrew_normal_left_2,andrew_normal_left_2,2513933181980626,2026-09-19T22:28:16.307621Z,0.5449802,-13.5204315,3.1201684,0.4507712,0.7830333,-2.0419519,-3.4179225,-9.1603355,-0.8013545,-0.1399786,0.7214091,-0.5764714,0.3572893
gait_20260919_222807_andrew_normal_left_2,andrew_normal_left_2,2513933192063634,2026-09-19T22:28:16.317672Z,0.6319944,-16.6046124,-0.9481787,0.4507712,0.7830333,-2.0419519,-3.4179225,-9.1603355,-0.8013545,-0.1399786,0.7214091,-0.5764714,0.3572893
gait_20260919_222807_andrew_normal_left_2,andrew_normal_left_2,2513933202148025,2026-09-19T22:28:16.327853Z,0.7603087,-19.8828716,-3.5767128,0.6635249,1.7463452,-2.5973430,-2.9095550,-9.3362913,-0.7773558,-0.1482790,0.7190332,-0.5920058,0.3324663
gait_20260919_222807_andrew_normal_left_2,andrew_normal_left_2,2513933212234288,2026-09-19T22:28:16.337059Z,-0.0263362,-20.0568256,1.0258406,0.6635249,1.7463452,-2.5973430,-2.9095550,-9.3362913,-0.7773558,-0.1482790,0.7190332,-0.5920058,0.3324663
gait_20260919_222807_andrew_normal_left_2,andrew_normal_left_2,2513933222317988,2026-09-19T22:28:16.347926Z,-0.2476502,-18.3650227,3.5981112,0.2695434,0.8248679,-1.9683417,-2.4394352,-9.4699306,-0.7782650,-0.1592843,0.7168120,-0.6030156,0.3117392
gait_20260919_222807_andrew_normal_left_2,andrew_normal_left_2,2513933232400874,2026-09-19T22:28:16.357844Z,0.9296985,-15.7517519,3.6342485,0.2695434,0.8248679,-1.9683417,-2.4394352,-9.4699306,-0.7782650,-0.1592843,0.7168120,-0.6030156,0.3117392
gait_20260919_222807_andrew_normal_left_2,andrew_normal_left_2,2513933242487380,2026-09-19T22:28:16.368233Z,2.0489130,-13.0045557,3.1655087,0.6189757,1.1116815,-0.4012925,-2.2473743,-9.5213289,-0.7278187,-0.1610590,0.7147286,-0.6098828,0.3021026
gait_20260919_222807_andrew_normal_left_2,andrew_normal_left_2,2513933252569127,2026-09-19T22:28:16.378891Z,2.5257332,-10.4739590,2.7145758,0.6189757,1.1116815,-0.4012925,-2.2473743,-9.5213289,-0.7278187,-0.1610590,0.7147286,-0.6098828,0.3021026
gait_20260919_222807_andrew_normal_left_2,andrew_normal_left_2,2513933262654169,2026-09-19T22:28:16.387266Z,2.7910407,-8.1978960,2.2692542,0.7939249,0.9343840,0.5628187,-2.3103549,-9.5134373,-0.6268098,-0.1508276,0.7134837,-0.6151800,0.2995759
gait_20260919_222807_andrew_normal_left_2,andrew_normal_left_2,2513933272741124,2026-09-19T22:28:16.397357Z,2.9179332,-6.3615437,1.8154035,0.7939249,0.9343840,0.5628187,-2.3103549,-9.5134373,-0.6268098,-0.1508276,0.7134837,-0.6151800,0.2995759
gait_20260919_222807_andrew_normal_left_2,andrew_normal_left_2,2513933282796910,2026-09-19T22:28:16.407546Z,2.8167036,-4.9887681,1.3591584,0.8648206,0.3272992,0.6321323,-2.4399440,-9.4891605,-0.4885051,-0.1416343,0.7105270,-0.6190986,0.3029986
gait_20260919_222807_andrew_normal_left_2,andrew_normal_left_2,2513933292909377,2026-09-19T22:28:16.418466Z,2.8810477,-3.9309051,1.0918308,0.8648206,0.3272992,0.6321323,-2.4399440,-9.4891605,-0.4885051,-0.1416343,0.7105270,-0.6190986,0.3029986
gait_20260919_222807_andrew_normal_left_2,andrew_normal_left_2,2513933302991327,2026-09-19T22:28:16.428135Z,3.0255976,-3.1263037,0.7986159,0.9293545,-0.3405724,0.2248277,-2.5116062,-9.4781199,-0.3053246,-0.1387354,0.7045807,-0.6235065,0.3091251
gait_20260919_222807_andrew_normal_left_2,andrew_normal_left_2,2513933313074661,2026-09-19T22:28:16.439039Z,3.2595561,-2.4384196,0.0493056,0.9293545,-0.3405724,0.2248277,-2.5116062,-9.4781199,-0.3053246,-0.1387354,0.7045807,-0.6235065,0.3091251
gait_20260919_222807_andrew_normal_left_2,andrew_normal_left_2,2513933323138300,2026-09-19T22:28:16.448184Z,4.2560678,-1.7333273,-1.2796260,0.9328685,-0.8693338,-0.3829066,-2.4758914,-9.4920444,-0.0848998,-0.1434283,0.6956547,-0.6290466,0.3159008
gait_20260919_222807_andrew_normal_left_2,andrew_normal_left_2,2513933333244705,2026-09-19T22:28:16.457810Z,3.8071549,-2.2880337,0.4056675,0.9328685,-0.8693338,-0.3829066,-2.4758914,-9.4920444,-0.0848998,-0.1434283,0.6956547,-0.6290466,0.3159008
gait_20260919_222807_andrew_normal_left_2,andrew_normal_left_2,2513933343329503,2026-09-19T22:28:16.468429Z,2.2565351,-3.9766195,1.7338510,0.6537157,-0.9172637,-1.1627923,-2.2926006,-9.5376921,0.1119198,-0.1557721,0.6857452,-0.6350747,0.3196386
gait_20260919_222807_andrew_normal_left_2,andrew_normal_left_2,2513933353413162,2026-09-19T22:28:16.479393Z,1.0848726,-5.9922380,1.9012954,0.6537157,-0.9172637,-1.1627923,-2.2926006,-9.5376921,0.1119198,-0.1557721,0.6857452,-0.6350747,0.3196386
gait_20260919_222807_andrew_normal_left_2,andrew_normal_left_2,2513933363492629,2026-09-19T22:28:16.488618Z,0.4846014,-7.7726264,1.8282722,0.4231258,-0.2625821,-1.4091535,-2.0041461,-9.6002493,0.2338769,-0.1691976,0.6780308,-0.6417384,0.3159403
gait_20260919_222807_andrew_normal_left_2,andrew_normal_left_2,2513933373581741,2026-09-19T22:28:16.500512Z,0.2795230,-9.1224318,1.9134160,0.4231258,-0.2625821,-1.4091535,-2.0041461,-9.6002493,0.2338769,-0.1691976,0.6780308,-0.6417384,0.3159403
gait_20260919_222807_andrew_normal_left_2,andrew_normal_left_2,2513933383665685,2026-09-19T22:28:16.509310Z,0.3827730,-9.9855423,2.1246295,-0.0067448,0.4898579,-0.9862276,-1.7736404,-9.6449671,0.2548153,-0.1765340,0.6754379,-0.6463337,0.3080135
gait_20260919_222807_andrew_normal_left_2,andrew_normal_left_2,2513933393749995,2026-09-19T22:28:16.520181Z,0.5334581,-10.3779669,2.3876176,-0.0067448,0.4898579,-0.9862276,-1.7736404,-9.6449671,0.2548153,-0.1765340,0.6754379,-0.6463337,0.3080135
gait_20260919_222807_andrew_normal_left_2,andrew_normal_left_2,2513933403810582,2026-09-19T22:28:16.529141Z,0.5370494,-10.4636345,2.5335143,-0.4254406,0.9394301,-0.5157548,-1.6006823,-9.6761017,0.2167645,-0.1787718,0.6769427,-0.6489697,0.2977039
gait_20260919_222807_andrew_normal_left_2,andrew_normal_left_2,2513933413918614,2026-09-19T22:28:16.541084Z,0.3353379,-10.3801365,2.5323920,-0.4254406,0.9394301,-0.5157548,-1.6006823,-9.6761017,0.2167645,-0.1787718,0.6769427,-0.6489697,0.2977039
gait_20260919_222807_andrew_normal_left_2,andrew_normal_left_2,2513933424003982,2026-09-19T22:28:16.548846Z,0.0371101,-10.1979523,2.3532758,-0.5610368,0.8250344,-0.3752958,-1.5274087,-9.6900291,0.0805472,-0.1784257,0.6822766,-0.6473252,0.2891940
gait_20260919_222807_andrew_normal_left_2,andrew_normal_left_2,2513933434087967,2026-09-19T22:28:16.559921Z,-0.3275567,-10.0338001,2.1268742,-0.5610368,0.8250344,-0.3752958,-1.5274087,-9.6900291,0.0805472,-0.1784257,0.6822766,-0.6473252,0.2891940
gait_20260919_222807_andrew_normal_left_2,andrew_normal_left_2,2513933444171381,2026-09-19T22:28:16.569560Z,-0.6727707,-9.8670292,1.9998318,-0.4303036,0.4415616,-0.4333512,-1.4356532,-9.7043753,-0.0110202,-0.1805494,0.6854062,-0.6461892,0.2829487
gait_20260919_222807_andrew_normal_left_2,andrew_normal_left_2,2513933454257237,2026-09-19T22:28:16.581309Z,-0.9081506,-9.6661406,2.1819408,-0.4303036,0.4415616,-0.4333512,-1.4356532,-9.7043753,-0.0110202,-0.1805494,0.6854062,-0.6461892,0.2829487
gait_20260919_222807_andrew_normal_left_2,andrew_normal_left_2,2513933464339798,2026-09-19T22:28:16.589514Z,-1.3244425,-9.6181068,1.8335096,0.0864671,-0.2366187,-0.6127138,-1.2938136,-9.7238216,0.0971895,-0.1848928,0.6813496,-0.6504698,0.2801185
gait_20260919_222807_andrew_normal_left_2,andrew_normal_left_2,2513933474425573,2026-09-19T22:28:16.606900Z,-1.8151041,-9.7821093,1.2175264,0.0864671,-0.2366187,-0.6127138,-1.2938136,-9.7238216,0.0971895,-0.1848928,0.6813496,-0.6504698,0.2801185
gait_20260919_222807_andrew_normal_left_2,andrew_normal_left_2,2513933484509597,2026-09-19T22:28:16.610530Z,-2.3324761,-9.9122944,0.8112603,1.1277524,-1.7072917,-1.0701466,-1.1185018,-9.7399492,0.3441987,-0.1979933,0.6679901,-0.6571756,0.2875904
gait_20260919_222807_andrew_normal_left_2,andrew_normal_left_2,2513933494596959,2026-09-19T22:28:16.619596Z,-2.7855790,-9.8995752,0.7395838,1.1277524,-1.7072917,-1.0701466,-1.1185018,-9.7399492,0.3441987,-0.1979933,0.6679901,-0.6571756,0.2875904
gait_20260919_222807_andrew_normal_left_2,andrew_normal_left_2,2513933504678746,2026-09-19T22:28:16.630460Z,-3.1300447,-9.8494463,0.8289924,1.1330817,-1.8284322,-1.1831267,-0.8948389,-9.7480965,0.6403011,-0.2158919,0.6506824,-0.6642140,0.2980317
gait_20260919_222807_andrew_normal_left_2,andrew_normal_left_2,2513933514763015,2026-09-19T22:28:16.641343Z,-3.2892590,-9.8159275,0.8824130,1.1330817,-1.8284322,-1.1831267,-0.8948389,-9.7480965,0.6403011,-0.2158919,0.6506824,-0.6642140,0.2980317
gait_20260919_222807_andrew_normal_left_2,andrew_normal_left_2,2513933524846877,2026-09-19T22:28:16.650217Z,-3.3533039,-9.8005152,0.8231565,0.7570366,-1.1350635,-1.1194422,-0.6746299,-9.7510853,0.8350549,-0.2307599,0.6376417,-0.6692476,0.3037610
gait_20260919_222807_andrew_normal_left_2,andrew_normal_left_2,2513933534932205,2026-09-19T22:28:16.661161Z,-3.4946368,-9.9035406,0.7276877,0.7570366,-1.1350635,-1.1194422,-0.6746299,-9.7510853,0.8350549,-0.2307599,0.6376417,-0.6692476,0.3037610
gait_20260919_222807_andrew_normal_left_2,andrew_normal_left_2,2513933544990921,2026-09-19T22:28:16.669793Z,-3.9012020,-9.9983358,0.6639420,0.7089068,-1.0004500,-1.3121945,-0.4396659,-9.7522573,0.9676113,-0.2430428,0.6275917,-0.6740674,0.3044539
gait_20260919_222807_andrew_normal_left_2,andrew_normal_left_2,2513933555086013,2026-09-19T22:28:16.679566Z,-4.3321586,-10.0487642,0.6631939,0.7089068,-1.0004500,-1.3121945,-0.4396659,-9.7522573,0.9676113,-0.2430428,0.6275917,-0.6740674,0.3044539
gait_20260919_222807_andrew_normal_left_2,andrew_normal_left_2,2513933565184076,2026-09-19T22:28:16.690001Z,-4.5752444,-9.9916773,0.6079776,0.9478070,-1.5371554,-1.5809386,-0.1092060,-9.7417316,1.1501439,-0.2608727,0.6127480,-0.6800594,0.3066015
gait_20260919_222807_andrew_normal_left_2,andrew_normal_left_2,2513933575268549,2026-09-19T22:28:16.702166Z,-4.6496892,-9.6777372,0.5179706,0.9478070,-1.5371554,-1.5809386,-0.1092060,-9.7417316,1.1501439,-0.2608727,0.6127480,-0.6800594,0.3066015
gait_20260919_222807_andrew_normal_left_2,andrew_normal_left_2,2513933585353673,2026-09-19T22:28:16.710028Z,-4.6474447,-9.7090864,0.3723732,0.7900946,-1.2390006,-1.4340510,0.2267059,-9.7172937,1.3262415,-0.2787417,0.5972459,-0.6856796,0.3089401
gait_20260919_222807_andrew_normal_left_2,andrew_normal_left_2,2513933595437209,2026-09-19T22:28:16.719885Z,-4.7501712,-10.1104889,0.3712509,0.7900946,-1.2390006,-1.4340510,0.2267059,-9.7172937,1.3262415,-0.2787417,0.5972459,-0.6856796,0.3089401
gait_20260919_222807_andrew_normal_left_2,andrew_normal_left_2,2513933605521764,2026-09-19T22:28:16.730267Z,-5.1425209,-10.3374891,0.4716577,0.3661361,-0.6254541,-1.0974756,0.4821456,-9.6945791,1.4208460,-0.2910573,0.5871837,-0.6895041,0.3083588
gait_20260919_222807_andrew_normal_left_2,andrew_normal_left_2,2513933615606033,2026-09-19T22:28:16.740272Z,-5.4946179,-10.2696285,0.4653729,0.3661361,-0.6254541,-1.0974756,0.4821456,-9.6945791,1.4208460,-0.2910573,0.5871837,-0.6895041,0.3083588
gait_20260919_222807_andrew_normal_left_2,andrew_normal_left_2,2513933625690872,2026-09-19T22:28:16.750784Z,-5.6551790,-9.9960165,0.5441571,0.0382374,-0.3358260,-0.7433637,0.6563775,-9.6821661,1.4355997,-0.2992530,0.5823762,-0.6910588,0.3061427
gait_20260919_222807_andrew_normal_left_2,andrew_normal_left_2,2513933635774001,2026-09-19T22:28:16.761138Z,-5.4539914,-9.7771711,0.6208465,0.0382374,-0.3358260,-0.7433637,0.6563775,-9.6821661,1.4355997,-0.2992530,0.5823762,-0.6910588,0.3061427
gait_20260919_222807_andrew_normal_left_2,andrew_normal_left_2,2513933645833531,2026-09-19T22:28:16.770456Z,-5.0839376,-9.7658739,0.7858967,-0.0564567,-0.4340507,-0.3545783,0.7552301,-9.6772480,1.4200753,-0.3059316,0.5795454,-0.6903454,0.3065228
gait_20260919_222807_andrew_normal_left_2,andrew_normal_left_2,2513933655917556,2026-09-19T22:28:16.781098Z,-4.8310499,-9.9460373,0.8010101,-0.0564567,-0.4340507,-0.3545783,0.7552301,-9.6772480,1.4200753,-0.3059316,0.5795454,-0.6903454,0.3065228
gait_20260919_222807_andrew_normal_left_2,andrew_normal_left_2,2513933666029251,2026-09-19T22:28:16.790708Z,-4.6664486,-9.9608517,0.5101894,-0.0970423,-0.3280986,-0.1320655,0.7953759,-9.6777344,1.3946112,-0.3111401,0.5778621,-0.6883183,0.3090069
gait_20260919_222807_andrew_normal_left_2,andrew_normal_left_2,2513933676111241,2026-09-19T22:28:16.801550Z,-4.6000843,-9.6093531,0.1236755,-0.0970423,-0.3280986,-0.1320655,0.7953759,-9.6777344,1.3946112,-0.3111401,0.5778621,-0.6883183,0.3090069
gait_20260919_222807_andrew_normal_left_2,andrew_normal_left_2,2513933686197057,2026-09-19T22:28:16.810623Z,-4.8457146,-9.2724438,-0.3705775,-0.0958432,-0.2619326,0.0132065,0.8066242,-9.6799240,1.3727877,-0.3146586,0.5768960,-0.6863396,0.3116392
gait_20260919_222807_andrew_normal_left_2,andrew_normal_left_2,2513933696281285,2026-09-19T22:28:16.820897Z,-5.3603182,-9.3113499,-1.1304373,-0.0958432,-0.2619326,0.0132065,0.8066242,-9.6799240,1.3727877,-0.3146586,0.5768960,-0.6863396,0.3116392
gait_20260919_222807_andrew_normal_left_2,andrew_normal_left_2,2513933706365840,2026-09-19T22:28:16.830719Z,-5.8252425,-9.8327618,-2.4616883,-0.3657031,-0.0176864,0.3813245,0.7618074,-9.6901627,1.3253369,-0.3161292,0.5781501,-0.6831410,0.3148384
gait_20260919_222807_andrew_normal_left_2,andrew_normal_left_2,2513933716449172,2026-09-19T22:28:16.842776Z,-5.6583219,-10.7244520,-3.3769467,-0.3657031,-0.0176864,0.3813245,0.7618074,-9.6901627,1.3253369,-0.3161292,0.5781501,-0.6831410,0.3148384
gait_20260919_222807_andrew_normal_left_2,andrew_normal_left_2,2513933726535436,2026-09-19T22:28:16.851513Z,-4.8966660,-11.4349318,-2.3222260,-1.1440732,-0.0286780,1.1569635,0.5872046,-9.7230177,1.1637235,-0.3143122,0.5862080,-0.6750419,0.3191967
gait_20260919_222807_andrew_normal_left_2,andrew_normal_left_2,2513933736618525,2026-09-19T22:28:16.862604Z,-4.3375454,-11.9369659,-0.8546552,-1.1440732,-0.0286780,1.1569635,0.5872046,-9.7230177,1.1637235,-0.3143122,0.5862080,-0.6750419,0.3191967
gait_20260919_222807_andrew_normal_left_2,andrew_normal_left_2,2513933746703893,2026-09-19T22:28:16.871683Z,-3.8290019,-12.6679459,-0.4067150,-2.0636353,0.2087400,1.9723885,0.2410972,-9.7741146,0.8029245,-0.3108510,0.6034914,-0.6577099,0.3264775
gait_20260919_222807_andrew_normal_left_2,andrew_normal_left_2,2513933756787307,2026-09-19T22:28:16.882815Z,-2.9784617,-13.6358013,-0.8151509,-2.0636353,0.2087400,1.9723885,0.2410972,-9.7741146,0.8029245,-0.3108510,0.6034914,-0.6577099,0.3264775
gait_20260919_222807_andrew_normal_left_2,andrew_normal_left_2,2513933766872105,2026-09-19T22:28:16.895078Z,-1.9197009,-14.8464451,-0.8318354,-2.5789905,0.6505015,2.6186101,-0.2517231,-9.8017426,0.3139768,-0.3010732,0.6286300,-0.6353622,0.3324066
gait_20260919_222807_andrew_normal_left_2,andrew_normal_left_2,2513933776957880,2026-09-19T22:28:16.905122Z,-0.9957634,-16.1436539,0.0638204,-2.5789905,0.6505015,2.6186101,-0.2517231,-9.8017426,0.3139768,-0.3010732,0.6286300,-0.6353622,0.3324066
gait_20260919_222807_andrew_normal_left_2,andrew_normal_left_2,2513933787014399,2026-09-19T22:28:16.913646Z,-0.0650924,-17.2201462,0.8741829,-2.8456361,0.4858777,2.8941488,-0.8235400,-9.7721834,-0.2496580,-0.2896555,0.6562842,-0.6082486,0.3397417
gait_20260919_222807_andrew_normal_left_2,andrew_normal_left_2,2513933797124913,2026-09-19T22:28:16.923718Z,0.6697779,-18.1632366,1.5268273,-2.8456361,0.4858777,2.8941488,-0.8235400,-9.7721834,-0.2496580,-0.2896555,0.6562842,-0.6082486,0.3397417
gait_20260919_222807_andrew_normal_left_2,andrew_normal_left_2,2513933807209467,2026-09-19T22:28:16.933023Z,1.1516858,-19.1833172,2.0099323,-2.5823379,0.4761018,2.6284525,-1.3620012,-9.6822166,-0.7973357,-0.2788925,0.6817533,-0.5808651,0.3464497
gait_20260919_222807_andrew_normal_left_2,andrew_normal_left_2,2513933817293818,2026-09-19T22:28:16.942757Z,1.9362358,-20.2436485,2.5691280,-2.5823379,0.4761018,2.6284525,-1.3620012,-9.6822166,-0.7973357,-0.2788925,0.6817533,-0.5808651,0.3464497
gait_20260919_222807_andrew_normal_left_2,andrew_normal_left_2,2513933827377924,2026-09-19T22:28:16.953094Z,2.8028619,-20.7474785,3.0261214,-1.9133505,0.2368019,2.2005637,-1.8069503,-9.5635700,-1.2284954,-0.2694404,0.7014153,-0.5578989,0.3523738
gait_20260919_222807_andrew_normal_left_2,andrew_normal_left_2,2513933837462315,2026-09-19T22:28:16.962087Z,4.0011601,-20.6036777,2.9173348,-1.9133505,0.2368019,2.2005637,-1.8069503,-9.5635700,-1.2284954,-0.2694404,0.7014153,-0.5578989,0.3523738
gait_20260919_222807_andrew_normal_left_2,andrew_normal_left_2,2513933847546829,2026-09-19T22:28:16.973046Z,5.1861401,-19.1508446,2.0874445,-0.9812314,-0.5684644,1.8001705,-2.1773622,-9.4523182,-1.4659193,-0.2631230,0.7123532,-0.5405538,0.3621061
gait_20260919_222807_andrew_normal_left_2,andrew_normal_left_2,2513933857631587,2026-09-19T22:28:16.984898Z,5.4980597,-15.9693251,0.4353706,-0.9812314,-0.5684644,1.8001705,-2.1773622,-9.4523182,-1.4659193,-0.2631230,0.7123532,-0.5405538,0.3621061
gait_20260919_222807_andrew_normal_left_2,andrew_normal_left_2,2513933867713576,2026-09-19T22:28:16.992866Z,3.6508584,-12.4580793,-1.1172692,0.0229657,-1.7948912,1.2937919,-2.4956691,-9.3756762,-1.4506803,-0.2622716,0.7120622,-0.5288382,0.3801466
gait_20260919_222807_andrew_normal_left_2,andrew_normal_left_2,2513933877799270,2026-09-19T22:28:17.003290Z,1.3081319,-10.2209215,-2.8398974,0.0229657,-1.7948912,1.2937919,-2.4956691,-9.3756762,-1.4506803,-0.2622716,0.7120622,-0.5288382,0.3801466
gait_20260919_222807_andrew_normal_left_2,andrew_normal_left_2,2513933887883784,2026-09-19T22:28:17.014085Z,0.4340239,-8.9983826,-2.9227965,0.5907640,-2.3343945,0.9646608,-2.7404044,-9.3396730,-1.2234428,-0.2671454,0.7019233,-0.5218174,0.4045290
gait_20260919_222807_andrew_normal_left_2,andrew_normal_left_2,2513933897968582,2026-09-19T22:28:17.023009Z,0.3672107,-8.2812443,-0.9074773,0.5907640,-2.3343945,0.9646608,-2.7404044,-9.3396730,-1.2234428,-0.2671454,0.7019233,-0.5218174,0.4045290
gait_20260919_222807_andrew_normal_left_2,andrew_normal_left_2,2513933908051101,2026-09-19T22:28:17.033070Z,0.3963900,-7.5946321,0.1225532,0.4892251,-1.3175237,1.1472208,-2.9608047,-9.2976151,-1.0119829,-0.2691989,0.6933799,-0.5157634,0.4251406
gait_20260919_222807_andrew_normal_left_2,andrew_normal_left_2,2513933918137568,2026-09-19T22:28:17.043924Z,0.2764555,-7.0135894,0.3590554,0.4892251,-1.3175237,1.1472208,-2.9608047,-9.2976151,-1.0119829,-0.2691989,0.6933799,-0.5157634,0.4251406
gait_20260919_222807_andrew_normal_left_2,andrew_normal_left_2,2513933928221064,2026-09-19T22:28:17.053353Z,0.2892495,-6.7091517,0.2580501,0.3826568,0.7498921,1.2437303,-3.1892986,-9.2293682,-0.9398312,-0.2593862,0.6945147,-0.5128678,0.4328220
gait_20260919_222807_andrew_normal_left_2,andrew_normal_left_2,2513933938306758,2026-09-19T22:28:17.064091Z,0.5514145,-6.5039988,0.6316203,0.3826568,0.7498921,1.2437303,-3.1892986,-9.2293682,-0.9398312,-0.2593862,0.6945147,-0.5128678,0.4328220
gait_20260919_222807_andrew_normal_left_2,andrew_normal_left_2,2513933948390172,2026-09-19T22:28:17.073306Z,0.7280618,-6.3138838,1.2550106,0.1537155,2.1426914,1.1322657,-3.3719964,-9.1556549,-1.0196942,-0.2412801,0.7040811,-0.5134810,0.4270727
gait_20260919_222807_andrew_normal_left_2,andrew_normal_left_2,2513933958476272,2026-09-19T22:28:17.084341Z,0.7832780,-6.0967598,1.6896330,0.1537155,2.1426914,1.1322657,-3.3719964,-9.1556549,-1.0196942,-0.2412801,0.7040811,-0.5134810,0.4270727
gait_20260919_222807_andrew_normal_left_2,andrew_normal_left_2,2513933968557002,2026-09-19T22:28:17.093525Z,0.6703765,-5.7331405,1.9453636,0.0180029,2.5116754,0.8015691,-3.4835193,-9.0935373,-1.1869386,-0.2226168,0.7163942,-0.5150675,0.4146404
gait_20260919_222807_andrew_normal_left_2,andrew_normal_left_2,2513933978643102,2026-09-19T22:28:17.103394Z,0.4563947,-5.3374987,2.1390696,0.0180029,2.5116754,0.8015691,-3.4835193,-9.0935373,-1.1869386,-0.2226168,0.7163942,-0.5150675,0.4146404
gait_20260919_222807_andrew_normal_left_2,andrew_normal_left_2,2513933988726638,2026-09-19T22:28:17.113309Z,-0.0090531,-5.0765305,1.9770869,0.0484962,2.3251681,0.3999269,-3.5129869,-9.0590687,-1.3521657,-0.2072828,0.7270056,-0.5178221,0.4004460
gait_20260919_222807_andrew_normal_left_2,andrew_normal_left_2,2513933998814529,2026-09-19T22:28:17.124730Z,-0.3835212,-4.9663224,1.6242414,0.0484962,2.3251681,0.3999269,-3.5129869,-9.0590687,-1.3521657,-0.2072828,0.7270056,-0.5178221,0.4004460
gait_20260919_222807_andrew_normal_left_2,andrew_normal_left_2,2513934008897212,2026-09-19T22:28:17.133904Z,-0.5879261,-4.7636385,1.5104420,0.0641842,1.9898918,0.1820605,-3.4887161,-9.0483084,-1.4809226,-0.1955773,0.7348997,-0.5214040,0.3870530
gait_20260919_222807_andrew_normal_left_2,andrew_normal_left_2,2513934018981522,2026-09-19T22:28:17.146303Z,-0.3941455,-4.6333790,1.4631565,0.0641842,1.9898918,0.1820605,-3.4887161,-9.0483084,-1.4809226,-0.1955773,0.7348997,-0.5214040,0.3870530
gait_20260919_222807_andrew_normal_left_2,andrew_normal_left_2,2513934029064122,2026-09-19T22:28:17.155690Z,0.6194997,-4.6184897,1.4510359,-0.0473637,1.6133637,0.2084070,-3.4634159,-9.0376434,-1.6005906,-0.1861711,0.7416137,-0.5236675,0.3756618
gait_20260919_222807_andrew_normal_left_2,andrew_normal_left_2,2513934039150711,2026-09-19T22:28:17.165363Z,1.9437177,-4.8077068,1.4033015,-0.0473637,1.6133637,0.2084070,-3.4634159,-9.0376434,-1.6005906,-0.1861711,0.7416137,-0.5236675,0.3756618
gait_20260919_222807_andrew_normal_left_2,andrew_normal_left_2,2513934049234695,2026-09-19T22:28:17.174709Z,3.1434371,-4.9684920,1.2514942,-0.1688539,1.0512278,0.1698365,-3.4592569,-9.0192423,-1.7096616,-0.1795355,0.7471017,-0.5236851,0.3679129
gait_20260919_222807_andrew_normal_left_2,andrew_normal_left_2,2513934059318517,2026-09-19T22:28:17.185393Z,4.0681229,-5.1368346,1.0096798,-0.1688539,1.0512278,0.1698365,-3.4592569,-9.0192423,-1.7096616,-0.1795355,0.7471017,-0.5236851,0.3679129
gait_20260919_222807_andrew_normal_left_2,andrew_normal_left_2,2513934069402053,2026-09-19T22:28:17.194145Z,4.7607203,-5.1761894,0.8283190,-0.1910036,0.4590815,-0.1917364,-3.4233873,-9.0178270,-1.7875553,-0.1785843,0.7500660,-0.5230474,0.3632216
gait_20260919_222807_andrew_normal_left_2,andrew_normal_left_2,2513934079487136,2026-09-19T22:28:17.205602Z,5.2430024,-5.0558057,0.5169231,-0.1910036,0.4590815,-0.1917364,-3.4233873,-9.0178270,-1.7875553,-0.1785843,0.7500660,-0.5230474,0.3632216
gait_20260919_222807_andrew_normal_left_2,andrew_normal_left_2,2513934089572952,2026-09-19T22:28:17.214509Z,5.3563528,-5.0211649,-0.0885106,-0.0600373,0.2212971,-0.6506514,-3.3153052,-9.0506601,-1.8249477,-0.1829622,0.7503433,-0.5239783,0.3591052
gait_20260919_222807_andrew_normal_left_2,andrew_normal_left_2,2513934099655879,2026-09-19T22:28:17.227035Z,4.5832500,-5.3267245,-0.9256582,-0.0600373,0.2212971,-0.6506514,-3.3153052,-9.0506601,-1.8249477,-0.1829622,0.7503433,-0.5239783,0.3591052
gait_20260919_222807_andrew_normal_left_2,andrew_normal_left_2,2513934109749710,2026-09-19T22:28:17.235494Z,3.1166520,-6.1724763,-2.2593033,0.1897546,0.2447957,-1.0000004,-3.1290038,-9.1179371,-1.8189765,-0.1896870,0.7485289,-0.5282022,0.3531656
gait_20260919_222807_andrew_normal_left_2,andrew_normal_left_2,2513934119825027,2026-09-19T22:28:17.245325Z,1.2785785,-7.2158246,-3.7228341,0.1897546,0.2447957,-1.0000004,-3.1290038,-9.1179371,-1.8189765,-0.1896870,0.7485289,-0.5282022,0.3531656
gait_20260919_222807_andrew_normal_left_2,andrew_normal_left_2,2513934129908808,2026-09-19T22:28:17.254601Z,-1.0681881,-8.3108730,-5.1640687,0.2801020,0.3525299,-0.8424045,-2.9309666,-9.1900911,-1.7854381,-0.1956367,0.7458981,-0.5340250,0.3466695
gait_20260919_222807_andrew_normal_left_2,andrew_normal_left_2,2513934139997349,2026-09-19T22:28:17.266981Z,-3.3298857,-9.4252987,-6.1971664,0.2801020,0.3525299,-0.8424045,-2.9309666,-9.1900911,-1.7854381,-0.1956367,0.7458981,-0.5340250,0.3466695
gait_20260919_222807_andrew_normal_left_2,andrew_normal_left_2,2513934150077224,2026-09-19T22:28:17.275159Z,-5.4304237,-10.5863371,-6.1371617,0.1497852,0.4042402,-0.2562037,-2.8207076,-9.2228584,-1.7940586,-0.1975741,0.7455962,-0.5371758,0.3413107
gait_20260919_222807_andrew_normal_left_2,andrew_normal_left_2,2513934160162307,2026-09-19T22:28:17.287162Z,-7.2631102,-11.4791498,-5.2177887,0.1497852,0.4042402,-0.2562037,-2.8207076,-9.2228584,-1.7940586,-0.1975741,0.7455962,-0.5371758,0.3413107
gait_20260919_222807_andrew_normal_left_2,andrew_normal_left_2,2513934170246007,2026-09-19T22:28:17.295493Z,-8.9956141,-11.8831711,-3.6406829,0.2151018,0.0387703,0.5211506,-2.8643517,-9.2108021,-1.7868326,-0.1948892,0.7460614,-0.5370434,0.3420455
gait_20260919_222807_andrew_normal_left_2,andrew_normal_left_2,2513934180329421,2026-09-19T22:28:17.307354Z,-9.9383316,-11.7487965,-2.4508395,0.2151018,0.0387703,0.5211506,-2.8643517,-9.2108021,-1.7868326,-0.1948892,0.7460614,-0.5370434,0.3420455
gait_20260919_222807_andrew_normal_left_2,andrew_normal_left_2,2513934190414301,2026-09-19T22:28:17.316304Z,-11.4313402,-11.5639944,-2.1935377,0.8190890,-0.9157482,1.1533163,-3.0742977,-9.1686220,-1.6496013,-0.1889761,0.7428648,-0.5362323,0.3534048
gait_20260919_222807_andrew_normal_left_2,andrew_normal_left_2,2513934200498571,2026-09-19T22:28:17.326400Z,-13.0347824,-11.4404688,-2.6297312,0.8190890,-0.9157482,1.1533163,-3.0742977,-9.1686220,-1.6496013,-0.1889761,0.7428648,-0.5362323,0.3534048
gait_20260919_222807_andrew_normal_left_2,andrew_normal_left_2,2513934210583979,2026-09-19T22:28:17.336638Z,-14.6040316,-11.6495867,-3.9458690,1.2167510,-2.2081745,1.3278658,-3.3786998,-9.1165047,-1.3076094,-0.1854727,0.7318469,-0.5362421,0.3774182
gait_20260919_222807_andrew_normal_left_2,andrew_normal_left_2,2513934220668166,2026-09-19T22:28:17.346729Z,-14.9164000,-11.9958487,-5.5494604,1.2167510,-2.2081745,1.3278658,-3.3786998,-9.1165047,-1.3076094,-0.1854727,0.7318469,-0.5362421,0.3774182
gait_20260919_222807_andrew_normal_left_2,andrew_normal_left_2,2513934230734085,2026-09-19T22:28:17.356441Z,-12.0374479,-11.6427040,-5.4785318,0.4631118,-2.7009635,1.3325622,-3.6879010,-9.0407362,-0.9489850,-0.1881677,0.7183817,-0.5315949,0.4073421
gait_20260919_222807_andrew_normal_left_2,andrew_normal_left_2,2513934240835932,2026-09-19T22:28:17.366844Z,-8.5578499,-10.4338560,-3.5603275,0.4631118,-2.7009635,1.3325622,-3.6879010,-9.0407362,-0.9489850,-0.1881677,0.7183817,-0.5315949,0.4073421
gait_20260919_222807_andrew_normal_left_2,andrew_normal_left_2,2513934250896561,2026-09-19T22:28:17.376315Z,-6.1529489,-8.9625444,-0.9695769,-0.3798423,-1.2636817,0.9182297,-3.9336238,-8.9465561,-0.8496209,-0.1930479,0.7133858,-0.5199752,0.4282980
gait_20260919_222807_andrew_normal_left_2,andrew_normal_left_2,2513934261005487,2026-09-19T22:28:17.387031Z,-3.8445642,-7.5891705,1.1212345,-0.3798423,-1.2636817,0.9182297,-3.9336238,-8.9465561,-0.8496209,-0.1930479,0.7133858,-0.5199752,0.4282980
gait_20260919_222807_andrew_normal_left_2,andrew_normal_left_2,2513934271065831,2026-09-19T22:28:17.396710Z,-1.7340754,-7.7251911,1.1388918,0.1416248,0.9579493,0.3541952,-4.1728392,-8.8403444,-0.8196487,-0.1834952,0.7145216,-0.5161781,0.4351421
gait_20260919_222807_andrew_normal_left_2,andrew_normal_left_2,2513934281175532,2026-09-19T22:28:17.407194Z,0.0862661,-9.7672958,2.0316298,0.1416248,0.9579493,0.3541952,-4.1728392,-8.8403444,-0.8196487,-0.1834952,0.7145216,-0.5161781,0.4351421
gait_20260919_222807_andrew_normal_left_2,andrew_normal_left_2,2513934291233556,2026-09-19T22:28:17.416417Z,1.5289971,-12.8147402,3.8700025,0.5746430,1.3400065,-0.4846786,-4.0823579,-8.8818903,-0.8261239,-0.1763780,0.7169644,-0.5240768,0.4244955
gait_20260919_222807_andrew_normal_left_2,andrew_normal_left_2,2513934301342808,2026-09-19T22:28:17.427228Z,1.3973160,-17.1522102,2.1074212,0.5746430,1.3400065,-0.4846786,-4.0823579,-8.8818903,-0.8261239,-0.1763780,0.7169644,-0.5240768,0.4244955
gait_20260919_222807_andrew_normal_left_2,andrew_normal_left_2,2513934311414342,2026-09-19T22:28:17.436337Z,-0.8040777,-21.6790466,1.2156559,0.6255707,1.2397001,-1.8098131,-3.8128431,-9.0030832,-0.8017732,-0.1776188,0.7159140,-0.5365362,0.4099363
gait_20260919_222807_andrew_normal_left_2,andrew_normal_left_2,2513934321511307,2026-09-19T22:28:17.447514Z,-3.7316625,-23.3674831,5.9970264,0.6255707,1.2397001,-1.8098131,-3.8128431,-9.0030832,-0.8017732,-0.1776188,0.7159140,-0.5365362,0.4099363
gait_20260919_222807_andrew_normal_left_2,andrew_normal_left_2,2513934331571569,2026-09-19T22:28:17.456457Z,-5.5426517,-21.5597858,7.2806177,0.2708258,0.5758088,-2.0655673,-3.3747098,-9.1771507,-0.7920773,-0.1904082,0.7123431,-0.5489333,0.3936804
gait_20260919_222807_andrew_normal_left_2,andrew_normal_left_2,2513934341682489,2026-09-19T22:28:17.467664Z,-2.8574049,-16.8944607,5.0426378,0.2708258,0.5758088,-2.0655673,-3.3747098,-9.1771507,-0.7920773,-0.1904082,0.7123431,-0.5489333,0.3936804
gait_20260919_222807_andrew_normal_left_2,andrew_normal_left_2,2513934351764765,2026-09-19T22:28:17.476693Z,1.0892869,-11.9802856,2.5604491,0.6469542,1.4867274,-0.2698266,-3.1685717,-9.2521172,-0.7711063,-0.1900271,0.7117985,-0.5583548,0.3814088
gait_20260919_222807_andrew_normal_left_2,andrew_normal_left_2,2513934361851110,2026-09-19T22:28:17.487803Z,3.8617725,-8.0659904,-0.1737293,0.6469542,1.4867274,-0.2698266,-3.1685717,-9.2521172,-0.7711063,-0.1900271,0.7117985,-0.5583548,0.3814088
gait_20260919_222807_andrew_normal_left_2,andrew_normal_left_2,2513934371934728,2026-09-19T22:28:17.501208Z,5.3346553,-5.5805850,-0.8422353,0.5397697,0.5451989,0.7008963,-3.2728679,-9.2198429,-0.7203647,-0.1769594,0.7134636,-0.5623963,0.3786364
gait_20260919_222807_andrew_normal_left_2,andrew_normal_left_2,2513934382019037,2026-09-19T22:28:17.506596Z,5.7197480,-4.7346835,-0.2900725,0.5397697,0.5451989,0.7008963,-3.2728679,-9.2198429,-0.7203647,-0.1769594,0.7134636,-0.5623963,0.3786364
gait_20260919_222807_andrew_normal_left_2,andrew_normal_left_2,2513934392102330,2026-09-19T22:28:17.517625Z,5.6231565,-5.2636523,0.4435259,0.1253040,-1.0932622,0.3333945,-3.3808973,-9.1876001,-0.6274185,-0.1771840,0.7100868,-0.5602545,0.3879402
gait_20260919_222807_andrew_normal_left_2,andrew_normal_left_2,2513934402185827,2026-09-19T22:28:17.528098Z,5.1330938,-6.5139494,1.4147488,0.1253040,-1.0932622,0.3333945,-3.3808973,-9.1876001,-0.6274185,-0.1771840,0.7100868,-0.5602545,0.3879402
gait_20260919_222807_andrew_normal_left_2,andrew_normal_left_2,2513934412272211,2026-09-19T22:28:17.537145Z,4.5979147,-7.7370872,2.1981764,0.0223495,-1.2820009,-0.1069181,-3.3867970,-9.1916933,-0.5277428,-0.1868033,0.7039848,-0.5571976,0.3987992
gait_20260919_222807_andrew_normal_left_2,andrew_normal_left_2,2513934422353673,2026-09-19T22:28:17.548164Z,3.9332993,-8.5907698,2.6031706,0.0223495,-1.2820009,-0.1069181,-3.3867970,-9.1916933,-0.5277428,-0.1868033,0.7039848,-0.5571976,0.3987992
gait_20260919_222807_andrew_normal_left_2,andrew_normal_left_2,2513934432438471,2026-09-19T22:28:17.557271Z,3.4234841,-9.0742493,2.9072342,0.1514839,-0.5791895,-0.2444793,-3.1931286,-9.2676973,-0.3870682,-0.1981870,0.6968477,-0.5606331,0.4010184
gait_20260919_222807_andrew_normal_left_2,andrew_normal_left_2,2513934442523107,2026-09-19T22:28:17.568417Z,3.2673371,-9.3225727,3.0220811,0.1514839,-0.5791895,-0.2444793,-3.1931286,-9.2676973,-0.3870682,-0.1981870,0.6968477,-0.5606331,0.4010184
gait_20260919_222807_andrew_normal_left_2,andrew_normal_left_2,2513934452607823,2026-09-19T22:28:17.577471Z,3.0714614,-9.6559649,3.0221560,0.2004464,-0.1585951,-0.3065651,-2.8501413,-9.3851128,-0.1801556,-0.2089355,0.6882670,-0.5704437,0.3965203
gait_20260919_222807_andrew_normal_left_2,andrew_normal_left_2,2513934462691930,2026-09-19T22:28:17.588457Z,2.8420670,-10.0798883,3.1893010,0.2004464,-0.1585951,-0.3065651,-2.8501413,-9.3851128,-0.1801556,-0.2089355,0.6882670,-0.5704437,0.3965203
gait_20260919_222807_andrew_normal_left_2,andrew_normal_left_2,2513934472799067,2026-09-19T22:28:17.597820Z,2.4225581,-10.5736923,3.0811880,0.1594611,-0.3586752,-0.4224763,-2.7726879,-9.4091244,-0.1292995,-0.2131237,0.6851350,-0.5724249,0.3968603
gait_20260919_222807_andrew_normal_left_2,andrew_normal_left_2,2513934482870071,2026-09-19T22:28:17.609687Z,2.0382886,-10.7712889,2.9085810,0.1594611,-0.3586752,-0.4224763,-2.7726879,-9.4091244,-0.1292995,-0.2131237,0.6851350,-0.5724249,0.3968603
gait_20260919_222807_andrew_normal_left_2,andrew_normal_left_2,2513934492945388,2026-09-19T22:28:17.618250Z,1.5868320,-10.6678896,2.7758524,0.1063518,-0.8204380,-0.5435501,-2.6729548,-9.4385767,-0.0685183,-0.2209453,0.6803401,-0.5734427,0.3993548
gait_20260919_222807_andrew_normal_left_2,andrew_normal_left_2,2513934503030187,2026-09-19T22:28:17.629075Z,1.2366800,-10.4377470,2.6832268,0.1063518,-0.8204380,-0.5435501,-2.6729548,-9.4385767,-0.0685183,-0.2209453,0.6803401,-0.5734427,0.3993548
gait_20260919_222807_andrew_normal_left_2,andrew_normal_left_2,2513934513114497,2026-09-19T22:28:17.638219Z,0.6708254,-10.1788740,2.6909330,0.1460214,-1.2866141,-0.6251543,-2.5561531,-9.4711113,0.0161459,-0.2323771,0.6732103,-0.5734711,0.4048700
gait_20260919_222807_andrew_normal_left_2,andrew_normal_left_2,2513934523196203,2026-09-19T22:28:17.652047Z,0.1318307,-9.6597061,2.6265142,0.1460214,-1.2866141,-0.6251543,-2.5561531,-9.4711113,0.0161459,-0.2323771,0.6732103,-0.5734711,0.4048700
gait_20260919_222807_andrew_normal_left_2,andrew_normal_left_2,2513934533282628,2026-09-19T22:28:17.658306Z,-0.3182044,-9.0487356,2.4780736,0.2661461,-1.6104159,-0.6969326,-2.3672104,-9.5182533,0.1878085,-0.2467390,0.6617898,-0.5756885,0.4119914
gait_20260919_222807_andrew_normal_left_2,andrew_normal_left_2,2513934543341791,2026-09-19T22:28:17.670223Z,-0.7685388,-8.5057011,2.3739257,0.2661461,-1.6104159,-0.6969326,-2.3672104,-9.5182533,0.1878085,-0.2467390,0.6617898,-0.5756885,0.4119914
gait_20260919_222807_andrew_normal_left_2,andrew_normal_left_2,2513934553453893,2026-09-19T22:28:17.678760Z,-1.0628759,-8.0395050,2.0113540,0.4011259,-1.6054864,-0.7318392,-2.2056234,-9.5522842,0.3538858,-0.2608351,0.6497790,-0.5768843,0.4206624
gait_20260919_222807_andrew_normal_left_2,andrew_normal_left_2,2513934563548213,2026-09-19T22:28:17.689579Z,-1.3829508,-7.7180834,1.5819688,0.4011259,-1.6054864,-0.7318392,-2.2056234,-9.5522842,0.3538858,-0.2608351,0.6497790,-0.5768843,0.4206624
gait_20260919_222807_andrew_normal_left_2,andrew_normal_left_2,2513934573619949,2026-09-19T22:28:17.698363Z,-1.7361703,-7.5051489,1.2564322,0.4611466,-1.3351603,-0.7421480,-2.0499434,-9.5800886,0.5057362,-0.2727621,0.6386295,-0.5787321,0.4275772
gait_20260919_222807_andrew_normal_left_2,andrew_normal_left_2,2513934583704096,2026-09-19T22:28:17.709595Z,-2.0748751,-7.4654202,0.9100959,0.4611466,-1.3351603,-0.7421480,-2.0499434,-9.5800886,0.5057362,-0.2727621,0.6386295,-0.5787321,0.4275772
gait_20260919_222807_andrew_normal_left_2,andrew_normal_left_2,2513934593791458,2026-09-19T22:28:17.718638Z,-2.3851485,-7.7085066,0.7284359,0.3649870,-1.2080909,-0.7080907,-1.8951689,-9.6041517,0.6361870,-0.2836839,0.6283976,-0.5805017,0.4331947
gait_20260919_222807_andrew_normal_left_2,andrew_normal_left_2,2513934603848953,2026-09-19T22:28:17.729938Z,-2.6623523,-8.1756754,0.7495348,0.3649870,-1.2080909,-0.7080907,-1.8951689,-9.6041517,0.6361870,-0.2836839,0.6283976,-0.5805017,0.4331947
gait_20260919_222807_andrew_normal_left_2,andrew_normal_left_2,2513934613959752,2026-09-19T22:28:17.738843Z,-2.8253076,-8.8099890,0.8104373,0.1237718,-1.1113317,-0.5621026,-1.7579690,-9.6242390,0.7208880,-0.2943607,0.6197959,-0.5806136,0.4382838
gait_20260919_222807_andrew_normal_left_2,andrew_normal_left_2,2513934624040970,2026-09-19T22:28:17.750287Z,-2.9721022,-9.4680204,0.9373299,0.1237718,-1.1113317,-0.5621026,-1.7579690,-9.6242390,0.7208880,-0.2943607,0.6197959,-0.5806136,0.4382838
gait_20260919_222807_andrew_normal_left_2,andrew_normal_left_2,2513934634126745,2026-09-19T22:28:17.759021Z,-3.0774469,-9.9541931,0.9626187,-0.1961330,-0.8665360,-0.2871799,-1.7242841,-9.6285391,0.7444476,-0.3032081,0.6145183,-0.5781776,0.4428801
gait_20260919_222807_andrew_normal_left_2,andrew_normal_left_2,2513934644201411,2026-09-19T22:28:17.769307Z,-2.9755437,-10.2922239,0.9003695,-0.1961330,-0.8665360,-0.2871799,-1.7242841,-9.6285391,0.7444476,-0.3032081,0.6145183,-0.5781776,0.4428801
gait_20260919_222807_andrew_normal_left_2,andrew_normal_left_2,2513934654294794,2026-09-19T22:28:17.778929Z,-2.7736080,-10.4892969,0.8731354,-0.4826968,-0.8058491,-0.0097758,-1.6974078,-9.6372986,0.6909497,-0.3108228,0.6128207,-0.5730500,0.4466026
gait_20260919_222807_andrew_normal_left_2,andrew_normal_left_2,2513934664380488,2026-09-19T22:28:17.790278Z,-2.5446622,-10.6799355,1.0503812,-0.4826968,-0.8058491,-0.0097758,-1.6974078,-9.6372986,0.6909497,-0.3108228,0.6128207,-0.5730500,0.4466026
gait_20260919_222807_andrew_normal_left_2,andrew_normal_left_2,2513934674463740,2026-09-19T22:28:17.799591Z,-2.2189012,-10.8155069,1.2273277,-0.6848252,-1.2212975,0.1671386,-1.7094380,-9.6410208,0.6038496,-0.3197719,0.6116720,-0.5645639,0.4526266
gait_20260919_222807_andrew_normal_left_2,andrew_normal_left_2,2513934684546545,2026-09-19T22:28:17.811525Z,-1.7609353,-10.7945576,1.4326304,-0.6848252,-1.2212975,0.1671386,-1.7094380,-9.6410208,0.6038496,-0.3197719,0.6116720,-0.5645639,0.4526266
gait_20260919_222807_andrew_normal_left_2,andrew_normal_left_2,2513934694631790,2026-09-19T22:28:17.819898Z,-1.3174095,-10.6432743,1.6649429,-0.8241185,-1.7731745,0.2843821,-1.7414354,-9.6409378,0.5057930,-0.3316326,0.6091802,-0.5526705,0.4620333
gait_20260919_222807_andrew_normal_left_2,andrew_normal_left_2,2513934704716181,2026-09-19T22:28:17.830651Z,-0.8966286,-10.5158577,1.9090017,-0.8241185,-1.7731745,0.2843821,-1.7414354,-9.6409378,0.5057930,-0.3316326,0.6091802,-0.5526705,0.4620333
gait_20260919_222807_andrew_normal_left_2,andrew_normal_left_2,2513934714800532,2026-09-19T22:28:17.841332Z,-0.5907693,-10.4673748,2.1795466,-0.9005932,-2.2663965,0.3588250,-1.7879020,-9.6369429,0.4109102,-0.3462472,0.6046501,-0.5377470,0.4746993
gait_20260919_222807_andrew_normal_left_2,andrew_normal_left_2,2513934724885248,2026-09-19T22:28:17.852366Z,-0.3221698,-10.4525604,2.3398833,-0.9005932,-2.2663965,0.3588250,-1.7879020,-9.6369429,0.4109102,-0.3462472,0.6046501,-0.5377470,0.4746993
gait_20260919_222807_andrew_normal_left_2,andrew_normal_left_2,2513934734968989,2026-09-19T22:28:17.860738Z,-0.1238999,-10.4832363,2.4769514,-0.9255574,-2.5715461,0.3917665,-1.8426822,-9.6298819,0.3256174,-0.3625236,0.5982482,-0.5207841,0.4893461
gait_20260919_222807_andrew_normal_left_2,andrew_normal_left_2,2513934745078974,2026-09-19T22:28:17.870595Z,0.0374842,-10.4004126,2.6038439,-0.9255574,-2.5715461,0.3917665,-1.8426822,-9.6298819,0.3256174,-0.3625236,0.5982482,-0.5207841,0.4893461
gait_20260919_222807_andrew_normal_left_2,andrew_normal_left_2,2513934755140457,2026-09-19T22:28:17.880881Z,0.1962497,-10.2220440,2.7626095,-0.9202615,-2.8208883,0.4080040,-1.9027045,-9.6204062,0.2522132,-0.3797245,0.5901663,-0.5023598,0.5051215
gait_20260919_222807_andrew_normal_left_2,andrew_normal_left_2,2513934765222244,2026-09-19T22:28:17.890696Z,0.3498527,-9.8774290,2.9781625,-0.9202615,-2.8208883,0.4080040,-1.9027045,-9.6204062,0.2522132,-0.3797245,0.5901663,-0.5023598,0.5051215
gait_20260919_222807_andrew_normal_left_2,andrew_normal_left_2,2513934775306350,2026-09-19T22:28:17.899777Z,0.4269909,-9.4982471,3.2059858,-0.8678516,-3.1036050,0.4038905,-1.9529203,-9.6112022,0.2168516,-0.3977530,0.5791994,-0.4831061,0.5224262
gait_20260919_222807_andrew_normal_left_2,andrew_normal_left_2,2513934785391678,2026-09-19T22:28:17.912872Z,0.4440496,-9.2352591,3.3248727,-0.8678516,-3.1036050,0.4038905,-1.9529203,-9.6112022,0.2168516,-0.3977530,0.5791994,-0.4831061,0.5224262
gait_20260919_222807_andrew_normal_left_2,andrew_normal_left_2,2513934795475866,2026-09-19T22:28:17.920869Z,0.4298340,-9.1552029,3.3102083,-0.7347703,-3.2848661,0.3275656,-1.7311510,-9.6391001,0.5718443,-0.4146109,0.5509396,-0.4767232,0.5452508
gait_20260919_222807_andrew_normal_left_2,andrew_normal_left_2,2513934805560663,2026-09-19T22:28:17.933186Z,0.3861398,-9.2187243,3.2463880,-0.7347703,-3.2848661,0.3275656,-1.7311510,-9.6391001,0.5718443,-0.4146109,0.5509396,-0.4767232,0.5452508
gait_20260919_222807_andrew_normal_left_2,andrew_normal_left_2,2513934815644567,2026-09-19T22:28:17.942169Z,0.3684826,-9.2940664,3.2130187,-0.5868337,-3.3588595,0.2063918,-1.2731707,-9.6505880,1.2170769,-0.4300532,0.5072263,-0.4814799,0.5709228
gait_20260919_222807_andrew_normal_left_2,andrew_normal_left_2,2513934825728551,2026-09-19T22:28:17.953170Z,0.2880524,-9.4328556,3.1146319,-0.5868337,-3.3588595,0.2063918,-1.2731707,-9.6505880,1.2170769,-0.4300532,0.5072263,-0.4814799,0.5709228
gait_20260919_222807_andrew_normal_left_2,andrew_normal_left_2,2513934835813675,2026-09-19T22:28:17.962346Z,0.1651999,-9.3700075,2.9495816,-0.5010161,-3.4185472,0.0836359,-1.0227929,-9.6448927,1.4717419,-0.4486677,0.4764713,-0.4717779,0.5908451
gait_20260919_222807_andrew_normal_left_2,andrew_normal_left_2,2513934845872390,2026-09-19T22:28:17.973353Z,0.0491560,-9.1460752,2.6779146,-0.5010161,-3.4185472,0.0836359,-1.0227929,-9.6448927,1.4717419,-0.4486677,0.4764713,-0.4717779,0.5908451
gait_20260919_222807_andrew_normal_left_2,andrew_normal_left_2,2513934855957189,2026-09-19T22:28:17.981291Z,-0.0311994,-8.8718643,2.4255507,-0.4828966,-3.4658275,-0.0184026,-0.8456149,-9.6470947,1.5667223,-0.4683096,0.4506752,-0.4562389,0.6078027
gait_20260919_222807_andrew_normal_left_2,andrew_normal_left_2,2513934866067296,2026-09-19T22:28:17.993473Z,-0.1607108,-8.6645412,2.1967549,-0.4828966,-3.4658275,-0.0184026,-0.8456149,-9.6470947,1.5667223,-0.4683096,0.4506752,-0.4562389,0.6078027
gait_20260919_222807_andrew_normal_left_2,andrew_normal_left_2,2513934876150874,2026-09-19T22:28:18.000995Z,-0.4440496,-8.7199068,2.0912604,-0.5207176,-3.4847462,-0.1234720,-0.7197723,-9.6639709,1.5250381,-0.4890483,0.4291012,-0.4358160,0.6219071
gait_20260919_222807_andrew_normal_left_2,andrew_normal_left_2,2513934886235224,2026-09-19T22:28:18.011004Z,-0.9013421,-8.9172792,2.0929811,-0.5207176,-3.4847462,-0.1234720,-0.7197723,-9.6639709,1.5250381,-0.4890483,0.4291012,-0.4358160,0.6219071
gait_20260919_222807_andrew_normal_left_2,andrew_normal_left_2,2513934896320592,2026-09-19T22:28:18.021880Z,-1.6020950,-9.1273699,1.7865233,-0.5902976,-3.4058568,-0.2462113,-0.5749806,-9.6838264,1.4591196,-0.5098711,0.4069316,-0.4152903,0.6340128
gait_20260919_222807_andrew_normal_left_2,andrew_normal_left_2,2513934906404048,2026-09-19T22:28:18.031966Z,-2.4138792,-9.3985138,1.4695162,-0.5902976,-3.4058568,-0.2462113,-0.5749806,-9.6838264,1.4591196,-0.5098711,0.4069316,-0.4152903,0.6340128
gait_20260919_222807_andrew_normal_left_2,andrew_normal_left_2,2513934916488073,2026-09-19T22:28:18.041649Z,-3.0543280,-9.5584764,1.6949452,-0.5940781,-3.4869113,-0.3167906,-0.5081612,-9.6964846,1.3986008,-0.5293850,0.3850015,-0.3943035,0.6450195
gait_20260919_222807_andrew_normal_left_2,andrew_normal_left_2,2513934926574213,2026-09-19T22:28:18.052451Z,-3.4136827,-9.6581345,2.1523874,-0.5940781,-3.4869113,-0.3167906,-0.5081612,-9.6964846,1.3986008,-0.5293850,0.3850015,-0.3943035,0.6450195
gait_20260919_222807_andrew_normal_left_2,andrew_normal_left_2,2513934936656123,2026-09-19T22:28:18.061548Z,-3.6216791,-9.7716351,2.1898715,-0.4906074,-3.5384884,-0.2513407,-0.3890303,-9.7108870,1.3354503,-0.5484503,0.3608682,-0.3718138,0.6563009
gait_20260919_222807_andrew_normal_left_2,andrew_normal_left_2,2513934946741450,2026-09-19T22:28:18.072622Z,-3.7304654,-9.9960165,1.7332524,-0.4906074,-3.5384884,-0.2513407,-0.3890303,-9.7108870,1.3354503,-0.5484503,0.3608682,-0.3718138,0.6563009
gait_20260919_222807_andrew_normal_left_2,andrew_normal_left_2,2513934956825068,2026-09-19T22:28:18.081696Z,-3.7673512,-10.3234234,1.0996867,-0.3477335,-2.9790671,-0.1219066,-0.2756324,-9.7220564,1.2813197,-0.5645171,0.3382220,-0.3513104,0.6659634
gait_20260919_222807_andrew_normal_left_2,andrew_normal_left_2,2513934966910029,2026-09-19T22:28:18.092853Z,-3.5550153,-10.5709991,0.3393781,-0.3477335,-2.9790671,-0.1219066,-0.2756324,-9.7220564,1.2813197,-0.5645171,0.3382220,-0.3513104,0.6659634
gait_20260919_222807_andrew_normal_left_2,andrew_normal_left_2,2513934976996007,2026-09-19T22:28:18.102877Z,-2.7153988,-10.4508400,-0.1715595,-0.2635647,-2.8376422,0.0576725,-0.2046372,-9.7292366,1.2394361,-0.5771578,0.3186028,-0.3323196,0.6744959
gait_20260919_222807_andrew_normal_left_2,andrew_normal_left_2,2513934987076981,2026-09-19T22:28:18.111671Z,-1.7856256,-10.1888990,-0.2867805,-0.2635647,-2.8376422,0.0576725,-0.2046372,-9.7292366,1.2394361,-0.5771578,0.3186028,-0.3323196,0.6744959
gait_20260919_222807_andrew_normal_left_2,andrew_normal_left_2,2513934997164342,2026-09-19T22:28:18.122722Z,-0.9305214,-10.0905123,-0.3283049,-0.2666457,-3.2723091,0.2796857,-0.1766979,-9.7349739,1.1979963,-0.5894357,0.2977180,-0.3093337,0.6842822
gait_20260919_222807_andrew_normal_left_2,andrew_normal_left_2,2513935007248001,2026-09-19T22:28:18.132960Z,-0.2434604,-10.2260847,-0.2610428,-0.2666457,-3.2723091,0.2796857,-0.1766979,-9.7349739,1.1979963,-0.5894357,0.2977180,-0.3093337,0.6842822
gait_20260919_222807_andrew_normal_left_2,andrew_normal_left_2,2513935017331375,2026-09-19T22:28:18.142385Z,0.3331681,-10.5169048,-0.1168670,-0.3268828,-3.6395776,0.3998103,-0.1752212,-9.7436943,1.1251055,-0.6028422,0.2748278,-0.2817226,0.6940341
gait_20260919_222807_andrew_normal_left_2,andrew_normal_left_2,2513935027414831,2026-09-19T22:28:18.153374Z,1.0645219,-10.8461075,-0.0677110,-0.3268828,-3.6395776,0.3998103,-0.1752212,-9.7436943,1.1251055,-0.6028422,0.2748278,-0.2817226,0.6940341
gait_20260919_222807_andrew_normal_left_2,andrew_normal_left_2,2513935037499262,2026-09-19T22:28:18.162347Z,1.8231846,-11.0942822,-0.1606360,-0.3730808,-3.8119457,0.4399295,-0.1774089,-9.7503920,1.0651405,-0.6154140,0.2499353,-0.2522390,0.7036856
gait_20260919_222807_andrew_normal_left_2,andrew_normal_left_2,2513935047585484,2026-09-19T22:28:18.173471Z,2.5924716,-11.3211327,-0.3751415,-0.3730808,-3.8119457,0.4399295,-0.1774089,-9.7503920,1.0651405,-0.6154140,0.2499353,-0.2522390,0.7036856
gait_20260919_222807_andrew_normal_left_2,andrew_normal_left_2,2513935057644323,2026-09-19T22:28:18.182556Z,3.0764744,-11.5981112,-0.4505588,-0.3541120,-3.8906186,0.3431870,-0.1738632,-9.7567806,1.0055504,-0.6272405,0.2236534,-0.2220131,0.7122210
gait_20260919_222807_andrew_normal_left_2,andrew_normal_left_2,2513935067753210,2026-09-19T22:28:18.193753Z,3.2884359,-11.9308310,-0.2360533,-0.3541120,-3.8906186,0.3431870,-0.1738632,-9.7567806,1.0055504,-0.6272405,0.2236534,-0.2220131,0.7122210
gait_20260919_222807_andrew_normal_left_2,andrew_normal_left_2,2513935077839187,2026-09-19T22:28:18.202466Z,3.1270518,-12.1354599,0.2452560,-0.3148587,-3.8187904,0.1497020,-0.1373727,-9.7626143,0.9532178,-0.6380441,0.1956148,-0.1928018,0.7193484
gait_20260919_222807_andrew_normal_left_2,andrew_normal_left_2,2513935087922561,2026-09-19T22:28:18.213670Z,2.5274539,-12.2593603,0.5903952,-0.3148587,-3.8187904,0.1497020,-0.1373727,-9.7626143,0.9532178,-0.6380441,0.1956148,-0.1928018,0.7193484
gait_20260919_222807_andrew_normal_left_2,andrew_normal_left_2,2513935098005569,2026-09-19T22:28:18.223690Z,1.8120366,-11.8774099,0.6439654,-0.3001866,-3.3652546,0.0549079,-0.0803489,-9.7680759,0.9024230,-0.6471950,0.1686630,-0.1666910,0.7245037
gait_20260919_222807_andrew_normal_left_2,andrew_normal_left_2,2513935108090124,2026-09-19T22:28:18.234447Z,1.1169699,-11.0869493,0.7001544,-0.3001866,-3.3652546,0.0549079,-0.0803489,-9.7680759,0.9024230,-0.6471950,0.1686630,-0.1666910,0.7245037
gait_20260919_222807_andrew_normal_left_2,andrew_normal_left_2,2513935118175938,2026-09-19T22:28:18.243289Z,0.6064064,-10.4667015,0.9808745,-0.3893683,-2.9565344,0.1153616,-0.0442579,-9.7740116,0.8383633,-0.6548904,0.1455670,-0.1433471,0.7275854
gait_20260919_222807_andrew_normal_left_2,andrew_normal_left_2,2513935128259598,2026-09-19T22:28:18.255750Z,0.0204255,-9.9461870,1.5884032,-0.3893683,-2.9565344,0.1153616,-0.0442579,-9.7740116,0.8383633,-0.6548904,0.1455670,-0.1433471,0.7275854
gait_20260919_222807_andrew_normal_left_2,andrew_normal_left_2,2513935138344599,2026-09-19T22:28:18.265032Z,-0.4311808,-9.5855608,2.2597523,-0.4937883,-2.8461857,0.0634014,-0.0178249,-9.7815456,0.7464497,-0.6625810,0.1236957,-0.1205822,0.7287975
gait_20260919_222807_andrew_normal_left_2,andrew_normal_left_2,2513935148428503,2026-09-19T22:28:18.275860Z,-0.8221090,-9.1525841,2.6473136,-0.4937883,-2.8461857,0.0634014,-0.0178249,-9.7815456,0.7464497,-0.6625810,0.1236957,-0.1205822,0.7287975
gait_20260919_222807_andrew_normal_left_2,andrew_normal_left_2,2513935158512486,2026-09-19T22:28:18.285260Z,-1.2190976,-8.7237978,2.7458501,-0.4540354,-2.5168879,-0.0414183,-0.0468859,-9.7701168,0.8824513,-0.6628125,0.1032535,-0.0997325,0.7348957
gait_20260919_222807_andrew_normal_left_2,andrew_normal_left_2,2513935168597163,2026-09-19T22:28:18.294770Z,-1.6419735,-8.4065657,2.6307039,-0.4540354,-2.5168879,-0.0414183,-0.0468859,-9.7701168,0.8824513,-0.6628125,0.1032535,-0.0997325,0.7348957
gait_20260919_222807_andrew_normal_left_2,andrew_normal_left_2,2513935178682124,2026-09-19T22:28:18.303459Z,-2.1247792,-8.1714106,2.7038019,-0.3474171,-2.0701637,-0.1236719,0.0062051,-9.7760019,0.8160065,-0.6678610,0.0847782,-0.0831058,0.7347570
gait_20260919_222807_andrew_normal_left_2,andrew_normal_left_2,2513935188764928,2026-09-19T22:28:18.313373Z,-2.6354923,-8.0938234,2.8332384,-0.3474171,-2.0701637,-0.1236719,0.0062051,-9.7760019,0.8160065,-0.6678610,0.0847782,-0.0831058,0.7347570
gait_20260919_222807_andrew_normal_left_2,andrew_normal_left_2,2513935198850133,2026-09-19T22:28:18.323597Z,-3.2636709,-8.1932573,2.8651114,-0.2634981,-1.7454292,-0.1397263,0.0614914,-9.7802658,0.7607555,-0.6717397,0.0684021,-0.0691961,0.7343698
gait_20260919_222807_andrew_normal_left_2,andrew_normal_left_2,2513935208935908,2026-09-19T22:28:18.334514Z,-3.9913588,-8.4666452,2.6298809,-0.2634981,-1.7454292,-0.1397263,0.0614914,-9.7802658,0.7607555,-0.6717397,0.0684021,-0.0691961,0.7343698
gait_20260919_222807_andrew_normal_left_2,andrew_normal_left_2,2513935219020625,2026-09-19T22:28:18.344791Z,-4.5865421,-8.8168726,2.0920835,-0.1989975,-1.5063957,-0.0382374,-0.0052701,-9.7789459,0.7799379,-0.6725169,0.0583275,-0.0538538,0.7358117
gait_20260919_222807_andrew_normal_left_2,andrew_normal_left_2,2513935229102982,2026-09-19T22:28:18.353837Z,-4.9438767,-9.2116165,1.3670144,-0.1989975,-1.5063957,-0.0382374,-0.0052701,-9.7789459,0.7799379,-0.6725169,0.0583275,-0.0538538,0.7358117
gait_20260919_222807_andrew_normal_left_2,andrew_normal_left_2,2513935239187861,2026-09-19T22:28:18.363851Z,-5.3241062,-9.6474361,0.9702502,-0.2676616,-1.8339946,0.1745995,-0.0579108,-9.7811308,0.7498300,-0.6746013,0.0473951,-0.0381362,0.7356715
gait_20260919_222807_andrew_normal_left_2,andrew_normal_left_2,2513935249270177,2026-09-19T22:28:18.378232Z,-5.5733275,-9.9319715,0.9254338,-0.2676616,-1.8339946,0.1745995,-0.0579108,-9.7811308,0.7498300,-0.6746013,0.0473951,-0.0381362,0.7356715
gait_20260919_222807_andrew_normal_left_2,andrew_normal_left_2,2513935259332677,2026-09-19T22:28:18.384961Z,-5.4414220,-10.0007305,1.1562498,-0.4980350,-2.7723422,0.4025915,-0.0905167,-9.7865400,0.6719913,-0.6783520,0.0299540,-0.0168339,0.7339332
gait_20260919_222807_andrew_normal_left_2,andrew_normal_left_2,2513935269419225,2026-09-19T22:28:18.394381Z,-5.1258364,-9.9325705,1.0996120,-0.4980350,-2.7723422,0.4025915,-0.0905167,-9.7865400,0.6719913,-0.6783520,0.0299540,-0.0168339,0.7339332
gait_20260919_222807_andrew_normal_left_2,andrew_normal_left_2,2513935279499995,2026-09-19T22:28:18.405330Z,-4.9351978,-9.9009962,0.6872107,-0.6655234,-3.5391047,0.5885157,-0.1594857,-9.7930374,0.5541611,-0.6831392,0.0071123,0.0125120,0.7301463
gait_20260919_222807_andrew_normal_left_2,andrew_normal_left_2,2513935289608841,2026-09-19T22:28:18.414506Z,-4.5005755,-9.9017448,0.2141314,-0.6655234,-3.5391047,0.5885157,-0.1594857,-9.7930374,0.5541611,-0.6831392,0.0071123,0.0125120,0.7301463
gait_20260919_222807_andrew_normal_left_2,andrew_normal_left_2,2513935299692744,2026-09-19T22:28:18.424305Z,-3.9662943,-9.7656498,-0.0182558,-0.7043602,-4.1820951,0.7293744,-0.2576295,-9.7971268,0.4313281,-0.6871912,-0.0193258,0.0470342,0.7246949
gait_20260919_222807_andrew_normal_left_2,andrew_normal_left_2,2513935309780553,2026-09-19T22:28:18.434939Z,-3.6352212,-9.7330284,-0.5343559,-0.7043602,-4.1820951,0.7293744,-0.2576295,-9.7971268,0.4313281,-0.6871912,-0.0193258,0.0470342,0.7246949
gait_20260919_222807_andrew_normal_left_2,andrew_normal_left_2,2513935319861608,2026-09-19T22:28:18.445548Z,-3.1357307,-9.7409592,-1.0592846,-0.6420247,-4.5186205,0.8097128,-0.3924771,-9.7967749,0.3244258,-0.6894234,-0.0483436,0.0860969,0.7175971
gait_20260919_222807_andrew_normal_left_2,andrew_normal_left_2,2513935329950190,2026-09-19T22:28:18.457634Z,-2.4964790,-9.6717520,-1.2820202,-0.6420247,-4.5186205,0.8097128,-0.3924771,-9.7967749,0.3244258,-0.6894234,-0.0483436,0.0860969,0.7175971
gait_20260919_222807_andrew_normal_left_2,andrew_normal_left_2,2513935340032466,2026-09-19T22:28:18.465530Z,-2.0367174,-9.6085300,-1.4517840,-0.5719118,-4.2246795,0.7881627,-0.5838308,-9.7902098,0.2168650,-0.6905555,-0.0753120,0.1260801,0.7082126
gait_20260919_222807_andrew_normal_left_2,andrew_normal_left_2,2513935350114089,2026-09-19T22:28:18.477758Z,-1.7168671,-9.5721684,-1.2873323,-0.5719118,-4.2246795,0.7881627,-0.5838308,-9.7902098,0.2168650,-0.6905555,-0.0753120,0.1260801,0.7082126
gait_20260919_222807_andrew_normal_left_2,andrew_normal_left_2,2513935360199010,2026-09-19T22:28:18.485819Z,-1.5974562,-9.6261120,-0.8298153,-0.6537657,-3.1616938,0.6781137,-0.8714664,-9.7711706,-0.0303535,-0.6965661,-0.0942471,0.1613142,0.6927415
gait_20260919_222807_andrew_normal_left_2,andrew_normal_left_2,2513935370284378,2026-09-19T22:28:18.497873Z,-1.7652749,-9.6784859,-0.1289876,-0.6537657,-3.1616938,0.6781137,-0.8714664,-9.7711706,-0.0303535,-0.6965661,-0.0942471,0.1613142,0.6927415
gait_20260919_222807_andrew_normal_left_2,andrew_normal_left_2,2513935380367915,2026-09-19T22:28:18.507623Z,-2.3596354,-9.7194118,0.4632032,-0.9320524,-2.1088674,0.5360226,-0.9920787,-9.7585297,-0.1516168,-0.6987026,-0.1095271,0.1827725,0.6829442
gait_20260919_222807_andrew_normal_left_2,andrew_normal_left_2,2513935390450881,2026-09-19T22:28:18.517550Z,-3.0368953,-9.7155209,0.8262240,-0.9320524,-2.1088674,0.5360226,-0.9920787,-9.7585297,-0.1516168,-0.6987026,-0.1095271,0.1827725,0.6829442
gait_20260919_222807_andrew_normal_left_2,andrew_normal_left_2,2513935400538691,2026-09-19T22:28:18.526496Z,-3.6020765,-9.5980549,1.1985224,-1.1133468,-1.7506918,0.5055792,-1.1534481,-9.7373838,-0.2983744,-0.7025215,-0.1198571,0.2012039,0.6720229
gait_20260919_222807_andrew_normal_left_2,andrew_normal_left_2,2513935410621333,2026-09-19T22:28:18.536189Z,-4.0010104,-9.3924532,1.3836989,-1.1133468,-1.7506918,0.5055792,-1.1534481,-9.7373838,-0.2983744,-0.7025215,-0.1198571,0.2012039,0.6720229
gait_20260919_222807_andrew_normal_left_2,andrew_normal_left_2,2513935420705358,2026-09-19T22:28:18.546650Z,-4.3430071,-9.1547537,1.4725837,-1.0875999,-1.9009433,0.5794393,-1.3064207,-9.7119989,-0.4543734,-0.7062263,-0.1310085,0.2192559,0.6603090
gait_20260919_222807_andrew_normal_left_2,andrew_normal_left_2,2513935430768264,2026-09-19T22:28:18.556392Z,-4.6932340,-8.8816652,1.3786112,-1.0875999,-1.9009433,0.5794393,-1.3064207,-9.7119989,-0.4543734,-0.7062263,-0.1310085,0.2192559,0.6603090
gait_20260919_222807_andrew_normal_left_2,andrew_normal_left_2,2513935440874629,2026-09-19T22:28:18.565663Z,-4.9486651,-8.6363344,1.0672154,-0.9451591,-2.0229166,0.6267031,-1.5137287,-9.6767159,-0.5531276,-0.7075630,-0.1429740,0.2421107,0.6483021
gait_20260919_222807_andrew_normal_left_2,andrew_normal_left_2,2513935450932938,2026-09-19T22:28:18.575916Z,-5.0540099,-8.4079876,0.6519710,-0.9451591,-2.0229166,0.6267031,-1.5137287,-9.6767159,-0.5531276,-0.7075630,-0.1429740,0.2421107,0.6483021
gait_20260919_222807_andrew_normal_left_2,andrew_normal_left_2,2513935461043045,2026-09-19T22:28:18.585909Z,-4.9528551,-8.2510920,0.2371008,-0.8580758,-1.9731714,0.6398597,-1.9744736,-9.5951948,-0.5193971,-0.7066322,-0.1438017,0.2731960,0.6366758
gait_20260919_222807_andrew_normal_left_2,andrew_normal_left_2,2513935471116205,2026-09-19T22:28:18.596684Z,-4.6731076,-8.1238260,-0.1185878,-0.8580758,-1.9731714,0.6398597,-1.9744736,-9.5951948,-0.5193971,-0.7066322,-0.1438017,0.2731960,0.6366758
gait_20260919_222807_andrew_normal_left_2,andrew_normal_left_2,2513935481211461,2026-09-19T22:28:18.606090Z,-4.2243443,-8.1444759,-0.4135235,-0.9204946,-1.7318562,0.5586386,-2.1964080,-9.5425549,-0.5929469,-0.7075465,-0.1521289,0.2932627,0.6246853
gait_20260919_222807_andrew_normal_left_2,andrew_normal_left_2,2513935491285233,2026-09-19T22:28:18.618350Z,-3.8287027,-8.2816935,-0.4842273,-0.9204946,-1.7318562,0.5586386,-2.1964080,-9.5425549,-0.5929469,-0.7075465,-0.1521289,0.2932627,0.6246853
gait_20260919_222807_andrew_normal_left_2,andrew_normal_left_2,2513935501382523,2026-09-19T22:28:18.626305Z,-3.7517889,-8.4176388,-0.3934721,-1.0019488,-1.3063157,0.3813078,-2.3098814,-9.5073576,-0.7146456,-0.7096996,-0.1620174,0.3063524,0.6133721
gait_20260919_222807_andrew_normal_left_2,andrew_normal_left_2,2513935511440017,2026-09-19T22:28:18.636054Z,-3.6239984,-8.5057011,-0.2570026,-1.0019488,-1.3063157,0.3813078,-2.3098814,-9.5073576,-0.7146456,-0.7096996,-0.1620174,0.3063524,0.6133721
gait_20260919_222807_andrew_normal_left_2,andrew_normal_left_2,2513935521548416,2026-09-19T22:28:18.647209Z,-3.6979942,-8.5368252,-0.2576759,-1.0077777,-0.7653801,0.2526564,-2.3872590,-9.4759645,-0.8620957,-0.7130913,-0.1700491,0.3146601,0.6029704
gait_20260919_222807_andrew_normal_left_2,andrew_normal_left_2,2513935531608312,2026-09-19T22:28:18.660447Z,-3.9166148,-8.4807110,-0.2394950,-1.0077777,-0.7653801,0.2526564,-2.3872590,-9.4759645,-0.8620957,-0.7130913,-0.1700491,0.3146601,0.6029704
gait_20260919_222807_andrew_normal_left_2,andrew_normal_left_2,2513935541693314,2026-09-19T22:28:18.669481Z,-4.1034374,-8.3815012,-0.1605611,-0.9996340,-0.4458250,0.1943178,-2.4498901,-9.4440699,-1.0216223,-0.7174790,-0.1754500,0.3193384,0.5936870
gait_20260919_222807_andrew_normal_left_2,andrew_normal_left_2,2513935551802648,2026-09-19T22:28:18.675904Z,-4.1442885,-8.1983452,0.0343418,-0.9996340,-0.4458250,0.1943178,-2.4498901,-9.4440699,-1.0216223,-0.7174790,-0.1754500,0.3193384,0.5936870
gait_20260919_222807_andrew_normal_left_2,andrew_normal_left_2,2513935561886551,2026-09-19T22:28:18.686328Z,-4.1099467,-7.9270520,0.0840963,-1.0108421,-0.4852948,0.2342205,-2.5109568,-9.4088011,-1.1855981,-0.7219676,-0.1807713,0.3235872,0.5842737
gait_20260919_222807_andrew_normal_left_2,andrew_normal_left_2,2513935582057612,2026-09-19T22:28:18.712760Z,-4.2484360,-7.5808654,-0.1820341,-0.9433271,-0.6408256,0.2616661,-2.5769193,-9.3700562,-1.3407695,-0.7259212,-0.1866502,0.3286030,0.5746479
gait_20260919_222807_andrew_normal_left_2,andrew_normal_left_2,2513935602223506,2026-09-19T22:28:18.726391Z,-4.6208091,-7.5373960,-0.2303671,-0.7750894,-0.8820075,0.2553710,-2.5769193,-9.3700562,-1.3407695,-0.7259212,-0.1866502,0.3286030,0.5746479
gait_20260919_222807_andrew_normal_left_2,andrew_normal_left_2,2513935622393590,2026-09-19T22:28:18.747263Z,-4.7568297,-7.6707230,-0.5478233,-0.4999169,-1.0003834,0.2587850,-2.6880598,-9.3155050,-1.4939362,-0.7287280,-0.1963402,0.3390188,0.5616692
gait_20260919_222807_andrew_normal_left_2,andrew_normal_left_2,2513935642560949,2026-09-19T22:28:18.767130Z,-4.4688525,-7.8516350,-0.9025392,-0.2737902,-1.0056294,0.2268761,-2.7725928,-9.2864523,-1.5200808,-0.7279083,-0.2026315,0.3480935,0.5549063
gait_20260919_222807_andrew_normal_left_2,andrew_normal_left_2,2513935662728510,2026-09-19T22:28:18.786944Z,-4.3935099,-7.7719526,-1.6888849,-0.2021617,-0.7918599,0.1004397,-2.8478110,-9.2656679,-1.5078081,-0.7258503,-0.2083422,0.3570551,0.5497695
gait_20260919_222807_andrew_normal_left_2,andrew_normal_left_2,2513935682900223,2026-09-19T22:28:18.808106Z,-4.5469632,-7.5404634,-1.7472435,-0.2158013,-0.6735339,-0.0522433,-2.8893449,-9.2538214,-1.5015265,-0.7240143,-0.2138080,0.3636714,0.5457404
gait_20260919_222807_andrew_normal_left_2,andrew_normal_left_2,2513935703067174,2026-09-19T22:28:18.827654Z,-4.6429558,-7.4708071,-1.5263035,-0.1313660,-0.4100857,-0.1666889,-2.8970399,-9.2509432,-1.5044352,-0.7223284,-0.2197116,0.3683777,0.5424632
gait_20260919_222807_andrew_normal_left_2,andrew_normal_left_2,2513935723236486,2026-09-19T22:28:18.847826Z,-4.4381766,-7.6081743,-1.6145898,-0.0271459,-0.0951438,-0.2724246,-2.8748703,-9.2577991,-1.5047892,-0.7208716,-0.2244187,0.3705441,0.5409969
gait_20260919_222807_andrew_normal_left_2,andrew_normal_left_2,2513935743404291,2026-09-19T22:28:18.867399Z,-4.2821794,-7.9028111,-1.4164696,-0.0234820,0.1243714,-0.3777938,-2.8240447,-9.2733068,-1.5055461,-0.7198244,-0.2277578,0.3700564,0.5413294
gait_20260919_222807_andrew_normal_left_2,andrew_normal_left_2,2513935763573604,2026-09-19T22:28:18.887700Z,-3.7319620,-8.1374426,-1.2584523,0.0391034,0.2469774,-0.4421778,-2.7507749,-9.2931366,-1.5188761,-0.7192890,-0.2308253,0.3677424,0.5423177
gait_20260919_222807_andrew_normal_left_2,andrew_normal_left_2,2513935783740922,2026-09-19T22:28:18.907761Z,-3.1078982,-8.5258274,-1.5314661,0.2563702,0.1668721,-0.5309931,-2.6606276,-9.3189764,-1.5211293,-0.7185502,-0.2332915,0.3643215,0.5445462
gait_20260919_222807_andrew_normal_left_2,andrew_normal_left_2,2513935803909745,2026-09-19T22:28:18.927939Z,-2.7891703,-9.0065374,-1.8587984,0.4873432,-0.0506445,-0.7185827,-2.5520535,-9.3572397,-1.4714704,-0.7157528,-0.2363593,0.3616980,0.5486408
gait_20260919_222807_andrew_normal_left_2,andrew_normal_left_2,2513935824079708,2026-09-19T22:28:18.948322Z,-3.2124202,-9.1909666,-1.9250878,0.5966761,-0.1882391,-0.9681414,-2.4109511,-9.4101458,-1.3684222,-0.7103912,-0.2413290,0.3600850,0.5544758
gait_20260919_222807_andrew_normal_left_2,andrew_normal_left_2,2513935844236284,2026-09-19T22:28:18.969986Z,-3.9103298,-9.0836763,-1.8335844,0.6730842,-0.2974054,-1.1570966,-2.2509644,-9.4646587,-1.2607533,-0.7052532,-0.2471278,0.3590380,0.5591400
gait_20260919_222807_andrew_normal_left_2,andrew_normal_left_2,2513935864417354,2026-09-19T22:28:18.990073Z,-3.3746274,-10.1484976,-1.0536731,0.8642544,-0.3233855,-1.2742403,-2.1165757,-9.5100355,-1.1469387,-0.6986470,-0.2535847,0.3589223,0.5645901
gait_20260919_222807_andrew_normal_left_2,andrew_normal_left_2,2513935884585690,2026-09-19T22:28:19.009809Z,-2.2138135,-13.9410620,-0.7493103,1.1901213,-0.1775473,-1.3509980,-1.8744707,-9.5814085,-0.9586964,-0.6885520,-0.2620477,0.3568359,0.5743653
gait_20260919_222807_andrew_normal_left_2,andrew_normal_left_2,2513935904753617,2026-09-19T22:28:19.029223Z,-1.7565210,-16.3622742,-1.4388404,1.3848388,-0.4779837,-1.3018191,-1.6132355,-9.6503487,-0.7101786,-0.6766301,-0.2687734,0.3541045,0.5869776
gait_20260919_222807_andrew_normal_left_2,andrew_normal_left_2,2513935924924028,2026-09-19T22:28:19.049554Z,-0.7352444,-15.7737494,-4.8865657,1.0827702,-1.3354434,-0.8601242,-1.3714963,-9.7045002,-0.4216919,-0.6624804,-0.2764943,0.3547989,0.5989895
gait_20260919_222807_andrew_normal_left_2,andrew_normal_left_2,2513935945073523,2026-09-19T22:28:19.069208Z,0.1750012,-13.2725563,0.6493524,0.7367854,-2.0920303,0.0285448,-1.2341278,-9.7302217,-0.1892311,-0.6484157,-0.2881291,0.3640554,0.6033261
gait_20260919_222807_andrew_normal_left_2,andrew_normal_left_2,2513935965235511,2026-09-19T22:28:19.089362Z,2.4883986,-11.5866642,0.7178116,0.9148989,-0.9838628,0.6146290,-1.2757897,-9.7266865,0.0050580,-0.6364678,-0.2974604,0.3814653,0.6007582
gait_20260919_222807_andrew_normal_left_2,andrew_normal_left_2,2513935985403723,2026-09-19T22:28:19.110340Z,2.8199954,-10.0558720,-0.2751087,0.5553578,-0.7093731,0.6192588,-1.4058090,-9.7065535,0.2064952,-0.6294687,-0.2950909,0.3940293,0.6011916
gait_20260919_222807_andrew_normal_left_2,andrew_normal_left_2,2513936005597164,2026-09-19T22:28:19.129876Z,3.0447512,-8.1322050,-0.1156699,-0.0693635,-1.3658533,0.6131968,-1.5019544,-9.6892118,0.3153320,-0.6251248,-0.2950531,0.4037175,0.5993120
gait_20260919_222807_andrew_normal_left_2,andrew_normal_left_2,2513936025767411,2026-09-19T22:28:19.150164Z,3.2696564,-6.6125607,1.0969185,-0.4541853,-2.2908945,0.5708625,-1.6085547,-9.6716557,0.3282541,-0.6213385,-0.3018900,0.4170310,0.5906658
gait_20260919_222807_andrew_normal_left_2,andrew_normal_left_2,2513936045908973,2026-09-19T22:28:19.170801Z,2.6654947,-6.9564281,3.1023617,-0.4373815,-2.7400002,0.4739368,-1.6978955,-9.6568813,0.3129282,-0.6154054,-0.3151766,0.4340356,0.5775405
gait_20260919_222807_andrew_normal_left_2,andrew_normal_left_2,2513936066104366,2026-09-19T22:28:19.190214Z,2.6176856,-8.2085209,4.7699232,-0.2281585,-2.2591355,0.3339275,-1.7659605,-9.6440773,0.3305772,-0.6064596,-0.3308429,0.4529350,0.5635598
gait_20260919_222807_andrew_normal_left_2,andrew_normal_left_2,2513936086272091,2026-09-19T22:28:19.210607Z,2.2625206,-9.4557495,4.8222213,-0.0540419,-1.2505584,-0.0072611,-1.1322592,-9.6826372,1.0957304,-0.5667045,-0.3484703,0.4679659,0.5817409
gait_20260919_222807_andrew_normal_left_2,andrew_normal_left_2,2513936106439083,2026-09-19T22:28:19.230755Z,1.4774469,-9.3061123,5.2231755,-0.1032209,-0.4334845,-0.4120343,-1.0913539,-9.6852055,1.1143826,-0.5614930,-0.3553389,0.4734383,0.5782006
gait_20260919_222807_andrew_normal_left_2,andrew_normal_left_2,2513936126608680,2026-09-19T22:28:19.251640Z,0.6356605,-8.4617071,5.4269819,-0.1059854,0.3521135,-0.8471508,-0.9874976,-9.6979055,1.1007324,-0.5589373,-0.3602856,0.4717720,0.5789773
gait_20260919_222807_andrew_normal_left_2,andrew_normal_left_2,2513936146778845,2026-09-19T22:28:19.271662Z,-0.4587141,-8.4412823,3.9960723,0.0132232,1.2286918,-1.1974823,-0.7591125,-9.6997633,1.2547781,-0.5521023,-0.3607908,0.4655752,0.5901296
gait_20260919_222807_andrew_normal_left_2,andrew_normal_left_2,2513936166947995,2026-09-19T22:28:19.291041Z,-1.6205753,-9.0333977,2.7795186,0.0551411,1.7059427,-1.3045337,-0.5488741,-9.7103243,1.2823564,-0.5525073,-0.3585700,0.4513106,0.6020647
gait_20260919_222807_andrew_normal_left_2,andrew_normal_left_2,2513936187114091,2026-09-19T22:28:19.311783Z,-2.6791866,-9.8100920,1.8010383,0.0120907,1.9420285,-1.2905943,-0.4121819,-9.7062998,1.3615987,-0.5540746,-0.3508473,0.4366410,0.6158347
gait_20260919_222807_andrew_normal_left_2,andrew_normal_left_2,2513936207285478,2026-09-19T22:28:19.331529Z,-4.0355768,-10.6821795,0.4244471,0.1128635,1.5137566,-1.2849653,-0.2362094,-9.7133141,1.3534585,-0.5582769,-0.3449548,0.4180697,0.6281329
gait_20260919_222807_andrew_normal_left_2,andrew_normal_left_2,2513936227452755,2026-09-19T22:28:19.351824Z,-5.4851909,-11.2502794,-0.0123451,1.4709728,-2.5600715,-1.2336713,-0.0167897,-9.7101707,1.3958565,-0.5570392,-0.3439705,0.4043163,0.6386861
gait_20260919_222807_andrew_normal_left_2,andrew_normal_left_2,2513936247621456,2026-09-19T22:28:19.372625Z,-6.2093620,-11.1083479,0.0918775,1.7600679,-4.2338390,-0.8138763,0.3185052,-9.6541061,1.7125734,-0.5284546,-0.3645413,0.4203567,0.6412063
gait_20260919_222807_andrew_normal_left_2,andrew_normal_left_2,2513936267789954,2026-09-19T22:28:19.392746Z,-5.8030210,-10.3392105,-0.1005565,1.1750995,-3.5826547,-0.1997136,0.6186853,-9.5822325,2.0085306,-0.4955123,-0.3887491,0.4449897,0.6366521
gait_20260919_222807_andrew_normal_left_2,andrew_normal_left_2,2513936287958451,2026-09-19T22:28:19.412329Z,-4.3094883,-8.6569843,-0.9899276,0.5298274,-2.7570539,0.0851681,0.7783391,-9.5372314,2.1613691,-0.4728447,-0.4061670,0.4652965,0.6284468
gait_20260919_222807_andrew_normal_left_2,andrew_normal_left_2,2513936308127844,2026-09-19T22:28:19.433201Z,-3.3093104,-7.7871408,-0.6342390,0.3466843,-3.4874277,-0.1387270,0.2969494,-9.6208496,1.8939883,-0.4806696,-0.4127707,0.4857900,0.6021503
gait_20260919_222807_andrew_normal_left_2,andrew_normal_left_2,2513936328296220,2026-09-19T22:28:19.453187Z,-3.3065422,-8.1825581,0.5430349,0.3586752,-3.6313174,-0.3089632,0.4707991,-9.6070099,1.9286878,-0.4598972,-0.4337587,0.5032902,0.5891070
gait_20260919_222807_andrew_normal_left_2,andrew_normal_left_2,2513936348464067,2026-09-19T22:28:19.473416Z,-2.5014172,-8.4895401,0.3110966,0.3988277,-2.6128311,-0.2911102,0.6708613,-9.5893679,1.9570644,-0.4380191,-0.4542640,0.5191811,0.5763980
gait_20260919_222807_andrew_normal_left_2,andrew_normal_left_2,2513936368635290,2026-09-19T22:28:19.492977Z,-1.7907132,-8.9222918,-0.0635960,0.4958367,-1.6826273,-0.3329948,0.8209357,-9.5690203,1.9990077,-0.4216159,-0.4672624,0.5299063,0.5684234
gait_20260919_222807_andrew_normal_left_2,andrew_normal_left_2,2513936388801266,2026-09-19T22:28:19.514471Z,-1.0746973,-9.2938423,-0.3425205,0.5092264,-0.4836294,-0.4238419,0.9400660,-9.5439262,2.0653954,-0.4094005,-0.4744596,0.5366750,0.5650304
gait_20260919_222807_andrew_normal_left_2,andrew_normal_left_2,2513936408973547,2026-09-19T22:28:19.534495Z,-1.2933178,-9.6871643,0.1291372,0.1967492,1.3247015,-0.5850350,1.0047572,-9.5247316,2.1227458,-0.4050584,-0.4750904,0.5371734,0.5671521
gait_20260919_222807_andrew_normal_left_2,andrew_normal_left_2,2513936429139238,2026-09-19T22:28:19.554248Z,-2.1243303,-10.4258509,0.7422025,-0.3405390,3.0832705,-0.6023551,0.7231603,-9.5964203,1.9031199,-0.4276501,-0.4670145,0.5276628,0.5662021
gait_20260919_222807_andrew_normal_left_2,andrew_normal_left_2,2513936449307043,2026-09-19T22:28:19.574786Z,-1.9731215,-11.1768064,0.9261820,-0.7634483,3.9569345,-0.3753290,0.7053521,-9.6050844,1.8657265,-0.4451757,-0.4523008,0.5074540,0.5828661
gait_20260919_222807_andrew_normal_left_2,andrew_normal_left_2,2513936469476925,2026-09-19T22:28:19.595031Z,-2.0785413,-12.0449295,1.7236007,-0.9109353,3.4839969,-0.2015955,0.6206706,-9.6310196,1.7590728,-0.4684990,-0.4342059,0.4836543,0.5983748
gait_20260919_222807_andrew_normal_left_2,andrew_normal_left_2,2513936489645748,2026-09-19T22:28:19.614029Z,-3.6117282,-13.6933374,2.8022635,-0.7836495,2.4674759,-0.2101057,0.5404164,-9.6603594,1.6191171,-0.4887557,-0.4196752,0.4632814,0.6085730
gait_20260919_222807_andrew_normal_left_2,andrew_normal_left_2,2513936509813961,2026-09-19T22:28:19.634247Z,-5.0348563,-13.8913078,2.8070519,-0.5062954,1.5571568,-0.2176332,0.5092921,-9.6816730,1.4973118,-0.5024143,-0.4107164,0.4482893,0.6147591
gait_20260919_222807_andrew_normal_left_2,andrew_normal_left_2,2513936529988887,2026-09-19T22:28:19.654453Z,-5.4875102,-12.6257477,0.8692449,-0.2872466,0.7278423,0.0415348,0.5066528,-9.6929722,1.4232682,-0.5100746,-0.4057440,0.4389429,0.6184859
gait_20260919_222807_andrew_normal_left_2,andrew_normal_left_2,2513936550151364,2026-09-19T22:28:19.674664Z,-5.5899372,-10.4608660,-1.8733881,-0.3621558,-0.4284717,0.4393300,0.4689721,-9.7014809,1.3774772,-0.5141298,-0.4034317,0.4364344,0.6184161
gait_20260919_222807_andrew_normal_left_2,andrew_normal_left_2,2513936570320715,2026-09-19T22:28:19.694640Z,-5.0651584,-9.0025721,-3.3120039,-1.0086937,-2.1484704,1.0389539,0.3819840,-9.7172995,1.2900707,-0.5153199,-0.4073818,0.4424379,0.6105198
gait_20260919_222807_andrew_normal_left_2,andrew_normal_left_2,2513936590488318,2026-09-19T22:28:19.715584Z,-3.0774469,-9.1385927,-2.0932057,-1.9472579,-3.0980594,1.8518976,0.2075908,-9.7520094,1.0446736,-0.5156425,-0.4220769,0.4582383,0.5882021
gait_20260919_222807_andrew_normal_left_2,andrew_normal_left_2,2513936610658077,2026-09-19T22:28:19.735069Z,-0.5064485,-11.6563206,-2.1059997,-2.6646080,-2.9209950,2.6129811,-0.5050614,-9.7931557,0.2740602,-0.5388781,-0.4383315,0.4785984,0.5370468
gait_20260919_222807_andrew_normal_left_2,andrew_normal_left_2,2513936630808550,2026-09-19T22:28:19.755351Z,0.9182512,-14.4909058,1.6007483,-2.7663634,-2.6402435,3.1233399,-1.0445114,-9.7515144,-0.2303160,-0.5504059,-0.4531982,0.4974673,0.4941570
gait_20260919_222807_andrew_normal_left_2,andrew_normal_left_2,2513936650969885,2026-09-19T22:28:19.775306Z,3.0074167,-18.0517578,2.7344775,-1.4567670,-1.2859312,3.1282196,-1.6913375,-9.6385622,-0.6881922,-0.5627580,-0.4636396,0.5167571,0.4486690
gait_20260919_222807_andrew_normal_left_2,andrew_normal_left_2,2513936671159217,2026-09-19T22:28:19.795473Z,4.2466407,-20.5155411,-0.8781483,-0.1194585,-1.0198685,2.5119417,-2.3023462,-9.4958887,-0.8737442,-0.5756822,-0.4579368,0.5317751,0.4196418
gait_20260919_222807_andrew_normal_left_2,andrew_normal_left_2,2513936691332760,2026-09-19T22:28:19.815649Z,1.1825112,-16.4578915,-0.6622213,0.2217634,-2.5191863,1.7997875,-2.7704325,-9.3764324,-0.8020935,-0.5792247,-0.4493994,0.5492032,0.4011421
gait_20260919_222807_andrew_normal_left_2,andrew_normal_left_2,2513936711500892,2026-09-19T22:28:19.836371Z,-0.9728689,-10.8455095,1.4178911,0.5240817,-2.3803592,1.5723784,-3.1264441,-9.2799177,-0.5870260,-0.5695748,-0.4496634,0.5736161,0.3799368
gait_20260919_222807_andrew_normal_left_2,andrew_normal_left_2,2513936731669511,2026-09-19T22:28:19.856650Z,-2.0458453,-7.4865937,-0.0700304,0.8283153,-0.3170737,1.6082675,-3.4346423,-9.1831446,-0.3304583,-0.5604663,-0.4466232,0.5954088,0.3631717
gait_20260919_222807_andrew_normal_left_2,andrew_normal_left_2,2513936751838091,2026-09-19T22:28:19.876113Z,-0.6221932,-5.8206034,-0.7225252,0.5260302,1.7644479,1.6730180,-3.7330956,-9.0701008,-0.1826543,-0.5643994,-0.4329045,0.6051720,0.3575105
gait_20260919_222807_andrew_normal_left_2,andrew_normal_left_2,2513936772009802,2026-09-19T22:28:19.896335Z,1.0819547,-5.7350855,0.2825906,0.0663492,2.8212714,1.3052164,-4.0245018,-8.9424696,-0.2678687,-0.5818837,-0.4140834,0.6015757,0.3578450
gait_20260919_222807_andrew_normal_left_2,andrew_normal_left_2,2513936792187659,2026-09-19T22:28:19.917135Z,1.1044004,-6.0948892,1.3833249,-0.1110482,2.8332455,0.6885557,-4.2163348,-8.8427391,-0.5143813,-0.6035979,-0.3975054,0.5891269,0.3613702
gait_20260919_222807_andrew_normal_left_2,andrew_normal_left_2,2513936812345821,2026-09-19T22:28:19.938519Z,0.3019687,-6.2233534,1.8696470,-0.0501116,2.4924734,0.3087468,-4.2800140,-8.7928371,-0.7769111,-0.6218262,-0.3857603,0.5742610,0.3670771
gait_20260919_222807_andrew_normal_left_2,andrew_normal_left_2,2513936832513180,2026-09-19T22:28:19.958362Z,0.8571990,-6.1964931,2.0043209,0.0525264,2.0913141,0.3412718,-4.2815299,-8.7707224,-0.9894741,-0.6358365,-0.3765931,0.5606756,0.3735406
gait_20260919_222807_andrew_normal_left_2,andrew_normal_left_2,2513936852682491,2026-09-19T22:28:19.978385Z,3.0350995,-5.7971106,2.1190929,0.0723113,1.9204617,0.3894182,-4.2980752,-8.7428732,-1.1510285,-0.6473079,-0.3676417,0.5500695,0.3784913
gait_20260919_222807_andrew_normal_left_2,andrew_normal_left_2,2513936872852902,2026-09-19T22:28:19.998485Z,5.1510501,-4.6749783,2.2293010,0.0575892,1.5622362,0.1302502,-4.3149981,-8.7136078,-1.2999922,-0.6577548,-0.3591044,0.5403724,0.3826230
gait_20260919_222807_andrew_normal_left_2,andrew_normal_left_2,2513936893020545,2026-09-19T22:28:20.018385Z,6.0776062,-3.1481507,1.4837316,0.1742332,0.9408124,-0.4580157,-4.2804227,-8.7126942,-1.4152842,-0.6645984,-0.3544552,0.5320356,0.3867928
gait_20260919_222807_andrew_normal_left_2,andrew_normal_left_2,2513936913188229,2026-09-19T22:28:20.037836Z,5.9450274,-2.2622962,-0.4879682,0.4251575,0.3038672,-1.0106256,-4.1508112,-8.7701473,-1.4461700,-0.6650164,-0.3557266,0.5260569,0.3930345
gait_20260919_222807_andrew_normal_left_2,andrew_normal_left_2,2513936933359290,2026-09-19T22:28:20.057918Z,4.3468976,-3.2872388,-5.3449802,0.5448991,0.0616694,-1.4222602,-3.9426267,-8.8763170,-1.3794278,-0.6592737,-0.3614468,0.5228162,0.4017183
gait_20260919_222807_andrew_normal_left_2,andrew_normal_left_2,2513936953527300,2026-09-19T22:28:20.077697Z,-3.1833904,-8.4415064,-9.3564653,-0.0503781,0.6655067,-1.2731245,-3.6700404,-9.0051823,-1.2936909,-0.6511291,-0.3699172,0.5191169,0.4119585
gait_20260919_222807_andrew_normal_left_2,andrew_normal_left_2,2513936973694536,2026-09-19T22:28:20.097826Z,-8.7543983,-13.1434937,-6.6135335,-0.4899246,1.6546987,-0.2925591,-3.4315448,-9.0845623,-1.3897265,-0.6509135,-0.3766948,0.5089908,0.4187377
gait_20260919_222807_andrew_normal_left_2,andrew_normal_left_2,2513936993863156,2026-09-19T22:28:20.119389Z,-13.6997719,-17.0636997,-2.0082862,0.3505147,0.5089100,0.8899513,-3.3656142,-9.0745783,-1.6002432,-0.6604297,-0.3741957,0.4965930,0.4209581
gait_20260919_222807_andrew_normal_left_2,andrew_normal_left_2,2513937014030636,2026-09-19T22:28:20.138713Z,-17.4793186,-19.8292274,-2.6981156,1.4020922,-2.0626194,1.8602245,-3.5640640,-9.0145874,-1.5069062,-0.6618451,-0.3650798,0.5036893,0.4183000
gait_20260919_222807_andrew_normal_left_2,andrew_normal_left_2,2513937034199745,2026-09-19T22:28:20.158446Z,-11.7074966,-15.0484552,-1.4707133,0.4103522,-2.6125813,1.5475974,-3.9900827,-8.9000282,-1.0511227,-0.6490521,-0.3560329,0.5348923,0.4072620
gait_20260919_222807_andrew_normal_left_2,andrew_normal_left_2,2513937054344113,2026-09-19T22:28:20.179051Z,-5.6753802,-10.6550951,1.8985271,-0.3770611,-1.3578428,-0.0910302,-4.2826834,-8.7891045,-0.8039720,-0.6380660,-0.3581521,0.5588958,0.3901724
gait_20260919_222807_andrew_normal_left_2,andrew_normal_left_2,2513937074537920,2026-09-19T22:28:20.199217Z,-1.0466403,-12.4731178,2.8797009,0.2466443,-0.7311231,-1.2700268,-4.2332888,-8.8154135,-0.7770891,-0.6307051,-0.3690553,0.5644033,0.3840030
gait_20260919_222807_andrew_normal_left_2,andrew_normal_left_2,2513937094706743,2026-09-19T22:28:20.219543Z,2.4856303,-15.6790285,-1.0377368,0.8406225,-0.1270693,-2.1071854,-3.9766748,-8.9438257,-0.6558707,-0.6190746,-0.3801216,0.5650375,0.3911354
gait_20260919_222807_andrew_normal_left_2,andrew_normal_left_2,2513937114874834,2026-09-19T22:28:20.239318Z,3.9006035,-18.7457008,-3.3170917,0.0293109,-0.6927192,-2.5761926,-3.5652206,-9.1262836,-0.4860302,-0.6052673,-0.3906862,0.5609359,0.4078809
gait_20260919_222807_andrew_normal_left_2,andrew_normal_left_2,2513937135043209,2026-09-19T22:28:20.259287Z,1.5746366,-13.4884834,5.6700683,-0.1084336,0.7571365,-1.8254179,-3.0867951,-9.3001928,-0.4628889,-0.5901589,-0.4116487,0.5550007,0.4174110
gait_20260919_222807_andrew_normal_left_2,andrew_normal_left_2,2513937155194047,2026-09-19T22:28:20.279390Z,2.9302785,-7.8201361,4.1891794,0.7561706,2.5012500,-0.6380277,-2.7669609,-9.3966875,-0.5313232,-0.5883762,-0.4182380,0.5425678,0.4295471
gait_20260919_222807_andrew_normal_left_2,andrew_normal_left_2,2513937175381100,2026-09-19T22:28:20.299610Z,2.8158805,-4.4972835,2.8666077,1.1682547,2.2557547,-0.3122940,-2.5721564,-9.4570036,-0.4303482,-0.5922758,-0.4065888,0.5300329,0.4505111
gait_20260919_222807_andrew_normal_left_2,andrew_normal_left_2,2513937195548783,2026-09-19T22:28:20.320510Z,2.2078280,-2.9419501,1.8865561,1.2342209,1.5635018,-0.4430771,-2.4970191,-9.4820023,-0.3043954,-0.5956619,-0.3934364,0.5219771,0.4668349
gait_20260919_222807_andrew_normal_left_2,andrew_normal_left_2,2513937215720985,2026-09-19T22:28:20.340105Z,1.5454572,-2.8681040,0.7844751,1.0902479,0.7108719,-0.6454054,-2.3948030,-9.5122461,-0.1350382,-0.5939478,-0.3848760,0.5175240,0.4809007
gait_20260919_222807_andrew_normal_left_2,andrew_normal_left_2,2513937235886959,2026-09-19T22:28:20.360866Z,1.3553426,-3.9364417,0.6385785,0.6553811,-0.2143025,-0.7786367,-2.2593775,-9.5461826,0.0415676,-0.5877056,-0.3826741,0.5165021,0.4913128
gait_20260919_222807_andrew_normal_left_2,andrew_normal_left_2,2513937256057451,2026-09-19T22:28:20.380409Z,0.9684546,-6.6094933,1.5087960,0.0151217,-0.7267265,-1.0387874,-2.0986142,-9.5814610,0.1660003,-0.5786458,-0.3880700,0.5182084,0.4960150
gait_20260919_222807_andrew_normal_left_2,andrew_normal_left_2,2513937276224117,2026-09-19T22:28:20.400651Z,0.8922890,-9.4637556,2.4759037,-0.4685909,-0.4036573,-1.0093598,-1.8856710,-9.6254168,0.1781427,-0.5697287,-0.4001864,0.5182314,0.4966853
gait_20260919_222807_andrew_normal_left_2,andrew_normal_left_2,2513937296392941,2026-09-19T22:28:20.421007Z,1.0531495,-11.5245647,2.9154644,-0.6431738,-0.0459148,-0.7409322,-1.1758618,-9.7217731,0.5835840,-0.5426178,-0.4148437,0.5151144,0.5178106
gait_20260919_222807_andrew_normal_left_2,andrew_normal_left_2,2513937316561316,2026-09-19T22:28:20.441333Z,0.9442133,-11.2151146,2.9660418,-0.5027314,-0.0752923,-0.5241317,-1.0396824,-9.7441053,0.4556091,-0.5420014,-0.4234020,0.5100578,0.5165329
gait_20260919_222807_andrew_normal_left_2,andrew_normal_left_2,2513937336729448,2026-09-19T22:28:20.461124Z,0.2723404,-9.6399536,2.3671920,-0.0158212,-0.3381909,-0.5178032,-0.9401958,-9.7578373,0.3698456,-0.5405837,-0.4302945,0.5073422,0.5149950
gait_20260919_222807_andrew_normal_left_2,andrew_normal_left_2,2513937356898352,2026-09-19T22:28:20.481259Z,-0.5877017,-9.2369795,1.6725744,0.5784900,-0.6245214,-0.5843356,-0.7229810,-9.7652941,0.5936574,-0.5271325,-0.4344557,0.5105379,0.5222362
gait_20260919_222807_andrew_normal_left_2,andrew_normal_left_2,2513937377067135,2026-09-19T22:28:20.501934Z,-1.1257986,-9.3533230,1.0105776,1.0253143,-0.7177500,-0.6560639,-0.5967499,-9.7639217,0.7387961,-0.5165319,-0.4386072,0.5149632,0.5250063
gait_20260919_222807_andrew_normal_left_2,andrew_normal_left_2,2513937397235755,2026-09-19T22:28:20.522243Z,-1.6899323,-9.5826426,0.6267571,1.2506583,-0.8239853,-0.8174070,-0.4513767,-9.7522192,0.9626014,-0.5029595,-0.4412972,0.5210581,0.5298933
gait_20260919_222807_andrew_normal_left_2,andrew_normal_left_2,2513937417403805,2026-09-19T22:28:20.542968Z,-2.1168485,-9.8067245,0.4067898,1.2320726,-0.7998537,-1.0158383,-0.4582662,-9.7324200,1.1428484,-0.4933283,-0.4418996,0.5289807,0.5305952
gait_20260919_222807_andrew_normal_left_2,andrew_normal_left_2,2513937437573930,2026-09-19T22:28:20.562261Z,-2.7175686,-9.9613752,0.2796727,1.0179533,-0.5816543,-1.2520239,-0.3163627,-9.7126379,1.3418957,-0.4802265,-0.4448202,0.5340611,0.5350667
gait_20260919_222807_andrew_normal_left_2,andrew_normal_left_2,2513937457741777,2026-09-19T22:28:20.582392Z,-3.5241902,-10.0793648,0.0698059,0.8559940,-0.6326152,-1.4205282,-0.0679031,-9.6904993,1.5250387,-0.4660059,-0.4493891,0.5352449,0.5425872
gait_20260919_222807_andrew_normal_left_2,andrew_normal_left_2,2513937477912228,2026-09-19T22:28:20.602139Z,-3.7796962,-9.8617172,0.2372504,0.7773377,-0.9149822,-1.3573432,0.2315211,-9.6614370,1.6849772,-0.4504538,-0.4560825,0.5352931,0.5500377
gait_20260919_222807_andrew_normal_left_2,andrew_normal_left_2,2513937498079302,2026-09-19T22:28:20.622941Z,-3.1923687,-9.5531645,0.2473510,0.5116246,-0.7014791,-1.0720785,0.5144778,-9.6257601,1.8210425,-0.4345407,-0.4637992,0.5365918,0.5550981
gait_20260919_222807_andrew_normal_left_2,andrew_normal_left_2,2513937518247962,2026-09-19T22:28:20.642625Z,-3.2269349,-9.9650412,0.3888333,0.1241049,-0.3219700,-0.7959068,0.5913921,-9.6170921,1.8433433,-0.4282200,-0.4684005,0.5382028,0.5545868
gait_20260919_222807_andrew_normal_left_2,andrew_normal_left_2,2513937538419390,2026-09-19T22:28:20.662733Z,-3.6848261,-9.9511251,0.9380034,-0.1826600,0.0104587,-0.5117412,0.7324148,-9.6069822,1.8454173,-0.4226789,-0.4732620,0.5364352,0.5564197
gait_20260919_222807_andrew_normal_left_2,andrew_normal_left_2,2513937558586788,2026-09-19T22:28:20.682840Z,-3.6358197,-10.1618900,1.2328643,-0.3044834,0.3049996,-0.2265431,0.8124496,-9.6089611,1.8010827,-0.4214959,-0.4766600,0.5335457,0.5571942
gait_20260919_222807_andrew_normal_left_2,andrew_normal_left_2,2513937578753293,2026-09-19T22:28:20.705594Z,-3.8551137,-11.0784206,1.1555016,-0.2401327,0.2504248,-0.0928622,0.8334194,-9.6174946,1.7450855,-0.4235723,-0.4777877,0.5304120,0.5576455
gait_20260919_222807_andrew_normal_left_2,andrew_normal_left_2,2513937598922645,2026-09-19T22:28:20.723399Z,-4.0987239,-10.8095217,0.7080103,-0.0587716,-0.3039837,-0.0023315,0.8382502,-9.6240482,1.7062103,-0.4248241,-0.4787238,0.5290087,0.5572234
gait_20260919_222807_andrew_normal_left_2,andrew_normal_left_2,2513937619091550,2026-09-19T22:28:20.743847Z,-5.3678751,-10.6156654,-0.4974702,-0.1317490,-0.5840358,0.1752657,0.8465818,-9.6258202,1.6920422,-0.4224366,-0.4815562,0.5313523,0.5543606
gait_20260919_222807_andrew_normal_left_2,andrew_normal_left_2,2513937639261553,2026-09-19T22:28:20.763350Z,-6.4472861,-10.9840736,-2.7896190,-0.7125540,-0.7632984,0.7197818,0.8203236,-9.6359930,1.6464636,-0.4207740,-0.4853802,0.5350181,0.5487359
gait_20260919_222807_andrew_normal_left_2,andrew_normal_left_2,2513937659428952,2026-09-19T22:28:20.783511Z,-5.4419456,-11.1655836,-1.2788779,-1.7173340,-1.1600777,1.6505185,0.6772993,-9.6764336,1.4642454,-0.4247503,-0.4914089,0.5396085,0.5356559
gait_20260919_222807_andrew_normal_left_2,andrew_normal_left_2,2513937679597856,2026-09-19T22:28:20.803706Z,-3.5079544,-12.9825583,-0.7151929,-2.3877869,-0.5517439,2.4678257,0.3470419,-9.7443466,1.0785899,-0.4371109,-0.5004425,0.5453644,0.5109491
gait_20260919_222807_andrew_normal_left_2,andrew_normal_left_2,2513937699769976,2026-09-19T22:28:20.824477Z,-0.6662614,-15.9462061,-1.0069863,-2.6924202,-0.3722814,2.9794836,-0.1603206,-9.7911558,0.5862460,-0.4604090,-0.5045875,0.5478112,0.4830301
gait_20260919_222807_andrew_normal_left_2,andrew_normal_left_2,2513937719941037,2026-09-19T22:28:20.844927Z,1.0213515,-18.6336231,0.9715970,-2.5397537,-0.4601308,2.9456594,-0.7589211,-9.7804689,0.0509466,-0.4867341,-0.5069025,0.5500050,0.4512587
gait_20260919_222807_andrew_normal_left_2,andrew_normal_left_2,2513937740103798,2026-09-19T22:28:20.864467Z,2.7216835,-20.5155411,2.5718963,-1.7793531,-0.1742831,2.6382782,-1.3332857,-9.7097015,-0.4244602,-0.5100005,-0.5079288,0.5524321,0.4203885
gait_20260919_222807_andrew_normal_left_2,andrew_normal_left_2,2513937760273109,2026-09-19T22:28:20.885182Z,5.2706108,-20.3596935,1.4719851,-0.8131436,-0.3729975,2.2391508,-1.8337266,-9.6091852,-0.7329029,-0.5289448,-0.5040212,0.5554935,0.3969977
gait_20260919_222807_andrew_normal_left_2,andrew_normal_left_2,2513937780440101,2026-09-19T22:28:20.905103Z,4.7462058,-14.5842800,-0.7894880,-0.0559405,-1.9348173,1.5849189,-2.2536030,-9.5111904,-0.8334578,-0.5394078,-0.4979826,0.5633607,0.3790481
gait_20260919_222807_andrew_normal_left_2,andrew_normal_left_2,2513937800610389,2026-09-19T22:28:20.925334Z,1.3691093,-9.8276739,-0.3769371,0.5116246,-2.5521777,1.1796294,-2.5655239,-9.4419880,-0.7092679,-0.5336193,-0.4978555,0.5811813,0.3600257
gait_20260919_222807_andrew_normal_left_2,andrew_normal_left_2,2513937820780311,2026-09-19T22:28:20.947107Z,0.4560954,-7.4825535,0.5826140,0.7834163,-1.3946979,1.2200984,-2.4081509,-9.4988890,-0.4560955,-0.5127759,-0.5066155,0.5950859,0.3553513
gait_20260919_222807_andrew_normal_left_2,andrew_normal_left_2,2513937840946367,2026-09-19T22:28:20.967281Z,0.2974047,-5.8451443,0.4608090,0.7276757,0.6374615,1.3781106,-2.6513252,-9.4417686,-0.2441498,-0.5094954,-0.4991668,0.6092346,0.3465258
gait_20260919_222807_andrew_normal_left_2,andrew_normal_left_2,2513937861115191,2026-09-19T22:28:20.986701Z,0.8237550,-5.0858831,0.6529437,0.3883857,2.2841496,1.3580093,-2.9116962,-9.3663883,-0.1700805,-0.5203253,-0.4840419,0.6122165,0.3466353
gait_20260919_222807_andrew_normal_left_2,andrew_normal_left_2,2513937881263587,2026-09-19T22:28:21.006701Z,1.1932851,-4.5956702,1.3575124,0.0463645,2.7541728,1.0883161,-3.1500170,-9.2867432,-0.2644183,-0.5410804,-0.4660528,0.6048874,0.3523322
gait_20260919_222807_andrew_normal_left_2,andrew_normal_left_2,2513937901456662,2026-09-19T22:28:21.027199Z,0.7319524,-4.2651954,1.8902971,-0.1460547,2.4883432,0.7281254,-3.3192515,-9.2205820,-0.4466967,-0.5626085,-0.4504264,0.5930125,0.3590598
gait_20260919_222807_andrew_normal_left_2,andrew_normal_left_2,2513937921622962,2026-09-19T22:28:21.045871Z,-0.0011971,-4.5278096,2.2129905,-0.2576359,2.2420321,0.5445827,-3.4138751,-9.1743326,-0.6427983,-0.5806425,-0.4386316,0.5805622,0.3652456
gait_20260919_222807_andrew_normal_left_2,andrew_normal_left_2,2513937941789792,2026-09-19T22:28:21.065979Z,1.2544121,-5.1074309,2.8533647,-0.2018786,1.7903447,0.6184428,-3.4776325,-9.1341867,-0.8419148,-0.5965921,-0.4288327,0.5683699,0.3703190
gait_20260919_222807_andrew_normal_left_2,andrew_normal_left_2,2513937961958167,2026-09-19T22:28:21.086122Z,3.6088850,-5.1676598,2.4948330,0.0989408,1.0222167,0.4230425,-3.5580771,-9.0882816,-0.9896330,-0.6097984,-0.4190404,0.5593620,0.3737183
gait_20260919_222807_andrew_normal_left_2,andrew_normal_left_2,2513937982127479,2026-09-19T22:28:21.106311Z,5.4355860,-4.6589670,1.2527660,0.3676683,0.2527230,-0.1807781,-3.6016197,-9.0676394,-1.0209624,-0.6158875,-0.4120520,0.5555915,0.3771126
gait_20260919_222807_andrew_normal_left_2,andrew_normal_left_2,2513938002295692,2026-09-19T22:28:21.127261Z,6.1332712,-3.6296847,-0.3179799,0.5223331,-0.1149119,-0.9141662,-3.5372808,-9.1002131,-0.9538796,-0.6141895,-0.4104531,0.5547293,0.3828510
gait_20260919_222807_andrew_normal_left_2,andrew_normal_left_2,2513938022464394,2026-09-19T22:28:21.148205Z,4.9102082,-4.0527849,-3.0246248,0.6544985,-0.0053626,-1.4990846,-3.3411720,-9.1850042,-0.8416678,-0.6073194,-0.4136944,0.5531979,0.3924185
gait_20260919_222807_andrew_normal_left_2,andrew_normal_left_2,2513938042632932,2026-09-19T22:28:21.167077Z,-1.1975498,-8.4481649,-9.1170454,0.4873432,0.6385107,-1.5545920,-3.0400076,-9.2991276,-0.7216067,-0.5987476,-0.4187787,0.5486581,0.4063253
gait_20260919_222807_andrew_normal_left_2,andrew_normal_left_2,2513938062802161,2026-09-19T22:28:21.187194Z,-6.4873137,-13.3638353,-8.1665468,-0.2057756,1.9571502,-0.8165576,-2.7436271,-9.3926802,-0.6972732,-0.5958501,-0.4214926,0.5384549,0.4211567
gait_20260919_222807_andrew_normal_left_2,andrew_normal_left_2,2513938082969846,2026-09-19T22:28:21.207267Z,-10.0542259,-15.7862434,-3.4781766,0.0781734,1.5082775,0.1300503,-2.5875964,-9.4226265,-0.8686558,-0.6063043,-0.4170942,0.5209760,0.4324482
gait_20260919_222807_andrew_normal_left_2,andrew_normal_left_2,2513938103138953,2026-09-19T22:28:21.228259Z,-13.0671787,-16.0633717,0.9629180,1.2550050,-1.1058693,0.8956304,-2.6241565,-9.4099827,-0.8956071,-0.6136993,-0.4079326,0.5149886,0.4378938
gait_20260919_222807_andrew_normal_left_2,andrew_normal_left_2,2513938123307248,2026-09-19T22:28:21.248064Z,-14.6888762,-14.5685673,-1.2420670,1.6589787,-2.9512217,1.2242452,-2.8416305,-9.3744583,-0.5298885,-0.6036977,-0.3998108,0.5344934,0.4359095
gait_20260919_222807_andrew_normal_left_2,andrew_normal_left_2,2513938143480140,2026-09-19T22:28:21.268407Z,-9.3972416,-10.7535572,1.0809821,0.4626788,-2.7526240,0.8585255,-3.0974591,-9.3080950,-0.0349949,-0.5847665,-0.3961407,0.5647929,0.4267665
gait_20260919_222807_andrew_normal_left_2,andrew_normal_left_2,2513938163644772,2026-09-19T22:28:21.288172Z,-2.3936031,-12.4652615,3.7021840,-0.0316924,-1.2810184,-0.3145423,-3.2312365,-9.2608423,0.1789805,-0.5723646,-0.4002514,0.5832696,0.4147218
gait_20260919_222807_andrew_normal_left_2,andrew_normal_left_2,2513938183814043,2026-09-19T22:28:21.308970Z,0.8748563,-15.7881145,2.8618941,0.2524565,0.0635013,-1.6822109,-3.1216490,-9.2971268,0.2342191,-0.5649972,-0.4070584,0.5858284,0.4145925
gait_20260919_222807_andrew_normal_left_2,andrew_normal_left_2,2513938203983355,2026-09-19T22:28:21.329622Z,0.5922657,-20.2695370,-6.2419081,-0.0759085,-0.0154049,-2.4907413,-2.7569172,-9.4106188,0.2752843,-0.5579481,-0.4141758,0.5766013,0.4297480
gait_20260919_222807_andrew_normal_left_2,andrew_normal_left_2,2513938224151567,2026-09-19T22:28:21.348961Z,-0.6655133,-15.6813478,4.1398740,-0.6192421,-0.7688775,-1.6731012,-2.2671235,-9.5414438,0.2389737,-0.5478059,-0.4296347,0.5645997,0.4433394
gait_20260919_222807_andrew_normal_left_2,andrew_normal_left_2,2513938244296628,2026-09-19T22:28:21.369364Z,1.7512089,-9.1994953,4.1021652,0.5558740,1.2905611,-0.0985911,-1.9859595,-9.6055889,0.1573617,-0.5409751,-0.4428596,0.5585493,0.4463677
gait_20260919_222807_andrew_normal_left_2,andrew_normal_left_2,2513938264489254,2026-09-19T22:28:21.388817Z,3.3122284,-5.9999442,2.7042508,1.3438035,2.2483437,0.4878928,-1.9438436,-9.6099977,0.3248795,-0.5442500,-0.4292475,0.5535004,0.4617098
gait_20260919_222807_andrew_normal_left_2,andrew_normal_left_2,2513938284657793,2026-09-19T22:28:21.409200Z,3.3059437,-4.3499651,1.0948236,1.5922632,1.5800892,0.2032443,-2.0627296,-9.5768118,0.5157161,-0.5530867,-0.4062563,0.5484889,0.4777144
gait_20260919_222807_andrew_normal_left_2,andrew_normal_left_2,2513938304826047,2026-09-19T22:28:21.430280Z,3.4400189,-3.3471687,0.7722797,1.5016659,0.4087201,-0.3576426,-2.0995722,-9.5517969,0.7688067,-0.5541036,-0.3888066,0.5466998,0.4928670
gait_20260919_222807_andrew_normal_left_2,andrew_normal_left_2,2513938324996986,2026-09-19T22:28:21.449294Z,3.1869817,-3.4781766,0.4510826,1.1981652,-0.5150720,-1.0388706,-2.0052133,-9.5458736,1.0447680,-0.5465273,-0.3814372,0.5478838,0.5056058
gait_20260919_222807_andrew_normal_left_2,andrew_normal_left_2,2513938345164995,2026-09-19T22:28:21.470153Z,1.7334020,-5.6942348,0.7977929,0.5988744,-0.8707660,-1.3658700,-1.7612443,-9.5645933,1.2855793,-0.5332745,-0.3840531,0.5487622,0.5167026
gait_20260919_222807_andrew_normal_left_2,andrew_normal_left_2,2513938365331703,2026-09-19T22:28:21.489850Z,1.4636054,-8.4067154,1.6478841,-0.1642908,-0.4994673,-1.0633519,-1.4656477,-9.5975780,1.4051627,-0.5211482,-0.3925735,0.5469891,0.5244936
gait_20260919_222807_andrew_normal_left_2,andrew_normal_left_2,2513938385501584,2026-09-19T22:28:21.509777Z,2.0059669,-9.9847193,2.6345944,-0.7518572,-0.0443993,-0.5869002,-1.2612410,-9.6333647,1.3578194,-0.5172847,-0.4006106,0.5416689,0.5277523
gait_20260919_222807_andrew_normal_left_2,andrew_normal_left_2,2513938405670001,2026-09-19T22:28:21.530792Z,1.5708208,-10.0090351,3.1674540,-0.8952806,0.0772575,-0.4169139,-1.1495663,-9.6683016,1.1994159,-0.5201500,-0.4069254,0.5342985,0.5276181
gait_20260919_222807_andrew_normal_left_2,andrew_normal_left_2,2513938425839800,2026-09-19T22:28:21.550519Z,0.5563526,-9.9022684,2.5285015,-0.6472040,-0.0145888,-0.4534192,-1.0674506,-9.6974564,1.0276204,-0.5242349,-0.4123986,0.5270334,0.5266317
gait_20260919_222807_andrew_normal_left_2,andrew_normal_left_2,2513938446006508,2026-09-19T22:28:21.570631Z,-0.2495955,-9.9959421,1.9256864,-0.3271660,-0.0837525,-0.5111250,-0.9422380,-9.7185764,0.9474180,-0.5244246,-0.4171824,0.5213608,0.5283188
gait_20260919_222807_andrew_normal_left_2,andrew_normal_left_2,2513938466174028,2026-09-19T22:28:21.591031Z,-0.9144354,-10.1027079,1.9059342,0.0110249,0.0334077,-0.6154118,-0.8352932,-9.7327738,0.9008474,-0.5238110,-0.4207519,0.5169216,0.5304545
gait_20260919_222807_andrew_normal_left_2,andrew_normal_left_2,2513938486343463,2026-09-19T22:28:21.610778Z,-1.7335516,-10.1776018,1.1548282,0.9298874,-0.7589517,-1.0512111,-0.7075672,-9.7408171,0.9230184,-0.5214011,-0.4223973,0.5127078,0.5355858
gait_20260919_222807_andrew_normal_left_2,andrew_normal_left_2,2513938506512733,2026-09-19T22:28:21.630748Z,-2.7605145,-10.2137394,0.7298574,1.3133103,-1.2365690,-1.4470078,-0.4655650,-9.7314491,1.1481535,-0.5066440,-0.4266421,0.5148892,0.5442219
gait_20260919_222807_andrew_normal_left_2,andrew_normal_left_2,2513938526683306,2026-09-19T22:28:21.650948Z,-3.4567034,-10.0761471,0.4559458,0.9989179,-0.6248711,-1.5303773,-0.1455851,-9.7062359,1.4155869,-0.4873682,-0.4329394,0.5175208,0.5542635
gait_20260919_222807_andrew_normal_left_2,andrew_normal_left_2,2513938546851437,2026-09-19T22:28:21.671592Z,-4.0982747,-9.9002485,0.2135329,0.7070249,-0.4215603,-1.6272697,0.1652663,-9.6779366,1.5957295,-0.4737996,-0.4373176,0.5142631,0.5655093
gait_20260919_222807_andrew_normal_left_2,andrew_normal_left_2,2513938567018511,2026-09-19T22:28:21.691939Z,-4.6258221,-9.4281416,0.5241057,0.7704263,-1.0970759,-1.6852752,0.4965837,-9.6447773,1.7227278,-0.4612415,-0.4432462,0.5088995,0.5760298
gait_20260919_222807_andrew_normal_left_2,andrew_normal_left_2,2513938587186480,2026-09-19T22:28:21.712200Z,-4.0978260,-8.6741180,0.5024831,0.6321489,-1.0157883,-1.3927327,0.8415078,-9.5968113,1.8518044,-0.4446102,-0.4525991,0.5072107,0.5832779
gait_20260919_222807_andrew_normal_left_2,andrew_normal_left_2,2513938607357338,2026-09-19T22:28:21.732984Z,-3.7872529,-8.7262669,0.6264578,0.2766214,-0.4276723,-1.0043471,0.6996180,-9.6078281,1.8537173,-0.4438810,-0.4535639,0.5113675,0.5794416
gait_20260919_222807_andrew_normal_left_2,andrew_normal_left_2,2513938627525550,2026-09-19T22:28:21.752395Z,-4.3748798,-9.6410017,0.9476550,-0.0082770,0.1832263,-0.6440065,0.6477145,-9.6147480,1.8366263,-0.4449352,-0.4536109,0.5106693,0.5792123
gait_20260919_222807_andrew_normal_left_2,andrew_normal_left_2,2513938647694456,2026-09-19T22:28:21.772426Z,-4.5085812,-9.8222876,1.1020062,-0.1468874,0.5156049,-0.2721081,0.7385624,-9.6096506,1.8290052,-0.4453176,-0.4536655,0.5047143,0.5840749
gait_20260919_222807_andrew_normal_left_2,andrew_normal_left_2,2513938667861732,2026-09-19T22:28:21.791988Z,-4.6694417,-10.9245176,1.3337948,-0.1983813,0.4418114,-0.0359391,0.7551418,-9.6130447,1.8042325,-0.4492369,-0.4511710,0.4990205,0.5878857
gait_20260919_222807_andrew_normal_left_2,andrew_normal_left_2,2513938688029661,2026-09-19T22:28:21.812195Z,-4.9984946,-11.8551893,0.7968203,-0.1040203,-0.0628518,0.0581221,0.7379669,-9.6204519,1.7715634,-0.4534917,-0.4487472,0.4950400,0.5898361
gait_20260919_222807_andrew_normal_left_2,andrew_normal_left_2,2513938708198199,2026-09-19T22:28:21.832409Z,-5.6515880,-11.3168678,-0.4115782,-0.1373614,-0.5772743,0.2115212,0.7265192,-9.6251049,1.7509001,-0.4546279,-0.4488001,0.4945603,0.5893233
gait_20260919_222807_andrew_normal_left_2,andrew_normal_left_2,2513938728369098,2026-09-19T22:28:21.852671Z,-5.7779570,-11.2181072,-3.5211225,-0.5522934,-1.0540923,0.7691439,0.6946159,-9.6351357,1.7081544,-0.4546581,-0.4512465,0.4971011,0.5852804
gait_20260919_222807_andrew_normal_left_2,andrew_normal_left_2,2513938748536984,2026-09-19T22:28:21.873470Z,-4.4604726,-11.4204168,-2.3831284,-1.5302440,-1.7990547,1.6003070,0.5554444,-9.6693993,1.5589513,-0.4578954,-0.4564519,0.5034356,0.5731806
gait_20260919_222807_andrew_normal_left_2,andrew_normal_left_2,2513938768705117,2026-09-19T22:28:21.893568Z,-3.1147816,-12.7461309,-0.9182512,-2.2670794,-0.9560674,2.3940322,0.2607956,-9.7321587,1.2054951,-0.4675930,-0.4663658,0.5125934,0.5487328
gait_20260919_222807_andrew_normal_left_2,andrew_normal_left_2,2513938788873736,2026-09-19T22:28:21.913062Z,-0.5054758,-15.0462856,-2.0154688,-2.5896156,-0.4020752,3.0680656,-0.2255761,-9.7798109,0.7352110,-0.4896324,-0.4694949,0.5174873,0.5215760
gait_20260919_222807_andrew_normal_left_2,andrew_normal_left_2,2513938809041746,2026-09-19T22:28:21.933409Z,1.0512789,-17.8972569,0.0564134,-2.5723622,-0.6129137,3.2530904,-0.8475775,-9.7708826,0.2181295,-0.5173523,-0.4678812,0.5218084,0.4910699
gait_20260919_222807_andrew_normal_left_2,andrew_normal_left_2,2513938829209836,2026-09-19T22:28:21.954151Z,2.3977182,-20.3454018,2.3231986,-1.9772348,-0.4545683,2.9572673,-1.4851196,-9.6933441,-0.2638285,-0.5426328,-0.4655727,0.5275839,0.4587449
gait_20260919_222807_andrew_normal_left_2,andrew_normal_left_2,2513938849378863,2026-09-19T22:28:21.974092Z,4.9072156,-21.3395939,2.5873837,-0.9834131,-0.7295243,2.3912675,-2.0470781,-9.5751162,-0.6022818,-0.5630143,-0.4599403,0.5333560,0.4324365
gait_20260919_222807_andrew_normal_left_2,andrew_normal_left_2,2513938869548174,2026-09-19T22:28:21.994144Z,4.4481273,-16.5863552,-0.7356185,0.0803218,-1.8970629,1.5755926,-2.4900737,-9.4619646,-0.7119576,-0.5734354,-0.4531836,0.5430084,0.4134469
gait_20260919_222807_andrew_normal_left_2,andrew_normal_left_2,2513938889715493,2026-09-19T22:28:22.013946Z,0.5512649,-10.8881559,-1.7796401,0.7412487,-2.6513350,1.0649673,-2.7848969,-9.3905497,-0.5459450,-0.5680714,-0.4507505,0.5612487,0.3988972
gait_20260919_222807_andrew_normal_left_2,andrew_normal_left_2,2513938909884763,2026-09-19T22:28:22.034643Z,-0.0320224,-7.9753852,0.4033482,0.8173403,-1.2904778,1.0692472,-2.9945083,-9.3388014,-0.2363096,-0.5553499,-0.4492717,0.5828482,0.3873363
gait_20260919_222807_andrew_normal_left_2,andrew_normal_left_2,2513938930054604,2026-09-19T22:28:22.054382Z,-0.9184756,-6.0404959,0.5356278,0.7122042,1.0750096,1.1617764,-3.1977437,-9.2741566,-0.0242710,-0.5527559,-0.4404219,0.5947636,0.3830743
gait_20260919_222807_andrew_normal_left_2,andrew_normal_left_2,2513938950221474,2026-09-19T22:28:22.074742Z,-0.2579752,-5.2586398,0.6681319,0.3792261,2.7788038,1.2403662,-3.4167466,-9.1957579,0.0006456,-0.5656161,-0.4221828,0.5925972,0.3881607
gait_20260919_222807_andrew_normal_left_2,andrew_normal_left_2,2513938970391110,2026-09-19T22:28:22.094777Z,0.6577321,-4.9443259,1.5928923,0.0494621,3.1384783,1.0171872,-3.6384966,-9.1089640,-0.1556912,-0.5884981,-0.3995559,0.5800733,0.3969132
gait_20260919_222807_andrew_normal_left_2,andrew_normal_left_2,2513938990560137,2026-09-19T22:28:22.114836Z,0.6952163,-4.5865421,2.4687960,-0.1199747,2.9216278,0.6137297,-3.7932565,-9.0384874,-0.3912757,-0.6115596,-0.3792574,0.5636171,0.4055792
gait_20260919_222807_andrew_normal_left_2,andrew_normal_left_2,2513939010728391,2026-09-19T22:28:22.134972Z,0.5514894,-4.5811553,2.8326399,-0.1317324,2.5466485,0.3762783,-3.8593998,-8.9966116,-0.6341161,-0.6311003,-0.3630722,0.5462852,0.4140814
gait_20260919_222807_andrew_normal_left_2,andrew_normal_left_2,2513939030871295,2026-09-19T22:28:22.155190Z,1.8792238,-4.7786770,2.8004677,-0.0722613,2.1867576,0.3503315,-3.8817701,-8.9694748,-0.8464676,-0.6472144,-0.3492365,0.5301335,0.4220260
gait_20260919_222807_andrew_normal_left_2,andrew_normal_left_2,2513939051040524,2026-09-19T22:28:22.176045Z,4.0781484,-4.8454151,2.8010664,0.0210838,1.4869939,0.1585618,-3.8991165,-8.9442053,-1.0169650,-0.6615993,-0.3343617,0.5149694,0.4304591
gait_20260919_222807_andrew_normal_left_2,andrew_normal_left_2,2513939071234413,2026-09-19T22:28:22.195852Z,5.8560677,-4.3686700,2.3084593,0.1907538,0.6564137,-0.3054659,-3.8825700,-8.9402580,-1.1106632,-0.6694891,-0.3256636,0.5051925,0.4364724
gait_20260919_222807_andrew_normal_left_2,andrew_normal_left_2,2513939091402463,2026-09-19T22:28:22.215978Z,7.1744499,-3.3598132,1.0489596,0.4663593,0.0130900,-0.8823572,-3.7910519,-8.9800873,-1.1054776,-0.6706073,-0.3229735,0.4992203,0.4435685
gait_20260919_222807_andrew_normal_left_2,andrew_normal_left_2,2513939111571287,2026-09-19T22:28:22.236118Z,7.1906857,-3.4767549,-1.8282722,0.7488762,-0.2907106,-1.4740205,-3.6034818,-9.0690136,-1.0020066,-0.6654456,-0.3255285,0.4954447,0.4535946
gait_20260919_222807_andrew_normal_left_2,andrew_normal_left_2,2513939131741289,2026-09-19T22:28:22.255829Z,4.2152166,-6.4910550,-8.7686892,0.6179432,-0.0920628,-1.8415055,-3.3113153,-9.1962633,-0.8366996,-0.6560470,-0.3316620,0.4911137,0.4673437
gait_20260919_222807_andrew_normal_left_2,andrew_normal_left_2,2513939151908201,2026-09-19T22:28:22.275959Z,-4.7169514,-11.9671926,-11.5192528,-0.3095961,1.4960703,-1.4786836,-2.9562809,-9.3242083,-0.7454230,-0.6485705,-0.3392921,0.4818928,0.4816810
gait_20260919_222807_andrew_normal_left_2,andrew_normal_left_2,2513939172051307,2026-09-19T22:28:22.296079Z,-9.4138517,-16.0624752,-6.1622262,-0.5124406,2.1522675,-0.1935683,-2.6732783,-9.3918676,-0.9394351,-0.6561293,-0.3392821,0.4600837,0.4926510
gait_20260919_222807_andrew_normal_left_2,andrew_normal_left_2,2513939192245888,2026-09-19T22:28:22.316428Z,-12.7828674,-18.9252663,1.0154408,1.0170707,-0.0200346,0.8304470,-2.6417341,-9.3792391,-1.1345705,-0.6692107,-0.3281434,0.4432197,0.4980315
gait_20260919_222807_andrew_normal_left_2,andrew_normal_left_2,2513939212401649,2026-09-19T22:28:22.342850Z,-14.5871973,-16.7713833,-0.7098808,2.1967001,-2.4021759,1.7555547,-2.8462536,-9.3492804,-0.8520018,-0.6646013,-0.3153349,0.4543888,0.5023942
gait_20260919_222807_andrew_normal_left_2,andrew_normal_left_2,2513939232582802,2026-09-19T22:28:22.356718Z,-9.3351421,-11.0451260,0.4599860,0.9838794,-2.9829142,1.5487632,-3.2326345,-9.2584944,-0.2578426,-0.6469594,-0.3039128,0.4876147,0.5013108
gait_20260919_222807_andrew_normal_left_2,andrew_normal_left_2,2513939252751421,2026-09-19T22:28:22.377096Z,-2.8374283,-10.7620115,2.0160675,-0.2394831,-1.7240955,-0.0699131,-3.4988389,-9.1645365,0.0741553,-0.6339563,-0.3036539,0.5139610,0.4916683
gait_20260919_222807_andrew_normal_left_2,andrew_normal_left_2,2513939272920611,2026-09-19T22:28:22.396917Z,0.7234978,-14.8452473,2.5493011,-0.3316126,-1.0032645,-1.4915403,-3.4237998,-9.1924839,0.1093030,-0.6278543,-0.3133728,0.5187412,0.4883688
gait_20260919_222807_andrew_normal_left_2,andrew_normal_left_2,2513939293089515,2026-09-19T22:28:22.417053Z,4.0739589,-20.1727200,-10.7897692,-0.2349699,-0.7279422,-2.2627161,-3.0963953,-9.3078661,0.1099521,-0.6203606,-0.3280109,0.5128589,0.4945073
gait_20260919_222807_andrew_normal_left_2,andrew_normal_left_2,2513939313257607,2026-09-19T22:28:22.437328Z,0.0879121,-17.2106438,3.7722144,-0.9554678,-2.1321995,-1.9831803,-2.6401649,-9.4477034,0.0810244,-0.6107197,-0.3478571,0.5034782,0.5025203
gait_20260919_222807_andrew_normal_left_2,andrew_normal_left_2,2513939333427162,2026-09-19T22:28:22.457421Z,0.9010428,-9.9770126,5.6485953,0.7917100,0.9366489,-0.2434301,-2.2936680,-9.5380764,0.0174789,-0.5994871,-0.3714216,0.5019693,0.5006878
gait_20260919_222807_andrew_normal_left_2,andrew_normal_left_2,2513939353595253,2026-09-19T22:28:22.477808Z,2.6756701,-5.7314944,3.9838021,1.4689410,2.5264139,0.3525299,-2.3004978,-9.5350990,0.1603535,-0.6027303,-0.3560022,0.4953172,0.5144311
gait_20260919_222807_andrew_normal_left_2,andrew_normal_left_2,2513939373764809,2026-09-19T22:28:22.498183Z,2.8751369,-3.5387797,2.4872015,1.5214008,2.6128645,-0.0837525,-2.3844824,-9.5099239,0.3342459,-0.6104670,-0.3292711,0.4840885,0.5334501
gait_20260919_222807_andrew_normal_left_2,andrew_normal_left_2,2513939393931069,2026-09-19T22:28:22.518104Z,2.2885575,-3.2665141,1.4725837,1.2777042,1.8361763,-0.7655634,-2.3622844,-9.5079889,0.5038751,-0.6150128,-0.3068579,0.4697976,0.5539745
gait_20260919_222807_andrew_normal_left_2,andrew_normal_left_2,2513939414100665,2026-09-19T22:28:22.538311Z,1.1688193,-3.8985834,1.1402385,0.8986947,0.7076244,-1.2365857,-2.2046275,-9.5359173,0.6648383,-0.6141458,-0.2950009,0.4559164,0.5726601
gait_20260919_222807_andrew_normal_left_2,andrew_normal_left_2,2513939434269895,2026-09-19T22:28:22.558409Z,0.5154268,-6.2498393,1.7405099,0.2634648,-0.2132366,-1.3035511,-1.9563829,-9.5795116,0.8010228,-0.6088792,-0.2942040,0.4453215,0.5868552
gait_20260919_222807_andrew_normal_left_2,andrew_normal_left_2,2513939454438515,2026-09-19T22:28:22.578446Z,0.6261585,-9.0714054,2.7850552,-0.3694169,-0.6847420,-1.0797559,-1.6961000,-9.6254063,0.8431510,-0.6036437,-0.3013366,0.4378527,0.5942185
gait_20260919_222807_andrew_normal_left_2,andrew_normal_left_2,2513939474606850,2026-09-19T22:28:22.598732Z,0.9693524,-10.6568165,3.7422869,-0.6582289,-0.5786899,-0.6646740,-1.3565207,-9.6732712,0.9076279,-0.5959693,-0.3123654,0.4323964,0.6002349
gait_20260919_222807_andrew_normal_left_2,andrew_normal_left_2,2513939494775551,2026-09-19T22:28:22.619169Z,0.8838345,-10.4404402,3.8435168,-0.4947709,-0.5348735,-0.3035341,-1.2309308,-9.7002697,0.7910169,-0.5970398,-0.3197831,0.4275906,0.5987058
gait_20260919_222807_andrew_normal_left_2,andrew_normal_left_2,2513939514945392,2026-09-19T22:28:22.638697Z,0.5457283,-9.4656258,2.8247092,-0.0278453,-0.5707127,-0.1170769,-1.1733867,-9.7128992,0.7203260,-0.5978346,-0.3239411,0.4254969,0.5971671
gait_20260919_222807_andrew_normal_left_2,andrew_normal_left_2,2513939535112424,2026-09-19T22:28:22.659372Z,-0.0870891,-9.1806412,1.6157120,0.3804085,-0.6421745,-0.1124971,-0.8293231,-9.7080946,1.1407040,-0.5798184,-0.3259099,0.4274444,0.6122782
gait_20260919_222807_andrew_normal_left_2,andrew_normal_left_2,2513939555243513,2026-09-19T22:28:22.687893Z,-0.7140707,-9.4154978,0.8742577,0.5979418,-0.7473940,-0.1940347,-0.7903207,-9.6993103,1.2389116,-0.5751538,-0.3263942,0.4295644,0.6149305
gait_20260919_222807_andrew_normal_left_2,andrew_normal_left_2,2513939575450234,2026-09-19T22:28:22.699321Z,-0.9903017,-9.6064348,0.4623054,0.7683945,-1.0295444,-0.4397297,-0.7276951,-9.6860285,1.3738464,-0.5671694,-0.3296784,0.4347356,0.6169571
gait_20260919_222807_andrew_normal_left_2,andrew_normal_left_2,2513939595616819,2026-09-19T22:28:22.719376Z,-1.9143139,-10.0317049,0.1445499,1.2947245,-2.1233728,-1.0479137,-0.6010293,-9.6712875,1.5300621,-0.5583839,-0.3318910,0.4356894,0.6230814
gait_20260919_222807_andrew_normal_left_2,andrew_normal_left_2,2513939615788572,2026-09-19T22:28:22.739438Z,-2.7095630,-10.0989676,0.1678186,1.2229462,-2.1359298,-1.4293547,-0.3415430,-9.6426153,1.7718518,-0.5391662,-0.3443583,0.4429717,0.6280870
gait_20260919_222807_andrew_normal_left_2,andrew_normal_left_2,2513939635955605,2026-09-19T22:28:22.759986Z,-3.3430538,-9.7793417,0.1244985,0.8436369,-1.4167644,-1.5481470,0.0087623,-9.6045809,1.9970105,-0.5191662,-0.3578389,0.4462874,0.6350160
gait_20260919_222807_andrew_normal_left_2,andrew_normal_left_2,2513939656125201,2026-09-19T22:28:22.780176Z,-3.8687308,-9.4946556,-0.1206079,0.7071248,-1.0361726,-1.5721619,0.3184209,-9.5729828,2.1196012,-0.5056947,-0.3680141,0.4435087,0.6419801
gait_20260919_222807_andrew_normal_left_2,andrew_normal_left_2,2513939676291950,2026-09-19T22:28:22.800331Z,-3.7301662,-9.1747303,-0.2860323,0.7029114,-0.9168807,-1.4270232,0.5722566,-9.5430365,2.1997895,-0.4954467,-0.3760825,0.4391906,0.6482332
gait_20260919_222807_andrew_normal_left_2,andrew_normal_left_2,2513939696461952,2026-09-19T22:28:22.820375Z,-3.3301849,-9.1026049,-0.1365443,0.4118844,-0.3365754,-1.1192923,0.2329402,-9.6031847,1.9901470,-0.5061576,-0.3757265,0.4412847,0.6386719
gait_20260919_222807_andrew_normal_left_2,andrew_normal_left_2,2513939716629922,2026-09-19T22:28:22.840701Z,-3.5934722,-9.6212492,0.4006547,-0.1503681,0.5634516,-0.8265166,0.0072783,-9.6407080,1.8146057,-0.5164111,-0.3728501,0.4392641,0.6335215
gait_20260919_222807_andrew_normal_left_2,andrew_normal_left_2,2513939736797605,2026-09-19T22:28:22.860932Z,-3.7666030,-9.8366528,0.8591443,-0.6096662,1.2643311,-0.5342739,0.0802229,-9.6527300,1.7477131,-0.5214944,-0.3701857,0.4275330,0.6389223
gait_20260919_222807_andrew_normal_left_2,andrew_normal_left_2,2513939756967365,2026-09-19T22:28:22.881213Z,-4.1157823,-11.0247002,1.2146084,-0.6934519,1.2897949,-0.3242515,0.1187103,-9.6750574,1.6171831,-0.5317122,-0.3643607,0.4119622,0.6440579
gait_20260919_222807_andrew_normal_left_2,andrew_normal_left_2,2513939777135089,2026-09-19T22:28:22.901313Z,-4.4165540,-11.8661871,1.6411505,-0.4225928,0.7186493,-0.1966493,0.1344654,-9.6957321,1.4868824,-0.5418566,-0.3582806,0.3979450,0.6478165
gait_20260919_222807_andrew_normal_left_2,andrew_normal_left_2,2513939797304808,2026-09-19T22:28:22.921154Z,-4.8686090,-11.1883287,1.4614357,-0.2587517,0.6946843,-0.0174200,0.1469999,-9.7061186,1.4162560,-0.5478252,-0.3541689,0.3891257,0.6504101
gait_20260919_222807_andrew_normal_left_2,andrew_normal_left_2,2513939817471800,2026-09-19T22:28:22.941384Z,-5.8357172,-11.1165028,0.0898574,-0.3816409,1.0655001,0.3320289,0.1191505,-9.7131662,1.3697859,-0.5540286,-0.3477415,0.3813970,0.6531957
gait_20260919_222807_andrew_normal_left_2,andrew_normal_left_2,2513939837640257,2026-09-19T22:28:22.961561Z,-5.9555020,-11.3296614,-2.4875755,-0.7576694,0.5320590,1.0445329,0.0041723,-9.7249680,1.2888337,-0.5640553,-0.3372127,0.3735697,0.6546564
gait_20260919_222807_andrew_normal_left_2,andrew_normal_left_2,2513939857813637,2026-09-19T22:28:22.981961Z,-3.7916672,-11.7148285,-1.6567128,-1.5319095,-0.6286682,1.9621297,-0.2435626,-9.7430658,1.1177856,-0.5767046,-0.3286556,0.3735550,0.6479614
gait_20260919_222807_andrew_normal_left_2,andrew_normal_left_2,2513939877978270,2026-09-19T22:28:23.001838Z,-1.4261212,-13.7793045,-1.9463364,-2.2993047,-0.9229594,2.6632259,-0.6485358,-9.7563953,0.7926258,-0.5931619,-0.3249451,0.3833198,0.6289957
gait_20260919_222807_andrew_normal_left_2,andrew_normal_left_2,2513939898146442,2026-09-19T22:28:23.022134Z,0.3444658,-16.3444672,-0.3470096,-2.8728652,-1.3579926,3.0370061,-1.1835097,-9.7327604,0.3298325,-0.6150393,-0.3210638,0.3956811,0.6017318
gait_20260919_222807_andrew_normal_left_2,andrew_normal_left_2,2513939918314410,2026-09-19T22:28:23.042230Z,2.0032735,-19.3424568,1.6439936,-2.7360535,-1.3284653,3.0825379,-1.7838885,-9.6443100,-0.2028061,-0.6381133,-0.3190570,0.4104859,0.5679045
gait_20260919_222807_andrew_normal_left_2,andrew_normal_left_2,2513939938483193,2026-09-19T22:28:23.062695Z,5.1960912,-21.6574249,2.4328082,-1.8078147,-1.3223866,2.8053002,-2.3861344,-9.4923763,-0.6612612,-0.6587127,-0.3145587,0.4249054,0.5353559
gait_20260919_222807_andrew_normal_left_2,andrew_normal_left_2,2513939958651649,2026-09-19T22:28:23.082625Z,7.3852143,-18.8470802,-0.2267758,-0.2949074,-2.1818280,2.1613438,-2.9243309,-9.3219843,-0.8860148,-0.6710945,-0.3072786,0.4409670,0.5106468
gait_20260919_222807_andrew_normal_left_2,andrew_normal_left_2,2513939978823891,2026-09-19T22:28:23.102841Z,3.0056210,-12.4580793,-2.1193922,0.6550480,-3.0104432,1.1918867,-3.3337820,-9.1965408,-0.7387050,-0.6679391,-0.3028696,0.4645698,0.4962886
gait_20260919_222807_andrew_normal_left_2,andrew_normal_left_2,2513939998989703,2026-09-19T22:28:23.123143Z,1.0629507,-8.8545065,0.6516718,0.7689108,-2.2494595,0.9039739,-3.5581563,-9.1339903,-0.3818901,-0.6538977,-0.3045847,0.4901889,0.4892451
gait_20260919_222807_andrew_normal_left_2,andrew_normal_left_2,2513940019158445,2026-09-19T22:28:23.143052Z,0.0649427,-6.7795563,1.0184336,0.7104056,0.2406489,1.0307268,-3.7231305,-9.0755672,-0.0920841,-0.6441486,-0.3018368,0.5074129,0.4863118
gait_20260919_222807_andrew_normal_left_2,andrew_normal_left_2,2513940039327878,2026-09-19T22:28:23.163295Z,0.2662053,-5.5612068,0.3365350,0.2461447,2.5340581,1.1659565,-3.9137709,-8.9954300,-0.0274084,-0.6492047,-0.2849287,0.5073692,0.4898220
gait_20260919_222807_andrew_normal_left_2,andrew_normal_left_2,2513940059495970,2026-09-19T22:28:23.183463Z,0.5517887,-4.9472437,1.4029274,-0.3451522,3.0506790,1.0302439,-4.1164560,-8.9014750,-0.2337292,-0.6674096,-0.2593691,0.4922680,0.4949387
gait_20260919_222807_andrew_normal_left_2,andrew_normal_left_2,2513940079664996,2026-09-19T22:28:23.203877Z,-0.2299182,-4.7099934,1.9935470,-0.6076177,2.7318232,0.7226796,-4.2652874,-8.8157301,-0.5712568,-0.6882058,-0.2363017,0.4726289,0.4971482
gait_20260919_222807_andrew_normal_left_2,andrew_normal_left_2,2513940099833453,2026-09-19T22:28:23.224387Z,-1.0710312,-4.7984290,2.2381296,-0.6663061,2.3596752,0.5757255,-4.3421588,-8.7492018,-0.9128248,-0.7063539,-0.2181654,0.4534979,0.4978030
gait_20260919_222807_andrew_normal_left_2,andrew_normal_left_2,2513940120004311,2026-09-19T22:28:23.244015Z,0.9308956,-5.4469585,2.8399720,-0.5485463,1.8223035,0.6570632,-4.3912916,-8.6859465,-1.2276171,-0.7220397,-0.2024063,0.4361675,0.4974419
gait_20260919_222807_andrew_normal_left_2,andrew_normal_left_2,2513940140173053,2026-09-19T22:28:23.264408Z,3.9452703,-5.5116768,2.9922285,-0.1788796,0.8837228,0.4464412,-4.4571671,-8.6156893,-1.4627690,-0.7340094,-0.1880542,0.4236865,0.4963422
gait_20260919_222807_andrew_normal_left_2,andrew_normal_left_2,2513940160339679,2026-09-19T22:28:23.284667Z,6.0440874,-4.4422917,1.9198505,0.2054259,-0.0227492,-0.0805383,-4.4970856,-8.5813599,-1.5403265,-0.7389584,-0.1789430,0.4177754,0.4973770
gait_20260919_222807_andrew_normal_left_2,andrew_normal_left_2,2513940180506712,2026-09-19T22:28:23.304787Z,6.8931313,-2.7029040,-0.0687585,0.4730375,-0.5440997,-0.7049098,-4.4635668,-8.6102428,-1.4752696,-0.7372691,-0.1769634,0.4161414,0.5019408
gait_20260919_222807_andrew_normal_left_2,andrew_normal_left_2,2513940200676552,2026-09-19T22:28:23.324754Z,6.2053967,-1.8899978,-2.4937856,0.6045700,-0.3806916,-1.3193723,-4.3292069,-8.7017870,-1.3315414,-0.7314294,-0.1809312,0.4147376,0.5101644
gait_20260919_222807_andrew_normal_left_2,andrew_normal_left_2,2513940220845172,2026-09-19T22:28:23.345200Z,1.4743793,-4.8814030,-8.2831898,0.5968926,0.4181962,-1.6374452,-4.0782695,-8.8412380,-1.1984652,-0.7252200,-0.1873136,0.4080044,0.5220173
gait_20260919_222807_andrew_normal_left_2,andrew_normal_left_2,2513940241012856,2026-09-19T22:28:23.365169Z,-5.5336733,-11.2020206,-10.3928556,-0.3167240,1.4616300,-1.1642745,-3.0696938,-8.9959812,-2.4259911,-0.7569523,-0.2159323,0.3489314,0.5085699
gait_20260919_222807_andrew_normal_left_2,andrew_normal_left_2,2513940261181517,2026-09-19T22:28:23.385121Z,-9.3549690,-16.7342720,-4.0808420,-0.6566302,2.0821378,-0.1280519,-2.8000433,-9.0301857,-2.6175606,-0.7639982,-0.2134843,0.3272091,0.5134836
gait_20260919_222807_andrew_normal_left_2,andrew_normal_left_2,2513940281349729,2026-09-19T22:28:23.405233Z,-14.1055889,-19.5357132,0.2308160,0.8785268,0.5623857,0.5224330,-2.6963594,-8.9957895,-2.8357642,-0.7745016,-0.2010395,0.3078777,0.5147251
gait_20260919_222807_andrew_normal_left_2,andrew_normal_left_2,2513940301518227,2026-09-19T22:28:23.425742Z,-12.3584204,-15.6820955,-2.0648494,1.8312800,-1.6173940,1.2848654,-2.8066285,-9.0245485,-2.6299229,-0.7710064,-0.1876567,0.3095498,0.5239400
gait_20260919_222807_andrew_normal_left_2,andrew_normal_left_2,2513940321687498,2026-09-19T22:28:23.446381Z,-8.8869028,-9.9553900,-1.9046623,0.6076511,-3.0671329,0.7590850,-3.1525662,-9.0333033,-2.1672287,-0.7577454,-0.1785878,0.3332778,0.5318404
gait_20260919_222807_andrew_normal_left_2,andrew_normal_left_2,2513940341855182,2026-09-19T22:28:23.465805Z,-4.1935191,-7.8974986,1.7794156,-0.2765381,-2.5229499,-0.1779137,-3.3967521,-9.0069218,-1.8903836,-0.7465431,-0.1865427,0.3589775,0.5282143
gait_20260919_222807_andrew_normal_left_2,andrew_normal_left_2,2513940362024900,2026-09-19T22:28:23.485812Z,0.2715174,-11.8118687,2.8756607,0.1418080,-1.5130073,-1.0713457,-3.4277291,-9.0190153,-1.7731708,-0.7392959,-0.1995249,0.3722138,0.5244887
gait_20260919_222807_andrew_normal_left_2,andrew_normal_left_2,2513940382192869,2026-09-19T22:28:23.506201Z,2.6532993,-17.9022694,-3.4733133,0.5235155,-0.2091897,-1.9878767,-3.2417784,-9.1124878,-1.6399828,-0.7313533,-0.2116906,0.3731677,0.5301467
gait_20260919_222807_andrew_normal_left_2,andrew_normal_left_2,2513940402363279,2026-09-19T22:28:23.526376Z,1.1165959,-22.1775646,-1.2470798,-0.3795092,-0.7069916,-2.1825941,-2.8438840,-9.2621155,-1.5367786,-0.7245089,-0.2224864,0.3603972,0.5437835
gait_20260919_222807_andrew_normal_left_2,andrew_normal_left_2,2513940422508543,2026-09-19T22:28:23.546665Z,0.4210054,-15.3070297,5.2093339,0.0634514,0.9467412,-0.7791196,-2.4669638,-9.3606644,-1.5900135,-0.7206931,-0.2404702,0.3501146,0.5479010
gait_20260919_222807_andrew_normal_left_2,andrew_normal_left_2,2513940442698199,2026-09-19T22:28:23.566709Z,2.7789199,-9.4757261,3.6548238,0.6864740,2.4567840,0.3859542,-2.3289869,-9.3918600,-1.6139755,-0.7238774,-0.2330505,0.3356608,0.5558965
gait_20260919_222807_andrew_normal_left_2,andrew_normal_left_2,2513940462868163,2026-09-19T22:28:23.586950Z,2.7158477,-5.7513962,2.9609542,0.8613233,2.1467717,0.3794759,-2.3247445,-9.3997993,-1.5733634,-0.7296343,-0.2090263,0.3183923,0.5679508
gait_20260919_222807_andrew_normal_left_2,andrew_normal_left_2,2513940483036700,2026-09-19T22:28:23.607242Z,2.2351370,-3.8560863,1.7220296,0.9352334,1.2561707,-0.0660993,-2.3210480,-9.4131069,-1.4974329,-0.7322646,-0.1890837,0.3044683,0.5790811
gait_20260919_222807_andrew_normal_left_2,andrew_normal_left_2,2513940503204629,2026-09-19T22:28:23.627179Z,1.9749172,-2.7513118,1.1358242,0.9473740,0.3274158,-0.5217668,-2.2552719,-9.4492569,-1.3643199,-0.7302950,-0.1780866,0.2945991,0.5900557
gait_20260919_222807_andrew_normal_left_2,andrew_normal_left_2,2513940523374021,2026-09-19T22:28:23.647385Z,1.4213328,-2.8598740,0.7816321,0.8679183,-0.4065718,-0.9467412,-2.1287780,-9.5022554,-1.1880912,-0.7245762,-0.1761058,0.2887858,0.6004822
gait_20260919_222807_andrew_normal_left_2,andrew_normal_left_2,2513940543516885,2026-09-19T22:28:23.668164Z,0.5768530,-5.6711903,0.7650223,0.5708292,-0.8131602,-1.1785469,-1.9389440,-9.5640831,-1.0024699,-0.7166636,-0.1816273,0.2852193,0.6099629
gait_20260919_222807_andrew_normal_left_2,andrew_normal_left_2,2513940563717527,2026-09-19T22:28:23.687650Z,0.2596212,-9.0426006,1.2474539,-0.0620025,-0.7323222,-1.0778741,-1.7206659,-9.6182833,-0.8740899,-0.7095606,-0.1914294,0.2822321,0.6166227
gait_20260919_222807_andrew_normal_left_2,andrew_normal_left_2,2513940583881509,2026-09-19T22:28:23.707823Z,0.6872107,-11.0488672,2.5497501,-0.6531495,-0.2771210,-0.6886889,-1.5205425,-9.6516991,-0.8767920,-0.7071558,-0.2009032,0.2774786,0.6185259
gait_20260919_222807_andrew_normal_left_2,andrew_normal_left_2,2513940604050698,2026-09-19T22:28:23.728212Z,1.1977742,-11.2816277,3.6769700,-0.7429473,0.1639077,-0.4030078,-1.4026626,-9.6562471,-1.0127033,-0.7107111,-0.2056305,0.2707085,0.6158919
gait_20260919_222807_andrew_normal_left_2,andrew_normal_left_2,2513940624215900,2026-09-19T22:28:23.748230Z,0.7729530,-10.2952166,3.0680199,-0.2771876,0.3879527,-0.4187957,-1.3235536,-9.6513004,-1.1561774,-0.7157571,-0.2058911,0.2625045,0.6135081
gait_20260919_222807_andrew_normal_left_2,andrew_normal_left_2,2513940644385333,2026-09-19T22:28:23.768453Z,-0.1287632,-9.2767830,1.9082536,0.3452021,0.2628486,-0.5137396,-1.2278525,-9.6590548,-1.1963129,-0.7176895,-0.2040332,0.2538150,0.6155244
gait_20260919_222807_andrew_normal_left_2,andrew_normal_left_2,2513940664552692,2026-09-19T22:28:23.788495Z,-0.8343793,-8.9469824,1.0044425,0.9091367,-0.2076242,-0.5754091,-1.0761874,-9.7006569,-0.9875122,-0.7114103,-0.2020228,0.2480479,0.6257430
gait_20260919_222807_andrew_normal_left_2,andrew_normal_left_2,2513940684721759,2026-09-19T22:28:23.808711Z,-1.3329718,-9.1194391,0.3309984,1.2256274,-0.7874299,-0.6380944,-0.9662176,-9.7312317,-0.7782348,-0.7036510,-0.2028742,0.2460148,0.6349757
gait_20260919_222807_andrew_normal_left_2,andrew_normal_left_2,2513940704890664,2026-09-19T22:28:23.828903Z,-1.6745197,-9.4463978,0.0262614,1.0874333,-1.0380046,-0.6756656,-0.8505387,-9.7595034,-0.5146002,-0.6928049,-0.2071794,0.2478664,0.6447174
gait_20260919_222807_andrew_normal_left_2,andrew_normal_left_2,2513940725034300,2026-09-19T22:28:23.849166Z,-1.9696050,-9.6711531,0.0512509,0.7186160,-0.9906908,-0.7570366,-0.7313581,-9.7783813,-0.2906223,-0.6826637,-0.2131782,0.2506562,0.6524543
gait_20260919_222807_andrew_normal_left_2,andrew_normal_left_2,2513940745228230,2026-09-19T22:28:23.869111Z,-2.3962967,-9.7047472,0.1124527,0.5104588,-1.1249213,-0.9396966,-0.8540882,-9.7721233,-0.1105719,-0.6759018,-0.2129818,0.2600135,0.6558875
gait_20260919_222807_andrew_normal_left_2,andrew_normal_left_2,2513940765396320,2026-09-19T22:28:23.889314Z,-2.6774657,-9.3543701,0.3604770,0.5967094,-1.5226499,-1.0864341,-0.8066173,-9.7767687,0.0161407,-0.6691506,-0.2190719,0.2643283,0.6590717
gait_20260919_222807_andrew_normal_left_2,andrew_normal_left_2,2513940785564371,2026-09-19T22:28:23.909478Z,-2.6691608,-9.1784716,0.5261258,0.5287282,-1.1777308,-0.9894918,-0.8942773,-9.7671967,0.1955822,-0.6611888,-0.2228000,0.2758268,0.6611421
gait_20260919_222807_andrew_normal_left_2,andrew_normal_left_2,2513940805732583,2026-09-19T22:28:23.929936Z,-2.6288335,-9.3064861,0.4002806,0.3077309,-0.3901843,-0.8161579,-0.8058980,-9.7713261,0.3284214,-0.6542951,-0.2285778,0.2781420,0.6650468
gait_20260919_222807_andrew_normal_left_2,andrew_normal_left_2,2513940825902220,2026-09-19T22:28:23.950075Z,-2.9635727,-9.6816282,0.4552724,0.0533092,0.0944443,-0.7081074,-0.8317988,-9.7667389,0.3937670,-0.6527567,-0.2259341,0.2779611,0.6675329
gait_20260919_222807_andrew_normal_left_2,andrew_normal_left_2,2513940846073078,2026-09-19T22:28:23.969977Z,-3.4505684,-9.7016792,0.7535002,-0.1673717,0.3111449,-0.6255206,-0.7579448,-9.7726278,0.3967109,-0.6532240,-0.2244493,0.2710954,0.6703941
gait_20260919_222807_andrew_normal_left_2,andrew_normal_left_2,2513940866238971,2026-09-19T22:28:23.990214Z,-3.8711996,-9.8225117,0.7995886,-0.2332546,0.3478001,-0.5169539,-0.6648701,-9.7809267,0.3571281,-0.6553272,-0.2229811,0.2619799,0.6724523
gait_20260919_222807_andrew_normal_left_2,andrew_normal_left_2,2513940886408527,2026-09-19T22:28:24.010582Z,-4.2637739,-9.7872725,0.6294506,-0.1865737,0.1104987,-0.4170804,-0.5749446,-9.7883196,0.3071791,-0.6578192,-0.2215024,0.2529109,0.6739782
gait_20260919_222807_andrew_normal_left_2,andrew_normal_left_2,2513940906576495,2026-09-19T22:28:24.030544Z,-4.3706150,-9.1234798,-0.0523732,-0.1911702,-0.1546149,-0.2445126,-0.5006052,-9.7934389,0.2720982,-0.6594133,-0.2211061,0.2463602,0.6749762
gait_20260919_222807_andrew_normal_left_2,andrew_normal_left_2,2513940926745116,2026-09-19T22:28:24.050646Z,-3.9778912,-9.2864351,-2.2067058,-0.4537523,-0.3482165,0.1732006,-0.5811257,-9.7900734,0.2299663,-0.6622600,-0.2175401,0.2464126,0.6733267
gait_20260919_222807_andrew_normal_left_2,andrew_normal_left_2,2513940946913654,2026-09-19T22:28:24.070838Z,-3.0027030,-10.7061968,-2.2296751,-1.1410589,-0.9986348,0.8549615,-0.6593663,-9.7871819,0.1115925,-0.6673085,-0.2162544,0.2473482,0.6683953
gait_20260919_222807_andrew_normal_left_2,andrew_normal_left_2,2513940967081012,2026-09-19T22:28:24.091301Z,-2.8780549,-12.4815722,-0.6460603,-1.9289218,-0.9556177,1.5338413,-0.8553689,-9.7718163,-0.1268697,-0.6764578,-0.2170174,0.2553568,0.6558209
gait_20260919_222807_andrew_normal_left_2,andrew_normal_left_2,2513940987249754,2026-09-19T22:28:24.111168Z,-2.5677066,-15.5468235,0.9766846,-2.3810921,-0.1607768,2.1695707,-1.1879239,-9.7241898,-0.5148995,-0.6922820,-0.2137108,0.2648028,0.6363592
gait_20260919_222807_andrew_normal_left_2,andrew_normal_left_2,2513941007419676,2026-09-19T22:28:24.131762Z,-0.1819593,-19.4273758,0.4893150,-2.3189063,0.7275591,2.6377120,-1.6334119,-9.6222372,-0.9902732,-0.7135080,-0.2008034,0.2710226,0.6141099
gait_20260919_222807_andrew_normal_left_2,andrew_normal_left_2,2513941027588133,2026-09-19T22:28:24.151874Z,2.6559927,-22.5384903,1.1376947,-1.9879600,0.3730475,2.6055033,-2.1307263,-9.4636164,-1.4615353,-0.7358255,-0.1790570,0.2740615,0.5927814
gait_20260919_222807_andrew_normal_left_2,andrew_normal_left_2,2513941047756509,2026-09-19T22:28:24.171791Z,5.0489225,-22.8123283,3.2172086,-1.3728980,-0.9692739,2.1408429,-2.6071157,-9.2782860,-1.8309735,-0.7528926,-0.1603695,0.2813374,0.5729603
gait_20260919_222807_andrew_normal_left_2,andrew_normal_left_2,2513941067924111,2026-09-19T22:28:24.192012Z,8.0572367,-18.1320381,-0.0490063,-0.3389902,-2.2453461,1.5007499,-3.0324233,-9.1155605,-1.9867318,-0.7602463,-0.1520513,0.2978093,0.5569700
gait_20260919_222807_andrew_normal_left_2,andrew_normal_left_2,2513941088068073,2026-09-19T22:28:24.211978Z,6.2244754,-10.9480858,-5.9746556,0.5043635,-2.2212312,0.7686610,-3.3738239,-9.0238113,-1.8504757,-0.7561758,-0.1521629,0.3211333,0.5494708
gait_20260919_222807_andrew_normal_left_2,andrew_normal_left_2,2513941108263100,2026-09-19T22:28:24.232242Z,3.7987003,-7.9563813,-1.4242507,0.2224629,-0.9203281,0.5564569,-3.5634453,-8.9988813,-1.5994079,-0.7477868,-0.1536490,0.3389351,0.5498454
gait_20260919_222807_andrew_normal_left_2,andrew_normal_left_2,2513941128432006,2026-09-19T22:28:24.252785Z,3.3487401,-5.7980833,2.1604679,0.1395264,0.5810714,0.4706727,-3.6730313,-8.9682236,-1.5218146,-0.7461892,-0.1495080,0.3442125,0.5498789
gait_20260919_222807_andrew_normal_left_2,andrew_normal_left_2,2513941148599119,2026-09-19T22:28:24.272698Z,2.1339819,-4.0600424,0.7579145,0.2943411,2.1777811,0.2096227,-3.7212160,-8.9418688,-1.5593684,-0.7497295,-0.1374921,0.3375046,0.5523517
gait_20260919_222807_andrew_normal_left_2,andrew_normal_left_2,2513941168767333,2026-09-19T22:28:24.293022Z,1.0076597,-3.3319805,-0.3890578,-0.0390034,2.5548589,0.0208840,-3.6674814,-8.9413223,-1.6847757,-0.7568796,-0.1185006,0.3177439,0.5586856
gait_20260919_222807_andrew_normal_left_2,andrew_normal_left_2,2513941188937213,2026-09-19T22:28:24.312984Z,0.4921581,-4.0818148,1.1121815,-0.4944045,2.1006737,-0.0240316,-3.5708239,-8.9386950,-1.8934184,-0.7660158,-0.1013060,0.2953179,0.5619113
gait_20260919_222807_andrew_normal_left_2,andrew_normal_left_2,2513941209105101,2026-09-19T22:28:24.333074Z,1.0005518,-5.9691191,2.1531355,-0.6146623,1.4397800,0.1539654,-3.4842384,-8.9185715,-2.1343110,-0.7753611,-0.0884908,0.2765815,0.5607917
gait_20260919_222807_andrew_normal_left_2,andrew_normal_left_2,2513941229274046,2026-09-19T22:28:24.353389Z,1.8430864,-7.0010200,2.0071640,-0.5046300,0.7423645,0.3769112,-3.4583001,-8.8785954,-2.3338387,-0.7829236,-0.0780546,0.2644055,0.5576988
gait_20260919_222807_andrew_normal_left_2,andrew_normal_left_2,2513941249443358,2026-09-19T22:28:24.373636Z,2.4793456,-6.9800706,0.9367314,-0.3614730,0.0552243,0.4691072,-3.4997120,-8.8283367,-2.4593875,-0.7878189,-0.0695312,0.2591195,0.5544041
gait_20260919_222807_andrew_normal_left_2,andrew_normal_left_2,2513941269610024,2026-09-19T22:28:24.393831Z,2.3686886,-6.6971807,0.2804209,-0.2928089,-0.4466910,0.4151319,-3.5846457,-8.7791729,-2.5124767,-0.7900654,-0.0645217,0.2601264,0.5513327
gait_20260919_222807_andrew_normal_left_2,andrew_normal_left_2,2513941289780923,2026-09-19T22:28:24.414269Z,1.4447511,-7.3210945,-0.2099416,-0.2287081,-0.3179730,0.3059156,-3.6774766,-8.7374039,-2.5239017,-0.7908335,-0.0618005,0.2637756,0.5488038
gait_20260919_222807_andrew_normal_left_2,andrew_normal_left_2,2513941309949014,2026-09-19T22:28:24.433904Z,-0.0325462,-8.7974195,-1.4049475,-0.1773641,0.3149087,0.2271426,-3.7377059,-8.7066402,-2.5416689,-0.7917874,-0.0585114,0.2649379,0.5472267
gait_20260919_222807_andrew_normal_left_2,andrew_normal_left_2,2513941330115966,2026-09-19T22:28:24.454055Z,-1.9395279,-10.6206036,-2.1565771,-0.2126870,0.8504483,0.2493423,-3.7490554,-8.6832294,-2.6042693,-0.7942376,-0.0523209,0.2605319,0.5464177
gait_20260919_222807_andrew_normal_left_2,andrew_normal_left_2,2513941350284666,2026-09-19T22:28:24.474621Z,-3.6624553,-11.9690628,-2.1612909,-0.1665557,1.0615532,0.4359326,-3.7440844,-8.6522369,-2.7123382,-0.7982001,-0.0426602,0.2522159,0.5453842
gait_20260919_222807_andrew_normal_left_2,andrew_normal_left_2,2513941370453978,2026-09-19T22:28:24.494671Z,-4.1892543,-12.1129398,-1.6613516,0.0377044,1.1014060,0.6452556,-3.7658105,-8.6083736,-2.8196990,-0.8020648,-0.0305496,0.2440971,0.5442200
gait_20260919_222807_andrew_normal_left_2,andrew_normal_left_2,2513941390621540,2026-09-19T22:28:24.514773Z,-3.4240825,-10.9715042,-1.6215479,0.2802186,1.1718520,0.5788065,-3.8177907,-8.5624704,-2.8887208,-0.8045516,-0.0160199,0.2368317,0.5443813
gait_20260919_222807_andrew_normal_left_2,andrew_normal_left_2,2513941410767658,2026-09-19T22:28:24.535070Z,-2.4732852,-9.2716961,-1.3368623,0.3155749,1.2383844,0.1531160,-3.8407106,-8.5396767,-2.9255748,-0.8057217,-0.0015762,0.2281945,0.5465688
gait_20260919_222807_andrew_normal_left_2,andrew_normal_left_2,2513941430933796,2026-09-19T22:28:24.554865Z,-2.0197337,-8.5752821,-1.4630069,0.2234621,1.1511012,-0.2497586,-3.6586561,-8.6614590,-2.7981250,-0.8021911,0.0077552,0.2128373,0.5577899
gait_20260919_222807_andrew_normal_left_2,andrew_normal_left_2,2513941451152017,2026-09-19T22:28:24.575089Z,-1.2255319,-8.9210196,-1.9719992,0.0983247,1.0885991,-0.3300304,-3.5389369,-8.6962776,-2.8437259,-0.8034139,0.0142127,0.2003236,0.5605307
gait_20260919_222807_andrew_normal_left_2,andrew_normal_left_2,2513941471296060,2026-09-19T22:28:24.595139Z,-0.3740192,-8.8809175,-3.1009402,0.0104253,1.0993077,-0.2528562,-3.4037387,-8.7311773,-2.9012487,-0.8050390,0.0194848,0.1877204,0.5624000
gait_20260919_222807_andrew_normal_left_2,andrew_normal_left_2,2513941491464843,2026-09-19T22:28:24.615680Z,-0.3377321,-8.9680815,-4.2382607,-0.0642841,1.0980086,-0.2108884,-3.2335436,-8.7668638,-2.9870400,-0.8075205,0.0237886,0.1738021,0.5631498
gait_20260919_222807_andrew_normal_left_2,andrew_normal_left_2,2513941511635252,2026-09-19T22:28:24.635621Z,-1.0173112,-8.9665842,-3.8943188,-0.1015222,1.1182098,-0.2068248,-2.8228831,-8.8213816,-3.2327559,-0.8142332,0.0224647,0.1501986,0.5603213
gait_20260919_222807_andrew_normal_left_2,andrew_normal_left_2,2513941531802652,2026-09-19T22:28:24.655744Z,-1.4989947,-8.5744591,-2.4197898,0.0790894,1.1332150,-0.1624755,-2.4188523,-8.8608217,-3.4454393,-0.8199400,0.0206601,0.1285033,0.5574573
gait_20260919_222807_andrew_normal_left_2,andrew_normal_left_2,2513941551971149,2026-09-19T22:28:24.676131Z,-1.4995933,-8.4240732,-1.8709939,0.3640877,1.0856347,-0.1171769,-2.3122473,-8.8770609,-3.4767013,-0.8206890,0.0256013,0.1184711,0.5583717
gait_20260919_222807_andrew_normal_left_2,andrew_normal_left_2,2513941572140746,2026-09-19T22:28:24.696195Z,-0.5856816,-7.8600893,-1.4844799,0.4809981,0.7306068,-0.1790961,-2.2175915,-8.9111300,-3.4511123,-0.8196315,0.0307157,0.1092260,0.5615430
gait_20260919_222807_andrew_normal_left_2,andrew_normal_left_2,2513941592307575,2026-09-19T22:28:24.716268Z,0.6695535,-7.3827453,-0.9246108,0.5378045,0.3177898,-0.4219267,-2.1351957,-8.9548225,-3.3894241,-0.8175684,0.0329265,0.1027369,0.5656351
gait_20260919_222807_andrew_normal_left_2,andrew_normal_left_2,2513941612476806,2026-09-19T22:28:24.736736Z,1.3522750,-8.4248962,-0.7820809,0.6342806,0.2691271,-0.6518338,-2.0307837,-9.0124912,-3.2995520,-0.8148142,0.0309031,0.0977767,0.5705808
gait_20260919_222807_andrew_normal_left_2,andrew_normal_left_2,2513941632646361,2026-09-19T22:28:24.756732Z,2.2126913,-12.1029139,-2.2245874,0.7165509,0.3650536,-0.7939249,-1.8850138,-9.0832920,-3.1900892,-0.8115160,0.0265558,0.0918984,0.5764471
gait_20260919_222807_andrew_normal_left_2,andrew_normal_left_2,2513941652814208,2026-09-19T22:28:24.776786Z,3.7114615,-17.8035088,-3.9915082,0.7141528,0.1889552,-0.9301372,-1.7096932,-9.1594858,-3.0686948,-0.8077985,0.0219853,0.0843534,0.5829776
gait_20260919_222807_andrew_normal_left_2,andrew_normal_left_2,2513941672982421,2026-09-19T22:28:24.796911Z,2.3130982,-20.7762833,-2.1746085,0.5274958,-0.1654232,-1.1527001,-1.5199397,-9.2339897,-2.9426799,-0.8039663,0.0146916,0.0778880,0.5893689
gait_20260919_222807_andrew_normal_left_2,andrew_normal_left_2,2513941693149169,2026-09-19T22:28:24.817069Z,-1.5772551,-14.4585838,2.4373722,0.4342006,-0.3543451,-0.8452023,-1.3136274,-9.2965565,-2.8433290,-0.8009689,0.0029954,0.0736022,0.5941570
gait_20260919_222807_andrew_normal_left_2,andrew_normal_left_2,2513941713318440,2026-09-19T22:28:24.837255Z,-2.0566192,-9.1142769,4.3658266,0.6512176,0.6159280,-0.4040903,-1.1878479,-9.3412838,-2.7505541,-0.7980365,-0.0060206,0.0725665,0.5981937
gait_20260919_222807_andrew_normal_left_2,andrew_normal_left_2,2513941733487751,2026-09-19T22:28:24.857463Z,-2.2331917,-6.5945292,2.8811972,0.8022852,2.2674124,-0.3220199,-1.0857227,-9.4038839,-2.5737705,-0.7926258,-0.0036488,0.0651868,0.6062027
gait_20260919_222807_andrew_normal_left_2,andrew_normal_left_2,2513941753656615,2026-09-19T22:28:24.877611Z,-3.3059437,-5.3931637,0.6922235,0.6530995,2.8746138,-0.5184694,-0.8956207,-9.4524021,-2.4669936,-0.7889708,0.0087135,0.0438633,0.6128011
gait_20260919_222807_andrew_normal_left_2,andrew_normal_left_2,2513941773825397,2026-09-19T22:28:24.897767Z,-4.2634001,-5.3649573,1.9323453,0.3474671,2.1531334,-0.6931522,-0.6500680,-9.4910603,-2.3944402,-0.7861963,0.0210182,0.0186484,0.6173376
gait_20260919_222807_andrew_normal_left_2,andrew_normal_left_2,2513941793994139,2026-09-19T22:28:24.918222Z,-4.3263974,-6.3943892,2.6382606,0.2689272,2.2737076,-0.5829366,-0.4186557,-9.5135746,-2.3564260,-0.7846459,0.0272729,-0.0011406,0.6193430
gait_20260919_222807_andrew_normal_left_2,andrew_normal_left_2,2513941814161864,2026-09-19T22:28:24.938431Z,-3.6239235,-8.6250372,2.2016182,0.2689272,2.8140936,-0.3244347,-0.2055510,-9.5300198,-2.3178844,-0.7829043,0.0361401,-0.0218458,0.6207073
gait_20260919_222807_andrew_normal_left_2,andrew_normal_left_2,2513941834332193,2026-09-19T22:28:24.958474Z,-2.3477392,-10.9110508,1.9835961,0.2487261,2.8363931,-0.0780568,-0.2484292,-9.6001816,-2.0027280,-0.7726027,0.0580737,-0.0365717,0.6311695
gait_20260919_222807_andrew_normal_left_2,andrew_normal_left_2,2513941854499795,2026-09-19T22:28:24.978418Z,-1.2183493,-11.5309238,2.2681320,0.2592347,2.4154656,0.0136562,-0.1295404,-9.6105690,-1.9637442,-0.7697942,0.0741683,-0.0576477,0.6313421
gait_20260919_222807_andrew_normal_left_2,andrew_normal_left_2,2513941874668130,2026-09-19T22:28:24.998971Z,-0.6719477,-10.7907419,2.4843583,0.3792094,1.9307871,-0.0201845,-0.0428598,-9.6214075,-1.9138484,-0.7666219,0.0875361,-0.0745720,0.6317177
gait_20260919_222807_andrew_normal_left_2,andrew_normal_left_2,2513941894835122,2026-09-19T22:28:25.019167Z,-0.2605191,-9.7862997,2.2625954,0.5704462,1.5330086,-0.0070946,0.0312890,-9.6372967,-1.8323871,-0.7626885,0.0969677,-0.0878306,0.6333951
gait_20260919_222807_andrew_normal_left_2,andrew_normal_left_2,2513941915005370,2026-09-19T22:28:25.039215Z,0.2358289,-9.2268791,1.6918776,0.6721849,1.3386075,0.0255804,0.0701295,-9.6924582,-1.5124359,-0.7521677,0.1038119,-0.0986378,0.6432242
gait_20260919_222807_andrew_normal_left_2,andrew_normal_left_2,2513941935174315,2026-09-19T22:28:25.059456Z,0.8229320,-9.0126734,1.1123312,0.6083838,1.2340877,0.0074609,0.1055256,-9.7196274,-1.3243192,-0.7451740,0.1096538,-0.1078567,0.6488904
gait_20260919_222807_andrew_normal_left_2,andrew_normal_left_2,2513941955318318,2026-09-19T22:28:25.079295Z,1.1035774,-9.0456676,0.6426187,0.4290546,1.0818543,-0.0967259,0.1393012,-9.7355947,-1.1978791,-0.7400162,0.1149844,-0.1161787,0.6524240
gait_20260919_222807_andrew_normal_left_2,andrew_normal_left_2,2513941975510090,2026-09-19T22:28:25.099448Z,1.0466403,-9.6195288,0.4275146,0.2252940,1.0365723,-0.2041269,0.1910262,-9.7450714,-1.1104959,-0.7364737,0.1182323,-0.1235526,0.6544940
gait_20260919_222807_andrew_normal_left_2,andrew_normal_left_2,2513941995678262,2026-09-19T22:28:25.119626Z,0.8307880,-10.6175365,0.8244284,0.0748093,1.2560874,-0.2618493,0.3347706,-9.7607889,-0.9225293,-0.7306604,0.1179828,-0.1348041,0.6588196
gait_20260919_222807_andrew_normal_left_2,andrew_normal_left_2,2513942015846475,2026-09-19T22:28:25.139802Z,0.1586159,-10.9484596,1.5944635,0.0320754,1.7281591,-0.2921095,0.4127038,-9.7598686,-0.9004268,-0.7291278,0.1223270,-0.1443587,0.6577001
gait_20260919_222807_andrew_normal_left_2,andrew_normal_left_2,2513942036017130,2026-09-19T22:28:25.159945Z,-0.5662287,-10.2351370,1.9594296,0.0588716,2.1704035,-0.3206876,0.5036494,-9.7577629,-0.8766690,-0.7269261,0.1297948,-0.1576594,0.6556488
gait_20260919_222807_andrew_normal_left_2,andrew_normal_left_2,2513942056185423,2026-09-19T22:28:25.180129Z,-1.2371289,-9.7460470,1.8125603,0.0816707,2.4142666,-0.3560938,0.6014817,-9.7566748,-0.8256061,-0.7231987,0.1400129,-0.1743279,0.6534446
gait_20260919_222807_andrew_normal_left_2,andrew_normal_left_2,2513942076354858,2026-09-19T22:28:25.200592Z,-1.7678187,-9.6348658,1.4413095,0.0797722,2.3911011,-0.3365921,0.5842676,-9.7739716,-0.6035175,-0.7132664,0.1544830,-0.1901500,0.6566803
gait_20260919_222807_andrew_normal_left_2,andrew_normal_left_2,2513942096521402,2026-09-19T22:28:25.220398Z,-2.1190181,-9.7276411,1.1572973,0.0801719,2.1657238,-0.2452787,0.4223947,-9.7945805,-0.3519626,-0.7010906,0.1722037,-0.2008354,0.6621805
gait_20260919_222807_andrew_normal_left_2,andrew_normal_left_2,2513942116689656,2026-09-19T22:28:25.240792Z,-2.2132897,-9.9987850,1.1430817,0.1135130,1.8918337,-0.1374114,0.3539969,-9.8004866,-0.2474413,-0.6939392,0.1858266,-0.2118215,0.6626074
gait_20260919_222807_andrew_normal_left_2,andrew_normal_left_2,2513942136859211,2026-09-19T22:28:25.260797Z,-2.0868461,-10.2839193,1.2968343,0.1416248,1.7937088,-0.0839690,0.3630033,-9.8012762,-0.1983189,-0.6894653,0.1949237,-0.2226061,0.6611270
gait_20260919_222807_andrew_normal_left_2,andrew_normal_left_2,2513942157026733,2026-09-19T22:28:25.281055Z,-1.6974890,-10.2093248,1.4344261,0.0672651,2.1215575,-0.1021717,0.3805745,-9.8014011,-0.1543338,-0.6850894,0.2036668,-0.2335321,0.6592686
gait_20260919_222807_andrew_normal_left_2,andrew_normal_left_2,2513942177195230,2026-09-19T22:28:25.301399Z,-1.1751041,-10.0437508,1.0357915,-0.1472039,2.6693544,-0.1345302,0.4000145,-9.8010798,-0.1222331,-0.6802313,0.2147903,-0.2467464,0.6559473
gait_20260919_222807_andrew_normal_left_2,andrew_normal_left_2,2513942197363403,2026-09-19T22:28:25.321457Z,-0.8459762,-9.8724155,0.6268319,-0.4684244,2.8508821,-0.1314160,0.4005685,-9.8011637,-0.1133167,-0.6744756,0.2306034,-0.2627579,0.6502792
gait_20260919_222807_andrew_normal_left_2,andrew_normal_left_2,2513942217531981,2026-09-19T22:28:25.341898Z,-0.6659622,-10.0496616,0.3461866,-0.7832997,2.5234163,-0.0541418,0.3276674,-9.8037119,-0.1262946,-0.6679701,0.2499757,-0.2766453,0.6440461
gait_20260919_222807_andrew_normal_left_2,andrew_normal_left_2,2513942237702351,2026-09-19T22:28:25.361700Z,0.1790414,-10.4031801,1.2897265,-0.9907741,1.9428445,0.0255471,0.3384255,-9.8003817,-0.2721873,-0.6670427,0.2652816,-0.2879640,0.6338428
gait_20260919_222807_andrew_normal_left_2,andrew_normal_left_2,2513942257869668,2026-09-19T22:28:25.382011Z,0.2520646,-10.1440830,2.9662662,-0.8918166,1.8083975,-0.0052460,0.3451787,-9.7934027,-0.4541702,-0.6689056,0.2771198,-0.2948276,0.6235758
gait_20260919_222807_andrew_normal_left_2,andrew_normal_left_2,2513942278040120,2026-09-19T22:28:25.401958Z,0.0996586,-9.0643730,3.5657146,-0.5649005,2.2695942,-0.0280785,0.3671844,-9.7845583,-0.6030859,-0.6697463,0.2879318,-0.3023023,0.6141242
gait_20260919_222807_andrew_normal_left_2,andrew_normal_left_2,2513942298206867,2026-09-19T22:28:25.422398Z,-0.6069301,-8.3989344,2.6382606,-0.3160079,2.8708167,-0.0796723,0.4007813,-9.7997475,-0.2010296,-0.6532373,0.2942287,-0.3202819,0.6197821
gait_20260919_222807_andrew_normal_left_2,andrew_normal_left_2,2513942318375121,2026-09-19T22:28:25.442892Z,-2.2365584,-8.6135893,0.9453356,-0.3998436,3.0220175,-0.0326583,0.4304641,-9.7978182,-0.2315193,-0.6467763,0.3098288,-0.3367030,0.6101784
gait_20260919_222807_andrew_normal_left_2,andrew_normal_left_2,2513942338545246,2026-09-19T22:28:25.462906Z,-3.8135145,-8.6804028,-0.2948609,-0.8672687,2.6672227,0.2382508,0.4449299,-9.7955933,-0.2907218,-0.6403340,0.3267021,-0.3522663,0.5992884
gait_20260919_222807_andrew_normal_left_2,andrew_normal_left_2,2513942358687418,2026-09-19T22:28:25.483980Z,-4.7218895,-8.4145718,-0.3011457,-1.5151722,2.1709530,0.6635748,0.2939694,-9.7945156,-0.4659775,-0.6356737,0.3477179,-0.3583595,0.5887187
gait_20260919_222807_andrew_normal_left_2,andrew_normal_left_2,2513942378856607,2026-09-19T22:28:25.503026Z,-4.9144731,-8.6158342,0.0508020,-2.0026987,1.8469846,1.0992743,-0.1534792,-9.7778749,-0.7782808,-0.6309736,0.3765069,-0.3505069,0.5807407
gait_20260919_222807_andrew_normal_left_2,andrew_normal_left_2,2513942399051025,2026-09-19T22:28:25.522998Z,-3.2550669,-9.9568863,0.9363573,-2.0672326,1.3877699,1.4772847,-0.7155536,-9.7195320,-1.1201904,-0.6253315,0.4073043,-0.3355535,0.5748631
gait_20260919_222807_andrew_normal_left_2,andrew_normal_left_2,2513942419218342,2026-09-19T22:28:25.543148Z,-0.9172037,-11.5086279,2.5340381,-1.4596648,0.8058658,1.7201486,-0.9869375,-9.6389599,-1.5337961,-0.6272683,0.4290984,-0.3244794,0.5631361
gait_20260919_222807_andrew_normal_left_2,andrew_normal_left_2,2513942439386678,2026-09-19T22:28:25.563572Z,1.1507881,-12.7368536,4.1517701,-0.4058390,0.5235322,1.7323558,-1.3024144,-9.5549135,-1.8009712,-0.6256945,0.4465691,-0.3119221,0.5583790
gait_20260919_222807_andrew_normal_left_2,andrew_normal_left_2,2513942459556111,2026-09-19T22:28:25.583736Z,2.3820062,-13.9716635,4.5322237,0.5918131,0.9552180,1.3618231,-1.6105806,-9.4980087,-1.8520226,-0.6186236,0.4588556,-0.3031761,0.5611067
gait_20260919_222807_andrew_normal_left_2,andrew_normal_left_2,2513942479727539,2026-09-19T22:28:25.603913Z,2.6498575,-14.8491383,4.1362829,1.2176503,1.5619698,0.7587186,-1.8138951,-9.4822941,-1.7412734,-0.6063949,0.4684241,-0.3045920,0.5657631
gait_20260919_222807_andrew_normal_left_2,andrew_normal_left_2,2513942499891357,2026-09-19T22:28:25.623923Z,0.9516203,-13.3404169,2.8844893,1.4686413,1.6559976,0.2975886,-1.8809842,-9.5025091,-1.5493163,-0.5919105,0.4757842,-0.3157019,0.5688618
gait_20260919_222807_andrew_normal_left_2,andrew_normal_left_2,2513942520060669,2026-09-19T22:28:25.644059Z,-0.6356605,-10.9437466,1.8094180,1.4424280,1.5342577,0.2308065,-1.8767343,-9.5375099,-1.3228356,-0.5781766,0.4798290,-0.3297479,0.5716138
gait_20260919_222807_andrew_normal_left_2,andrew_normal_left_2,2513942540229573,2026-09-19T22:28:25.664182Z,-1.0808325,-9.7393131,1.5125369,1.3454024,1.4969862,0.3756122,-1.8845694,-9.5638857,-1.1030012,-0.5646326,0.4836754,-0.3428914,0.5741722
gait_20260919_222807_andrew_normal_left_2,andrew_normal_left_2,2513942560399332,2026-09-19T22:28:25.684353Z,-0.8090157,-9.1826611,1.4254478,1.3547785,1.7215807,0.3651702,-1.8511542,-9.6121683,-0.6446316,-0.5477283,0.4815123,-0.3586810,0.5826555
gait_20260919_222807_andrew_normal_left_2,andrew_normal_left_2,2513942580566772,2026-09-19T22:28:25.705011Z,-0.6137387,-8.7279873,0.5760300,1.5086606,2.0222504,0.1402758,-1.8883358,-9.6171846,-0.4243184,-0.5322728,0.4868545,-0.3722518,0.5840267
gait_20260919_222807_andrew_normal_left_2,andrew_normal_left_2,2513942600736369,2026-09-19T22:28:25.724896Z,-0.0660650,-8.3128176,-0.4535516,1.5700635,2.2903283,-0.1016055,-1.8925874,-9.6235228,-0.2050531,-0.5159325,0.4923094,-0.3889754,0.5832180
gait_20260919_222807_andrew_normal_left_2,andrew_normal_left_2,2513942620878661,2026-09-19T22:28:25.745134Z,0.6890063,-7.8113823,-0.8219594,1.3978455,2.7718427,-0.2747728,-1.8594609,-9.6321564,0.0098110,-0.4991263,0.4978036,-0.4084184,0.5798784
gait_20260919_222807_andrew_normal_left_2,andrew_normal_left_2,2513942641075316,2026-09-19T22:28:25.765032Z,1.2321908,-7.6981816,-1.1282675,1.0735773,3.4049907,-0.3530961,-1.8053808,-9.6410179,0.1657446,-0.4813154,0.5065698,-0.4304988,0.5713084
gait_20260919_222807_andrew_normal_left_2,andrew_normal_left_2,2513942661239623,2026-09-19T22:28:25.785244Z,1.2637644,-8.3180552,-1.0677391,0.6791296,3.5985925,-0.3598909,-1.7480956,-9.6501427,0.2345599,-0.4628421,0.5193372,-0.4534168,0.5572067
gait_20260919_222807_andrew_normal_left_2,andrew_normal_left_2,2513942681409911,2026-09-19T22:28:25.805973Z,0.7981670,-9.2672062,-1.8579005,0.3714154,3.3799932,-0.3389070,-1.6940303,-9.6599636,0.2269281,-0.4454088,0.5339699,-0.4742711,0.5399575
gait_20260919_222807_andrew_normal_left_2,andrew_normal_left_2,2513942701577148,2026-09-19T22:28:25.825780Z,0.9191490,-9.7529306,0.0790835,0.1671552,2.7721424,-0.3179397,-1.5817932,-9.6809864,0.1120122,-0.4320693,0.5492075,-0.4924247,0.5188498
gait_20260919_222807_andrew_normal_left_2,andrew_normal_left_2,2513942721746866,2026-09-19T22:28:25.846125Z,1.4718355,-8.9242373,2.1077206,0.2194652,2.3444700,-0.3173568,-1.1808665,-9.7385025,0.0566812,-0.4285942,0.5549768,-0.5131602,0.4949487
gait_20260919_222807_andrew_normal_left_2,andrew_normal_left_2,2513942741914062,2026-09-19T22:28:25.866066Z,1.3977649,-7.8930845,1.0675895,0.3521468,2.5383048,-0.3934152,-1.1027136,-9.7476091,0.0655373,-0.4173388,0.5629656,-0.5266135,0.4812238
gait_20260919_222807_andrew_normal_left_2,andrew_normal_left_2,2513942762083698,2026-09-19T22:28:25.885990Z,0.9156325,-8.3915272,-4.2031708,0.4409787,2.8472347,-0.5206011,-1.0239748,-9.7560472,0.0846349,-0.4046142,0.5710762,-0.5409918,0.4663554
gait_20260919_222807_andrew_normal_left_2,andrew_normal_left_2,2513942782252075,2026-09-19T22:28:25.906215Z,2.1708677,-8.8217354,-2.9052889,0.0480299,2.7974730,-0.6264200,-0.8923046,-9.7692814,0.0324620,-0.3919800,0.5816921,-0.5561955,0.4456824
gait_20260919_222807_andrew_normal_left_2,andrew_normal_left_2,2513942802419636,2026-09-19T22:28:25.926373Z,1.5368531,-9.3879642,0.7972692,-0.1816108,2.0993912,-0.7768047,-0.6688564,-9.7864552,-0.1185476,-0.3846827,0.5927662,-0.5687550,0.4209101
gait_20260919_222807_andrew_normal_left_2,andrew_normal_left_2,2513942822588541,2026-09-19T22:28:25.946761Z,1.6448165,-11.1795750,1.4529064,-0.3109784,1.3480337,-0.9348003,-0.4365998,-9.7990875,-0.1529480,-0.3803630,0.5971745,-0.5803527,0.4023646
gait_20260919_222807_andrew_normal_left_2,andrew_normal_left_2,2513942842758869,2026-09-19T22:28:25.966649Z,1.1898434,-12.3858786,2.8154316,-0.4287048,1.0244483,-1.1802456,-0.2389507,-9.8044443,-0.2277754,-0.3798171,0.6006663,-0.5872835,0.3873461
gait_20260919_222807_andrew_normal_left_2,andrew_normal_left_2,2513942862926066,2026-09-19T22:28:25.986951Z,0.1357961,-11.9293346,3.2819269,-0.2940747,1.5237989,-1.2521571,0.0087415,-9.8049278,-0.3153497,-0.3820657,0.6029267,-0.5937546,0.3714305
gait_20260919_222807_andrew_normal_left_2,andrew_normal_left_2,2513942883095499,2026-09-19T22:28:26.007240Z,-0.5723639,-11.6848269,2.7055228,0.0044466,2.1712694,-1.0527099,0.2662530,-9.7998037,-0.3593249,-0.3806515,0.6056145,-0.6031174,0.3529658
gait_20260919_222807_andrew_normal_left_2,andrew_normal_left_2,2513942903262084,2026-09-19T22:28:26.027349Z,-1.1733085,-12.0984993,2.1391444,0.2678281,2.3276165,-0.9234424,0.4822412,-9.7926188,-0.3289568,-0.3718569,0.6097230,-0.6161114,0.3322155
gait_20260919_222807_andrew_normal_left_2,andrew_normal_left_2,2513942923406493,2026-09-19T22:28:26.047534Z,-2.5010428,-12.0058737,1.7093104,0.8097795,1.6883729,-1.0483800,0.6756805,-9.7838669,-0.2356557,-0.3612147,0.6121590,-0.6300455,0.3127748
gait_20260919_222807_andrew_normal_left_2,andrew_normal_left_2,2513942943601399,2026-09-19T22:28:26.068076Z,-3.5334675,-11.1055794,1.2410944,1.1973325,1.1643578,-1.1039041,0.8908973,-9.7694178,-0.0301097,-0.3550096,0.6071755,-0.6445881,0.2996870
gait_20260919_222807_andrew_normal_left_2,andrew_normal_left_2,2513942963769571,2026-09-19T22:28:26.087721Z,-3.1701474,-9.4089136,0.1559972,1.1135633,1.4012263,-0.9613300,1.1029632,-9.7449312,0.2364848,-0.3505341,0.5985057,-0.6593768,0.2900674
gait_20260919_222807_andrew_normal_left_2,andrew_normal_left_2,2513942983938232,2026-09-19T22:28:26.108078Z,-2.5741410,-8.9231148,-0.7943512,0.8978786,1.1207079,-0.7922096,0.9160681,-9.7557039,0.4723995,-0.3332929,0.5985786,-0.6681877,0.2900769
gait_20260919_222807_andrew_normal_left_2,andrew_normal_left_2,2513943004106892,2026-09-19T22:28:26.128677Z,-2.2646155,-8.5925655,0.0952443,0.5041803,0.8558275,-0.5746763,1.0195489,-9.7354212,0.6467190,-0.3275163,0.5942936,-0.6781111,0.2823360
gait_20260919_222807_andrew_normal_left_2,andrew_normal_left_2,2513943024275472,2026-09-19T22:28:26.148362Z,-1.2808231,-7.8933835,0.5692963,0.1120641,1.4288218,-0.3070314,1.1082215,-9.7184296,0.7484027,-0.3234405,0.5921355,-0.6849393,0.2749908
gait_20260919_222807_andrew_normal_left_2,andrew_normal_left_2,2513943044417887,2026-09-19T22:28:26.168437Z,-0.6218939,-7.5614128,0.8916905,-0.0847850,1.8818580,-0.0804217,1.1334378,-9.7119856,0.7929404,-0.3140996,0.5951872,-0.6908802,0.2641558
gait_20260919_222807_andrew_normal_left_2,andrew_normal_left_2,2513943064613769,2026-09-19T22:28:26.188630Z,-0.2319383,-7.6796265,1.4071172,-0.1356960,2.0236826,0.1417247,1.1082443,-9.7130251,0.8155042,-0.3009739,0.6009152,-0.6963375,0.2518529
gait_20260919_222807_andrew_normal_left_2,andrew_normal_left_2,2513943084783121,2026-09-19T22:28:26.209298Z,0.2516904,-8.4453964,1.8284220,-0.1633748,1.9772016,0.3101124,1.0377313,-9.7193871,0.8323231,-0.2857854,0.6075279,-0.7010668,0.2402960
gait_20260919_222807_andrew_normal_left_2,andrew_normal_left_2,2513943104951741,2026-09-19T22:28:26.229168Z,0.6124667,-9.6693573,2.5329158,-0.1554975,1.5182866,0.3554443,0.9388863,-9.7288752,0.8388030,-0.2696569,0.6145681,-0.7049482,0.2294324
gait_20260919_222807_andrew_normal_left_2,andrew_normal_left_2,2513943125118082,2026-09-19T22:28:26.249174Z,0.8345289,-10.7861032,3.1185973,0.0229324,0.5923960,0.2914600,0.8293001,-9.7309237,0.9260154,-0.2562057,0.6172499,-0.7092897,0.2242084
gait_20260919_222807_andrew_normal_left_2,andrew_normal_left_2,2513943145285156,2026-09-19T22:28:26.270549Z,0.6338649,-11.0684690,2.9716532,0.2969391,-0.2554542,0.2074077,0.7673998,-9.7340231,0.9465812,-0.2513841,0.6183808,-0.7101583,0.2237999
gait_20260919_222807_andrew_normal_left_2,andrew_normal_left_2,2513943165454223,2026-09-19T22:28:26.289375Z,0.7928548,-10.7168961,2.4910920,0.5191522,-0.6579458,0.1735837,0.7366131,-9.7300739,1.0095458,-0.2521459,0.6154844,-0.7109058,0.2285048
gait_20260919_222807_andrew_normal_left_2,andrew_normal_left_2,2513943185623006,2026-09-19T22:28:26.310079Z,1.0782138,-10.1727390,1.5683517,0.7161345,-0.8868538,0.0882990,0.7196367,-9.7204876,1.1092204,-0.2549204,0.6102175,-0.7121711,0.2355047
gait_20260919_222807_andrew_normal_left_2,andrew_normal_left_2,2513943205790893,2026-09-19T22:28:26.329936Z,0.8054993,-9.7937813,1.1859529,0.9217437,-1.0558410,-0.1121141,0.7290459,-9.7034779,1.2438380,-0.2589117,0.6029168,-0.7144190,0.2430258
gait_20260919_222807_andrew_normal_left_2,andrew_normal_left_2,2513943225961751,2026-09-19T22:28:26.349924Z,0.0022446,-9.6915789,1.1677719,0.9379146,-0.4895915,-0.3722148,0.7878299,-9.6755695,1.4137913,-0.2650508,0.5930265,-0.7177809,0.2507156
gait_20260919_222807_andrew_normal_left_2,andrew_normal_left_2,2513943246144531,2026-09-19T22:28:26.370120Z,-0.7996634,-9.3806314,0.9845406,0.7376348,0.6462548,-0.5649504,0.8729892,-9.6415434,1.5857702,-0.2673162,0.5847055,-0.7231609,0.2523885
gait_20260919_222807_andrew_normal_left_2,andrew_normal_left_2,2513943266296305,2026-09-19T22:28:26.390908Z,-1.4689924,-9.4032269,1.2354829,0.5014324,1.4443265,-0.6650071,0.9155064,-9.6144962,1.7203007,-0.2610542,0.5817261,-0.7302417,0.2453419
gait_20260919_222807_andrew_normal_left_2,andrew_normal_left_2,2513943286466878,2026-09-19T22:28:26.410929Z,-1.7339258,-10.2245884,2.1281459,0.3759952,1.3366923,-0.6753492,0.8603428,-9.6018696,1.8165908,-0.2484223,0.5832018,-0.7364619,0.2361909
gait_20260919_222807_andrew_normal_left_2,andrew_normal_left_2,2513943306635742,2026-09-19T22:28:26.430647Z,-1.5592986,-10.4750814,2.8506713,0.3652368,0.6271861,-0.5736604,0.9376999,-9.5765686,1.9094989,-0.2418932,0.5818746,-0.7432313,0.2247598
gait_20260919_222807_andrew_normal_left_2,andrew_normal_left_2,2513943326802449,2026-09-19T22:28:26.450979Z,-0.7656208,-9.8745861,3.0434043,0.4641110,-0.2308398,-0.4270894,1.0237075,-9.5512390,1.9904718,-0.2406722,0.5788291,-0.7477703,0.2188003
gait_20260919_222807_andrew_normal_left_2,andrew_normal_left_2,2513943346971639,2026-09-19T22:28:26.471465Z,0.0492308,-9.6139174,2.3514802,0.5893817,-0.7485930,-0.4463246,1.1042812,-9.5225697,2.0826280,-0.2443017,0.5733052,-0.7506138,0.2195829
gait_20260919_222807_andrew_normal_left_2,andrew_normal_left_2,2513943367141886,2026-09-19T22:28:26.491652Z,0.5439327,-10.2472582,0.8812907,0.5782402,-0.7660963,-0.6240218,1.1996087,-9.4880438,2.1849678,-0.2506247,0.5661357,-0.7528750,0.2232868
gait_20260919_222807_andrew_normal_left_2,andrew_normal_left_2,2513943387308797,2026-09-19T22:28:26.511834Z,-0.3654898,-11.6257200,-0.5776011,0.3412052,-0.4917232,-0.8416051,1.3518267,-9.4503584,2.2581837,-0.2584502,0.5593060,-0.7552286,0.2236294
gait_20260919_222807_andrew_normal_left_2,andrew_normal_left_2,2513943407478800,2026-09-19T22:28:26.532054Z,-2.4387937,-12.2602577,-0.6346131,-0.0373047,-0.3015189,-0.8841225,1.5379803,-9.4122601,2.2978482,-0.2655765,0.5541751,-0.7577639,0.2194374
gait_20260919_222807_andrew_normal_left_2,andrew_normal_left_2,2513943427645264,2026-09-19T22:28:26.551767Z,-3.4547582,-11.2272348,-0.4415058,-0.3374081,-0.3427373,-0.6700032,1.7145605,-9.3891525,2.2672043,-0.2727399,0.5521012,-0.7582785,0.2140347
gait_20260919_222807_andrew_normal_left_2,andrew_normal_left_2,2513943447814209,2026-09-19T22:28:26.571731Z,-3.9162407,-10.1616650,0.2874538,-0.5631518,-0.6665226,-0.3858210,1.8470080,-9.3849497,2.1788545,-0.2797706,0.5526596,-0.7563713,0.2102337
gait_20260919_222807_andrew_normal_left_2,andrew_normal_left_2,2513943467984334,2026-09-19T22:28:26.591976Z,-4.6618099,-10.1878519,1.1430817,-0.8417217,-0.6141794,-0.0489125,1.9368027,-9.3990278,2.0354867,-0.2875282,0.5553165,-0.7518343,0.2090361
gait_20260919_222807_andrew_normal_left_2,andrew_normal_left_2,2513943488180257,2026-09-19T22:28:26.612164Z,-5.8310781,-10.2293768,1.0558430,-1.1938351,-0.0479466,0.3666357,1.9518615,-9.4357615,1.8419479,-0.2927364,0.5614704,-0.7452952,0.2087855
gait_20260919_222807_andrew_normal_left_2,andrew_normal_left_2,2513943508319621,2026-09-19T22:28:26.632618Z,-6.9124346,-10.2758389,0.2578256,-1.5742604,0.4415117,0.8094630,1.8605456,-9.4976206,1.6030225,-0.2914374,0.5728797,-0.7375611,0.2070670
gait_20260919_222807_andrew_normal_left_2,andrew_normal_left_2,2513943528488688,2026-09-19T22:28:26.652744Z,-7.1835032,-11.9461689,-0.3995324,-1.9517211,0.4974855,1.3468846,1.6691209,-9.5786123,1.3039596,-0.2856930,0.5888109,-0.7274944,0.2059929
gait_20260919_222807_andrew_normal_left_2,andrew_normal_left_2,2513943548656657,2026-09-19T22:28:26.673581Z,-3.9171383,-13.7781820,-0.6218939,-2.1417422,0.1760151,2.1423750,1.3699288,-9.6695127,0.9273304,-0.2774579,0.6086726,-0.7135839,0.2081655
gait_20260919_222807_andrew_normal_left_2,andrew_normal_left_2,2513943568827921,2026-09-19T22:28:26.692917Z,-0.0216975,-14.5550251,-0.8038532,-2.1805291,-0.1663892,2.5996413,0.9187909,-9.7537889,0.5055246,-0.2665889,0.6307781,-0.6955589,0.2173640
gait_20260919_222807_andrew_normal_left_2,andrew_normal_left_2,2513943588993163,2026-09-19T22:28:26.712951Z,2.1899464,-15.5965776,0.9272294,-2.0990915,-0.4217102,2.4987185,0.3963978,-9.8017302,0.0713378,-0.2550005,0.6527580,-0.6751254,0.2304072
gait_20260919_222807_andrew_normal_left_2,andrew_normal_left_2,2513943609163574,2026-09-19T22:28:26.733340Z,4.4759603,-16.7074871,2.6055648,-1.7162015,-0.6327318,2.1063859,-0.0901430,-9.8037710,-0.3377159,-0.2458195,0.6720093,-0.6545975,0.2438818
gait_20260919_222807_andrew_normal_left_2,andrew_normal_left_2,2513943629331461,2026-09-19T22:28:26.753615Z,6.7255368,-15.4531507,1.9580829,-0.9826137,-0.8997605,1.4759023,-0.4936700,-9.7758942,-0.6513910,-0.2394437,0.6861233,-0.6372321,0.2565872
gait_20260919_222807_andrew_normal_left_2,andrew_normal_left_2,2513943649499430,2026-09-19T22:28:26.773436Z,5.8770170,-10.9496574,-0.7246949,-0.3441530,-1.3394569,0.7082739,-0.7696829,-9.7467375,-0.8030040,-0.2373731,0.6925159,-0.6260246,0.2686429
gait_20260919_222807_andrew_normal_left_2,andrew_normal_left_2,2513943669669189,2026-09-19T22:28:26.793688Z,2.5397990,-8.0534964,-0.5764789,-0.2037938,-1.4690243,0.3648537,-0.9034275,-9.7331142,-0.8285137,-0.2417231,0.6920347,-0.6197869,0.2802184
gait_20260919_222807_andrew_normal_left_2,andrew_normal_left_2,2513943689835327,2026-09-19T22:28:26.813821Z,1.0079589,-7.1905360,1.3275849,-0.2237785,-0.6156449,0.7066252,-0.9934946,-9.7233810,-0.8396170,-0.2476196,0.6904407,-0.6144040,0.2906611
gait_20260919_222807_andrew_normal_left_2,andrew_normal_left_2,2513943710013875,2026-09-19T22:28:26.833989Z,0.0767641,-7.4565167,1.7830818,-0.1984146,0.9270729,1.1725181,-1.1533684,-9.7027330,-0.8734027,-0.2439525,0.6930500,-0.6101258,0.2965054
gait_20260919_222807_andrew_normal_left_2,andrew_normal_left_2,2513943730174764,2026-09-19T22:28:26.854189Z,-0.8094646,-8.1017542,1.9703531,-0.2310729,1.8290817,1.5024154,-1.3752192,-9.6674109,-0.9413234,-0.2270558,0.7012528,-0.6084463,0.2940806
gait_20260919_222807_andrew_normal_left_2,andrew_normal_left_2,2513943750341552,2026-09-19T22:28:26.874607Z,-0.9677064,-8.1667719,2.3688381,-0.1341805,1.6552316,1.6849089,-1.6394982,-9.6157198,-1.0421622,-0.2036941,0.7120009,-0.6069369,0.2884285
gait_20260919_222807_andrew_normal_left_2,andrew_normal_left_2,2513943770511271,2026-09-19T22:28:26.894566Z,-1.6331449,-8.0421982,2.1239562,0.0234987,1.2718420,1.6907544,-1.9340284,-9.5522280,-1.1183022,-0.1807212,0.7208749,-0.6048525,0.2860643
gait_20260919_222807_andrew_normal_left_2,andrew_normal_left_2,2513943790679280,2026-09-19T22:28:26.915340Z,-1.1823616,-7.9441857,2.0317047,0.1134464,0.9488896,1.6869906,-2.2306356,-9.4827604,-1.1565589,-0.1598516,0.7271396,-0.6028907,0.2867722
gait_20260919_222807_andrew_normal_left_2,andrew_normal_left_2,2513943810827759,2026-09-19T22:28:26.935056Z,1.9927241,-7.8961520,1.7791911,0.0852014,0.9554345,1.4575331,-2.5291960,-9.4053440,-1.1742239,-0.1402917,0.7318027,-0.6008734,0.2893689
gait_20260919_222807_andrew_normal_left_2,andrew_normal_left_2,2513943830994466,2026-09-19T22:28:26.955269Z,3.6943281,-7.4128976,1.5842881,0.0118909,0.8789598,0.8284818,-2.7645738,-9.3343525,-1.2095948,-0.1210989,0.7365097,-0.5999140,0.2880828
gait_20260919_222807_andrew_normal_left_2,andrew_normal_left_2,2513943851183472,2026-09-19T22:28:26.975551Z,3.7012115,-6.3554082,0.5713164,0.1256537,0.6946011,0.2135863,-2.8709304,-9.2961969,-1.2548295,-0.1092738,0.7399482,-0.5996408,0.2845465
gait_20260919_222807_andrew_normal_left_2,andrew_normal_left_2,2513943871354573,2026-09-19T22:28:26.995512Z,2.9512277,-5.1485062,-0.7533506,0.3216535,0.7285751,-0.0595044,-2.8710849,-9.2949810,-1.2634506,-0.1025577,0.7412349,-0.6018404,0.2790000
gait_20260919_222807_andrew_normal_left_2,andrew_normal_left_2,2513943891523560,2026-09-19T22:28:27.015844Z,1.8429368,-5.1648169,-1.4664485,0.4667923,1.0570899,-0.0758252,-2.8298917,-9.3106594,-1.2407413,-0.0962587,0.7413183,-0.6061273,0.2716453
gait_20260919_222807_andrew_normal_left_2,andrew_normal_left_2,2513943911690755,2026-09-19T22:28:27.036144Z,0.4253449,-6.3134351,-3.1247325,0.5241483,1.0029647,-0.1884056,-2.7834013,-9.3284702,-1.2117963,-0.0873153,0.7414394,-0.6116243,0.2618386
gait_20260919_222807_andrew_normal_left_2,andrew_normal_left_2,2513943931858846,2026-09-19T22:28:27.056404Z,-1.4977227,-7.7896099,-5.3342066,0.2293243,0.7661129,-0.3866204,-2.7165902,-9.3533382,-1.1710377,-0.0801065,0.7408538,-0.6173501,0.2521854
gait_20260919_222807_andrew_normal_left_2,andrew_normal_left_2,2513943952028768,2026-09-19T22:28:27.076136Z,-3.9900868,-9.6198273,-5.2680669,-0.2121874,0.7188991,-0.4746862,-2.5609272,-9.3581581,-1.4500394,-0.0791591,0.7494612,-0.6128901,0.2375028
gait_20260919_222807_andrew_normal_left_2,andrew_normal_left_2,2513943972197388,2026-09-19T22:28:27.096115Z,-6.6816931,-10.4363251,-3.4879777,-0.1413250,0.6431239,-0.3232523,-2.4496500,-9.3736906,-1.5392498,-0.0773814,0.7526806,-0.6129539,0.2275337
gait_20260919_222807_andrew_normal_left_2,andrew_normal_left_2,2513943992366211,2026-09-19T22:28:27.116662Z,-7.9576530,-9.9531450,-1.6482582,0.4508379,-0.1222896,0.0366886,-2.3807662,-9.3836775,-1.5857784,-0.0743453,0.7545700,-0.6137821,0.2199284
gait_20260919_222807_andrew_normal_left_2,andrew_normal_left_2,2513944012535075,2026-09-19T22:28:27.137200Z,-9.4188643,-11.4270754,-2.3065889,0.9875932,-1.4505384,0.3889186,-2.4130270,-9.3955851,-1.4616455,-0.0724490,0.7505676,-0.6181455,0.2220263
gait_20260919_222807_andrew_normal_left_2,andrew_normal_left_2,2513944032704345,2026-09-19T22:28:27.156851Z,-8.2938890,-13.3621893,-0.8769512,0.7393501,-2.0426347,0.7201981,-2.5478406,-9.3996630,-1.1793892,-0.0755814,0.7406397,-0.6240954,0.2371608
gait_20260919_222807_andrew_normal_left_2,andrew_normal_left_2,2513944052871135,2026-09-19T22:28:27.176879Z,-4.6442275,-11.1185980,2.2384291,0.5936285,-0.4658264,0.3542952,-2.7340844,-9.3738546,-0.9443207,-0.0792306,0.7321779,-0.6262504,0.2558292
gait_20260919_222807_andrew_normal_left_2,andrew_normal_left_2,2513944073038655,2026-09-19T22:28:27.196973Z,-1.1317092,-12.0037041,2.9342439,0.8666525,0.7611501,-0.7824504,-2.7802143,-9.3719749,-0.8201399,-0.0752794,0.7282919,-0.6306147,0.2573891
gait_20260919_222807_andrew_normal_left_2,andrew_normal_left_2,2513944093207560,2026-09-19T22:28:27.217677Z,1.8859576,-15.7453928,3.0226796,0.9185794,0.9768847,-1.9961537,-2.5732636,-9.4408979,-0.6956316,-0.0729846,0.7241612,-0.6411019,0.2434178
gait_20260919_222807_andrew_normal_left_2,andrew_normal_left_2,2513944113376465,2026-09-19T22:28:27.237821Z,0.5652561,-22.7639942,-5.7577558,0.3870534,0.5003499,-2.8276165,-2.1324937,-9.5585470,-0.5681190,-0.0791100,0.7190148,-0.6541932,0.2208861
gait_20260919_222807_andrew_normal_left_2,andrew_normal_left_2,2513944133544353,2026-09-19T22:28:27.258118Z,-0.7933786,-20.8871651,4.1698017,-1.0720452,-1.2496923,-1.9631790,-1.5705236,-9.6675463,-0.5551084,-0.0972067,0.7163419,-0.6616159,0.1991721
gait_20260919_222807_andrew_normal_left_2,andrew_normal_left_2,2513944153691243,2026-09-19T22:28:27.278373Z,2.1706431,-10.6871176,4.9332528,-0.0831363,0.4093863,-0.1202578,-1.2552478,-9.7006912,-0.7463556,-0.1191374,0.7199035,-0.6554648,0.1947080
gait_20260919_222807_andrew_normal_left_2,andrew_normal_left_2,2513944173881755,2026-09-19T22:28:27.298024Z,3.3561471,-4.9438767,2.7673979,0.9356330,1.6254377,0.6127304,-1.2764777,-9.6988144,-0.7346535,-0.1112934,0.7207693,-0.6574929,0.1892314
gait_20260919_222807_andrew_normal_left_2,andrew_normal_left_2,2513944194051595,2026-09-19T22:28:27.318290Z,3.3194859,-2.5692029,1.5556326,1.3811417,1.5793897,0.4472573,-1.3823467,-9.6955891,-0.5663795,-0.0910819,0.7176453,-0.6664281,0.1804518
gait_20260919_222807_andrew_normal_left_2,andrew_normal_left_2,2513944214219279,2026-09-19T22:28:27.338918Z,3.6223524,-1.5624411,-0.3670610,1.5822042,0.6334979,0.0346068,-1.4394383,-9.6984320,-0.3233534,-0.0741385,0.7109374,-0.6779121,0.1717755
gait_20260919_222807_andrew_normal_left_2,andrew_normal_left_2,2513944234386759,2026-09-19T22:28:27.359069Z,4.6077909,-1.2018144,-3.0575452,1.2093066,-0.6041371,-0.6176600,-1.4187644,-9.7068377,-0.0232579,-0.0675605,0.7007722,-0.6901162,0.1676115
gait_20260919_222807_andrew_normal_left_2,andrew_normal_left_2,2513944254555461,2026-09-19T22:28:27.379117Z,2.0221279,-3.9234982,0.4096330,0.4332846,-1.6297845,-1.2456621,-1.2616596,-9.7262707,0.2096560,-0.0756145,0.6914350,-0.6987712,0.1670898
gait_20260919_222807_andrew_normal_left_2,andrew_normal_left_2,2513944274723104,2026-09-19T22:28:27.399062Z,1.6003742,-7.9201689,1.2627918,-0.1497852,-1.9284722,-1.2024286,-0.9879096,-9.7552061,0.3099913,-0.0954899,0.6853268,-0.7019855,0.1685979
gait_20260919_222807_andrew_normal_left_2,andrew_normal_left_2,2513944294892945,2026-09-19T22:28:27.419706Z,2.1207390,-11.2889605,2.7274446,-0.7821839,-1.6431575,-0.9025251,-0.7427011,-9.7774849,0.2920637,-0.1163690,0.6828496,-0.7004822,0.1717540
gait_20260919_222807_andrew_normal_left_2,andrew_normal_left_2,2513944315063029,2026-09-19T22:28:27.439216Z,1.9657892,-12.4955635,4.5202527,-1.0846355,-0.8411388,-0.6358960,-0.5670893,-9.7926140,0.1387515,-0.1331709,0.6855835,-0.6943138,0.1736928
gait_20260919_222807_andrew_normal_left_2,andrew_normal_left_2,2513944335229859,2026-09-19T22:28:27.459436Z,0.8788965,-11.7084694,5.3748331,-0.7247779,0.4760685,-0.5517938,-0.4472129,-9.7995539,-0.0698041,-0.1423145,0.6915406,-0.6872395,0.1709394
gait_20260919_222807_andrew_normal_left_2,andrew_normal_left_2,2513944355398682,2026-09-19T22:28:27.482590Z,0.0824503,-10.4120836,2.8207438,-0.0623689,1.7491930,-0.5924627,-0.3362906,-9.8022966,-0.1949701,-0.1403775,0.6965526,-0.6853549,0.1593654
gait_20260919_222807_andrew_normal_left_2,andrew_normal_left_2,2513944375568563,2026-09-19T22:28:27.499832Z,-0.8454525,-9.7273426,1.4930841,0.3514640,2.0340579,-0.7028281,-0.2084506,-9.8058825,-0.1932160,-0.1296858,0.6985332,-0.6896371,0.1401197
gait_20260919_222807_andrew_normal_left_2,andrew_normal_left_2,2513944395735108,2026-09-19T22:28:27.520011Z,-1.7541268,-9.6222219,0.5949591,0.8560607,1.3367757,-0.8821740,-0.2061117,-9.8061543,0.1815993,-0.1117264,0.6899898,-0.7037650,0.1270679
gait_20260919_222807_andrew_normal_left_2,andrew_normal_left_2,2513944415903077,2026-09-19T22:28:27.540890Z,-2.7998693,-10.1948099,0.1139490,1.8812418,-1.1882228,-1.3307136,-0.3823559,-9.7931385,0.4293780,-0.0953950,0.6833392,-0.7128679,0.1255655
gait_20260919_222807_andrew_normal_left_2,andrew_normal_left_2,2513944436072469,2026-09-19T22:28:27.560875Z,-3.3745525,-10.4399910,0.1635539,2.0335083,-2.3648546,-1.5031148,-0.0899369,-9.7739983,0.8348660,-0.1125640,0.6654372,-0.7268742,0.1271877
gait_20260919_222807_andrew_normal_left_2,andrew_normal_left_2,2513944456214315,2026-09-19T22:28:27.580373Z,-3.8626704,-10.3172140,0.1498621,1.4416952,-1.9934558,-1.4397800,0.2591542,-9.7297497,1.2251221,-0.1369665,0.6457365,-0.7392261,0.1334520
gait_20260919_222807_andrew_normal_left_2,andrew_normal_left_2,2513944476409709,2026-09-19T22:28:27.601444Z,-3.7768531,-9.7798653,0.0298527,0.7402161,-1.1980653,-1.1926861,0.5853931,-9.6822624,1.4653392,-0.1570197,0.6316348,-0.7470251,0.1354094
gait_20260919_222807_andrew_normal_left_2,andrew_normal_left_2,2513944496579590,2026-09-19T22:28:27.622021Z,-2.8753614,-8.9443636,0.0250643,0.5212173,-1.2793030,-0.9004267,0.8235996,-9.6488800,1.5674597,-0.1698455,0.6241519,-0.7507851,0.1338233
gait_20260919_222807_andrew_normal_left_2,andrew_normal_left_2,2513944516746053,2026-09-19T22:28:27.641436Z,-2.4872763,-8.8359509,0.3285294,0.4891751,-1.4645777,-0.7172171,0.9573300,-9.6293707,1.6108507,-0.1809025,0.6189600,-0.7518889,0.1372076
gait_20260919_222807_andrew_normal_left_2,andrew_normal_left_2,2513944536914184,2026-09-19T22:28:27.661650Z,-2.7168205,-9.9622736,0.4902876,0.2227626,-0.7849818,-0.5213338,1.1173886,-9.6029415,1.6646644,-0.1937053,0.6128435,-0.7529836,0.1411266
gait_20260919_222807_andrew_normal_left_2,andrew_normal_left_2,2513944557058920,2026-09-19T22:28:27.682226Z,-2.8425159,-10.5831194,0.6793547,-0.1349299,0.1622756,-0.3007695,1.1952333,-9.5926094,1.6701421,-0.1988922,0.6108476,-0.7532143,0.1413341
gait_20260919_222807_andrew_normal_left_2,andrew_normal_left_2,2513944577252319,2026-09-19T22:28:27.702145Z,-2.9523499,-10.7196636,1.1335049,-0.3144424,0.7018788,-0.1119142,1.2326653,-9.5930614,1.6400622,-0.1973253,0.6126233,-0.7531857,0.1358926
gait_20260919_222807_andrew_normal_left_2,andrew_normal_left_2,2513944597420777,2026-09-19T22:28:27.721896Z,-3.1735144,-11.6472673,1.4597149,-0.3190722,1.0153552,-0.0172035,1.2203157,-9.6023788,1.5941359,-0.1911838,0.6164672,-0.7529258,0.1285291
gait_20260919_222807_andrew_normal_left_2,andrew_normal_left_2,2513944617592448,2026-09-19T22:28:27.742621Z,-3.4509425,-12.0829372,1.0432734,-0.1734504,0.8857546,-0.0098758,1.1856114,-9.6124039,1.5595256,-0.1825369,0.6204937,-0.7531432,0.1201809
gait_20260919_222807_andrew_normal_left_2,andrew_normal_left_2,2513944637757976,2026-09-19T22:28:27.762515Z,-4.1492262,-11.8544407,-0.3533692,-0.0907471,0.3825069,0.0487959,1.1590271,-9.6170177,1.5510501,-0.1753732,0.6229020,-0.7538955,0.1134860
gait_20260919_222807_andrew_normal_left_2,andrew_normal_left_2,2513944657926229,2026-09-19T22:28:27.782715Z,-4.2152915,-11.2751932,-2.1336079,-0.5313428,-0.1974820,0.4793993,1.1323016,-9.6225948,1.5361285,-0.1717055,0.6245480,-0.7537625,0.1109025
gait_20260919_222807_andrew_normal_left_2,andrew_normal_left_2,2513944678094971,2026-09-19T22:28:27.802827Z,-3.0009074,-9.8047800,-1.3572131,-1.3834565,-0.7616330,1.2087404,1.0242660,-9.6553068,1.4007275,-0.1699620,0.6305488,-0.7485253,0.1150261
gait_20260919_222807_andrew_normal_left_2,andrew_normal_left_2,2513944698263997,2026-09-19T22:28:27.822597Z,-2.3734021,-10.3827553,-0.2367267,-2.0366228,-0.5412519,1.8541791,0.7462764,-9.7239876,1.0598242,-0.1672566,0.6446744,-0.7349569,0.1275093
gait_20260919_222807_andrew_normal_left_2,andrew_normal_left_2,2513944718430461,2026-09-19T22:28:27.842845Z,-1.0750713,-13.0512428,-1.1638813,-2.4284558,-0.1091330,2.4609976,0.3618199,-9.7829762,0.6313484,-0.1593554,0.6633692,-0.7175137,0.1404323
gait_20260919_222807_andrew_normal_left_2,andrew_normal_left_2,2513944738600911,2026-09-19T22:28:27.863735Z,0.1768717,-15.7038679,-0.1189619,-2.6969001,-0.3584087,2.7852657,-0.1446049,-9.8079891,0.1363027,-0.1449648,0.6853586,-0.6967905,0.1541161
gait_20260919_222807_andrew_normal_left_2,andrew_normal_left_2,2513944758768718,2026-09-19T22:28:27.883192Z,1.1484686,-18.3986168,1.9929484,-2.5044975,-0.4536857,2.8599083,-0.7044924,-9.7765846,-0.3977253,-0.1311908,0.7076906,-0.6727097,0.1715366
gait_20260919_222807_andrew_normal_left_2,andrew_normal_left_2,2513944778937419,2026-09-19T22:28:27.903429Z,4.4510455,-20.6075668,3.2475851,-1.7178836,-0.6284851,2.7236462,-1.2711190,-9.6888647,-0.8638759,-0.1168705,0.7268081,-0.6496630,0.1898140
gait_20260919_222807_andrew_normal_left_2,andrew_normal_left_2,2513944799106120,2026-09-19T22:28:27.924292Z,6.6809449,-19.0042744,2.6849475,-0.4294709,-1.3597747,2.1054366,-1.8016069,-9.5757360,-1.1382442,-0.1036206,0.7384360,-0.6325533,0.2094073
gait_20260919_222807_andrew_normal_left_2,andrew_normal_left_2,2513944819275798,2026-09-19T22:28:27.943407Z,3.6567690,-13.0693483,-2.6574891,0.8991277,-2.9756365,1.2207146,-2.2115316,-9.4937449,-1.1018412,-0.0980700,0.7380530,-0.6259063,0.2321667
gait_20260919_222807_andrew_normal_left_2,andrew_normal_left_2,2513944839444174,2026-09-19T22:28:27.964090Z,0.4073136,-9.2413197,-1.3275849,1.1852751,-3.0356739,1.0180532,-2.4762065,-9.4633436,-0.7413843,-0.1067102,0.7244309,-0.6282688,0.2628522
gait_20260919_222807_andrew_normal_left_2,andrew_normal_left_2,2513944859610433,2026-09-19T22:28:27.984301Z,0.8329577,-6.9746089,0.0309750,1.0480969,-0.3875697,1.3507816,-2.6547115,-9.4362173,-0.3826652,-0.1146113,0.7106756,-0.6313866,0.2883671
gait_20260919_222807_andrew_normal_left_2,andrew_normal_left_2,2513944879779867,2026-09-19T22:28:28.004236Z,1.1148002,-5.9736080,0.5088427,0.5791895,2.1470213,1.3863044,-2.9176929,-9.3638763,-0.2024815,-0.0997201,0.7064680,-0.6349474,0.2963119
gait_20260919_222807_andrew_normal_left_2,andrew_normal_left_2,2513944899949829,2026-09-19T22:28:28.025009Z,1.1163714,-5.2562456,1.4071920,0.0108417,3.0272801,1.1378947,-3.1611924,-9.2828245,-0.2686386,-0.0714620,0.7121914,-0.6368589,0.2865090
gait_20260919_222807_andrew_normal_left_2,andrew_normal_left_2,2513944920118083,2026-09-19T22:28:28.045016Z,0.5443816,-4.7551088,1.8989761,-0.3217035,2.9557683,0.7397498,-3.3357122,-9.2125921,-0.4871590,-0.0432183,0.7221494,-0.6353753,0.2700569
gait_20260919_222807_andrew_normal_left_2,andrew_normal_left_2,2513944940286174,2026-09-19T22:28:28.064431Z,-0.4944026,-4.5379848,2.0844519,-0.4779338,2.8788273,0.5019820,-3.4197376,-9.1636639,-0.7541879,-0.0196829,0.7324815,-0.6322202,0.2517560
gait_20260919_222807_andrew_normal_left_2,andrew_normal_left_2,2513944960454428,2026-09-19T22:28:28.084937Z,0.5865794,-4.9030256,2.6089318,-0.4598976,2.3771451,0.6430239,-3.4557753,-9.1220589,-1.0400846,0.0017545,0.7425917,-0.6280138,0.2327080
gait_20260919_222807_andrew_normal_left_2,andrew_normal_left_2,2513944980622437,2026-09-19T22:28:28.105307Z,3.9511809,-5.1501522,2.2400002,-0.1858243,1.3853052,0.5741434,-3.5233309,-9.0664091,-1.2737663,0.0207605,0.7502789,-0.6233579,0.2192611
gait_20260919_222807_andrew_normal_left_2,andrew_normal_left_2,2513945000791220,2026-09-19T22:28:28.126287Z,5.9852796,-4.8413005,1.3385832,0.0748426,0.4825136,-0.0476801,-3.5811741,-9.0280666,-1.3803446,0.0326151,0.7534903,-0.6212813,0.2125989
gait_20260919_222807_andrew_normal_left_2,andrew_normal_left_2,2513945020960083,2026-09-19T22:28:28.145861Z,6.8759975,-3.8949921,-0.0478840,0.3089466,0.0052293,-0.7381677,-3.5328183,-9.0470419,-1.3807101,0.0343436,0.7534590,-0.6228285,0.2078577
gait_20260919_222807_andrew_normal_left_2,andrew_normal_left_2,2513945041130453,2026-09-19T22:28:28.166807Z,6.4395795,-3.4012628,-1.4866496,0.5403859,-0.0618859,-1.2202482,-3.3701837,-9.1190748,-1.3116580,0.0289044,0.7513798,-0.6276212,0.2017042
gait_20260919_222807_andrew_normal_left_2,andrew_normal_left_2,2513945061298910,2026-09-19T22:28:28.185974Z,3.3510594,-5.7193737,-3.8349874,0.6979818,0.2973555,-1.3229696,-3.1256659,-9.2206278,-1.2026583,0.0207283,0.7479613,-0.6348491,0.1925901
gait_20260919_222807_andrew_normal_left_2,andrew_normal_left_2,2513945081465699,2026-09-19T22:28:28.205581Z,-1.6745197,-10.6676645,-7.2470989,0.4784001,0.7945245,-0.8916834,-2.8681061,-9.3171892,-1.0954981,0.0154664,0.7444115,-0.6427680,0.1801709
gait_20260919_222807_andrew_normal_left_2,andrew_normal_left_2,2513945101632813,2026-09-19T22:28:28.225789Z,-6.0175266,-14.5402861,-7.0443401,-0.2195318,1.0256807,-0.2012458,-2.6992474,-9.3699188,-1.0746171,0.0168772,0.7436250,-0.6470628,0.1674718
gait_20260919_222807_andrew_normal_left_2,andrew_normal_left_2,2513945121790081,2026-09-19T22:28:28.246440Z,-10.6860704,-15.3178034,-2.0281134,0.0258302,-0.2899944,0.4522201,-2.6654935,-9.3657923,-1.1887665,0.0231079,0.7473311,-0.6447238,0.1590393
gait_20260919_222807_andrew_normal_left_2,andrew_normal_left_2,2513945141970826,2026-09-19T22:28:28.266196Z,-16.3408012,-15.6389256,0.3854665,1.4076713,-2.0663664,0.8843057,-2.7875831,-9.3382864,-1.1233437,0.0245076,0.7450769,-0.6453674,0.1666155
gait_20260919_222807_andrew_normal_left_2,andrew_normal_left_2,2513945162138307,2026-09-19T22:28:28.286993Z,-15.1479645,-14.0571060,-1.5982045,1.4656268,-2.6305175,1.6449561,-3.0213561,-9.3083715,-0.6795184,0.0204837,0.7299282,-0.6563938,0.1895589
gait_20260919_222807_andrew_normal_left_2,andrew_normal_left_2,2513945182306722,2026-09-19T22:28:28.306547Z,-5.4805522,-10.2085018,1.2751368,0.2268928,-1.2967730,0.8912171,-3.3705230,-9.2091608,-0.2589597,0.0193804,0.7151948,-0.6634151,0.2190922
gait_20260919_222807_andrew_normal_left_2,andrew_normal_left_2,2513945202476075,2026-09-19T22:28:28.326576Z,-0.6024410,-11.6872206,3.3589153,0.1766313,-0.0246977,-0.8395400,-3.4959881,-9.1642036,-0.1776694,0.0181709,0.7123769,-0.6627697,0.2300550
gait_20260919_222807_andrew_normal_left_2,andrew_normal_left_2,2513945222643555,2026-09-19T22:28:28.346727Z,1.7795652,-14.3761339,3.2300026,0.6911038,0.7597678,-2.1359966,-3.2801449,-9.2442122,-0.1460342,0.0122591,0.7114017,-0.6672423,0.2203294
gait_20260919_222807_andrew_normal_left_2,andrew_normal_left_2,2513945242813925,2026-09-19T22:28:28.366910Z,2.7311108,-20.8498306,-10.8226891,0.1768645,0.1801286,-2.8705170,-2.8323050,-9.3920870,-0.0538751,0.0036997,0.7081904,-0.6779417,0.1970987
gait_20260919_222807_andrew_normal_left_2,andrew_normal_left_2,2513945262983236,2026-09-19T22:28:28.387122Z,0.0078560,-18.0037975,4.3802667,-1.1773478,-1.3320792,-2.2216475,-2.2687466,-9.5437813,-0.0718383,-0.0180560,0.7086039,-0.6827255,0.1773145
gait_20260919_222807_andrew_normal_left_2,andrew_normal_left_2,2513945283151490,2026-09-19T22:28:28.407346Z,1.8806454,-10.3457193,4.9316068,0.1136129,0.8213539,-0.4896914,-1.8852168,-9.6238689,-0.2514654,-0.0428348,0.7140675,-0.6772944,0.1718875
gait_20260919_222807_andrew_normal_left_2,andrew_normal_left_2,2513945303320191,2026-09-19T22:28:28.429027Z,3.1083472,-5.8505311,3.4501944,1.0587887,1.5713792,0.2997203,-1.8373181,-9.6338720,-0.2211101,-0.0356881,0.7133774,-0.6808434,0.1620846
gait_20260919_222807_andrew_normal_left_2,andrew_normal_left_2,2513945323487509,2026-09-19T22:28:28.447774Z,2.7558010,-3.5305498,1.8699464,1.4314697,1.2948078,0.1726344,-1.9023010,-9.6236811,-0.0462737,-0.0198574,0.7077105,-0.6894153,0.1531610
gait_20260919_222807_andrew_normal_left_2,andrew_normal_left_2,2513945343656535,2026-09-19T22:28:28.467937Z,2.2088754,-2.6237457,0.3702034,1.4972360,0.5250643,-0.1764148,-1.9224788,-9.6177521,0.1976154,-0.0084657,0.6990972,-0.7000191,0.1454814
gait_20260919_222807_andrew_normal_left_2,andrew_normal_left_2,2513945363826783,2026-09-19T22:28:28.488775Z,2.1391444,-2.3823802,-0.1720832,1.2463449,-0.4836294,-0.4905408,-1.8712968,-9.6182280,0.4733742,-0.0057054,0.6890000,-0.7108631,0.1411385
gait_20260919_222807_andrew_normal_left_2,andrew_normal_left_2,2513945383993287,2026-09-19T22:28:28.508218Z,2.0129251,-4.3691187,0.3419219,0.7284085,-1.2664962,-0.7652969,-1.7494607,-9.6254311,0.7256670,-0.0128750,0.6795296,-0.7197346,0.1416194
gait_20260919_222807_andrew_normal_left_2,andrew_normal_left_2,2513945404160645,2026-09-19T22:28:28.529078Z,1.8157775,-8.0028439,1.0400562,-0.0243647,-1.3950477,-0.8524468,-1.5648133,-9.6433029,0.8911689,-0.0277110,0.6729018,-0.7248381,0.1450690
gait_20260919_222807_andrew_normal_left_2,andrew_normal_left_2,2513945424331137,2026-09-19T22:28:28.549046Z,2.3994391,-10.5462341,2.5275288,-0.8953806,-0.8985448,-0.7664793,-1.3701006,-9.6724081,0.8963689,-0.0439189,0.6718999,-0.7243872,0.1479357
gait_20260919_222807_andrew_normal_left_2,andrew_normal_left_2,2513945444498779,2026-09-19T22:28:28.568657Z,2.3010523,-11.3022032,4.4164042,-1.2938418,-0.2108884,-0.7270262,-1.2075615,-9.7090988,0.7150683,-0.0563554,0.6778722,-0.7180910,0.1471691
gait_20260919_222807_andrew_normal_left_2,andrew_normal_left_2,2513945464665325,2026-09-19T22:28:28.590221Z,1.3165116,-10.5906019,5.1635447,-0.9087369,0.5838193,-0.7638147,-1.0615020,-9.7415371,0.4602180,-0.0638979,0.6867632,-0.7100899,0.1415836
gait_20260919_222807_andrew_normal_left_2,andrew_normal_left_2,2513945484836548,2026-09-19T22:28:28.609181Z,0.4081366,-9.8540106,2.8606222,-0.1450888,1.4807819,-0.8014691,-0.9133588,-9.7630148,0.2923269,-0.0649559,0.6928791,-0.7062210,0.1301970
gait_20260919_222807_andrew_normal_left_2,andrew_normal_left_2,2513945505002808,2026-09-19T22:28:28.629264Z,-0.3226935,-9.5048313,1.5133599,0.3445526,1.5951110,-0.8393901,-0.7374766,-9.7769794,0.3208262,-0.0598045,0.6927745,-0.7097725,0.1127381
gait_20260919_222807_andrew_normal_left_2,andrew_normal_left_2,2513945525175171,2026-09-19T22:28:28.649289Z,-1.2532150,-9.6435452,1.1231050,0.8220701,0.9738538,-0.9440765,-0.5747363,-9.7844067,0.4137379,-0.0540802,0.6900803,-0.7153071,0.0959176
gait_20260919_222807_andrew_normal_left_2,andrew_normal_left_2,2513945545341513,2026-09-19T22:28:28.670074Z,-2.1111622,-10.2810011,0.4317045,1.6162281,-0.5639179,-1.1683214,-0.4078389,-9.7829800,0.6025509,-0.0534006,0.6830704,-0.7234512,0.0847446
gait_20260919_222807_andrew_normal_left_2,andrew_normal_left_2,2513945565485962,2026-09-19T22:28:28.689684Z,-2.6886137,-10.7300634,0.0674866,1.8298645,-1.6753662,-1.2805188,-0.1656031,-9.7627525,0.9472852,-0.0661073,0.6689252,-0.7357153,0.0830180
gait_20260919_222807_andrew_normal_left_2,andrew_normal_left_2,2513945585652711,2026-09-19T22:28:28.709903Z,-3.0242507,-10.7302132,0.0962170,1.3996608,-1.7571702,-1.2353201,0.1272927,-9.7220144,1.3047454,-0.0866901,0.6527900,-0.7475206,0.0869659
gait_20260919_222807_andrew_normal_left_2,andrew_normal_left_2,2513945605846110,2026-09-19T22:28:28.730675Z,-2.8015900,-9.9086285,-0.1221791,0.8940316,-1.4702400,-1.1438901,0.4137829,-9.6781054,1.5489280,-0.1065190,0.6402270,-0.7553838,0.0903245
gait_20260919_222807_andrew_normal_left_2,andrew_normal_left_2,2513945626016521,2026-09-19T22:28:28.750870Z,-2.3219268,-9.0425253,-0.2163012,0.8497988,-1.9611804,-1.0560075,0.6196827,-9.6484547,1.6611508,-0.1221250,0.6325482,-0.7590480,0.0938848
gait_20260919_222807_andrew_normal_left_2,andrew_normal_left_2,2513945646184286,2026-09-19T22:28:28.770310Z,-1.9788826,-8.8123827,0.0410007,0.7368853,-1.9343843,-0.8975622,0.8244812,-9.6165476,1.7545267,-0.1413514,0.6243066,-0.7614912,0.1019429
gait_20260919_222807_andrew_normal_left_2,andrew_normal_left_2,2513945666351197,2026-09-19T22:28:28.790483Z,-2.5120413,-10.1606178,0.4116530,0.1779803,-0.8150421,-0.8004533,1.0499105,-9.5773067,1.8463490,-0.1599714,0.6160005,-0.7637107,0.1081590
gait_20260919_222807_andrew_normal_left_2,andrew_normal_left_2,2513945686549439,2026-09-19T22:28:28.810713Z,-3.4278982,-11.0149736,0.5680243,-0.3714320,0.4432936,-0.6628754,1.1992564,-9.5616198,1.8366579,-0.1683672,0.6140482,-0.7637213,0.1064277
gait_20260919_222807_andrew_normal_left_2,andrew_normal_left_2,2513945706689495,2026-09-19T22:28:28.830736Z,-3.7764790,-11.0689182,1.1819127,-0.4367320,0.7786866,-0.4214604,1.2939297,-9.5627155,1.7653154,-0.1677400,0.6171302,-0.7626278,0.0970183
gait_20260919_222807_andrew_normal_left_2,andrew_normal_left_2,2513945726856568,2026-09-19T22:28:28.850890Z,-3.5865142,-11.4421148,1.4583681,-0.2532060,0.7766049,-0.2124872,1.3340447,-9.5682917,1.7041839,-0.1641002,0.6205783,-0.7616599,0.0884764
gait_20260919_222807_andrew_normal_left_2,andrew_normal_left_2,2513945747026124,2026-09-19T22:28:28.871546Z,-3.8451626,-11.4325380,0.9398738,-0.1610599,0.7125873,-0.1022883,1.3385442,-9.5715466,1.6822405,-0.1593409,0.6226766,-0.7616811,0.0820140
gait_20260919_222807_andrew_normal_left_2,andrew_normal_left_2,2513945767194621,2026-09-19T22:28:28.891866Z,-5.0665798,-11.6080627,0.1896657,-0.3692504,0.6333647,0.0403524,1.3270714,-9.5753889,1.6694117,-0.1544874,0.6243832,-0.7618219,0.0768557
gait_20260919_222807_andrew_normal_left_2,andrew_normal_left_2,2513945787363526,2026-09-19T22:28:28.911886Z,-6.0563579,-11.9034472,-0.8765771,-0.8950974,0.6700865,0.5022485,1.2850935,-9.5926943,1.6015191,-0.1492796,0.6283649,-0.7599608,0.0730253
gait_20260919_222807_andrew_normal_left_2,andrew_normal_left_2,2513945807532390,2026-09-19T22:28:28.932460Z,-5.2243724,-11.7602444,-1.7925088,-1.5215507,0.3201213,1.3674355,1.1399007,-9.6393785,1.4209676,-0.1408308,0.6375183,-0.7540057,0.0721974
gait_20260919_222807_andrew_normal_left_2,andrew_normal_left_2,2513945827699993,2026-09-19T22:28:28.952305Z,-2.2901287,-12.4345112,-1.1832594,-2.0256643,-0.1460714,2.3398237,0.8270469,-9.7125158,1.1041561,-0.1301337,0.6522436,-0.7424242,0.0803118
gait_20260919_222807_andrew_normal_left_2,andrew_normal_left_2,2513945847869304,2026-09-19T22:28:28.972316Z,0.4999392,-14.2821617,-1.8666543,-2.4294050,-0.3569931,2.9643118,0.3354115,-9.7803326,0.6846347,-0.1167480,0.6708861,-0.7257685,0.0976832
gait_20260919_222807_andrew_normal_left_2,andrew_normal_left_2,2513945868037273,2026-09-19T22:28:28.992463Z,1.9572599,-16.5767040,0.1095347,-2.7064428,-0.9188958,3.0954945,-0.2634092,-9.8046598,0.1881476,-0.1016964,0.6918709,-0.7046924,0.1199213
gait_20260919_222807_andrew_normal_left_2,andrew_normal_left_2,2513945888205770,2026-09-19T22:28:29.013819Z,3.7754316,-18.9057388,2.6711810,-2.4487236,-0.7895616,2.9619637,-0.8757115,-9.7649755,-0.3383830,-0.0903053,0.7125782,-0.6802961,0.1458579
gait_20260919_222807_andrew_normal_left_2,andrew_normal_left_2,2513945908374838,2026-09-19T22:28:29.032970Z,6.7550902,-20.0194912,4.4892778,-1.6304007,-0.6741334,2.5118918,-1.4533572,-9.6701603,-0.7822259,-0.0779543,0.7297553,-0.6579204,0.1688824
gait_20260919_222807_andrew_normal_left_2,andrew_normal_left_2,2513945928572144,2026-09-19T22:28:29.053895Z,7.3032880,-16.5771542,1.7809868,-0.2757553,-1.0743600,1.5155886,-1.9260930,-9.5632801,-1.0343976,-0.0674833,0.7395949,-0.6425740,0.1885315
gait_20260919_222807_andrew_normal_left_2,andrew_normal_left_2,2513945948713258,2026-09-19T22:28:29.074149Z,2.3252187,-11.0840321,-2.8570309,0.7234623,-2.5096102,0.6958501,-2.1987047,-9.5098085,-0.9825118,-0.0659015,0.7380043,-0.6391664,0.2060897
gait_20260919_222807_andrew_normal_left_2,andrew_normal_left_2,2513945968879680,2026-09-19T22:28:29.093244Z,0.3003975,-7.9333367,-0.1333271,0.8368254,-2.5608709,0.8654701,-2.3567896,-9.4972639,-0.6954550,-0.0776531,0.7269359,-0.6420465,0.2308906
gait_20260919_222807_andrew_normal_left_2,andrew_normal_left_2,2513945989023357,2026-09-19T22:28:29.113236Z,-0.0240168,-6.5194111,0.3277064,0.7585021,0.0502115,1.4254078,-2.5599003,-9.4609680,-0.4160867,-0.0843608,0.7163900,-0.6439508,0.2549433
gait_20260919_222807_andrew_normal_left_2,andrew_normal_left_2,2513946009216431,2026-09-19T22:28:29.133832Z,1.3960440,-6.0413938,0.5692214,0.2659962,2.3897688,1.6483536,-2.8425291,-9.3839731,-0.3117753,-0.0688547,0.7143080,-0.6452512,0.2620576
gait_20260919_222807_andrew_normal_left_2,andrew_normal_left_2,2513946029384319,2026-09-19T22:28:29.153777Z,1.7527801,-5.7337389,1.9907039,-0.2776706,3.0777249,1.2992377,-3.1285646,-9.2870541,-0.4459040,-0.0399269,0.7211874,-0.6432908,0.2539131
gait_20260919_222807_andrew_normal_left_2,andrew_normal_left_2,2513946049554526,2026-09-19T22:28:29.173848Z,0.6183774,-5.1029415,2.3579893,-0.4949374,2.9735382,0.7562205,-3.3128059,-9.2060585,-0.7140842,-0.0129011,0.7315177,-0.6382585,0.2394612
gait_20260919_222807_andrew_normal_left_2,andrew_normal_left_2,2513946069724570,2026-09-19T22:28:29.193876Z,-0.5059248,-4.7393970,2.3353941,-0.6222065,2.5501792,0.5402527,-3.3817928,-9.1536703,-1.0049493,0.0084455,0.7416045,-0.6327109,0.2227744
gait_20260919_222807_andrew_normal_left_2,andrew_normal_left_2,2513946089890585,2026-09-19T22:28:29.214033Z,1.1582699,-4.9584665,2.7844565,-0.6066352,1.6384279,0.6470541,-3.4203002,-9.1042757,-1.2844509,0.0250901,0.7507504,-0.6261547,0.2089851
gait_20260919_222807_andrew_normal_left_2,andrew_normal_left_2,2513946110059531,2026-09-19T22:28:29.234152Z,3.9606829,-5.0488477,2.7100866,-0.3191388,0.6265365,0.4721215,-3.4955266,-9.0447445,-1.4866055,0.0365679,0.7571228,-0.6197893,0.2031972
gait_20260919_222807_andrew_normal_left_2,andrew_normal_left_2,2513946130227174,2026-09-19T22:28:29.254388Z,6.1631241,-4.6267948,1.6560394,0.0799054,-0.1313993,-0.0668654,-3.5496237,-9.0113430,-1.5594864,0.0404706,0.7593994,-0.6167369,0.2032495
gait_20260919_222807_andrew_normal_left_2,andrew_normal_left_2,2513946150397666,2026-09-19T22:28:29.275024Z,6.9094415,-3.5065329,0.1193360,0.4061388,-0.4729376,-0.7089401,-3.5156138,-9.0329361,-1.5108323,0.0363058,0.7580017,-0.6182443,0.2046687
gait_20260919_222807_andrew_normal_left_2,andrew_normal_left_2,2513946170567180,2026-09-19T22:28:29.294965Z,6.6439843,-2.5674820,-1.4980221,0.6193421,-0.3201880,-1.2409990,-3.3694606,-9.1075735,-1.3910222,0.0261999,0.7543953,-0.6234100,0.2038657
gait_20260919_222807_andrew_normal_left_2,andrew_normal_left_2,2513946190732912,2026-09-19T22:28:29.315564Z,4.3830352,-4.5113492,-5.1092262,0.7818675,0.1412251,-1.6134303,-3.1204526,-9.2155733,-1.2538459,0.0141280,0.7500616,-0.6308764,0.1979976
gait_20260919_222807_andrew_normal_left_2,andrew_normal_left_2,2513946210876588,2026-09-19T22:28:29.335986Z,-2.8752117,-10.5288010,-10.8247843,0.4420446,0.7944412,-1.4892421,-2.7970798,-9.3352137,-1.1252844,0.0032180,0.7457485,-0.6396675,0.1862107
gait_20260919_222807_andrew_normal_left_2,andrew_normal_left_2,2513946231045330,2026-09-19T22:28:29.355154Z,-8.5710173,-15.6404219,-7.3834934,-0.3791761,1.6249381,-0.4487228,-2.5098414,-9.4168491,-1.1224059,-0.0032901,0.7455456,-0.6438061,0.1722344
gait_20260919_222807_andrew_normal_left_2,andrew_normal_left_2,2513946251240357,2026-09-19T22:28:29.375515Z,-12.6644287,-18.7272968,1.4493898,0.4974022,0.4508379,0.8208210,-2.4293423,-9.4159622,-1.2938608,0.0039646,0.7513073,-0.6404221,0.1593145
gait_20260919_222807_andrew_normal_left_2,andrew_normal_left_2,2513946271406781,2026-09-19T22:28:29.395648Z,-15.8584442,-18.4693966,0.0014964,2.3027189,-2.0591722,1.8102295,-2.6286328,-9.3812323,-1.1484253,0.0125034,0.7462528,-0.6443443,0.1666458
gait_20260919_222807_andrew_normal_left_2,andrew_normal_left_2,2513946291576987,2026-09-19T22:28:29.415851Z,-12.7839146,-13.4655886,-1.0058640,1.5028983,-3.5601053,1.9182301,-3.0425677,-9.3110533,-0.5321551,0.0137821,0.7248969,-0.6592901,0.1991758
gait_20260919_222807_andrew_normal_left_2,andrew_normal_left_2,2513946311744630,2026-09-19T22:28:29.435970Z,-5.2347722,-10.8630915,1.7348984,-0.1179096,-2.1808789,0.5182362,-3.4090595,-9.1983995,-0.0623068,0.0042319,0.7083526,-0.6641729,0.2389416
gait_20260919_222807_andrew_normal_left_2,andrew_normal_left_2,2513946331915610,2026-09-19T22:28:29.456690Z,-0.3619734,-13.2661219,3.3960254,-0.2495588,-0.9960368,-1.2554380,-3.4482527,-9.1839867,0.0091977,-0.0092133,0.7057755,-0.6608107,0.2551968
gait_20260919_222807_andrew_normal_left_2,andrew_normal_left_2,2513946352083537,2026-09-19T22:28:29.477006Z,3.5495536,-16.2592487,-8.7916584,0.3172402,-0.2737402,-2.3330455,-3.1540732,-9.2890911,0.0269726,-0.0275581,0.7046978,-0.6628391,0.2515672
gait_20260919_222807_andrew_normal_left_2,andrew_normal_left_2,2513946372249554,2026-09-19T22:28:29.496838Z,1.8790742,-17.3141937,-3.0722845,-1.2071084,-1.7829837,-2.6450565,-2.6774869,-9.4370565,0.0956944,-0.0483672,0.7010423,-0.6703615,0.2383607
gait_20260919_222807_andrew_normal_left_2,andrew_normal_left_2,2513946392421021,2026-09-19T22:28:29.516988Z,-0.0127940,-11.5130424,5.9907417,-0.1233888,0.6929190,-1.3084641,-2.1749115,-9.5655422,-0.0791573,-0.0838451,0.7040882,-0.6651818,0.2340152
gait_20260919_222807_andrew_normal_left_2,andrew_normal_left_2,2513946412585532,2026-09-19T22:28:29.536708Z,1.9937714,-7.1294837,3.9805100,1.2229462,2.6463220,-0.0850848,-1.9707398,-9.6095514,-0.0939232,-0.0844107,0.7045628,-0.6693116,0.2202003
gait_20260919_222807_andrew_normal_left_2,andrew_normal_left_2,2513946432755779,2026-09-19T22:28:29.556851Z,2.6383355,-5.1067576,2.1929390,1.5249981,2.7598851,0.0970923,-1.9811611,-9.6076136,0.0699228,-0.0629390,0.7008417,-0.6809685,0.2028338
gait_20260919_222807_andrew_normal_left_2,andrew_normal_left_2,2513946452924602,2026-09-19T22:28:29.579227Z,2.4484453,-4.3574471,0.6807763,1.2737073,2.0198855,-0.2621158,-2.0009294,-9.6001587,0.2633528,-0.0423220,0.6953046,-0.6927831,0.1865799
gait_20260919_222807_andrew_normal_left_2,andrew_normal_left_2,2513946473093832,2026-09-19T22:28:29.597980Z,1.9694554,-4.2304797,0.4150199,0.6951506,0.8086137,-0.6875731,-1.9405775,-9.6068268,0.4232934,-0.0313089,0.6899756,-0.7021490,0.1730327
gait_20260919_222807_andrew_normal_left_2,andrew_normal_left_2,2513946493260906,2026-09-19T22:28:29.618296Z,1.6027684,-4.7818942,1.3465140,0.0535590,-0.1532492,-0.9632452,-1.7918392,-9.6313133,0.5130745,-0.0330707,0.6865633,-0.7073397,0.1649480
gait_20260919_222807_andrew_normal_left_2,andrew_normal_left_2,2513946513429444,2026-09-19T22:28:29.637574Z,1.3937994,-6.8550482,2.8413937,-0.4255239,-0.3793926,-1.1726015,-1.5887681,-9.6668806,0.5131768,-0.0438546,0.6859891,-0.7081765,0.1611886
gait_20260919_222807_andrew_normal_left_2,andrew_normal_left_2,2513946533597902,2026-09-19T22:28:29.658619Z,0.9772084,-9.4582939,3.9964464,-0.6926026,0.1565467,-1.2904611,-1.3434391,-9.7080870,0.4293096,-0.0573510,0.6881549,-0.7062134,0.1562577
gait_20260919_222807_andrew_normal_left_2,andrew_normal_left_2,2513946553741537,2026-09-19T22:28:29.677930Z,1.2046576,-10.7672491,4.6508117,-0.5176700,0.8056327,-0.8436702,-1.0526018,-9.7466145,0.3628314,-0.0678814,0.6906489,-0.7051556,0.1454373
gait_20260919_222807_andrew_normal_left_2,andrew_normal_left_2,2513946573936199,2026-09-19T22:28:29.698111Z,1.0078093,-10.5691290,4.0261493,-0.0089598,0.9134833,-0.4714721,-0.9074402,-9.7645016,0.2591562,-0.0688610,0.6943961,-0.7034804,0.1348616
gait_20260919_222807_andrew_normal_left_2,andrew_normal_left_2,2513946594106365,2026-09-19T22:28:29.719064Z,0.6294506,-9.7832317,2.3363667,0.4941547,0.6704029,-0.3603572,-0.8275287,-9.7714224,0.2657665,-0.0666774,0.6943890,-0.7051626,0.1269793
gait_20260919_222807_andrew_normal_left_2,andrew_normal_left_2,2513946614273276,2026-09-19T22:28:29.738988Z,0.2064999,-9.0225487,1.1680712,0.7388838,0.1306166,-0.3594912,-0.6457028,-9.7740154,0.5364861,-0.0689710,0.6861796,-0.7142695,0.1192472
gait_20260919_222807_andrew_normal_left_2,andrew_normal_left_2,2513946634440268,2026-09-19T22:28:29.759554Z,-0.1986439,-8.7395840,0.6233155,0.8690674,-0.6114814,-0.4395965,-0.5735133,-9.7689075,0.6896668,-0.0717857,0.6801676,-0.7198533,0.1184484
gait_20260919_222807_andrew_normal_left_2,andrew_normal_left_2,2513946654611859,2026-09-19T22:28:29.779702Z,-0.6753893,-8.7558947,0.3628712,1.0040972,-1.4063224,-0.6083838,-0.4703965,-9.7597399,0.8731215,-0.0807884,0.6722279,-0.7256647,0.1224495
gait_20260919_222807_andrew_normal_left_2,andrew_normal_left_2,2513946674777223,2026-09-19T22:28:29.798881Z,-1.1792940,-9.3024464,0.2097919,1.2246948,-2.1397769,-0.8883526,-0.3117203,-9.7442865,1.0898749,-0.0967357,0.6618063,-0.7318295,0.1306911
gait_20260919_222807_andrew_normal_left_2,andrew_normal_left_2,2513946694945884,2026-09-19T22:28:29.819674Z,-1.7168671,-10.0110550,0.2407669,1.1791131,-2.2020125,-1.1083506,-0.1096698,-9.7217989,1.3079450,-0.1180433,0.6492574,-0.7377478,0.1423337
gait_20260919_222807_andrew_normal_left_2,andrew_normal_left_2,2513946715116334,2026-09-19T22:28:29.839906Z,-2.2869115,-10.7271461,0.1496376,1.0528765,-1.7674789,-1.2350535,0.0847683,-9.6989193,1.4696597,-0.1384919,0.6376983,-0.7420451,0.1533948
gait_20260919_222807_andrew_normal_left_2,andrew_normal_left_2,2513946735284547,2026-09-19T22:28:29.859732Z,-2.3607576,-10.5286512,-0.3280804,0.9897749,-1.2896950,-1.2227130,0.3795398,-9.6606369,1.6625787,-0.1587145,0.6251283,-0.7477206,0.1579187
gait_20260919_222807_andrew_normal_left_2,andrew_normal_left_2,2513946755452394,2026-09-19T22:28:29.881598Z,-1.5697733,-9.6709290,-0.5490952,0.7557375,-0.8087136,-1.0959935,0.6540006,-9.6143560,1.8364568,-0.1751005,0.6135156,-0.7532890,0.1596695
gait_20260919_222807_andrew_normal_left_2,andrew_normal_left_2,2513946775622153,2026-09-19T22:28:29.900468Z,-1.4130279,-9.7178402,-0.1389385,0.2380842,-0.2455951,-1.0533428,0.2101387,-9.7263737,1.2607965,-0.1688100,0.6314294,-0.7361659,0.1756695
gait_20260919_222807_andrew_normal_left_2,andrew_normal_left_2,2513946795787762,2026-09-19T22:28:29.920471Z,-2.1597943,-10.1792479,0.5515642,-0.3103955,0.2704594,-1.0517941,0.0192599,-9.7615795,0.9732919,-0.1661653,0.6414921,-0.7268041,0.1806457
gait_20260919_222807_andrew_normal_left_2,andrew_normal_left_2,2513946815956870,2026-09-19T22:28:29.940895Z,-3.0359225,-10.7958298,1.2915970,-0.5520436,0.6000735,-0.9155984,0.2033785,-9.7670307,0.8943632,-0.1718502,0.6430498,-0.7261965,0.1720271
gait_20260919_222807_andrew_normal_left_2,andrew_normal_left_2,2513946836126588,2026-09-19T22:28:29.961020Z,-3.6437504,-11.1237602,1.7637784,-0.4209441,0.6786133,-0.6749828,0.3640491,-9.7716780,0.7860792,-0.1751952,0.6463192,-0.7247602,0.1621752
gait_20260919_222807_andrew_normal_left_2,andrew_normal_left_2,2513946856292686,2026-09-19T22:28:29.981206Z,-4.0732851,-11.3597393,1.5771804,-0.1891384,0.7005965,-0.4576160,0.4753678,-9.7722464,0.7164909,-0.1763029,0.6486514,-0.7241392,0.1542441
gait_20260919_222807_andrew_normal_left_2,andrew_normal_left_2,2513946876463868,2026-09-19T22:28:30.001299Z,-4.8582840,-11.5052614,0.7383119,-0.0441828,0.4824470,-0.3029512,0.5462738,-9.7700644,0.6953784,-0.1756077,0.6495735,-0.7247494,0.1481708
gait_20260919_222807_andrew_normal_left_2,andrew_normal_left_2,2513946896629396,2026-09-19T22:28:30.021592Z,-6.0984058,-11.9231243,-0.5415385,-0.2157846,0.1487360,0.0280951,0.5899873,-9.7676563,0.6934862,-0.1756344,0.6495570,-0.7253666,0.1451608
gait_20260919_222807_andrew_normal_left_2,andrew_normal_left_2,2513946916800335,2026-09-19T22:28:30.040895Z,-6.7328691,-12.3178682,-2.9459903,-0.7705762,-0.4203612,0.8218868,0.5618069,-9.7729406,0.6403947,-0.1760975,0.6514322,-0.7232080,0.1469563
gait_20260919_222807_andrew_normal_left_2,andrew_normal_left_2,2513946936965944,2026-09-19T22:28:30.061576Z,-4.3005848,-12.5508547,-2.5521443,-1.6578796,-1.3796427,1.9485568,0.3670040,-9.7925520,0.4553683,-0.1764412,0.6584720,-0.7143079,0.1582636
gait_20260919_222807_andrew_normal_left_2,andrew_normal_left_2,2513946957135174,2026-09-19T22:28:30.082061Z,-1.0561422,-13.5196829,-1.7707366,-2.3487668,-1.3495492,2.8896356,-0.0535558,-9.8094540,0.0887081,-0.1772311,0.6722894,-0.6952858,0.1821917
gait_20260919_222807_andrew_normal_left_2,andrew_normal_left_2,2513946977304079,2026-09-19T22:28:30.102175Z,1.7722330,-15.2426100,-1.0797101,-2.6838100,-1.3748964,3.3234200,-0.6595455,-9.7800350,-0.3899251,-0.1719372,0.6915417,-0.6695156,0.2096581
gait_20260919_222807_andrew_normal_left_2,andrew_normal_left_2,2513946997474244,2026-09-19T22:28:30.121610Z,3.5601032,-17.3529491,1.5358804,-2.4987686,-1.2875134,3.2031121,-1.3366029,-9.6772385,-0.8948047,-0.1651882,0.7115629,-0.6398504,0.2387105
gait_20260919_222807_andrew_normal_left_2,andrew_normal_left_2,2513947017641074,2026-09-19T22:28:30.142578Z,5.3814173,-19.2704048,3.2283566,-1.7717923,-0.3858543,2.7226803,-1.9719849,-9.5182238,-1.3231876,-0.1578804,0.7284532,-0.6117392,0.2649619
gait_20260919_222807_andrew_normal_left_2,andrew_normal_left_2,2513947037808392,2026-09-19T22:28:30.162799Z,7.1318030,-19.2561893,2.5725696,-0.8557776,-0.1519669,1.9277728,-2.4727645,-9.3543768,-1.6177697,-0.1464615,0.7410668,-0.5916297,0.2816793
gait_20260919_222807_andrew_normal_left_2,andrew_normal_left_2,2513947057977785,2026-09-19T22:28:30.182520Z,4.9493384,-14.4003754,0.8862287,0.0600706,-1.4200618,0.9839960,-2.8052945,-9.2392721,-1.7327137,-0.1385666,0.7465131,-0.5805011,0.2941700
gait_20260919_222807_andrew_normal_left_2,andrew_normal_left_2,2513947078146038,2026-09-19T22:28:30.202818Z,0.8770260,-10.1518641,0.1143231,0.8058491,-2.5394373,0.6711690,-3.0124774,-9.1999302,-1.5881979,-0.1435174,0.7406558,-0.5766690,0.3135039
gait_20260919_222807_andrew_normal_left_2,andrew_normal_left_2,2513947098315147,2026-09-19T22:28:30.223157Z,-0.7361422,-7.5019317,0.2275240,1.0880495,-1.5975091,1.1655568,-3.1062713,-9.2247095,-1.2214530,-0.1558588,0.7260933,-0.5788236,0.3368380
gait_20260919_222807_andrew_normal_left_2,andrew_normal_left_2,2513947118483115,2026-09-19T22:28:30.242698Z,-0.7611317,-5.8362408,-0.0452654,0.9093865,0.5974922,1.7777877,-3.3711154,-9.1655979,-0.9292752,-0.1522945,0.7165217,-0.5794979,0.3571908
gait_20260919_222807_andrew_normal_left_2,andrew_normal_left_2,2513947138653973,2026-09-19T22:28:30.263254Z,1.0950480,-5.0731640,0.4592378,0.3294309,2.5842364,1.9455591,-3.6961770,-9.0474014,-0.8478990,-0.1317251,0.7175676,-0.5792578,0.3636010
gait_20260919_222807_andrew_normal_left_2,andrew_normal_left_2,2513947158819134,2026-09-19T22:28:30.283861Z,1.5579519,-4.4275522,1.7554736,-0.2866470,3.4015267,1.3756958,-3.9870729,-8.9032927,-1.0347695,-0.1021211,0.7287592,-0.5762782,0.3555064
gait_20260919_222807_andrew_normal_left_2,andrew_normal_left_2,2513947178989260,2026-09-19T22:28:30.303320Z,0.1520318,-4.2543468,2.1713912,-0.5806217,3.3199394,0.6863574,-4.1209068,-8.7938862,-1.3862965,-0.0762481,0.7439314,-0.5713409,0.3381153
gait_20260919_222807_andrew_normal_left_2,andrew_normal_left_2,2513947199157920,2026-09-19T22:28:30.323249Z,-0.1506103,-4.7321396,2.8470051,-0.6820107,2.8060164,0.4795658,-4.1171908,-8.7273588,-1.7658025,-0.0572958,0.7584302,-0.5661051,0.3178456
gait_20260919_222807_andrew_normal_left_2,andrew_normal_left_2,2513947219307985,2026-09-19T22:28:30.343305Z,2.5133133,-5.0692730,3.0751276,-0.4325685,1.7830170,0.4679914,-4.0926142,-8.6644001,-2.1011438,-0.0428223,0.7705480,-0.5601082,0.3011658
gait_20260919_222807_andrew_normal_left_2,andrew_normal_left_2,2513947239493939,2026-09-19T22:28:30.363533Z,4.9867482,-4.6526074,2.1768532,-0.0193518,0.6200249,0.0752590,-4.0961304,-8.6144762,-2.2909966,-0.0340055,0.7772390,-0.5558599,0.2928532
gait_20260919_222807_andrew_normal_left_2,andrew_normal_left_2,2513947259662965,2026-09-19T22:28:30.383581Z,6.4808049,-3.8319199,0.5829881,0.2803185,-0.2114213,-0.5358727,-4.0679259,-8.6220284,-2.3127346,-0.0341196,0.7779282,-0.5558411,0.2910397
gait_20260919_222807_andrew_normal_left_2,andrew_normal_left_2,2513947279832480,2026-09-19T22:28:30.403738Z,6.9498439,-2.9638720,-0.9203461,0.4513375,-0.2918930,-1.0962433,-3.9620812,-8.6931152,-2.2288511,-0.0424570,0.7747223,-0.5595363,0.2914137
gait_20260919_222807_andrew_normal_left_2,andrew_normal_left_2,2513947300003297,2026-09-19T22:28:30.424062Z,6.2649527,-3.7137060,-4.0693946,0.6231725,0.2043268,-1.5086606,-3.7556911,-8.8102741,-2.1236680,-0.0542842,0.7704524,-0.5659608,0.2883481
gait_20260919_222807_andrew_normal_left_2,andrew_normal_left_2,2513947320168337,2026-09-19T22:28:30.444139Z,-1.2600235,-8.6028900,-9.9926500,0.4018421,1.0435669,-1.5513279,-3.4530010,-8.9536800,-2.0358093,-0.0651437,0.7666121,-0.5748783,0.2785270
gait_20260919_222807_andrew_normal_left_2,andrew_normal_left_2,2513947340335776,2026-09-19T22:28:30.464310Z,-6.9254527,-13.7849159,-8.3253126,-0.4817308,1.8590420,-0.5412519,-3.1301982,-9.0645409,-2.0669067,-0.0710494,0.7670363,-0.5812171,0.2622864
gait_20260919_222807_andrew_normal_left_2,andrew_normal_left_2,2513947360505413,2026-09-19T22:28:30.484580Z,-10.1250792,-17.1645565,-0.9857377,-0.1544150,1.0997739,0.6722016,-2.9876027,-9.0571203,-2.2975898,-0.0658380,0.7751040,-0.5779704,0.2466364
gait_20260919_222807_andrew_normal_left_2,andrew_normal_left_2,2513947380672649,2026-09-19T22:28:30.504687Z,-14.1056633,-18.3666687,1.1981484,1.7847823,-1.2487098,1.4692241,-3.1108949,-9.0048943,-2.3388734,-0.0562811,0.7771952,-0.5759376,0.2471756
gait_20260919_222807_andrew_normal_left_2,andrew_normal_left_2,2513947400841351,2026-09-19T22:28:30.524969Z,-13.1945953,-14.9371252,-2.5941176,2.1025722,-3.2085745,1.8707831,-3.4747250,-8.9874420,-1.8407427,-0.0503832,0.7609902,-0.5865283,0.2726536
gait_20260919_222807_andrew_normal_left_2,andrew_normal_left_2,2513947421010784,2026-09-19T22:28:30.545059Z,-6.2315831,-11.6908865,0.3271078,0.2835827,-2.3199389,0.8188226,-3.9178691,-8.9096308,-1.2267436,-0.0529550,0.7398511,-0.5934309,0.3124996
gait_20260919_222807_andrew_normal_left_2,andrew_normal_left_2,2513947441180096,2026-09-19T22:28:30.565129Z,-0.0733224,-14.5188885,2.9398553,-0.3889852,-0.8966629,-0.9205779,-4.0627956,-8.8656378,-1.0631397,-0.0632112,0.7333593,-0.5895059,0.3326730
gait_20260919_222807_andrew_normal_left_2,andrew_normal_left_2,2513947461346966,2026-09-19T22:28:30.585277Z,2.6279356,-17.7409592,-2.2028899,0.1184259,-0.3111782,-2.2437639,-3.8522253,-8.9570379,-1.0807111,-0.0798810,0.7323462,-0.5893101,0.3316652
gait_20260919_222807_andrew_normal_left_2,andrew_normal_left_2,2513947481516196,2026-09-19T22:28:30.605657Z,2.0371664,-19.2515507,-4.7244334,-0.6668057,-1.6558145,-2.7511919,-3.4073615,-9.1417961,-1.0264325,-0.1009232,0.7278138,-0.5977271,0.3206619
gait_20260919_222807_andrew_normal_left_2,andrew_normal_left_2,2513947501684409,2026-09-19T22:28:30.625613Z,-1.0077344,-12.9441023,6.9437833,-0.5720949,-0.0553076,-1.5867840,-2.9310753,-9.3011827,-1.0643834,-0.1366654,0.7232906,-0.5975657,0.3179445
gait_20260919_222807_andrew_normal_left_2,andrew_normal_left_2,2513947521834271,2026-09-19T22:28:30.646182Z,1.9667618,-7.4375877,4.0619130,0.6974655,3.2255950,-0.0095094,-2.6743710,-9.3661909,-1.1654770,-0.1465574,0.7249244,-0.5985914,0.3077237
gait_20260919_222807_andrew_normal_left_2,andrew_normal_left_2,2513947542021608,2026-09-19T22:28:30.666270Z,3.2066591,-4.1722708,2.8288240,1.0749263,3.5529606,0.3271660,-2.6241286,-9.3773966,-1.1893355,-0.1220883,0.7302471,-0.6087841,0.2849837
gait_20260919_222807_andrew_normal_left_2,andrew_normal_left_2,2513947562190798,2026-09-19T22:28:30.686196Z,3.1418660,-2.5019407,2.4557776,1.2295911,2.4932060,-0.0769244,-2.5983217,-9.3886156,-1.1570494,-0.0968191,0.7329276,-0.6195220,0.2638859
gait_20260919_222807_andrew_normal_left_2,andrew_normal_left_2,2513947582356976,2026-09-19T22:28:30.706860Z,2.2031894,-2.5535657,1.4144495,1.2962400,1.0863509,-0.6120477,-2.5089953,-9.4274921,-1.0312389,-0.0827076,0.7303237,-0.6307931,0.2487710
gait_20260919_222807_andrew_normal_left_2,andrew_normal_left_2,2513947602526573,2026-09-19T22:28:30.726886Z,1.7696143,-3.9969702,0.7881413,1.1052364,-0.2466943,-0.9244083,-2.3525345,-9.4883442,-0.8203732,-0.0816032,0.7230772,-0.6422239,0.2409326
gait_20260919_222807_andrew_normal_left_2,andrew_normal_left_2,2513947622696819,2026-09-19T22:28:30.746781Z,1.6817770,-6.8862476,0.9551368,0.4715387,-1.1220236,-1.0575396,-2.1678298,-9.5487967,-0.5975849,-0.0912714,0.7139949,-0.6511593,0.2405667
gait_20260919_222807_andrew_normal_left_2,andrew_normal_left_2,2513947642863365,2026-09-19T22:28:30.766955Z,1.8248307,-9.8071737,1.9808278,-0.3164741,-1.2423979,-0.9819975,-1.9694639,-9.5982513,-0.4805073,-0.1082855,0.7073729,-0.6543751,0.2443179
gait_20260919_222807_andrew_normal_left_2,andrew_normal_left_2,2513947663034100,2026-09-19T22:28:30.786975Z,2.1895723,-11.2016468,3.4034326,-0.7761219,-0.9595647,-0.7049265,-1.6619074,-9.6586819,-0.4289822,-0.1301408,0.7032021,-0.6548238,0.2444911
gait_20260919_222807_andrew_normal_left_2,andrew_normal_left_2,2513947683201377,2026-09-19T22:28:30.807674Z,1.6620997,-10.5242376,4.1690536,-0.6591282,-0.4275890,-0.5649504,-1.5394939,-9.6723032,-0.5591441,-0.1444567,0.7051124,-0.6488522,0.2468598
gait_20260919_222807_andrew_normal_left_2,andrew_normal_left_2,2513947703368857,2026-09-19T22:28:30.827819Z,0.8655039,-9.4227552,2.6973674,-0.0763415,0.3457184,-0.5385207,-1.4342467,-9.6819115,-0.6630813,-0.1536090,0.7069446,-0.6450010,0.2461859
gait_20260919_222807_andrew_normal_left_2,andrew_normal_left_2,2513947723535769,2026-09-19T22:28:30.847708Z,0.0170587,-8.8611650,1.2791771,0.4324853,0.6219900,-0.5574561,-0.8516669,-9.7725973,0.0844484,-0.1666867,0.6843163,-0.6705135,0.2331062
gait_20260919_222807_andrew_normal_left_2,andrew_normal_left_2,2513947743706016,2026-09-19T22:28:30.867656Z,-0.5315876,-8.9775085,0.5990742,0.8750961,0.2269761,-0.6404259,-0.7409112,-9.7803354,0.1794604,-0.1669158,0.6807801,-0.6759323,0.2275809
gait_20260919_222807_andrew_normal_left_2,andrew_normal_left_2,2513947763876548,2026-09-19T22:28:30.888386Z,-1.2566566,-9.5394726,0.0255880,1.4976357,-0.9470410,-0.8801755,-0.6101924,-9.7840776,0.3682331,-0.1703803,0.6728256,-0.6835904,0.2257890
gait_20260919_222807_andrew_normal_left_2,andrew_normal_left_2,2513947784043215,2026-09-19T22:28:30.908294Z,-1.8128597,-10.2452383,-0.3126678,1.7723585,-2.0073452,-1.0842857,-0.4220214,-9.7765312,0.6909550,-0.1828863,0.6569251,-0.6936201,0.2321491
gait_20260919_222807_andrew_normal_left_2,andrew_normal_left_2,2513947804211672,2026-09-19T22:28:30.928598Z,-2.2150106,-10.7804165,-0.1935562,1.3192557,-2.0299778,-1.1173770,-0.1769616,-9.7528038,1.0428860,-0.2025509,0.6369562,-0.7026752,0.2439419
gait_20260919_222807_andrew_normal_left_2,andrew_normal_left_2,2513947824380617,2026-09-19T22:28:30.948352Z,-2.6977415,-10.7145767,0.0161609,0.7201648,-1.5128740,-1.1311332,0.0887353,-9.7254820,1.2818892,-0.2224860,0.6203930,-0.7081865,0.2531490
gait_20260919_222807_andrew_normal_left_2,andrew_normal_left_2,2513947844547610,2026-09-19T22:28:30.968756Z,-2.7840075,-9.9871130,0.0739210,0.5724946,-1.2395002,-1.1799958,0.3479599,-9.7036219,1.3981278,-0.2396204,0.6090294,-0.7110061,0.2571687
gait_20260919_222807_andrew_normal_left_2,andrew_normal_left_2,2513947864718508,2026-09-19T22:28:30.988783Z,-2.3689129,-9.2165546,-0.0169839,0.6120310,-0.9673421,-1.1896716,0.5827519,-9.6795511,1.4841883,-0.2547038,0.5989115,-0.7133203,0.2600100
gait_20260919_222807_andrew_normal_left_2,andrew_normal_left_2,2513947884863406,2026-09-19T22:28:31.008904Z,-2.4590695,-9.0859203,0.2264765,0.2206143,-0.2079240,-1.0929958,0.6877311,-9.6676273,1.5166246,-0.2642955,0.5921867,-0.7140216,0.2638865
gait_20260919_222807_andrew_normal_left_2,andrew_normal_left_2,2513947905055096,2026-09-19T22:28:31.029137Z,-3.1251066,-9.7352734,0.6595278,-0.3271326,0.6698534,-0.9346671,0.8110656,-9.6590681,1.5101997,-0.2698151,0.5893957,-0.7153831,0.2608441
gait_20260919_222807_andrew_normal_left_2,andrew_normal_left_2,2513947925223432,2026-09-19T22:28:31.049155Z,-3.8961892,-10.4352026,0.9292495,-0.5796225,1.0771579,-0.6953005,0.8851022,-9.6648083,1.4297565,-0.2694544,0.5926356,-0.7159076,0.2522970
gait_20260919_222807_andrew_normal_left_2,andrew_normal_left_2,2513947945390261,2026-09-19T22:28:31.069717Z,-4.3212347,-10.6925793,1.3923780,-0.3947642,0.8404393,-0.4293377,0.9774469,-9.6696205,1.3338511,-0.2682534,0.5972847,-0.7162885,0.2412923
gait_20260919_222807_andrew_normal_left_2,andrew_normal_left_2,2513947965559369,2026-09-19T22:28:31.089564Z,-4.5631986,-10.8657103,0.8816648,-0.1258036,0.4567167,-0.2299405,1.0280677,-9.6713743,1.2820740,-0.2671892,0.5999565,-0.7165934,0.2348535
gait_20260919_222807_andrew_normal_left_2,andrew_normal_left_2,2513947985728070,2026-09-19T22:28:31.109688Z,-5.3101897,-10.3094330,-0.2262521,-0.1572129,0.1168105,-0.0281618,1.0529102,-9.6699562,1.2725828,-0.2673062,0.6002850,-0.7169067,0.2329167
gait_20260919_222807_andrew_normal_left_2,andrew_normal_left_2,2513948005897911,2026-09-19T22:28:31.129792Z,-6.1255651,-11.0068188,-2.2519712,-0.6195086,-0.2060421,0.5359393,1.0418788,-9.6759043,1.2359138,-0.2685995,0.6012244,-0.7152015,0.2342444
gait_20260919_222807_andrew_normal_left_2,andrew_normal_left_2,2513948026063885,2026-09-19T22:28:31.150220Z,-4.7024364,-12.3690443,-2.3026235,-1.4862111,-0.9411621,1.5447162,0.9125651,-9.7071619,1.0836663,-0.2698545,0.6070279,-0.7075841,0.2408740
gait_20260919_222807_andrew_normal_left_2,andrew_normal_left_2,2513948046232750,2026-09-19T22:28:31.170267Z,-2.4330328,-14.2573967,-1.1202619,-2.2998044,-1.0958769,2.5273466,0.5867476,-9.7644463,0.7399067,-0.2722777,0.6201569,-0.6893153,0.2571278
gait_20260919_222807_andrew_normal_left_2,andrew_normal_left_2,2513948066399986,2026-09-19T22:28:31.190816Z,0.3460370,-16.8494186,-0.7199065,-2.7263608,-0.9100193,3.2280598,0.0630879,-9.8065825,0.2511794,-0.2706981,0.6405360,-0.6628609,0.2775816
gait_20260919_222807_andrew_normal_left_2,andrew_normal_left_2,2513948086569745,2026-09-19T22:28:31.210583Z,2.4667759,-20.0383453,0.6707506,-2.6378953,-0.7426143,3.3763294,-0.5948095,-9.7875462,-0.2937179,-0.2643209,0.6643982,-0.6317888,0.2992533
gait_20260919_222807_andrew_normal_left_2,andrew_normal_left_2,2513948106737551,2026-09-19T22:28:31.231174Z,5.1194768,-22.6900730,2.2795045,-2.0602212,-0.5655666,3.0982258,-1.2639579,-9.6961994,-0.7888280,-0.2554911,0.6864631,-0.6010692,0.3197008
gait_20260919_222807_andrew_normal_left_2,andrew_normal_left_2,2513948126906334,2026-09-19T22:28:31.251136Z,8.3542671,-21.9046268,2.1941361,-1.0207012,-0.7977387,2.4110692,-1.8585002,-9.5643005,-1.1429120,-0.2456526,0.7030017,-0.5755390,0.3379323
gait_20260919_222807_andrew_normal_left_2,andrew_normal_left_2,2513948147074261,2026-09-19T22:28:31.271446Z,6.8737531,-15.0304995,-0.5173720,0.2868302,-1.8124944,1.2584857,-2.3075411,-9.4517231,-1.2555113,-0.2392906,0.7092488,-0.5591321,0.3564794
gait_20260919_222807_andrew_normal_left_2,andrew_normal_left_2,2513948167243491,2026-09-19T22:28:31.291631Z,1.7444004,-9.9671364,-2.1303906,0.9042737,-2.1771817,0.6213572,-2.5491488,-9.4136391,-1.0589542,-0.2428351,0.7009060,-0.5533262,0.3789354
gait_20260919_222807_andrew_normal_left_2,andrew_normal_left_2,2513948187425336,2026-09-19T22:28:31.311404Z,0.8549545,-7.2942348,0.2637363,0.7529230,-0.8479668,0.8974123,-2.6449153,-9.4144258,-0.7804618,-0.2505521,0.6880912,-0.5519645,0.3988600
gait_20260919_222807_andrew_normal_left_2,andrew_normal_left_2,2513948207579795,2026-09-19T22:28:31.331967Z,0.5658546,-5.3018103,0.3424457,0.5037473,1.3721985,1.2333549,-2.8320830,-9.3720655,-0.6162925,-0.2455090,0.6838167,-0.5507941,0.4107871
gait_20260919_222807_andrew_normal_left_2,andrew_normal_left_2,2513948227748334,2026-09-19T22:28:31.351786Z,1.1470470,-4.3304377,0.8580968,0.0133231,2.8434877,1.2259272,-3.0481431,-9.3025637,-0.6381844,-0.2266731,0.6911460,-0.5518582,0.4079081
gait_20260919_222807_andrew_normal_left_2,andrew_normal_left_2,2513948247916261,2026-09-19T22:28:31.372266Z,1.1020062,-3.8104467,2.2222681,-0.3417048,3.1112990,0.8964131,-3.2230456,-9.2269144,-0.8438948,-0.2034431,0.7058940,-0.5521531,0.3942735
gait_20260919_222807_andrew_normal_left_2,andrew_normal_left_2,2513948268085736,2026-09-19T22:28:31.392010Z,0.5754314,-3.9349453,2.8404210,-0.4744864,2.7862315,0.5215504,-3.3110156,-9.1663952,-1.1182625,-0.1833110,0.7212620,-0.5515080,0.3768516
gait_20260919_222807_andrew_normal_left_2,andrew_normal_left_2,2513948288254233,2026-09-19T22:28:31.412651Z,0.2971055,-4.6500635,2.5350106,-0.4853614,2.4238260,0.3603239,-3.3244882,-9.1248808,-1.3857977,-0.1683134,0.7343648,-0.5503684,0.3598245
gait_20260919_222807_andrew_normal_left_2,andrew_normal_left_2,2513948308422365,2026-09-19T22:28:31.432390Z,1.8648586,-4.6204352,2.5035119,-0.5104255,1.6870406,0.3949807,-3.3147633,-9.0884743,-1.6272994,-0.1562506,0.7454315,-0.5486704,0.3447875
gait_20260919_222807_andrew_normal_left_2,andrew_normal_left_2,2513948328593589,2026-09-19T22:28:31.452615Z,4.5952959,-4.2396822,2.1722891,-0.4099858,0.6659064,0.2063419,-3.3295031,-9.0469484,-1.8174907,-0.1482988,0.7536014,-0.5453060,0.3357587
gait_20260919_222807_andrew_normal_left_2,andrew_normal_left_2,2513948348759442,2026-09-19T22:28:31.472847Z,6.7321959,-3.5195513,1.4247744,-0.1507178,-0.2217467,-0.3606736,-3.3319371,-9.0257416,-1.9158040,-0.1476083,0.7571092,-0.5421128,0.3333336
gait_20260919_222807_andrew_normal_left_2,andrew_normal_left_2,2513948368927166,2026-09-19T22:28:31.493114Z,6.9928646,-3.1574283,-0.3107973,0.2358193,-0.7409156,-0.9973191,-3.2512848,-9.0572472,-1.9056633,-0.1554433,0.7552209,-0.5419364,0.3343407
gait_20260919_222807_andrew_normal_left_2,andrew_normal_left_2,2513948389095502,2026-09-19T22:28:31.513543Z,5.7187753,-4.1852140,-4.3106852,0.5239652,-0.4900411,-1.4400631,-3.0698678,-9.1421938,-1.7978652,-0.1689432,0.7486574,-0.5461789,0.3356470
gait_20260919_222807_andrew_normal_left_2,andrew_normal_left_2,2513948409264528,2026-09-19T22:28:31.533524Z,-0.6613982,-8.4365683,-8.8228579,0.3758953,0.9098528,-1.3228030,-2.7982247,-9.2517776,-1.6765126,-0.1819817,0.7414263,-0.5541446,0.3318034
gait_20260919_222807_andrew_normal_left_2,andrew_normal_left_2,2513948429432619,2026-09-19T22:28:31.553506Z,-6.1524997,-13.3461781,-7.7741227,-0.1029211,1.8658036,-0.3862540,-2.5233905,-9.3289948,-1.6847776,-0.1850726,0.7409570,-0.5620904,0.3174670
gait_20260919_222807_andrew_normal_left_2,andrew_normal_left_2,2513948449601117,2026-09-19T22:28:31.573829Z,-9.9256868,-16.6175556,-2.8312931,0.1399594,1.0809550,0.8933987,-2.4232154,-9.3312807,-1.8142157,-0.1772973,0.7473263,-0.5642977,0.3027168
gait_20260919_222807_andrew_normal_left_2,andrew_normal_left_2,2513948469773074,2026-09-19T22:28:31.593950Z,-13.4736691,-17.1162224,-0.8393921,1.2651639,-0.8442531,1.8131772,-2.6059766,-9.2833300,-1.8068745,-0.1646814,0.7499784,-0.5636552,0.3044755
gait_20260919_222807_andrew_normal_left_2,andrew_normal_left_2,2513948489942141,2026-09-19T22:28:31.614621Z,-12.0952082,-14.6050797,-4.7314663,1.3746966,-2.5416856,2.0740273,-3.0122154,-9.2205048,-1.4645755,-0.1536036,0.7405932,-0.5658674,0.3282101
gait_20260919_222807_andrew_normal_left_2,andrew_normal_left_2,2513948510107506,2026-09-19T22:28:31.634534Z,-7.2323594,-10.2753897,-1.7527801,-0.1502349,-2.2809854,0.9807817,-3.4592469,-9.1192865,-1.0527812,-0.1512483,0.7266676,-0.5631720,0.3632017
gait_20260919_222807_andrew_normal_left_2,andrew_normal_left_2,2513948530275026,2026-09-19T22:28:31.654892Z,-2.2218192,-8.8871269,1.5006407,-0.3433036,-0.9958369,-0.3981948,-3.6374588,-9.0588760,-0.9704525,-0.1607618,0.7216321,-0.5535361,0.3834068
gait_20260919_222807_andrew_normal_left_2,andrew_normal_left_2,2513948550443321,2026-09-19T22:28:31.674843Z,2.0975451,-12.3920135,3.0706384,0.5473639,-0.2832330,-1.3850720,-3.5216341,-9.1090040,-0.9275041,-0.1723453,0.7177414,-0.5530204,0.3864103
gait_20260919_222807_andrew_normal_left_2,andrew_normal_left_2,2513948570612591,2026-09-19T22:28:31.694780Z,5.2774191,-18.9789124,-5.5276880,1.0335747,0.4219267,-2.3732147,-3.2282424,-9.2303514,-0.7843461,-0.1832590,0.7099472,-0.5633449,0.3808330
gait_20260919_222807_andrew_normal_left_2,andrew_normal_left_2,2513948590765831,2026-09-19T22:28:31.715360Z,4.0000377,-20.2926559,0.3003975,-0.4584320,-0.8665193,-2.8293819,-2.7410622,-9.3985329,-0.6247236,-0.1968088,0.7005591,-0.5800076,0.3661619
gait_20260919_222807_andrew_normal_left_2,andrew_normal_left_2,2513948610942059,2026-09-19T22:28:31.735265Z,1.7726071,-13.9077682,6.3038583,-0.3468842,0.7888622,-1.6071517,-2.2125483,-9.5311747,-0.7053035,-0.2274405,0.6941594,-0.5821724,0.3570558
gait_20260919_222807_andrew_normal_left_2,andrew_normal_left_2,2513948631133669,2026-09-19T22:28:31.755166Z,2.9738231,-7.9004917,4.7356563,0.3494156,2.0684817,-0.0862506,-1.9381332,-9.5834808,-0.7978941,-0.2322658,0.6960398,-0.5871311,0.3418453
gait_20260919_222807_andrew_normal_left_2,andrew_normal_left_2,2513948651286745,2026-09-19T22:28:31.775827Z,3.0532806,-4.7139587,3.8088756,0.7867638,1.7454624,0.3326451,-1.2973198,-9.7237997,-0.0285215,-0.2291729,0.6759569,-0.6216144,0.3227345
gait_20260919_222807_andrew_normal_left_2,andrew_normal_left_2,2513948671454430,2026-09-19T22:28:31.795422Z,2.5403228,-4.0684967,2.3986909,0.9961866,1.2546219,0.0817873,-1.3646531,-9.7141171,0.0988144,-0.2151314,0.6760755,-0.6294226,0.3169664
gait_20260919_222807_andrew_normal_left_2,andrew_normal_left_2,2513948691624026,2026-09-19T22:28:31.816047Z,1.8871547,-4.8359132,1.1593174,0.9197286,0.6481034,-0.3145590,-1.3677489,-9.7104445,0.2695479,-0.2060431,0.6726871,-0.6381546,0.3127254
gait_20260919_222807_andrew_normal_left_2,andrew_normal_left_2,2513948711790978,2026-09-19T22:28:31.835981Z,1.5530887,-6.0809731,1.0971429,0.5115247,-0.0851681,-0.6136631,-1.2917284,-9.7150955,0.4294809,-0.2040163,0.6673369,-0.6458317,0.3097423
gait_20260919_222807_andrew_normal_left_2,andrew_normal_left_2,2513948731962486,2026-09-19T22:28:31.856157Z,1.6456395,-8.4376154,1.7256209,0.0236819,-0.6536991,-0.7711591,-1.1565130,-9.7277784,0.5185767,-0.2100114,0.6620495,-0.6497059,0.3089789
gait_20260919_222807_andrew_normal_left_2,andrew_normal_left_2,2513948752109540,2026-09-19T22:28:31.876418Z,1.7104326,-10.5657616,2.5477300,-0.2993040,-0.9681248,-0.7654801,-0.9907669,-9.7457867,0.5235983,-0.2218646,0.6578911,-0.6495194,0.3099678
gait_20260919_222807_andrew_normal_left_2,andrew_normal_left_2,2513948772271934,2026-09-19T22:28:31.896517Z,1.6201264,-10.9792109,3.1055040,-0.2857477,-0.9478570,-0.5897314,-0.8304362,-9.7631855,0.4761207,-0.2358726,0.6547225,-0.6467232,0.3121726
gait_20260919_222807_andrew_normal_left_2,andrew_normal_left_2,2513948792466962,2026-09-19T22:28:31.916610Z,1.3789854,-9.8302183,2.5135376,0.0861673,-0.7265599,-0.3934818,-0.7117298,-9.7741690,0.4417876,-0.2476416,0.6515896,-0.6439686,0.3152919
gait_20260919_222807_andrew_normal_left_2,andrew_normal_left_2,2513948812632693,2026-09-19T22:28:31.937090Z,0.9038860,-8.5772276,1.4707880,0.5200682,-0.5718285,-0.3342772,-0.5840369,-9.7781105,0.5324878,-0.2562041,0.6450555,-0.6456192,0.3184943
gait_20260919_222807_andrew_normal_left_2,andrew_normal_left_2,2513948832802493,2026-09-19T22:28:31.957190Z,0.3587562,-7.8899422,0.6631939,0.7747563,-0.5857345,-0.3437532,-0.5112592,-9.7746334,0.6567043,-0.2614579,0.6379277,-0.6484195,0.3228625
gait_20260919_222807_andrew_normal_left_2,andrew_normal_left_2,2513948852969607,2026-09-19T22:28:31.977163Z,-0.0223708,-8.1419315,0.2347814,0.7984215,-0.7684778,-0.3569431,-0.4333553,-9.7659006,0.8218759,-0.2664308,0.6291192,-0.6523927,0.3280356
gait_20260919_222807_andrew_normal_left_2,andrew_normal_left_2,2513948873141197,2026-09-19T22:28:31.997470Z,-0.4474913,-9.4535055,0.3688567,0.6359960,-0.9868605,-0.3839724,-0.3472399,-9.7544422,0.9830632,-0.2727571,0.6196683,-0.6556585,0.3342555
gait_20260919_222807_andrew_normal_left_2,andrew_normal_left_2,2513948893307294,2026-09-19T22:28:32.017667Z,-0.9475053,-10.9721775,0.3046622,0.4544351,-1.0337412,-0.4504215,-0.2489823,-9.7442026,1.1066295,-0.2811605,0.6105767,-0.6571636,0.3410000
gait_20260919_222807_andrew_normal_left_2,andrew_normal_left_2,2513948913476280,2026-09-19T22:28:32.037593Z,-1.6255882,-11.5499287,0.1307833,0.4637446,-1.3702000,-0.5647506,-0.1331481,-9.7360668,1.1947389,-0.2908102,0.6021222,-0.6576330,0.3469830
gait_20260919_222807_andrew_normal_left_2,andrew_normal_left_2,2513948933643069,2026-09-19T22:28:32.058033Z,-2.1719899,-10.9085817,0.2558803,0.4555676,-1.6057361,-0.6093497,0.0165008,-9.7251291,1.2875190,-0.3034478,0.5915866,-0.6574517,0.3545448
gait_20260919_222807_andrew_normal_left_2,andrew_normal_left_2,2513948953812584,2026-09-19T22:28:32.077938Z,-2.1924155,-9.7028761,0.4648492,0.2156847,-1.2022620,-0.4712389,0.1766382,-9.7123518,1.3693571,-0.3173549,0.5803319,-0.6563786,0.3628609
gait_20260919_222807_andrew_normal_left_2,andrew_normal_left_2,2513948973980959,2026-09-19T22:28:32.098091Z,-1.9000983,-8.9403982,0.5021838,-0.0896313,-0.5226995,-0.2813011,-0.0252334,-9.7253342,1.2858186,-0.3211420,0.5792744,-0.6491891,0.3739820
gait_20260919_222807_andrew_normal_left_2,andrew_normal_left_2,2513948994149620,2026-09-19T22:28:32.118172Z,-1.7935563,-8.8540573,0.6177040,-0.3087134,-0.1124305,-0.1766813,0.0212342,-9.7295732,1.2534198,-0.3266973,0.5774410,-0.6469888,0.3758143
gait_20260919_222807_andrew_normal_left_2,andrew_normal_left_2,2513949014316571,2026-09-19T22:28:32.138325Z,-1.8945618,-9.1379194,0.8598177,-0.4365488,-0.0168704,-0.1362789,0.0474835,-9.7381420,1.1842624,-0.3303326,0.5783673,-0.6445459,0.3754094
gait_20260919_222807_andrew_normal_left_2,andrew_normal_left_2,2513949034485843,2026-09-19T22:28:32.158410Z,-1.8166006,-8.9650135,1.2781296,-0.5219001,0.0598208,-0.0897479,0.0257848,-9.7491598,1.0905701,-0.3328128,0.5807627,-0.6410315,0.3755382
gait_20260919_222807_andrew_normal_left_2,andrew_normal_left_2,2513949054629194,2026-09-19T22:28:32.178558Z,-1.7378163,-8.9340382,1.2818706,-0.5177532,0.1927356,-0.0953436,0.0205018,-9.7599268,0.9897231,-0.3353250,0.5836397,-0.6376492,0.3746003
gait_20260919_222807_andrew_normal_left_2,andrew_normal_left_2,2513949074823448,2026-09-19T22:28:32.199022Z,-1.9387048,-8.5718403,0.8739585,-0.4475404,0.0623689,-0.1649902,0.0219449,-9.7692614,0.8928412,-0.3372439,0.5867029,-0.6349056,0.3727480
gait_20260919_222807_andrew_normal_left_2,andrew_normal_left_2,2513949094992027,2026-09-19T22:28:32.219024Z,-2.1524622,-8.1690912,0.4300585,-0.3735304,-0.3647205,-0.1460381,0.0542756,-9.7765255,0.8079081,-0.3408893,0.5882715,-0.6323268,0.3713408
gait_20260919_222807_andrew_normal_left_2,andrew_normal_left_2,2513949115159792,2026-09-19T22:28:32.239095Z,-2.1782746,-8.2424135,0.2198176,-0.4412452,-0.6882226,0.0550078,0.0848495,-9.7820902,0.7345910,-0.3469276,0.5878592,-0.6283724,0.3731098
gait_20260919_222807_andrew_normal_left_2,andrew_normal_left_2,2513949135328331,2026-09-19T22:28:32.259234Z,-1.9759645,-9.1808653,-0.1899649,-0.6119144,-0.7959900,0.4087535,0.0723619,-9.7887154,0.6418203,-0.3538108,0.5876916,-0.6218714,0.3777732
gait_20260919_222807_andrew_normal_left_2,andrew_normal_left_2,2513949155497520,2026-09-19T22:28:32.279476Z,-1.4077905,-11.9849253,-1.1852795,-0.7861309,-1.1467712,0.8928658,-0.0677511,-9.7972403,0.4955872,-0.3585941,0.5906504,-0.6114810,0.3855299
gait_20260919_222807_andrew_normal_left_2,andrew_normal_left_2,2513949175665449,2026-09-19T22:28:32.299905Z,0.1520318,-15.3672581,-1.3662661,-0.8595746,-2.1142466,1.4780174,-0.2547218,-9.8008795,0.3376393,-0.3647826,0.5935477,-0.5972485,0.3974028
gait_20260919_222807_andrew_normal_left_2,andrew_normal_left_2,2513949195834841,2026-09-19T22:28:32.319880Z,2.9168110,-18.0204830,-1.1210849,-0.7831332,-2.7511752,1.8636385,-0.5553560,-9.7925205,0.1850539,-0.3735683,0.5944284,-0.5762443,0.4183829
gait_20260919_222807_andrew_normal_left_2,andrew_normal_left_2,2513949216002118,2026-09-19T22:28:32.340033Z,6.8544497,-18.8905506,-1.3699323,-0.6216236,-2.6387780,1.7383512,-0.9219460,-9.7662868,0.0760161,-0.3828012,0.5929770,-0.5517698,0.4442878
gait_20260919_222807_andrew_normal_left_2,andrew_normal_left_2,2513949236171063,2026-09-19T22:28:32.360164Z,8.6598272,-16.4400101,-1.6539445,-0.3226194,-1.5978756,1.0172038,-1.2447524,-9.7306948,0.0171744,-0.3908629,0.5900137,-0.5296811,0.4674911
gait_20260919_222807_andrew_normal_left_2,andrew_normal_left_2,2513949256339643,2026-09-19T22:28:32.380265Z,6.2112327,-12.0982008,-1.0633997,-0.1307831,-0.2148687,0.1493855,-1.4083291,-9.7083845,0.0000795,-0.3954735,0.5875607,-0.5177569,0.4798968
gait_20260919_222807_andrew_normal_left_2,andrew_normal_left_2,2513949276507204,2026-09-19T22:28:32.400398Z,3.3410337,-9.5329628,-1.1052234,-0.1742498,0.5510444,-0.2630651,-1.4046779,-9.7088881,-0.0224252,-0.3972276,0.5873681,-0.5162309,0.4803276
gait_20260919_222807_andrew_normal_left_2,andrew_normal_left_2,2513949296675296,2026-09-19T22:28:32.420877Z,2.6230724,-7.5974007,-0.6810008,-0.4077376,0.6739502,-0.1633748,-1.1684552,-9.7394276,-0.1197644,-0.4031313,0.5881484,-0.5201302,0.4701395
gait_20260919_222807_andrew_normal_left_2,andrew_normal_left_2,2513949316843345,2026-09-19T22:28:32.441079Z,3.4237833,-5.8158898,-0.1282394,-0.4955702,0.5652169,-0.0323252,-1.1363651,-9.7413893,-0.2239051,-0.4036974,0.5923468,-0.5200176,0.4644734
gait_20260919_222807_andrew_normal_left_2,andrew_normal_left_2,2513949337014651,2026-09-19T22:28:32.461259Z,4.1889553,-5.1577840,-0.4074632,-0.4433936,0.3333612,-0.2308897,-1.1233664,-9.7397165,-0.3348075,-0.4047062,0.5964934,-0.5184632,0.4600049
gait_20260919_222807_andrew_normal_left_2,andrew_normal_left_2,2513949357180707,2026-09-19T22:28:32.481336Z,4.3854294,-5.5580645,-0.5117606,-0.3687508,-0.2295574,-0.5507280,-1.0599985,-9.7432728,-0.4256510,-0.4083210,0.5979569,-0.5174605,0.4560222
gait_20260919_222807_andrew_normal_left_2,andrew_normal_left_2,2513949377349083,2026-09-19T22:28:32.501649Z,4.0146275,-6.8906622,-0.1443255,-0.2677282,-0.8041171,-0.7550547,-0.9382524,-9.7528086,-0.4883928,-0.4168062,0.5947404,-0.5157993,0.4544310
gait_20260919_222807_andrew_normal_left_2,andrew_normal_left_2,2513949397517906,2026-09-19T22:28:32.521839Z,3.4667292,-7.7702322,0.4434510,-0.1009060,-1.0242151,-0.7641977,-0.7888190,-9.7643461,-0.5210027,-0.4284948,0.5876905,-0.5133036,0.4555562
gait_20260919_222807_andrew_normal_left_2,andrew_normal_left_2,2513949417660159,2026-09-19T22:28:32.542306Z,2.7323828,-8.9974852,0.4332009,0.0624188,-1.0030980,-0.6946843,-0.6459430,-9.7750082,-0.5177441,-0.4398445,0.5789785,-0.5110744,0.4583924
gait_20260919_222807_andrew_normal_left_2,andrew_normal_left_2,2513949437854088,2026-09-19T22:28:32.562127Z,1.6984617,-9.6154137,0.5817162,0.0651001,-0.8086970,-0.6211573,-0.4182841,-9.7901630,-0.4624651,-0.4514565,0.5677185,-0.5117635,0.4604137
gait_20260919_222807_andrew_normal_left_2,andrew_normal_left_2,2513949458023278,2026-09-19T22:28:32.582208Z,1.1022305,-9.8250551,0.4874445,-0.0899311,-0.4142492,-0.5649338,0.1396425,-9.8064995,-0.2217744,-0.4650355,0.5462749,-0.5251275,0.4577848
gait_20260919_222807_andrew_normal_left_2,andrew_normal_left_2,2513949478191897,2026-09-19T22:28:32.602687Z,0.2487725,-11.5656404,-0.4993407,-0.4246746,-0.1072511,-0.5786566,0.2647935,-9.8035965,-0.2355335,-0.4726115,0.5373015,-0.5285121,0.4567497
gait_20260919_222807_andrew_normal_left_2,andrew_normal_left_2,2513949498360517,2026-09-19T22:28:32.622783Z,-1.0670657,-11.9582891,-1.7025019,-0.7876797,0.1401093,-0.8654035,0.3821303,-9.7968760,-0.3336690,-0.4797124,0.5356792,-0.5272039,0.4527473
gait_20260919_222807_andrew_normal_left_2,andrew_normal_left_2,2513949518526939,2026-09-19T22:28:32.642877Z,-2.2601264,-10.9721775,-1.6233436,-0.9354165,0.1683876,-1.1880230,0.5668596,-9.7808418,-0.4999218,-0.4890452,0.5352073,-0.5265198,0.4440325
gait_20260919_222807_andrew_normal_left_2,andrew_normal_left_2,2513949538696251,2026-09-19T22:28:32.663225Z,-2.3011272,-10.2557878,-1.2371289,-0.6887056,0.0548080,-1.1713691,0.8091339,-9.7526846,-0.6830484,-0.5004350,0.5334541,-0.5264574,0.4333986
gait_20260919_222807_andrew_normal_left_2,andrew_normal_left_2,2513949558866702,2026-09-19T22:28:32.682880Z,-1.0624270,-10.4347544,-1.4995184,-0.2452621,0.1559139,-0.8147257,1.0261620,-9.7229033,-0.8051423,-0.5102053,0.5300469,-0.5271114,0.4253169
gait_20260919_222807_andrew_normal_left_2,andrew_normal_left_2,2513949579032962,2026-09-19T22:28:32.703223Z,1.2006173,-10.9753199,-1.9221699,-0.0529261,0.4229426,-0.4958367,1.1690167,-9.7041559,-0.8359876,-0.5150899,0.5268373,-0.5292115,0.4207854
gait_20260919_222807_andrew_normal_left_2,andrew_normal_left_2,2513949599202070,2026-09-19T22:28:32.723525Z,2.5496004,-11.0122051,-2.8489504,-0.1731840,1.0667659,-0.6652902,1.2681851,-9.6920843,-0.8314682,-0.5164158,0.5254211,-0.5324868,0.4167795
gait_20260919_222807_andrew_normal_left_2,andrew_normal_left_2,2513949619369754,2026-09-19T22:28:32.743687Z,3.1977556,-10.8313684,-2.8342860,-0.4878262,1.7745402,-1.0424678,1.4284816,-9.6689234,-0.8411244,-0.5159184,0.5265968,-0.5395678,0.4066823
gait_20260919_222807_andrew_normal_left_2,andrew_normal_left_2,2513949639538373,2026-09-19T22:28:32.763711Z,2.4492683,-8.1283894,-1.5313164,-0.7809016,1.8551451,-1.2974724,1.6787750,-9.6241446,-0.8908748,-0.5151860,0.5300475,-0.5498055,0.3890336
gait_20260919_222807_andrew_normal_left_2,andrew_normal_left_2,2513949659707807,2026-09-19T22:28:32.783713Z,1.4697405,-4.9432034,0.1834557,-0.6440398,1.7666628,-1.2738405,1.9689958,-9.5598745,-0.9838654,-0.5165077,0.5335555,-0.5590101,0.3688442
gait_20260919_222807_andrew_normal_left_2,andrew_normal_left_2,2513949679877810,2026-09-19T22:28:32.804133Z,0.9953893,-6.2064443,0.0399532,0.0180029,2.0013664,-1.3408891,2.2500496,-9.4938068,-1.0203123,-0.5167867,0.5353490,-0.5688168,0.3504005
gait_20260919_222807_andrew_normal_left_2,andrew_normal_left_2,2513949700043460,2026-09-19T22:28:32.824379Z,2.3077111,-8.9315691,0.0776619,0.2366853,1.1524835,-0.5770411,2.5376227,-9.4334087,-0.8985522,-0.5132056,0.5333230,-0.5834896,0.3342550
gait_20260919_222807_andrew_normal_left_2,andrew_normal_left_2,2513949720231773,2026-09-19T22:28:32.844450Z,4.5647702,-9.0801592,0.8980501,0.1141292,-0.2627820,0.4428606,2.6291230,-9.4170151,-0.8022766,-0.5102243,0.5317327,-0.5902112,0.3295183
gait_20260919_222807_andrew_normal_left_2,andrew_normal_left_2,2513949740382653,2026-09-19T22:28:32.864702Z,5.7548380,-7.3983078,0.5022586,0.2182827,-1.4197620,0.7107553,2.5617940,-9.4386959,-0.7644340,-0.5111523,0.5294181,-0.5872538,0.3370058
gait_20260919_222807_andrew_normal_left_2,andrew_normal_left_2,2513949760549929,2026-09-19T22:28:32.885110Z,5.6431336,-7.0346136,-0.9375544,0.5358561,-2.4251583,0.4185626,2.4884696,-9.4578142,-0.7703227,-0.5185012,0.5226114,-0.5787877,0.3507685
gait_20260919_222807_andrew_normal_left_2,andrew_normal_left_2,2513949780716922,2026-09-19T22:28:32.905284Z,5.5992146,-7.3388267,-1.9033155,0.7864807,-2.9717894,0.0597542,2.3933470,-9.4811001,-0.7853296,-0.5309699,0.5101720,-0.5661932,0.3704332
gait_20260919_222807_andrew_normal_left_2,andrew_normal_left_2,2513949800885623,2026-09-19T22:28:32.925113Z,5.7044101,-8.0192289,-2.8687027,0.8892019,-2.7676291,-0.2330048,2.4557812,-9.4626322,-0.8147709,-0.5490227,0.4913396,-0.5538249,0.3878627
gait_20260919_222807_andrew_normal_left_2,andrew_normal_left_2,2513949821053470,2026-09-19T22:28:32.945227Z,5.9448776,-9.0215769,-4.1959882,0.9868938,-2.8145099,-0.1428739,2.5293691,-9.4424229,-0.8240546,-0.5652879,0.4719951,-0.5430117,0.4034955
gait_20260919_222807_andrew_normal_left_2,andrew_normal_left_2,2513949841223432,2026-09-19T22:28:32.965778Z,6.6513166,-8.8655043,-4.6189389,1.0635849,-3.6761830,0.2091564,2.5038013,-9.4529114,-0.7807489,-0.5782743,0.4527137,-0.5305676,0.4232579
gait_20260919_222807_andrew_normal_left_2,andrew_normal_left_2,2513949861391442,2026-09-19T22:28:32.985413Z,7.0296006,-8.1994677,-3.8059578,0.7054760,-3.7655644,0.0764414,2.3983297,-9.4810324,-0.7708315,-0.5936376,0.4306154,-0.5106157,0.4488167
gait_20260919_222807_andrew_normal_left_2,andrew_normal_left_2,2513949881560102,2026-09-19T22:28:33.005790Z,7.1530519,-8.9230404,-2.4987235,-0.2079906,-2.1123147,-0.5470641,2.3405561,-9.4902315,-0.8327289,-0.6103081,0.4093673,-0.4899067,0.4689713
gait_20260919_222807_andrew_normal_left_2,andrew_normal_left_2,2513949901726566,2026-09-19T22:28:33.025963Z,6.7264347,-9.4897928,-0.3021931,-1.2262270,0.3416049,-1.1428909,2.4406250,-9.4495707,-0.9925222,-0.6243314,0.3975396,-0.4797490,0.4711831
gait_20260919_222807_andrew_normal_left_2,andrew_normal_left_2,2513949921896528,2026-09-19T22:28:33.046281Z,5.4991074,-9.8299189,2.0096331,-1.6609938,2.2725585,-1.4849287,2.6971054,-9.3535643,-1.2135037,-0.6328914,0.3985910,-0.4840235,0.4541971
gait_20260919_222807_andrew_normal_left_2,andrew_normal_left_2,2513949942066450,2026-09-19T22:28:33.066444Z,3.7160256,-9.1407633,3.6620812,-1.3562107,2.7143199,-1.6012729,3.0532320,-9.2200327,-1.3801874,-0.6348209,0.4071058,-0.4994278,0.4264260
gait_20260919_222807_andrew_normal_left_2,andrew_normal_left_2,2513949962233279,2026-09-19T22:28:33.086238Z,2.6708069,-5.4563856,5.3879266,-0.0447157,1.5479472,-2.2786040,3.4301682,-9.0812387,-1.4146286,-0.6332958,0.4128052,-0.5179330,0.4003423
gait_20260919_222807_andrew_normal_left_2,andrew_normal_left_2,2513949982400638,2026-09-19T22:28:33.106553Z,-0.9058313,-12.4737158,3.8152351,1.4119347,-2.0604877,-3.1333323,3.9064550,-8.9058762,-1.2888392,-0.6373941,0.3988937,-0.5349118,0.3853336
gait_20260919_222807_andrew_normal_left_2,andrew_normal_left_2,2513950002571129,2026-09-19T22:28:33.126706Z,-0.2145055,-13.0119629,2.0877440,1.8604077,-3.9171484,-2.3823245,4.3993349,-8.6823311,-1.2243755,-0.6583659,0.3576488,-0.5351762,0.3901645
gait_20260919_222807_andrew_normal_left_2,andrew_normal_left_2,2513950022740806,2026-09-19T22:28:33.146814Z,0.0882114,-13.1763391,0.4555717,2.0135403,-4.9247093,-1.5882496,4.6765265,-8.5286198,-1.2762684,-0.6813729,0.3140077,-0.5211891,0.4068072
gait_20260919_222807_andrew_normal_left_2,andrew_normal_left_2,2513950042908206,2026-09-19T22:28:33.167023Z,0.3015198,-14.2871742,-0.7582138,1.9582494,-5.0955286,-0.9530364,4.7829266,-8.4475975,-1.4134510,-0.7036701,0.2709377,-0.4969563,0.4295062
gait_20260919_222807_andrew_normal_left_2,andrew_normal_left_2,2513950063075645,2026-09-19T22:28:33.187119Z,0.8180688,-13.1666880,-2.6807578,2.4580331,-4.2984061,-0.6194087,4.7720604,-8.4269934,-1.5650359,-0.7222788,0.2309747,-0.4681360,0.4536659
gait_20260919_222807_andrew_normal_left_2,andrew_normal_left_2,2513950083244998,2026-09-19T22:28:33.207143Z,-0.3631705,-8.2229605,-7.8722849,2.7825511,-2.5291953,-0.3293143,4.7371092,-8.4548950,-1.5200925,-0.7306707,0.1943904,-0.4452545,0.4796678
gait_20260919_222807_andrew_normal_left_2,andrew_normal_left_2,2513950103412397,2026-09-19T22:28:33.227300Z,1.2239608,-5.7968860,-9.5756102,1.5552915,-0.8760120,0.6343639,4.7114353,-8.5114460,-1.2624630,-0.7276600,0.1682465,-0.4340658,0.5037767
gait_20260919_222807_andrew_normal_left_2,andrew_normal_left_2,2513950123580895,2026-09-19T22:28:33.247728Z,2.7786956,-7.3221421,-5.8189578,0.0049296,0.0355228,1.4767184,4.5506878,-8.6198168,-1.1072879,-0.7229606,0.1640942,-0.4259921,0.5185865
gait_20260919_222807_andrew_normal_left_2,andrew_normal_left_2,2513950143751712,2026-09-19T22:28:33.267906Z,3.3612347,-9.0659437,-3.5500774,-1.0931623,0.9783670,1.2108555,3.9655991,-8.7128239,-2.1440239,-0.7487612,0.1877466,-0.3915244,0.5008159
gait_20260919_222807_andrew_normal_left_2,andrew_normal_left_2,2513950163918053,2026-09-19T22:28:33.288110Z,2.5479543,-9.8585749,-1.8285716,-1.4441100,1.3008032,0.3817575,3.8178437,-8.7431240,-2.2842855,-0.7492108,0.2061988,-0.3907052,0.4934722
gait_20260919_222807_andrew_normal_left_2,andrew_normal_left_2,2513950184084638,2026-09-19T22:28:33.308863Z,2.8624177,-9.9972887,-0.2062006,-0.7796692,-0.2040936,0.0047464,3.8173201,-8.7024612,-2.4354279,-0.7510159,0.2188979,-0.3946006,0.4820262
gait_20260919_222807_andrew_normal_left_2,andrew_normal_left_2,2513950204253828,2026-09-19T22:28:33.328654Z,5.2167411,-8.8395424,-0.1943044,-0.0464311,-1.8089972,0.0076441,3.7881229,-8.6764927,-2.5699677,-0.7560884,0.2175944,-0.3887449,0.4794375
gait_20260919_222807_andrew_normal_left_2,andrew_normal_left_2,2513950224422366,2026-09-19T22:28:33.349738Z,5.9221325,-7.5608144,-0.7552958,0.3453853,-2.0099597,-0.6023551,3.7133765,-8.6800289,-2.6653457,-0.7628317,0.2055260,-0.3744871,0.4853929
gait_20260919_222807_andrew_normal_left_2,andrew_normal_left_2,2513950244590498,2026-09-19T22:28:33.368992Z,4.1922474,-9.3918543,-1.8739866,0.4673419,-1.4313865,-1.0277624,3.9863372,-8.5927343,-2.5514941,-0.7667532,0.1809874,-0.3728231,0.4902408
gait_20260919_222807_andrew_normal_left_2,andrew_normal_left_2,2513950264759850,2026-09-19T22:28:33.389011Z,3.9315784,-8.0431709,-1.7790415,0.2334711,-0.5660329,-0.6394600,4.1001048,-8.5318613,-2.5753846,-0.7713705,0.1633594,-0.3678780,0.4929170
gait_20260919_222807_andrew_normal_left_2,andrew_normal_left_2,2513950284903730,2026-09-19T22:28:33.409807Z,4.0523362,-7.1050930,-1.6239421,0.0517770,-0.3482998,0.0416015,4.1708164,-8.4959097,-2.5806828,-0.7732766,0.1547637,-0.3664564,0.4937626
gait_20260919_222807_andrew_normal_left_2,andrew_normal_left_2,2513950305095624,2026-09-19T22:28:33.429793Z,4.1953897,-7.7058129,-1.6184056,-0.1574127,0.0013490,1.0595047,4.1230803,-8.5128040,-2.6016309,-0.7742035,0.1535142,-0.3624475,0.4956551
gait_20260919_222807_andrew_normal_left_2,andrew_normal_left_2,2513950325264977,2026-09-19T22:28:33.449610Z,4.1525931,-8.7318783,0.1833809,-0.6475871,-0.4026581,1.9573168,3.9061332,-8.6032486,-2.6386263,-0.7734867,0.1630836,-0.3551070,0.4990202
gait_20260919_222807_andrew_normal_left_2,andrew_normal_left_2,2513950345432986,2026-09-19T22:28:33.470384Z,4.7890019,-12.0057993,1.9222447,-0.8481501,-0.5681146,2.3314800,3.6380439,-8.7651415,-2.4845669,-0.7680297,0.1743739,-0.3477509,0.5087175
gait_20260919_222807_andrew_normal_left_2,andrew_normal_left_2,2513950365601159,2026-09-19T22:28:33.490084Z,3.6368673,-12.3081417,1.6291795,0.1155948,-0.5272959,2.0924466,3.1873002,-8.8869848,-2.6643546,-0.7699287,0.1914928,-0.3290270,0.5121344
gait_20260919_222807_andrew_normal_left_2,andrew_normal_left_2,2513950385769168,2026-09-19T22:28:33.510750Z,0.6124667,-12.3207111,0.4584896,0.8010362,-0.4522868,1.4661765,2.7983761,-9.0243502,-2.6393783,-0.7662795,0.2023297,-0.3145457,0.5224362
gait_20260919_222807_andrew_normal_left_2,andrew_normal_left_2,2513950405936771,2026-09-19T22:28:33.530546Z,-0.6673837,-11.9476652,-0.7499837,1.1065187,-0.5735438,1.3189559,2.5188129,-9.1467180,-2.4958456,-0.7602515,0.2066839,-0.3047067,0.5352132
gait_20260919_222807_andrew_normal_left_2,andrew_normal_left_2,2513950426105838,2026-09-19T22:28:33.550351Z,-1.6583588,-10.3805103,-1.6175077,1.2416818,-0.7753059,0.5957768,2.2561259,-9.2635956,-2.3090720,-0.7534743,0.2081409,-0.2946891,0.5496473
gait_20260919_222807_andrew_normal_left_2,andrew_normal_left_2,2513950446276737,2026-09-19T22:28:33.570449Z,-1.8755578,-8.6278801,-1.4216321,1.1722350,-1.2043438,0.1173434,2.1246367,-9.3419609,-2.1094544,-0.7482736,0.2020167,-0.2870403,0.5629244
gait_20260919_222807_andrew_normal_left_2,andrew_normal_left_2,2513950466444827,2026-09-19T22:28:33.590904Z,-0.9477298,-8.0058365,-1.2882302,1.1172605,-1.1826937,-0.3706660,2.0614161,-9.3918543,-1.9441619,-0.7455270,0.1904831,-0.2783852,0.5748108
gait_20260919_222807_andrew_normal_left_2,andrew_normal_left_2,2513950486611983,2026-09-19T22:28:33.611015Z,0.0742951,-8.7584391,-1.0152164,1.1215073,-0.8091466,-1.1076179,2.1104898,-9.4132242,-1.7813286,-0.7434704,0.1756443,-0.2735764,0.5844287
gait_20260919_222807_andrew_normal_left_2,andrew_normal_left_2,2513950506779707,2026-09-19T22:28:33.632162Z,-0.2002899,-10.6827784,-1.5260043,1.1994975,-0.5822871,-1.6659068,2.3178947,-9.3970556,-1.5996339,-0.7412140,0.1574904,-0.2760435,0.5912686
gait_20260919_222807_andrew_normal_left_2,andrew_normal_left_2,2513950526949426,2026-09-19T22:28:33.651178Z,-0.0054618,-10.2206230,-0.4709095,1.3403063,-1.4219104,-1.6420751,2.6270595,-9.3475571,-1.3992429,-0.7385039,0.1359190,-0.2824282,0.5969694
gait_20260919_222807_andrew_normal_left_2,andrew_normal_left_2,2513950547116784,2026-09-19T22:28:33.672485Z,0.2918682,-9.6676369,-0.6149358,1.1864076,-0.9678583,-1.0647840,2.8281615,-9.3143625,-1.2166711,-0.7364848,0.1112926,-0.2796523,0.6058041
gait_20260919_222807_andrew_normal_left_2,andrew_normal_left_2,2513950567286218,2026-09-19T22:28:33.691530Z,0.7683891,-10.5032129,-2.8179007,1.0650339,0.0875329,-0.5250310,2.6860087,-9.3808699,-1.0103364,-0.7315267,0.1037458,-0.2704407,0.6172254
gait_20260919_222807_andrew_normal_left_2,andrew_normal_left_2,2513950587440595,2026-09-19T22:28:33.713059Z,0.5650316,-9.3404541,-4.2812066,0.7516574,-0.1358293,-0.2026447,2.7708883,-9.3761444,-0.8038887,-0.7250759,0.0980402,-0.2748158,0.6238024
gait_20260919_222807_andrew_normal_left_2,andrew_normal_left_2,2513950607622237,2026-09-19T22:28:33.733072Z,-0.4026748,-10.6471643,-4.5253406,-0.0313426,-0.0961596,0.5983415,2.7643468,-9.3836088,-0.7364680,-0.7230523,0.0944444,-0.2724975,0.6277108
gait_20260919_222807_andrew_normal_left_2,andrew_normal_left_2,2513950627790164,2026-09-19T22:28:33.752042Z,-2.5070283,-12.7548847,-3.5432689,-0.7546384,0.5130069,1.1862077,2.6211975,-9.4214954,-0.7751496,-0.7237586,0.0992894,-0.2664532,0.6287431
gait_20260919_222807_andrew_normal_left_2,andrew_normal_left_2,2513950647958500,2026-09-19T22:28:33.772752Z,-4.1642652,-15.4593601,-1.8921676,-1.1628423,0.4499885,2.1591289,2.3793623,-9.4731340,-0.9134842,-0.7264699,0.1141800,-0.2607203,0.6254833
gait_20260919_222807_andrew_normal_left_2,andrew_normal_left_2,2513950668126956,2026-09-19T22:28:33.793761Z,-1.1575217,-16.2752590,-0.4721066,-1.2915436,0.7839992,3.8857889,1.9216189,-9.5535269,-1.1285484,-0.7301096,0.1369852,-0.2462884,0.6225088
gait_20260919_222807_andrew_normal_left_2,andrew_normal_left_2,2513950688294885,2026-09-19T22:28:33.813048Z,1.9253870,-16.0502796,1.1607389,-1.1324322,1.7573034,4.4536538,1.1359470,-9.6496248,-1.3529557,-0.7296809,0.1758747,-0.2242216,0.6215775
gait_20260919_222807_andrew_normal_left_2,andrew_normal_left_2,2513950708465172,2026-09-19T22:28:33.833360Z,1.1066449,-15.6557598,3.3075895,-0.3184726,2.0186365,3.9494736,0.3194305,-9.6844149,-1.5317402,-0.7232041,0.2227769,-0.2080148,0.6197389
gait_20260919_222807_andrew_normal_left_2,andrew_normal_left_2,2513950728633386,2026-09-19T22:28:33.853157Z,-0.2471265,-14.9064493,3.3259950,0.8074479,2.3069155,3.6901555,-0.3706620,-9.6786032,-1.5567137,-0.7102468,0.2639317,-0.1985278,0.6216721
gait_20260919_222807_andrew_normal_left_2,andrew_normal_left_2,2513950748800784,2026-09-19T22:28:33.873Z,-2.0454712,-13.1111727,2.0506337,1.6134137,2.6081347,3.4523544,-1.0090660,-9.6584234,-1.3902352,-0.6887907,0.3023266,-0.1951094,0.6293635
gait_20260919_222807_andrew_normal_left_2,andrew_normal_left_2,2513950768969161,2026-09-19T22:28:33.893157Z,-1.0601076,-12.3098631,0.4682909,1.3926495,3.1690049,3.5653346,-1.6084648,-9.6114368,-1.1265972,-0.6614117,0.3393968,-0.1969292,0.6391896
gait_20260919_222807_andrew_normal_left_2,andrew_normal_left_2,2513950789136885,2026-09-19T22:28:33.913210Z,0.9129390,-11.7255278,1.1415854,0.0755921,3.4923406,3.4265909,-2.2289042,-9.4999695,-1.0093212,-0.6337651,0.3812521,-0.1995666,0.6427767
gait_20260919_222807_andrew_normal_left_2,andrew_normal_left_2,2513950809305871,2026-09-19T22:28:33.933545Z,0.8638579,-11.7344313,1.4647278,-0.7688608,3.3454530,2.9883101,-2.7898355,-9.3256865,-1.2184218,-0.6140596,0.4253879,-0.1992875,0.6342402
gait_20260919_222807_andrew_normal_left_2,andrew_normal_left_2,2513950829474328,2026-09-19T22:28:33.953739Z,1.8616414,-11.0452003,-0.6495020,-0.6773143,2.3610740,2.6210415,-3.2363110,-9.1255741,-1.5768082,-0.5999023,0.4655490,-0.1971883,0.6200791
gait_20260919_222807_andrew_normal_left_2,andrew_normal_left_2,2513950849644210,2026-09-19T22:28:33.974764Z,2.6954222,-7.1154180,-3.3824084,-0.6347469,0.8282320,2.0350406,-3.6230268,-8.9290667,-1.8389026,-0.5874813,0.4950241,-0.1910729,0.6109895
gait_20260919_222807_andrew_normal_left_2,andrew_normal_left_2,2513950869812381,2026-09-19T22:28:33.994009Z,1.0675147,-5.6123829,-2.1617396,-1.1088337,0.4098026,1.2697769,-3.9367239,-8.7591009,-2.0041034,-0.5808801,0.5110849,-0.1795567,0.6075606
gait_20260919_222807_andrew_normal_left_2,andrew_normal_left_2,2513950889986006,2026-09-19T22:28:34.014222Z,-1.1659014,-5.7893295,-0.9510967,-1.2717755,1.1162612,0.7029280,-4.1138258,-8.6177549,-2.2465260,-0.5815952,0.5222279,-0.1689778,0.6003928
gait_20260919_222807_andrew_normal_left_2,andrew_normal_left_2,2513950910147220,2026-09-19T22:28:34.034416Z,-2.7226563,-7.8950295,-2.0842273,-0.9563005,1.4770348,0.3041669,-4.1562772,-8.5059633,-2.5710068,-0.5839081,0.5354052,-0.1659603,0.5872393
gait_20260919_222807_andrew_normal_left_2,andrew_normal_left_2,2513950930316979,2026-09-19T22:28:34.054582Z,-5.9639564,-8.5022593,-0.6906524,0.3789429,0.3457850,-0.1545482,-4.1135049,-8.4431295,-2.8335063,-0.5853112,0.5463807,-0.1685809,0.5748561
gait_20260919_222807_andrew_normal_left_2,andrew_normal_left_2,2513950950506839,2026-09-19T22:28:34.074755Z,-5.8290582,-6.2642045,-5.7200470,1.1592450,1.3300974,0.0234654,-4.0812173,-8.4920015,-2.7323444,-0.5815352,0.5458324,-0.1746534,0.5773907
gait_20260919_222807_andrew_normal_left_2,andrew_normal_left_2,2513950970653608,2026-09-19T22:28:34.095592Z,-6.2360725,-4.0267482,-6.1340942,0.7294910,1.8657037,-0.0067115,-4.0367932,-8.5253277,-2.6942978,-0.5719327,0.5543911,-0.1878501,0.5746790
gait_20260919_222807_andrew_normal_left_2,andrew_normal_left_2,2513950990795088,2026-09-19T22:28:34.115236Z,-5.4827967,-4.5156889,-5.3761797,0.2048430,1.7304074,0.0432002,-4.1973619,-8.3178396,-3.0711198,-0.5658353,0.5789932,-0.1850428,0.5570965
gait_20260919_222807_andrew_normal_left_2,andrew_normal_left_2,2513951010964155,2026-09-19T22:28:34.135406Z,-3.6775687,-4.4638395,-2.1621137,-0.4110517,0.5682479,0.0166206,-4.1054749,-8.3161459,-3.1973283,-0.5619642,0.5883611,-0.1943623,0.5479515
gait_20260919_222807_andrew_normal_left_2,andrew_normal_left_2,2513951031156416,2026-09-19T22:28:34.156401Z,-4.1873093,-4.5191307,1.3802572,-0.3320456,-0.5713122,-0.2641642,-4.0831776,-8.2837420,-3.3080835,-0.5640479,0.5911699,-0.1933456,0.5431257
gait_20260919_222807_andrew_normal_left_2,andrew_normal_left_2,2513951051329023,2026-09-19T22:28:34.176639Z,-6.6201921,-5.5370402,3.8138137,0.2483264,-1.3560276,-0.4211439,-4.0829043,-8.2912169,-3.2896419,-0.5688588,0.5856884,-0.1890571,0.5455513
gait_20260919_222807_andrew_normal_left_2,andrew_normal_left_2,2513951071495202,2026-09-19T22:28:34.196905Z,-7.0184526,-5.7707744,2.3548470,1.1062356,-1.9207615,-0.2643474,-4.2362227,-8.3499165,-2.9273648,-0.5669718,0.5720314,-0.1838176,0.5635018
gait_20260919_222807_andrew_normal_left_2,andrew_normal_left_2,2513951091663374,2026-09-19T22:28:34.216851Z,-5.6083426,-6.5518079,-0.9334394,1.8421217,-2.0523772,-0.0751258,-4.3951812,-8.4234486,-2.4421353,-0.5612641,0.5561447,-0.1794359,0.5860790
gait_20260919_222807_andrew_normal_left_2,andrew_normal_left_2,2513951111831302,2026-09-19T22:28:34.237019Z,-4.3435307,-6.3975315,-3.0102596,1.6338480,-1.8185898,0.0045465,-4.4801130,-8.5114965,-1.9285065,-0.5535806,0.5400573,-0.1787207,0.6082317
gait_20260919_222807_andrew_normal_left_2,andrew_normal_left_2,2513951132000491,2026-09-19T22:28:34.256364Z,-3.2252889,-7.3770590,-3.9165399,0.8093298,-1.4611304,-0.0243813,-4.5430126,-8.5636482,-1.5036957,-0.5470610,0.5264608,-0.1772069,0.6262276
gait_20260919_222807_andrew_normal_left_2,andrew_normal_left_2,2513951152170373,2026-09-19T22:28:34.276706Z,-2.2968624,-9.4497643,-3.1547348,-0.1504181,-1.4664263,-0.1457883,-4.5743566,-8.5848761,-1.2693709,-0.5458547,0.5162336,-0.1729900,0.6368829
gait_20260919_222807_andrew_normal_left_2,andrew_normal_left_2,2513951172338016,2026-09-19T22:28:34.298034Z,-2.6084080,-11.7942114,-1.0714800,-0.7672121,-1.6462052,-0.3775440,-4.5292196,-8.6142149,-1.2319131,-0.5533113,0.5060543,-0.1656505,0.6405589
gait_20260919_222807_andrew_normal_left_2,andrew_normal_left_2,2513951192506351,2026-09-19T22:28:34.317712Z,-4.0667014,-13.2956009,0.0577601,-0.6541820,-1.6664397,-0.7148688,-4.4937387,-8.6336298,-1.2259208,-0.5636669,0.4941104,-0.1548667,0.6435456
gait_20260919_222807_andrew_normal_left_2,andrew_normal_left_2,2513951212673791,2026-09-19T22:28:34.337604Z,-4.7705965,-14.1930523,-0.4868459,0.1258369,-1.4633620,-0.9019422,-4.3977675,-8.6895609,-1.1778321,-0.5737594,0.4797387,-0.1476110,0.6471955
gait_20260919_222807_andrew_normal_left_2,andrew_normal_left_2,2513951232841801,2026-09-19T22:28:34.357709Z,-4.8380084,-13.7690544,-1.6377088,0.7969393,-1.3055662,-0.9165810,-4.2660060,-8.7766418,-1.0039301,-0.5784559,0.4645748,-0.1467222,0.6542414
gait_20260919_222807_andrew_normal_left_2,andrew_normal_left_2,2513951253010583,2026-09-19T22:28:34.377835Z,-4.0045266,-13.6607161,-1.5039327,1.1016059,-1.2267933,-0.8085138,-4.1259604,-8.8697643,-0.7347512,-0.5785774,0.4493747,-0.1494676,0.6640558
gait_20260919_222807_andrew_normal_left_2,andrew_normal_left_2,2513951273178918,2026-09-19T22:28:34.398026Z,-2.3472903,-13.2424040,-0.1420061,1.2662297,-0.9928225,-0.7736238,-3.9974451,-8.9482203,-0.4311720,-0.5762480,0.4348875,-0.1528998,0.6748575
gait_20260919_222807_andrew_normal_left_2,andrew_normal_left_2,2513951293324100,2026-09-19T22:28:34.418080Z,-0.8387188,-13.3375740,-0.3970634,1.3707829,-0.8860710,-1.0887157,-3.8583531,-9.0185862,-0.1198434,-0.5722588,0.4216903,-0.1584546,0.6852658
gait_20260919_222807_andrew_normal_left_2,andrew_normal_left_2,2513951313515425,2026-09-19T22:28:34.437599Z,-1.4351742,-12.7132111,-0.4439000,1.2691774,-0.8932489,-1.5536761,-3.6431043,-9.1063347,0.1963747,-0.5690454,0.4066392,-0.1673355,0.6948602
gait_20260919_222807_andrew_normal_left_2,andrew_normal_left_2,2513951333684126,2026-09-19T22:28:34.458431Z,-4.1023149,-11.8293018,-0.8539070,1.4188461,-1.3304305,-1.8290317,-3.3321111,-9.2135601,0.4934167,-0.5684913,0.3883542,-0.1785172,0.7029440
gait_20260919_222807_andrew_normal_left_2,andrew_normal_left_2,2513951353853682,2026-09-19T22:28:34.478088Z,-6.6103907,-10.2781582,-0.3637690,1.6257542,-2.3433044,-1.5165045,-2.9664958,-9.3114033,0.8566072,-0.5679711,0.3645024,-0.1886796,0.7134051
gait_20260919_222807_andrew_normal_left_2,andrew_normal_left_2,2513951374022708,2026-09-19T22:28:34.498428Z,-7.1402578,-8.5370502,0.1274164,1.7196822,-3.3742642,-0.6345804,-2.6467814,-9.3547821,1.3110019,-0.5658512,0.3347291,-0.1900262,0.7291495
gait_20260919_222807_andrew_normal_left_2,andrew_normal_left_2,2513951394188480,2026-09-19T22:28:34.519658Z,-6.3985786,-7.7531734,0.1060931,1.8594418,-3.2892962,0.2358193,-2.4518063,-9.3231411,1.8176328,-0.5609468,0.3027585,-0.1789329,0.7494392
gait_20260919_222807_andrew_normal_left_2,andrew_normal_left_2,2513951414357263,2026-09-19T22:28:34.539326Z,-6.4796824,-7.4376626,-0.9762357,1.9033581,-2.1941352,0.8391237,-2.6727557,-9.1816406,2.1885972,-0.5511157,0.2892580,-0.1544687,0.7672944
gait_20260919_222807_andrew_normal_left_2,andrew_normal_left_2,2513951434525679,2026-09-19T22:28:34.559567Z,-10.1386213,-5.9706903,-2.1672015,1.5327088,-1.0231327,1.2940917,-3.3275094,-8.9748611,2.1484091,-0.5427449,0.3038300,-0.1234229,0.7732284
gait_20260919_222807_andrew_normal_left_2,andrew_normal_left_2,2513951454696740,2026-09-19T22:28:34.580196Z,-12.6545534,-5.1879358,-2.9992614,0.7300572,-0.7154684,2.3145430,-3.5461769,-8.8091049,2.4617901,-0.5278244,0.3040229,-0.1130615,0.7849769
gait_20260919_222807_andrew_normal_left_2,andrew_normal_left_2,2513951474863326,2026-09-19T22:28:34.600429Z,-12.7337866,-5.5780411,-2.1795466,-0.4868936,-1.2016459,3.6286860,-3.9577763,-8.5885525,2.6093891,-0.5160120,0.3120080,-0.0918542,0.7924302
gait_20260919_222807_andrew_normal_left_2,andrew_normal_left_2,2513951495030847,2026-09-19T22:28:34.619990Z,-9.5962601,-6.7293530,-0.0873884,-1.5915804,-2.2155023,4.8056841,-4.5516362,-8.2923794,2.5990734,-0.5098480,0.3230340,-0.0529878,0.7955478
gait_20260919_222807_andrew_normal_left_2,andrew_normal_left_2,2513951515200647,2026-09-19T22:28:34.639280Z,-5.9206362,-7.6678801,2.5148096,-2.2049103,-3.4471750,5.5265651,-5.2451286,-7.8881035,2.5500140,-0.5076393,0.3306103,0.0041852,0.7956015
gait_20260919_222807_andrew_normal_left_2,andrew_normal_left_2,2513951535343184,2026-09-19T22:28:34.660857Z,-4.8870893,-7.4402061,5.4863133,-2.3294983,-3.9026093,5.6289530,-5.9220843,-7.3725438,2.6097176,-0.5052797,0.3300561,0.0741677,0.7938858
gait_20260919_222807_andrew_normal_left_2,andrew_normal_left_2,2513951555515588,2026-09-19T22:28:34.683881Z,-6.4546180,-6.9416885,7.3623199,-2.0159051,-2.7793202,5.4346852,-6.5058327,-6.7957187,2.7800097,-0.5002365,0.3253001,0.1447260,0.7893021
gait_20260919_222807_andrew_normal_left_2,andrew_normal_left_2,2513951575699995,2026-09-19T22:28:34.701068Z,-7.3734679,-6.8201079,8.0879879,-1.4151323,-1.5464483,5.5146909,-7.0694895,-6.1641884,2.8742363,-0.4926027,0.3300407,0.2049078,0.7787352
gait_20260919_222807_andrew_normal_left_2,andrew_normal_left_2,2513951595874475,2026-09-19T22:28:34.720477Z,-8.2117376,-6.6954598,7.9702225,-0.8991610,-1.1354133,5.6989164,-7.6375046,-5.4176035,2.9247587,-0.4801253,0.3445897,0.2575593,0.7644612
gait_20260919_222807_andrew_normal_left_2,andrew_normal_left_2,2513951616042077,2026-09-19T22:28:34.740190Z,-8.1247978,-7.1514058,7.5198135,-0.4448258,-1.6071851,5.9617648,-8.1473274,-4.5518641,3.0228639,-0.4620661,0.3618852,0.3081042,0.7487363
gait_20260919_222807_andrew_normal_left_2,andrew_normal_left_2,2513951636209640,2026-09-19T22:28:34.760217Z,-7.0618477,-7.4052658,7.4506059,-0.0767912,-2.9103365,6.0793915,-8.5267324,-3.5631945,3.2915950,-0.4357794,0.3755872,0.3608636,0.7340356
gait_20260919_222807_andrew_normal_left_2,andrew_normal_left_2,2513951656377933,2026-09-19T22:28:34.780526Z,-5.8830771,-7.1880670,8.7781906,0.4365321,-4.6612115,5.8047519,-8.6683483,-2.5073678,3.8482416,-0.3993977,0.3785307,0.4175475,0.7230837
gait_20260919_222807_andrew_normal_left_2,andrew_normal_left_2,2513951676546757,2026-09-19T22:28:34.800385Z,-5.8029466,-6.2268696,9.7149220,1.4607639,-5.8594265,5.3481183,-8.4655352,-1.4666860,4.7349396,-0.3506384,0.3672181,0.4745516,0.7190303
gait_20260919_222807_andrew_normal_left_2,andrew_normal_left_2,2513951696715254,2026-09-19T22:28:34.820599Z,-5.4311719,-5.0478001,9.0588360,2.4953544,-6.1356983,4.9530878,-7.9255748,-0.4163477,5.7661104,-0.2885404,0.3493930,0.5250620,0.7204018
gait_20260919_222807_andrew_normal_left_2,andrew_normal_left_2,2513951716882247,2026-09-19T22:28:34.840758Z,-5.4735193,-3.4138324,7.7905078,2.9551356,-5.9377165,4.5324435,-7.1386042,0.6589456,6.6964350,-0.2181207,0.3321421,0.5658382,0.7224487
gait_20260919_222807_andrew_normal_left_2,andrew_normal_left_2,2513951737052209,2026-09-19T22:28:34.860844Z,-4.9574938,-2.5721955,6.2341270,3.0621867,-5.3623910,4.2204657,-6.1926970,1.4748976,7.4639993,-0.1538510,0.3080216,0.5962831,0.7251889
gait_20260919_222807_andrew_normal_left_2,andrew_normal_left_2,2513951757199793,2026-09-19T22:28:34.881281Z,-3.5152118,-1.9224691,5.1523967,2.9332523,-4.4936900,3.9341853,-5.2150974,2.4291077,7.9459610,-0.0864829,0.2939032,0.6227402,0.7199558
gait_20260919_222807_andrew_normal_left_2,andrew_normal_left_2,2513951777388309,2026-09-19T22:28:34.901691Z,-1.2592005,-0.8449287,5.0619411,2.5558748,-3.4728720,3.5281298,-4.2906079,3.2676587,8.1944618,-0.0266782,0.2834463,0.6438555,0.7102089
gait_20260919_222807_andrew_normal_left_2,andrew_normal_left_2,2513951797556197,2026-09-19T22:28:34.922126Z,-0.0345663,1.0382606,5.6040778,1.9596649,-2.5596719,2.6436574,-3.4956715,3.9433606,8.2744360,0.0223071,0.2763413,0.6603369,0.6979206
gait_20260919_222807_andrew_normal_left_2,andrew_normal_left_2,2513951817724979,2026-09-19T22:28:34.941876Z,-0.7296330,1.8299183,6.2776718,1.2527400,-2.1353803,1.6550651,-2.8843455,4.4061184,8.2766409,0.0583431,0.2706688,0.6707106,0.6881002
gait_20260919_222807_andrew_normal_left_2,andrew_normal_left_2,2513951837893436,2026-09-19T22:28:34.962098Z,-2.4455273,1.3984382,7.2364745,0.6508346,-2.1066191,0.9882261,-2.3993511,4.6709685,8.2862101,0.0842602,0.2627071,0.6763252,0.6829858
gait_20260919_222807_andrew_normal_left_2,andrew_normal_left_2,2513951858062997,2026-09-19T22:28:34.997147Z,-8.4601364,1.5619922,10.2120934,0.3632050,-2.0978923,0.7831665,-1.9634755,4.8010640,8.3265028,0.1046564,0.2511367,0.6789545,0.6819077
gait_20260919_222807_andrew_normal_left_2,andrew_normal_left_2,2513951878232303,2026-09-19T22:28:35.002194Z,-7.5504889,2.3679402,12.0813665,0.4576660,-1.4946879,1.1906210,-1.5453631,4.8817668,8.3675756,0.1227553,0.2383911,0.6811014,0.6813236
gait_20260919_222807_andrew_normal_left_2,andrew_normal_left_2,2513951898398604,2026-09-19T22:28:35.022654Z,-2.2738183,1.8478748,10.8244104,0.9226596,-0.7180997,1.4868439,-1.1922792,5.0006886,8.3550997,0.1384607,0.2309313,0.6868286,0.6751044
gait_20260919_222807_andrew_normal_left_2,andrew_normal_left_2,2513951918568078,2026-09-19T22:28:35.042360Z,0.6717232,2.3702598,8.9277534,1.3806920,-0.4764183,1.0260471,-0.9364932,5.2008929,8.2649746,0.1529596,0.2316040,0.6937082,0.6646291
gait_20260919_222807_andrew_normal_left_2,andrew_normal_left_2,2513951938736576,2026-09-19T22:28:35.062471Z,2.2623711,3.5123687,6.7309990,1.5316930,-0.1627253,0.0842688,-0.7494572,5.4267683,8.1378508,0.1671337,0.2357045,0.6960760,0.6572579
gait_20260919_222807_andrew_normal_left_2,andrew_normal_left_2,2513951958879683,2026-09-19T22:28:35.083731Z,1.7896658,3.7651815,5.5083847,1.2591684,0.4195785,-0.7870802,-0.7440844,5.6737027,7.9681578,0.1776796,0.2459519,0.6915849,0.6554754
gait_20260919_222807_andrew_normal_left_2,andrew_normal_left_2,2513951979047164,2026-09-19T22:28:35.103165Z,0.8836849,3.3664720,5.9382186,0.6350967,1.0841858,-1.2892953,-0.9368852,5.8454251,7.8223634,0.1793727,0.2593589,0.6834404,0.6583827
gait_20260919_222807_andrew_normal_left_2,andrew_normal_left_2,2513951999240970,2026-09-19T22:28:35.123961Z,-0.7362170,3.1078234,7.3118920,0.1744497,0.9500886,-1.6729347,-1.2801994,5.8956056,7.7355690,0.1712088,0.2730226,0.6749517,0.6637668
gait_20260919_222807_andrew_normal_left_2,andrew_normal_left_2,2513952019408940,2026-09-19T22:28:35.143920Z,-4.8059111,2.7357495,8.8513641,0.1740999,-0.3500484,-1.6964333,-1.6176075,5.8601718,7.6992106,0.1613038,0.2822977,0.6643769,0.6729729
gait_20260919_222807_andrew_normal_left_2,andrew_normal_left_2,2513952039578047,2026-09-19T22:28:35.164870Z,-6.5337763,1.5772551,9.4919624,0.5316426,-1.0540756,-0.7662795,-1.7408433,5.8160801,7.7057633,0.1606713,0.2819943,0.6514241,0.6857920
gait_20260919_222807_andrew_normal_left_2,andrew_normal_left_2,2513952059752283,2026-09-19T22:28:35.183944Z,-2.1921909,6.5298109,8.7380133,0.9125007,0.2567699,0.3884690,-1.6482953,5.8864765,7.6725893,0.1697995,0.2795744,0.6442220,0.6913641
gait_20260919_222807_andrew_normal_left_2,andrew_normal_left_2,2513952079914432,2026-09-19T22:28:35.204084Z,-0.8299650,5.0106153,6.6751094,1.2361361,0.9924561,0.1665224,-1.6662390,6.0556083,7.5358720,0.1748312,0.2886977,0.6456962,0.6849556
gait_20260919_222807_andrew_normal_left_2,andrew_normal_left_2,2513952100083907,2026-09-19T22:28:35.224336Z,-1.5063269,4.9129767,6.4486327,0.8232858,0.6807950,0.0083936,-1.8090634,6.2449536,7.3460164,0.1768909,0.3037119,0.6445528,0.6789849
gait_20260919_222807_andrew_normal_left_2,andrew_normal_left_2,2513952120251468,2026-09-19T22:28:35.244417Z,-2.8136358,5.0713682,6.6245317,0.4359992,0.3579257,-0.2311229,-1.9026864,6.3520036,7.2296572,0.1779562,0.3126686,0.6429289,0.6761749
gait_20260919_222807_andrew_normal_left_2,andrew_normal_left_2,2513952140421432,2026-09-19T22:28:35.272431Z,-3.4939632,4.5679874,6.5901151,0.2553377,0.4649104,-0.2214303,-1.9840343,6.3958840,7.1688480,0.1775767,0.3177700,0.6404944,0.6762069
gait_20260919_222807_andrew_normal_left_2,andrew_normal_left_2,2513952160590376,2026-09-19T22:28:35.303350Z,-2.8092215,5.0962830,6.5146227,0.0913300,0.8656533,-0.0773407,-2.0864701,6.4182687,7.1195912,0.1750374,0.3230672,0.6392339,0.6755513
gait_20260919_222807_andrew_normal_left_2,andrew_normal_left_2,2513952180756230,2026-09-19T22:28:35.309425Z,-2.4465749,4.9006314,6.5452237,-0.0166539,0.9571666,-0.0183359,-2.2271469,6.4244080,7.0712738,0.1692770,0.3298731,0.6402277,0.6727835
gait_20260919_222807_andrew_normal_left_2,andrew_normal_left_2,2513952200919559,2026-09-19T22:28:35.325714Z,-2.6322751,4.5891609,6.1631989,-0.1405423,0.7985214,0.0072944,-2.3650928,6.4181175,7.0320845,0.1627541,0.3361301,0.6419163,0.6696799
gait_20260919_222807_andrew_normal_left_2,andrew_normal_left_2,2513952221092452,2026-09-19T22:28:35.350552Z,-3.0070424,4.7884035,6.1527991,-0.3046332,0.3527797,-0.0446824,-2.4713597,6.3940830,7.0174198,0.1567441,0.3400893,0.6437246,0.6673750
gait_20260919_222807_andrew_normal_left_2,andrew_normal_left_2,2513952241236983,2026-09-19T22:28:35.367844Z,-2.9573629,4.7578773,6.9844847,-0.4476070,-0.3258836,-0.0334577,-2.5134270,6.3429708,7.0487952,0.1526730,0.3396138,0.6448974,0.6674286
gait_20260919_222807_andrew_normal_left_2,andrew_normal_left_2,2513952261405400,2026-09-19T22:28:35.388251Z,-2.2938697,4.6789436,7.9349084,-0.4718218,-0.6281520,0.0190021,-2.4557409,6.2725763,7.1316366,0.1521774,0.3336119,0.6456276,0.6698585
gait_20260919_222807_andrew_normal_left_2,andrew_normal_left_2,2513952281598026,2026-09-19T22:28:35.405945Z,-2.1350293,4.5913305,8.2388973,-0.3229359,-0.5285450,0.0179029,-2.3563347,6.1430635,7.2764392,0.1508502,0.3232061,0.6468915,0.6740278
gait_20260919_222807_andrew_normal_left_2,andrew_normal_left_2,2513952301766891,2026-09-19T22:28:35.425889Z,-2.5932946,4.4697499,8.5234327,-0.1380109,-0.1747161,-0.0287613,-2.2531543,5.9304695,7.4825759,0.1455436,0.3097615,0.6491758,0.6792906
gait_20260919_222807_andrew_normal_left_2,andrew_normal_left_2,2513952321916589,2026-09-19T22:28:35.446360Z,-2.5053077,4.5525746,8.1062431,0.0336575,0.2388836,-0.0028811,-2.2671251,5.7698350,7.6029763,0.1386521,0.3031676,0.6500604,0.6828517
gait_20260919_222807_andrew_normal_left_2,andrew_normal_left_2,2513952342103561,2026-09-19T22:28:35.501525Z,-2.2852654,4.9166427,7.5106854,0.0291776,0.2080239,-0.0252973,-2.3509908,5.7158756,7.6182489,0.1346406,0.3049416,0.6505274,0.6824198
gait_20260919_222807_andrew_normal_left_2,andrew_normal_left_2,2513952362272790,2026-09-19T22:28:35.501685Z,-2.4070706,5.0640359,7.8915133,-0.1305999,0.1657230,-0.0733938,-2.3841617,5.6937065,7.6245384,0.1328980,0.3057079,0.6505611,0.6823863
gait_20260919_222807_andrew_normal_left_2,andrew_normal_left_2,2513952382434982,2026-09-19T22:28:35.509647Z,-3.0701149,4.7320647,8.3128929,-0.2688273,0.2617161,-0.0917630,-2.4514208,5.6155767,7.6610675,0.1289823,0.3053572,0.6509778,0.6828972
gait_20260919_222807_andrew_normal_left_2,andrew_normal_left_2,2513952402585616,2026-09-19T22:28:35.539259Z,-3.3123782,4.4770074,8.4432268,-0.2626654,0.4612799,0.0215668,-2.5972641,5.4518833,7.7309308,0.1185046,0.3040178,0.6518689,0.6845413
gait_20260919_222807_andrew_normal_left_2,andrew_normal_left_2,2513952422773930,2026-09-19T22:28:35.547232Z,-3.0571711,4.9814358,8.4130001,-0.1326650,0.6325319,0.1543984,-2.6977406,5.4088058,7.7267799,0.1100604,0.3055801,0.6539853,0.6832355
gait_20260919_222807_andrew_normal_left_2,andrew_normal_left_2,2513952442942143,2026-09-19T22:28:35.566911Z,-2.7948563,5.2353711,7.8573956,0.0578890,0.5050463,0.1665724,-2.7611248,5.4241810,7.6935396,0.1066366,0.3092720,0.6559312,0.6802455
gait_20260919_222807_andrew_normal_left_2,andrew_normal_left_2,2513952463109949,2026-09-19T22:28:35.587169Z,-3.2139914,5.0348563,7.2674499,0.3339275,0.0543750,0.0525431,-2.7712326,5.4790616,7.6508994,0.1071720,0.3126393,0.6559417,0.6786098
gait_20260919_222807_andrew_normal_left_2,andrew_normal_left_2,2513952483293298,2026-09-19T22:28:35.607202Z,-3.1688008,5.1995325,6.9798460,0.3558773,-0.3837226,0.0465643,-2.7085526,5.5386486,7.6304145,0.1118132,0.3131952,0.6546184,0.6788824
gait_20260919_222807_andrew_normal_left_2,andrew_normal_left_2,2513952503450037,2026-09-19T22:28:35.627558Z,-2.7864766,5.2998648,7.4002528,0.1948840,-0.6638080,0.0437332,-2.6028337,5.5738435,7.6415734,0.1176555,0.3108361,0.6534562,0.6800980
gait_20260919_222807_andrew_normal_left_2,andrew_normal_left_2,2513952523593347,2026-09-19T22:28:35.647580Z,-2.3754222,5.1887589,7.9985042,0.0403358,-0.7618162,0.0071612,-2.4814792,5.5795560,7.6776896,0.1232739,0.3059741,0.6524689,0.6822520
gait_20260919_222807_andrew_normal_left_2,andrew_normal_left_2,2513952543761439,2026-09-19T22:28:35.667649Z,-2.2009447,5.1906295,8.2418900,-0.0210172,-0.5532927,-0.0485794,-2.3938725,5.5724688,7.7105827,0.1274742,0.3011999,0.6514714,0.6845539
gait_20260919_222807_andrew_normal_left_2,andrew_normal_left_2,2513952563952804,2026-09-19T22:28:35.687811Z,-2.2570589,5.0601454,8.0392056,-0.0672485,-0.1409087,-0.1094828,-2.3791549,5.5543389,7.7281985,0.1285639,0.2989239,0.6506778,0.6861008
gait_20260919_222807_andrew_normal_left_2,andrew_normal_left_2,2513952584123825,2026-09-19T22:28:35.708230Z,-2.3858221,5.0858083,7.7310271,-0.1002732,0.1739001,-0.1361790,-2.4209874,5.5316644,7.7314701,0.1267909,0.2991668,0.6501834,0.6867932
gait_20260919_222807_andrew_normal_left_2,andrew_normal_left_2,2513952604294356,2026-09-19T22:28:35.729429Z,-2.7394156,5.0194440,7.7393317,-0.1549646,0.2088233,-0.1464045,-2.4731057,5.5010285,7.7368302,0.1238508,0.3001645,0.6498811,0.6871804
gait_20260919_222807_andrew_normal_left_2,andrew_normal_left_2,2513952624461308,2026-09-19T22:28:35.748437Z,-3.1619923,4.9025021,8.0734730,-0.2179663,0.1003065,-0.1154782,-2.5125484,5.4524426,7.7584839,0.1206579,0.2999731,0.6497339,0.6879707
gait_20260919_222807_andrew_normal_left_2,andrew_normal_left_2,2513952644629846,2026-09-19T22:28:35.769232Z,-3.2349405,5.0734630,8.3907795,-0.2108884,-0.1168438,-0.0405190,-2.5049701,5.4139056,7.7878666,0.1188501,0.2983366,0.6498443,0.6888921
gait_20260919_222807_andrew_normal_left_2,andrew_normal_left_2,2513952664773808,2026-09-19T22:28:35.790480Z,-2.9973910,5.0445828,8.6482306,-0.1516838,-0.2726244,0.0348067,-2.4575500,5.3902740,7.8193030,0.1193002,0.2953893,0.6501868,0.6897607
gait_20260919_222807_andrew_normal_left_2,andrew_normal_left_2,2513952684968388,2026-09-19T22:28:35.810630Z,-2.9741223,5.0526633,8.3679590,-0.0262132,-0.3102289,0.0751757,-2.4006894,5.3874197,7.8389106,0.1207537,0.2927724,0.6509897,0.6898661
gait_20260919_222807_andrew_normal_left_2,andrew_normal_left_2,2513952705135421,2026-09-19T22:28:35.829173Z,-3.1102924,4.8699560,7.9379759,0.0599707,-0.3342605,0.0798888,-2.3539615,5.3912811,7.8504176,0.1232643,0.2907774,0.6509675,0.6902868
gait_20260919_222807_andrew_normal_left_2,andrew_normal_left_2,2513952725303023,2026-09-19T22:28:35.849697Z,-2.6197057,5.3054013,7.8352494,0.0254139,-0.2660794,0.1056690,-2.3060453,5.3967576,7.8608694,0.1249309,0.2889885,0.6508763,0.6908242
gait_20260919_222807_andrew_normal_left_2,andrew_normal_left_2,2513952745473882,2026-09-19T22:28:35.869444Z,-2.1295676,5.0424881,8.1539774,0.0087100,-0.1339307,0.1259368,-2.2671275,5.4033175,7.8676810,0.1267166,0.2874807,0.6514648,0.6905733
gait_20260919_222807_andrew_normal_left_2,andrew_normal_left_2,2513952765614954,2026-09-19T22:28:35.890553Z,-2.1460278,4.9601126,8.0028439,0.0094594,0.1068848,0.1165107,-2.2726970,5.4088092,7.8622985,0.1265944,0.2878198,0.6524683,0.6895062
gait_20260919_222807_andrew_normal_left_2,andrew_normal_left_2,2513952785810958,2026-09-19T22:28:35.911448Z,-2.4987235,5.0327616,7.5661263,-0.0368384,0.0236985,0.1094495,-2.2726970,5.4088092,7.8622985,0.1263690,0.2881172,0.6528919,0.6890223
gait_20260919_222807_andrew_normal_left_2,andrew_normal_left_2,2513952805976079,2026-09-19T22:28:35.930091Z,-2.3413796,5.2958994,7.6165543,-0.1348800,0.0174699,0.1735837,-2.2623777,5.4071527,7.8664126,0.1263093,0.2877059,0.6538460,0.6882998
gait_20260919_222807_andrew_normal_left_2,andrew_normal_left_2,2513952826139774,2026-09-19T22:28:35.951768Z,-2.2587798,5.1937718,7.8899422,-0.2257104,-0.0006662,0.1650735,-2.2453935,5.3909431,7.8823881,0.1256454,0.2865825,0.6555872,0.6872330
gait_20260919_222807_andrew_normal_left_2,andrew_normal_left_2,2513952846312098,2026-09-19T22:28:35.970488Z,-2.3161657,5.0976295,8.2036572,-0.2711755,-0.0968758,0.1455385,-2.2269251,5.3597484,7.9088569,0.1244718,0.2847398,0.6574066,0.6864740
gait_20260919_222807_andrew_normal_left_2,andrew_normal_left_2,2513952866457035,2026-09-19T22:28:35.990361Z,-1.9969887,4.9955020,8.4587145,-0.2687441,-0.2948574,0.1469707,-2.1909790,5.3220124,7.9443002,0.1238199,0.2818420,0.6590341,0.6862272
gait_20260919_222807_andrew_normal_left_2,andrew_normal_left_2,2513952886650151,2026-09-19T22:28:36.010729Z,-1.5044565,4.8941970,8.9835682,-0.2697100,-0.2797023,0.1389935,-2.1238487,5.2850790,7.9870720,0.1244978,0.2776489,0.6604094,0.6864917
gait_20260919_222807_andrew_normal_left_2,andrew_normal_left_2,2513952906793258,2026-09-19T22:28:36.030962Z,-1.4525323,4.6656256,9.3656683,-0.2057590,-0.1780802,0.1086001,-2.0654817,5.2472634,8.0272112,0.1248206,0.2737983,0.6617596,0.6866795
gait_20260919_222807_andrew_normal_left_2,andrew_normal_left_2,2513952926987024,2026-09-19T22:28:36.050973Z,-1.4784944,4.7082725,9.1766014,-0.0804717,-0.0328415,0.1047864,-2.0281281,5.2198524,8.0545607,0.1248336,0.2712434,0.6628235,0.6866649
gait_20260919_222807_andrew_normal_left_2,andrew_normal_left_2,2513952947156457,2026-09-19T22:28:36.072359Z,-1.4856021,4.9874964,9.0173120,0.0146221,0.3082971,0.0755921,-2.0187223,5.2137160,8.0608950,0.1246186,0.2707516,0.6637125,0.6860390
gait_20260919_222807_andrew_normal_left_2,andrew_normal_left_2,2513952967303349,2026-09-19T22:28:36.091814Z,-1.8442835,4.8735471,8.3165588,0.1168438,0.4200448,0.0478966,-2.0708823,5.2219725,8.0422983,0.1225860,0.2734186,0.6645565,0.6845288
gait_20260919_222807_andrew_normal_left_2,andrew_normal_left_2,2513952987491378,2026-09-19T22:28:36.111729Z,-2.0175638,4.9609356,7.8774471,0.1480033,0.3284150,0.0499284,-2.1341615,5.2446313,8.0109491,0.1207774,0.2771217,0.6650265,0.6829028
gait_20260919_222807_andrew_normal_left_2,andrew_normal_left_2,2513953007634933,2026-09-19T22:28:36.132288Z,-2.0903625,4.8865657,7.7168860,0.1162609,0.1861573,0.0578890,-2.1786122,5.2709208,7.9816761,0.1198737,0.2801880,0.6653334,0.6815104
gait_20260919_222807_andrew_normal_left_2,andrew_normal_left_2,2513953027822961,2026-09-19T22:28:36.152481Z,-2.3118262,5.0159273,7.9566054,0.0618193,-0.0639843,0.0627353,-2.1963089,5.2909055,7.9635835,0.1197831,0.2818660,0.6656112,0.6805625
gait_20260919_222807_andrew_normal_left_2,andrew_normal_left_2,2513953047979212,2026-09-19T22:28:36.172322Z,-2.3416040,4.9809871,8.4113541,0.0278786,-0.1849749,0.0919795,-2.1722655,5.3019018,7.9628644,0.1210298,0.2813967,0.6657860,0.6803651
gait_20260919_222807_andrew_normal_left_2,andrew_normal_left_2,2513953068164718,2026-09-19T22:28:36.192414Z,-2.0085108,4.9707370,8.5617399,0.0603704,-0.0707791,0.1187757,-2.1309016,5.3100839,7.9685869,0.1227660,0.2801222,0.6661540,0.6802199
gait_20260919_222807_andrew_normal_left_2,andrew_normal_left_2,2513953088333826,2026-09-19T22:28:36.212498Z,-1.6312743,4.9682679,8.4068651,0.1212571,0.2220465,0.1026047,-2.1119618,5.3261786,7.9628859,0.1238216,0.2801751,0.6667496,0.6794227
gait_20260919_222807_andrew_normal_left_2,andrew_normal_left_2,2513953108502283,2026-09-19T22:28:36.232718Z,-1.4086136,4.6996684,8.4739780,0.1683543,0.5044634,0.0461480,-2.1451383,5.3501711,7.9378939,0.1231050,0.2827553,0.6674149,0.6778288
gait_20260919_222807_andrew_normal_left_2,andrew_normal_left_2,2513953128670781,2026-09-19T22:28:36.252687Z,-1.5977556,4.4369044,8.5372000,0.2614663,0.6681547,-0.0365886,-2.1737738,5.3374233,7.9386859,0.1207724,0.2840021,0.6688672,0.6762940
gait_20260919_222807_andrew_normal_left_2,andrew_normal_left_2,2513953148838505,2026-09-19T22:28:36.272833Z,-2.0069396,4.6488662,8.3460379,0.4047898,0.5678149,-0.0971589,-2.1848297,5.2621822,7.9857416,0.1163752,0.2822770,0.6707101,0.6759619
gait_20260919_222807_andrew_normal_left_2,andrew_normal_left_2,2513953169014694,2026-09-19T22:28:36.293334Z,-2.1396682,4.9656491,7.9222636,0.4630951,0.2285582,-0.1151118,-2.2793162,5.3231344,7.9186530,0.1153513,0.2886862,0.6694323,0.6746961
gait_20260919_222807_andrew_normal_left_2,andrew_normal_left_2,2513953189182662,2026-09-19T22:28:36.316826Z,-2.1706431,5.3062243,7.9203935,0.4039904,0.1169104,-0.1262866,-2.3198206,5.3916712,7.8603072,0.1169858,0.2931487,0.6674862,0.6744186
gait_20260919_222807_andrew_normal_left_2,andrew_normal_left_2,2513953209340988,2026-09-19T22:28:36.333877Z,-2.1703439,5.5125747,8.3532953,0.3492824,0.2959399,-0.1417747,-2.3522823,5.4473534,7.8121190,0.1184773,0.2967186,0.6655901,0.6744710
gait_20260919_222807_andrew_normal_left_2,andrew_normal_left_2,2513953229509689,2026-09-19T22:28:36.353521Z,-2.5124154,5.5122004,8.2780275,0.3589916,0.4927724,-0.1709523,-2.4209626,5.4941168,7.7582049,0.1181173,0.3014673,0.6639736,0.6740214
gait_20260919_222807_andrew_normal_left_2,andrew_normal_left_2,2513953249677414,2026-09-19T22:28:36.373795Z,-2.7854292,5.5471411,7.9288478,0.3834562,0.4259403,-0.1673218,-2.5208189,5.5419440,7.6921024,0.1165777,0.3076126,0.6623167,0.6731424
gait_20260919_222807_andrew_normal_left_2,andrew_normal_left_2,2513953269823572,2026-09-19T22:28:36.394337Z,-2.6291327,5.6054997,7.7823524,0.3598909,0.3482665,-0.1423076,-2.6022139,5.5929456,7.6278152,0.1159049,0.3131584,0.6605837,0.6724040
gait_20260919_222807_andrew_normal_left_2,andrew_normal_left_2,2513953290014572,2026-09-19T22:28:36.413933Z,-2.7362733,5.6435823,7.7465143,0.3778771,0.3867703,-0.1391434,-2.6702693,5.6402307,7.5692520,0.1156060,0.3180087,0.6589132,0.6718179
gait_20260919_222807_andrew_normal_left_2,andrew_normal_left_2,2513953310161056,2026-09-19T22:28:36.434874Z,-2.8947394,5.6887727,7.7088804,0.4218268,0.4271227,-0.1366953,-2.7462792,5.6909518,7.5038075,0.1151267,0.3233950,0.6571972,0.6710093
gait_20260919_222807_andrew_normal_left_2,andrew_normal_left_2,2513953330350916,2026-09-19T22:28:36.454315Z,-2.9424739,5.7353849,7.7082820,0.4672586,0.4233423,-0.1343637,-2.8271091,5.7480865,7.4298773,0.1147226,0.3293246,0.6553684,0.6699823
gait_20260919_222807_andrew_normal_left_2,andrew_normal_left_2,2513953350519210,2026-09-19T22:28:36.474624Z,-2.9682863,5.7718220,7.4984899,0.5294942,0.4499552,-0.1378943,-2.9055703,5.8113642,7.3499532,0.1147072,0.3354706,0.6533568,0.6688997
gait_20260919_222807_andrew_normal_left_2,andrew_normal_left_2,2513953370688075,2026-09-19T22:28:36.494667Z,-2.8451347,5.7589531,7.0054340,0.5921296,0.5469642,-0.1552977,-2.9900248,5.8829584,7.2585583,0.1148124,0.3423215,0.6511659,0.6675456
gait_20260919_222807_andrew_normal_left_2,andrew_normal_left_2,2513953390840947,2026-09-19T22:28:36.514942Z,-2.9962685,5.8689365,6.4889598,0.6006730,0.6730176,-0.1948340,-3.0913763,5.9604888,7.1520677,0.1145774,0.3502534,0.6486611,0.6659079
gait_20260919_222807_andrew_normal_left_2,andrew_normal_left_2,2513953411001633,2026-09-19T22:28:36.534897Z,-3.4115129,5.9835591,6.0054808,0.5248644,0.7756389,-0.2140027,-3.2160003,6.0330338,7.0353355,0.1130186,0.3591648,0.6464453,0.6635781
gait_20260919_222807_andrew_normal_left_2,andrew_normal_left_2,2513953431186080,2026-09-19T22:28:36.555119Z,-3.6856492,6.0917468,5.7937436,0.3632217,0.5273126,-0.1795957,-3.3511267,6.0898948,6.9223728,0.1105519,0.3678673,0.6440670,0.6615359
gait_20260919_222807_andrew_normal_left_2,andrew_normal_left_2,2513953451366379,2026-09-19T22:28:36.575416Z,-3.8333414,6.3809218,4.6809635,0.1263865,0.2710257,-0.1246045,-3.4371760,6.1239839,6.8497262,0.1089805,0.3733426,0.6423746,0.6603737
gait_20260919_222807_andrew_normal_left_2,andrew_normal_left_2,2513953471534062,2026-09-19T22:28:36.595532Z,-4.3385925,5.9116583,6.7057099,-0.2079740,0.0898312,-0.0429671,-3.4858534,6.1251264,6.8240571,0.1073266,0.3755775,0.6417102,0.6600232
gait_20260919_222807_andrew_normal_left_2,andrew_normal_left_2,2513953491701096,2026-09-19T22:28:36.615664Z,-4.5368624,5.6243539,7.6345854,-0.1090831,-0.4282885,0.0280785,-3.4954824,6.0884418,6.8519039,0.1052560,0.3742679,0.6425707,0.6602633
gait_20260919_222807_andrew_normal_left_2,andrew_normal_left_2,2513953511890874,2026-09-19T22:28:36.636768Z,-3.2591071,6.0322661,6.3631897,0.0553742,-0.4289546,0.1108984,-3.4208791,6.0802650,6.8966713,0.1080313,0.3703945,0.6427919,0.6617823
