session_id,label,t_ns,wall_time_utc,accel_x_mps2,accel_y_mps2,accel_z_mps2,gyro_x_rads,gyro_y_rads,gyro_z_rads,gravity_x_mps2,gravity_y_mps2,gravity_z_mps2,rotation_qx,rotation_qy,rotation_qz,rotation_qw
gait_20260919_222452_andrew_slow_3,andrew_slow_3,2513729640564325,2026-09-19T22:24:52.791154Z,1.2903250,4.8322473,8.0318737,,,,,,,,,,
gait_20260919_222452_andrew_slow_3,andrew_slow_3,2513729650626866,2026-09-19T22:24:52.793884Z,1.0764182,4.8886604,8.8331079,-0.2773874,0.6572797,-0.0365720,,,,,,,
gait_20260919_222452_andrew_slow_3,andrew_slow_3,2513729660710362,2026-09-19T22:24:52.794131Z,0.7251438,5.1617494,8.7247705,-0.2773874,0.6572797,-0.0365720,,,,,,,
gait_20260919_222452_andrew_slow_3,andrew_slow_3,2513729670820225,2026-09-19T22:24:52.813697Z,0.6123919,5.2570682,8.0283566,-0.3132932,0.8356430,0.0679313,-0.1327417,5.1379046,8.3558617,0.2491719,-0.1096744,-0.4102578,0.8703870
gait_20260919_222452_andrew_slow_3,andrew_slow_3,2513729680924189,2026-09-19T22:24:52.814181Z,-0.6640917,5.0873046,8.3725233,-0.3132932,0.8356430,0.0679313,-0.1327417,5.1379046,8.3558617,0.2491719,-0.1096744,-0.4102578,0.8703870
gait_20260919_222452_andrew_slow_3,andrew_slow_3,2513729690987177,2026-09-19T22:24:52.832487Z,0.3271078,4.9056444,8.0144405,-0.2975220,0.7396665,0.3401893,-0.2298079,5.0882053,8.3841200,0.2493660,-0.1024277,-0.4056996,0.8733459
gait_20260919_222452_andrew_slow_3,andrew_slow_3,2513729701078363,2026-09-19T22:24:52.832978Z,1.1635072,5.0839376,7.9236107,-0.2975220,0.7396665,0.3401893,-0.2298079,5.0882053,8.3841200,0.2493660,-0.1024277,-0.4056996,0.8733459
gait_20260919_222452_andrew_slow_3,andrew_slow_3,2513729711160395,2026-09-19T22:24:52.852515Z,0.9398738,5.3630118,8.2923927,-0.1480532,0.4127337,0.4058390,-0.2593994,5.0615625,8.3993692,0.2491833,-0.0990212,-0.4011255,0.8759000
gait_20260919_222452_andrew_slow_3,andrew_slow_3,2513729721243932,2026-09-19T22:24:52.852979Z,0.8324340,5.4103723,8.1346741,-0.1480532,0.4127337,0.4058390,-0.2593994,5.0615625,8.3993692,0.2491833,-0.0990212,-0.4011255,0.8759000
gait_20260919_222452_andrew_slow_3,andrew_slow_3,2513729731301915,2026-09-19T22:24:52.872395Z,0.4138976,4.4226141,7.1228247,0.0593878,-0.0750092,0.4403959,-0.2134583,5.0723672,8.3941431,0.2491530,-0.1004327,-0.3973667,0.8774598
gait_20260919_222452_andrew_slow_3,andrew_slow_3,2513729741408360,2026-09-19T22:24:52.872986Z,0.1259200,4.6737061,7.9298954,0.0593878,-0.0750092,0.4403959,-0.2134583,5.0723672,8.3941431,0.2491530,-0.1004327,-0.3973667,0.8774598
gait_20260919_222452_andrew_slow_3,andrew_slow_3,2513729751492751,2026-09-19T22:24:52.892431Z,0.2550573,5.2008796,8.0730982,0.2287580,-0.5003666,0.5359893,-0.0706654,5.1128693,8.3719578,0.2485784,-0.1072541,-0.3935504,0.8785349
gait_20260919_222452_andrew_slow_3,andrew_slow_3,2513729761577346,2026-09-19T22:24:52.892775Z,0.7190835,5.6139541,7.8248496,0.2287580,-0.5003666,0.5359893,-0.0706654,5.1128693,8.3719578,0.2485784,-0.1072541,-0.3935504,0.8785349
gait_20260919_222452_andrew_slow_3,andrew_slow_3,2513729771663162,2026-09-19T22:24:52.912710Z,1.3189807,5.7837930,7.7495070,0.2097393,-0.4047898,0.4228093,0.0568724,5.1546812,8.3463850,0.2483953,-0.1135686,-0.3903233,0.8792323
gait_20260919_222452_andrew_slow_3,andrew_slow_3,2513729781744704,2026-09-19T22:24:52.913632Z,1.8369513,5.5939026,7.6133370,0.2097393,-0.4047898,0.4228093,0.0568724,5.1546812,8.3463850,0.2483953,-0.1135686,-0.3903233,0.8792323
gait_20260919_222452_andrew_slow_3,andrew_slow_3,2513729791834345,2026-09-19T22:24:52.932638Z,1.7975966,5.0323877,7.5890207,-0.0061786,-0.2727743,0.1638744,0.1238578,5.1572948,8.3440447,0.2472245,-0.1166080,-0.3893440,0.8795987
gait_20260919_222452_andrew_slow_3,andrew_slow_3,2513729801892329,2026-09-19T22:24:52.932978Z,0.8869769,4.6170683,9.2452097,-0.0061786,-0.2727743,0.1638744,0.1238578,5.1572948,8.3440447,0.2472245,-0.1166080,-0.3893440,0.8795987
gait_20260919_222452_andrew_slow_3,andrew_slow_3,2513729811976924,2026-09-19T22:24:52.952383Z,0.6590040,4.7847371,8.9307461,-0.1949006,0.3275990,0.0163208,0.0746558,5.1269341,8.3633175,0.2467889,-0.1132708,-0.3886878,0.8804469
gait_20260919_222452_andrew_slow_3,andrew_slow_3,2513729822063267,2026-09-19T22:24:52.952647Z,1.0562918,5.0412159,8.0505781,-0.1949006,0.3275990,0.0163208,0.0746558,5.1269341,8.3633175,0.2467889,-0.1132708,-0.3886878,0.8804469
gait_20260919_222452_andrew_slow_3,andrew_slow_3,2513729832168858,2026-09-19T22:24:52.972593Z,0.8044518,4.8707790,8.3445415,-0.4011926,0.7537891,-0.0568897,-0.0557187,5.0592322,8.4045925,0.2461792,-0.1050101,-0.3877789,0.8820409
gait_20260919_222452_andrew_slow_3,andrew_slow_3,2513729842253819,2026-09-19T22:24:52.973653Z,1.1210102,4.5830259,8.3116207,-0.4011926,0.7537891,-0.0568897,-0.0557187,5.0592322,8.4045925,0.2461792,-0.1050101,-0.3877789,0.8820409
gait_20260919_222452_andrew_slow_3,andrew_slow_3,2513729852323318,2026-09-19T22:24:52.992929Z,1.2859107,4.4290485,8.2862568,-0.5069448,0.9990677,-0.0984079,-0.2255511,4.9702926,8.4546690,0.2453361,-0.0942829,-0.3865844,0.8840098
gait_20260919_222452_andrew_slow_3,andrew_slow_3,2513729862422195,2026-09-19T22:24:52.993254Z,1.3031939,4.4841151,8.3651161,-0.5069448,0.9990677,-0.0984079,-0.2255511,4.9702926,8.4546690,0.2453361,-0.0942829,-0.3865844,0.8840098
gait_20260919_222452_andrew_slow_3,andrew_slow_3,2513729872505976,2026-09-19T22:24:53.012588Z,1.2243348,4.6689925,8.2302933,-0.4645440,0.9693072,-0.1226060,-0.4071487,4.8883743,8.4955368,0.2450901,-0.0832284,-0.3854351,0.8856883
gait_20260919_222452_andrew_slow_3,andrew_slow_3,2513729882591344,2026-09-19T22:24:53.012962Z,1.0636241,4.8924017,7.7133698,-0.4645440,0.9693072,-0.1226060,-0.4071487,4.8883743,8.4955368,0.2450901,-0.0832284,-0.3854351,0.8856883
gait_20260919_222452_andrew_slow_3,andrew_slow_3,2513729892675003,2026-09-19T22:24:53.032959Z,0.6912509,5.0835638,7.2408142,-0.3410387,0.5049964,-0.1121474,-0.5121559,4.8268161,8.5250015,0.2441582,-0.0766883,-0.3853766,0.8865611
gait_20260919_222452_andrew_slow_3,andrew_slow_3,2513729902764236,2026-09-19T22:24:53.033280Z,0.8137293,5.0099421,6.8423290,-0.3410387,0.5049964,-0.1121474,-0.5121559,4.8268161,8.5250015,0.2441582,-0.0766883,-0.3853766,0.8865611
gait_20260919_222452_andrew_slow_3,andrew_slow_3,2513729912849726,2026-09-19T22:24:53.052715Z,0.8579472,4.6044240,6.5179148,-0.2144523,-0.0067615,0.0342571,-0.5144554,4.7893949,8.5459433,0.2422766,-0.0756905,-0.3853883,0.8871577
gait_20260919_222452_andrew_slow_3,andrew_slow_3,2513729922928217,2026-09-19T22:24:53.053089Z,0.5672014,4.1330657,6.2749782,-0.2144523,-0.0067615,0.0342571,-0.5144554,4.7893949,8.5459433,0.2422766,-0.0756905,-0.3853883,0.8871577
gait_20260919_222452_andrew_slow_3,andrew_slow_3,2513729933013138,2026-09-19T22:24:53.072597Z,0.4830302,3.4561050,5.8735752,-0.0765080,-0.4545517,0.3623390,-0.4066907,4.7773056,8.5585079,0.2395432,-0.0800351,-0.3833611,0.8883962
gait_20260919_222452_andrew_slow_3,andrew_slow_3,2513729943078404,2026-09-19T22:24:53.073002Z,0.8022820,2.7967269,5.1801548,-0.0765080,-0.4545517,0.3623390,-0.4066907,4.7773056,8.5585079,0.2395432,-0.0800351,-0.3833611,0.8883962
gait_20260919_222452_andrew_slow_3,andrew_slow_3,2513729953181391,2026-09-19T22:24:53.093021Z,1.0648960,2.5617211,4.7079730,0.0972588,-0.8821407,0.5638846,-0.2059118,4.7946868,8.5559740,0.2365354,-0.0892565,-0.3801065,0.8897209
gait_20260919_222452_andrew_slow_3,andrew_slow_3,2513729963258295,2026-09-19T22:24:53.093768Z,1.6885855,2.4182932,4.4808979,0.0972588,-0.8821407,0.5638846,-0.2059118,4.7946868,8.5559740,0.2365354,-0.0892565,-0.3801065,0.8897209
gait_20260919_222452_andrew_slow_3,andrew_slow_3,2513729973350376,2026-09-19T22:24:53.112826Z,2.1481974,2.5600750,4.1772084,0.5331748,-1.6905712,0.6101158,0.1334244,4.8784666,8.5099277,0.2340781,-0.1070986,-0.3778611,0.8893585
gait_20260919_222452_andrew_slow_3,andrew_slow_3,2513729983435053,2026-09-19T22:24:53.113274Z,2.4722378,2.6381111,3.6549733,0.5331748,-1.6905712,0.6101158,0.1334244,4.8784666,8.5099277,0.2340781,-0.1070986,-0.3778611,0.8893585
gait_20260919_222452_andrew_slow_3,andrew_slow_3,2513729993519485,2026-09-19T22:24:53.133289Z,2.7446530,2.3887398,3.1498716,1.2003968,-2.8323295,0.4760019,0.6499618,5.0705538,8.3727617,0.2333538,-0.1371122,-0.3782013,0.8852741
gait_20260919_222452_andrew_slow_3,andrew_slow_3,2513730003603470,2026-09-19T22:24:53.134712Z,2.6531496,2.0272155,2.7785459,1.2003968,-2.8323295,0.4760019,0.6499618,5.0705538,8.3727617,0.2333538,-0.1371122,-0.3782013,0.8852741
gait_20260919_222452_andrew_slow_3,andrew_slow_3,2513730013686599,2026-09-19T22:24:53.152789Z,2.3506572,1.4605379,2.0605099,1.9929395,-4.2556391,0.3822737,1.3808757,5.3870077,8.0814257,0.2341877,-0.1823700,-0.3812663,0.8755189
gait_20260919_222452_andrew_slow_3,andrew_slow_3,2513730023773961,2026-09-19T22:24:53.153273Z,2.2648399,0.7221511,1.4012814,1.9929395,-4.2556391,0.3822737,1.3808757,5.3870077,8.0814257,0.2341877,-0.1823700,-0.3812663,0.8755189
gait_20260919_222452_andrew_slow_3,andrew_slow_3,2513730033857335,2026-09-19T22:24:53.172691Z,1.7860745,-0.1887678,1.2268788,2.4955378,-5.5127587,0.6696202,2.3206620,5.7581782,7.5956588,0.2335688,-0.2414686,-0.3831346,0.8604339
gait_20260919_222452_andrew_slow_3,andrew_slow_3,2513730043919144,2026-09-19T22:24:53.175046Z,1.7276410,-1.0470891,1.5056536,2.4955378,-5.5127587,0.6696202,2.3206620,5.7581782,7.5956588,0.2335688,-0.2414686,-0.3831346,0.8604339
gait_20260919_222452_andrew_slow_3,andrew_slow_3,2513730054025751,2026-09-19T22:24:53.192769Z,2.4437318,-1.8619407,1.1979986,2.5753100,-5.6042056,1.3674521,3.3176606,6.0667090,6.9587555,0.2306524,-0.3035176,-0.3774271,0.8439345
gait_20260919_222452_andrew_slow_3,andrew_slow_3,2513730064088251,2026-09-19T22:24:53.193309Z,4.0563765,-2.2229414,-0.0164601,2.5753100,-5.6042056,1.3674521,3.3176606,6.0667090,6.9587555,0.2306524,-0.3035176,-0.3774271,0.8439345
gait_20260919_222452_andrew_slow_3,andrew_slow_3,2513730074195266,2026-09-19T22:24:53.217808Z,1.8528876,-3.4813938,-0.2402432,1.7427812,-4.9257421,1.8244020,4.2156677,6.1765866,6.3493328,0.2215675,-0.3567809,-0.3668800,0.8300689
gait_20260919_222452_andrew_slow_3,andrew_slow_3,2513730084279170,2026-09-19T22:24:53.218780Z,1.0515034,-4.4280014,-0.2280477,1.7427812,-4.9257421,1.8244020,4.2156677,6.1765866,6.3493328,0.2215675,-0.3567809,-0.3668800,0.8300689
gait_20260919_222452_andrew_slow_3,andrew_slow_3,2513730094363926,2026-09-19T22:24:53.237641Z,1.2035353,-2.2836943,-0.2168249,0.4439598,-3.9710238,2.8251350,5.0396419,5.9910059,5.9115119,0.2013727,-0.3976792,-0.3508226,0.8235435
gait_20260919_222452_andrew_slow_3,andrew_slow_3,2513730104447830,2026-09-19T22:24:53.238299Z,2.8285997,-1.4342016,0.5297171,0.4439598,-3.9710238,2.8251350,5.0396419,5.9910059,5.9115119,0.2013727,-0.3976792,-0.3508226,0.8235435
gait_20260919_222452_andrew_slow_3,andrew_slow_3,2513730114508987,2026-09-19T22:24:53.252922Z,4.5950718,-1.4598645,0.8909423,-0.5401527,-2.9648113,4.1129651,5.8696852,5.4743118,5.6404629,0.1695885,-0.4286655,-0.3240775,0.8261110
gait_20260919_222452_andrew_slow_3,andrew_slow_3,2513730124617182,2026-09-19T22:24:53.253788Z,6.2466965,-2.0993409,0.7870190,-0.5401527,-2.9648113,4.1129651,5.8696852,5.4743118,5.6404629,0.1695885,-0.4286655,-0.3240775,0.8261110
gait_20260919_222452_andrew_slow_3,andrew_slow_3,2513730134701573,2026-09-19T22:24:53.273182Z,7.6981068,-3.1334114,0.4852748,-1.0297443,-2.9106030,4.1381621,6.6186309,4.8262477,5.3978868,0.1336483,-0.4549900,-0.2972214,0.8287229
gait_20260919_222452_andrew_slow_3,andrew_slow_3,2513730144786005,2026-09-19T22:24:53.274303Z,8.5874033,-4.3086653,0.3091513,-1.0297443,-2.9106030,4.1381621,6.6186309,4.8262477,5.3978868,0.1336483,-0.4549900,-0.2972214,0.8287229
gait_20260919_222452_andrew_slow_3,andrew_slow_3,2513730154870112,2026-09-19T22:24:53.303261Z,8.6679831,-5.5102553,0.3503016,-1.1299175,-4.2081418,3.6800632,6.6186309,4.8262477,5.3978868,0.1336483,-0.4549900,-0.2972214,0.8287229
gait_20260919_222452_andrew_slow_3,andrew_slow_3,2513730164932246,2026-09-19T22:24:53.303531Z,7.8675714,-6.1634235,0.7163152,-1.1299175,-4.2081418,3.6800632,6.6186309,4.8262477,5.3978868,0.1336483,-0.4549900,-0.2972214,0.8287229
gait_20260919_222452_andrew_slow_3,andrew_slow_3,2513730175020136,2026-09-19T22:24:53.324265Z,7.5063462,-6.5403605,1.1040263,-0.8011528,-5.7211328,3.8230870,8.4505901,2.9906895,3.9848981,0.0297114,-0.5439779,-0.2370087,0.8043831
gait_20260919_222452_andrew_slow_3,andrew_slow_3,2513730185158523,2026-09-19T22:24:53.325257Z,7.0599022,-6.8655977,3.4083705,-0.8011528,-5.7211328,3.8230870,8.4505901,2.9906895,3.9848981,0.0297114,-0.5439779,-0.2370087,0.8043831
gait_20260919_222452_andrew_slow_3,andrew_slow_3,2513730195196691,2026-09-19T22:24:53.333159Z,6.7580833,-7.2697692,5.6810665,0.2168838,-6.3495841,4.5893497,9.1283588,2.1936448,2.8455429,0.0297114,-0.5439779,-0.2370087,0.8043831
gait_20260919_222452_andrew_slow_3,andrew_slow_3,2513730205270828,2026-09-19T22:24:53.334098Z,9.6370363,-8.7276878,5.0798974,0.2168838,-6.3495841,4.5893497,9.1283588,2.1936448,2.8455429,0.0297114,-0.5439779,-0.2370087,0.8043831
gait_20260919_222452_andrew_slow_3,andrew_slow_3,2513730215361444,2026-09-19T22:24:53.352472Z,11.7184200,-9.9309988,6.0492496,1.2990879,-5.9289231,5.0970607,9.5839567,1.2750813,1.6607414,-0.0416943,-0.6430287,-0.1503456,0.7497813
gait_20260919_222452_andrew_slow_3,andrew_slow_3,2513730225464065,2026-09-19T22:24:53.353381Z,13.8473148,-9.9604778,6.1599069,1.2990879,-5.9289231,5.0970607,9.5839567,1.2750813,1.6607414,-0.0416943,-0.6430287,-0.1503456,0.7497813
gait_20260919_222452_andrew_slow_3,andrew_slow_3,2513730235548050,2026-09-19T22:24:53.372364Z,15.7929029,-9.3673143,5.9087400,1.8909509,-4.6091514,4.9950557,9.7788324,0.3361833,0.7053643,-0.0663159,-0.6778861,-0.0969164,0.7257271
gait_20260919_222452_andrew_slow_3,andrew_slow_3,2513730245628900,2026-09-19T22:24:53.373857Z,17.9170094,-8.6902790,5.1063833,1.8909509,-4.6091514,4.9950557,9.7788324,0.3361833,0.7053643,-0.0663159,-0.6778861,-0.0969164,0.7257271
gait_20260919_222452_andrew_slow_3,andrew_slow_3,2513730255717564,2026-09-19T22:24:53.397365Z,20.7246590,-8.0979385,3.6080620,1.6223902,-3.0542428,4.7207160,9.7917891,-0.5901674,0.0932953,-0.0885400,-0.6980664,-0.0474608,0.7089510
gait_20260919_222452_andrew_slow_3,andrew_slow_3,2513730265805659,2026-09-19T22:24:53.397676Z,23.9273529,-7.1546979,1.8131589,1.6223902,-3.0542428,4.7207160,9.7917891,-0.5901674,0.0932953,-0.0885400,-0.6980664,-0.0474608,0.7089510
gait_20260919_222452_andrew_slow_3,andrew_slow_3,2513730285970412,2026-09-19T22:24:53.409992Z,27.8914032,-4.0486698,1.0058640,0.7054927,-1.9395304,4.0519285,9.7917891,-0.5901674,0.0932953,-0.0885400,-0.6980664,-0.0474608,0.7089510
gait_20260919_222452_andrew_slow_3,andrew_slow_3,2513730306128779,2026-09-19T22:24:53.430892Z,30.6360550,-0.8850316,1.8874539,-0.2887287,-0.5774575,3.0144734,9.7047052,-1.4048924,-0.2847466,-0.1120705,-0.7084138,-0.0097684,0.6967745
gait_20260919_222452_andrew_slow_3,andrew_slow_3,2513730326308059,2026-09-19T22:24:53.450382Z,31.7104530,1.9286791,2.4223335,-1.1551315,1.0464648,1.9975193,9.5942297,-2.0011728,-0.4268275,-0.1349473,-0.7095332,0.0116209,0.6915323
gait_20260919_222452_andrew_slow_3,andrew_slow_3,2513730346452062,2026-09-19T22:24:53.470505Z,30.0578556,5.5232735,3.0399628,-1.7054431,2.2280927,0.8149089,9.5102606,-2.3885477,-0.2930888,-0.1567388,-0.7001789,0.0173894,0.6963334
gait_20260919_222452_andrew_slow_3,andrew_slow_3,2513730366626133,2026-09-19T22:24:53.492077Z,26.1247063,9.2431898,4.3221326,-1.7505085,2.4053068,-0.6696535,9.4708214,-2.5568702,0.0455504,-0.1746742,-0.6833923,0.0089239,0.7087907
gait_20260919_222452_andrew_slow_3,andrew_slow_3,2513730386820348,2026-09-19T22:24:53.510912Z,21.5259686,10.9075336,5.3214874,-1.1132137,1.3939484,-1.8831736,9.4881973,-2.4542928,0.4320520,-0.1828474,-0.6666195,-0.0111449,0.7225379
gait_20260919_222452_andrew_slow_3,andrew_slow_3,2513730406965163,2026-09-19T22:24:53.531070Z,18.4634094,10.2514477,2.5914989,-0.0881824,0.2003465,-2.7372024,9.5575247,-2.1079865,0.6680187,-0.1779922,-0.6588569,-0.0347727,0.7300804
gait_20260919_222452_andrew_slow_3,andrew_slow_3,2513730427165400,2026-09-19T22:24:53.551230Z,13.0105410,10.0690393,-1.4770728,0.4697067,-0.0153049,-3.4121685,9.6548367,-1.5879980,0.7060654,-0.1600782,-0.6619714,-0.0549100,0.7301738
gait_20260919_222452_andrew_slow_3,andrew_slow_3,2513730447321812,2026-09-19T22:24:53.571457Z,9.5003424,10.1984015,-2.0320787,0.6698201,0.0369883,-3.7911949,9.7420568,-0.9119818,0.7047983,-0.1325900,-0.6680704,-0.0755651,0.7282800
gait_20260919_222452_andrew_slow_3,andrew_slow_3,2513730467492019,2026-09-19T22:24:53.592314Z,7.7988877,8.9008942,-2.7925370,0.8784935,-0.1672552,-3.8758466,9.7827950,-0.1527161,0.7139585,-0.1009033,-0.6732411,-0.0978364,0.7259429
gait_20260919_222452_andrew_slow_3,andrew_slow_3,2513730487638707,2026-09-19T22:24:53.611945Z,5.6779990,7.3465333,-5.2141223,0.7829667,-0.2804684,-3.5861187,9.7658033,0.6279091,0.6862497,-0.0670957,-0.6784914,-0.1191312,0.7217724
gait_20260919_222452_andrew_slow_3,andrew_slow_3,2513730507806595,2026-09-19T22:24:53.632159Z,3.9046438,4.7580271,-5.8237462,0.2554709,-0.0068114,-2.8908682,9.6964474,1.3592631,0.6061656,-0.0351522,-0.6838890,-0.1386444,0.7154286
gait_20260919_222452_andrew_slow_3,andrew_slow_3,2513730527994338,2026-09-19T22:24:53.652102Z,1.7320553,0.4543746,-3.7966053,-0.3376079,-0.3581922,-2.0353403,9.5989895,1.9368891,0.5864944,-0.0114727,-0.6854274,-0.1564869,0.7110341
gait_20260919_222452_andrew_slow_3,andrew_slow_3,2513730548168208,2026-09-19T22:24:53.672174Z,1.4285154,-1.6818519,0.8020576,-0.3609900,-1.2337879,-1.0785902,9.5109558,2.3401473,0.5491454,0.0015805,-0.6869043,-0.1725658,0.7059612
gait_20260919_222452_andrew_slow_3,andrew_slow_3,2513730568333979,2026-09-19T22:24:53.692332Z,3.7612162,-3.7196169,4.2888384,0.7620993,-0.7722249,-0.6142960,9.4675980,2.5471354,0.3358769,0.0051175,-0.6947471,-0.1822848,0.6957532
gait_20260919_222452_andrew_slow_3,andrew_slow_3,2513730588501053,2026-09-19T22:24:53.712570Z,8.1786680,-5.3985505,2.0362685,2.5522108,0.6623258,-0.7711424,9.4411306,2.6614389,0.1338194,0.0130151,-0.7020171,-0.1810059,0.6886505
gait_20260919_222452_andrew_slow_3,andrew_slow_3,2513730608670323,2026-09-19T22:24:53.732955Z,6.4347162,-3.4407670,-3.9490860,3.4996517,1.2804854,-0.7910105,9.4809847,2.5127282,0.1822624,0.0268268,-0.6997761,-0.1578208,0.6961941
gait_20260919_222452_andrew_slow_3,andrew_slow_3,2513730628841995,2026-09-19T22:24:53.752866Z,6.6909709,-0.6102222,-4.2826281,3.0437510,0.0668321,-0.2846819,9.4303427,2.6905508,0.2563186,0.0610012,-0.6949752,-0.1371325,0.7031949
gait_20260919_222452_andrew_slow_3,andrew_slow_3,2513730649007278,2026-09-19T22:24:53.773258Z,6.7478333,-1.8068740,-2.4028058,2.6138637,-0.7232624,0.1980649,9.4121513,2.7626779,0.1230851,0.0868753,-0.6971515,-0.1160337,0.7021173
gait_20260919_222452_andrew_slow_3,andrew_slow_3,2513730669177078,2026-09-19T22:24:53.793507Z,5.3013611,-3.2071829,-0.9585037,2.7827508,-1.1881561,1.4544854,9.4207993,2.7303755,-0.1723309,0.1043886,-0.7055321,-0.0960649,0.6943335
gait_20260919_222452_andrew_slow_3,andrew_slow_3,2513730689346023,2026-09-19T22:24:53.813812Z,11.2522240,-3.3540521,1.3800328,3.4362001,-1.5822375,2.7335887,9.4810438,2.4604301,-0.5405962,0.1140970,-0.7172689,-0.0675763,0.6840619
gait_20260919_222452_andrew_slow_3,andrew_slow_3,2513730709514114,2026-09-19T22:24:53.833747Z,10.9154644,0.0820014,0.5658546,4.2576041,-0.9153818,2.7913277,9.5764847,1.8754086,-1.0049347,0.1172015,-0.7331362,-0.0249135,0.6694434
gait_20260919_222452_andrew_slow_3,andrew_slow_3,2513730729683141,2026-09-19T22:24:53.854585Z,16.1886940,0.7239468,-3.1516674,4.0586901,-0.4801321,2.9171813,9.6420078,1.2243285,-1.3299662,0.1251997,-0.7431065,0.0251522,0.6568753
gait_20260919_222452_andrew_slow_3,andrew_slow_3,2513730749872961,2026-09-19T22:24:53.874230Z,17.9320469,4.3438301,-4.6419830,3.0949118,0.7384675,1.7082577,9.6805410,0.5135564,-1.5031573,0.1309602,-0.7480984,0.0765705,0.6460148
gait_20260919_222452_andrew_slow_3,andrew_slow_3,2513730770020828,2026-09-19T22:24:53.894325Z,15.9916210,6.4513259,-3.2914288,2.1210246,1.2104225,0.6035042,9.7111702,0.0604807,-1.3876730,0.1383846,-0.7428569,0.1144661,0.6449115
gait_20260919_222452_andrew_slow_3,andrew_slow_3,2513730790189611,2026-09-19T22:24:53.915186Z,17.2761097,6.9299421,-3.8835447,1.1450891,1.2136199,-0.3004531,9.7426243,-0.1149462,-1.1420081,0.1473615,-0.7326636,0.1372327,0.6501200
gait_20260919_222452_andrew_slow_3,andrew_slow_3,2513730810359044,2026-09-19T22:24:53.934517Z,17.4862766,3.7176714,-1.6694319,0.0213836,1.3673023,-0.9456753,9.7682991,-0.0889261,-0.8992170,0.1566430,-0.7222345,0.1473215,0.6573711
gait_20260919_222452_andrew_slow_3,andrew_slow_3,2513730830527501,2026-09-19T22:24:53.954647Z,14.6128607,-0.5487211,0.0520739,-1.2460451,1.3700001,-1.7006135,9.7888641,0.0904421,-0.6372547,0.1629544,-0.7115148,0.1449537,0.6679678
gait_20260919_222452_andrew_slow_3,andrew_slow_3,2513730850673416,2026-09-19T22:24:53.976053Z,7.2512140,-2.5621700,1.9427451,-2.3607409,0.6364623,-1.5301775,9.7944584,0.4302842,-0.3458014,0.1662230,-0.7002117,0.1290447,0.6822177
gait_20260919_222452_andrew_slow_3,andrew_slow_3,2513730870865229,2026-09-19T22:24:54.007554Z,5.8307042,-2.8829930,2.0697126,-2.6527839,0.1443894,-0.3408055,9.7784557,0.7665364,-0.1742184,0.1614822,-0.6950200,0.1031699,0.6929839
gait_20260919_222452_andrew_slow_3,andrew_slow_3,2513730891012527,2026-09-19T22:24:54.038981Z,9.5675297,-1.1299884,2.4000375,-2.3496661,0.6656232,0.3953970,9.7716150,0.8603274,-0.1071344,0.1465309,-0.6958296,0.0823689,0.6982588
gait_20260919_222452_andrew_slow_3,andrew_slow_3,2513730911194005,2026-09-19T22:24:54.039660Z,10.8937674,0.8408885,0.7630770,-1.6991812,1.2920599,0.0374047,9.7874908,0.6212707,0.2349107,0.1208840,-0.6882647,0.0762675,0.7112398
gait_20260919_222452_andrew_slow_3,andrew_slow_3,2513730931371984,2026-09-19T22:24:54.060832Z,9.4702644,2.2729952,-3.6046202,-1.6817280,0.5889320,-0.5472473,9.7788982,0.5851151,0.5166395,0.1075904,-0.6799422,0.0677142,0.7221618
gait_20260919_222452_andrew_slow_3,andrew_slow_3,2513730951518508,2026-09-19T22:24:54.088583Z,10.6673660,2.5377042,-1.2453589,-2.2320561,-0.3793926,-1.1961668,9.7643270,0.6778157,0.6592549,0.1004947,-0.6756181,0.0545610,0.7283298
gait_20260919_222452_andrew_slow_3,andrew_slow_3,2513730971709386,2026-09-19T22:24:54.101698Z,8.7009029,3.0878468,-1.5085715,-2.0901482,-0.4020086,-1.7865477,9.7514296,0.8748724,0.6167181,0.0931231,-0.6782108,0.0316138,0.7282574
gait_20260919_222452_andrew_slow_3,andrew_slow_3,2513730991879552,2026-09-19T22:24:54.115947Z,5.9243026,5.3247046,-2.0834792,-1.7426646,-0.4331014,-1.6285021,9.7173033,1.2267166,0.5525572,0.0920397,-0.6806964,0.0039888,0.7267498
gait_20260919_222452_andrew_slow_3,andrew_slow_3,2513731012052648,2026-09-19T22:24:54.136024Z,4.0565257,6.2811880,-2.2763622,-1.0983417,-0.3738968,-1.2480103,9.6748934,1.5377532,0.5175546,0.0918202,-0.6819873,-0.0196657,0.7253107
gait_20260919_222452_andrew_slow_3,andrew_slow_3,2513731032216913,2026-09-19T22:24:54.156330Z,3.5971384,4.5504045,-2.6549451,-0.4805318,-0.4821306,-1.0713789,9.6363106,1.7745243,0.4782467,0.0934891,-0.6831957,-0.0357611,0.7233427
gait_20260919_222452_andrew_slow_3,andrew_slow_3,2513731052385493,2026-09-19T22:24:54.177141Z,4.1611223,2.4167221,-2.9416509,0.0669820,-0.5756255,-1.0548750,9.5992336,1.9805335,0.4102383,0.0987127,-0.6849775,-0.0458809,0.7203864
gait_20260919_222452_andrew_slow_3,andrew_slow_3,2513731072554560,2026-09-19T22:24:54.197017Z,3.1569793,1.1294646,-1.2613702,0.1876062,-0.4490393,-0.8702998,9.5596743,2.1833339,0.2860247,0.1077904,-0.6882176,-0.0519214,0.7155711
gait_20260919_222452_andrew_slow_3,andrew_slow_3,2513731092724116,2026-09-19T22:24:54.217170Z,5.6655045,0.9221417,1.7767969,0.5772077,-0.4286715,-0.4333346,9.5199490,2.3603046,0.1888376,0.1168180,-0.6903387,-0.0561018,0.7117854
gait_20260919_222452_andrew_slow_3,andrew_slow_3,2513731112869257,2026-09-19T22:24:54.237401Z,9.3614779,-0.3372084,0.5113865,1.4061724,-0.2199981,-0.2680779,9.4988422,2.4496498,0.0856436,0.1248540,-0.6927441,-0.0548790,0.7081705
gait_20260919_222452_andrew_slow_3,andrew_slow_3,2513731133069453,2026-09-19T22:24:54.257118Z,10.1527624,0.0833481,-1.4624832,1.6376284,0.0322586,-0.4390136,9.4978781,2.4547601,-0.0242923,0.1363505,-0.6946577,-0.0443176,0.7049080
gait_20260919_222452_andrew_slow_3,andrew_slow_3,2513731153229283,2026-09-19T22:24:54.277343Z,8.1505356,0.3242647,-2.8106432,1.4018425,-0.2873798,-0.1431070,9.4849386,2.5015671,-0.1191698,0.1520611,-0.6949303,-0.0326214,0.7020580
gait_20260919_222452_andrew_slow_3,andrew_slow_3,2513731173399084,2026-09-19T22:24:54.297943Z,6.4723501,-2.7798927,-3.8536921,1.2227297,-1.0053463,0.9814312,9.4729099,2.5390224,-0.2311948,0.1652983,-0.6960508,-0.0228505,0.6983321
gait_20260919_222452_andrew_slow_3,andrew_slow_3,2513731193567540,2026-09-19T22:24:54.317914Z,6.9369750,-4.7412677,-4.5599070,1.3567936,-1.9829805,3.0939291,9.5084896,2.3653295,-0.4795354,0.1694690,-0.7041183,-0.0080329,0.6895167
gait_20260919_222452_andrew_slow_3,andrew_slow_3,2513731213739497,2026-09-19T22:24:54.337832Z,14.8238497,-4.0295911,-3.5433438,1.6458721,-2.3608575,5.1231074,9.6312723,1.5171268,-1.0830681,0.1524757,-0.7295635,0.0288724,0.6660740
gait_20260919_222452_andrew_slow_3,andrew_slow_3,2513731233906082,2026-09-19T22:24:54.358467Z,21.7593288,0.7499089,2.6630256,2.0130241,-1.1979153,4.9580674,9.6682386,0.4848927,-1.5893949,0.1280715,-0.7516608,0.0724084,0.6429313
gait_20260919_222452_andrew_slow_3,andrew_slow_3,2513731254090612,2026-09-19T22:24:54.380509Z,18.0584164,1.8489223,0.2416647,2.3052001,0.9259904,4.7548728,9.6107645,-0.5868782,-1.8774755,0.1038773,-0.7651156,0.1196632,0.6240901
gait_20260919_222452_andrew_slow_3,andrew_slow_3,2513731274237177,2026-09-19T22:24:54.398502Z,15.9817457,4.0319104,-1.7705870,1.4158983,1.8231696,5.1844273,9.5422392,-1.5732366,-1.6452206,0.0832266,-0.7599776,0.1695064,0.6219124
gait_20260919_222452_andrew_slow_3,andrew_slow_3,2513731294396032,2026-09-19T22:24:54.419028Z,15.0034142,3.3134255,-2.9441948,-0.3824236,2.5923135,5.2397513,9.3783016,-2.5999899,-1.2343543,0.0516611,-0.7489635,0.2159553,0.6242981
gait_20260919_222452_andrew_slow_3,andrew_slow_3,2513731314580358,2026-09-19T22:24:54.444302Z,13.4878845,2.3171384,-4.2862945,-2.4322028,3.6113493,4.8923011,9.0998955,-3.5797896,-0.7830375,0.0064248,-0.7351850,0.2497232,0.6301588
gait_20260919_222452_andrew_slow_3,andrew_slow_3,2513731334757930,2026-09-19T22:24:54.462655Z,10.0439758,-0.1747019,-4.9888430,-3.8960645,3.9970536,4.1736350,8.7398291,-4.4428625,-0.3353536,-0.0525012,-0.7174450,0.2647430,0.6422051
gait_20260919_222452_andrew_slow_3,andrew_slow_3,2513731349875931,2026-09-19T22:24:54.474665Z,8.7451954,-2.6856210,-4.6086140,-3.8960645,3.9970536,4.1736350,8.3437204,-5.1592717,-0.0184784,-0.1171959,-0.6980328,0.2628193,0.6556991
gait_20260919_222452_andrew_slow_3,andrew_slow_3,2513731370038406,2026-09-19T22:24:54.496935Z,8.1879454,-4.4064536,1.8121114,-4.2491608,3.3317969,3.3233366,7.8622417,-5.8669548,-0.0114372,-0.1878980,-0.6816255,0.2469974,0.6626261
gait_20260919_222452_andrew_slow_3,andrew_slow_3,2513731390191442,2026-09-19T22:24:54.517434Z,5.2567692,-5.1067576,5.8013005,-3.2504926,2.2632823,2.0766587,7.5336804,-6.1714201,1.1803926,-0.2142018,-0.6366630,0.2489641,0.6977068
gait_20260919_222452_andrew_slow_3,andrew_slow_3,2513731410382644,2026-09-19T22:24:54.534691Z,4.1002202,-5.5118265,2.7929111,-0.8121610,0.5582556,1.8151923,7.2027855,-6.4501758,1.6586838,-0.2249434,-0.6038498,0.2695056,0.7156344
gait_20260919_222452_andrew_slow_3,andrew_slow_3,2513731430578934,2026-09-19T22:24:54.556080Z,0.9062054,-6.9417634,1.0425252,0.8872701,-0.8121443,2.1216741,6.9329152,-6.7399020,1.6566669,-0.2283523,-0.6024024,0.2936686,0.7062049
gait_20260919_222452_andrew_slow_3,andrew_slow_3,2513731450720901,2026-09-19T22:24:54.575111Z,0.8551041,-5.6387939,0.6911013,1.7517909,-1.5619364,2.5967102,6.5933394,-7.0585427,1.7149171,-0.2278500,-0.6012599,0.3266919,0.6927072
gait_20260919_222452_andrew_slow_3,andrew_slow_3,2513731470888586,2026-09-19T22:24:54.594986Z,0.8619874,-5.5146694,0.1077391,2.0364895,-1.1517007,2.9133174,6.1647186,-7.3890824,1.9062579,-0.2296359,-0.5938397,0.3610805,0.6813536
gait_20260919_222452_andrew_slow_3,andrew_slow_3,2513731491066930,2026-09-19T22:24:54.615691Z,1.9644425,-4.7541366,-0.5802198,2.1622598,-0.6525999,3.4814987,5.6136131,-7.7460895,2.1729112,-0.2355623,-0.5805352,0.3983249,0.6699453
gait_20260919_222452_andrew_slow_3,andrew_slow_3,2513731511223343,2026-09-19T22:24:54.635245Z,3.9233484,-5.2315550,-1.2771569,2.1201420,-0.4274724,3.8877208,5.0020394,-8.0751410,2.4510815,-0.2438712,-0.5645952,0.4365141,0.6566693
gait_20260919_222452_andrew_slow_3,andrew_slow_3,2513731531373204,2026-09-19T22:24:54.655997Z,5.1105733,-6.6528878,-0.8120084,1.8887693,-0.5481300,3.7656476,4.5470624,-8.2980785,2.5888662,-0.2506498,-0.5514886,0.4702322,0.6418073
gait_20260919_222452_andrew_slow_3,andrew_slow_3,2513731551564652,2026-09-19T22:24:54.675760Z,2.6100540,-5.3883004,0.8311621,0.9555844,-1.8246351,2.0183368,4.3560653,-8.4216280,2.5173388,-0.2476157,-0.5562737,0.4887326,0.6248092
gait_20260919_222452_andrew_slow_3,andrew_slow_3,2513731571735021,2026-09-19T22:24:54.695730Z,2.5944169,-6.4187050,0.9860370,0.4655266,-1.1760155,2.1753664,3.9634528,-8.6116285,2.5232947,-0.2541579,-0.5542341,0.5062444,0.6098730
gait_20260919_222452_andrew_slow_3,andrew_slow_3,2513731591902175,2026-09-19T22:24:54.717086Z,3.4761565,-7.8870988,0.9848399,0.3290811,-0.0110415,2.8719158,3.3972020,-8.8271170,2.6032963,-0.2710008,-0.5431113,0.5244063,0.5971489
gait_20260919_222452_andrew_slow_3,andrew_slow_3,2513731612064855,2026-09-19T22:24:54.736129Z,5.4792056,-11.8810015,1.3447932,0.2656464,0.8936319,3.2059932,2.7662089,-9.0175486,2.6959286,-0.2940603,-0.5268160,0.5400326,0.5868204
gait_20260919_222452_andrew_slow_3,andrew_slow_3,2513731632219151,2026-09-19T22:24:54.756967Z,7.1098065,-16.8727627,1.7614591,0.2864305,1.4769682,2.9700739,2.1913710,-9.1324110,2.8342700,-0.3171469,-0.5065388,0.5522186,0.5812839
gait_20260919_222452_andrew_slow_3,andrew_slow_3,2513731652408971,2026-09-19T22:24:54.776636Z,6.9911437,-18.7529583,2.0340989,0.5234156,1.3258507,2.1571970,1.8041784,-9.1638832,3.0007172,-0.3322517,-0.4886053,0.5609886,0.5797979
gait_20260919_222452_andrew_slow_3,andrew_slow_3,2513731672578364,2026-09-19T22:24:54.796725Z,3.9878423,-16.6322956,-1.3771898,0.9329851,0.6396765,1.2658633,1.6278807,-9.1264448,3.2084436,-0.3360822,-0.4753489,0.5687211,0.5810754
gait_20260919_222452_andrew_slow_3,andrew_slow_3,2513731692753413,2026-09-19T22:24:54.817055Z,1.0575638,-13.1158857,-2.7154737,0.9842125,0.0633848,0.3925325,1.6189438,-9.0911551,3.3114989,-0.3335165,-0.4687940,0.5726367,0.5840258
gait_20260919_222452_andrew_slow_3,andrew_slow_3,2513731712907180,2026-09-19T22:24:54.837597Z,0.9885060,-9.8062010,0.1102829,-0.0543417,-0.5540920,0.0052293,1.6403639,-9.1740284,3.0630903,-0.3345155,-0.4744920,0.5706545,0.5807843
gait_20260919_222452_andrew_slow_3,andrew_slow_3,2513731733078039,2026-09-19T22:24:54.857597Z,0.5370494,-8.2905216,0.7911340,-0.7366855,-0.5507280,0.0056623,1.6612478,-9.2295856,2.8794334,-0.3414399,-0.4837933,0.5649012,0.5746735
gait_20260919_222452_andrew_slow_3,andrew_slow_3,2513731753253046,2026-09-19T22:24:54.877500Z,0.0238672,-7.8330050,0.8104373,-0.9217437,-0.1684709,-0.0293109,1.6702449,-9.2820110,2.7001195,-0.3479820,-0.4886989,0.5584989,0.5728534
gait_20260919_222452_andrew_slow_3,andrew_slow_3,2513731773421748,2026-09-19T22:24:54.897610Z,0.0145897,-7.9163532,0.8644565,-0.8766949,-0.0515438,-0.0456484,1.6808925,-9.3252573,2.5397465,-0.3543469,-0.4927707,0.5521984,0.5715701
gait_20260919_222452_andrew_slow_3,andrew_slow_3,2513731793590408,2026-09-19T22:24:54.919744Z,0.4967220,-8.0340433,0.9434651,-0.7355863,-0.2131700,-0.0646171,1.7037902,-9.3579664,2.4003499,-0.3585823,-0.4971538,0.5473247,0.5698181
gait_20260919_222452_andrew_slow_3,andrew_slow_3,2513731813738398,2026-09-19T22:24:54.938255Z,1.8718916,-7.5010338,1.0203788,-0.5824703,-0.4759686,-0.0011991,1.7415783,-9.3807135,2.2814994,-0.3606340,-0.5020362,0.5444806,0.5669602
gait_20260919_222452_andrew_slow_3,andrew_slow_3,2513731833929397,2026-09-19T22:24:54.958173Z,2.1068976,-8.8540573,0.2835633,-0.3670687,-0.8308133,-0.4250076,1.9593441,-9.3989677,2.0140791,-0.3563817,-0.5098388,0.5408611,0.5661500
gait_20260919_222452_andrew_slow_3,andrew_slow_3,2513731854077632,2026-09-19T22:24:54.978440Z,2.4444799,-9.2206697,-0.0663643,-0.2979383,-1.2143527,-1.4323524,2.3333859,-9.4131956,1.4775541,-0.3571922,-0.5399824,0.5214531,0.5558052
gait_20260919_222452_andrew_slow_3,andrew_slow_3,2513731874255895,2026-09-19T22:24:54.998328Z,3.3035495,-10.2797298,1.8431612,-1.1295011,-1.2059259,-1.5804390,2.6173854,-9.3788633,1.1926140,-0.3534127,-0.5584809,0.5059565,0.5542623
gait_20260919_222452_andrew_slow_3,andrew_slow_3,2513731894412186,2026-09-19T22:24:55.018486Z,3.6753988,-9.3474121,0.9702502,-0.9203614,1.8043840,-0.8495823,2.6322794,-9.3703260,1.2264783,-0.3682411,-0.5503309,0.4865770,0.5698923
gait_20260919_222452_andrew_slow_3,andrew_slow_3,2513731914605789,2026-09-19T22:24:55.039210Z,4.5939493,-9.3052893,0.7689129,-0.6743832,4.0958281,0.0738268,2.5849597,-9.3770885,1.2744827,-0.3927405,-0.5308453,0.4605472,0.5931732
gait_20260919_222452_andrew_slow_3,andrew_slow_3,2513731934775467,2026-09-19T22:24:55.059281Z,5.2673187,-7.9831662,-0.9005191,-0.5935785,4.1925039,0.7793028,2.7143285,-9.3548403,1.1642574,-0.4160768,-0.5163411,0.4324639,0.6109394
gait_20260919_222452_andrew_slow_3,andrew_slow_3,2513731954942011,2026-09-19T22:24:55.078912Z,4.9511342,-8.2062759,-2.1380222,-0.0399694,3.1066194,0.8509313,2.8363979,-9.3445692,0.9327241,-0.4310139,-0.5044091,0.4178164,0.6206673
gait_20260919_222452_andrew_slow_3,andrew_slow_3,2513731975088659,2026-09-19T22:24:55.099673Z,4.8261867,-10.7734585,-2.0339491,0.3548614,0.9527866,0.3829399,2.8666408,-9.3322020,0.9635813,-0.4329248,-0.5138897,0.4072255,0.6185960
gait_20260919_222452_andrew_slow_3,andrew_slow_3,2513731995283035,2026-09-19T22:24:55.119631Z,4.2737250,-12.9604874,-2.3258922,0.5310264,-0.8123275,-0.6313995,3.1052840,-9.2536602,0.9813660,-0.4195589,-0.5231184,0.4108942,0.6176435
gait_20260919_222452_andrew_slow_3,andrew_slow_3,2513732015427404,2026-09-19T22:24:55.140005Z,4.0279450,-13.2424793,-2.0765958,0.3948641,-1.8196223,-1.5828204,3.4751790,-9.1325855,0.8689708,-0.3999115,-0.5415105,0.4106533,0.6149805
gait_20260919_222452_andrew_slow_3,andrew_slow_3,2513732035620437,2026-09-19T22:24:55.160311Z,3.1893759,-13.7162323,-0.8161235,-0.4519537,-1.6285187,-1.8326124,3.8287747,-9.0102320,0.6263660,-0.3864478,-0.5614206,0.4026887,0.6109886
gait_20260919_222452_andrew_slow_3,andrew_slow_3,2513732055791540,2026-09-19T22:24:55.179900Z,2.2516718,-12.1751146,0.9326912,-1.1666893,-0.4173469,-1.6518508,4.0701370,-8.9169550,0.3975060,-0.3835334,-0.5744227,0.3878820,0.6103182
gait_20260919_222452_andrew_slow_3,andrew_slow_3,2513732075960037,2026-09-19T22:24:55.200747Z,3.2713773,-9.0823298,1.8336592,-1.2826837,0.7292578,-0.7214305,4.0724225,-8.9165821,0.3821337,-0.3908347,-0.5745801,0.3761911,0.6128509
gait_20260919_222452_andrew_slow_3,andrew_slow_3,2513732096102575,2026-09-19T22:24:55.223176Z,4.0949826,-7.4535990,1.6390555,-0.9166143,1.3632886,-0.1807115,4.0929408,-8.9071426,0.3831195,-0.3991267,-0.5671760,0.3673695,0.6197168
gait_20260919_222452_andrew_slow_3,andrew_slow_3,2513732116296707,2026-09-19T22:24:55.241065Z,5.5097313,-7.1425023,-0.4036475,-0.5070781,1.5466481,-0.3919830,4.1855330,-8.8603773,0.4594924,-0.4044992,-0.5609877,0.3561551,0.6283524
gait_20260919_222452_andrew_slow_3,andrew_slow_3,2513732136453039,2026-09-19T22:24:55.260804Z,6.1829510,-8.2113638,-1.4957027,-0.3855546,2.4799163,-0.9372818,4.5392113,-8.6819267,0.5058163,-0.4080688,-0.5578537,0.3289287,0.6434944
gait_20260919_222452_andrew_slow_3,andrew_slow_3,2513732156635005,2026-09-19T22:24:55.281210Z,5.9243774,-9.1627598,-0.7492355,-0.7149022,3.9052241,-1.6793798,4.8279066,-8.5077982,0.7381017,-0.4161071,-0.5410792,0.2954672,0.6684216
gait_20260919_222452_andrew_slow_3,andrew_slow_3,2513732176802892,2026-09-19T22:24:55.301311Z,5.9101615,-9.8499699,-0.9403976,-1.1345472,3.7649982,-2.1505187,5.1488266,-8.3070812,0.8474050,-0.4220589,-0.5295183,0.2593882,0.6886177
gait_20260919_222452_andrew_slow_3,andrew_slow_3,2513732196972733,2026-09-19T22:24:55.322318Z,5.9632831,-9.5838394,-0.9799019,-1.5059960,2.4454594,-2.0400200,5.4226665,-8.1381121,0.7758524,-0.4268885,-0.5275140,0.2292733,0.6978030
gait_20260919_222452_andrew_slow_3,andrew_slow_3,2513732217166783,2026-09-19T22:24:55.341633Z,5.6547303,-7.4734259,0.3336919,-1.6310501,1.6087838,-1.3956139,5.5710406,-8.0442410,0.6998547,-0.4336652,-0.5269463,0.2070440,0.7009957
gait_20260919_222452_andrew_slow_3,andrew_slow_3,2513732237333247,2026-09-19T22:24:55.361296Z,5.0964322,-6.2190137,-0.4787655,-0.8052996,1.0824538,-0.7322389,5.6619282,-7.9791498,0.7154541,-0.4360591,-0.5249341,0.1957451,0.7042589
gait_20260919_222452_andrew_slow_3,andrew_slow_3,2513732257480463,2026-09-19T22:24:55.382599Z,4.5704560,-6.2526822,-0.8125322,-0.0405356,0.0709123,-0.6496522,5.7694035,-7.9041858,0.6884401,-0.4311953,-0.5293168,0.1932210,0.7046701
gait_20260919_222452_andrew_slow_3,andrew_slow_3,2513732277646805,2026-09-19T22:24:55.402043Z,4.7842135,-6.2977982,-0.3151368,-0.0155381,-0.6347136,-0.6094996,5.8716826,-7.8375382,0.5765988,-0.4258243,-0.5381373,0.1933665,0.7012071
gait_20260919_222452_andrew_slow_3,andrew_slow_3,2513732297818435,2026-09-19T22:24:55.422439Z,5.0909705,-6.3584762,0.3563620,-0.2245446,-0.7925094,-0.5280454,5.9550452,-7.7829866,0.4457504,-0.4223766,-0.5472149,0.1929946,0.6963526
gait_20260919_222452_andrew_slow_3,andrew_slow_3,2513732317981929,2026-09-19T22:24:55.442382Z,5.4203229,-6.5137997,0.0677110,-0.2175500,-0.5578392,-0.3931987,6.0100455,-7.7443542,0.3747443,-0.4206580,-0.5527371,0.1915653,0.6934201
gait_20260919_222452_andrew_slow_3,andrew_slow_3,2513732338129715,2026-09-19T22:24:55.462180Z,5.3727384,-6.9171481,-1.2211925,0.0024648,-0.1484696,-0.2515073,6.0412035,-7.7194839,0.3867120,-0.4181062,-0.5548908,0.1916417,0.6932221
gait_20260919_222452_andrew_slow_3,andrew_slow_3,2513732358321162,2026-09-19T22:24:55.483399Z,5.5173631,-6.9822402,-1.8445828,0.1490524,-0.0480299,-0.1307331,6.0518355,-7.7121329,0.3666184,-0.4158539,-0.5565219,0.1929657,0.6929020
gait_20260919_222452_andrew_slow_3,andrew_slow_3,2513732378484410,2026-09-19T22:24:55.502532Z,5.8858457,-6.3805475,-1.1709890,0.0266796,-0.4280553,0.0216168,6.0471902,-7.7192426,0.2844548,-0.4143925,-0.5611306,0.1964588,0.6890684
gait_20260919_222452_andrew_slow_3,andrew_slow_3,2513732398658687,2026-09-19T22:24:55.526075Z,6.6235590,-6.5815110,-0.4256442,-0.0231822,-0.4544185,0.0918796,6.0383372,-7.7275362,0.2444779,-0.4137677,-0.5641416,0.1993557,0.6861472
gait_20260919_222452_andrew_slow_3,andrew_slow_3,2513732418803706,2026-09-19T22:24:55.543168Z,7.9768815,-7.0089507,-0.3419219,0.1508677,-0.0202678,0.2137029,6.1110792,-7.6703753,0.2370137,-0.4100789,-0.5681195,0.1967185,0.6858407
gait_20260919_222452_andrew_slow_3,andrew_slow_3,2513732438995926,2026-09-19T22:24:55.563411Z,9.0909338,-6.9054012,-0.3945195,0.1581122,0.3552278,0.3232523,6.0604610,-7.7077842,0.3114195,-0.4111357,-0.5641234,0.1987773,0.6879098
gait_20260919_222452_andrew_slow_3,andrew_slow_3,2513732459164505,2026-09-19T22:24:55.583668Z,9.3098536,-6.7476835,-0.2913444,-0.0154715,0.6404426,0.2481432,6.0319786,-7.7265677,0.3892454,-0.4133103,-0.5591565,0.1979730,0.6908873
gait_20260919_222452_andrew_slow_3,andrew_slow_3,2513732479332718,2026-09-19T22:24:55.603817Z,8.4849014,-6.5891423,-0.4876690,-0.1263199,0.8351766,0.0426507,6.0348973,-7.7198377,0.4692984,-0.4153003,-0.5540488,0.1943103,0.6948375
gait_20260919_222452_andrew_slow_3,andrew_slow_3,2513732499479487,2026-09-19T22:24:55.625368Z,7.0649152,-6.4041901,-0.5214123,-0.1102988,0.7427808,-0.1115145,6.2746954,-7.5323424,0.3579329,-0.4121616,-0.5603750,0.1804049,0.6953825
gait_20260919_222452_andrew_slow_3,andrew_slow_3,2513732519664872,2026-09-19T22:24:55.643725Z,5.6154504,-6.1735239,-0.3132663,-0.0720115,0.5168539,-0.1437232,6.2892556,-7.5178189,0.4047231,-0.4116754,-0.5593715,0.1767208,0.6974214
gait_20260919_222452_andrew_slow_3,andrew_slow_3,2513732539816645,2026-09-19T22:24:55.665588Z,4.7240591,-6.1140428,-0.3949685,0.0858509,0.3064818,0.0346401,6.2626271,-7.5370202,0.4571077,-0.4112188,-0.5574323,0.1775936,0.6990200
gait_20260919_222452_andrew_slow_3,andrew_slow_3,2513732560035558,2026-09-19T22:24:55.684471Z,4.3816137,-6.2415342,-0.4219032,0.2939914,0.0422010,0.3604904,6.1845107,-7.5986338,0.4986994,-0.4105822,-0.5557967,0.1834885,0.6991740
gait_20260919_222452_andrew_slow_3,andrew_slow_3,2513732580154780,2026-09-19T22:24:55.704247Z,4.5715785,-6.4096522,-0.4031985,0.4209608,-0.2722414,0.7047933,6.0562339,-7.6997523,0.5215083,-0.4112086,-0.5540881,0.1927731,0.6976621
gait_20260919_222452_andrew_slow_3,andrew_slow_3,2513732600323767,2026-09-19T22:24:55.726138Z,5.7136126,-6.9089179,-0.1787421,0.5080773,-0.4469242,1.0319426,5.8792748,-7.8336773,0.5511217,-0.4126723,-0.5518299,0.2053249,0.6950014
gait_20260919_222452_andrew_slow_3,andrew_slow_3,2513732620515986,2026-09-19T22:24:55.744502Z,6.3595982,-8.7032223,-0.5491700,0.6672887,-0.4473405,1.2732410,5.6752872,-7.9778104,0.6178886,-0.4140223,-0.5482748,0.2199333,0.6925386
gait_20260919_222452_andrew_slow_3,andrew_slow_3,2513732640666296,2026-09-19T22:24:55.765182Z,6.4942722,-11.6585655,-1.8217630,0.8546618,-0.2595678,1.3690176,5.4506998,-8.1217327,0.7506269,-0.4150090,-0.5419967,0.2352855,0.6918440
gait_20260919_222452_andrew_slow_3,andrew_slow_3,2513732660840571,2026-09-19T22:24:55.786882Z,7.9683523,-15.3382292,-4.1264067,0.8977454,0.0541252,1.3921832,5.2198730,-8.2586107,0.8856715,-0.4168337,-0.5334480,0.2493454,0.6924666
gait_20260919_222452_andrew_slow_3,andrew_slow_3,2513732681022009,2026-09-19T22:24:55.805033Z,10.8905506,-16.0950203,-0.1515829,0.3155749,0.0671319,1.2454123,5.0457850,-8.3650093,0.8959810,-0.4220850,-0.5275428,0.2582574,0.6905404
gait_20260919_222452_andrew_slow_3,andrew_slow_3,2513732701191930,2026-09-19T22:24:55.826449Z,7.2435074,-11.3914623,1.3195044,-0.0342904,0.3829399,0.4900745,5.0236354,-8.3711052,0.9611490,-0.4252528,-0.5231674,0.2583046,0.6919067
gait_20260919_222452_andrew_slow_3,andrew_slow_3,2513732721360550,2026-09-19T22:24:55.846078Z,2.9566147,-7.2192664,0.2246061,0.1660894,0.5999902,-0.2497253,5.0687022,-8.3340378,1.0431696,-0.4239554,-0.5197578,0.2541639,0.6967887
gait_20260919_222452_andrew_slow_3,andrew_slow_3,2513732741529658,2026-09-19T22:24:55.866075Z,1.1497406,-5.5499840,0.6564602,-0.1532992,0.8509146,-0.3325285,5.0938840,-8.3113213,1.1001915,-0.4262497,-0.5151531,0.2467976,0.7014410
gait_20260919_222452_andrew_slow_3,andrew_slow_3,2513732761696690,2026-09-19T22:24:55.885934Z,0.8829367,-5.9861026,1.7425299,-0.3960798,1.3723317,-0.2613164,5.0861669,-8.3048019,1.1820711,-0.4317547,-0.5066929,0.2367731,0.7076643
gait_20260919_222452_andrew_slow_3,andrew_slow_3,2513732781846105,2026-09-19T22:24:55.906588Z,1.9290532,-7.4975924,1.9865141,-0.3454853,1.0748763,0.0313260,5.0269351,-8.3381004,1.2008904,-0.4369851,-0.4999849,0.2318991,0.7108319
gait_20260919_222452_andrew_slow_3,andrew_slow_3,2513732802037226,2026-09-19T22:24:55.927337Z,3.2187798,-9.1900682,2.0604351,-0.2552877,-0.0716451,0.4560339,4.7962141,-8.4745016,1.1896573,-0.4421154,-0.4956527,0.2400818,0.7079712
gait_20260919_222452_andrew_slow_3,andrew_slow_3,2513732822204870,2026-09-19T22:24:55.947389Z,3.9978678,-10.6503067,2.1220109,-0.1346302,-1.2019457,0.6046034,4.7220078,-8.5378256,1.0219063,-0.4437768,-0.5005820,0.2510583,0.6996067
gait_20260919_222452_andrew_slow_3,andrew_slow_3,2513732842373937,2026-09-19T22:24:55.966277Z,4.7162032,-11.2032175,2.0258687,-0.0076275,-2.0977924,0.6184261,4.6570954,-8.5968437,0.8011677,-0.4410120,-0.5134186,0.2655849,0.6865672
gait_20260919_222452_andrew_slow_3,andrew_slow_3,2513732862520910,2026-09-19T22:24:55.986924Z,4.5943980,-10.1167746,2.1137807,0.0533924,-2.5979259,0.5920130,4.5990133,-8.6464624,0.5690949,-0.4371726,-0.5279944,0.2804671,0.6718931
gait_20260919_222452_andrew_slow_3,andrew_slow_3,2513732882711461,2026-09-19T22:24:56.006904Z,3.6351464,-8.3076553,2.0854244,0.0757753,-2.3435376,0.4135331,4.5026994,-8.6960363,0.5837649,-0.4301871,-0.5339946,0.2968926,0.6645626
gait_20260919_222452_andrew_slow_3,andrew_slow_3,2513732902880081,2026-09-19T22:24:56.027823Z,2.5950153,-7.1958480,1.8171242,0.1358626,-1.5298777,0.1503848,4.5078688,-8.6977177,0.5147149,-0.4262102,-0.5413028,0.3035604,0.6581697
gait_20260919_222452_andrew_slow_3,andrew_slow_3,2513732923054560,2026-09-19T22:24:56.047446Z,2.3445969,-7.1094322,1.5197195,0.1934684,-0.6174768,-0.0727942,4.5308104,-8.6847925,0.5312709,-0.4235913,-0.5434241,0.3051643,0.6573702
gait_20260919_222452_andrew_slow_3,andrew_slow_3,2513732943218827,2026-09-19T22:24:56.067939Z,2.1583729,-8.0645695,1.5028853,0.2204477,0.1574627,-0.1632749,4.5545607,-8.6667690,0.6158018,-0.4229699,-0.5406565,0.3029689,0.6610573
gait_20260919_222452_andrew_slow_3,andrew_slow_3,2513732963387690,2026-09-19T22:24:56.087859Z,2.3104045,-8.8857803,1.5750854,0.2207475,0.8004533,-0.1565634,4.5217586,-8.6720448,0.7651491,-0.4247290,-0.5331334,0.2986001,0.6679910
gait_20260919_222452_andrew_slow_3,andrew_slow_3,2513732983557124,2026-09-19T22:24:56.107787Z,2.6653450,-9.2999020,1.3775638,0.2048430,1.1742336,-0.0797556,4.0073256,-8.8878622,1.0878249,-0.4353272,-0.5093050,0.3073017,0.6757694
gait_20260919_222452_andrew_slow_3,andrew_slow_3,2513733003703038,2026-09-19T22:24:56.127798Z,2.6443210,-9.4471455,1.1948563,0.1231223,1.4002104,-0.1191920,3.7554042,-8.9783764,1.2336212,-0.4484546,-0.4877626,0.3110159,0.6813555
gait_20260919_222452_andrew_slow_3,andrew_slow_3,2513733023872920,2026-09-19T22:24:56.150866Z,2.9749453,-9.3431473,1.2191724,-0.0324751,1.4843625,-0.0589382,3.6951826,-8.9906893,1.3225836,-0.4561414,-0.4754301,0.3029402,0.6885699
gait_20260919_222452_andrew_slow_3,andrew_slow_3,2513733044041336,2026-09-19T22:24:56.172937Z,3.5274820,-8.9543896,1.3049896,-0.1598275,1.3243352,0.1235387,3.6797068,-8.9945669,1.3392773,-0.4607368,-0.4691454,0.2974868,0.6921892
gait_20260919_222452_andrew_slow_3,andrew_slow_3,2513733069270543,2026-09-19T22:24:56.193709Z,3.8728456,-8.6171064,1.3069348,-0.0925791,0.3338775,0.4235754,3.5870454,-9.0243835,1.3891412,-0.4688888,-0.4583240,0.2908674,0.6967629
gait_20260919_222452_andrew_slow_3,andrew_slow_3,2513733089421382,2026-09-19T22:24:56.213950Z,4.2492590,-8.6429186,1.4112322,0.0662492,-0.2354362,0.5639845,3.5013263,-9.0567827,1.3969687,-0.4739755,-0.4527183,0.2894897,0.6975594
gait_20260919_222452_andrew_slow_3,andrew_slow_3,2513733109591222,2026-09-19T22:24:56.233909Z,4.6671968,-8.7666693,1.5472529,0.3208042,-0.7598677,0.6266698,3.4074967,-9.0932379,1.3921558,-0.4768117,-0.4500971,0.2925645,0.6960382
gait_20260919_222452_andrew_slow_3,andrew_slow_3,2513733129781693,2026-09-19T22:24:56.254011Z,4.8633718,-8.8203135,1.4948797,0.6526166,-1.0647674,0.5863007,3.3423312,-9.1161690,1.4001386,-0.4758470,-0.4507696,0.2989271,0.6935552
gait_20260919_222452_andrew_slow_3,andrew_slow_3,2513733149950882,2026-09-19T22:24:56.274080Z,4.6953287,-8.5722895,1.3085809,1.0313929,-1.0396366,0.4692071,3.2816389,-9.1311970,1.4450610,-0.4717778,-0.4525934,0.3084287,0.6909823
gait_20260919_222452_andrew_slow_3,andrew_slow_3,2513733170148596,2026-09-19T22:24:56.294236Z,4.2530003,-8.5761051,0.7749732,1.3037176,-0.8683845,0.3482998,3.3451838,-9.0924921,1.5402733,-0.4619749,-0.4573373,0.3158011,0.6911524
gait_20260919_222452_andrew_slow_3,andrew_slow_3,2513733190289017,2026-09-19T22:24:56.314575Z,3.9851487,-8.5758810,0.3709516,1.2877299,-0.6818608,0.3044001,3.3444035,-9.0658293,1.6916952,-0.4527311,-0.4581481,0.3250410,0.6924474
gait_20260919_222452_andrew_slow_3,andrew_slow_3,2513733210460444,2026-09-19T22:24:56.334794Z,3.7262757,-8.6432924,0.1929577,1.0314430,-0.4296374,0.2516238,3.3254037,-9.0390711,1.8636056,-0.4440125,-0.4571179,0.3341180,0.6944504
gait_20260919_222452_andrew_slow_3,andrew_slow_3,2513733230629919,2026-09-19T22:24:56.355605Z,3.5723734,-8.6780834,0.1735048,0.6367787,-0.1364621,0.2182161,3.3035107,-9.0161104,2.0081520,-0.4377659,-0.4550845,0.3405088,0.6966440
gait_20260919_222452_andrew_slow_3,andrew_slow_3,2513733250796341,2026-09-19T22:24:56.375744Z,3.4761565,-8.6277304,0.2666542,0.2050096,0.1890718,0.1892550,3.2748618,-9.0052586,2.1015902,-0.4350981,-0.4524116,0.3436209,0.6985258
gait_20260919_222452_andrew_slow_3,andrew_slow_3,2513733270963984,2026-09-19T22:24:56.395466Z,3.5105731,-8.6655884,0.4450971,-0.1731506,0.4752025,0.1832929,3.2357907,-9.0094566,2.1437058,-0.4361799,-0.4489988,0.3434828,0.7001192
gait_20260919_222452_andrew_slow_3,andrew_slow_3,2513733291118199,2026-09-19T22:24:56.415884Z,3.6433764,-8.7713079,0.7178116,-0.4198283,0.6508679,0.1976152,3.1869934,-9.0297356,2.1314478,-0.4411011,-0.4448870,0.3399790,0.7013698
gait_20260919_222452_andrew_slow_3,andrew_slow_3,2513733311302160,2026-09-19T22:24:56.435917Z,3.8096237,-9.0298815,0.9817724,-0.5239652,0.6790296,0.2308731,3.1381171,-9.0616589,2.0675306,-0.4487248,-0.4409146,0.3340263,0.7019024
gait_20260919_222452_andrew_slow_3,andrew_slow_3,2513733331472122,2026-09-19T22:24:56.455653Z,4.0023570,-9.2048826,1.2146833,-0.5135398,0.5986246,0.2944410,3.0951500,-9.0964575,1.9775242,-0.4569989,-0.4373831,0.3275647,0.7018187
gait_20260919_222452_andrew_slow_3,andrew_slow_3,2513733351640132,2026-09-19T22:24:56.476220Z,4.0413375,-9.0288343,1.4283658,-0.3972956,0.4565335,0.3494988,3.0206113,-9.1344557,1.9167000,-0.4648744,-0.4326196,0.3229010,0.7017599
gait_20260919_222452_andrew_slow_3,andrew_slow_3,2513733371813227,2026-09-19T22:24:56.495833Z,4.0882492,-8.8803186,1.5363293,-0.2016954,0.2775706,0.4085703,2.9460890,-9.1693077,1.8655957,-0.4715426,-0.4284143,0.3197209,0.7013467
gait_20260919_222452_andrew_slow_3,andrew_slow_3,2513733391978552,2026-09-19T22:24:56.516661Z,4.3180175,-8.9484034,1.4648774,-0.0085435,0.1346968,0.4898247,2.9027023,-9.1899338,1.8318164,-0.4757449,-0.4258094,0.3174389,0.7011317
gait_20260919_222452_andrew_slow_3,andrew_slow_3,2513733412147130,2026-09-19T22:24:56.536525Z,4.6110830,-9.1156988,1.3776386,0.1530660,0.0426840,0.5733939,2.8515158,-9.2073145,1.8249167,-0.4784003,-0.4232493,0.3173278,0.7009255
gait_20260919_222452_andrew_slow_3,andrew_slow_3,2513733432315791,2026-09-19T22:24:56.557085Z,4.9345245,-9.2411699,1.2297219,0.2665957,-0.0444659,0.6758654,2.7550955,-9.2313185,1.8515712,-0.4805013,-0.4192453,0.3200903,0.7006384
gait_20260919_222452_andrew_slow_3,andrew_slow_3,2513733452466100,2026-09-19T22:24:56.576901Z,5.3181953,-9.1590185,1.0219500,0.3208708,-0.0696466,0.7571031,2.6348295,-9.2570543,1.8975587,-0.4820282,-0.4146658,0.3247323,0.7001786
gait_20260919_222452_andrew_slow_3,andrew_slow_3,2513733472654984,2026-09-19T22:24:56.597799Z,5.9485435,-9.5077486,0.8515876,0.3079140,-0.0347734,0.7773044,2.4983382,-9.2832775,1.9532456,-0.4833348,-0.4096849,0.3304703,0.6995250
gait_20260919_222452_andrew_slow_3,andrew_slow_3,2513733492827428,2026-09-19T22:24:56.617246Z,6.8759975,-10.0964231,0.7052420,0.2471773,-0.0323086,0.7467778,2.3548632,-9.3086977,2.0096998,-0.4849545,-0.4042140,0.3360431,0.6989316
gait_20260919_222452_andrew_slow_3,andrew_slow_3,2513733512992264,2026-09-19T22:24:56.637688Z,7.8305359,-10.5057573,0.6017677,0.1602106,-0.1248377,0.5857678,2.2151785,-9.3328838,2.0558162,-0.4868706,-0.3989608,0.3411430,0.6981466
gait_20260919_222452_andrew_slow_3,andrew_slow_3,2513733533161697,2026-09-19T22:24:56.657378Z,8.5972786,-10.3600101,0.4120272,0.0840356,-0.2561537,0.2202146,2.1064613,-9.3523512,2.0814559,-0.4884602,-0.3953560,0.3453139,0.6970356
gait_20260919_222452_andrew_slow_3,andrew_slow_3,2513733553307287,2026-09-19T22:24:56.678024Z,8.6037884,-9.0472393,-3.1737387,-0.0966093,0.4944877,-0.3966960,2.0696750,-9.3593464,2.0869062,-0.4886731,-0.3947329,0.3474208,0.6961921
gait_20260919_222452_andrew_slow_3,andrew_slow_3,2513733573499140,2026-09-19T22:24:56.697684Z,6.5809870,-8.4778681,-5.0926166,-1.2856815,4.1993322,-1.1702199,2.1269243,-9.3468685,2.0852709,-0.4890345,-0.3943899,0.3425664,0.6985343
gait_20260919_222452_andrew_slow_3,andrew_slow_3,2513733593646073,2026-09-19T22:24:56.720320Z,6.2000098,-9.1876745,-2.1620390,-2.3055332,3.9091711,-2.1073685,2.1672888,-9.3472023,2.0417604,-0.5071623,-0.3738149,0.3082236,0.7127742
gait_20260919_222452_andrew_slow_3,andrew_slow_3,2513733613839554,2026-09-19T22:24:56.738616Z,4.5492826,-10.6837511,-0.6994810,-2.7337384,1.4829803,-2.9854455,2.3862848,-9.3436899,1.7992303,-0.5290220,-0.3598335,0.2619701,0.7225146
gait_20260919_222452_andrew_slow_3,andrew_slow_3,2513733634024776,2026-09-19T22:24:56.758402Z,2.2443397,-13.0474262,0.7409306,-2.5868511,-0.3577925,-3.0256648,2.8909562,-9.2740526,1.3676440,-0.5426137,-0.3700364,0.2205320,0.7211167
gait_20260919_222452_andrew_slow_3,andrew_slow_3,2513733654175817,2026-09-19T22:24:56.778844Z,0.8523358,-14.2735567,2.0993409,-1.4027750,-0.3243181,-2.6362798,3.4721274,-9.1359367,0.8456534,-0.5496851,-0.3947269,0.1892621,0.7114892
gait_20260919_222452_andrew_slow_3,andrew_slow_3,2513733674344193,2026-09-19T22:24:56.798605Z,-0.5052513,-14.0924959,1.6751182,-0.5955936,0.1844586,-1.9783007,3.9644012,-8.9569511,0.5410234,-0.5487125,-0.4152156,0.1664751,0.7062555
gait_20260919_222452_andrew_slow_3,andrew_slow_3,2513733694513708,2026-09-19T22:24:56.819161Z,0.5898715,-12.2218008,0.7490110,-0.3509977,0.1010392,-1.2610337,4.3256874,-8.7932644,0.4506031,-0.5453537,-0.4250596,0.1472311,0.7072742
gait_20260919_222452_andrew_slow_3,andrew_slow_3,2513733714665564,2026-09-19T22:24:56.840223Z,2.1751323,-9.9821005,0.2041805,-0.4146656,-0.3223696,-0.8785601,4.5486393,-8.6822176,0.4062963,-0.5433218,-0.4302719,0.1343793,0.7082442
gait_20260919_222452_andrew_slow_3,andrew_slow_3,2513733734853551,2026-09-19T22:24:56.859780Z,2.9269116,-8.5707188,0.8983493,-0.5335411,-0.6394767,-0.8163911,4.6669378,-8.6232862,0.3077838,-0.5433736,-0.4358813,0.1284942,0.7058625
gait_20260919_222452_andrew_slow_3,andrew_slow_3,2513733755019893,2026-09-19T22:24:56.879446Z,3.0809636,-8.0267105,1.6745944,-0.4205444,-0.7806018,-0.8172570,4.8051715,-8.5511389,0.1565055,-0.5436628,-0.4442695,0.1227199,0.7014236
gait_20260919_222452_andrew_slow_3,andrew_slow_3,2513733775200353,2026-09-19T22:24:56.900318Z,3.5192521,-7.7542953,2.1287446,-0.0653832,-0.6021885,-0.7406491,4.9470038,-8.4713192,0.0018628,-0.5429609,-0.4538893,0.1179723,0.6966065
gait_20260919_222452_andrew_slow_3,andrew_slow_3,2513733795362259,2026-09-19T22:24:56.920303Z,4.1873841,-7.4136457,2.0321536,0.3436367,-0.2868802,-0.6981484,5.0731392,-8.3960276,-0.0781051,-0.5403291,-0.4614522,0.1144108,0.6942741
gait_20260919_222452_andrew_slow_3,andrew_slow_3,2513733815507197,2026-09-19T22:24:56.941659Z,4.9399862,-7.3360586,1.1968015,0.5602540,-0.0270293,-0.7574529,5.1896486,-8.3247089,-0.0536467,-0.5352523,-0.4659930,0.1114838,0.6956486
gait_20260919_222452_andrew_slow_3,andrew_slow_3,2513733835699091,2026-09-19T22:24:56.960323Z,5.2110548,-7.6967597,-0.0579846,0.4124673,0.0806049,-0.9286384,5.3138289,-8.2460804,0.0387023,-0.5283694,-0.4687826,0.1080895,0.6995608
gait_20260919_222452_andrew_slow_3,andrew_slow_3,2513733855869706,2026-09-19T22:24:56.981063Z,3.6628294,-8.3320465,-0.0889596,0.0911302,-0.0192519,-1.0261637,5.4647145,-8.1460276,0.1234641,-0.5217001,-0.4716323,0.1021256,0.7035356
gait_20260919_222452_andrew_slow_3,andrew_slow_3,2513733876037999,2026-09-19T22:24:57.000332Z,2.3948002,-8.2359791,0.5625626,0.0639177,-0.2261600,-0.9331682,5.6296387,-8.0326767,0.1392186,-0.5169705,-0.4759487,0.0941851,0.7052259
gait_20260919_222452_andrew_slow_3,andrew_slow_3,2513733896208207,2026-09-19T22:24:57.020287Z,1.9081039,-7.6557593,0.5296423,0.2543051,-0.4792494,-0.7553046,5.7813010,-7.9245167,0.1213632,-0.5127205,-0.4814636,0.0876504,0.7054275
gait_20260919_222452_andrew_slow_3,andrew_slow_3,2513733916351720,2026-09-19T22:24:57.041033Z,2.4124575,-7.0610247,0.3111714,0.3388737,-0.5975921,-0.5727278,5.9031057,-7.8344412,0.1048227,-0.5076242,-0.4876923,0.0847237,0.7051921
gait_20260919_222452_andrew_slow_3,andrew_slow_3,2513733936520056,2026-09-19T22:24:57.061612Z,3.2918777,-6.9880762,0.0576853,0.2856311,-0.4189123,-0.3855379,5.9943261,-7.7650886,0.0869620,-0.5026320,-0.4937529,0.0842429,0.7046080
gait_20260919_222452_andrew_slow_3,andrew_slow_3,2513733956712804,2026-09-19T22:24:57.081294Z,4.3350015,-7.2439566,-0.3820996,0.2300237,-0.0162709,-0.1861573,6.0566182,-7.7167034,0.0772571,-0.4989975,-0.4979180,0.0840470,0.7042835
gait_20260919_222452_andrew_slow_3,andrew_slow_3,2513733976884720,2026-09-19T22:24:57.101361Z,5.0265517,-7.0907278,-1.0295815,0.1924359,0.1495687,-0.0420511,6.0863619,-7.6929021,0.1075820,-0.4973300,-0.4980302,0.0826822,0.7055442
gait_20260919_222452_andrew_slow_3,andrew_slow_3,2513733997059850,2026-09-19T22:24:57.121189Z,5.0228853,-6.7963157,-1.3230209,0.1961164,-0.1475536,0.0616694,6.0924454,-7.6871905,0.1592080,-0.4967087,-0.4960005,0.0812789,0.7075718
gait_20260919_222452_andrew_slow_3,andrew_slow_3,2513734017221431,2026-09-19T22:24:57.141547Z,4.8551416,-6.5953522,-1.0834510,0.1915033,-0.4598809,0.2050262,6.0843234,-7.6932898,0.1744290,-0.4962565,-0.4956673,0.0821482,0.7080220
gait_20260919_222452_andrew_slow_3,andrew_slow_3,2513734037390742,2026-09-19T22:24:57.161533Z,4.8506527,-6.5846534,-0.5008371,0.1886887,-0.5596378,0.3302802,6.0554347,-7.7165952,0.1482553,-0.4963300,-0.4969349,0.0855606,0.7066765
gait_20260919_222452_andrew_slow_3,andrew_slow_3,2513734057534419,2026-09-19T22:24:57.182530Z,4.7932668,-6.9749827,-0.3475333,0.2476269,-0.5194187,0.4603639,6.0058765,-7.7558975,0.1077692,-0.4970197,-0.4983179,0.0904201,0.7046097
gait_20260919_222452_andrew_slow_3,andrew_slow_3,2513734077719437,2026-09-19T22:24:57.202452Z,5.4180784,-7.2829370,-1.0363152,0.3030511,-0.5144558,0.5796391,5.9361086,-7.8097439,0.0814187,-0.4979340,-0.4987508,0.0962759,0.7028800
gait_20260919_222452_andrew_slow_3,andrew_slow_3,2513734097894445,2026-09-19T22:24:57.222367Z,6.1694837,-7.1594863,-1.1010334,0.3000867,-0.6431904,0.6256206,5.8453612,-7.8780117,0.0693337,-0.4991392,-0.4981557,0.1030734,0.7014819
gait_20260919_222452_andrew_slow_3,andrew_slow_3,2513734118068639,2026-09-19T22:24:57.242397Z,6.9906950,-7.1493855,-1.0853215,0.3222364,-0.6864406,0.6547316,5.7715182,-7.9325724,-0.0011146,-0.5008154,-0.5000525,0.1094329,0.6979656
gait_20260919_222452_andrew_slow_3,andrew_slow_3,2513734138235510,2026-09-19T22:24:57.262778Z,8.0407019,-7.2705173,-1.6352397,0.3699665,-0.5629353,0.6631085,5.7263498,-7.9648385,-0.0799442,-0.5015054,-0.5034451,0.1150714,0.6941137
gait_20260919_222452_andrew_slow_3,andrew_slow_3,2513734158401891,2026-09-19T22:24:57.282601Z,9.5270519,-7.2821140,-1.9468601,0.4402793,-0.4462913,0.6175768,5.6192050,-8.0407028,-0.0879946,-0.5025066,-0.5028456,0.1231961,0.6924278
gait_20260919_222452_andrew_slow_3,andrew_slow_3,2513734178549882,2026-09-19T22:24:57.303210Z,10.9233208,-7.3432412,-1.8878280,0.4586319,-0.4687908,0.3993273,5.5173340,-8.1111393,-0.0675951,-0.5028059,-0.5015055,0.1309430,0.6917603
gait_20260919_222452_andrew_slow_3,andrew_slow_3,2513734198743363,2026-09-19T22:24:57.323447Z,9.4833584,-7.6513448,-0.7915829,0.5948108,-0.4492058,0.1958499,5.4486089,-8.1576300,-0.0431722,-0.5018616,-0.5012062,0.1374126,0.6914081
gait_20260919_222452_andrew_slow_3,andrew_slow_3,2513734218909216,2026-09-19T22:24:57.343098Z,5.9868512,-7.9506202,-0.0415244,0.7486097,0.0239816,0.3345103,5.4193311,-8.1772223,-0.0011909,-0.4988704,-0.5020522,0.1428568,0.6918554
gait_20260919_222452_andrew_slow_3,andrew_slow_3,2513734239077225,2026-09-19T22:24:57.363951Z,3.9997385,-10.1748333,-0.0155623,0.7228794,0.5698467,0.6029879,5.3692470,-8.2093248,0.1195260,-0.4959278,-0.4988226,0.1477623,0.6952683
gait_20260919_222452_andrew_slow_3,andrew_slow_3,2513734259246985,2026-09-19T22:24:57.383822Z,3.7913680,-15.9994774,-3.4793737,0.4334678,0.9803154,0.8150921,5.2680001,-8.2700415,0.3011758,-0.4952167,-0.4901636,0.1518839,0.7010217
gait_20260919_222452_andrew_slow_3,andrew_slow_3,2513734279415401,2026-09-19T22:24:57.404273Z,5.4242134,-21.4950676,-9.6086044,-0.6097327,1.3590585,0.8832565,5.1234546,-8.3520212,0.4796484,-0.4980004,-0.4778970,0.1542107,0.7069859
gait_20260919_222452_andrew_slow_3,andrew_slow_3,2513734299576208,2026-09-19T22:24:57.424454Z,6.2360725,-13.5859728,0.7653216,-0.5959433,0.9815978,0.3143091,4.9537282,-8.4506741,0.5317964,-0.5088283,-0.4634776,0.1502900,0.7097149
gait_20260919_222452_andrew_slow_3,andrew_slow_3,2513734319731441,2026-09-19T22:24:57.444278Z,2.8716953,-8.1934071,4.3393412,0.1844586,-0.6717519,0.1947841,4.8784704,-8.4953651,0.5151900,-0.5180610,-0.4540589,0.1428778,0.7106542
gait_20260919_222452_andrew_slow_3,andrew_slow_3,2513734339901037,2026-09-19T22:24:57.464365Z,1.8688989,-5.3080201,2.5668087,0.2162843,-1.2040607,0.3786099,4.6795211,-8.5694571,0.9500560,-0.5100994,-0.4388216,0.1551010,0.7233103
gait_20260919_222452_andrew_slow_3,andrew_slow_3,2513734360079789,2026-09-19T22:24:57.484624Z,1.3566893,-4.0519619,1.8403929,-0.0762582,-0.8320457,0.4584154,4.6391158,-8.5992832,0.8758252,-0.5084882,-0.4449632,0.1643911,0.7186258
gait_20260919_222452_andrew_slow_3,andrew_slow_3,2513734380261998,2026-09-19T22:24:57.504819Z,0.6802526,-4.4440126,1.9310733,-0.1427906,-0.5621359,0.5544584,4.5724816,-8.6435461,0.7858977,-0.5104074,-0.4479124,0.1705869,0.7139740
gait_20260919_222452_andrew_slow_3,andrew_slow_3,2513734400434281,2026-09-19T22:24:57.525200Z,1.2291981,-6.2833581,1.9084780,0.0320421,-0.3970457,0.7815344,4.4852357,-8.6958599,0.7076701,-0.5138939,-0.4483813,0.1753495,0.7100140
gait_20260919_222452_andrew_slow_3,andrew_slow_3,2513734420602697,2026-09-19T22:24:57.545279Z,2.8381016,-8.8676739,1.7234511,0.1802785,-0.4675251,0.8843057,4.3543534,-8.7646399,0.6758869,-0.5174050,-0.4461481,0.1816862,0.7072724
gait_20260919_222452_andrew_slow_3,andrew_slow_3,2513734440747635,2026-09-19T22:24:57.565311Z,4.0546556,-11.0512609,1.9654151,0.2387504,-0.7789198,0.8143426,4.1666174,-8.8533554,0.7025035,-0.5200223,-0.4414621,0.1913657,0.7057387
gait_20260919_222452_andrew_slow_3,andrew_slow_3,2513734460938390,2026-09-19T22:24:57.585669Z,4.7400703,-11.6663465,2.3802855,0.2447957,-1.0674653,0.5690972,4.0280743,-8.9186249,0.6847454,-0.5214237,-0.4408390,0.2008572,0.7024491
gait_20260919_222452_andrew_slow_3,andrew_slow_3,2513734481087398,2026-09-19T22:24:57.605301Z,4.1355343,-9.7660236,2.5000703,0.2374680,-0.9409456,0.1382274,3.9336333,-8.9637213,0.6437080,-0.5210505,-0.4436458,0.2104556,0.6981356
gait_20260919_222452_andrew_slow_3,andrew_slow_3,2513734501275508,2026-09-19T22:24:57.625446Z,2.9141176,-7.9836903,2.2584803,0.2716419,-0.4383641,-0.1180262,3.9161029,-8.9737606,0.6098237,-0.5188172,-0.4481862,0.2165911,0.6950151
gait_20260919_222452_andrew_slow_3,andrew_slow_3,2513734521446529,2026-09-19T22:24:57.645541Z,2.6177602,-7.8118310,1.6864907,0.3845886,0.1563469,-0.0711621,3.9449663,-8.9604006,0.6201488,-0.5161088,-0.4507220,0.2182368,0.6948771
gait_20260919_222452_andrew_slow_3,andrew_slow_3,2513734541615636,2026-09-19T22:24:57.666084Z,3.1523407,-8.5437832,1.0815806,0.5003499,0.6207243,0.1126470,3.9595544,-8.9481812,0.6986507,-0.5140825,-0.4486006,0.2175146,0.6979715
gait_20260919_222452_andrew_slow_3,andrew_slow_3,2513734561786250,2026-09-19T22:24:57.686133Z,3.7238815,-8.9444380,0.6444144,0.5513775,1.0130570,0.1762150,3.9314616,-8.9487619,0.8363058,-0.5131497,-0.4418099,0.2161470,0.7033932
gait_20260919_222452_andrew_slow_3,andrew_slow_3,2513734581954992,2026-09-19T22:24:57.706487Z,3.7393689,-8.9977837,0.3337667,0.4940714,1.2925428,0.2100890,3.8794334,-8.9529819,1.0149976,-0.5129891,-0.4315870,0.2134620,0.7106398
gait_20260919_222452_andrew_slow_3,andrew_slow_3,2513734602098913,2026-09-19T22:24:57.726388Z,3.8833952,-8.8616886,0.2453309,0.3503315,1.3820410,0.3217701,3.8140092,-8.9579239,1.2021046,-0.5138578,-0.4193079,0.2090767,0.7186223
gait_20260919_222452_andrew_slow_3,andrew_slow_3,2513734622293045,2026-09-19T22:24:57.746674Z,4.1885810,-8.5878515,0.3026420,0.1890218,1.2388173,0.3963130,3.7250719,-8.9734688,1.3552940,-0.5164399,-0.4064510,0.2042789,0.7255051
gait_20260919_222452_andrew_slow_3,andrew_slow_3,2513734642462764,2026-09-19T22:24:57.767247Z,4.3775735,-8.3151369,0.4173393,0.0790061,0.9025584,0.4183627,3.6498017,-8.9926329,1.4309466,-0.5206172,-0.3959116,0.1988608,0.7298399
gait_20260919_222452_andrew_slow_3,andrew_slow_3,2513734662631302,2026-09-19T22:24:57.786892Z,4.5902834,-8.1200094,0.5467758,0.0457483,0.4711390,0.4257404,3.5683398,-9.0155659,1.4908541,-0.5243436,-0.3870867,0.1953502,0.7328478
gait_20260919_222452_andrew_slow_3,andrew_slow_3,2513734682801957,2026-09-19T22:24:57.807512Z,4.8314242,-8.1852522,0.7011270,0.0879160,0.0410186,0.4027580,3.4957836,-9.0390511,1.5202478,-0.5273125,-0.3811365,0.1940548,0.7341794
gait_20260919_222452_andrew_slow_3,andrew_slow_3,2513734702945552,2026-09-19T22:24:57.827625Z,4.9928832,-8.4103813,0.9709236,0.2351032,-0.3320456,0.3692337,3.4894810,-9.0440636,1.5048443,-0.5287002,-0.3804353,0.1932798,0.7337493
gait_20260919_222452_andrew_slow_3,andrew_slow_3,2513734723138546,2026-09-19T22:24:57.847440Z,4.8791585,-8.4673939,1.1609634,0.5146390,-0.4347335,0.3195385,3.7094448,-8.9692879,1.4240742,-0.5253684,-0.3905658,0.1878914,0.7322180
gait_20260919_222452_andrew_slow_3,andrew_slow_3,2513734743306188,2026-09-19T22:24:57.867562Z,4.3650036,-8.4836292,0.9540145,0.7945744,-0.3203545,0.2500417,3.7986839,-8.9287720,1.4433180,-0.5199944,-0.3972774,0.1876798,0.7324976
gait_20260919_222452_andrew_slow_3,andrew_slow_3,2513734763477331,2026-09-19T22:24:57.887855Z,4.2372880,-9.0087824,0.6317700,0.9256573,-0.3667523,0.2759719,3.7644770,-8.9238224,1.5589215,-0.5149649,-0.3963664,0.1935715,0.7350068
gait_20260919_222452_andrew_slow_3,andrew_slow_3,2513734783634435,2026-09-19T22:24:57.907903Z,4.1267061,-8.8061733,0.4293851,0.8909672,-0.6018388,0.3058823,3.7329717,-8.9135189,1.6882583,-0.5089760,-0.3955555,0.2001482,0.7378483
gait_20260919_222452_andrew_slow_3,andrew_slow_3,2513734803790523,2026-09-19T22:24:57.928711Z,3.7565773,-8.4718828,0.4401590,0.7495922,-0.8121276,0.2645806,3.7518380,-8.9101505,1.6640370,-0.5055802,-0.4007830,0.2056572,0.7358442
gait_20260919_222452_andrew_slow_3,andrew_slow_3,2513734823983882,2026-09-19T22:24:57.949239Z,3.3322051,-8.1112556,0.5254524,0.5817209,-0.8879696,0.2631150,3.7322934,-8.9045973,1.7361556,-0.4998034,-0.4033434,0.2139524,0.7360266
gait_20260919_222452_andrew_slow_3,andrew_slow_3,2513734844152584,2026-09-19T22:24:57.968431Z,3.2601545,-8.1613102,0.5773767,0.4027081,-0.7434803,0.2609167,3.7173941,-8.9032946,1.7743945,-0.4949524,-0.4068524,0.2219659,0.7349997
gait_20260919_222452_andrew_slow_3,andrew_slow_3,2513734864309932,2026-09-19T22:24:57.988786Z,3.4692731,-8.5862055,0.6917747,0.2185159,-0.4922894,0.2634814,3.6981993,-8.9079800,1.7908974,-0.4914236,-0.4100609,0.2290418,0.7334117
gait_20260919_222452_andrew_slow_3,andrew_slow_3,2513734884490271,2026-09-19T22:24:58.008919Z,3.8328176,-9.0634003,0.9047090,0.0180029,-0.1128302,0.2424809,3.6694038,-8.9193964,1.7933156,-0.4898514,-0.4117614,0.2340709,0.7319215
gait_20260919_222452_andrew_slow_3,andrew_slow_3,2513734904660192,2026-09-19T22:24:58.029387Z,4.0855556,-9.5514431,1.0935516,-0.1377778,0.2266596,0.2375513,3.6307299,-8.9368954,1.7848878,-0.4904649,-0.4115196,0.2365384,0.7308525
gait_20260919_222452_andrew_slow_3,andrew_slow_3,2513734924827104,2026-09-19T22:24:58.049134Z,4.2694602,-9.5295210,1.2434886,-0.1983314,0.4159646,0.2708591,3.5808589,-8.9587259,1.7761817,-0.4933189,-0.4086175,0.2359178,0.7307606
gait_20260919_222452_andrew_slow_3,andrew_slow_3,2513734944997432,2026-09-19T22:24:58.069240Z,4.3923125,-9.4781208,1.2541876,-0.1856744,0.4566001,0.3063652,3.5174618,-8.9851265,1.7694814,-0.4972779,-0.4041947,0.2342556,0.7310717
gait_20260919_222452_andrew_slow_3,andrew_slow_3,2513734965142125,2026-09-19T22:24:58.089563Z,4.6897173,-9.4492407,1.2381016,-0.1491690,0.3377412,0.4012425,3.4463997,-9.0129805,1.7676620,-0.5014316,-0.3991241,0.2325094,0.7315775
gait_20260919_222452_andrew_slow_3,andrew_slow_3,2513734985316809,2026-09-19T22:24:58.111513Z,4.9459720,-9.3239193,1.1412112,-0.1146954,0.1937682,0.4775008,3.3620558,-9.0454721,1.7641281,-0.5052626,-0.3944764,0.2324319,0.7314873
gait_20260919_222452_andrew_slow_3,andrew_slow_3,2513735005504023,2026-09-19T22:24:58.130181Z,5.2632785,-9.1997204,1.0223989,-0.0930454,0.1295008,0.5558740,3.2705910,-9.0806885,1.7551202,-0.5085592,-0.3908029,0.2341518,0.7306255
gait_20260919_222452_andrew_slow_3,andrew_slow_3,2513735025676468,2026-09-19T22:24:58.150665Z,5.8973675,-9.3764420,0.8420108,-0.0933118,0.1009560,0.5730442,3.1668117,-9.1192751,1.7453501,-0.5117687,-0.3872355,0.2369888,0.7293682
gait_20260919_222452_andrew_slow_3,andrew_slow_3,2513735045844681,2026-09-19T22:24:58.170509Z,6.7713261,-9.8362036,0.6601263,-0.1209573,0.0528595,0.5627521,3.0578828,-9.1584425,1.7344736,-0.5149311,-0.3837465,0.2402922,0.7279040
gait_20260919_222452_andrew_slow_3,andrew_slow_3,2513735066013220,2026-09-19T22:24:58.190596Z,7.5777230,-10.1571760,0.5753566,-0.1534990,0.0163375,0.5338576,2.9529400,-9.1963320,1.7157344,-0.5181702,-0.3806173,0.2434678,0.7261912
gait_20260919_222452_andrew_slow_3,andrew_slow_3,2513735086181188,2026-09-19T22:24:58.210804Z,8.6622219,-10.1100407,0.5125088,-0.1490858,0.0419012,0.4114680,2.8540726,-9.2326965,1.6875191,-0.5214898,-0.3779609,0.2464451,0.7241953
gait_20260919_222452_andrew_slow_3,andrew_slow_3,2513735106349971,2026-09-19T22:24:58.230690Z,9.2931690,-8.8869772,-1.5428386,-0.0551910,0.7298740,-0.0967925,2.7735631,-9.2622156,1.6597689,-0.5243556,-0.3758664,0.2487741,0.7224176
gait_20260919_222452_andrew_slow_3,andrew_slow_3,2513735126503169,2026-09-19T22:24:58.250800Z,7.1456447,-8.1579428,-6.0080247,-0.9691907,4.4939895,-0.9366989,2.7629218,-9.2620945,1.6780930,-0.5260901,-0.3721913,0.2452422,0.7242646
gait_20260919_222452_andrew_slow_3,andrew_slow_3,2513735146663895,2026-09-19T22:24:58.271097Z,6.4108491,-8.6460609,-3.1655087,-2.1731181,4.6774492,-1.8773280,2.7828453,-9.2404423,1.7624208,-0.5385559,-0.3478163,0.2131488,0.7372577
gait_20260919_222452_andrew_slow_3,andrew_slow_3,2513735166857458,2026-09-19T22:24:58.291110Z,5.2412815,-10.1707935,-2.4821887,-2.8060997,1.9429945,-2.8988121,2.9440887,-9.2114067,1.6487654,-0.5583077,-0.3242294,0.1644888,0.7457287
gait_20260919_222452_andrew_slow_3,andrew_slow_3,2513735187027706,2026-09-19T22:24:58.311566Z,3.3050458,-12.9080391,0.2073229,-2.4214945,-0.2914933,-3.2240794,3.4067781,-9.1123466,1.2629818,-0.5733721,-0.3282477,0.1213487,0.7407918
gait_20260919_222452_andrew_slow_3,andrew_slow_3,2513735207196284,2026-09-19T22:24:58.331487Z,1.8812439,-13.2409830,1.9975872,-1.2258440,-1.1477538,-2.7849660,4.0090084,-8.9202757,0.7698364,-0.5809275,-0.3523653,0.0900319,0.7281869
gait_20260919_222452_andrew_slow_3,andrew_slow_3,2513735227373450,2026-09-19T22:24:58.352163Z,1.0529999,-14.2060709,2.8550107,-0.5976587,-1.1618763,-2.0501957,4.5277796,-8.6912966,0.4435205,-0.5788330,-0.3784438,0.0713542,0.7187777
gait_20260919_222452_andrew_slow_3,andrew_slow_3,2513735247511226,2026-09-19T22:24:58.372096Z,1.1923125,-14.0297976,1.9819500,-0.2917598,-0.2745063,-1.4885594,4.8976183,-8.4970493,0.2227162,-0.5740099,-0.4000368,0.0613466,0.7118426
gait_20260919_222452_andrew_slow_3,andrew_slow_3,2513735267704586,2026-09-19T22:24:58.392073Z,1.5572785,-11.1477022,-0.0461632,-0.1983147,0.6112982,-1.2475606,5.1495371,-8.3486156,0.1378119,-0.5699011,-0.4111590,0.0515187,0.7095821
gait_20260919_222452_andrew_slow_3,andrew_slow_3,2513735287872798,2026-09-19T22:24:58.412757Z,1.5658079,-8.7677164,0.1479916,-0.3557107,0.8353599,-1.1086837,5.3546944,-8.2179317,0.1701609,-0.5662048,-0.4142410,0.0386671,0.7115628
gait_20260919_222452_andrew_slow_3,andrew_slow_3,2513735308040279,2026-09-19T22:24:58.432719Z,1.3962685,-7.7935004,1.7161189,-0.2511242,-0.0653333,-0.9123176,5.5308056,-8.0994339,0.2133013,-0.5644516,-0.4139651,0.0240968,0.7137554
gait_20260919_222452_andrew_slow_3,andrew_slow_3,2513735328211502,2026-09-19T22:24:58.452682Z,2.1576247,-7.4488854,1.7625813,0.1186924,-0.8878697,-0.6669556,5.6795959,-7.9967918,0.1720299,-0.5626357,-0.4189449,0.0160764,0.7125082
gait_20260919_222452_andrew_slow_3,andrew_slow_3,2513735348380082,2026-09-19T22:24:58.472995Z,3.3919106,-7.3266311,1.0061632,0.3925825,-0.7074079,-0.5676650,5.7889061,-7.9194493,0.0835757,-0.5589532,-0.4291288,0.0167738,0.7093226
gait_20260919_222452_andrew_slow_3,andrew_slow_3,2513735368548661,2026-09-19T22:24:58.493249Z,4.4716206,-7.4208283,0.7812579,0.5396531,-0.2016954,-0.6412253,5.8777494,-7.8539987,0.0536429,-0.5535768,-0.4377856,0.0189763,0.7081925
gait_20260919_222452_andrew_slow_3,andrew_slow_3,2513735388692786,2026-09-19T22:24:58.513295Z,5.0906715,-7.6159558,0.3833716,0.5653667,-0.1206575,-0.7812347,5.9762044,-7.7787008,0.1136440,-0.5469058,-0.4426487,0.0180982,0.7103721
gait_20260919_222452_andrew_slow_3,andrew_slow_3,2513735408870520,2026-09-19T22:24:58.533461Z,5.2216792,-7.7693343,0.1129016,0.3979617,-0.2853980,-0.8637881,6.0975046,-7.6824074,0.1927893,-0.5392531,-0.4474539,0.0156217,0.7132652
gait_20260919_222452_andrew_slow_3,andrew_slow_3,2513735429056189,2026-09-19T22:24:58.553740Z,3.6795888,-7.8288898,0.0778116,0.2240450,-0.2079906,-0.8797259,6.2308674,-7.5738282,0.2225586,-0.5322889,-0.4540450,0.0128463,0.7143856
gait_20260919_222452_andrew_slow_3,andrew_slow_3,2513735449225337,2026-09-19T22:24:58.573895Z,2.2468088,-7.6054811,-0.0427964,0.1598275,-0.2423809,-0.7223132,6.3653793,-7.4609389,0.2289963,-0.5265579,-0.4603166,0.0087304,0.7146812
gait_20260919_222452_andrew_slow_3,andrew_slow_3,2513735469395178,2026-09-19T22:24:58.594005Z,1.8756325,-7.4075851,-0.2079215,0.2508411,-0.4212439,-0.5466311,6.4751010,-7.3661075,0.2228162,-0.5220655,-0.4657347,0.0053421,0.7145000
gait_20260919_222452_andrew_slow_3,andrew_slow_3,2513735489537878,2026-09-19T22:24:58.613844Z,1.8058267,-7.4788876,-0.5953332,0.2805683,-0.2940247,-0.3641210,6.5562501,-7.2945590,0.2027579,-0.5177630,-0.4715886,0.0048320,0.7137945
gait_20260919_222452_andrew_slow_3,andrew_slow_3,2513735509733110,2026-09-19T22:24:58.634251Z,2.1556795,-7.6481276,-1.0795605,0.1822770,-0.0632182,-0.0919462,6.6110086,-7.2450185,0.2009538,-0.5139040,-0.4758765,0.0053311,0.7137337
gait_20260919_222452_andrew_slow_3,andrew_slow_3,2513735529901566,2026-09-19T22:24:58.654155Z,3.3726072,-7.2580223,-1.1216835,0.0743097,0.0000167,0.1710023,6.6258984,-7.2308822,0.2189398,-0.5119112,-0.4770525,0.0060944,0.7143744
gait_20260919_222452_andrew_slow_3,andrew_slow_3,2513735550071894,2026-09-19T22:24:58.674918Z,4.3769746,-6.6965823,-0.8546552,0.0699297,-0.1541819,0.3491824,6.6001000,-7.2540574,0.2311937,-0.5121974,-0.4760821,0.0076898,0.7148011
gait_20260919_222452_andrew_slow_3,andrew_slow_3,2513735570238887,2026-09-19T22:24:58.694793Z,5.3080201,-6.3847375,-0.5174468,0.1385105,-0.3107452,0.4933386,6.5498900,-7.2997403,0.2210078,-0.5133407,-0.4753913,0.0113164,0.7143924
gait_20260919_222452_andrew_slow_3,andrew_slow_3,2513735590426305,2026-09-19T22:24:58.715004Z,6.1067109,-6.4165354,-0.5245546,0.1864238,-0.3599409,0.6211407,6.4788742,-7.3634381,0.2001674,-0.5147012,-0.4750347,0.0170417,0.7135366
gait_20260919_222452_andrew_slow_3,andrew_slow_3,2513735610578080,2026-09-19T22:24:58.735288Z,6.8792896,-6.6643353,-1.0197054,0.2054259,-0.4865938,0.7085404,6.3881307,-7.4427967,0.1807861,-0.5162010,-0.4744473,0.0243222,0.7126323
gait_20260919_222452_andrew_slow_3,andrew_slow_3,2513735630747025,2026-09-19T22:24:58.755157Z,7.2477722,-6.9525371,-1.2852374,0.1858576,-0.6598111,0.7337877,6.3550467,-7.4731236,0.0437036,-0.5177712,-0.4799290,0.0304629,0.7075685
gait_20260919_222452_andrew_slow_3,andrew_slow_3,2513735650897009,2026-09-19T22:24:58.775465Z,7.5379195,-7.0458364,-0.8257751,0.2321055,-0.7896449,0.7095729,6.2769952,-7.5387011,-0.0585083,-0.5192603,-0.4837112,0.0394188,0.7034475
gait_20260919_222452_andrew_slow_3,andrew_slow_3,2513735671084224,2026-09-19T22:24:58.795770Z,7.9450836,-7.2448545,-1.3082068,0.2664958,-0.7337544,0.6510178,6.1767149,-7.6202073,-0.1295483,-0.5199679,-0.4867221,0.0502710,0.7001484
gait_20260919_222452_andrew_slow_3,andrew_slow_3,2513735691256262,2026-09-19T22:24:58.815947Z,9.3228722,-7.5252004,-2.7211599,0.1794958,-0.4980517,0.5674651,6.0739717,-7.7012863,-0.1821671,-0.5201029,-0.4893512,0.0612747,0.6973333
gait_20260919_222452_andrew_slow_3,andrew_slow_3,2513735711422847,2026-09-19T22:24:58.836086Z,10.9188318,-7.7230215,-2.4028058,0.1326983,-0.4532693,0.3386571,5.9826093,-7.7716184,-0.2154746,-0.5205736,-0.4906089,0.0699636,0.6952778
gait_20260919_222452_andrew_slow_3,andrew_slow_3,2513735731594804,2026-09-19T22:24:58.856525Z,10.2047606,-8.0347166,-0.3830723,0.4620293,-0.5756422,0.1283516,5.9253392,-7.8143439,-0.2500021,-0.5204380,-0.4925710,0.0764059,0.6933112
gait_20260919_222452_andrew_slow_3,andrew_slow_3,2513735751758500,2026-09-19T22:24:58.876471Z,6.9635358,-7.9897504,-0.2140566,0.7474939,-0.2949906,0.1826101,5.9037390,-7.8305998,-0.2523872,-0.5168653,-0.4964702,0.0834715,0.6923873
gait_20260919_222452_andrew_slow_3,andrew_slow_3,2513735771929765,2026-09-19T22:24:58.896389Z,3.9185600,-9.1373959,-0.3000234,0.7596845,0.2543551,0.3794426,5.8769050,-7.8528705,-0.1746888,-0.5112403,-0.4983263,0.0914193,0.6942239
gait_20260919_222452_andrew_slow_3,andrew_slow_3,2513735792100866,2026-09-19T22:24:58.917388Z,2.8410945,-13.2672443,-1.2530653,0.6377779,0.7746897,0.6451390,5.6211619,-8.0396128,-0.0573571,-0.5128686,-0.4898405,0.1060229,0.6969801
gait_20260919_222452_andrew_slow_3,andrew_slow_3,2513735812269649,2026-09-19T22:24:58.937230Z,2.7986722,-20.5090313,-10.9162874,-0.0439330,1.3052164,0.9546851,5.5172796,-8.1103468,0.1342284,-0.5112273,-0.4815158,0.1111958,0.7031534
gait_20260919_222452_andrew_slow_3,andrew_slow_3,2513735832438350,2026-09-19T22:24:58.957008Z,6.6294699,-17.5512199,-4.3492918,-0.7222632,1.6757492,0.6779971,5.3554587,-8.2140789,0.2899877,-0.5157342,-0.4682632,0.1129977,0.7085050
gait_20260919_222452_andrew_slow_3,andrew_slow_3,2513735852595048,2026-09-19T22:24:58.977210Z,4.5465889,-9.6276836,3.9918823,-0.2101556,0.8482000,0.3874364,5.2160378,-8.3019323,0.3271104,-0.5261454,-0.4544329,0.1075517,0.7107000
gait_20260919_222452_andrew_slow_3,andrew_slow_3,2513735872776241,2026-09-19T22:24:58.997142Z,3.0846295,-6.3236103,3.2499044,0.0990408,-1.1429574,0.5431005,5.1494956,-8.3403568,0.3965493,-0.5299881,-0.4459961,0.1043842,0.7136555
gait_20260919_222452_andrew_slow_3,andrew_slow_3,2513735892946977,2026-09-19T22:24:59.017400Z,2.6383355,-4.6226048,2.2004957,-0.1706026,-1.4243585,0.5576727,5.0673399,-8.3941822,0.3096575,-0.5291547,-0.4519420,0.1162720,0.7086781
gait_20260919_222452_andrew_slow_3,andrew_slow_3,2513735913117020,2026-09-19T22:24:59.037625Z,1.7663223,-4.2823291,1.8143560,-0.3106120,-1.0597212,0.5178365,4.9766831,-8.4528685,0.1332524,-0.5299663,-0.4608828,0.1292773,0.7000073
gait_20260919_222452_andrew_slow_3,andrew_slow_3,2513735933283362,2026-09-19T22:24:59.057546Z,1.2889035,-4.9202342,1.9376574,-0.1966327,-0.7909272,0.6503350,4.8897138,-8.5044718,-0.0274736,-0.5321062,-0.4672832,0.1387687,0.6922809
gait_20260919_222452_andrew_slow_3,andrew_slow_3,2513735953451656,2026-09-19T22:24:59.078073Z,2.1196916,-6.8137484,2.2058079,0.1041702,-0.7293078,0.8469510,4.7788444,-8.5661583,-0.1403734,-0.5344127,-0.4708118,0.1479795,0.6861788
gait_20260919_222452_andrew_slow_3,andrew_slow_3,2513735973620886,2026-09-19T22:24:59.097729Z,3.5487306,-9.5422401,2.2807765,0.4406123,-1.0263135,0.8860210,4.6290889,-8.6470079,-0.1921309,-0.5357916,-0.4720606,0.1594913,0.6816515
gait_20260919_222452_andrew_slow_3,andrew_slow_3,2513735993790970,2026-09-19T22:24:59.117997Z,4.6594906,-11.4204922,2.3154175,0.6903210,-1.4224766,0.7458284,4.4615126,-8.7346373,-0.1926897,-0.5342818,-0.4738323,0.1748654,0.6778260
gait_20260919_222452_andrew_slow_3,andrew_slow_3,2513736013934810,2026-09-19T22:24:59.138123Z,4.8861170,-11.0558996,2.3502831,0.7225130,-1.3754294,0.3276822,4.3188066,-8.8060408,-0.1941270,-0.5296557,-0.4790945,0.1925030,0.6729606
gait_20260919_222452_andrew_slow_3,andrew_slow_3,2513736034128495,2026-09-19T22:24:59.158300Z,3.6394858,-9.1682959,2.2911015,0.5331414,-0.6559640,-0.1175932,4.2469006,-8.8411560,-0.1841807,-0.5224946,-0.4863926,0.2077202,0.6687855
gait_20260919_222452_andrew_slow_3,andrew_slow_3,2513736054298010,2026-09-19T22:24:59.179001Z,2.8140848,-7.9093204,1.9256115,0.4060722,0.1823436,-0.2179830,4.2396808,-8.8463831,-0.0523947,-0.5139150,-0.4887504,0.2171472,0.6707171
gait_20260919_222452_andrew_slow_3,andrew_slow_3,2513736074441361,2026-09-19T22:24:59.199381Z,2.9379098,-7.9537625,1.1974001,0.3757288,0.7829500,-0.1240882,4.2812500,-8.8264303,0.0335757,-0.5092567,-0.4891444,0.2182880,0.6736066
gait_20260919_222452_andrew_slow_3,andrew_slow_3,2513736094611284,2026-09-19T22:24:59.218843Z,3.2614264,-8.3045130,0.7193828,0.3544118,1.2043104,-0.0377044,4.3033590,-8.8141432,0.1675577,-0.5066283,-0.4848726,0.2168130,0.6791307
gait_20260919_222452_andrew_slow_3,andrew_slow_3,2513736114784257,2026-09-19T22:24:59.239620Z,3.2733974,-8.5259771,0.4019266,0.3218201,1.5173873,-0.0106085,4.3036332,-8.8092804,0.3338370,-0.5054771,-0.4772727,0.2138258,0.6862815
gait_20260919_222452_andrew_slow_3,andrew_slow_3,2513736134973425,2026-09-19T22:24:59.259364Z,3.1670051,-8.6457615,0.2662053,0.2529395,1.6727681,0.1095827,4.2927237,-8.8054113,0.5228497,-0.5053312,-0.4672253,0.2091256,0.6946995
gait_20260919_222452_andrew_slow_3,andrew_slow_3,2513736155143998,2026-09-19T22:24:59.279834Z,3.5987096,-8.7445974,0.3128174,0.1597942,1.6020557,0.2751558,4.2546721,-8.8104887,0.7135624,-0.5063411,-0.4555775,0.2041375,0.7031329
gait_20260919_222452_andrew_slow_3,andrew_slow_3,2513736175293574,2026-09-19T22:24:59.299724Z,4.0767269,-8.9149599,0.4006547,0.0859675,1.2831668,0.3662527,4.1804194,-8.8308382,0.8812037,-0.5087246,-0.4433753,0.2000417,0.7103528
gait_20260919_222452_andrew_slow_3,andrew_slow_3,2513736195456091,2026-09-19T22:24:59.320010Z,4.2729769,-8.8751564,0.4969465,0.0564734,0.8076644,0.4119177,4.0899162,-8.8598871,1.0055280,-0.5113149,-0.4331208,0.1980413,0.7153623
gait_20260919_222452_andrew_slow_3,andrew_slow_3,2513736215626135,2026-09-19T22:24:59.340354Z,4.3572226,-8.6310225,0.7204303,0.1103488,0.3115113,0.4284883,3.9990399,-8.8922300,1.0826087,-0.5134453,-0.4260010,0.1984995,0.7179798
gait_20260919_222452_andrew_slow_3,andrew_slow_3,2513736235818477,2026-09-19T22:24:59.360090Z,4.3278937,-8.4262428,0.9679309,0.2655798,-0.0936283,0.4265231,3.9151788,-8.9239912,1.1268853,-0.5141976,-0.4224311,0.2020378,0.7185636
gait_20260919_222452_andrew_slow_3,andrew_slow_3,2513736255989782,2026-09-19T22:24:59.380258Z,4.1922474,-8.2696476,1.0723031,0.4695902,-0.2653966,0.3716985,3.8403172,-8.9515314,1.1654059,-0.5130032,-0.4215618,0.2083846,0.7181151
gait_20260919_222452_andrew_slow_3,andrew_slow_3,2513736276164506,2026-09-19T22:24:59.401049Z,4.2122984,-8.9448872,0.9355343,0.6622759,-0.3134432,0.3721482,3.7786396,-8.9695568,1.2268054,-0.5096808,-0.4218825,0.2162621,0.7179633
gait_20260919_222452_andrew_slow_3,andrew_slow_3,2513736296326859,2026-09-19T22:24:59.420515Z,3.9800611,-8.9813242,0.7099556,0.7846654,-0.3440364,0.3580590,3.7205081,-8.9804077,1.3214526,-0.5047466,-0.4220993,0.2251151,0.7186003
gait_20260919_222452_andrew_slow_3,andrew_slow_3,2513736316495723,2026-09-19T22:24:59.441260Z,3.5577090,-8.8350534,0.5188684,0.8088968,-0.3005197,0.3645207,3.6660993,-8.9854164,1.4346176,-0.4988942,-0.4222132,0.2343873,0.7196550
gait_20260919_222452_andrew_slow_3,andrew_slow_3,2513736336640905,2026-09-19T22:24:59.461264Z,3.2763155,-8.5166245,0.3335422,0.7145857,-0.2413983,0.4278388,3.6106548,-8.9877205,1.5556840,-0.4928762,-0.4219473,0.2436368,0.7208846
gait_20260919_222452_andrew_slow_3,andrew_slow_3,2513736356834794,2026-09-19T22:24:59.481446Z,3.2790837,-8.3447657,0.2923919,0.5347902,-0.2752391,0.4836460,3.5418522,-8.9952383,1.6664599,-0.4878806,-0.4210348,0.2526679,0.7217071
gait_20260919_222452_andrew_slow_3,andrew_slow_3,2513736376977860,2026-09-19T22:24:59.501989Z,3.5770121,-8.4758482,0.3567361,0.3135764,-0.4027414,0.5176533,3.4639046,-9.0107689,1.7445780,-0.4843431,-0.4203800,0.2614301,0.7213507
gait_20260919_222452_andrew_slow_3,andrew_slow_3,2513736397170732,2026-09-19T22:24:59.521509Z,4.0871267,-8.7211046,0.6039374,0.1385438,-0.5412353,0.4975187,3.3874226,-9.0357580,1.7653800,-0.4823665,-0.4213627,0.2699374,0.7189645
gait_20260919_222452_andrew_slow_3,andrew_slow_3,2513736417342159,2026-09-19T22:24:59.541624Z,4.3873744,-8.8542070,0.8307880,0.0494954,-0.5045633,0.4102689,3.4115610,-9.0520754,1.6301205,-0.4823477,-0.4293955,0.2742191,0.7125756
gait_20260919_222452_andrew_slow_3,andrew_slow_3,2513736437509477,2026-09-19T22:24:59.562003Z,4.4880805,-8.8228579,0.9380034,-0.0020151,-0.2541552,0.3409054,3.4223516,-9.0619850,1.5505022,-0.4811707,-0.4355735,0.2790193,0.7077420
gait_20260919_222452_andrew_slow_3,andrew_slow_3,2513736457677404,2026-09-19T22:24:59.582257Z,4.5805569,-8.8776255,1.0131214,-0.0510775,0.0420511,0.3112948,3.4200699,-9.0708275,1.5031011,-0.4803772,-0.4394315,0.2826815,0.7044352
gait_20260919_222452_andrew_slow_3,andrew_slow_3,2513736477847612,2026-09-19T22:24:59.602016Z,4.6888943,-8.9981585,1.0540473,-0.1112314,0.2781202,0.3027847,3.3957312,-9.0834532,1.4818943,-0.4807338,-0.4404471,0.2850368,0.7026062
gait_20260919_222452_andrew_slow_3,andrew_slow_3,2513736498000280,2026-09-19T22:24:59.622224Z,4.8293295,-9.2464066,1.1039515,-0.1842588,0.4390302,0.3181229,3.3527076,-9.1008596,1.4730361,-0.4822697,-0.4394121,0.2863993,0.7016469
gait_20260919_222452_andrew_slow_3,andrew_slow_3,2513736518186682,2026-09-19T22:24:59.642709Z,5.0505686,-9.6080065,1.1909657,-0.2347201,0.4921395,0.3813078,3.2876942,-9.1254616,1.4673513,-0.4850704,-0.4367034,0.2872407,0.7010632
gait_20260919_222452_andrew_slow_3,andrew_slow_3,2513736538355586,2026-09-19T22:24:59.662576Z,5.2798133,-9.5720186,1.1884218,-0.2237286,0.4263899,0.4211106,3.2044561,-9.1567783,1.4563633,-0.4887000,-0.4333279,0.2882589,0.7002186
gait_20260919_222452_andrew_slow_3,andrew_slow_3,2513736558526201,2026-09-19T22:24:59.682977Z,5.5231242,-9.6760912,1.0587609,-0.1832762,0.3296973,0.4299539,3.1144884,-9.1901007,1.4415709,-0.4923109,-0.4301416,0.2899032,0.6989737
gait_20260919_222452_andrew_slow_3,andrew_slow_3,2513736578692948,2026-09-19T22:24:59.703166Z,6.1159883,-9.9625721,0.9570822,-0.1525831,0.1881059,0.4553844,3.0263164,-9.2216730,1.4276809,-0.4953058,-0.4275624,0.2923225,0.6974312
gait_20260919_222452_andrew_slow_3,andrew_slow_3,2513736598863440,2026-09-19T22:24:59.723039Z,6.8519058,-10.1259022,0.8782231,-0.1142125,-0.0600040,0.4302037,2.9373639,-9.2529821,1.4107873,-0.4977897,-0.4257222,0.2957001,0.6953614
gait_20260919_222452_andrew_slow_3,andrew_slow_3,2513736619033768,2026-09-19T22:24:59.744494Z,7.6971340,-10.2917757,0.7167642,-0.0537422,-0.4281219,0.2946908,2.8581369,-9.2814579,1.3862520,-0.4992914,-0.4254698,0.3002004,0.6925051
gait_20260919_222452_andrew_slow_3,andrew_slow_3,2513736639201697,2026-09-19T22:24:59.763351Z,8.1828575,-9.8870802,0.4401590,0.0184525,-0.6381776,-0.1299504,2.8128078,-9.3003597,1.3518620,-0.4986287,-0.4283287,0.3060132,0.6886653
gait_20260919_222452_andrew_slow_3,andrew_slow_3,2513736659344315,2026-09-19T22:24:59.783569Z,6.4177322,-8.9721956,-1.4411598,0.0839523,-0.3254339,-0.8566602,2.8464632,-9.2951784,1.3166022,-0.4950484,-0.4345580,0.3105813,0.6852925
gait_20260919_222452_andrew_slow_3,andrew_slow_3,2513736679538489,2026-09-19T22:24:59.803670Z,3.0982466,-9.7830820,-7.3819971,-0.7478103,3.7014968,-1.3794262,3.0100613,-9.2449121,1.3066152,-0.4884317,-0.4425780,0.3092448,0.6855121
gait_20260919_222452_andrew_slow_3,andrew_slow_3,2513736699682735,2026-09-19T22:24:59.824096Z,4.7275758,-10.2921495,-4.4464817,-2.1982987,4.7861991,-1.8850888,3.1799462,-9.1744165,1.3978983,-0.4948377,-0.4301206,0.2829590,0.7000472
gait_20260919_222452_andrew_slow_3,andrew_slow_3,2513736719851681,2026-09-19T22:24:59.843908Z,4.3694181,-11.4227362,-1.0797850,-2.9903085,2.3455360,-2.6920705,3.3706436,-9.1146441,1.3409561,-0.5138046,-0.4110222,0.2386969,0.7142055
gait_20260919_222452_andrew_slow_3,andrew_slow_3,2513736740046423,2026-09-19T22:24:59.864800Z,1.8762311,-12.9713364,0.6465093,-3.0022659,0.0636845,-2.9195628,3.7925656,-8.9948540,0.9722047,-0.5291579,-0.4145092,0.1955924,0.7140852
gait_20260919_222452_andrew_slow_3,andrew_slow_3,2513736760190344,2026-09-19T22:24:59.885129Z,-0.1812860,-14.8717337,2.5239375,-1.7939587,-0.1155448,-2.4999843,4.3212166,-8.7965498,0.4288687,-0.5374520,-0.4367081,0.1627377,0.7028142
gait_20260919_222452_andrew_slow_3,andrew_slow_3,2513736780383541,2026-09-19T22:24:59.904675Z,-0.8026561,-13.3377981,2.1740847,-0.6019720,0.4972356,-1.6728348,4.7669821,-8.5737095,0.0593011,-0.5379747,-0.4571860,0.1398294,0.6942709
gait_20260919_222452_andrew_slow_3,andrew_slow_3,2513736800555090,2026-09-19T22:24:59.924832Z,1.6663644,-10.7208614,0.6703017,-0.1957167,0.4875597,-1.0183530,5.0622606,-8.4029531,0.0053067,-0.5336228,-0.4652554,0.1240803,0.6952613
gait_20260919_222452_andrew_slow_3,andrew_slow_3,2513736820722896,2026-09-19T22:24:59.945032Z,2.7099371,-9.0093060,0.8543559,-0.3550446,0.0830530,-0.8731143,5.2295532,-8.2998028,0.0344086,-0.5292944,-0.4686207,0.1155905,0.6977686
gait_20260919_222452_andrew_slow_3,andrew_slow_3,2513736840866817,2026-09-19T22:24:59.965318Z,3.1548846,-8.0421982,1.6882863,-0.4854447,-0.4847452,-0.8548283,5.2943244,-8.2586737,0.0238678,-0.5274209,-0.4709599,0.1125661,0.6981066
gait_20260919_222452_andrew_slow_3,andrew_slow_3,2513736861060380,2026-09-19T22:24:59.985477Z,3.7357776,-7.3786302,2.3910594,-0.1660228,-1.0202183,-0.7078076,5.4351063,-8.1660538,-0.1063454,-0.5250258,-0.4806038,0.1084861,0.6939732
gait_20260919_222452_andrew_slow_3,andrew_slow_3,2513736881214758,2026-09-19T22:25:00.007903Z,4.6154971,-6.8410573,2.7247512,0.4812645,-0.8809083,-0.5443496,5.5493751,-8.0855665,-0.2532840,-0.5204910,-0.4931838,0.1097529,0.6883410
gait_20260919_222452_andrew_slow_3,andrew_slow_3,2513736901401363,2026-09-19T22:25:00.025783Z,5.5592613,-6.8595376,2.1758804,1.0233492,-0.3467509,-0.5709125,5.6325955,-8.0266886,-0.2867991,-0.5122254,-0.5034831,0.1150766,0.6862123
gait_20260919_222452_andrew_slow_3,andrew_slow_3,2513736921554032,2026-09-19T22:25:00.047752Z,6.3802481,-7.1321774,0.5189432,1.0935620,0.0304766,-0.8124940,5.7214713,-7.9672108,-0.1562608,-0.5002299,-0.5089833,0.1204142,0.6900772
gait_20260919_222452_andrew_slow_3,andrew_slow_3,2513736941735836,2026-09-19T22:25:00.066390Z,6.0530658,-7.7184572,-0.4142717,0.6311997,-0.0276621,-1.1174104,5.8506484,-7.8743224,0.0329350,-0.4866195,-0.5127178,0.1224914,0.6966476
gait_20260919_222452_andrew_slow_3,andrew_slow_3,2513736961905554,2026-09-19T22:25:00.086428Z,3.6536267,-8.6801033,-0.3017442,0.1875729,-0.3435201,-1.1835431,6.0250363,-7.7405043,0.1401604,-0.4746991,-0.5185297,0.1200887,0.7009754
gait_20260919_222452_andrew_slow_3,andrew_slow_3,2513736982075069,2026-09-19T22:25:00.106751Z,1.5074493,-8.7217779,-0.1831564,0.1701030,-0.6397764,-0.9625957,6.1485229,-7.6431885,0.1161133,-0.4670718,-0.5260502,0.1185301,0.7007609
gait_20260919_222452_andrew_slow_3,andrew_slow_3,2513737002244624,2026-09-19T22:25:00.126665Z,0.5835867,-8.2916441,-0.9515455,0.3106286,-0.9699734,-0.6803953,6.2968364,-7.5221376,0.0585485,-0.4587669,-0.5360330,0.1172427,0.6988962
gait_20260919_222452_andrew_slow_3,andrew_slow_3,2513737022388627,2026-09-19T22:25:00.146340Z,0.9207950,-7.9068513,-1.0111761,0.2918264,-1.0911804,-0.4735205,6.3985801,-7.4359941,-0.0170829,-0.4503369,-0.5466512,0.1203957,0.6956105
gait_20260919_222452_andrew_slow_3,andrew_slow_3,2513737042584224,2026-09-19T22:25:00.166996Z,1.7066169,-7.6992288,-0.7408558,0.1392433,-0.5984414,-0.3277655,6.4648948,-7.3774900,-0.1179753,-0.4427726,-0.5574080,0.1258408,0.6909506
gait_20260919_222452_andrew_slow_3,andrew_slow_3,2513737062751949,2026-09-19T22:25:00.186971Z,3.0142999,-7.2821889,-1.1032780,-0.0034141,0.1063352,-0.1433402,6.5103159,-7.3360701,-0.1843801,-0.4374849,-0.5645587,0.1293540,0.6878576
gait_20260919_222452_andrew_slow_3,andrew_slow_3,2513737082920406,2026-09-19T22:25:00.207317Z,4.1744404,-6.8633533,-1.6760160,-0.1111648,0.3957467,0.0383873,6.5314713,-7.3174944,-0.1740064,-0.4352053,-0.5658424,0.1299221,0.6881418
gait_20260919_222452_andrew_slow_3,andrew_slow_3,2513737103069047,2026-09-19T22:25:00.227840Z,5.1016698,-6.5660982,-1.4665234,-0.1564135,0.2233122,0.2013957,6.5275011,-7.3218465,-0.1356864,-0.4351936,-0.5641178,0.1295632,0.6896310
gait_20260919_222452_andrew_slow_3,andrew_slow_3,2513737123259070,2026-09-19T22:25:00.248701Z,5.8173118,-6.5125279,-0.6162077,-0.0904474,-0.0331080,0.3504648,6.4991899,-7.3471379,-0.1273376,-0.4361796,-0.5629786,0.1308515,0.6896960
gait_20260919_222452_andrew_slow_3,andrew_slow_3,2513737143427405,2026-09-19T22:25:00.268226Z,6.4359136,-6.7060094,-0.1877204,0.0189688,-0.1588116,0.4660096,6.4482594,-7.3915219,-0.1464785,-0.4372621,-0.5630118,0.1346676,0.6882472
gait_20260919_222452_andrew_slow_3,andrew_slow_3,2513737163596675,2026-09-19T22:25:00.287755Z,6.4482584,-7.0893059,-0.7142203,0.0680645,-0.1399261,0.5154716,6.3780823,-7.4517617,-0.1656560,-0.4379818,-0.5633286,0.1406673,0.6863276
gait_20260919_222452_andrew_slow_3,andrew_slow_3,2513737183742631,2026-09-19T22:25:00.308413Z,6.6166010,-7.2206130,-0.7120506,0.0483796,-0.2154682,0.5768247,6.3002353,-7.5175090,-0.1738621,-0.4385627,-0.5632541,0.1472614,0.6846325
gait_20260919_222452_andrew_slow_3,andrew_slow_3,2513737203909745,2026-09-19T22:25:00.328670Z,7.1026988,-7.0129910,0.1844283,0.1582288,-0.3697167,0.5952772,6.2139678,-7.5884843,-0.1939706,-0.4395867,-0.5633705,0.1542194,0.6823443
gait_20260919_222452_andrew_slow_3,andrew_slow_3,2513737224102739,2026-09-19T22:25:00.348635Z,7.4737997,-6.7511997,-0.3987094,0.3110117,-0.4313861,0.5950440,6.1480370,-7.6416960,-0.2054653,-0.4388921,-0.5646259,0.1616755,0.6800238
gait_20260919_222452_andrew_slow_3,andrew_slow_3,2513737244275102,2026-09-19T22:25:00.368410Z,8.2491474,-6.5872717,-1.7033249,0.2844653,-0.4917732,0.5989743,6.1347270,-7.6519237,-0.2220423,-0.4358827,-0.5681001,0.1680740,0.6775099
gait_20260919_222452_andrew_slow_3,andrew_slow_3,2513737264416541,2026-09-19T22:25:00.388647Z,9.4858274,-6.6758575,-2.1594951,0.2364688,-0.7045268,0.5380377,6.0423369,-7.7246628,-0.2363917,-0.4347957,-0.5695828,0.1777791,0.6744797
gait_20260919_222452_andrew_slow_3,andrew_slow_3,2513737284589026,2026-09-19T22:25:00.409048Z,9.9369841,-6.9092922,-1.3851205,0.3638878,-0.8775109,0.4144491,5.9545836,-7.7909012,-0.2844312,-0.4334891,-0.5727215,0.1876731,0.6699673
gait_20260919_222452_andrew_slow_3,andrew_slow_3,2513737304781287,2026-09-19T22:25:00.429684Z,8.2946367,-7.2319856,-0.3553893,0.7303070,-0.7885790,0.4412952,5.8846030,-7.8418121,-0.3369796,-0.4303001,-0.5774435,0.1981068,0.6649470
gait_20260919_222452_andrew_slow_3,andrew_slow_3,2513737324948157,2026-09-19T22:25:00.449289Z,5.6279454,-8.0585833,-0.0956932,0.9938218,-0.2856478,0.5862508,5.8136630,-7.8951139,-0.3234114,-0.4247343,-0.5809458,0.2103836,0.6616960
gait_20260919_222452_andrew_slow_3,andrew_slow_3,2513737345118322,2026-09-19T22:25:00.469451Z,3.7827640,-10.7865524,-0.5301660,0.9623958,0.3576593,0.6736005,5.7187743,-7.9680977,-0.2028613,-0.4191826,-0.5796760,0.2233387,0.6621038
gait_20260919_222452_andrew_slow_3,andrew_slow_3,2513737365261755,2026-09-19T22:25:00.489787Z,3.0301616,-17.6919537,-6.6624646,0.5739102,0.9518706,0.8410222,5.6091490,-8.0482006,-0.0063698,-0.4156942,-0.5735086,0.2341104,0.6659418
gait_20260919_222452_andrew_slow_3,andrew_slow_3,2513737385456905,2026-09-19T22:25:00.510200Z,6.1132197,-21.6260014,-9.0207539,-0.6650737,0.9921897,0.8572598,5.4703584,-8.1408262,0.1956367,-0.4167940,-0.5636486,0.2414844,0.6710203
gait_20260919_222452_andrew_slow_3,andrew_slow_3,2513737405625647,2026-09-19T22:25:00.529978Z,5.9494414,-12.4213428,1.4359225,-0.4277555,1.0872335,0.2283916,5.3120337,-8.2449045,0.1999626,-0.4272132,-0.5556179,0.2418179,0.6710453
gait_20260919_222452_andrew_slow_3,andrew_slow_3,2513737425795894,2026-09-19T22:25:00.550847Z,2.9530234,-8.2230358,3.8623710,0.1211905,-0.1319989,0.2619659,5.2656612,-8.2738304,0.2294313,-0.4334076,-0.5494763,0.2375526,0.6736487
gait_20260919_222452_andrew_slow_3,andrew_slow_3,2513737445962927,2026-09-19T22:25:00.570216Z,2.4513633,-5.6227827,2.7299886,-0.0289778,-0.8249345,0.4074878,5.1118121,-8.3573980,0.5093130,-0.4300972,-0.5391567,0.2490233,0.6799365
gait_20260919_222452_andrew_slow_3,andrew_slow_3,2513737466132157,2026-09-19T22:25:00.590263Z,1.8184710,-4.7606454,2.1645079,-0.2904608,-0.5986246,0.3904841,5.0495820,-8.3999758,0.4221921,-0.4284503,-0.5445438,0.2577116,0.6734145
gait_20260919_222452_andrew_slow_3,andrew_slow_3,2513737486301835,2026-09-19T22:25:00.610901Z,0.9827450,-5.0358291,2.1603930,-0.2915100,-0.2926258,0.4589150,4.9857478,-8.4428415,0.3112184,-0.4293078,-0.5490353,0.2635624,0.6669257
gait_20260919_222452_andrew_slow_3,andrew_slow_3,2513737506470048,2026-09-19T22:25:00.631617Z,1.1991210,-6.0858364,2.0986674,-0.0855011,-0.1564468,0.6769646,4.9102578,-8.4895458,0.2304246,-0.4314985,-0.5510582,0.2680269,0.6620464
gait_20260919_222452_andrew_slow_3,andrew_slow_3,2513737526640580,2026-09-19T22:25:00.651204Z,2.5110686,-8.0728741,2.0461447,0.1576625,-0.3923493,0.8156750,4.7951684,-8.5558338,0.2004253,-0.4338728,-0.5505738,0.2744885,0.6582393
gait_20260919_222452_andrew_slow_3,andrew_slow_3,2513737546785559,2026-09-19T22:25:00.671630Z,3.7836616,-10.1811180,2.2921488,0.3369085,-0.9769014,0.7316061,4.6527367,-8.6342402,0.1950413,-0.4350003,-0.5499210,0.2840756,0.6539593
gait_20260919_222452_andrew_slow_3,andrew_slow_3,2513737566978471,2026-09-19T22:25:00.692316Z,4.4012909,-10.9053640,2.5216930,0.4310697,-1.3282654,0.4928223,4.5237284,-8.7030897,0.1680857,-0.4326049,-0.5530264,0.2969345,0.6471822
gait_20260919_222452_andrew_slow_3,andrew_slow_3,2513737587145992,2026-09-19T22:25:00.711476Z,4.1048589,-9.7776957,2.5991304,0.4408289,-1.2162180,0.2001633,4.4364257,-8.7486353,0.1250201,-0.4270127,-0.5592889,0.3103359,0.6391774
gait_20260919_222452_andrew_slow_3,andrew_slow_3,2513737607316362,2026-09-19T22:25:00.732101Z,3.7045033,-8.9222174,2.2188265,0.5051962,-0.7634150,0.0193185,4.4005227,-8.7671499,0.0927804,-0.4198009,-0.5661453,0.3214116,0.6324092
gait_20260919_222452_andrew_slow_3,andrew_slow_3,2513737627484778,2026-09-19T22:25:00.752150Z,3.4643350,-8.6682825,1.4860511,0.5736104,-0.2244613,-0.0083936,4.2979722,-8.8074532,0.4385312,-0.4084117,-0.5588934,0.3381992,0.6375417
gait_20260919_222452_andrew_slow_3,andrew_slow_3,2513737647653439,2026-09-19T22:25:00.772064Z,3.4286466,-8.6325932,0.8584710,0.6033043,0.3214037,0.0541418,4.2957478,-8.8034821,0.5304744,-0.4021615,-0.5591257,0.3445234,0.6379249
gait_20260919_222452_andrew_slow_3,andrew_slow_3,2513737667822912,2026-09-19T22:25:00.791951Z,3.3143234,-8.3980370,0.5151275,0.5879161,0.8701166,0.0629018,4.2827191,-8.8008337,0.6631522,-0.3980517,-0.5559996,0.3487878,0.6409106
gait_20260919_222452_andrew_slow_3,andrew_slow_3,2513737687995724,2026-09-19T22:25:00.812172Z,3.1152306,-8.3984852,0.3244143,0.5408855,1.3231028,0.1123972,4.2582998,-8.7975454,0.8403616,-0.3960923,-0.5492321,0.3507806,0.6468446
gait_20260919_222452_andrew_slow_3,andrew_slow_3,2513737708161698,2026-09-19T22:25:00.833057Z,3.4248307,-8.5645084,0.2671779,0.4433936,1.6253211,0.2094395,4.2148929,-8.7960119,1.0492624,-0.3962551,-0.5393318,0.3509068,0.6549562
gait_20260919_222452_andrew_slow_3,andrew_slow_3,2513737728331824,2026-09-19T22:25:00.852701Z,3.8123174,-8.8604164,0.3289035,0.3188557,1.6119647,0.2560371,4.1397138,-8.8033047,1.2651937,-0.3987035,-0.5271732,0.3499032,0.6638463
gait_20260919_222452_andrew_slow_3,andrew_slow_3,2513737748500118,2026-09-19T22:25:00.872519Z,4.0791211,-8.9401731,0.4071639,0.2001133,1.2091235,0.2673451,4.0462184,-8.8201475,1.4384824,-0.4027440,-0.5153492,0.3481345,0.6715765
gait_20260919_222452_andrew_slow_3,andrew_slow_3,2513737768643266,2026-09-19T22:25:00.893488Z,4.1588030,-8.7142210,0.4515315,0.0917131,0.5616530,0.2466610,3.9666581,-8.8421879,1.5223202,-0.4067191,-0.5075176,0.3467445,0.6758504
gait_20260919_222452_andrew_slow_3,andrew_slow_3,2513737788839921,2026-09-19T22:25:00.913453Z,4.2287588,-8.4915600,0.6677578,0.0457316,-0.0877328,0.2478268,3.9108951,-8.8598700,1.5632472,-0.4083904,-0.5039854,0.3477331,0.6769770
gait_20260919_222452_andrew_slow_3,andrew_slow_3,2513737809006385,2026-09-19T22:25:00.933747Z,4.2527008,-8.3594303,0.9713725,0.1380109,-0.4707559,0.2337542,3.8702283,-8.8777323,1.5631226,-0.4077783,-0.5044717,0.3516202,0.6749730
gait_20260919_222452_andrew_slow_3,andrew_slow_3,2513737829155188,2026-09-19T22:25:00.954086Z,4.0762033,-8.4775686,1.0988637,0.3724146,-0.4478235,0.2124872,3.8432703,-8.8922663,1.5469224,-0.4050939,-0.5074329,0.3575573,0.6712403
gait_20260919_222452_andrew_slow_3,andrew_slow_3,2513737849345903,2026-09-19T22:25:00.973538Z,3.8495770,-9.1171951,0.9023896,0.5684311,-0.2451122,0.2508078,3.8202031,-8.8975677,1.5733577,-0.4006792,-0.5095941,0.3645210,0.6685017
gait_20260919_222452_andrew_slow_3,andrew_slow_3,2513737869493201,2026-09-19T22:25:00.994145Z,3.8260839,-9.1546793,0.6968623,0.6175101,-0.2261267,0.3211372,3.7854290,-8.8978157,1.6539359,-0.3958494,-0.5093218,0.3717579,0.6676006
gait_20260919_222452_andrew_slow_3,andrew_slow_3,2513737889683183,2026-09-19T22:25:01.014099Z,3.5544169,-8.9315691,0.6395511,0.5374048,-0.3440863,0.3436200,3.7355795,-8.9028378,1.7381145,-0.3913768,-0.5085046,0.3795140,0.6664956
gait_20260919_222452_andrew_slow_3,andrew_slow_3,2513737909852128,2026-09-19T22:25:01.034551Z,3.2992098,-8.6185274,0.7686136,0.4118344,-0.4857611,0.3866037,3.6851938,-8.9135466,1.7900132,-0.3873052,-0.5089226,0.3873475,0.6640440
gait_20260919_222452_andrew_slow_3,andrew_slow_3,2513737929996618,2026-09-19T22:25:01.053817Z,3.2002995,-8.4403095,0.9032126,0.2913601,-0.5153384,0.4307533,3.6337912,-8.9267197,1.8290319,-0.3832152,-0.5100541,0.3956756,0.6606297
gait_20260919_222452_andrew_slow_3,andrew_slow_3,2513737950189531,2026-09-19T22:25:01.074535Z,3.4047792,-8.4781675,1.0164883,0.1728176,-0.4264899,0.4766847,3.5763271,-8.9467688,1.8442676,-0.3799416,-0.5117333,0.4038126,0.6562842
gait_20260919_222452_andrew_slow_3,andrew_slow_3,2513737970360673,2026-09-19T22:25:01.095312Z,3.7796962,-8.6159086,1.3109751,0.1031543,-0.3781602,0.4914734,3.5064135,-8.9741516,1.8454815,-0.3780842,-0.5130413,0.4112368,0.6517095
gait_20260919_222452_andrew_slow_3,andrew_slow_3,2513737990527014,2026-09-19T22:25:01.115558Z,4.1100960,-8.8589954,1.4906150,0.1047031,-0.3715819,0.4944711,3.4311640,-9.0048637,1.8372982,-0.3770403,-0.5142099,0.4181084,0.6470041
gait_20260919_222452_andrew_slow_3,andrew_slow_3,2513738010672115,2026-09-19T22:25:01.135182Z,4.3849058,-8.9628439,1.4579192,0.1405257,-0.3487494,0.4822471,3.3586183,-9.0339308,1.8286365,-0.3759501,-0.5154368,0.4248273,0.6422681
gait_20260919_222452_andrew_slow_3,andrew_slow_3,2513738030866573,2026-09-19T22:25:01.155369Z,4.4632411,-8.9868603,1.3608792,0.1775473,-0.2804517,0.4574828,3.2905126,-9.0592766,1.8270576,-0.3745758,-0.5165215,0.4314725,0.6377538
gait_20260919_222452_andrew_slow_3,andrew_slow_3,2513738051037512,2026-09-19T22:25:01.175167Z,4.6547771,-9.1457758,1.2918215,0.1854246,-0.1827766,0.4688407,3.2388299,-9.0771008,1.8309401,-0.3728794,-0.5175807,0.4374458,0.6338077
gait_20260919_222452_andrew_slow_3,andrew_slow_3,2513738071204138,2026-09-19T22:25:01.196095Z,4.7726912,-9.0264397,1.1780969,0.1516671,-0.0189022,0.4741533,3.1766906,-9.0961227,1.8453393,-0.3716539,-0.5177799,0.4432737,0.6303061
gait_20260919_222452_andrew_slow_3,andrew_slow_3,2513738091386674,2026-09-19T22:25:01.216076Z,4.8211741,-8.9573822,1.0828525,0.1038871,0.1727176,0.4833463,3.1185021,-9.1135206,1.8587037,-0.3712035,-0.5174910,0.4480313,0.6274384
gait_20260919_222452_andrew_slow_3,andrew_slow_3,2513738111541744,2026-09-19T22:25:01.235682Z,4.9211321,-8.9742165,0.9717466,0.0938947,0.3274491,0.5280953,3.0639162,-9.1300430,1.8683821,-0.3718528,-0.5166122,0.4513977,0.6253617
gait_20260919_222452_andrew_slow_3,andrew_slow_3,2513738131710648,2026-09-19T22:25:01.255821Z,5.1131172,-8.8572741,0.8456021,0.1318989,0.4753191,0.5760419,2.9871430,-9.1514111,1.8880643,-0.3736303,-0.5144116,0.4546389,0.6237665
gait_20260919_222452_andrew_slow_3,andrew_slow_3,2513738151880612,2026-09-19T22:25:01.276603Z,5.4893808,-8.8311625,0.6631939,0.1843421,0.5992908,0.5819707,2.9043951,-9.1718521,1.9177436,-0.3759816,-0.5112967,0.4575435,0.6227902
gait_20260919_222452_andrew_slow_3,andrew_slow_3,2513738172064693,2026-09-19T22:25:01.296157Z,6.2583685,-9.4307604,0.4699369,0.1953170,0.6149787,0.5979418,2.7920277,-9.1943607,1.9759587,-0.3789226,-0.5062528,0.4609971,0.6225813
gait_20260919_222452_andrew_slow_3,andrew_slow_3,2513738192220089,2026-09-19T22:25:01.317130Z,7.4761939,-10.0491381,0.2753332,0.1307998,0.4590482,0.5541753,2.6581502,-9.2186222,2.0463028,-0.3821924,-0.5002450,0.4650013,0.6224611
gait_20260919_222452_andrew_slow_3,andrew_slow_3,2513738212387488,2026-09-19T22:25:01.337239Z,8.7633772,-10.4070711,0.0820014,0.0083436,0.1461880,0.2488260,2.5345562,-9.2421284,2.0964749,-0.3850305,-0.4955144,0.4690497,0.6214576
gait_20260919_222452_andrew_slow_3,andrew_slow_3,2513738232532019,2026-09-19T22:25:01.357238Z,9.1119576,-10.1526871,-2.9945478,-0.2268428,0.8817410,-0.4617295,2.4760432,-9.2555809,2.1070263,-0.3857672,-0.4944131,0.4719253,0.6196983
gait_20260919_222452_andrew_slow_3,andrew_slow_3,2513738252724809,2026-09-19T22:25:01.377090Z,6.5216556,-9.8728647,-4.4015155,-1.1709361,3.2389014,-1.2751229,2.5262301,-9.2435532,2.1002395,-0.3864235,-0.4942839,0.4678635,0.6224661
gait_20260919_222452_andrew_slow_3,andrew_slow_3,2513738272869178,2026-09-19T22:25:01.398864Z,6.0158806,-10.1233578,-2.3057659,-2.1422083,2.5612206,-2.0694141,2.6230202,-9.2245741,2.0647306,-0.4007563,-0.4847523,0.4433845,0.6386077
gait_20260919_222452_andrew_slow_3,andrew_slow_3,2513738293064286,2026-09-19T22:25:01.417419Z,4.4713211,-11.3723087,-0.9834931,-2.5417690,0.6662894,-2.8669863,2.8855908,-9.1970549,1.8230923,-0.4155221,-0.4851633,0.4102216,0.6509042
gait_20260919_222452_andrew_slow_3,andrew_slow_3,2513738313208004,2026-09-19T22:25:01.437848Z,2.1984756,-13.0660563,0.9593267,-1.9875770,-0.3528296,-3.0032153,3.3855784,-9.1012487,1.3932937,-0.4198380,-0.5037347,0.3774601,0.6538436
gait_20260919_222452_andrew_slow_3,andrew_slow_3,2513738333403642,2026-09-19T22:25:01.457664Z,0.6453870,-13.5310555,1.8709939,-1.0390871,-0.5495788,-2.6343479,3.9479861,-8.9270840,0.9781094,-0.4149528,-0.5282066,0.3500341,0.6529075
gait_20260919_222452_andrew_slow_3,andrew_slow_3,2513738353572140,2026-09-19T22:25:01.478237Z,-1.4209588,-13.6983500,2.4683471,-0.6070681,-0.0855678,-1.8916671,4.4337840,-8.7194672,0.7406616,-0.4038035,-0.5479251,0.3310004,0.6535746
gait_20260919_222452_andrew_slow_3,andrew_slow_3,2513738373741207,2026-09-19T22:25:01.499046Z,-0.6339397,-11.6724062,-0.1414824,-0.4282885,0.2879960,-1.1830435,4.7734914,-8.5476427,0.6226832,-0.3947905,-0.5598423,0.3173311,0.6557577
gait_20260919_222452_andrew_slow_3,andrew_slow_3,2513738393908973,2026-09-19T22:25:01.518680Z,0.9100211,-9.7343006,-0.9127894,-0.6014391,0.1927689,-0.9432272,4.9690647,-8.4384279,0.5809117,-0.3900594,-0.5650333,0.3081446,0.6585119
gait_20260919_222452_andrew_slow_3,andrew_slow_3,2513738414077877,2026-09-19T22:25:01.538174Z,1.2823194,-8.9250603,0.9802759,-0.7276257,-0.1962496,-0.8798425,4.2293806,-8.8493118,0.1952244,-0.4176609,-0.5604131,0.3219817,0.6386113
gait_20260919_222452_andrew_slow_3,andrew_slow_3,2513738434226274,2026-09-19T22:25:01.558310Z,1.6748189,-8.3912277,2.5745897,-0.5468143,-0.4578825,-0.7326219,4.3785334,-8.7784910,0.0517582,-0.4150432,-0.5687025,0.3153455,0.6362970
gait_20260919_222452_andrew_slow_3,andrew_slow_3,2513738454416459,2026-09-19T22:25:01.578767Z,2.5011926,-8.0234938,2.8589761,-0.0991240,-0.6108153,-0.5868670,4.5073586,-8.7127542,-0.0878326,-0.4110638,-0.5777287,0.3114219,0.6326709
gait_20260919_222452_andrew_slow_3,andrew_slow_3,2513738474585120,2026-09-19T22:25:01.599180Z,3.2213235,-8.0380831,2.5106945,0.2739900,-0.2205477,-0.4963363,4.6076384,-8.6590090,-0.1653963,-0.4044066,-0.5858048,0.3118121,0.6293341
gait_20260919_222452_andrew_slow_3,andrew_slow_3,2513738494729081,2026-09-19T22:25:01.619241Z,4.4028621,-8.1352730,1.9334675,0.5527931,0.3933652,-0.4612299,4.6913147,-8.6144257,-0.1392444,-0.3968132,-0.5898491,0.3137333,0.6294352
gait_20260919_222452_andrew_slow_3,andrew_slow_3,2513738514923132,2026-09-19T22:25:01.639158Z,5.7164559,-8.1021280,0.1870470,0.6317825,0.7654135,-0.5827867,4.7675147,-8.5734596,0.0522111,-0.3888422,-0.5869896,0.3161967,0.6358181
gait_20260919_222452_andrew_slow_3,andrew_slow_3,2513738535093014,2026-09-19T22:25:01.659328Z,6.2424321,-7.9900498,-0.6755390,0.4032910,0.5032977,-0.7913436,4.8665023,-8.5144300,0.2403184,-0.3816827,-0.5833954,0.3156023,0.6437106
gait_20260919_222452_andrew_slow_3,andrew_slow_3,2513738555262284,2026-09-19T22:25:01.679412Z,5.8057895,-7.8660750,-0.0846201,0.2298239,-0.1130634,-0.8721650,5.0304055,-8.4152870,0.3377567,-0.3738292,-0.5841833,0.3116333,0.6495124
gait_20260919_222452_andrew_slow_3,andrew_slow_3,2513738575405473,2026-09-19T22:25:01.699798Z,4.3700914,-7.9423151,-0.1459715,0.3121608,-0.6440065,-0.8054661,5.1843371,-8.3202295,0.3640753,-0.3647943,-0.5886438,0.3096680,0.6515592
gait_20260919_222452_andrew_slow_3,andrew_slow_3,2513738595572709,2026-09-19T22:25:01.721065Z,3.3707366,-7.9355068,-0.5910686,0.3345270,-0.9210275,-0.6472040,5.3255944,-8.2312965,0.3462936,-0.3537976,-0.5961089,0.3107555,0.6503173
gait_20260919_222452_andrew_slow_3,andrew_slow_3,2513738615770382,2026-09-19T22:25:01.740019Z,3.2104001,-7.9412680,-1.0061632,0.2461114,-1.1056861,-0.4930888,5.4398332,-8.1579676,0.3031613,-0.3426331,-0.6044764,0.3139933,0.6470078
gait_20260919_222452_andrew_slow_3,andrew_slow_3,2513738635938188,2026-09-19T22:25:01.760679Z,3.3794158,-7.8439283,-0.7778163,0.0987244,-0.8924828,-0.3857211,5.5261168,-8.1023979,0.2220249,-0.3321842,-0.6137301,0.3185065,0.6415158
gait_20260919_222452_andrew_slow_3,andrew_slow_3,2513738656109412,2026-09-19T22:25:01.780402Z,3.3685670,-7.5106106,-0.7597101,0.0284782,-0.5110584,-0.2627820,5.5919547,-8.0590687,0.1325672,-0.3238713,-0.6218777,0.3220788,0.6361139
gait_20260919_222452_andrew_slow_3,andrew_slow_3,2513738676275875,2026-09-19T22:25:01.801327Z,3.3912370,-7.0047607,-1.0558430,-0.0153549,-0.3831397,-0.0956767,5.6363921,-8.0287752,0.0772153,-0.3180628,-0.6271179,0.3245065,0.6326569
gait_20260919_222452_andrew_slow_3,andrew_slow_3,2513738696420691,2026-09-19T22:25:01.821383Z,3.7930889,-6.6148052,-0.9876830,-0.0342404,-0.4115180,0.0564734,5.6533513,-8.0171509,0.0320579,-0.3140396,-0.6309475,0.3271913,0.6294683
gait_20260919_222452_andrew_slow_3,andrew_slow_3,2513738716614457,2026-09-19T22:25:01.841444Z,4.4047327,-6.5777698,-0.5790227,0.0112747,-0.3722481,0.1911535,5.6446872,-8.0232887,-0.0216786,-0.3109814,-0.6346044,0.3308405,0.6253898
gait_20260919_222452_andrew_slow_3,andrew_slow_3,2513738736798255,2026-09-19T22:25:01.861100Z,5.0572271,-6.8014779,-0.3649661,0.0848017,-0.1729508,0.3059322,5.6144767,-8.0442219,-0.0651498,-0.3086330,-0.6374770,0.3354005,0.6211886
gait_20260919_222452_andrew_slow_3,andrew_slow_3,2513738756951290,2026-09-19T22:25:01.881938Z,5.6610899,-6.9716163,-0.8000374,0.1125970,-0.0086267,0.3648871,5.5653963,-8.0781784,-0.0743145,-0.3071242,-0.6385457,0.3406169,0.6179921
gait_20260919_222452_andrew_slow_3,andrew_slow_3,2513738777095984,2026-09-19T22:25:01.901720Z,6.1082821,-7.0995564,-1.5166520,0.0793392,0.0234654,0.3959299,5.5056424,-8.1191664,-0.0563118,-0.3064536,-0.6380993,0.3458815,0.6158583
gait_20260919_222452_andrew_slow_3,andrew_slow_3,2513738797292639,2026-09-19T22:25:01.921844Z,6.9463272,-7.2203135,-1.8240076,0.0485628,-0.1238051,0.4134998,5.4803290,-8.1358252,-0.1022275,-0.3061927,-0.6400480,0.3486897,0.6123725
gait_20260919_222452_andrew_slow_3,andrew_slow_3,2513738817459388,2026-09-19T22:25:01.941867Z,7.5949316,-7.1828294,-0.6400000,0.1648070,-0.3081972,0.4236254,5.4540935,-8.1526051,-0.1549892,-0.3054633,-0.6425102,0.3519085,0.6083035
gait_20260919_222452_andrew_slow_3,andrew_slow_3,2513738837604000,2026-09-19T22:25:01.961843Z,7.7596078,-6.8932810,-0.4646996,0.3657697,-0.2920096,0.4689406,5.3935466,-8.1925268,-0.1680434,-0.3036398,-0.6439018,0.3582414,0.6040335
gait_20260919_222452_andrew_slow_3,andrew_slow_3,2513738857796180,2026-09-19T22:25:01.982051Z,7.7715788,-6.3549595,-1.2318168,0.3938982,-0.2245946,0.5166374,5.3344579,-8.2315865,-0.1437418,-0.3005275,-0.6444364,0.3659458,0.6003904
gait_20260919_222452_andrew_slow_3,andrew_slow_3,2513738877964880,2026-09-19T22:25:02.002664Z,8.1019783,-6.0578542,-1.4894928,0.3005530,-0.2717418,0.4818974,5.3598247,-8.2150230,-0.1477377,-0.2956534,-0.6469887,0.3704483,0.5972962
gait_20260919_222452_andrew_slow_3,andrew_slow_3,2513738898135698,2026-09-19T22:25:02.022623Z,7.5995703,-6.3568301,-0.9076269,0.3525132,-0.2999535,0.4444427,5.3407445,-8.2273169,-0.1543858,-0.2922473,-0.6488659,0.3759273,0.5935010
gait_20260919_222452_andrew_slow_3,andrew_slow_3,2513738918303992,2026-09-19T22:25:02.043278Z,6.3980551,-6.9565024,-0.5387702,0.6113149,-0.0969923,0.5760419,5.5255828,-8.1030369,-0.2117132,-0.2829704,-0.6555183,0.3743923,0.5916536
gait_20260919_222452_andrew_slow_3,andrew_slow_3,2513738938473385,2026-09-19T22:25:02.062823Z,4.8285813,-8.2315645,-0.3209727,0.8398564,0.2698099,0.7959734,5.4724951,-8.1404915,-0.1424471,-0.2793498,-0.6544321,0.3825984,0.5893224
gait_20260919_222452_andrew_slow_3,andrew_slow_3,2513738958641557,2026-09-19T22:25:02.082754Z,4.0935612,-12.1632929,-0.9375544,0.8371918,0.5300438,0.9716887,5.3433051,-8.2270727,0.0221899,-0.2782517,-0.6484638,0.3941336,0.5888374
gait_20260919_222452_andrew_slow_3,andrew_slow_3,2513738978792355,2026-09-19T22:25:02.102952Z,5.3330092,-19.9277630,-7.1948004,0.2462779,0.6272360,1.1375283,5.1796141,-8.3281479,0.2228979,-0.2792746,-0.6400846,0.4061693,0.5893420
gait_20260919_222452_andrew_slow_3,andrew_slow_3,2513738998981279,2026-09-19T22:25:02.123239Z,8.7416048,-20.5825024,-4.1698766,-0.6925360,0.8559774,0.7183828,4.9825964,-8.4433975,0.3448154,-0.2848492,-0.6327353,0.4155496,0.5880694
gait_20260919_222452_andrew_slow_3,andrew_slow_3,2513739019149492,2026-09-19T22:25:02.143382Z,5.4530935,-11.8322945,3.4161518,-0.2672452,0.8438200,0.0334077,4.8359389,-8.5300503,0.2967784,-0.2956003,-0.6297389,0.4155086,0.5860052
gait_20260919_222452_andrew_slow_3,andrew_slow_3,2513739039316809,2026-09-19T22:25:02.163711Z,2.9195044,-7.8208094,3.1111903,0.1100323,-0.0916631,0.0734937,4.8273425,-8.5337667,0.3281895,-0.2995245,-0.6266149,0.4126344,0.5893825
gait_20260919_222452_andrew_slow_3,andrew_slow_3,2513739059487749,2026-09-19T22:25:02.183727Z,2.1300166,-5.0829649,2.1532853,-0.0918296,-0.4852282,0.2219632,4.8197789,-8.5370226,0.3536956,-0.2963782,-0.6270772,0.4162464,0.5879398
gait_20260919_222452_andrew_slow_3,andrew_slow_3,2513739079631792,2026-09-19T22:25:02.204028Z,1.1855787,-4.3387423,1.8846108,-0.2125871,-0.5162211,0.3648371,4.7849522,-8.5588245,0.2947350,-0.2937461,-0.6307026,0.4208087,0.5821062
gait_20260919_222452_andrew_slow_3,andrew_slow_3,2513739099800492,2026-09-19T22:25:02.224301Z,0.6180033,-4.6754270,2.0960488,-0.1119309,-0.4841790,0.6275524,4.7252350,-8.5944729,0.2080350,-0.2905218,-0.6356835,0.4272891,0.5735221
gait_20260919_222452_andrew_slow_3,andrew_slow_3,2513739120011145,2026-09-19T22:25:02.244790Z,1.7567455,-6.2133274,2.0703859,0.1150452,-0.5823870,0.8836562,4.6207590,-8.6524401,0.1413100,-0.2908002,-0.6382265,0.4334517,0.5658815
gait_20260919_222452_andrew_slow_3,andrew_slow_3,2513739140165808,2026-09-19T22:25:02.264288Z,3.3654246,-8.5992994,1.9218706,0.2883624,-1.0987580,0.8764284,4.4660692,-8.7337341,0.1105937,-0.2912394,-0.6392510,0.4428108,0.5571862
gait_20260919_222452_andrew_slow_3,andrew_slow_3,2513739160308224,2026-09-19T22:25:02.284498Z,4.5174847,-10.8390751,2.1645079,0.3453187,-1.6440068,0.6590450,4.2893572,-8.8217106,0.1223524,-0.2882610,-0.6401607,0.4563411,0.5466744
gait_20260919_222452_andrew_slow_3,andrew_slow_3,2513739180502641,2026-09-19T22:25:02.305878Z,4.7355814,-10.9308777,2.2147114,0.2837992,-1.6366625,0.2254273,4.1693397,-8.8797836,0.0465894,-0.2809077,-0.6464103,0.4689940,0.5322492
gait_20260919_222452_andrew_slow_3,andrew_slow_3,2513739200680213,2026-09-19T22:25:02.325462Z,3.4198928,-9.4514856,2.2732944,0.1651568,-0.8780438,-0.2028612,4.1217532,-8.9020033,-0.0403290,-0.2707377,-0.6541255,0.4789147,0.5190971
gait_20260919_222452_andrew_slow_3,andrew_slow_3,2513739220846391,2026-09-19T22:25:02.345531Z,2.4056489,-8.5649576,2.0799627,0.1641242,0.1187423,-0.2794359,4.1450787,-8.8910551,-0.0597925,-0.2614857,-0.6586603,0.4843854,0.5129939
gait_20260919_222452_andrew_slow_3,andrew_slow_3,2513739241009640,2026-09-19T22:25:02.365315Z,2.5029135,-8.6245127,1.5450083,0.2940747,0.8821740,-0.1227393,4.1930499,-8.8687201,-0.0158167,-0.2568532,-0.6587949,0.4857793,0.5138427
gait_20260919_222452_andrew_slow_3,andrew_slow_3,2513739261177893,2026-09-19T22:25:02.385469Z,2.8357823,-8.7294836,0.9458593,0.4184127,1.3924164,-0.0063784,4.2104468,-8.8597565,0.1139352,-0.2565566,-0.6538823,0.4867758,0.5192937
gait_20260919_222452_andrew_slow_3,andrew_slow_3,2513739281346920,2026-09-19T22:25:02.405526Z,2.8853872,-8.7434006,0.5511901,0.4459416,1.6985484,0.0843187,4.1961660,-8.8617887,0.3114710,-0.2590923,-0.6451389,0.4880251,0.5277296
gait_20260919_222452_andrew_slow_3,andrew_slow_3,2513739301515865,2026-09-19T22:25:02.426301Z,3.2331450,-8.9323177,0.3440168,0.3554943,1.7792532,0.2343538,4.1666899,-8.8649912,0.5354841,-0.2632910,-0.6345000,0.4888078,0.5377309
gait_20260919_222452_andrew_slow_3,andrew_slow_3,2513739321667721,2026-09-19T22:25:02.445978Z,3.8047607,-9.0525513,0.3705775,0.1981315,1.5529599,0.3344437,4.1019516,-8.8795538,0.7507662,-0.2694511,-0.6231652,0.4894398,0.5472751
gait_20260919_222452_andrew_slow_3,andrew_slow_3,2513739341854773,2026-09-19T22:25:02.466579Z,4.1322427,-8.9757128,0.4798878,0.0756753,1.0345572,0.3552777,4.0142817,-8.9039221,0.9175374,-0.2762960,-0.6132700,0.4900069,0.5544850
gait_20260919_222452_andrew_slow_3,andrew_slow_3,2513739362023800,2026-09-19T22:25:02.486743Z,4.3044004,-8.7388363,0.6016180,0.0158712,0.4486895,0.3450689,3.9290793,-8.9310350,1.0173894,-0.2813213,-0.6068021,0.4913534,0.5578722
gait_20260919_222452_andrew_slow_3,andrew_slow_3,2513739382191728,2026-09-19T22:25:02.507061Z,4.4437881,-8.4935055,0.8030302,0.0477967,-0.0098758,0.3238185,3.8575459,-8.9576454,1.0564381,-0.2837410,-0.6040308,0.4938193,0.5574768
gait_20260919_222452_andrew_slow_3,andrew_slow_3,2513739402335487,2026-09-19T22:25:02.526466Z,4.5286326,-8.3103485,0.9526678,0.1601106,-0.2500417,0.2923926,3.8000953,-8.9813995,1.0629436,-0.2835175,-0.6038617,0.4976514,0.5543573
gait_20260919_222452_andrew_slow_3,andrew_slow_3,2513739422505082,2026-09-19T22:25:02.546580Z,4.6180410,-8.3879356,0.9703251,0.3015356,-0.2247278,0.2599175,3.7549825,-8.9994984,1.0701661,-0.2810960,-0.6046883,0.5027223,0.5500977
gait_20260919_222452_andrew_slow_3,andrew_slow_3,2513739442698524,2026-09-19T22:25:02.567067Z,4.5908070,-8.6807022,0.9338135,0.4219600,-0.1075842,0.2281751,3.7236295,-9.0084343,1.1040025,-0.2776076,-0.6048735,0.5081432,0.5466741
gait_20260919_222452_andrew_slow_3,andrew_slow_3,2513739462867997,2026-09-19T22:25:02.587164Z,4.2943001,-8.6237650,0.8374469,0.4883425,-0.1252540,0.1995471,3.6945066,-9.0121908,1.1692535,-0.2739857,-0.6037776,0.5137059,0.5445096
gait_20260919_222452_andrew_slow_3,andrew_slow_3,2513739483037635,2026-09-19T22:25:02.607591Z,4.0209122,-8.8153763,0.6786814,0.4924393,-0.2530894,0.1923026,3.6626353,-9.0145483,1.2486603,-0.2700771,-0.6021871,0.5196795,0.5425517
gait_20260919_222452_andrew_slow_3,andrew_slow_3,2513739503202552,2026-09-19T22:25:02.627568Z,3.9353194,-8.7353201,0.6280290,0.4189456,-0.3930655,0.1790961,3.6358848,-9.0152330,1.3198645,-0.2654782,-0.6012220,0.5258931,0.5398980
gait_20260919_222452_andrew_slow_3,andrew_slow_3,2513739523374875,2026-09-19T22:25:02.647789Z,3.6672437,-8.6720228,0.7205799,0.3179230,-0.4710224,0.1589782,3.6136346,-9.0170174,1.3679039,-0.2605161,-0.6013588,0.5319910,0.5361758
gait_20260919_222452_andrew_slow_3,andrew_slow_3,2513739543519853,2026-09-19T22:25:02.668482Z,3.4100914,-8.4677677,0.7818565,0.2124705,-0.4545350,0.1685375,3.5983148,-9.0194139,1.3922685,-0.2555186,-0.6024675,0.5375077,0.5318165
gait_20260919_222452_andrew_slow_3,andrew_slow_3,2513739563713701,2026-09-19T22:25:02.687970Z,3.4293199,-8.5666037,0.9231892,0.1371949,-0.3957301,0.1985146,3.5811419,-9.0252924,1.3984426,-0.2511307,-0.6040465,0.5424161,0.5271111
gait_20260919_222452_andrew_slow_3,andrew_slow_3,2513739583882036,2026-09-19T22:25:02.708207Z,3.7478983,-8.8985739,0.9365818,0.0643673,-0.2765214,0.2085069,3.5565765,-9.0355721,1.3947481,-0.2477964,-0.6055751,0.5467089,0.5224798
gait_20260919_222452_andrew_slow_3,andrew_slow_3,2513739604027015,2026-09-19T22:25:02.728807Z,3.9742999,-9.1085911,0.9801263,-0.0368884,-0.0949273,0.2180995,3.5267339,-9.0485268,1.3865249,-0.2453704,-0.6069064,0.5504436,0.5181408
gait_20260919_222452_andrew_slow_3,andrew_slow_3,2513739624221269,2026-09-19T22:25:02.748991Z,4.2188826,-9.1764517,1.0055647,-0.1118143,0.0479799,0.2408155,3.4905431,-9.0645876,1.3731220,-0.2447491,-0.6077193,0.5529220,0.5148324
gait_20260919_222452_andrew_slow_3,andrew_slow_3,2513739644369341,2026-09-19T22:25:02.769281Z,4.3587189,-9.1250505,0.9769839,-0.1347301,0.1264697,0.2572029,3.4458368,-9.0842886,1.3557416,-0.2454038,-0.6081842,0.5547459,0.5120020
gait_20260919_222452_andrew_slow_3,andrew_slow_3,2513739664535966,2026-09-19T22:25:02.792317Z,4.3626842,-8.7823057,0.9425673,-0.1096327,0.1555142,0.2855978,3.3968410,-9.1052551,1.3386321,-0.2468771,-0.6083053,0.5561161,0.5096579
gait_20260919_222452_andrew_slow_3,andrew_slow_3,2513739684727128,2026-09-19T22:25:02.810130Z,4.2989388,-8.3704281,0.8583961,-0.0515438,0.1514506,0.3238185,3.3769922,-9.1161337,1.3145798,-0.2476047,-0.6089951,0.5567422,0.5077944
gait_20260919_222452_andrew_slow_3,andrew_slow_3,2513739704896766,2026-09-19T22:25:02.829683Z,4.1745152,-8.1079645,0.7512556,0.0161043,0.1321987,0.3946476,3.3350849,-9.1326218,1.3071223,-0.2487329,-0.6088547,0.5581927,0.5058151
gait_20260919_222452_andrew_slow_3,andrew_slow_3,2513739725064937,2026-09-19T22:25:02.849252Z,4.3393412,-8.0230446,0.7348703,0.0689472,0.1870067,0.5160878,3.2681682,-9.1556206,1.3152252,-0.2503344,-0.6078460,0.5607524,0.5034011
gait_20260919_222452_andrew_slow_3,andrew_slow_3,2513739745210161,2026-09-19T22:25:02.870246Z,4.5721769,-8.1256208,0.7328502,0.1149286,0.2416148,0.6125806,3.1783395,-9.1841698,1.3361491,-0.2526312,-0.6060002,0.5641245,0.5007044
gait_20260919_222452_andrew_slow_3,andrew_slow_3,2513739765384762,2026-09-19T22:25:02.889823Z,4.7882538,-8.2784014,0.7284359,0.1742998,0.2436633,0.7003800,3.0945098,-9.2091589,1.3607010,-0.2549846,-0.6039054,0.5674871,0.4982366
gait_20260919_222452_andrew_slow_3,andrew_slow_3,2513739785588945,2026-09-19T22:25:02.910236Z,4.8946462,-8.2305918,0.7126491,0.2579690,0.2095727,0.7446461,3.1154151,-9.2027092,1.3566275,-0.2548127,-0.6037850,0.5684668,0.4973526
gait_20260919_222452_andrew_slow_3,andrew_slow_3,2513739805741410,2026-09-19T22:25:02.929852Z,4.8488569,-8.0265608,0.6113445,0.3542286,0.2113880,0.7292245,3.1351163,-9.1949625,1.3637540,-0.2539687,-0.6034925,0.5700482,0.4963282
gait_20260919_222452_andrew_slow_3,andrew_slow_3,2513739825912757,2026-09-19T22:25:02.950745Z,5.0026846,-7.8749781,0.4881927,0.4030745,0.1651734,0.6548149,3.0413527,-9.2172041,1.4245836,-0.2555582,-0.6001737,0.5749419,0.4938860
gait_20260919_222452_andrew_slow_3,andrew_slow_3,2513739846079505,2026-09-19T22:25:02.970472Z,5.7544637,-8.6811504,0.3526210,0.3643375,-0.0112913,0.5050963,2.9517930,-9.2350149,1.4958364,-0.2566812,-0.5965970,0.5799650,0.4917595
gait_20260919_222452_andrew_slow_3,andrew_slow_3,2513739866251502,2026-09-19T22:25:02.990469Z,7.3413706,-10.7893953,-0.0620248,0.2163675,-0.1818440,0.3107952,2.8735526,-9.2493887,1.5580823,-0.2566597,-0.5939034,0.5849789,0.4890849
gait_20260919_222452_andrew_slow_3,andrew_slow_3,2513739886417192,2026-09-19T22:25:03.011215Z,8.8266735,-13.2870712,-1.0773159,-0.1386771,0.4120010,-0.0180528,2.8206806,-9.2602329,1.5899527,-0.2553639,-0.5930728,0.5891852,0.4857104
gait_20260919_222452_andrew_slow_3,andrew_slow_3,2513739906577633,2026-09-19T22:25:03.031278Z,8.7890396,-14.3919954,-1.0340707,-0.6690540,0.8553112,-0.6635748,2.8092716,-9.2640886,1.5876945,-0.2568913,-0.5925487,0.5885377,0.4863294
gait_20260919_222452_andrew_slow_3,andrew_slow_3,2513739926756059,2026-09-19T22:25:03.051685Z,6.0194721,-13.8426752,-0.8614637,-1.2070917,0.2730241,-1.4349171,2.8937850,-9.2493439,1.5204443,-0.2609195,-0.5937983,0.5800871,0.4927713
gait_20260919_222452_andrew_slow_3,andrew_slow_3,2513739946924598,2026-09-19T22:25:03.071891Z,4.0976763,-13.0007401,-0.4050690,-1.6558311,-0.1530660,-1.9647610,3.1456532,-9.1976261,1.3208539,-0.2596648,-0.6029205,0.5655704,0.4991905
gait_20260919_222452_andrew_slow_3,andrew_slow_3,2513739967093868,2026-09-19T22:25:03.091767Z,1.6551416,-13.2181635,0.3592799,-1.9265237,0.1262199,-2.2101064,3.5086334,-9.1059093,1.0040083,-0.2541973,-0.6184857,0.5467283,0.5039318
gait_20260919_222452_andrew_slow_3,andrew_slow_3,2513739987262936,2026-09-19T22:25:03.111459Z,-0.0389806,-12.6561241,0.5482722,-2.0788236,1.0415019,-2.1213744,3.9139812,-8.9713106,0.6576210,-0.2495523,-0.6345308,0.5235881,0.5108324
gait_20260919_222452_andrew_slow_3,andrew_slow_3,2513740007407060,2026-09-19T22:25:03.131525Z,-1.8292450,-11.0243263,-0.0862661,-2.1095335,2.3947816,-1.9735544,4.2859149,-8.8167295,0.3637603,-0.2508684,-0.6458987,0.4971948,0.5221853
gait_20260919_222452_andrew_slow_3,andrew_slow_3,2513740027600868,2026-09-19T22:25:03.152196Z,-2.3591864,-8.7787142,-1.7303344,-1.7285421,2.4466085,-1.4554180,4.6196795,-8.6518946,0.1984670,-0.2600323,-0.6491069,0.4672814,0.5410098
gait_20260919_222452_andrew_slow_3,andrew_slow_3,2513740047745724,2026-09-19T22:25:03.172317Z,0.7188591,-8.1138000,-1.1495161,-1.1331317,0.3184393,-0.8314129,4.8141499,-8.5466795,0.1197076,-0.2734734,-0.6470042,0.4416492,0.5581610
gait_20260919_222452_andrew_slow_3,andrew_slow_3,2513740067939043,2026-09-19T22:25:03.192679Z,2.4247277,-8.5239563,0.5431097,-0.7894784,-1.4496891,-0.6604273,4.9532356,-8.4676371,-0.0267047,-0.2763871,-0.6516176,0.4285040,0.5615951
gait_20260919_222452_andrew_slow_3,andrew_slow_3,2513740088106197,2026-09-19T22:25:03.212658Z,2.8051066,-8.4252710,1.3694834,-0.7648472,-1.4350337,-0.6166775,5.0545640,-8.4019375,-0.3081702,-0.2693905,-0.6653417,0.4245824,0.5517963
gait_20260919_222452_andrew_slow_3,andrew_slow_3,2513740108276608,2026-09-19T22:25:03.233220Z,3.0089879,-7.9444852,2.1894226,-0.7330382,-0.6009062,-0.4857278,5.1425915,-8.3331318,-0.5905552,-0.2620583,-0.6788813,0.4209097,0.5415539
gait_20260919_222452_andrew_slow_3,andrew_slow_3,2513740128445268,2026-09-19T22:25:03.252757Z,3.3690159,-7.7322989,3.0308349,-0.4715886,-0.0074110,-0.4092197,5.2155819,-8.2717390,-0.7823902,-0.2597431,-0.6869165,0.4150165,0.5370666
gait_20260919_222452_andrew_slow_3,andrew_slow_3,2513740148606239,2026-09-19T22:25:03.273256Z,3.9455695,-7.7337203,3.3413329,-0.0494621,0.1028712,-0.4269062,5.2807961,-8.2226934,-0.8582871,-0.2589385,-0.6900668,0.4101041,0.5371901
gait_20260919_222452_andrew_slow_3,andrew_slow_3,2513740168783728,2026-09-19T22:25:03.293584Z,4.6621094,-7.8151231,3.6177137,0.4009261,0.1880892,-0.5057957,5.3439012,-8.1881351,-0.7958033,-0.2564365,-0.6887857,0.4086014,0.5411651
gait_20260919_222452_andrew_slow_3,andrew_slow_3,2513740188953244,2026-09-19T22:25:03.313397Z,5.3000894,-8.0409260,3.3957262,0.9024252,0.3385073,-0.5569732,5.3803644,-8.2000017,0.2185347,-0.2422666,-0.6564120,0.4292691,0.5711026
gait_20260919_222452_andrew_slow_3,andrew_slow_3,2513740209122230,2026-09-19T22:25:03.333741Z,6.3774052,-8.2576761,1.6200515,1.2272929,0.5863174,-0.5550413,5.4663038,-8.1328955,0.4600402,-0.2341167,-0.6499884,0.4322768,0.5795180
gait_20260919_222452_andrew_slow_3,andrew_slow_3,2513740229291501,2026-09-19T22:25:03.354156Z,7.3051581,-8.1363201,-0.0909797,1.2230295,0.4763350,-0.5573562,5.5503011,-8.0563259,0.7251840,-0.2257754,-0.6424853,0.4356741,0.5885799
gait_20260919_222452_andrew_slow_3,andrew_slow_3,2513740249482907,2026-09-19T22:25:03.373907Z,7.4360914,-7.7601314,-0.1826327,1.0773910,-0.4236920,-0.5377879,5.6316004,-7.9716897,0.9865978,-0.2171023,-0.6350432,0.4391407,0.5972791
gait_20260919_222452_andrew_slow_3,andrew_slow_3,2513740269629146,2026-09-19T22:25:03.394060Z,7.2099886,-7.4871926,0.1880196,1.1059358,-1.4948711,-0.4828966,5.7266788,-7.8856525,1.1214972,-0.2056611,-0.6333779,0.4433785,0.5999596
gait_20260919_222452_andrew_slow_3,andrew_slow_3,2513740289797970,2026-09-19T22:25:03.417926Z,6.1801829,-7.5305872,0.2908207,1.2719253,-2.1576633,-0.4277722,5.8449874,-7.7990618,1.1166270,-0.1892089,-0.6385407,0.4499657,0.5949762
gait_20260919_222452_andrew_slow_3,andrew_slow_3,2513740309967403,2026-09-19T22:25:03.434413Z,4.9423804,-7.9128366,0.1021277,1.3394736,-2.3428214,-0.3484496,5.9611273,-7.7194161,1.0543796,-0.1690433,-0.6464854,0.4593211,0.5852393
gait_20260919_222452_andrew_slow_3,andrew_slow_3,2513740330113563,2026-09-19T22:25:03.454991Z,4.1816230,-7.9171014,-0.0097264,1.2191324,-2.2472446,-0.2374014,6.0531783,-7.6592689,0.9647616,-0.1481018,-0.6547931,0.4699351,0.5731254
gait_20260919_222452_andrew_slow_3,andrew_slow_3,2513740350303504,2026-09-19T22:25:03.474512Z,3.9006784,-7.9291472,0.0387561,1.1134467,-2.1854253,-0.1270193,6.1305308,-7.6082692,0.8757529,-0.1287149,-0.6621792,0.4799082,0.5609273
gait_20260919_222452_andrew_slow_3,andrew_slow_3,2513740370477658,2026-09-19T22:25:03.495374Z,3.9208045,-8.2659817,0.0482581,1.0799391,-2.2746236,-0.0189355,6.1862760,-7.5740314,0.7747058,-0.1110227,-0.6691083,0.4892474,0.5482746
gait_20260919_222452_andrew_slow_3,andrew_slow_3,2513740390618933,2026-09-19T22:25:03.514633Z,3.8854902,-8.6775599,0.2880524,1.0736439,-2.4475079,0.1189588,6.2134166,-7.5632081,0.6537977,-0.0941386,-0.6761671,0.4989157,0.5338718
gait_20260919_222452_andrew_slow_3,andrew_slow_3,2513740410812944,2026-09-19T22:25:03.535042Z,4.2834511,-8.5639849,0.2345569,1.0049798,-2.5761259,0.2400827,6.1391625,-7.6348176,0.5063043,-0.0805741,-0.6836385,0.5108064,0.5149982
gait_20260919_222452_andrew_slow_3,andrew_slow_3,2513740430980872,2026-09-19T22:25:03.555438Z,4.7679777,-7.9839892,-0.1966238,0.9101192,-2.4477577,0.2900277,6.0264482,-7.7331910,0.3402884,-0.0677961,-0.6914099,0.5231275,0.4936534
gait_20260919_222452_andrew_slow_3,andrew_slow_3,2513740451150062,2026-09-19T22:25:03.575608Z,5.3161006,-7.8848543,-0.3726725,0.9292046,-2.1431744,0.2824336,5.9909067,-7.7661238,0.1802866,-0.0522815,-0.6985534,0.5324678,0.4751505
gait_20260919_222452_andrew_slow_3,andrew_slow_3,2513740471318925,2026-09-19T22:25:03.596037Z,5.3637600,-7.9537625,-0.2071733,1.0577061,-2.0614204,0.2883624,5.9507685,-7.7987375,0.0644960,-0.0383416,-0.7036108,0.5412932,0.4587631
gait_20260919_222452_andrew_slow_3,andrew_slow_3,2513740491487342,2026-09-19T22:25:03.615874Z,5.3240314,-7.6890535,0.1546505,1.1893386,-2.3617237,0.3822904,5.9073648,-7.8319187,-0.0148984,-0.0243992,-0.7070478,0.5506254,0.4430573
gait_20260919_222452_andrew_slow_3,andrew_slow_3,2513740511637936,2026-09-19T22:25:03.636067Z,4.8780365,-7.1835032,1.0333973,1.3284820,-2.9113691,0.5064452,5.8458633,-7.8772898,-0.1015898,-0.0089404,-0.7104714,0.5610756,0.4246701
gait_20260919_222452_andrew_slow_3,andrew_slow_3,2513740531824582,2026-09-19T22:25:03.655938Z,4.1029134,-7.0488291,1.6959926,1.5068120,-3.3804929,0.5970092,5.7563596,-7.9403434,-0.2267226,0.0093770,-0.7148755,0.5726520,0.4011668
gait_20260919_222452_andrew_slow_3,andrew_slow_3,2513740551969967,2026-09-19T22:25:03.676464Z,3.1159787,-7.3709240,1.6504279,1.6839429,-3.5165219,0.6380610,5.6395154,-8.0183010,-0.3725855,0.0305779,-0.7193974,0.5851542,0.3729974
gait_20260919_222452_andrew_slow_3,andrew_slow_3,2513740572163815,2026-09-19T22:25:03.697295Z,1.5922937,-8.1599627,1.2092215,1.8963968,-3.6092176,0.6437401,5.5034781,-8.1056786,-0.4957965,0.0528965,-0.7223893,0.5981588,0.3428730
gait_20260919_222452_andrew_slow_3,andrew_slow_3,2513740592336463,2026-09-19T22:25:03.717352Z,-0.3364601,-8.9799023,0.9883564,2.1291184,-3.8697345,0.6928024,5.3564954,-8.1981182,-0.5787422,0.0761998,-0.7231631,0.6117129,0.3115065
gait_20260919_222452_andrew_slow_3,andrew_slow_3,2513740612502764,2026-09-19T22:25:03.737512Z,-1.2664579,-9.1542301,1.2883798,2.2921770,-4.0406203,0.8790764,5.1832027,-8.3049278,-0.6314222,0.1009699,-0.7219477,0.6260316,0.2769137
gait_20260919_222452_andrew_slow_3,andrew_slow_3,2513740632672522,2026-09-19T22:25:03.757355Z,-0.4695628,-8.9382286,1.5206922,2.3167415,-3.7943590,0.9488896,4.9073257,-8.4707899,-0.6324571,0.1232875,-0.7186834,0.6420947,0.2366621
gait_20260919_222452_andrew_slow_3,andrew_slow_3,2513740652815467,2026-09-19T22:25:03.777446Z,0.1698387,-9.5203934,1.7200094,2.1474545,-3.1853259,0.7746397,4.6782994,-8.6019888,-0.5961406,0.1459788,-0.7131115,0.6562023,0.1988991
gait_20260919_222452_andrew_slow_3,andrew_slow_3,2513740673008785,2026-09-19T22:25:03.797416Z,0.0036661,-11.5210485,1.8563293,1.9675590,-2.4775515,0.5871667,4.0890713,-8.9126444,-0.2835321,0.1480374,-0.7024139,0.6791957,0.1529473
gait_20260919_222452_andrew_slow_3,andrew_slow_3,2513740693177731,2026-09-19T22:25:03.817378Z,-0.1987187,-13.6447048,2.0308068,1.9558846,-1.8060493,0.5682645,3.9698582,-8.9698944,-0.1316828,0.1639746,-0.6932885,0.6899908,0.1279693
gait_20260919_222452_andrew_slow_3,andrew_slow_3,2513740713347164,2026-09-19T22:25:03.838028Z,-0.1176152,-15.7325239,-0.1731307,2.1948180,-1.3021522,0.5794893,3.8647776,-9.0163155,0.0752525,0.1751553,-0.6828530,0.7009894,0.1079189
gait_20260919_222452_andrew_slow_3,andrew_slow_3,2513740733497067,2026-09-19T22:25:03.857906Z,1.3828012,-18.5111446,-7.7786865,2.0179038,-1.5267800,0.8745798,3.7624533,-9.0522690,0.3694300,0.1826348,-0.6697703,0.7140043,0.0908307
gait_20260919_222452_andrew_slow_3,andrew_slow_3,2513740753687130,2026-09-19T22:25:03.878142Z,7.6122146,-14.3242846,-6.1429977,0.7314728,-1.8017693,1.3119113,3.6271439,-9.0917320,0.6483609,0.1891483,-0.6572003,0.7260860,0.0714834
gait_20260919_222452_andrew_slow_3,andrew_slow_3,2513740773853228,2026-09-19T22:25:03.897865Z,9.1675482,-10.6201553,2.1498435,-0.1104320,-1.4449095,1.5164713,3.4147031,-9.1727219,0.6611307,0.1954048,-0.6548396,0.7285238,0.0474878
gait_20260919_222452_andrew_slow_3,andrew_slow_3,2513740794024818,2026-09-19T22:25:03.919665Z,9.9812775,-7.0019927,4.7685018,-0.0863838,-2.8444703,1.5566572,3.1497307,-9.2744036,0.5484215,0.1952006,-0.6592631,0.7256032,0.0277316
gait_20260919_222452_andrew_slow_3,andrew_slow_3,2513740814167518,2026-09-19T22:25:03.938328Z,10.0529537,-3.9356186,5.3089180,0.9419282,-3.8160090,1.8039010,2.8856454,-9.3691807,0.3572544,-0.2046117,0.6637676,-0.7194062,0.0011843
gait_20260919_222452_andrew_slow_3,andrew_slow_3,2513740834360999,2026-09-19T22:25:03.958712Z,10.4339314,-3.5100493,2.9808559,2.2272933,-4.2232804,1.6919202,2.5754907,-9.4610729,0.3017362,-0.2203131,0.6608371,-0.7162781,0.0412569
gait_20260919_222452_andrew_slow_3,andrew_slow_3,2513740854529863,2026-09-19T22:25:03.978748Z,10.9014740,-4.3526587,0.8566753,2.6660237,-4.7485614,1.0469310,2.2793231,-9.5273600,0.5198128,-0.2379696,0.6460950,-0.7200205,0.0866158
gait_20260919_222452_andrew_slow_3,andrew_slow_3,2513740874699175,2026-09-19T22:25:03.999415Z,9.6997337,-6.8614078,-0.6488287,2.3818080,-4.9272909,0.2240783,2.1346400,-9.5385485,0.8339843,-0.2623059,0.6238349,-0.7243764,0.1315465
gait_20260919_222452_andrew_slow_3,andrew_slow_3,2513740894853512,2026-09-19T22:25:04.019310Z,6.3275008,-7.8640547,-0.3959411,1.7449795,-4.8404241,-0.1744663,2.1849458,-9.5016623,1.0865314,-0.2934462,0.5990797,-0.7251324,0.1708098
gait_20260919_222452_andrew_slow_3,andrew_slow_3,2513740915037757,2026-09-19T22:25:04.039179Z,5.2628293,-8.4583406,0.7886650,1.0825205,-5.2650485,-0.1968825,2.5269079,-9.4103394,1.1385885,-0.3343008,0.5749106,-0.7203786,0.1969150
gait_20260919_222452_andrew_slow_3,andrew_slow_3,2513740935181271,2026-09-19T22:25:04.059692Z,5.3943610,-9.8570776,1.9604771,0.5424177,-5.6601295,-0.1286847,2.8975382,-9.3134136,1.0491449,-0.3781406,0.5512193,-0.7098922,0.2218561
gait_20260919_222452_andrew_slow_3,andrew_slow_3,2513740955375648,2026-09-19T22:25:04.079496Z,6.0906248,-11.1399965,3.5830724,0.0968091,-5.4713240,-0.1010392,3.0315819,-9.2940111,0.8166918,-0.4168662,0.5335597,-0.6909639,0.2531907
gait_20260919_222452_andrew_slow_3,andrew_slow_3,2513740975518429,2026-09-19T22:25:04.099613Z,6.4273839,-11.8844433,5.7045598,0.0310096,-5.2991061,-0.2329382,3.1237974,-9.2861414,0.4955802,-0.4540950,0.5180871,-0.6680418,0.2812540
gait_20260919_222452_andrew_slow_3,andrew_slow_3,2513740995713538,2026-09-19T22:25:04.120383Z,5.2749500,-11.7612915,6.6963577,0.2327383,-5.1532178,-0.3533792,3.1992626,-9.2722692,0.1608522,-0.4901742,0.5012453,-0.6435486,0.3071280
gait_20260919_222452_andrew_slow_3,andrew_slow_3,2513741015884925,2026-09-19T22:25:04.140257Z,3.8278048,-10.7514620,7.3709989,0.5007829,-4.5669503,-0.2878461,3.2680058,-9.2486811,-0.1348555,-0.5242329,0.4812620,-0.6193200,0.3316769
gait_20260919_222452_andrew_slow_3,andrew_slow_3,2513741036052243,2026-09-19T22:25:04.160810Z,2.3576901,-9.8695726,7.9279499,0.8207211,-3.5130746,-0.1738335,3.3008261,-9.2314301,-0.3483725,-0.5523369,0.4605439,-0.5975760,0.3545790
gait_20260919_222452_andrew_slow_3,andrew_slow_3,2513741056199459,2026-09-19T22:25:04.181749Z,1.0893618,-8.8118591,7.4042931,1.1944014,-2.8439207,-0.0144889,3.3057003,-9.2259912,-0.4353387,-0.5714288,0.4415549,-0.5816568,0.3743978
gait_20260919_222452_andrew_slow_3,andrew_slow_3,2513741076388669,2026-09-19T22:25:04.200807Z,0.4645500,-7.3548379,6.2749033,1.3827738,-2.9314203,0.1367286,3.2855904,-9.2348394,-0.3984275,-0.5831940,0.4235768,-0.5706042,0.3935458
gait_20260919_222452_andrew_slow_3,andrew_slow_3,2513741096532752,2026-09-19T22:25:04.220643Z,0.4705355,-6.4515505,4.5995607,1.3005867,-3.4877939,0.2246778,3.0281668,-9.3219938,0.4082941,-0.5669059,0.3967914,-0.5758215,0.4354354
gait_20260919_222452_andrew_slow_3,andrew_slow_3,2513741116727495,2026-09-19T22:25:04.240716Z,0.8437316,-6.3653593,3.4280479,0.9408624,-4.0144906,0.2270260,3.0148747,-9.3242712,0.4523389,-0.5796206,0.3749287,-0.5601810,0.4578929
gait_20260919_222452_andrew_slow_3,andrew_slow_3,2513741136896644,2026-09-19T22:25:04.261199Z,1.3645453,-7.2960305,3.2044146,0.5019320,-4.1282368,0.1736836,3.0048935,-9.3300734,0.3955665,-0.5963412,0.3517887,-0.5388759,0.4798279
gait_20260919_222452_andrew_slow_3,andrew_slow_3,2513741157082598,2026-09-19T22:25:04.281595Z,1.9907787,-8.8574238,3.5400517,0.1324152,-3.5403371,-0.0231989,2.9970391,-9.3377733,0.2446768,-0.6151874,0.3294930,-0.5143561,0.4984142
gait_20260919_222452_andrew_slow_3,andrew_slow_3,2513741177235674,2026-09-19T22:25:04.301624Z,2.2518964,-9.9528465,4.0162735,0.0427672,-2.5470481,-0.2929255,2.8774991,-9.3609915,0.5726827,-0.6139452,0.3063901,-0.5024328,0.5260775
gait_20260919_222452_andrew_slow_3,andrew_slow_3,2513741197404619,2026-09-19T22:25:04.321529Z,2.0914848,-9.9552402,4.0648308,0.2415649,-1.5127908,-0.5784068,2.9553874,-9.3445930,0.4246967,-0.6281422,0.2895487,-0.4868272,0.5334774
gait_20260919_222452_andrew_slow_3,andrew_slow_3,2513741217568030,2026-09-19T22:25:04.341796Z,1.3779379,-9.1425581,3.8915503,0.5623191,-0.5141893,-0.7832997,3.0729065,-9.3088722,0.3718525,-0.6366581,0.2753367,-0.4796376,0.5374050
gait_20260919_222452_andrew_slow_3,andrew_slow_3,2513741237716346,2026-09-19T22:25:04.362189Z,0.6206968,-8.7472162,3.4944870,0.8848553,0.2213470,-0.7691939,3.1219540,-9.2783566,0.6337020,-0.6311653,0.2642084,-0.4833738,0.5460533
gait_20260919_222452_andrew_slow_3,andrew_slow_3,2513741257928463,2026-09-19T22:25:04.382287Z,0.8391677,-9.5120134,2.7000611,1.0298442,0.5821372,-0.6239552,3.2065027,-9.2295418,0.8775110,-0.6248606,0.2558608,-0.4906365,0.5507814
gait_20260919_222452_andrew_slow_3,andrew_slow_3,2513741278078326,2026-09-19T22:25:04.402627Z,1.3315502,-10.6417780,2.1361516,0.9352000,0.7275591,-0.5606870,3.0586026,-9.2336044,1.2734301,-0.6091190,0.2554202,-0.4980315,0.5618712
gait_20260919_222452_andrew_slow_3,andrew_slow_3,2513741298249834,2026-09-19T22:25:04.422527Z,1.4499136,-11.0843306,1.7934816,0.7304403,0.5445494,-0.5218501,3.1405075,-9.1723490,1.4971124,-0.6019107,0.2500267,-0.5070133,0.5640283
gait_20260919_222452_andrew_slow_3,andrew_slow_3,2513741318441973,2026-09-19T22:25:04.442852Z,1.1168951,-10.3047934,1.6493806,0.5820373,0.1949673,-0.4191455,3.2178154,-9.1152754,1.6713886,-0.5965154,0.2450501,-0.5142579,0.5653838
gait_20260919_222452_andrew_slow_3,andrew_slow_3,2513741338585812,2026-09-19T22:25:04.462915Z,0.7495348,-8.9017916,1.4983962,0.6104156,-0.1397929,-0.2669288,3.2817130,-9.0695982,1.7913308,-0.5935910,0.2395739,-0.5181004,0.5672972
gait_20260919_222452_andrew_slow_3,andrew_slow_3,2513741358755409,2026-09-19T22:25:04.483074Z,1.1150994,-8.8892965,0.9974843,0.7745231,-0.4175467,-0.1051194,3.3312566,-9.0313292,1.8904885,-0.5919049,0.2331384,-0.5192275,0.5706996
gait_20260919_222452_andrew_slow_3,andrew_slow_3,2513741378926022,2026-09-19T22:25:04.503289Z,2.0446482,-10.6396828,0.5427356,0.8689342,-0.6063187,0.0139726,3.3638051,-8.9955873,2.0000806,-0.5903838,0.2249656,-0.5179566,0.5766789
gait_20260919_222452_andrew_slow_3,andrew_slow_3,2513741399092608,2026-09-19T22:25:04.523289Z,2.9051392,-13.0076227,0.6657377,0.9413120,-0.7849818,0.1117144,3.3861291,-8.9605045,2.1165144,-0.5887997,0.2158970,-0.5152740,0.5841200
gait_20260919_222452_andrew_slow_3,andrew_slow_3,2513741419264198,2026-09-19T22:25:04.543501Z,3.6704609,-14.4986124,1.5352070,1.3219204,-0.6529830,0.2343038,3.4004302,-8.9275331,2.2298768,-0.5874868,0.2060814,-0.5110283,0.5926549
gait_20260919_222452_andrew_slow_3,andrew_slow_3,2513741439407142,2026-09-19T22:25:04.563580Z,4.6511111,-12.3979244,-0.1705869,2.5098934,0.5579225,0.4501384,3.3931835,-8.8848696,2.4044769,-0.5835587,0.1956230,-0.5069744,0.6034633
gait_20260919_222452_andrew_slow_3,andrew_slow_3,2513741459577145,2026-09-19T22:25:04.583766Z,5.7576060,-8.9089737,-10.0770454,2.2925100,0.1740666,0.2532893,3.2883246,-8.7859077,2.8689518,-0.5656654,0.1875540,-0.5105614,0.6198171
gait_20260919_222452_andrew_slow_3,andrew_slow_3,2513741479744178,2026-09-19T22:25:04.604476Z,3.5844193,-7.4237461,-6.2732573,0.1863072,-1.4391472,0.1057190,3.2094064,-8.6496525,3.3345666,-0.5474149,0.1782422,-0.5148618,0.6352038
gait_20260919_222452_andrew_slow_3,andrew_slow_3,2513741499914792,2026-09-19T22:25:04.624002Z,2.9324481,-7.2972274,-0.2383727,-1.3786435,-1.3577262,0.3166240,3.3105173,-8.6499405,3.2334402,-0.5559216,0.1660604,-0.5036066,0.6401216
gait_20260919_222452_andrew_slow_3,andrew_slow_3,2513741520108476,2026-09-19T22:25:04.644316Z,3.5297267,-7.6913729,1.3937994,-1.8598582,-0.9137498,0.3141593,3.3467143,-8.7564068,2.8915324,-0.5719237,0.1644790,-0.4901048,0.6369044
gait_20260919_222452_andrew_slow_3,andrew_slow_3,2513741540275754,2026-09-19T22:25:04.664519Z,4.2898107,-8.8334818,1.7153707,-1.6961002,-0.2957567,0.2483264,3.3399570,-8.8817739,2.4889545,-0.5884389,0.1686545,-0.4782953,0.6297055
gait_20260919_222452_andrew_slow_3,andrew_slow_3,2513741560447465,2026-09-19T22:25:04.685162Z,4.9166427,-9.5701475,1.6905309,-1.4115517,-0.0488959,0.1650069,3.3185661,-8.9774952,2.1512351,-0.6008762,0.1753317,-0.4709413,0.6216276
gait_20260919_222452_andrew_slow_3,andrew_slow_3,2513741580617835,2026-09-19T22:25:04.706024Z,4.5896096,-9.2683287,2.7704654,-1.0813214,-0.2756887,-0.0192686,3.2877438,-9.0473452,1.8900775,-0.6098186,0.1821523,-0.4663409,0.6143843
gait_20260919_222452_andrew_slow_3,andrew_slow_3,2513741600783322,2026-09-19T22:25:04.725322Z,3.8249617,-8.7573166,2.8533647,-0.5643508,-0.6296842,-0.1141292,3.2981150,-9.0864277,1.6719488,-0.6180035,0.1850652,-0.4621786,0.6084518
gait_20260919_222452_andrew_slow_3,andrew_slow_3,2513741620946367,2026-09-19T22:25:04.745214Z,3.3859248,-8.3843451,2.5241621,-0.2198149,-0.3910170,-0.1539487,3.3788526,-9.0646420,1.6284256,-0.6214470,0.1793377,-0.4601617,0.6081882
gait_20260919_222452_andrew_slow_3,andrew_slow_3,2513741641119829,2026-09-19T22:25:04.765417Z,3.1447091,-8.6428432,2.3671174,-0.0470806,0.1692203,-0.1868735,3.4206557,-9.0610561,1.5596519,-0.6253323,0.1756377,-0.4570358,0.6076423
gait_20260919_222452_andrew_slow_3,andrew_slow_3,2513741661290239,2026-09-19T22:25:04.785723Z,3.2063599,-9.3612537,2.1022587,0.0312927,0.6418082,-0.1803451,3.4507813,-9.0493736,1.5611002,-0.6256279,0.1742907,-0.4579222,0.6070583
gait_20260919_222452_andrew_slow_3,andrew_slow_3,2513741681459510,2026-09-19T22:25:04.806384Z,3.1125371,-9.4050980,1.7238252,0.0131899,0.8990777,-0.1588283,3.4642956,-9.0353813,1.6114208,-0.6230952,0.1758264,-0.4621974,0.6059794
gait_20260919_222452_andrew_slow_3,andrew_slow_3,2513741701602943,2026-09-19T22:25:04.826484Z,2.7328317,-8.9603748,1.4440029,0.0032642,0.8337611,-0.0705126,3.4633319,-9.0235949,1.6781456,-0.6193013,0.1792711,-0.4679991,0.6044043
gait_20260919_222452_andrew_slow_3,andrew_slow_3,2513741721795814,2026-09-19T22:25:04.846072Z,2.9966426,-8.7442980,1.2933178,0.0423176,0.5287448,0.0739933,3.4488211,-9.0178099,1.7380621,-0.6156719,0.1829791,-0.4729494,0.6031464
gait_20260919_222452_andrew_slow_3,andrew_slow_3,2513741741965614,2026-09-19T22:25:04.866659Z,3.4152539,-8.8708916,1.1929858,0.1234887,0.0869667,0.1728842,3.4164703,-9.0212336,1.7835944,-0.6129246,0.1856827,-0.4752224,0.6033317
gait_20260919_222452_andrew_slow_3,andrew_slow_3,2513741762135535,2026-09-19T22:25:04.887031Z,3.8789060,-9.0008516,1.1244518,0.2221464,-0.3065151,0.2791694,3.3817835,-9.0285358,1.8125118,-0.6116632,0.1858383,-0.4742022,0.6053631
gait_20260919_222452_andrew_slow_3,andrew_slow_3,2513741782305580,2026-09-19T22:25:04.906367Z,4.3960538,-8.9564095,1.0999112,0.3438365,-0.5552745,0.3204544,3.3454943,-9.0388727,1.8282707,-0.6115944,0.1837960,-0.4702937,0.6090937
gait_20260919_222452_andrew_slow_3,andrew_slow_3,2513741802498288,2026-09-19T22:25:04.926969Z,4.7077489,-9.0111771,1.0853964,0.4859776,-0.6878062,0.3173402,3.3369689,-9.0415335,1.8306949,-0.6122710,0.1795520,-0.4647090,0.6139471
gait_20260919_222452_andrew_slow_3,andrew_slow_3,2513741822643755,2026-09-19T22:25:04.947440Z,5.1031661,-9.3239937,1.0390835,0.6377779,-0.7327552,0.3378911,3.3313806,-9.0385952,1.8552041,-0.6129551,0.1735063,-0.4588070,0.6194173
gait_20260919_222452_andrew_slow_3,andrew_slow_3,2513741842809445,2026-09-19T22:25:04.967806Z,5.4570589,-9.5449343,0.9607483,0.7774543,-0.7023951,0.3137929,3.3000050,-9.0367136,1.9193468,-0.6121241,0.1671018,-0.4523802,0.6266844
gait_20260919_222452_andrew_slow_3,andrew_slow_3,2513741862978716,2026-09-19T22:25:04.987806Z,5.3371992,-9.2456589,0.7258172,0.8384408,-0.5811546,0.2224962,3.2706587,-9.0271311,2.0124159,-0.6100782,0.1604852,-0.4467216,0.6344202
gait_20260919_222452_andrew_slow_3,andrew_slow_3,2513741883148068,2026-09-19T22:25:05.008822Z,4.6110082,-8.6505499,0.4813842,0.7530729,-0.4016089,0.0980415,3.2552769,-9.0067797,2.1253717,-0.6072329,0.1533810,-0.4420866,0.6421075
gait_20260919_222452_andrew_slow_3,andrew_slow_3,2513741903318072,2026-09-19T22:25:05.028026Z,3.9664440,-8.1842041,0.3277064,0.5327917,-0.2433302,0.0354728,3.5735977,-8.9426336,1.8694421,-0.6187182,0.1405636,-0.4386550,0.6364052
gait_20260919_222452_andrew_slow_3,andrew_slow_3,2513741923487057,2026-09-19T22:25:05.048012Z,3.7315879,-8.0470619,0.2867805,0.2447125,-0.1703694,-0.0101922,3.5791516,-8.9239130,1.9466838,-0.6166149,0.1357670,-0.4366593,0.6408448
gait_20260919_222452_andrew_slow_3,andrew_slow_3,2513741943630694,2026-09-19T22:25:05.069026Z,3.7079451,-8.3322706,0.4091092,-0.0653832,-0.1463878,-0.0795391,3.5872896,-8.9131327,1.9807953,-0.6159135,0.1325797,-0.4350721,0.6432616
gait_20260919_222452_andrew_slow_3,andrew_slow_3,2513741963824134,2026-09-19T22:25:05.088718Z,3.7438581,-8.8405895,0.6890812,-0.3669688,-0.0671485,-0.1366453,3.6080496,-8.9101830,1.9561995,-0.6173456,0.1306485,-0.4337500,0.6431767
gait_20260919_222452_andrew_slow_3,andrew_slow_3,2513741983993975,2026-09-19T22:25:05.108104Z,3.6507835,-9.2387009,1.1322329,-0.5841523,0.1250375,-0.1525831,3.6388674,-8.9164648,1.8685257,-0.6213148,0.1301712,-0.4324047,0.6403513
gait_20260919_222452_andrew_slow_3,andrew_slow_3,2513742004162798,2026-09-19T22:25:05.128328Z,3.6026001,-9.3575878,1.4933833,-0.6158447,0.3173568,-0.1297839,3.6631501,-8.9264421,1.7708983,-0.6250305,0.1315613,-0.4324280,0.6364233
gait_20260919_222452_andrew_slow_3,andrew_slow_3,2513742024348467,2026-09-19T22:25:05.148718Z,3.5690813,-9.3094044,1.6696564,-0.4815976,0.3873365,-0.0883656,3.6761701,-8.9385443,1.6805741,-0.6280624,0.1346368,-0.4335718,0.6320016
gait_20260919_222452_andrew_slow_3,andrew_slow_3,2513742044475990,2026-09-19T22:25:05.168599Z,3.4404678,-9.1802673,1.7789667,-0.2577025,0.2764215,-0.0301269,3.6794980,-8.9483709,1.6199045,-0.6298141,0.1379512,-0.4351797,0.6284285
gait_20260919_222452_andrew_slow_3,andrew_slow_3,2513742064645911,2026-09-19T22:25:05.189545Z,3.3565211,-9.0021982,1.8373253,0.0025147,-0.0283116,0.0233987,3.6759651,-8.9547606,1.5923747,-0.6304688,0.1400851,-0.4361716,0.6266096
gait_20260919_222452_andrew_slow_3,andrew_slow_3,2513742084847897,2026-09-19T22:25:05.209892Z,3.3137996,-8.8497181,1.6490812,0.2106885,-0.3378411,0.0665657,3.6717143,-8.9568787,1.5902749,-0.6306997,0.1394916,-0.4352286,0.6271651
gait_20260919_222452_andrew_slow_3,andrew_slow_3,2513742105007605,2026-09-19T22:25:05.229763Z,3.5701289,-8.9516211,1.3881881,0.2981882,-0.4909072,0.1055524,3.6707125,-8.9549704,1.6032703,-0.6309269,0.1361066,-0.4322260,0.6297514
gait_20260919_222452_andrew_slow_3,andrew_slow_3,2513742125175941,2026-09-19T22:25:05.249412Z,3.8358104,-8.9961376,1.1474960,0.2531061,-0.4448425,0.1472372,3.6680486,-8.9528017,1.6213815,-0.6311712,0.1315619,-0.4280930,0.6332857
gait_20260919_222452_andrew_slow_3,andrew_slow_3,2513742145343950,2026-09-19T22:25:05.269971Z,4.0144777,-8.8946838,1.0416274,0.1712188,-0.2837825,0.1678714,3.6570544,-8.9549570,1.6342623,-0.6314550,0.1277107,-0.4238683,0.6366242
gait_20260919_222452_andrew_slow_3,andrew_slow_3,2513742165513791,2026-09-19T22:25:05.289982Z,4.1008935,-8.7071133,0.9923966,0.1277188,-0.1280852,0.1700364,3.6375735,-8.9614077,1.6423590,-0.6316224,0.1253243,-0.4203335,0.6392705
gait_20260919_222452_andrew_slow_3,andrew_slow_3,2513742185662391,2026-09-19T22:25:05.309944Z,4.1308956,-8.5829134,0.9672575,0.0948939,0.0606535,0.1668721,3.6127107,-8.9693699,1.6537348,-0.6313847,0.1242698,-0.4178436,0.6413401
gait_20260919_222452_andrew_slow_3,andrew_slow_3,2513742205852780,2026-09-19T22:25:05.330479Z,4.2197804,-8.6200237,0.9038112,0.0572561,0.2834328,0.1715685,3.5826197,-8.9778938,1.6728376,-0.6304912,0.1249183,-0.4169292,0.6426868
gait_20260919_222452_andrew_slow_3,andrew_slow_3,2513742226021440,2026-09-19T22:25:05.350298Z,4.3073187,-8.8506155,0.8444799,0.0141059,0.5028313,0.1814443,3.5503356,-8.9865007,1.6952938,-0.6292856,0.1265130,-0.4169065,0.6435705
gait_20260919_222452_andrew_slow_3,andrew_slow_3,2513742246189898,2026-09-19T22:25:05.371332Z,4.2983403,-8.8640833,0.7707833,-0.0183859,0.6430239,0.1816108,3.5293882,-8.9935884,1.7014375,-0.6285648,0.1291879,-0.4182165,0.6428934
gait_20260919_222452_andrew_slow_3,andrew_slow_3,2513742266359250,2026-09-19T22:25:05.391167Z,4.1054573,-8.7723551,0.7088333,-0.0357892,0.6852582,0.1961997,3.5234246,-8.9989815,1.6852114,-0.6286853,0.1323701,-0.4203213,0.6407518
gait_20260919_222452_andrew_slow_3,andrew_slow_3,2513742286526812,2026-09-19T22:25:05.410984Z,4.0129814,-8.7725792,0.6254852,-0.0508943,0.6664560,0.2476602,3.4891384,-9.0109119,1.6927824,-0.6273659,0.1374878,-0.4231806,0.6390831
gait_20260919_222452_andrew_slow_3,andrew_slow_3,2513742306697425,2026-09-19T22:25:05.431728Z,4.0800939,-8.9469824,0.5920412,-0.0579556,0.6307001,0.3299805,3.4478877,-9.0275726,1.6885251,-0.6266038,0.1422103,-0.4247348,0.6377651
gait_20260919_222452_andrew_slow_3,andrew_slow_3,2513742326864825,2026-09-19T22:25:05.451148Z,4.3163714,-9.2000942,0.5903203,-0.0558739,0.6181930,0.4204611,3.4432201,-9.0446358,1.6046526,-0.6291685,0.1465151,-0.4255997,0.6336760
gait_20260919_222452_andrew_slow_3,andrew_slow_3,2513742347025672,2026-09-19T22:25:05.471214Z,4.6286654,-9.3251915,0.6560113,-0.0410019,0.6015224,0.5157381,3.3610723,-9.0730019,1.6186264,-0.6272752,0.1522842,-0.4260550,0.6338868
gait_20260919_222452_andrew_slow_3,andrew_slow_3,2513742367179278,2026-09-19T22:25:05.492917Z,4.9756002,-9.2341366,0.7119009,-0.0138227,0.5099592,0.5851183,3.2532895,-9.1072807,1.6461129,-0.6244358,0.1591312,-0.4263020,0.6348415
gait_20260919_222452_andrew_slow_3,andrew_slow_3,2513742387347775,2026-09-19T22:25:05.511582Z,5.4046111,-9.3805571,0.8075942,0.0103754,0.2773042,0.6276190,3.1325972,-9.1443987,1.6741989,-0.6216380,0.1654609,-0.4252063,0.6367013
gait_20260919_222452_andrew_slow_3,andrew_slow_3,2513742407542234,2026-09-19T22:25:05.531702Z,6.0422168,-9.7931080,0.9319430,0.0449489,-0.1226394,0.6781636,3.0078576,-9.1825075,1.6942378,-0.6192759,0.1711424,-0.4230059,0.6389630
gait_20260919_222452_andrew_slow_3,andrew_slow_3,2513742427711341,2026-09-19T22:25:05.552321Z,6.9061494,-10.1544075,0.9694272,0.0904640,-0.5629519,0.6832597,2.8868957,-9.2208786,1.6962715,-0.6182435,0.1745247,-0.4181479,0.6422372
gait_20260919_222452_andrew_slow_3,andrew_slow_3,2513742447879595,2026-09-19T22:25:05.572235Z,7.7144918,-9.9305506,0.9593267,0.1703361,-0.9487396,0.4760185,2.7779050,-9.2570305,1.6812997,-0.6187553,0.1748638,-0.4104142,0.6466257
gait_20260919_222452_andrew_slow_3,andrew_slow_3,2513742468026364,2026-09-19T22:25:05.592111Z,7.5106106,-9.2325659,0.6316952,0.2444127,-1.0814213,-0.0080438,2.7153227,-9.2794857,1.6596006,-0.6208268,0.1706186,-0.4008870,0.6517308
gait_20260919_222452_andrew_slow_3,andrew_slow_3,2513742488216998,2026-09-19T22:25:05.613220Z,6.2826099,-8.4100828,0.1413327,0.2516405,-0.9412621,-0.5150220,2.7480526,-9.2725754,1.6442763,-0.6237985,0.1618261,-0.3934792,0.6556385
gait_20260919_222452_andrew_slow_3,andrew_slow_3,2513742508387936,2026-09-19T22:25:05.632310Z,4.5079079,-8.3290539,-2.3801358,0.0760417,0.1191753,-0.9490894,2.8830407,-9.2334785,1.6331210,-0.6271519,0.1500584,-0.3902991,0.6571375
gait_20260919_222452_andrew_slow_3,andrew_slow_3,2513742528554075,2026-09-19T22:25:05.653074Z,3.6192100,-9.1145763,-4.8076320,-0.7231625,2.9215946,-1.3248681,3.3309786,-9.1668968,1.0529585,-0.6498330,0.1385175,-0.3909480,0.6369377
gait_20260919_222452_andrew_slow_3,andrew_slow_3,2513742548724769,2026-09-19T22:25:05.673343Z,3.3546507,-10.2135897,-4.7417164,-2.0837531,3.3094640,-1.7614836,3.5079699,-9.0913801,1.1300663,-0.6444911,0.1497681,-0.4158407,0.6239209
gait_20260919_222452_andrew_slow_3,andrew_slow_3,2513742568867429,2026-09-19T22:25:05.693558Z,3.2522237,-10.8457336,-1.2357821,-3.1103332,1.8999773,-2.3721156,3.7444787,-9.0092592,1.0238329,-0.6442246,0.1689235,-0.4460337,0.5979077
gait_20260919_222452_andrew_slow_3,andrew_slow_3,2513742589064369,2026-09-19T22:25:05.714711Z,1.3619267,-11.8898296,0.4942530,-3.4578168,0.8566935,-2.6248553,4.1296139,-8.8769379,0.6183676,-0.6573648,0.1799482,-0.4673431,0.5630991
gait_20260919_222452_andrew_slow_3,andrew_slow_3,2513742609205564,2026-09-19T22:25:05.733658Z,0.0224456,-13.5581398,2.3033717,-2.7276931,0.9234257,-2.2309239,4.5936356,-8.6676893,0.0763085,-0.6773096,0.1833484,-0.4812105,0.5254250
gait_20260919_222452_andrew_slow_3,andrew_slow_3,2513742629401527,2026-09-19T22:25:05.754272Z,-0.7496844,-12.8198280,2.5989807,-1.3300141,1.0581392,-1.6758825,4.9872212,-8.4407101,-0.3437566,-0.6924031,0.1859577,-0.4930328,0.4928655
gait_20260919_222452_andrew_slow_3,andrew_slow_3,2513742649568112,2026-09-19T22:25:05.774413Z,1.1627591,-11.4314156,1.5540614,-0.4930888,0.4361325,-1.0966762,5.2839990,-8.2525406,-0.4593900,-0.6968769,0.1856963,-0.5061119,0.4730014
gait_20260919_222452_andrew_slow_3,andrew_slow_3,2513742669737261,2026-09-19T22:25:05.794520Z,3.2419736,-10.9415016,0.3839701,-0.4748694,0.1707858,-0.8815745,5.4703240,-8.1287394,-0.4850576,-0.6986784,0.1826453,-0.5138189,0.4631193
gait_20260919_222452_andrew_slow_3,andrew_slow_3,2513742689906572,2026-09-19T22:25:05.814303Z,3.9869444,-10.2123175,1.0165631,-0.8657033,0.3485163,-0.8377247,5.6117392,-8.0283747,-0.5382391,-0.7015543,0.1791424,-0.5178305,0.4556109
gait_20260919_222452_andrew_slow_3,andrew_slow_3,2513742710050778,2026-09-19T22:25:05.834429Z,4.2532992,-9.3031940,2.7219830,-0.8272994,0.1751158,-0.7579192,5.7493253,-7.9233551,-0.6339049,-0.7050605,0.1792447,-0.5225389,0.4446507
gait_20260919_222452_andrew_slow_3,andrew_slow_3,2513742730243608,2026-09-19T22:25:05.854422Z,4.5281086,-8.2966566,3.0229790,-0.2116545,0.0016154,-0.6248711,5.8715601,-7.8236504,-0.7425438,-0.7090161,0.1794234,-0.5259514,0.4341414
gait_20260919_222452_andrew_slow_3,andrew_slow_3,2513742750420326,2026-09-19T22:25:05.874443Z,4.8023195,-7.3748145,2.1719899,0.4418614,0.2260601,-0.5706794,5.8829155,-7.8405290,-0.3917974,-0.6980570,0.1775782,-0.5362036,0.4400775
gait_20260919_222452_andrew_slow_3,andrew_slow_3,2513742770581336,2026-09-19T22:25:05.895173Z,5.1953430,-6.7078800,0.4631284,0.7386007,0.5710957,-0.6605105,5.9716597,-7.7773528,-0.2969456,-0.6962215,0.1711953,-0.5402623,0.4405503
gait_20260919_222452_andrew_slow_3,andrew_slow_3,2513742790751584,2026-09-19T22:25:05.914965Z,5.5278378,-6.5329533,-1.1542296,0.5120077,0.4956036,-0.8443030,6.0745072,-7.7022386,-0.1095417,-0.6911173,0.1639215,-0.5476396,0.4422415
gait_20260919_222452_andrew_slow_3,andrew_slow_3,2513742810919308,2026-09-19T22:25:05.935334Z,5.2861729,-6.8712840,-0.6326678,0.1116145,-0.2737569,-0.9211941,6.2033010,-7.5995474,0.0454908,-0.6871216,0.1565542,-0.5554864,0.4413499
gait_20260919_222452_andrew_slow_3,andrew_slow_3,2513742831090085,2026-09-19T22:25:05.955412Z,5.0371013,-7.5903678,0.0544681,0.0909969,-0.9663262,-0.8804587,6.3450818,-7.4816175,0.0380701,-0.6893867,0.1475750,-0.5577704,0.4380180
gait_20260919_222452_andrew_slow_3,andrew_slow_3,2513742851236935,2026-09-19T22:25:05.976037Z,3.4019361,-8.0800562,-0.0018705,0.2758053,-1.0216337,-0.7880461,6.4752064,-7.3689709,-0.0780124,-0.6960248,0.1358878,-0.5543534,0.4356333
gait_20260919_222452_andrew_slow_3,andrew_slow_3,2513742871402341,2026-09-19T22:25:05.996254Z,2.3495350,-7.8582935,0.0963666,0.3319623,-0.6745664,-0.6249877,6.5895944,-7.2650828,-0.1787400,-0.7020067,0.1232044,-0.5500998,0.4351982
gait_20260919_222452_andrew_slow_3,andrew_slow_3,2513742891597775,2026-09-19T22:25:06.015692Z,1.9837457,-7.5578213,0.0089034,0.2426974,-0.3423377,-0.4873099,6.6771321,-7.1834545,-0.2236040,-0.7053274,0.1129379,-0.5476685,0.4356805
gait_20260919_222452_andrew_slow_3,andrew_slow_3,2513742911764646,2026-09-19T22:25:06.036036Z,2.1460278,-7.3955393,-0.1259949,0.0960597,-0.0524931,-0.3376246,6.7448349,-7.1195989,-0.2337243,-0.7068104,0.1056811,-0.5470291,0.4359012
gait_20260919_222452_andrew_slow_3,andrew_slow_3,2513742931933509,2026-09-19T22:25:06.056750Z,3.0168438,-7.1890397,-0.4983681,-0.0181028,0.1555808,-0.0985412,6.7932000,-7.0736341,-0.2285659,-0.7072462,0.1015217,-0.5475978,0.4354687
gait_20260919_222452_andrew_slow_3,andrew_slow_3,2513742952103106,2026-09-19T22:25:06.076245Z,4.1772084,-7.0997057,-0.9605238,-0.0516271,0.0539920,0.1175932,6.8086858,-7.0593467,-0.2086912,-0.7066731,0.1007145,-0.5486467,0.4352660
gait_20260919_222452_andrew_slow_3,andrew_slow_3,2513742972246823,2026-09-19T22:25:06.097309Z,5.4553380,-6.9903207,-1.0521020,-0.0478800,-0.2339707,0.2639477,6.7924504,-7.0750542,-0.2058191,-0.7064901,0.1014188,-0.5481537,0.4360203
gait_20260919_222452_andrew_slow_3,andrew_slow_3,2513742992442584,2026-09-19T22:25:06.116923Z,6.4905310,-7.0494275,-1.0805331,-0.0098758,-0.5185693,0.3683011,6.7536197,-7.1109681,-0.2426881,-0.7078095,0.1015282,-0.5447055,0.4381709
gait_20260919_222452_andrew_slow_3,andrew_slow_3,2513743012609901,2026-09-19T22:25:06.137336Z,7.4105778,-6.9902458,-1.0340707,0.0024648,-0.6757655,0.4187624,6.6981788,-7.1604104,-0.3147580,-0.7104577,0.1010840,-0.5388433,0.4412253
gait_20260919_222452_andrew_slow_3,andrew_slow_3,2513743032779457,2026-09-19T22:25:06.156991Z,7.8005338,-6.6401687,-1.1240777,0.0336076,-0.8465846,0.3796924,6.6324029,-7.2168446,-0.4055869,-0.7138376,0.1001100,-0.5314997,0.4448842
gait_20260919_222452_andrew_slow_3,andrew_slow_3,2513743052922401,2026-09-19T22:25:06.177602Z,7.2354274,-6.5114055,-1.0586860,0.0922793,-1.1582291,0.3198715,6.5796604,-7.2577934,-0.5183048,-0.7181430,0.0975471,-0.5233598,0.4481628
gait_20260919_222452_andrew_slow_3,andrew_slow_3,2513743073117917,2026-09-19T22:25:06.197297Z,6.9101896,-6.8160677,-1.0015993,0.1413583,-1.1698703,0.3341106,6.5428300,-7.2787833,-0.6684578,-0.7244968,0.0913003,-0.5138791,0.4502188
gait_20260919_222452_andrew_slow_3,andrew_slow_3,2513743093286252,2026-09-19T22:25:06.217718Z,7.3736176,-6.9867296,-1.6529719,0.1910036,-0.8621393,0.2473105,6.4770985,-7.3234987,-0.8060253,-0.7298682,0.0865960,-0.5031418,0.4545787
gait_20260919_222452_andrew_slow_3,andrew_slow_3,2513743113454994,2026-09-19T22:25:06.237789Z,7.7913308,-7.4377370,-2.1119103,0.2078574,-0.4286216,0.0713453,6.4235945,-7.3599954,-0.8966688,-0.7335305,0.0822362,-0.4947081,0.4587310
gait_20260919_222452_andrew_slow_3,andrew_slow_3,2513743133622556,2026-09-19T22:25:06.258323Z,7.5652285,-7.6987801,-1.1335049,0.2760052,-0.1670720,-0.0806882,6.4036231,-7.3739638,-0.9243384,-0.7348765,0.0786744,-0.4905056,0.4617047
gait_20260919_222452_andrew_slow_3,andrew_slow_3,2513743153793780,2026-09-19T22:25:06.277840Z,5.8993878,-7.3950157,-0.4424784,0.3358260,0.1134464,-0.0999234,6.4123359,-7.3685923,-0.9066085,-0.7346863,0.0746930,-0.4889914,0.4642678
gait_20260919_222452_andrew_slow_3,andrew_slow_3,2513743173960609,2026-09-19T22:25:06.298241Z,4.3864770,-6.8403091,-0.3786580,0.4119676,0.4838126,0.0447157,6.4303508,-7.3601174,-0.8458027,-0.7329301,0.0712864,-0.4895199,0.4670142
gait_20260919_222452_andrew_slow_3,andrew_slow_3,2513743194130613,2026-09-19T22:25:06.318206Z,3.3349733,-6.5821095,-0.5610662,0.5540421,0.7520071,0.4012259,6.4336057,-7.3700957,-0.7256150,-0.7288629,0.0703165,-0.4921972,0.4706978
gait_20260919_222452_andrew_slow_3,andrew_slow_3,2513743214326942,2026-09-19T22:25:06.338853Z,3.1549592,-7.3834186,-0.9228899,0.6986480,0.8763451,0.8899680,6.3878202,-7.4250388,-0.5483320,-0.7224519,0.0725429,-0.4953693,0.4768753
gait_20260919_222452_andrew_slow_3,andrew_slow_3,2513743234466834,2026-09-19T22:25:06.358546Z,3.8160582,-10.8701248,-2.2162826,0.7729244,0.8473507,1.3379581,6.2645936,-7.5419436,-0.3317874,-0.7142062,0.0782470,-0.4970938,0.4865027
gait_20260919_222452_andrew_slow_3,andrew_slow_3,2513743254638466,2026-09-19T22:25:06.379097Z,6.5069165,-18.4025078,-9.3545198,0.4001434,0.5867004,1.6621597,6.0634613,-7.7109871,-0.1060726,-0.7051186,0.0869318,-0.4963906,0.4988459
gait_20260919_222452_andrew_slow_3,andrew_slow_3,2513743274806881,2026-09-19T22:25:06.399441Z,12.4534397,-21.3281479,-7.1540990,-0.7564703,-0.5580557,1.1886559,5.8006406,-7.9111567,0.0477525,-0.6980522,0.0983072,-0.4919510,0.5109236
gait_20260919_222452_andrew_slow_3,andrew_slow_3,2513743294952105,2026-09-19T22:25:06.419081Z,10.0028248,-13.2232504,4.1288757,0.0371049,-0.7817676,0.3225528,5.5882568,-8.0615711,-0.1364039,-0.7034289,0.1074168,-0.4797196,0.5133407
gait_20260919_222452_andrew_slow_3,andrew_slow_3,2513743315144609,2026-09-19T22:25:06.439519Z,5.8318262,-8.0185556,4.8674870,0.7349368,-1.3501821,0.1978817,5.5343714,-8.0961828,-0.2422028,-0.7076052,0.1050645,-0.4716276,0.5155810
gait_20260919_222452_andrew_slow_3,andrew_slow_3,2513743335317095,2026-09-19T22:25:06.461239Z,3.6896892,-4.1249104,2.8820951,0.2851149,-1.5712626,0.2103222,5.4998865,-8.1192741,-0.2545252,-0.7094967,0.0945461,-0.4614130,0.5241885
gait_20260919_222452_andrew_slow_3,andrew_slow_3,2513743355482012,2026-09-19T22:25:06.480014Z,1.9165585,-2.3800609,2.0479403,-0.2748061,-0.9772179,0.1305999,5.4555016,-8.1447058,-0.3706989,-0.7148757,0.0845441,-0.4481557,0.5300580
gait_20260919_222452_andrew_slow_3,andrew_slow_3,2513743375650754,2026-09-19T22:25:06.499840Z,0.5194669,-2.2255602,2.0939538,-0.3353097,-0.2913601,-0.0226660,5.4228759,-8.1580038,-0.5248876,-0.7208639,0.0801091,-0.4389156,0.5303686
gait_20260919_222452_andrew_slow_3,andrew_slow_3,2513743395820716,2026-09-19T22:25:06.520009Z,-0.6180781,-4.1546135,2.4862289,0.3761118,1.1608272,-0.0746095,5.4198470,-8.1533165,-0.6203241,-0.7244276,0.0787028,-0.4353573,0.5286536
gait_20260919_222452_andrew_slow_3,andrew_slow_3,2513743415987668,2026-09-19T22:25:06.540906Z,0.2608932,-8.2439842,1.4033015,1.0237322,2.0699971,0.4465578,5.4435205,-8.1482859,-0.4578692,-0.7184826,0.0812322,-0.4427098,0.5302756
gait_20260919_222452_andrew_slow_3,andrew_slow_3,2513743436181393,2026-09-19T22:25:06.562888Z,3.0088382,-12.3040266,0.6981342,0.9227595,1.9061893,1.1160614,5.3907900,-8.1959019,-0.0517268,-0.7030078,0.0895290,-0.4559109,0.5384328
gait_20260919_222452_andrew_slow_3,andrew_slow_3,2513743456327634,2026-09-19T22:25:06.581315Z,5.7365823,-15.0421705,0.9510218,0.3455852,1.1995974,1.1507515,5.1995621,-8.3124447,0.3223757,-0.6875591,0.1026107,-0.4637779,0.5492209
gait_20260919_222452_andrew_slow_3,andrew_slow_3,2513743476494219,2026-09-19T22:25:06.601202Z,5.8056397,-13.3110132,1.6371102,-0.1573627,0.0437665,0.5004998,4.9819822,-8.4347258,0.5209618,-0.6782128,0.1151399,-0.4652369,0.5570680
gait_20260919_222452_andrew_slow_3,andrew_slow_3,2513743496644813,2026-09-19T22:25:06.621289Z,3.4371009,-9.0363903,2.0687399,-0.2449956,-0.9400463,0.1060021,4.8843226,-8.4924393,0.5079032,-0.6779822,0.1194763,-0.4619649,0.5591547
gait_20260919_222452_andrew_slow_3,andrew_slow_3,2513743516809771,2026-09-19T22:25:06.641077Z,2.2310219,-6.6899233,2.0222025,-0.0106585,-1.2967563,0.1948507,4.6545124,-8.6107788,0.6527978,-0.6741375,0.1203592,-0.4541002,0.5699521
gait_20260919_222452_andrew_slow_3,andrew_slow_3,2513743537003375,2026-09-19T22:25:06.661302Z,2.1373487,-6.1883378,1.9474586,0.5722282,-0.6167774,0.3103622,4.6402917,-8.6273613,0.5219669,-0.6803444,0.1130272,-0.4431447,0.5726946
gait_20260919_222452_andrew_slow_3,andrew_slow_3,2513743557146481,2026-09-19T22:25:06.681655Z,2.1507413,-7.5503397,0.6474071,1.1435071,0.4747862,0.2917931,4.5903144,-8.6530056,0.5391139,-0.6805732,0.1077623,-0.4358010,0.5790380
gait_20260919_222452_andrew_slow_3,andrew_slow_3,2513743577348020,2026-09-19T22:25:06.702049Z,2.8581531,-8.7327757,-0.0906804,0.9934054,0.7255440,0.4312529,4.5340624,-8.6638546,0.7848642,-0.6715273,0.1064348,-0.4377749,0.5882822
gait_20260919_222452_andrew_slow_3,andrew_slow_3,2513743597509681,2026-09-19T22:25:06.722333Z,3.9240966,-9.5468788,-0.1011550,0.4848951,0.4807649,0.4156482,4.4373722,-8.6881733,1.0302941,-0.6617967,0.1085702,-0.4402081,0.5970380
gait_20260919_222452_andrew_slow_3,andrew_slow_3,2513743617679156,2026-09-19T22:25:06.743536Z,4.3984480,-9.8757830,0.1458219,-0.0489292,0.0778404,0.2715086,4.3423181,-8.7207336,1.1528996,-0.6564955,0.1116394,-0.4401068,0.6023756
gait_20260919_222452_andrew_slow_3,andrew_slow_3,2513743637848589,2026-09-19T22:25:06.762711Z,4.3359742,-9.4411602,0.6693290,-0.3879194,-0.0346068,0.2109384,4.2906251,-8.7458420,1.1562361,-0.6560507,0.1134836,-0.4383387,0.6038031
gait_20260919_222452_andrew_slow_3,andrew_slow_3,2513743658016274,2026-09-19T22:25:06.782353Z,4.3057475,-8.5405664,1.2063036,-0.3711156,0.2341206,0.2334211,4.2560472,-8.7722826,1.0813051,-0.6586450,0.1153039,-0.4354212,0.6027439
gait_20260919_222452_andrew_slow_3,andrew_slow_3,2513743678185381,2026-09-19T22:25:06.802619Z,4.2912326,-8.0973396,1.2455087,-0.1858243,0.2011292,0.2239950,4.2108994,-8.8004351,1.0279920,-0.6600458,0.1190370,-0.4341917,0.6013713
gait_20260919_222452_andrew_slow_3,andrew_slow_3,2513743698339150,2026-09-19T22:25:06.822844Z,4.2268133,-7.9110408,1.2487258,-0.0722113,-0.2530561,0.2207475,4.1652098,-8.8237057,1.0145750,-0.6600151,0.1220609,-0.4334540,0.6013310
gait_20260919_222452_andrew_slow_3,andrew_slow_3,2513743718498329,2026-09-19T22:25:06.842583Z,4.3424835,-8.0698814,1.2551602,0.0051461,-0.7379512,0.2600174,4.1308336,-8.8433237,0.9838526,-0.6612510,0.1218149,-0.4299794,0.6025164
gait_20260919_222452_andrew_slow_3,andrew_slow_3,2513743738694985,2026-09-19T22:25:06.862792Z,4.5131450,-8.6643171,1.4066683,0.1260034,-1.0428675,0.2456118,4.0987945,-8.8646040,0.9245518,-0.6641858,0.1182497,-0.4227989,0.6050746
gait_20260919_222452_andrew_slow_3,andrew_slow_3,2513743758860918,2026-09-19T22:25:06.883221Z,4.3653030,-9.1303635,1.3634230,0.3161577,-1.0627357,0.1755488,4.0734472,-8.8827515,0.8601576,-0.6677027,0.1121587,-0.4136649,0.6086665
gait_20260919_222452_andrew_slow_3,andrew_slow_3,2513743779009478,2026-09-19T22:25:06.903719Z,4.0078187,-9.1346273,1.1282675,0.4779171,-0.8184562,0.0989408,4.0594120,-8.8924580,0.8255146,-0.6702552,0.1046053,-0.4047950,0.6131532
gait_20260919_222452_andrew_slow_3,andrew_slow_3,2513743799200111,2026-09-19T22:25:06.923744Z,3.5176809,-8.8450785,0.9097967,0.5386372,-0.4098193,0.0263132,4.0547361,-8.8931112,0.8413162,-0.6707525,0.0973612,-0.3981845,0.6181110
gait_20260919_222452_andrew_slow_3,andrew_slow_3,2513743819368649,2026-09-19T22:25:06.943673Z,3.1498716,-8.8384199,0.7793875,0.4495222,0.0839357,0.0316258,4.0570679,-8.8860083,0.9028721,-0.6691996,0.0918124,-0.3947807,0.6228086
gait_20260919_222452_andrew_slow_3,andrew_slow_3,2513743839537351,2026-09-19T22:25:06.964016Z,3.0066683,-8.6004963,0.9336638,0.3138262,0.4221432,0.1002399,4.0520315,-8.8789654,0.9905236,-0.6661495,0.0896678,-0.3946996,0.6264319
gait_20260919_222452_andrew_slow_3,andrew_slow_3,2513743859679684,2026-09-19T22:25:06.984041Z,2.7283425,-8.5430355,1.1082909,0.2391001,0.4678415,0.1721181,4.0253077,-8.8804255,1.0821589,-0.6624728,0.0908757,-0.3963763,0.6290924
gait_20260919_222452_andrew_slow_3,andrew_slow_3,2513743879850217,2026-09-19T22:25:07.004801Z,2.8868086,-8.6599026,1.1424831,0.2332546,0.2205976,0.3397230,3.9848053,-8.8882885,1.1643696,-0.6590651,0.0926315,-0.3973906,0.6317700
gait_20260919_222452_andrew_slow_3,andrew_slow_3,2513743900043942,2026-09-19T22:25:07.025075Z,3.4460044,-8.9237137,1.0785879,0.2601506,-0.2008961,0.4515207,3.9198887,-8.9088640,1.2258654,-0.6562954,0.0953369,-0.3970409,0.6344649
gait_20260919_222452_andrew_slow_3,andrew_slow_3,2513743920212481,2026-09-19T22:25:07.044380Z,3.6749499,-9.0405807,1.1016320,0.2943411,-0.5078109,0.5206011,3.8425622,-8.9379320,1.2586507,-0.6550183,0.0953838,-0.3924406,0.6386262
gait_20260919_222452_andrew_slow_3,andrew_slow_3,2513743940382199,2026-09-19T22:25:07.065264Z,4.1207204,-9.2503719,1.1950808,0.3724812,-0.6202247,0.5692138,3.7622797,-8.9701128,1.2721893,-0.6547502,0.0936152,-0.3852883,0.6434993
gait_20260919_222452_andrew_slow_3,andrew_slow_3,2513743960550534,2026-09-19T22:25:07.085370Z,4.4722190,-9.4008331,1.1204116,0.4787165,-0.5551080,0.5868337,3.6751091,-9.0035048,1.2909635,-0.6543587,0.0912424,-0.3771244,0.6490505
gait_20260919_222452_andrew_slow_3,andrew_slow_3,2513743980694170,2026-09-19T22:25:07.105376Z,4.5963435,-9.2075014,0.9754875,0.5449824,-0.3383074,0.6014724,3.5835299,-9.0339174,1.3352029,-0.6529711,0.0888225,-0.3691828,0.6553193
gait_20260919_222452_andrew_slow_3,andrew_slow_3,2513744000891151,2026-09-19T22:25:07.125245Z,4.6466217,-8.9198980,0.8140286,0.5416183,-0.0561237,0.5998070,3.4849484,-9.0613136,1.4084966,-0.6502690,0.0875530,-0.3625412,0.6618524
gait_20260919_222452_andrew_slow_3,andrew_slow_3,2513744021057736,2026-09-19T22:25:07.145176Z,4.7297454,-8.9104710,0.7157167,0.4622291,0.2233622,0.6222565,3.4454544,-9.0678682,1.4624314,-0.6476697,0.0861719,-0.3589819,0.6665061
gait_20260919_222452_andrew_slow_3,andrew_slow_3,2513744041200111,2026-09-19T22:25:07.165593Z,4.9725323,-8.9140615,0.6550386,0.3379411,0.4362157,0.6206744,3.3893943,-9.0793657,1.5209363,-0.6446531,0.0872162,-0.3569640,0.6703674
gait_20260919_222452_andrew_slow_3,andrew_slow_3,2513744061395098,2026-09-19T22:25:07.185859Z,5.0723410,-9.0431995,0.5620388,0.2267596,0.4888587,0.6083838,3.2988489,-9.1008329,1.5901463,-0.6410805,0.0910424,-0.3557765,0.6739067
gait_20260919_222452_andrew_slow_3,andrew_slow_3,2513744081562986,2026-09-19T22:25:07.205956Z,5.4061823,-9.1865520,0.4548983,0.1450389,0.4301204,0.6169106,3.1867580,-9.1291904,1.6548662,-0.6376007,0.0963907,-0.3546723,0.6770389
gait_20260919_222452_andrew_slow_3,andrew_slow_3,2513744101736122,2026-09-19T22:25:07.226293Z,6.0821700,-9.6151142,0.4046201,0.0856011,0.3260168,0.5827368,3.0614271,-9.1623182,1.7075419,-0.6345914,0.1020755,-0.3527805,0.6800148
gait_20260919_222452_andrew_slow_3,andrew_slow_3,2513744121904620,2026-09-19T22:25:07.246193Z,6.9323363,-10.1545572,0.3696049,0.0310429,0.1970657,0.4847619,2.9427955,-9.1944504,1.7430398,-0.6322384,0.1076327,-0.3508705,0.6823340
gait_20260919_222452_andrew_slow_3,andrew_slow_3,2513744142068723,2026-09-19T22:25:07.266872Z,7.8053970,-10.5638914,0.3046622,-0.0271459,-0.0038804,0.3166573,2.8452394,-9.2217855,1.7605054,-0.6307859,0.1118867,-0.3486801,0.6841145
gait_20260919_222452_andrew_slow_3,andrew_slow_3,2513744162239418,2026-09-19T22:25:07.286440Z,8.2430124,-10.1379480,-0.0847697,-0.0878660,-0.1763149,-0.0610199,2.7852514,-9.2409601,1.7558838,-0.6305693,0.1140506,-0.3464410,0.6850938
gait_20260919_222452_andrew_slow_3,andrew_slow_3,2513744182409217,2026-09-19T22:25:07.307007Z,6.0878563,-8.9603748,-3.0908396,-0.3619893,0.9558842,-0.6543819,2.7970684,-9.2424984,1.7288002,-0.6318486,0.1128915,-0.3453262,0.6846698
gait_20260919_222452_andrew_slow_3,andrew_slow_3,2513744202553139,2026-09-19T22:25:07.327059Z,4.7491236,-8.8455276,-3.7881508,-1.2409490,2.8740475,-1.1462716,2.8911941,-9.2172565,1.7085956,-0.6323510,0.1145927,-0.3535504,0.6797079
gait_20260919_222452_andrew_slow_3,andrew_slow_3,2513744222722165,2026-09-19T22:25:07.347184Z,5.2518311,-9.1284924,-2.1152024,-2.1162949,2.1875904,-1.8934324,3.0010183,-9.1910343,1.6597896,-0.6311997,0.1309263,-0.3775213,0.6647729
gait_20260919_222452_andrew_slow_3,andrew_slow_3,2513744242914467,2026-09-19T22:25:07.367618Z,4.1962128,-10.3391352,-0.8762778,-2.5862348,0.5120909,-2.7321231,3.2637157,-9.1416464,1.4193614,-0.6382377,0.1433044,-0.4018491,0.6408072
gait_20260919_222452_andrew_slow_3,andrew_slow_3,2513744263103472,2026-09-19T22:25:07.387430Z,2.2823477,-12.8918781,-0.3098995,-2.7255280,-0.4480567,-2.8232532,3.7448459,-9.0135279,0.9841537,-0.6561086,0.1401256,-0.4190327,0.6117989
gait_20260919_222452_andrew_slow_3,andrew_slow_3,2513744283253945,2026-09-19T22:25:07.408725Z,0.9805752,-15.4747734,1.6980127,-2.1220906,0.6656899,-2.5658672,4.2681932,-8.8214025,0.4488855,-0.6787206,0.1294849,-0.4291262,0.5817412
gait_20260919_222452_andrew_slow_3,andrew_slow_3,2513744303422157,2026-09-19T22:25:07.428177Z,-1.5394717,-15.8547029,1.8350807,-1.1183263,1.3157418,-1.9982188,4.7176895,-8.6005077,0.1039442,-0.6925945,0.1240844,-0.4443040,0.5545359
gait_20260919_222452_andrew_slow_3,andrew_slow_3,2513744323590493,2026-09-19T22:25:07.448155Z,-0.2816180,-12.6536551,0.1188123,-0.4868769,0.4145323,-1.2150356,5.0677280,-8.3995447,0.0435682,-0.6951053,0.1228011,-0.4640422,0.5351760
gait_20260919_222452_andrew_slow_3,andrew_slow_3,2513744343734210,2026-09-19T22:25:07.467919Z,1.8494459,-10.1760302,0.1708113,-0.5037473,-0.5965928,-0.8923162,5.2712045,-8.2734585,0.0207909,-0.6965600,0.1194219,-0.4737775,0.5254308
gait_20260919_222452_andrew_slow_3,andrew_slow_3,2513744363928465,2026-09-19T22:25:07.488742Z,2.6003275,-8.7473660,1.1418846,-0.7426143,-0.8453522,-0.8219035,5.3721700,-8.2074661,-0.1158310,-0.7026184,0.1139318,-0.4724952,0.5197068
gait_20260919_222452_andrew_slow_3,andrew_slow_3,2513744384097694,2026-09-19T22:25:07.509044Z,2.8700492,-7.9153056,2.5633671,-0.6754491,-0.7324721,-0.7035609,5.4832497,-8.1281652,-0.3209420,-0.7111092,0.1076109,-0.4693539,0.5122995
gait_20260919_222452_andrew_slow_3,andrew_slow_3,2513744404266029,2026-09-19T22:25:07.528343Z,3.5462615,-7.5556517,2.9682863,-0.1931853,-0.5579724,-0.6257704,5.5921826,-8.0433064,-0.5185089,-0.7189749,0.1020587,-0.4669182,0.5046253
gait_20260919_222452_andrew_slow_3,andrew_slow_3,2513744424413043,2026-09-19T22:25:07.549074Z,3.8587797,-7.5998697,2.2259343,0.3232856,-0.0875995,-0.6261702,5.6849093,-7.9708962,-0.6186764,-0.7233921,0.0957536,-0.4657067,0.5006519
gait_20260919_222452_andrew_slow_3,andrew_slow_3,2513744444605588,2026-09-19T22:25:07.569503Z,4.2738743,-7.7793598,1.3423241,0.5907473,0.4728044,-0.7429807,5.7812166,-7.9040360,-0.5829867,-0.7229931,0.0890920,-0.4681140,0.5002130
gait_20260919_222452_andrew_slow_3,andrew_slow_3,2513744464772214,2026-09-19T22:25:07.589187Z,4.4716206,-8.0190792,0.3110218,0.6086003,0.7257272,-0.9140995,5.8987184,-7.8266320,-0.4301902,-0.7183008,0.0833315,-0.4756429,0.5008629
gait_20260919_222452_andrew_slow_3,andrew_slow_3,2513744484942298,2026-09-19T22:25:07.609728Z,4.2844238,-8.3197765,-0.6524948,0.4383474,0.5116413,-1.0414020,6.0359259,-7.7296267,-0.2378390,-0.7121061,0.0779064,-0.4859241,0.5007128
gait_20260919_222452_andrew_slow_3,andrew_slow_3,2513744505091754,2026-09-19T22:25:07.629666Z,3.7902458,-7.8327055,-0.0300023,0.2241116,-0.0396196,-1.1156451,6.1570940,-7.6363320,-0.1128361,-0.7082595,0.0727107,-0.4938166,0.4992262
gait_20260919_222452_andrew_slow_3,andrew_slow_3,2513744525279497,2026-09-19T22:25:07.649869Z,3.5438673,-7.5332060,-0.1229273,0.3869202,-0.8704996,-0.8922163,6.3299909,-7.4940953,-0.0766219,-0.7078252,0.0637393,-0.4998874,0.4950085
gait_20260919_222452_andrew_slow_3,andrew_slow_3,2513744545449745,2026-09-19T22:25:07.669638Z,3.1162779,-7.4767179,-0.3974375,0.3638545,-0.8386407,-0.7162511,6.4624996,-7.3793383,-0.1325868,-0.7108564,0.0511351,-0.4983761,0.4936492
gait_20260919_222452_andrew_slow_3,andrew_slow_3,2513744565618771,2026-09-19T22:25:07.690358Z,2.8743887,-7.5184665,-0.3054852,0.2540387,-0.4242083,-0.5979085,6.5639548,-7.2878723,-0.1937340,-0.7137759,0.0396620,-0.4956194,0.4932671
gait_20260919_222452_andrew_slow_3,andrew_slow_3,2513744585810341,2026-09-19T22:25:07.710501Z,2.6261399,-7.5748801,-0.9277532,0.1897379,0.0688972,-0.4233089,6.6477833,-7.2107878,-0.2182333,-0.7150458,0.0318441,-0.4952879,0.4923267
gait_20260919_222452_andrew_slow_3,andrew_slow_3,2513744605955116,2026-09-19T22:25:07.730073Z,2.8256068,-7.3442135,-1.5496471,0.1000733,0.2088400,-0.1615096,6.7095222,-7.1543269,-0.1844843,-0.7140081,0.0280287,-0.4977762,0.4915545
gait_20260919_222452_andrew_slow_3,andrew_slow_3,2513744626124835,2026-09-19T22:25:07.750961Z,3.3189621,-6.9602437,-1.4321067,0.0714286,0.0325584,0.0839190,6.7333531,-7.1329575,-0.1378616,-0.7123645,0.0275725,-0.5003304,0.4913717
gait_20260919_222452_andrew_slow_3,andrew_slow_3,2513744646287066,2026-09-19T22:25:07.770439Z,4.1100960,-6.6069493,-1.2229881,0.0733271,-0.2257936,0.3112282,6.7215114,-7.1443810,-0.1234336,-0.7118306,0.0280822,-0.5002528,0.4921949
gait_20260919_222452_andrew_slow_3,andrew_slow_3,2513744666461627,2026-09-19T22:25:07.793649Z,4.7702971,-6.7470846,-0.4620061,0.1215402,-0.4562171,0.4935718,6.6761260,-7.1864738,-0.1416757,-0.7124486,0.0289323,-0.4972404,0.4942994
gait_20260919_222452_andrew_slow_3,andrew_slow_3,2513744686631426,2026-09-19T22:25:07.811390Z,5.5145197,-6.7681837,0.0998083,0.2551212,-0.4157481,0.6290513,6.6030383,-7.2526546,-0.1871524,-0.7140354,0.0298243,-0.4916568,0.4975315
gait_20260919_222452_andrew_slow_3,andrew_slow_3,2513744706799314,2026-09-19T22:25:07.831434Z,6.0871081,-6.6447330,-0.4593126,0.3622890,-0.3255339,0.7005965,6.5089712,-7.3366008,-0.2090444,-0.7147527,0.0312604,-0.4856476,0.5022926
gait_20260919_222452_andrew_slow_3,andrew_slow_3,2513744726992958,2026-09-19T22:25:07.851254Z,6.5180645,-6.7827735,-0.9237130,0.3563603,-0.4186958,0.7380844,6.4030957,-7.4295487,-0.1957274,-0.7141894,0.0331477,-0.4800652,0.5083034
gait_20260919_222452_andrew_slow_3,andrew_slow_3,2513744747138303,2026-09-19T22:25:07.871871Z,7.2497926,-7.5102367,-1.0876409,0.3930988,-0.5942613,0.7451124,6.2916465,-7.5241804,-0.1949742,-0.7140461,0.0351027,-0.4738424,0.5141783
gait_20260919_222452_andrew_slow_3,andrew_slow_3,2513744767305661,2026-09-19T22:25:07.891866Z,8.4043217,-8.1681185,-1.2755858,0.5220000,-0.3959299,0.7488428,6.1758761,-7.6190505,-0.2115119,-0.7145556,0.0364324,-0.4664680,0.5200872
gait_20260919_222452_andrew_slow_3,andrew_slow_3,2513744787475706,2026-09-19T22:25:07.911867Z,9.8727150,-7.8205104,-2.3477392,0.5647006,-0.0541585,0.6680714,6.0591202,-7.7128243,-0.1885248,-0.7136575,0.0376810,-0.4599591,0.5269828
gait_20260919_222452_andrew_slow_3,andrew_slow_3,2513744807669105,2026-09-19T22:25:07.932339Z,10.7247515,-7.1748238,-1.6779613,0.4401960,-0.2166340,0.3983614,5.9534903,-7.7962093,-0.1057691,-0.7105277,0.0404226,-0.4567952,0.5337177
gait_20260919_222452_andrew_slow_3,andrew_slow_3,2513744827814003,2026-09-19T22:25:07.952308Z,9.1091146,-7.0134397,-0.5404910,0.5086935,-0.4402293,0.1955002,5.8886294,-7.8458276,-0.0562847,-0.7086769,0.0413589,-0.4542592,0.5382519
gait_20260919_222452_andrew_slow_3,andrew_slow_3,2513744847982704,2026-09-19T22:25:07.972253Z,6.1391072,-7.7627501,0.1923591,0.6387272,-0.0513273,0.4046399,5.8615685,-7.8661890,-0.0348289,-0.7080296,0.0388369,-0.4509830,0.5420333
gait_20260919_222452_andrew_slow_3,andrew_slow_3,2513744868150551,2026-09-19T22:25:07.992661Z,4.0337062,-10.5783310,0.2127847,0.6427741,0.5059290,0.6883892,5.8029904,-7.9093981,0.0535815,-0.7048280,0.0389270,-0.4491694,0.5476761
gait_20260919_222452_andrew_slow_3,andrew_slow_3,2513744888321653,2026-09-19T22:25:08.013312Z,3.8549640,-16.5045052,-4.4630914,0.4240584,0.8463348,0.9534194,5.6915035,-7.9872899,0.2147267,-0.6986507,0.0444987,-0.4498377,0.5545748
gait_20260919_222452_andrew_slow_3,andrew_slow_3,2513744908488971,2026-09-19T22:25:08.033511Z,7.2609406,-20.7591496,-8.8981256,-0.5277622,0.8404393,0.8270995,5.5302839,-8.0936575,0.3805415,-0.6918393,0.0547895,-0.4511735,0.5610696
gait_20260919_222452_andrew_slow_3,andrew_slow_3,2513744928638303,2026-09-19T22:25:08.054187Z,6.1712046,-12.1864862,1.1734581,-0.3016022,0.3040503,0.1834095,5.3731236,-8.1979637,0.3988199,-0.6898472,0.0694197,-0.4527296,0.5606494
gait_20260919_222452_andrew_slow_3,andrew_slow_3,2513744948826251,2026-09-19T22:25:08.073148Z,2.8990042,-7.9004917,3.9084594,0.2698099,-0.9237421,0.1173434,5.3365436,-8.2230835,0.3719145,-0.6901476,0.0760746,-0.4549259,0.5576302
gait_20260919_222452_andrew_slow_3,andrew_slow_3,2513744968996742,2026-09-19T22:25:08.094159Z,2.2316952,-5.2792149,2.5843911,0.1384772,-1.2149523,0.3066483,5.3012729,-8.2450705,0.3891480,-0.6902989,0.0723445,-0.4502990,0.5616801
gait_20260919_222452_andrew_slow_3,andrew_slow_3,2513744989164344,2026-09-19T22:25:08.113980Z,1.7271920,-4.2445455,2.2465093,-0.0858342,-0.7790197,0.3462847,5.2588224,-8.2764082,0.2863165,-0.6945809,0.0676206,-0.4408373,0.5644887
gait_20260919_222452_andrew_slow_3,andrew_slow_3,2513745009333941,2026-09-19T22:25:08.133532Z,0.8338556,-4.8772883,2.1207390,-0.0598541,-0.2936083,0.3718151,5.2018137,-8.3151445,0.1888236,-0.6982257,0.0670612,-0.4340054,0.5653521
gait_20260919_222452_andrew_slow_3,andrew_slow_3,2513745029477333,2026-09-19T22:25:08.153700Z,0.9899276,-6.3196449,1.8206408,0.1334644,-0.0170369,0.5193686,5.1393833,-8.3547287,0.1462254,-0.6995711,0.0694929,-0.4306813,0.5659370
gait_20260919_222452_andrew_slow_3,andrew_slow_3,2513745049673378,2026-09-19T22:25:08.174417Z,2.0587890,-8.6330423,1.7044472,0.2968059,-0.0037138,0.6419247,5.0510468,-8.4080276,0.1677174,-0.6983606,0.0738973,-0.4288405,0.5682671
gait_20260919_222452_andrew_slow_3,andrew_slow_3,2513745069841224,2026-09-19T22:25:08.194395Z,3.2870145,-10.7743568,1.5156794,0.3362590,-0.3442862,0.6338143,4.9320211,-8.4770260,0.2265282,-0.6957465,0.0788192,-0.4263847,0.5726432
gait_20260919_222452_andrew_slow_3,andrew_slow_3,2513745090008990,2026-09-19T22:25:08.214267Z,3.9696612,-11.6904383,1.9731215,0.2417481,-0.7615331,0.4353497,4.8204007,-8.5401001,0.2579710,-0.6942993,0.0814828,-0.4218402,0.5773733
gait_20260919_222452_andrew_slow_3,andrew_slow_3,2513745110156491,2026-09-19T22:25:08.235445Z,3.3458970,-10.3493862,2.5564089,0.2234454,-0.8834230,0.1158279,4.7422934,-8.5845203,0.2297272,-0.6954402,0.0806993,-0.4151693,0.5809346
gait_20260919_222452_andrew_slow_3,andrew_slow_3,2513745130346840,2026-09-19T22:25:08.254371Z,2.5719712,-8.6719484,2.3371150,0.3847052,-0.7960234,0.0014489,4.7222385,-8.5967016,0.1825004,-0.6976137,0.0769306,-0.4094688,0.5828826
gait_20260919_222452_andrew_slow_3,andrew_slow_3,2513745150515622,2026-09-19T22:25:08.275486Z,2.3953240,-8.0414505,1.7292122,0.5455153,-0.4959200,0.0362555,4.6818585,-8.6177368,0.2257324,-0.6969686,0.0731558,-0.4049786,0.5872609
gait_20260919_222452_andrew_slow_3,andrew_slow_3,2513745170686033,2026-09-19T22:25:08.295042Z,2.7115831,-8.3996077,1.1197382,0.5874998,-0.0664491,0.1516671,4.6781874,-8.6183882,0.2721622,-0.6956877,0.0692999,-0.4025511,0.5909051
gait_20260919_222452_andrew_slow_3,andrew_slow_3,2513745190852251,2026-09-19T22:25:08.315605Z,3.3452234,-8.8289928,0.6810008,0.4965362,0.4049397,0.1760318,4.6507859,-8.6296453,0.3681267,-0.6922390,0.0687660,-0.4025196,0.5950246
gait_20260919_222452_andrew_slow_3,andrew_slow_3,2513745211022662,2026-09-19T22:25:08.335477Z,3.3600376,-8.9978590,0.4559458,0.3169405,0.8479502,0.1632083,4.5922084,-8.6545391,0.4966988,-0.6872059,0.0724786,-0.4046974,0.5989282
gait_20260919_222452_andrew_slow_3,andrew_slow_3,2513745231192461,2026-09-19T22:25:08.356164Z,3.6766708,-9.0108776,0.4220529,0.1138128,1.0910473,0.2484596,4.5111275,-8.6888027,0.6249446,-0.6816726,0.0804471,-0.4093919,0.6010399
gait_20260919_222452_andrew_slow_3,andrew_slow_3,2513745251360227,2026-09-19T22:25:08.376102Z,3.9895630,-8.6628199,0.5664532,-0.0374546,1.1065021,0.3202213,4.4479532,-8.7120152,0.7433975,-0.6760536,0.0896967,-0.4164205,0.6012487
gait_20260919_222452_andrew_slow_3,andrew_slow_3,2513745271529294,2026-09-19T22:25:08.395819Z,4.1472063,-8.4330521,0.7226748,-0.0874663,0.9325854,0.3509477,4.3735151,-8.7411880,0.8367284,-0.6710467,0.1000611,-0.4231555,0.6005195
gait_20260919_222452_andrew_slow_3,andrew_slow_3,2513745291696938,2026-09-19T22:25:08.416038Z,4.2606316,-8.3478327,0.8788217,-0.0416514,0.6066018,0.3707825,4.2947206,-8.7735062,0.9039276,-0.6669396,0.1098327,-0.4284780,0.5996125
gait_20260919_222452_andrew_slow_3,andrew_slow_3,2513745311867836,2026-09-19T22:25:08.436214Z,4.4309192,-8.3511248,0.9321675,0.0652000,0.2694435,0.3540620,4.2171121,-8.8063068,0.9492341,-0.6638681,0.1175940,-0.4315278,0.5993618
gait_20260919_222452_andrew_slow_3,andrew_slow_3,2513745332012123,2026-09-19T22:25:08.456755Z,4.4934678,-8.4667950,1.0238953,0.2031943,-0.0207841,0.3201713,4.1479316,-8.8353825,0.9832655,-0.6616272,0.1227072,-0.4324632,0.6001401
gait_20260919_222452_andrew_slow_3,andrew_slow_3,2513745352203692,2026-09-19T22:25:08.476387Z,4.4489503,-8.4846764,1.0640730,0.3328116,-0.1930521,0.2890452,4.0912809,-8.8579178,1.0172682,-0.6598514,0.1251685,-0.4318437,0.6020299
gait_20260919_222452_andrew_slow_3,andrew_slow_3,2513745372373289,2026-09-19T22:25:08.497005Z,4.4252329,-8.7953243,1.0360907,0.4727710,-0.3093463,0.2751558,4.0435982,-8.8748169,1.0597477,-0.6580962,0.1257618,-0.4303679,0.6048776
gait_20260919_222452_andrew_slow_3,andrew_slow_3,2513745392540932,2026-09-19T22:25:08.517496Z,4.1186256,-8.7323265,1.0157400,0.5978918,-0.3024349,0.2499252,4.0014300,-8.8867588,1.1181198,-0.6559643,0.1250778,-0.4285402,0.6086213
gait_20260919_222452_andrew_slow_3,andrew_slow_3,2513745412689207,2026-09-19T22:25:08.537401Z,3.7744589,-8.7936783,0.9060557,0.6926026,-0.2256438,0.2434301,3.9637229,-8.8931351,1.1988202,-0.6531027,0.1236182,-0.4269342,0.6131091
gait_20260919_222452_andrew_slow_3,andrew_slow_3,2513745432880653,2026-09-19T22:25:08.557024Z,3.4664299,-8.7654715,0.7582886,0.7176334,-0.1681212,0.2734238,3.9263687,-8.8948593,1.3043127,-0.6492602,0.1221122,-0.4260254,0.6181037
gait_20260919_222452_andrew_slow_3,andrew_slow_3,2513745453048785,2026-09-19T22:25:08.577155Z,3.2202013,-8.5998230,0.6429928,0.6650571,-0.1768312,0.3212538,3.8824480,-8.8963833,1.4202385,-0.6449121,0.1209445,-0.4252821,0.6233746
gait_20260919_222452_andrew_slow_3,andrew_slow_3,2513745473217242,2026-09-19T22:25:08.597903Z,3.1197944,-8.4663458,0.5089175,0.5400029,-0.2162843,0.3577592,3.8301775,-8.9012842,1.5274197,-0.6407977,0.1202086,-0.4240962,0.6285464
gait_20260919_222452_andrew_slow_3,andrew_slow_3,2513745493361936,2026-09-19T22:25:08.617699Z,3.1664066,-8.5858316,0.5013608,0.3675350,-0.2430804,0.3979284,3.7724738,-8.9114475,1.6095613,-0.6375504,0.1200165,-0.4222907,0.6330847
gait_20260919_222452_andrew_slow_3,andrew_slow_3,2513745513555539,2026-09-19T22:25:08.638339Z,3.5867386,-8.9221420,0.6296750,0.1738335,-0.1447391,0.4491225,3.7090981,-8.9293203,1.6570910,-0.6354941,0.1206515,-0.4198596,0.6366385
gait_20260919_222452_andrew_slow_3,andrew_slow_3,2513745533723468,2026-09-19T22:25:08.658474Z,4.0863037,-9.2355585,0.8530840,0.0052293,0.0555408,0.4711556,3.6342528,-8.9583006,1.6664747,-0.6344613,0.1229544,-0.4171675,0.6389932
gait_20260919_222452_andrew_slow_3,andrew_slow_3,2513745553892820,2026-09-19T22:25:08.678746Z,4.4246345,-9.4713869,1.0960954,-0.0870500,0.2519736,0.5080274,3.5486798,-8.9920321,1.6692369,-0.6334465,0.1273328,-0.4155613,0.6401882
gait_20260919_222452_andrew_slow_3,andrew_slow_3,2513745574062863,2026-09-19T22:25:08.698123Z,4.6697407,-9.3264627,1.2069021,-0.0973421,0.3829732,0.5516939,3.4489841,-9.0305653,1.6701835,-0.6320961,0.1336638,-0.4149302,0.6406415
gait_20260919_222452_andrew_slow_3,andrew_slow_3,2513745594210365,2026-09-19T22:25:08.718636Z,4.7805476,-9.1340294,1.2374282,-0.0566233,0.4457584,0.5622525,3.3374674,-9.0711870,1.6766014,-0.6301607,0.1412219,-0.4149028,0.6409441
gait_20260919_222452_andrew_slow_3,andrew_slow_3,2513745614419797,2026-09-19T22:25:08.738624Z,4.8418989,-9.1185417,1.1783214,0.0069114,0.4472573,0.5914134,3.2380538,-9.1050806,1.6877924,-0.6278297,0.1485080,-0.4155602,0.6411591
gait_20260919_222452_andrew_slow_3,andrew_slow_3,2513745634572874,2026-09-19T22:25:08.758703Z,5.0167503,-9.0970688,1.1048492,0.0921127,0.4237253,0.6399429,3.1347349,-9.1371822,1.7092319,-0.6249848,0.1557753,-0.4162925,0.6417387
gait_20260919_222452_andrew_slow_3,andrew_slow_3,2513745654757321,2026-09-19T22:25:08.779677Z,5.1756654,-8.9241619,0.9388263,0.1920195,0.4437266,0.6323821,3.0187280,-9.1694489,1.7448800,-0.6215456,0.1628625,-0.4164944,0.6431867
gait_20260919_222452_andrew_slow_3,andrew_slow_3,2513745674888629,2026-09-19T22:25:08.799105Z,5.3669772,-8.8467245,0.7508067,0.2684110,0.4911236,0.5774409,2.9188325,-9.1927843,1.7914332,-0.6176244,0.1690945,-0.4172316,0.6448759
gait_20260919_222452_andrew_slow_3,andrew_slow_3,2513745695076250,2026-09-19T22:25:08.819464Z,5.9356003,-9.2458086,0.5345055,0.2722247,0.4329516,0.5316093,2.8273277,-9.2090483,1.8535808,-0.6130401,0.1750357,-0.4188284,0.6466275
gait_20260919_222452_andrew_slow_3,andrew_slow_3,2513745715243935,2026-09-19T22:25:08.839967Z,6.8322287,-9.7390137,0.3612252,0.1947175,0.1933352,0.4552678,2.7139847,-9.2276039,1.9291743,-0.6080577,0.1812048,-0.4199432,0.6489055
gait_20260919_222452_andrew_slow_3,andrew_slow_3,2513745735413409,2026-09-19T22:25:08.860489Z,7.7798834,-10.2296009,0.2196680,0.0757087,-0.1888719,0.3025515,2.6222138,-9.2439566,1.9772185,-0.6046546,0.1856662,-0.4198848,0.6508592
gait_20260919_222452_andrew_slow_3,andrew_slow_3,2513745755556883,2026-09-19T22:25:08.880347Z,8.8003368,-10.4273472,-0.9882815,-0.0993572,-0.4140161,-0.0324252,2.5735087,-9.2563744,1.9831032,-0.6038533,0.1873246,-0.4184046,0.6520799
gait_20260919_222452_andrew_slow_3,andrew_slow_3,2513745775751828,2026-09-19T22:25:08.899862Z,6.8994160,-10.9747210,-4.6485672,-0.7768713,2.1558480,-0.8032012,2.5927143,-9.2598877,1.9412417,-0.6059914,0.1859362,-0.4167691,0.6515411
gait_20260919_222452_andrew_slow_3,andrew_slow_3,2513745795894326,2026-09-19T22:25:08.920481Z,6.0988545,-10.2090254,-2.0700867,-1.6798128,3.0062964,-1.5361395,2.6666348,-9.2465105,1.9045283,-0.6040257,0.1969388,-0.4323570,0.6398715
gait_20260919_222452_andrew_slow_3,andrew_slow_3,2513745816064328,2026-09-19T22:25:08.940098Z,4.9938560,-9.8020115,-0.7298574,-2.2569871,1.1028715,-2.3839564,2.8225956,-9.2259789,1.7749346,-0.6024617,0.2174689,-0.4595906,0.6152428
gait_20260919_222452_andrew_slow_3,andrew_slow_3,2513745836258299,2026-09-19T22:25:08.960945Z,3.0867994,-11.2249155,-0.2359785,-2.5213513,-0.5989910,-2.9223607,3.2136583,-9.1575680,1.4309002,-0.6149818,0.2226994,-0.4775277,0.5866599
gait_20260919_222452_andrew_slow_3,andrew_slow_3,2513745856401324,2026-09-19T22:25:08.980447Z,1.3390322,-13.6172466,0.4712088,-2.4751532,-0.9147324,-2.7203820,3.7660666,-9.0109358,0.9251541,-0.6383780,0.2146220,-0.4865837,0.5564597
gait_20260919_222452_andrew_slow_3,andrew_slow_3,2513745876595782,2026-09-19T22:25:09.001627Z,-0.5892729,-15.1726551,2.7905169,-1.7354701,0.7508913,-2.4407296,4.2741995,-8.8214989,0.3853152,-0.6628085,0.2045070,-0.4903966,0.5276105
gait_20260919_222452_andrew_slow_3,andrew_slow_3,2513745896738604,2026-09-19T22:25:09.021176Z,-1.7833061,-13.4469595,1.7905636,-0.8764950,1.3041173,-1.7022623,4.7016983,-8.6089945,0.1240241,-0.6737157,0.2015968,-0.5046457,0.5007981
gait_20260919_222452_andrew_slow_3,andrew_slow_3,2513745916931923,2026-09-19T22:25:09.041781Z,0.5237316,-10.3564186,-1.1408371,-0.4716719,0.3146089,-1.0782404,4.9975734,-8.4408875,0.1087524,-0.6738473,0.2032894,-0.5224745,0.4812730
gait_20260919_222452_andrew_slow_3,andrew_slow_3,2513745937102577,2026-09-19T22:25:09.061574Z,2.0990415,-9.1454020,-0.5736358,-0.7007630,-0.7665959,-0.9006432,5.1339831,-8.3590631,0.0663834,-0.6756358,0.2034676,-0.5292372,0.4711956
gait_20260919_222452_andrew_slow_3,andrew_slow_3,2513745957250120,2026-09-19T22:25:09.081670Z,2.9328971,-8.7864208,1.2065281,-0.9050065,-1.2222800,-0.8683346,5.1755180,-8.3324795,-0.1411109,-0.6841611,0.2028573,-0.5249597,0.4638856
gait_20260919_222452_andrew_slow_3,andrew_slow_3,2513745977440549,2026-09-19T22:25:09.102400Z,3.2336686,-8.3996077,2.7596915,-0.6959667,-1.0669824,-0.7242450,5.2621303,-8.2703819,-0.3832973,-0.6948037,0.1986868,-0.5194604,0.4559961
gait_20260919_222452_andrew_slow_3,andrew_slow_3,2513745997609332,2026-09-19T22:25:09.121929Z,3.7001638,-8.1423807,3.4181719,-0.1690371,-0.4934053,-0.5910637,5.3135290,-8.2317162,-0.4912895,-0.7008198,0.1943699,-0.5167987,0.4516537
gait_20260919_222452_andrew_slow_3,andrew_slow_3,2513746017766680,2026-09-19T22:25:09.141818Z,3.9818566,-8.1818848,3.2755673,0.3662860,0.2395498,-0.6010061,5.3052368,-8.2491102,-0.2067406,-0.6934947,0.1896733,-0.5241246,0.4564892
gait_20260919_222452_andrew_slow_3,andrew_slow_3,2513746037942422,2026-09-19T22:25:09.162678Z,4.3506384,-8.0942726,2.2079029,0.6575128,1.0107754,-0.7838826,5.2574821,-8.2739191,0.3704585,-0.6749758,0.1855357,-0.5399667,0.4673542
gait_20260919_222452_andrew_slow_3,andrew_slow_3,2513746058117104,2026-09-19T22:25:09.182742Z,4.6034513,-7.7585602,-0.2083704,0.6101991,1.4669425,-1.0286784,5.3456545,-8.1998892,0.6495432,-0.6651254,0.1829901,-0.5534713,0.4666823
gait_20260919_222452_andrew_slow_3,andrew_slow_3,2513746078283730,2026-09-19T22:25:09.202752Z,4.3977742,-7.5747304,-1.3920038,0.2754223,0.8494491,-1.1178766,5.4885769,-8.0790911,0.9164768,-0.6551654,0.1810191,-0.5702655,0.4612892
gait_20260919_222452_andrew_slow_3,andrew_slow_3,2513746098428953,2026-09-19T22:25:09.223100Z,4.0884733,-7.4595842,-0.4522049,0.1601439,-0.5508779,-0.9729211,5.6506467,-7.9469967,1.0730963,-0.6497660,0.1778475,-0.5833737,0.4537065
gait_20260919_222452_andrew_slow_3,andrew_slow_3,2513746118621295,2026-09-19T22:25:09.243322Z,3.9282117,-7.3770590,0.2029086,0.3692504,-1.2668959,-0.7510079,5.8186979,-7.8295426,1.0378463,-0.6533501,0.1698483,-0.5859461,0.4482771
gait_20260919_222452_andrew_slow_3,andrew_slow_3,2513746138790077,2026-09-19T22:25:09.262950Z,3.9063644,-7.4886889,-0.0656161,0.5347236,-1.0185362,-0.5975921,5.9632888,-7.7330847,0.9352651,-0.6604062,0.1584194,-0.5822307,0.4469613
gait_20260919_222452_andrew_slow_3,andrew_slow_3,2513746158960895,2026-09-19T22:25:09.284069Z,3.3271174,-7.7174850,-0.8078186,0.5204012,-0.5673153,-0.4761518,6.0744505,-7.6518526,0.8867566,-0.6648670,0.1480493,-0.5795276,0.4474161
gait_20260919_222452_andrew_slow_3,andrew_slow_3,2513746179105833,2026-09-19T22:25:09.303536Z,2.7496657,-7.6630168,-1.4611365,0.3453853,-0.3838892,-0.2978884,6.1577044,-7.5839491,0.8958449,-0.6662451,0.1406519,-0.5795200,0.4477622
gait_20260919_222452_andrew_slow_3,andrew_slow_3,2513746199296913,2026-09-19T22:25:09.324178Z,2.8876317,-7.0308723,-1.3814543,0.1404091,-0.4523534,-0.0877827,6.2101302,-7.5402188,0.9030470,-0.6669462,0.1363069,-0.5798036,0.4476953
gait_20260919_222452_andrew_slow_3,andrew_slow_3,2513746219464190,2026-09-19T22:25:09.343927Z,3.4457800,-6.3574286,-0.5189432,0.0864504,-0.4757521,0.1097159,6.2309771,-7.5271287,0.8679706,-0.6687150,0.1344703,-0.5784070,0.4474187
gait_20260919_222452_andrew_slow_3,andrew_slow_3,2513746239619179,2026-09-19T22:25:09.363942Z,4.0714898,-6.4051628,-0.0800561,0.1820771,-0.3871700,0.3022684,6.2231774,-7.5393500,0.8163397,-0.6707975,0.1341611,-0.5757451,0.4478271
gait_20260919_222452_andrew_slow_3,andrew_slow_3,2513746259779051,2026-09-19T22:25:09.384655Z,4.5947723,-6.7779851,-0.2992004,0.2370350,-0.2372182,0.4677582,6.1840744,-7.5740170,0.7922089,-0.6712620,0.1365911,-0.5740280,0.4486002
gait_20260919_222452_andrew_slow_3,andrew_slow_3,2513746279995562,2026-09-19T22:25:09.404645Z,5.2925324,-7.2016091,-1.4609867,0.2318224,-0.2056757,0.5599709,6.1164446,-7.6281981,0.7973825,-0.6706213,0.1389249,-0.5716511,0.4518651
gait_20260919_222452_andrew_slow_3,andrew_slow_3,2513746300141233,2026-09-19T22:25:09.424963Z,6.2634559,-7.2897458,-1.0517279,0.2421311,-0.2988377,0.5971258,6.0324488,-7.6943836,0.8013311,-0.6697616,0.1422147,-0.5689197,0.4555490
gait_20260919_222452_andrew_slow_3,andrew_slow_3,2513746320310992,2026-09-19T22:25:09.444928Z,7.1268649,-7.1479640,-0.3195511,0.4140161,-0.1747994,0.6511177,6.0183020,-7.7274537,0.5500891,-0.6764397,0.1461077,-0.5603360,0.4550883
gait_20260919_222452_andrew_slow_3,andrew_slow_3,2513746340481321,2026-09-19T22:25:09.465488Z,8.5648823,-7.1610575,-1.3301287,0.5203180,0.0761916,0.6656232,5.9775505,-7.7596436,0.5412487,-0.6758076,0.1475266,-0.5579391,0.4585018
gait_20260919_222452_andrew_slow_3,andrew_slow_3,2513746360622719,2026-09-19T22:25:09.485323Z,10.4178448,-7.2428341,-2.7378445,0.4192954,-0.0392366,0.5686309,5.8725743,-7.8326426,0.6314222,-0.6715996,0.1511035,-0.5572497,0.4643216
gait_20260919_222452_andrew_slow_3,andrew_slow_3,2513746380817706,2026-09-19T22:25:09.505240Z,11.6968727,-7.0602765,-2.0299838,0.2857144,-0.5657831,0.3392734,5.7816629,-7.8941431,0.7007105,-0.6682532,0.1541775,-0.5563576,0.4691835
gait_20260919_222452_andrew_slow_3,andrew_slow_3,2513746400985471,2026-09-19T22:25:09.525492Z,9.9089279,-6.8382139,-0.3704279,0.5139229,-0.9556510,0.2314393,5.7343402,-7.9301610,0.6826590,-0.6689538,0.1541992,-0.5527927,0.4723808
gait_20260919_222452_andrew_slow_3,andrew_slow_3,2513746421155475,2026-09-19T22:25:09.546501Z,6.8738279,-6.5580177,0.3111714,0.7203813,-0.6555144,0.4381642,5.7159295,-7.9464998,0.6460782,-0.6713941,0.1498458,-0.5471171,0.4769057
gait_20260919_222452_andrew_slow_3,andrew_slow_3,2513746441298785,2026-09-19T22:25:09.565647Z,4.2439470,-7.4322004,0.5907693,0.7452456,-0.1225228,0.6246713,5.7338409,-7.9321718,0.6632053,-0.6713310,0.1444107,-0.5442083,0.4819727
gait_20260919_222452_andrew_slow_3,andrew_slow_3,2513746461492389,2026-09-19T22:25:09.586931Z,2.8172271,-11.0975742,0.2026841,0.6709858,0.3768446,0.7851483,5.6362090,-7.9926190,0.7663578,-0.6672174,0.1453571,-0.5424064,0.4893748
gait_20260919_222452_andrew_slow_3,andrew_slow_3,2513746481660764,2026-09-19T22:25:09.605803Z,2.3647232,-18.1012878,-7.3818474,0.4578825,0.6451889,0.9960368,5.5024128,-8.0696630,0.9165815,-0.6603122,0.1504367,-0.5432030,0.4962733
gait_20260919_222452_andrew_slow_3,andrew_slow_3,2513746501840900,2026-09-19T22:25:09.627647Z,6.4873886,-20.4777565,-8.9012680,-0.3754123,0.0674650,0.9610636,5.3262587,-8.1690168,1.0650131,-0.6524317,0.1592560,-0.5444050,0.5025871
gait_20260919_222452_andrew_slow_3,andrew_slow_3,2513746521973020,2026-09-19T22:25:09.646028Z,6.2383919,-11.7391453,1.4437037,0.0715618,0.0164707,0.4530528,5.1510878,-8.2875710,1.0092517,-0.6517111,0.1705695,-0.5404636,0.5040613
gait_20260919_222452_andrew_slow_3,andrew_slow_3,2513746542168414,2026-09-19T22:25:09.666259Z,4.2295070,-7.8850040,3.5172319,0.4469076,-0.7959234,0.4817142,5.0754685,-8.3341856,1.0085050,-0.6504003,0.1755488,-0.5397148,0.5048466
gait_20260919_222452_andrew_slow_3,andrew_slow_3,2513746562335732,2026-09-19T22:25:09.686817Z,3.7743094,-5.1860652,2.7145758,0.0809047,-1.0655668,0.4856112,4.9610362,-8.3700209,1.2517884,-0.6425317,0.1723846,-0.5400559,0.5155348
gait_20260919_222452_andrew_slow_3,andrew_slow_3,2513746582481688,2026-09-19T22:25:09.706776Z,2.7263973,-4.0743327,2.2551885,-0.1413583,-0.7518405,0.3599409,4.9041610,-8.4162426,1.1628340,-0.6465613,0.1707674,-0.5317727,0.5196296
gait_20260919_222452_andrew_slow_3,andrew_slow_3,2513746602674436,2026-09-19T22:25:09.727483Z,1.4708629,-4.3998694,1.7413328,-0.1445226,-0.4611633,0.2736903,4.8586092,-8.4559259,1.0617714,-0.6503113,0.1717701,-0.5260043,0.5204899
gait_20260919_222452_andrew_slow_3,andrew_slow_3,2513746622843992,2026-09-19T22:25:09.747856Z,1.1089643,-6.3747864,1.7072154,-0.0042801,-0.3349267,0.4341007,4.8217711,-8.4855404,0.9910855,-0.6525770,0.1737459,-0.5227393,0.5202878
gait_20260919_222452_andrew_slow_3,andrew_slow_3,2513746643011554,2026-09-19T22:25:09.768008Z,2.2692542,-9.4414597,1.7898154,0.1256038,-0.3603572,0.7290747,4.7567244,-8.5260305,0.9573272,-0.6531195,0.1767097,-0.5198738,0.5214785
gait_20260919_222452_andrew_slow_3,andrew_slow_3,2513746663179889,2026-09-19T22:25:09.787493Z,4.1068788,-11.7271738,2.1425111,0.2210473,-0.5955270,0.8126273,4.2353735,-8.7789850,1.1077702,-0.6444260,0.1931283,-0.5094128,0.5365773
gait_20260919_222452_andrew_slow_3,andrew_slow_3,2513746683350340,2026-09-19T22:25:09.808972Z,5.0359788,-11.7137814,2.5571570,0.2946742,-0.9111018,0.4923894,4.0985241,-8.8448153,1.0988514,-0.6439468,0.1962169,-0.5030711,0.5419879
gait_20260919_222452_andrew_slow_3,andrew_slow_3,2513746703518268,2026-09-19T22:25:09.828947Z,4.0207624,-9.3361149,2.5376294,0.3963130,-1.0434504,0.1225561,4.0221286,-8.8823509,1.0781728,-0.6452249,0.1951789,-0.4964236,0.5469494
gait_20260919_222452_andrew_slow_3,andrew_slow_3,2513746723661660,2026-09-19T22:25:09.847920Z,2.9468882,-7.6910739,2.3546975,0.5353731,-0.8638380,0.0098758,4.0215588,-8.8840666,1.0660959,-0.6473410,0.1900132,-0.4912165,0.5509546
gait_20260919_222452_andrew_slow_3,andrew_slow_3,2513746743856606,2026-09-19T22:25:09.868777Z,2.6474633,-7.2979755,1.8740613,0.7115214,-0.4201114,0.0363388,4.0411720,-8.8724861,1.0881364,-0.6482614,0.1843504,-0.4879980,0.5546442
gait_20260919_222452_andrew_slow_3,andrew_slow_3,2513746764025226,2026-09-19T22:25:09.888593Z,2.7654526,-7.9732156,1.1140519,0.8032345,0.1065850,0.0212504,4.0448623,-8.8594561,1.1769598,-0.6459833,0.1803713,-0.4876212,0.5589252
gait_20260919_222452_andrew_slow_3,andrew_slow_3,2513746784193438,2026-09-19T22:25:09.909065Z,2.8641386,-8.6098490,0.5305401,0.7556543,0.6244048,-0.0034807,4.0378733,-8.8413630,1.3274004,-0.6404729,0.1788661,-0.4910115,0.5627692
gait_20260919_222452_andrew_slow_3,andrew_slow_3,2513746804362994,2026-09-19T22:25:09.928785Z,2.8255322,-9.0201550,0.2650082,0.5891319,1.1119312,0.0211338,4.0177851,-8.8212833,1.5094676,-0.6326953,0.1803729,-0.4976266,0.5652699
gait_20260919_222452_andrew_slow_3,andrew_slow_3,2513746824506752,2026-09-19T22:25:09.948369Z,2.9451673,-9.3008747,0.2180220,0.3750126,1.4482902,0.1127636,3.9463263,-8.8267565,1.6586119,-0.6241910,0.1874683,-0.5052559,0.5656481
gait_20260919_222452_andrew_slow_3,andrew_slow_3,2513746844699176,2026-09-19T22:25:09.969035Z,3.3518825,-9.1822128,0.2757821,0.1775473,1.5120580,0.2248444,3.7492516,-8.9261074,1.5823449,-0.6199837,0.2062558,-0.5061288,0.5629497
gait_20260919_222452_andrew_slow_3,andrew_slow_3,2513746864871579,2026-09-19T22:25:09.989629Z,3.4992006,-8.8892965,0.3732710,0.0355228,1.3173239,0.3239518,3.6309905,-8.9893961,1.4975901,-0.6160320,0.2231207,-0.5099453,0.5573847
gait_20260919_222452_andrew_slow_3,andrew_slow_3,2513746885017047,2026-09-19T22:25:10.009304Z,3.7714663,-8.5889740,0.5281459,-0.0321587,0.9625124,0.4517372,3.5321708,-9.0133362,1.5873419,-0.6076833,0.2343056,-0.5180472,0.5544809
gait_20260919_222452_andrew_slow_3,andrew_slow_3,2513746905206662,2026-09-19T22:25:10.029487Z,4.2793365,-8.6049109,0.7662942,-0.0110748,0.5692804,0.5321089,3.4207890,-9.0456953,1.6461152,-0.6009691,0.2445705,-0.5231989,0.5525255
gait_20260919_222452_andrew_slow_3,andrew_slow_3,2513746925375242,2026-09-19T22:25:10.049454Z,4.5422497,-8.5793972,0.8883237,0.0950105,0.1801453,0.5540088,3.3765166,-9.0668516,1.6209441,-0.5970001,0.2524286,-0.5255625,0.5510488
gait_20260919_222452_andrew_slow_3,andrew_slow_3,2513746945538490,2026-09-19T22:25:10.069516Z,4.5709052,-8.4918594,1.0411785,0.2677615,-0.1323486,0.5618528,3.4264524,-9.0593824,1.5566459,-0.5978109,0.2545330,-0.5274275,0.5474079
gait_20260919_222452_andrew_slow_3,andrew_slow_3,2513746965713092,2026-09-19T22:25:10.089887Z,4.5233951,-8.2231846,1.0137199,0.4252075,-0.2282751,0.5450656,3.4365594,-9.0566931,1.5499958,-0.5975091,0.2547171,-0.5276903,0.5473985
gait_20260919_222452_andrew_slow_3,andrew_slow_3,2513746985882403,2026-09-19T22:25:10.110062Z,4.2681136,-8.2439842,0.8379706,0.5408855,-0.2429638,0.5034309,3.3670919,-9.0737181,1.6020144,-0.5948559,0.2555831,-0.5263795,0.5511338
gait_20260919_222452_andrew_slow_3,andrew_slow_3,2513747006025429,2026-09-19T22:25:10.130885Z,4.1571569,-8.3124437,0.6725462,0.5956602,-0.3168239,0.4827468,3.2928290,-9.0871639,1.6783491,-0.5914180,0.2558895,-0.5252904,0.5557115
gait_20260919_222452_andrew_slow_3,andrew_slow_3,2513747026220212,2026-09-19T22:25:10.150941Z,4.0410385,-8.1825581,0.5610662,0.5629686,-0.4064718,0.4731874,3.2251062,-9.0960999,1.7594746,-0.5880454,0.2555202,-0.5241565,0.5605106
gait_20260919_222452_andrew_slow_3,andrew_slow_3,2513747046388873,2026-09-19T22:25:10.170911Z,4.0052004,-8.0499048,0.5746832,0.4703063,-0.4363989,0.4724047,3.1565461,-9.1052294,1.8349862,-0.5851148,0.2546942,-0.5223038,0.5656592
gait_20260919_222452_andrew_slow_3,andrew_slow_3,2513747066558062,2026-09-19T22:25:10.190724Z,4.2778397,-8.2682257,0.6569091,0.3398729,-0.4014590,0.4666924,3.0880287,-9.1166821,1.8937553,-0.5827742,0.2541717,-0.5200278,0.5703878
gait_20260919_222452_andrew_slow_3,andrew_slow_3,2513747086728148,2026-09-19T22:25:10.211396Z,4.6107087,-8.7980175,0.8301146,0.1914699,-0.3046166,0.4160146,3.0321198,-9.1295261,1.9220103,-0.5814772,0.2542177,-0.5177402,0.5737620
gait_20260919_222452_andrew_slow_3,andrew_slow_3,2513747106894610,2026-09-19T22:25:10.231077Z,4.6864252,-9.4007578,1.0534488,0.0876995,-0.1353629,0.3737969,3.0703728,-9.1273432,1.8709723,-0.5836833,0.2533274,-0.5167567,0.5728016
gait_20260919_222452_andrew_slow_3,andrew_slow_3,2513747127043252,2026-09-19T22:25:10.251375Z,4.6406364,-9.6632223,1.2495488,0.0557073,0.0856677,0.3182894,3.0096326,-9.1464424,1.8763833,-0.5823089,0.2558810,-0.5157586,0.5739636
gait_20260919_222452_andrew_slow_3,andrew_slow_3,2513747147232542,2026-09-19T22:25:10.271822Z,4.2075100,-9.4744549,1.3854197,0.0982913,0.3118277,0.2654133,2.9475541,-9.1638937,1.8897313,-0.5800169,0.2596841,-0.5162699,0.5741168
gait_20260919_222452_andrew_slow_3,andrew_slow_3,2513747167401487,2026-09-19T22:25:10.292702Z,3.8248868,-9.3578119,1.3116485,0.1647737,0.5223331,0.2937416,2.8885303,-9.1756344,1.9236013,-0.5764717,0.2641651,-0.5185362,0.5736005
gait_20260919_222452_andrew_slow_3,andrew_slow_3,2513747187569903,2026-09-19T22:25:10.312838Z,4.0221090,-9.2711716,0.9730933,0.2199648,0.6026049,0.3491158,2.8176613,-9.1853924,1.9812759,-0.5713193,0.2696746,-0.5221658,0.5728986
gait_20260919_222452_andrew_slow_3,andrew_slow_3,2513747207739093,2026-09-19T22:25:10.332215Z,4.5325232,-9.3131456,0.7302315,0.2372016,0.5688141,0.3947475,2.7544403,-9.1933250,2.0327244,-0.5661763,0.2754035,-0.5261868,0.5715985
gait_20260919_222452_andrew_slow_3,andrew_slow_3,2513747227908608,2026-09-19T22:25:10.352255Z,5.2800379,-9.3489084,0.5530606,0.2535890,0.5102923,0.4426441,2.6671128,-9.2036991,2.1010778,-0.5601492,0.2812517,-0.5297657,0.5713832
gait_20260919_222452_andrew_slow_3,andrew_slow_3,2513747248076170,2026-09-19T22:25:10.372962Z,6.3870568,-10.2756147,0.3296517,0.2352031,0.5173702,0.4895748,2.5645874,-9.2158861,2.1740451,-0.5538262,0.2870426,-0.5327216,0.5719187
gait_20260919_222452_andrew_slow_3,andrew_slow_3,2513747268245441,2026-09-19T22:25:10.392602Z,9.1263971,-11.3664722,-1.8107647,0.1125970,1.1119312,0.4346336,2.4529257,-9.2295904,2.2436445,-0.5473918,0.2930827,-0.5353506,0.5725945
gait_20260919_222452_andrew_slow_3,andrew_slow_3,2513747288414997,2026-09-19T22:25:10.412652Z,10.4704428,-11.4731646,-5.3308396,-0.8266332,3.7283430,-0.2870467,2.3245654,-9.2454500,2.3139124,-0.5391943,0.3019691,-0.5401284,0.5712666
gait_20260919_222452_andrew_slow_3,andrew_slow_3,2513747308564899,2026-09-19T22:25:10.432905Z,6.9566522,-10.1389208,-4.3168955,-2.3515313,3.0555584,-1.1537659,2.1918731,-9.2700348,2.3448400,-0.5227956,0.3270524,-0.5602157,0.5530641
gait_20260919_222452_andrew_slow_3,andrew_slow_3,2513747328753050,2026-09-19T22:25:10.453340Z,5.6628108,-9.3861685,0.3005471,-3.0829709,0.3007695,-1.9189296,2.2478671,-9.3217764,2.0706792,-0.5181720,0.3545161,-0.5781895,0.5210693
gait_20260919_222452_andrew_slow_3,andrew_slow_3,2513747348922198,2026-09-19T22:25:10.473705Z,4.9156704,-10.4897461,1.7931074,-2.8117454,-1.6032881,-2.3794765,2.5846961,-9.3440418,1.4981076,-0.5371559,0.3671150,-0.5804990,0.4896029
gait_20260919_222452_andrew_slow_3,andrew_slow_3,2513747369102048,2026-09-19T22:25:10.493488Z,4.7725420,-12.4905500,2.4860792,-1.8170242,-1.0396867,-2.6180604,3.0720773,-9.2764835,0.8633163,-0.5680948,0.3645422,-0.5738794,0.4637240
gait_20260919_222452_andrew_slow_3,andrew_slow_3,2513747389232908,2026-09-19T22:25:10.513979Z,3.5920508,-13.3077965,2.1357028,-0.9327353,-1.0158383,-2.5361400,3.5723209,-9.1262970,0.4305562,-0.5918168,0.3569167,-0.5735960,0.4397169
gait_20260919_222452_andrew_slow_3,andrew_slow_3,2513747409427406,2026-09-19T22:25:10.534281Z,2.0598364,-15.1169147,2.9366381,-0.6673386,-0.8153086,-2.2231464,4.0453162,-8.9351206,0.1874927,-0.6091436,0.3448629,-0.5773047,0.4203964
gait_20260919_222452_andrew_slow_3,andrew_slow_3,2513747429596352,2026-09-19T22:25:10.554535Z,-0.0098013,-15.0337162,3.3470192,-0.6564636,0.5737270,-1.7485768,4.4470358,-8.7441397,-0.0045374,-0.6236311,0.3328987,-0.5802421,0.4044524
gait_20260919_222452_andrew_slow_3,andrew_slow_3,2513747449766396,2026-09-19T22:25:10.574030Z,0.1468693,-11.5602531,-1.5338603,-0.4347002,1.9565507,-1.3915670,4.7564082,-8.5794506,-0.0756577,-0.6280755,0.3298966,-0.5896751,0.3859698
gait_20260919_222452_andrew_slow_3,andrew_slow_3,2513747469909137,2026-09-19T22:25:10.594649Z,0.0205752,-9.1008091,-3.3438020,-0.5574229,1.8085974,-1.1701533,4.9955478,-8.4427071,0.0365884,-0.6216882,0.3332004,-0.6068877,0.3662904
gait_20260919_222452_andrew_slow_3,andrew_slow_3,2513747490103961,2026-09-19T22:25:10.615215Z,-0.1634043,-7.9066267,0.7116016,-0.5167874,0.1632582,-0.8328452,4.7733154,-8.5680561,-0.2000075,-0.6179686,0.3579018,-0.6038088,0.3541696
gait_20260919_222452_andrew_slow_3,andrew_slow_3,2513747510270994,2026-09-19T22:25:10.635435Z,1.0089315,-7.0118685,2.7429321,-0.0245479,-1.2259272,-0.5468643,4.9199839,-8.4828167,-0.2677785,-0.6199957,0.3592106,-0.6078404,0.3422034
gait_20260919_222452_andrew_slow_3,andrew_slow_3,2513747530431964,2026-09-19T22:25:10.655449Z,2.4601920,-6.6501946,1.5666310,0.3788597,-1.4020756,-0.4165142,5.0040460,-8.4283009,-0.3992310,-0.6282398,0.3543316,-0.6031988,0.3404633
gait_20260919_222452_andrew_slow_3,andrew_slow_3,2513747550613239,2026-09-19T22:25:10.677396Z,3.9683893,-6.9823899,1.0399814,0.4935052,-0.4140660,-0.4393467,5.0594859,-8.3905544,-0.4861469,-0.6362062,0.3464948,-0.5976708,0.3434716
gait_20260919_222452_andrew_slow_3,andrew_slow_3,2513747570772133,2026-09-19T22:25:10.695033Z,5.1324949,-7.3412957,0.3872621,0.4743865,0.4583488,-0.5894650,5.1261110,-8.3518591,-0.4533680,-0.6378040,0.3412387,-0.5988848,0.3436559
gait_20260919_222452_andrew_slow_3,andrew_slow_3,2513747590945636,2026-09-19T22:25:10.715328Z,5.7344871,-7.2798696,-0.7266402,0.2864971,0.6683545,-0.7436801,5.2262225,-8.2956324,-0.3243077,-0.6341457,0.3384411,-0.6067171,0.3394280
gait_20260919_222452_andrew_slow_3,andrew_slow_3,2513747611115517,2026-09-19T22:25:10.735958Z,4.9603372,-7.3861871,-0.4991910,0.0936283,0.3872366,-0.7761219,5.3536654,-8.2180033,-0.1970009,-0.6300548,0.3364720,-0.6160585,0.3320987
gait_20260919_222452_andrew_slow_3,andrew_slow_3,2513747631284259,2026-09-19T22:25:10.755693Z,3.0712371,-8.0627737,-0.1433528,0.1368285,0.2140360,-0.6779971,5.4845214,-8.1324911,-0.1369143,-0.6286082,0.3346301,-0.6228495,0.3239337
gait_20260919_222452_andrew_slow_3,andrew_slow_3,2513747651452634,2026-09-19T22:25:10.776398Z,2.1322610,-8.3889837,0.0853683,0.2866970,-0.0695967,-0.5496455,5.5967498,-8.0562716,-0.0948284,-0.6280645,0.3324747,-0.6279566,0.3172791
gait_20260919_222452_andrew_slow_3,andrew_slow_3,2513747671622760,2026-09-19T22:25:10.796142Z,1.9636943,-8.2361288,0.1166425,0.3229026,-0.5957268,-0.3809581,5.6854796,-7.9942913,-0.0523571,-0.6280084,0.3293855,-0.6316492,0.3132572
gait_20260919_222452_andrew_slow_3,andrew_slow_3,2513747691781004,2026-09-19T22:25:10.817055Z,2.3722050,-7.7383590,0.4109049,0.2417148,-0.8081641,-0.1816275,5.7461495,-7.9507127,-0.0635592,-0.6306636,0.3252965,-0.6315388,0.3124170
gait_20260919_222452_andrew_slow_3,andrew_slow_3,2513747711959430,2026-09-19T22:25:10.836297Z,3.1289225,-7.2584715,0.5942109,0.1948007,-0.5221332,0.0422343,5.7747149,-7.9293194,-0.1211029,-0.6346909,0.3221321,-0.6287574,0.3131494
gait_20260919_222452_andrew_slow_3,andrew_slow_3,2513747732128782,2026-09-19T22:25:10.856345Z,4.1348610,-7.1242466,0.4992659,0.2283750,-0.1504181,0.1868568,5.7669716,-7.9343500,-0.1556775,-0.6363413,0.3217532,-0.6268698,0.3139727
gait_20260919_222452_andrew_slow_3,andrew_slow_3,2513747752299111,2026-09-19T22:25:10.877136Z,5.0389714,-7.1886654,0.2974796,0.3170404,-0.0353229,0.2746229,5.7358556,-7.9571977,-0.1382323,-0.6348404,0.3234258,-0.6271799,0.3146728
gait_20260919_222452_andrew_slow_3,andrew_slow_3,2513747772462075,2026-09-19T22:25:10.896840Z,5.9804912,-7.2939353,0.4926818,0.4633949,-0.0623689,0.3480333,5.6923289,-7.9890690,-0.0909657,-0.6319837,0.3253732,-0.6283450,0.3160881
gait_20260919_222452_andrew_slow_3,andrew_slow_3,2513747792634683,2026-09-19T22:25:10.917141Z,6.9045782,-7.2991729,0.0175824,0.6034376,-0.0203344,0.4023750,5.6371512,-8.0285769,-0.0241712,-0.6286122,0.3267795,-0.6295569,0.3189360
gait_20260919_222452_andrew_slow_3,andrew_slow_3,2513747812803994,2026-09-19T22:25:10.937290Z,7.4365401,-6.9925652,-0.3681833,0.6324986,0.0129900,0.3851548,5.6419020,-8.0249958,0.0671015,-0.6254456,0.3255932,-0.6323643,0.3208150
gait_20260919_222452_andrew_slow_3,andrew_slow_3,2513747832973021,2026-09-19T22:25:10.957671Z,7.4398322,-6.6072483,-0.6295254,0.5740601,-0.0307431,0.3259169,5.6134949,-8.0435228,0.1628666,-0.6215842,0.3254593,-0.6348551,0.3235248
gait_20260919_222452_andrew_slow_3,andrew_slow_3,2513747853141355,2026-09-19T22:25:10.977849Z,7.5809402,-6.4140663,-0.8148516,0.4245580,0.0017154,0.2687940,5.7219801,-7.9662600,0.1838335,-0.6222408,0.3221165,-0.6373632,0.3206642
gait_20260919_222452_andrew_slow_3,andrew_slow_3,2513747873312702,2026-09-19T22:25:10.998014Z,7.9598227,-6.6190701,-0.7219266,0.3071147,0.1612931,0.1925691,5.8400378,-7.8803964,0.1715626,-0.6239458,0.3194743,-0.6393248,0.3160565
gait_20260919_222452_andrew_slow_3,andrew_slow_3,2513747893455198,2026-09-19T22:25:11.019726Z,8.0065098,-6.8383636,-0.4335001,0.3600574,0.1961164,0.1448557,5.8211465,-7.8928342,0.2314024,-0.6205626,0.3212326,-0.6419128,0.3156892
gait_20260919_222452_andrew_slow_3,andrew_slow_3,2513747913650308,2026-09-19T22:25:11.038537Z,7.9014640,-6.6063509,-0.2764555,0.4810647,-0.1376778,0.1367119,5.8019481,-7.9042521,0.3103071,-0.6165088,0.3227242,-0.6452100,0.3153889
gait_20260919_222452_andrew_slow_3,andrew_slow_3,2513747933816526,2026-09-19T22:25:11.058736Z,7.4636993,-6.1802578,-0.3096750,0.4783834,-0.5026315,0.1244380,5.8018370,-7.9018021,0.3692259,-0.6144742,0.3218979,-0.6471668,0.3161935
gait_20260919_222452_andrew_slow_3,andrew_slow_3,2513747953986488,2026-09-19T22:25:11.078914Z,6.5681181,-6.3485999,0.0253636,0.4541353,-0.5238319,0.1985645,5.9766474,-7.7723503,0.3261630,-0.6196704,0.3149452,-0.6478730,0.3115747
gait_20260919_222452_andrew_slow_3,andrew_slow_3,2513747974128945,2026-09-19T22:25:11.098084Z,5.3271737,-6.7996078,-0.5342063,0.5765749,-0.2031110,0.4117012,5.9556699,-7.7883706,0.3276908,-0.6201770,0.3136852,-0.6465647,0.3145413
gait_20260919_222452_andrew_slow_3,andrew_slow_3,2513747994322385,2026-09-19T22:25:11.118669Z,4.6413846,-7.0803280,-0.9299229,0.7470775,-0.1174267,0.7389004,5.8958917,-7.8309188,0.3889504,-0.6173778,0.3140991,-0.6470038,0.3187046
gait_20260919_222452_andrew_slow_3,andrew_slow_3,2513748014471596,2026-09-19T22:25:11.138502Z,5.5324764,-9.3079081,-1.6714520,0.9366323,-0.1365620,1.0124742,5.7828894,-7.9089184,0.4932507,-0.6121222,0.3157906,-0.6477190,0.3256423
gait_20260919_222452_andrew_slow_3,andrew_slow_3,2513748034661130,2026-09-19T22:25:11.159416Z,7.0435920,-15.1490116,-3.8008699,0.8931323,0.0510942,0.9816644,5.6216946,-8.0151386,0.6246774,-0.6055229,0.3177736,-0.6477395,0.3358505
gait_20260919_222452_andrew_slow_3,andrew_slow_3,2513748054828815,2026-09-19T22:25:11.179658Z,9.6002254,-20.4389267,-2.5056069,0.1835593,0.0097092,0.7151020,5.4562221,-8.1152639,0.7799011,-0.5975826,0.3202305,-0.6488622,0.3454351
gait_20260919_222452_andrew_slow_3,andrew_slow_3,2513748074998614,2026-09-19T22:25:11.199285Z,9.2161798,-16.9193001,2.0192847,-0.2622157,-0.4562337,0.2164008,5.3327727,-8.1926298,0.8236938,-0.5928546,0.3253947,-0.6486155,0.3491985
gait_20260919_222452_andrew_slow_3,andrew_slow_3,2513748095158161,2026-09-19T22:25:11.219914Z,3.2694321,-8.0707788,2.3197570,-0.4109518,-0.8598411,-0.2899611,5.2937312,-8.2262459,0.7358025,-0.5941957,0.3297068,-0.6458275,0.3480399
gait_20260919_222452_andrew_slow_3,andrew_slow_3,2513748115310829,2026-09-19T22:25:11.240018Z,0.1964742,-3.8995559,2.5973349,-0.3935984,-0.2329715,-0.4211273,5.3511147,-8.2018452,0.5756947,-0.6010369,0.3295878,-0.6414776,0.3444315
gait_20260919_222452_andrew_slow_3,andrew_slow_3,2513748135506387,2026-09-19T22:25:11.259472Z,-1.2137854,-3.5034652,2.8155811,-0.1719349,0.3226694,-0.1706359,5.4254212,-8.1595755,0.4714534,-0.6047443,0.3307795,-0.6409613,0.3376952
gait_20260919_222452_andrew_slow_3,andrew_slow_3,2513748155675657,2026-09-19T22:25:11.280458Z,-0.4094833,-5.6417866,2.4943092,0.0209673,0.1054026,0.4523534,5.4556522,-8.1386642,0.4838624,-0.6023470,0.3341074,-0.6446822,0.3315648
gait_20260919_222452_andrew_slow_3,andrew_slow_3,2513748175828612,2026-09-19T22:25:11.300044Z,1.8501942,-9.2920465,1.9476831,0.0182027,-0.3994939,0.9150155,5.3839979,-8.1848726,0.5064940,-0.5984678,0.3392357,-0.6456735,0.3314532
gait_20260919_222452_andrew_slow_3,andrew_slow_3,2513748196011310,2026-09-19T22:25:11.320286Z,3.5755157,-12.1192245,2.1442320,-0.1313993,-1.0071615,0.9651771,4.9580898,-8.4425936,0.6132373,-0.5872405,0.3513201,-0.6413141,0.3470432
gait_20260919_222452_andrew_slow_3,andrew_slow_3,2513748216194416,2026-09-19T22:25:11.340429Z,4.2497830,-13.3665285,2.4470239,-0.3002200,-1.4886593,0.6115481,4.7970619,-8.5425930,0.4984190,-0.5889642,0.3567653,-0.6329631,0.3538327
gait_20260919_222452_andrew_slow_3,andrew_slow_3,2513748236350869,2026-09-19T22:25:11.360762Z,3.6157682,-11.7550812,2.6639984,-0.3454353,-1.3748631,0.2086401,4.6953030,-8.6079311,0.3062339,-0.5957345,0.3593157,-0.6220067,0.3593054
gait_20260919_222452_andrew_slow_3,andrew_slow_3,2513748256492389,2026-09-19T22:25:11.381444Z,2.4326587,-8.6322193,2.6013002,-0.1480033,-0.7112383,0.0891150,4.6625366,-8.6304684,0.1090354,-0.6038547,0.3598184,-0.6125659,0.3614601
gait_20260919_222452_andrew_slow_3,andrew_slow_3,2513748276686318,2026-09-19T22:25:11.401401Z,1.8258033,-6.6560302,2.3960721,0.3199382,0.1956001,0.1047364,4.6275392,-8.6498814,0.0393120,-0.6062249,0.3608640,-0.6089243,0.3626012
gait_20260919_222452_andrew_slow_3,andrew_slow_3,2513748296837564,2026-09-19T22:25:11.421162Z,1.6490064,-6.4131684,1.4989947,0.7654301,1.1137965,0.1191753,4.6082983,-8.6596527,0.1005511,-0.6027406,0.3623767,-0.6116390,0.3623322
gait_20260919_222452_andrew_slow_3,andrew_slow_3,2513748316998085,2026-09-19T22:25:11.441914Z,1.7992426,-7.1325512,0.7275380,0.8916334,1.5396701,0.2371183,4.5820827,-8.6676521,0.3353314,-0.5915046,0.3643297,-0.6218017,0.3615921
gait_20260919_222452_andrew_slow_3,andrew_slow_3,2513748337193195,2026-09-19T22:25:11.461579Z,2.6492591,-8.2953100,0.2309656,0.7054261,1.4895086,0.3847885,4.5270481,-8.6795340,0.6384803,-0.5761377,0.3676595,-0.6348659,0.3603293
gait_20260919_222452_andrew_slow_3,andrew_slow_3,2513748357361123,2026-09-19T22:25:11.481495Z,3.6263926,-9.1585693,0.1337012,0.3145423,1.1488197,0.4485896,4.4359221,-8.7028790,0.9047777,-0.5609255,0.3726103,-0.6462125,0.3590731
gait_20260919_222452_andrew_slow_3,andrew_slow_3,2513748377531452,2026-09-19T22:25:11.502836Z,4.0989480,-9.4302368,0.2972551,-0.1244546,0.6704696,0.4550013,4.2962050,-8.7597771,1.0222716,-0.5498964,0.3822822,-0.6507159,0.3578313
gait_20260919_222452_andrew_slow_3,andrew_slow_3,2513748397699135,2026-09-19T22:25:11.522427Z,4.2574892,-9.2335377,0.6458359,-0.4333512,0.2843654,0.4831797,4.2006736,-8.8010807,1.0636975,-0.5425718,0.3898770,-0.6537739,0.3552345
gait_20260919_222452_andrew_slow_3,andrew_slow_3,2513748417865721,2026-09-19T22:25:11.541959Z,4.4720693,-9.0511303,0.9926211,-0.5113248,0.1277021,0.5557241,4.1095710,-8.8501282,1.0113117,-0.5389937,0.3981556,-0.6531413,0.3526535
gait_20260919_222452_andrew_slow_3,andrew_slow_3,2513748438036172,2026-09-19T22:25:11.562258Z,4.8579850,-8.7564182,1.2693009,-0.3691338,0.2166007,0.6273193,4.0088549,-8.9054136,0.9267218,-0.5365210,0.4068016,-0.6508883,0.3507169
gait_20260919_222452_andrew_slow_3,andrew_slow_3,2513748458209146,2026-09-19T22:25:11.582663Z,5.2033486,-8.3569613,1.3842975,-0.1225561,0.3359759,0.5983748,3.8947318,-8.9613476,0.8726051,-0.5326557,0.4151828,-0.6493629,0.3496128
gait_20260919_222452_andrew_slow_3,andrew_slow_3,2513748478375405,2026-09-19T22:25:11.602935Z,5.1743188,-8.2267017,1.4445267,0.1058522,0.1563802,0.5198849,3.9144475,-8.9479828,0.9202302,-0.5282347,0.4176854,-0.6532249,0.3461274
gait_20260919_222452_andrew_slow_3,andrew_slow_3,2513748498543903,2026-09-19T22:25:11.624255Z,5.1888337,-8.1541271,1.2617443,0.2705760,-0.1982148,0.5030978,4.0439639,-8.8788834,1.0236685,-0.5255582,0.4140441,-0.6600677,0.3415649
gait_20260919_222452_andrew_slow_3,andrew_slow_3,2513748518713906,2026-09-19T22:25:11.643074Z,5.0635872,-8.2175732,1.2474539,0.4342839,-0.5372716,0.4638945,4.1027718,-8.8454704,1.0775062,-0.5248393,0.4113261,-0.6627288,0.3408009
gait_20260919_222452_andrew_slow_3,andrew_slow_3,2513748538895058,2026-09-19T22:25:11.663163Z,4.5932012,-8.2158527,1.1048492,0.5949441,-0.6551313,0.3827401,4.0627542,-8.8592491,1.1152810,-0.5241782,0.4097083,-0.6621643,0.3448403
gait_20260919_222452_andrew_slow_3,andrew_slow_3,2513748559049803,2026-09-19T22:25:11.683345Z,4.2620530,-8.4160681,0.8523358,0.6615098,-0.4526198,0.3044667,4.0091834,-8.8771410,1.1657436,-0.5235902,0.4071955,-0.6608977,0.3510832
gait_20260919_222452_andrew_slow_3,andrew_slow_3,2513748579218544,2026-09-19T22:25:11.703477Z,3.9934535,-8.6100731,0.6829460,0.6126139,-0.2063086,0.2758553,3.9660606,-8.8855009,1.2467417,-0.5216615,0.4044775,-0.6613193,0.3562641
gait_20260919_222452_andrew_slow_3,andrew_slow_3,2513748599387368,2026-09-19T22:25:11.723505Z,3.7967551,-8.7154179,0.6453122,0.5040637,-0.1056857,0.2969724,3.9226277,-8.8910351,1.3411133,-0.5182298,0.4028333,-0.6630797,0.3598453
gait_20260919_222452_andrew_slow_3,andrew_slow_3,2513748619555377,2026-09-19T22:25:11.743784Z,3.6317048,-8.7035217,0.6946177,0.3495155,-0.0425341,0.3329615,3.8728719,-8.8997965,1.4249934,-0.5143684,0.4023747,-0.6649015,0.3625269
gait_20260919_222452_andrew_slow_3,andrew_slow_3,2513748639703530,2026-09-19T22:25:11.763955Z,3.5217211,-8.8406649,0.8646061,0.1799621,0.0371216,0.3852714,3.8149207,-8.9148598,1.4858507,-0.5105930,0.4032348,-0.6662050,0.3645099
gait_20260919_222452_andrew_slow_3,andrew_slow_3,2513748659868732,2026-09-19T22:25:11.784200Z,3.7222354,-9.1555767,1.0131962,0.0658495,0.0562569,0.4615463,3.7454247,-8.9381895,1.5220654,-0.5053508,0.4073609,-0.6682467,0.3634888
gait_20260919_222452_andrew_slow_3,andrew_slow_3,2513748680062173,2026-09-19T22:25:11.804256Z,3.8107462,-9.1755533,1.1479449,0.0196016,0.1335477,0.5018488,3.6606951,-8.9704742,1.5381820,-0.5013754,0.4111654,-0.6684193,0.3643917
gait_20260919_222452_andrew_slow_3,andrew_slow_3,2513748700231931,2026-09-19T22:25:11.824910Z,3.8257847,-9.1035776,1.2082489,0.0090597,0.3530295,0.5338076,3.5662358,-9.0064373,1.5498999,-0.4971110,0.4155231,-0.6684107,0.3653058
gait_20260919_222452_andrew_slow_3,andrew_slow_3,2513748720405516,2026-09-19T22:25:11.845231Z,3.9383869,-9.1200380,1.3073838,0.0307431,0.5646840,0.5880161,3.4594615,-9.0437059,1.5746821,-0.4911882,0.4209446,-0.6693959,0.3653066
gait_20260919_222452_andrew_slow_3,andrew_slow_3,2513748740571897,2026-09-19T22:25:11.865384Z,4.0018334,-9.1105356,1.2829180,0.1054359,0.6311330,0.6413252,3.3344731,-9.0829926,1.6176089,-0.4834706,0.4271836,-0.6712570,0.3649445
gait_20260919_222452_andrew_slow_3,andrew_slow_3,2513748760739500,2026-09-19T22:25:11.885545Z,4.2149172,-9.2087727,1.0549451,0.2092896,0.5635681,0.7051929,3.1971018,-9.1215000,1.6771680,-0.4745785,0.4335093,-0.6736775,0.3646966
gait_20260919_222452_andrew_slow_3,andrew_slow_3,2513748780931557,2026-09-19T22:25:11.905333Z,4.4720693,-8.9940434,0.8467992,0.3018520,0.4893084,0.7822339,3.0577080,-9.1565876,1.7445362,-0.4659453,0.4389727,-0.6758689,0.3652384
gait_20260919_222452_andrew_slow_3,andrew_slow_3,2513748801076292,2026-09-19T22:25:11.925809Z,4.7705965,-8.6167316,0.6888567,0.4035907,0.5088434,0.8200549,2.9530325,-9.1819630,1.7908888,-0.4589964,0.4434985,-0.6775377,0.3654777
gait_20260919_222452_andrew_slow_3,andrew_slow_3,2513748821244261,2026-09-19T22:25:11.946031Z,5.4725466,-8.6384296,0.3798551,0.4329849,0.5158048,0.7674119,3.0301967,-9.1670351,1.7376680,-0.4589578,0.4456257,-0.6790411,0.3601094
gait_20260919_222452_andrew_slow_3,andrew_slow_3,2513748841412840,2026-09-19T22:25:11.965419Z,6.7229934,-9.5394726,-0.1765724,0.2975720,0.3678681,0.5866671,2.9003220,-9.1906414,1.8320369,-0.4499509,0.4493562,-0.6819027,0.3614304
gait_20260919_222452_andrew_slow_3,andrew_slow_3,2513748861583575,2026-09-19T22:25:11.985906Z,9.4228296,-11.2886610,-3.5443912,-0.2327716,1.4998673,0.1954336,2.7749200,-9.2129059,1.9126624,-0.4418476,0.4527238,-0.6841924,0.3628952
gait_20260919_222452_andrew_slow_3,andrew_slow_3,2513748881731566,2026-09-19T22:25:12.006459Z,9.0286846,-11.7639847,-3.3848026,-1.3396901,3.3094473,-0.6147789,2.6835101,-9.2324734,1.9484152,-0.4314859,0.4606107,-0.6891018,0.3560850
gait_20260919_222452_andrew_slow_3,andrew_slow_3,2513748901920001,2026-09-19T22:25:12.026633Z,7.4008517,-11.3340015,-1.1186907,-2.2998044,1.8075149,-1.4081542,2.6539068,-9.2521353,1.8949692,-0.4128508,0.4803926,-0.7007809,0.3281513
gait_20260919_222452_andrew_slow_3,andrew_slow_3,2513748922088011,2026-09-19T22:25:12.046508Z,6.3873558,-11.4371767,0.7169886,-2.6484871,-0.5984081,-2.0332420,2.8354545,-9.2570906,1.5819554,-0.4102911,0.4989128,-0.7035569,0.2962349
gait_20260919_222452_andrew_slow_3,andrew_slow_3,2513748942232094,2026-09-19T22:25:12.066995Z,5.1723733,-12.2378120,0.9715222,-2.4447765,-1.4267567,-2.4240925,3.2237861,-9.2054062,1.0506319,-0.4299121,0.5093225,-0.6946000,0.2707340
gait_20260919_222452_andrew_slow_3,andrew_slow_3,2513748962425739,2026-09-19T22:25:12.086610Z,3.7084689,-13.2623806,1.5954362,-1.7194490,-0.4111682,-2.6601281,3.6931152,-9.0755711,0.4806359,-0.4579783,0.5132020,-0.6819896,0.2485356
gait_20260919_222452_andrew_slow_3,andrew_slow_3,2513748982593423,2026-09-19T22:25:12.107416Z,2.4147019,-13.6873522,1.5472529,-1.0412854,-0.1277854,-2.5050969,4.1798759,-8.8741417,0.1199381,-0.4774543,0.5132788,-0.6777549,0.2218798
gait_20260919_222452_andrew_slow_3,andrew_slow_3,2513749002738524,2026-09-19T22:25:12.127049Z,0.2329109,-13.3139315,1.9616742,-0.8003034,0.3760951,-2.2146862,4.6259456,-8.6505070,-0.0738708,-0.4913928,0.5096501,-0.6780776,0.1974859
gait_20260919_222452_andrew_slow_3,andrew_slow_3,2513749022915526,2026-09-19T22:25:12.148307Z,-0.9412205,-11.2766895,-0.9873089,-0.6298341,0.8927992,-1.7415321,5.0111303,-8.4316311,-0.1797206,-0.5002905,0.5062110,-0.6805233,0.1742063
gait_20260919_222452_andrew_slow_3,andrew_slow_3,2513749043101236,2026-09-19T22:25:12.167330Z,-0.1663222,-9.1464491,-2.7940333,-0.7421646,0.3936150,-1.3412555,5.3100920,-8.2463465,-0.1918910,-0.5022634,0.5048382,-0.6854115,0.1519251
gait_20260919_222452_andrew_slow_3,andrew_slow_3,2513749063269448,2026-09-19T22:25:12.187436Z,0.4694880,-8.4766712,0.3618985,-0.8197885,-0.7198817,-1.0352401,5.3216109,-8.2317219,-0.3941252,-0.5024210,0.5132455,-0.6813834,0.1409568
gait_20260919_222452_andrew_slow_3,andrew_slow_3,2513749083439493,2026-09-19T22:25:12.207889Z,1.6228946,-8.6162081,2.4973769,-0.6705195,-1.0821041,-0.8253009,5.4850793,-8.1106548,-0.6060698,-0.5118328,0.5144042,-0.6754977,0.1308371
gait_20260919_222452_andrew_slow_3,andrew_slow_3,2513749103586424,2026-09-19T22:25:12.228255Z,2.3023989,-8.7454205,3.3823335,-0.3493156,-0.9517207,-0.7807351,5.5926423,-8.0164433,-0.8337381,-0.5222829,0.5151116,-0.6678939,0.1256919
gait_20260919_222452_andrew_slow_3,andrew_slow_3,2513749123775673,2026-09-19T22:25:12.248149Z,2.3768437,-8.5507421,3.3324294,0.0193851,-0.4688241,-0.7441298,5.5305052,-8.0730314,-0.6897745,-0.5181113,0.5120255,-0.6722916,0.1319641
gait_20260919_222452_andrew_slow_3,andrew_slow_3,2513749143944294,2026-09-19T22:25:12.268193Z,2.6258407,-8.1034002,2.9492824,0.3134098,0.3275324,-0.7138363,5.5843058,-8.0398235,-0.6425687,-0.5195550,0.5082404,-0.6742003,0.1311806
gait_20260919_222452_andrew_slow_3,andrew_slow_3,2513749164088580,2026-09-19T22:25:12.288434Z,3.1986535,-7.6387005,1.5999253,0.5263966,1.0113417,-0.7546551,5.6986217,-7.9657073,-0.5562112,-0.5193354,0.5041233,-0.6786159,0.1250242
gait_20260919_222452_andrew_slow_3,andrew_slow_3,2513749184284504,2026-09-19T22:25:12.308488Z,3.7728131,-7.2702928,-0.0705541,0.5629519,1.1294012,-0.8007031,5.8263025,-7.8844128,-0.3554306,-0.5143935,0.4990275,-0.6876742,0.1160830
gait_20260919_222452_andrew_slow_3,andrew_slow_3,2513749204451821,2026-09-19T22:25:12.328852Z,4.2411036,-7.3854389,-0.4283376,0.5056459,0.6136464,-0.6987479,5.9587092,-7.7919526,-0.1239002,-0.5085682,0.4931576,-0.6977532,0.1062754
gait_20260919_222452_andrew_slow_3,andrew_slow_3,2513749224619017,2026-09-19T22:25:12.349515Z,4.9657240,-7.5360489,-0.1170914,0.5380877,-0.1152783,-0.4852948,6.0711393,-7.7055812,0.0374245,-0.5056900,0.4877597,-0.7046866,0.0989192
gait_20260919_222452_andrew_slow_3,andrew_slow_3,2513749244787880,2026-09-19T22:25:12.369243Z,5.1901054,-7.4074354,0.1953519,0.7073913,-0.6574628,-0.3245013,6.1486025,-7.6432266,0.1090868,-0.5071556,0.4824537,-0.7075484,0.0969902
gait_20260919_222452_andrew_slow_3,andrew_slow_3,2513749264959430,2026-09-19T22:25:12.389419Z,4.8289552,-7.4328742,0.1178396,0.8375582,-1.1069351,-0.2442795,6.1999669,-7.6011934,0.1355683,-0.5115535,0.4763426,-0.7081296,0.0998162
gait_20260919_222452_andrew_slow_3,andrew_slow_3,2513749285104124,2026-09-19T22:25:12.410597Z,4.5069351,-7.6502228,0.2320879,0.8303137,-1.2902446,-0.1499851,6.2407632,-7.5678806,0.1271600,-0.5186731,0.4689909,-0.7069284,0.1061978
gait_20260919_222452_andrew_slow_3,andrew_slow_3,2513749305294717,2026-09-19T22:25:12.430167Z,4.4692264,-7.6306200,0.4764462,0.8168241,-1.2461784,-0.0479133,6.2666578,-7.5469856,0.0901962,-0.5268560,0.4617734,-0.7043517,0.1143544
gait_20260919_222452_andrew_slow_3,andrew_slow_3,2513749325464231,2026-09-19T22:25:12.449696Z,4.7184477,-7.5366478,0.2053776,0.8114615,-1.2035611,0.0060620,6.2757783,-7.5397439,0.0549083,-0.5340434,0.4553748,-0.7016913,0.1227217
gait_20260919_222452_andrew_slow_3,andrew_slow_3,2513749345633259,2026-09-19T22:25:12.470018Z,4.7494974,-7.5836339,-0.5621885,0.6869403,-1.0799057,0.0429338,6.2749176,-7.5406098,0.0270966,-0.5404508,0.4492912,-0.6991635,0.1312282
gait_20260919_222452_andrew_slow_3,andrew_slow_3,2513749365777179,2026-09-19T22:25:12.490052Z,4.6883707,-7.5997949,-0.8446295,0.5135565,-0.7409989,0.0655831,6.2676692,-7.5466828,-0.0061624,-0.5461710,0.4441952,-0.6964607,0.1390339
gait_20260919_222452_andrew_slow_3,andrew_slow_3,2513749385970539,2026-09-19T22:25:12.510766Z,4.7743373,-7.4145432,-0.8394670,0.4844454,-0.3100291,0.0881658,6.2562819,-7.5560813,-0.0262487,-0.5497630,0.4408785,-0.6946055,0.1446034
gait_20260919_222452_andrew_slow_3,andrew_slow_3,2513749406139240,2026-09-19T22:25:12.530598Z,5.2929068,-7.3194485,-1.2008418,0.4975021,0.0975086,0.1025214,6.2418165,-7.5680804,0.0029698,-0.5499440,0.4389417,-0.6950332,0.1477180
gait_20260919_222452_andrew_slow_3,andrew_slow_3,2513749426287027,2026-09-19T22:25:12.550440Z,5.9872251,-7.1080108,-1.4481927,0.5264799,0.3195884,0.1290844,6.2246437,-7.5817380,0.0846665,-0.5473744,0.4374019,-0.6976572,0.1494507
gait_20260919_222452_andrew_slow_3,andrew_slow_3,2513749446452391,2026-09-19T22:25:12.570866Z,6.4460888,-6.7556891,-1.0312276,0.6411087,0.3856212,0.2232789,6.2072549,-7.5945711,0.1691722,-0.5441406,0.4365629,-0.7005556,0.1501523
gait_20260919_222452_andrew_slow_3,andrew_slow_3,2513749466645547,2026-09-19T22:25:12.590992Z,6.8832550,-6.3343096,-0.7472154,0.6554144,0.2072245,0.3061154,6.1845036,-7.6094885,0.2893384,-0.5395939,0.4352803,-0.7046406,0.1511661
gait_20260919_222452_andrew_slow_3,andrew_slow_3,2513749486812905,2026-09-19T22:25:12.611596Z,7.4454436,-6.1935754,-0.4169652,0.5238819,-0.0065283,0.2975387,6.1563516,-7.6272430,0.4007816,-0.5360364,0.4332649,-0.7080100,0.1538453
gait_20260919_222452_andrew_slow_3,andrew_slow_3,2513749506983194,2026-09-19T22:25:12.632934Z,8.0587330,-6.3442602,-0.0750433,0.4215270,0.1214070,0.2256771,6.2729945,-7.5324535,0.3844451,-0.5406187,0.4290500,-0.7077521,0.1507802
gait_20260919_222452_andrew_slow_3,andrew_slow_3,2513749527152261,2026-09-19T22:25:12.651313Z,7.4769421,-6.0357075,0.2977788,0.4772843,0.3091131,0.1960997,6.2599568,-7.5395184,0.4524833,-0.5381857,0.4281643,-0.7099468,0.1516803
gait_20260919_222452_andrew_slow_3,andrew_slow_3,2513749547295409,2026-09-19T22:25:12.671798Z,5.9980736,-5.4358106,0.2818424,0.5991908,0.3415383,0.3354762,6.3217182,-7.4816194,0.5453231,-0.5364813,0.4251798,-0.7137184,0.1483782
gait_20260919_222452_andrew_slow_3,andrew_slow_3,2513749567488768,2026-09-19T22:25:12.691763Z,5.3829136,-5.1150622,0.1802385,0.7833997,0.0929954,0.5463480,6.2697301,-7.5142817,0.6798289,-0.5304456,0.4246384,-0.7181395,0.1502841
gait_20260919_222452_andrew_slow_3,andrew_slow_3,2513749587659056,2026-09-19T22:25:12.711924Z,6.0923457,-6.9523129,-1.3030443,0.9148323,-0.1221730,0.8284152,6.1879406,-7.5686321,0.8132261,-0.5251715,0.4231277,-0.7216479,0.1561481
gait_20260919_222452_andrew_slow_3,andrew_slow_3,2513749607828083,2026-09-19T22:25:12.732436Z,8.1776199,-14.8793650,-6.0978074,0.7031778,0.2482598,0.8837894,6.0717812,-7.6515288,0.9075856,-0.5210163,0.4224704,-0.7230784,0.1649805
gait_20260919_222452_andrew_slow_3,andrew_slow_3,2513749627987710,2026-09-19T22:25:12.752010Z,10.6198559,-21.8981915,-2.5555859,-0.2538222,-0.3677682,0.5849684,5.9252977,-7.7472706,1.0520288,-0.5133904,0.4230371,-0.7262489,0.1732989
gait_20260919_222452_andrew_slow_3,andrew_slow_3,2513749648165037,2026-09-19T22:25:12.772706Z,9.7013798,-20.9845791,2.9214499,-0.3952971,-1.6872737,0.0747760,5.8315701,-7.8260880,0.9905833,-0.5120081,0.4283372,-0.7233480,0.1764725
gait_20260919_222452_andrew_slow_3,andrew_slow_3,2513749668333576,2026-09-19T22:25:12.793033Z,3.1815948,-10.9712801,2.3297079,-0.4394133,-1.3570101,-0.4739535,5.8379107,-7.8502650,0.7268159,-0.5229462,0.4306852,-0.7130947,0.1803706
gait_20260919_222452_andrew_slow_3,andrew_slow_3,2513749688477863,2026-09-19T22:25:12.813308Z,-0.1697639,-5.5682397,2.8315177,-0.6617262,-0.1381441,-0.6209908,5.9304919,-7.7995434,0.4822123,-0.5352616,0.4299024,-0.7046518,0.1792893
gait_20260919_222452_andrew_slow_3,andrew_slow_3,2513749708687254,2026-09-19T22:25:12.833423Z,-1.6278327,-3.6189854,4.3345528,-0.5017322,0.3851548,-0.4002433,6.0298715,-7.7296681,0.3591869,-0.5388803,0.4326161,-0.7026072,0.1696900
gait_20260919_222452_andrew_slow_3,andrew_slow_3,2513749728839964,2026-09-19T22:25:12.853234Z,-1.3302783,-5.2322288,3.9444473,0.0243147,-0.1515672,0.1881392,6.0939865,-7.6805024,0.3306507,-0.5371552,0.4364176,-0.7039370,0.1596145
gait_20260919_222452_andrew_slow_3,andrew_slow_3,2513749749008543,2026-09-19T22:25:12.874156Z,0.1918354,-9.2390003,2.7465234,0.2617827,-0.6481533,0.8281987,6.0697980,-7.6999125,0.3240662,-0.5353488,0.4389528,-0.7039651,0.1586043
gait_20260919_222452_andrew_slow_3,andrew_slow_3,2513749769178018,2026-09-19T22:25:12.893332Z,2.4545057,-12.4978075,2.6035447,0.0154548,-0.7216803,1.0826204,5.5966711,-8.0420132,0.4892985,-0.5201818,0.4471943,-0.7046026,0.1815577
gait_20260919_222452_andrew_slow_3,andrew_slow_3,2513749789346718,2026-09-19T22:25:12.914019Z,3.0569468,-13.5589628,3.4008887,-0.3002532,-0.6672720,0.7383342,5.4191647,-8.1666651,0.4175719,-0.5201334,0.4513191,-0.6989104,0.1931233
gait_20260919_222452_andrew_slow_3,andrew_slow_3,2513749809514769,2026-09-19T22:25:12.934193Z,2.3983166,-10.9103775,3.7401171,-0.3254839,-0.1974154,0.5695636,5.2927442,-8.2543812,0.2969076,-0.5217958,0.4561868,-0.6924841,0.2002210
gait_20260919_222452_andrew_slow_3,andrew_slow_3,2513749829662107,2026-09-19T22:25:12.953571Z,1.1812392,-8.2385979,3.2701054,0.0187356,0.4084703,0.3286815,5.1980629,-8.3169661,0.2106103,-0.5218047,0.4609711,-0.6882619,0.2037672
gait_20260919_222452_andrew_slow_3,andrew_slow_3,2513749849854938,2026-09-19T22:25:12.974183Z,1.2911481,-6.2983217,2.2354362,0.4710723,1.0272795,0.4100857,5.1391664,-8.3523855,0.2505105,-0.5170301,0.4641320,-0.6898065,0.2035400
gait_20260919_222452_andrew_slow_3,andrew_slow_3,2513749870021320,2026-09-19T22:25:12.994440Z,0.3672107,-6.9250040,0.9785551,0.7649139,1.3003869,0.5599043,5.0584493,-8.3942213,0.4303978,-0.5072469,0.4650462,-0.6961296,0.2045393
gait_20260919_222452_andrew_slow_3,andrew_slow_3,2513749890189859,2026-09-19T22:25:13.014291Z,2.7445781,-7.5938840,0.2768296,1.0673321,0.5744931,1.6963501,4.9679322,-8.4303093,0.6969104,-0.4939985,0.4647021,-0.7056503,0.2051222
gait_20260919_222452_andrew_slow_3,andrew_slow_3,2513749910358437,2026-09-19T22:25:13.034773Z,5.0503440,-8.8771009,0.0145148,1.2227629,-0.4676749,1.9045572,4.6734128,-8.5735302,0.9433389,-0.4790840,0.4668089,-0.7104211,0.2187919
gait_20260919_222452_andrew_slow_3,andrew_slow_3,2513749930502643,2026-09-19T22:25:13.055160Z,5.6925888,-10.2352867,-0.1792659,1.0061790,-1.0717787,1.2197820,4.3403988,-8.7267361,1.1140590,-0.4705737,0.4665190,-0.7092111,0.2407074
gait_20260919_222452_andrew_slow_3,andrew_slow_3,2513749950695595,2026-09-19T22:25:13.075520Z,5.0440593,-11.2880621,-0.1640028,0.5966428,-1.2095731,0.7838993,4.1377249,-8.8124313,1.2068180,-0.4701218,0.4619061,-0.7054515,0.2607039
gait_20260919_222452_andrew_slow_3,andrew_slow_3,2513749970865477,2026-09-19T22:25:13.095683Z,5.4168067,-11.8914757,-0.3746178,0.4347335,-0.8721650,1.0570233,4.0344710,-8.8590841,1.2148217,-0.4737670,0.4577439,-0.7003955,0.2747029
gait_20260919_222452_andrew_slow_3,andrew_slow_3,2513749991034585,2026-09-19T22:25:13.115741Z,6.5523314,-12.3176441,-1.1818378,0.3725312,-0.2124039,1.2086571,3.8766036,-8.9296627,1.2121056,-0.4745981,0.4570531,-0.6948907,0.2880732
gait_20260919_222452_andrew_slow_3,andrew_slow_3,2513750011203409,2026-09-19T22:25:13.135571Z,7.5103865,-12.3847561,-1.5753099,-0.1453386,0.0648336,0.8734640,3.6609132,-9.0127907,1.2662714,-0.4694299,0.4593774,-0.6919643,0.2996556
gait_20260919_222452_andrew_slow_3,andrew_slow_3,2513750031371499,2026-09-19T22:25:13.156203Z,6.4926262,-11.7369003,-1.6330700,-0.7840992,0.1803618,0.0086767,3.4878149,-9.0829363,1.2536168,-0.4659316,0.4636177,-0.6882828,0.3069744
gait_20260919_222452_andrew_slow_3,andrew_slow_3,2513750051514769,2026-09-19T22:25:13.176295Z,4.1939678,-10.9488344,-1.6831238,-1.3312799,0.2478601,-0.4320189,3.4710979,-9.1059446,1.1266702,-0.4665780,0.4698920,-0.6854190,0.3028321
gait_20260919_222452_andrew_slow_3,andrew_slow_3,2513750071707803,2026-09-19T22:25:13.197969Z,3.0592661,-8.7984667,-1.2399720,-1.7159517,0.2100557,-0.3818407,3.5526986,-9.0994005,0.9029908,-0.4702792,0.4782405,-0.6822045,0.2910681
gait_20260919_222452_andrew_slow_3,andrew_slow_3,2513750091877806,2026-09-19T22:25:13.215883Z,1.4083143,-6.5099092,-0.2629133,-1.8897852,0.1978984,-0.3265331,3.6128523,-9.1030636,0.5636131,-0.4765596,0.4899653,-0.6745547,0.2789282
gait_20260919_222452_andrew_slow_3,andrew_slow_3,2513750112046873,2026-09-19T22:25:13.236774Z,0.1687912,-4.6890440,0.9156325,-1.7406994,-0.1114646,0.0365720,3.6731615,-9.0934801,0.2294255,-0.4820543,0.5018077,-0.6669824,0.2663593
gait_20260919_222452_andrew_slow_3,andrew_slow_3,2513750132191202,2026-09-19T22:25:13.256939Z,-1.3251907,-3.7005379,2.8591259,-1.5672990,0.0741598,0.3384407,3.6687233,-9.0976191,-0.0995828,-0.4860444,0.5145007,-0.6580483,0.2569481
gait_20260919_222452_andrew_slow_3,andrew_slow_3,2513750152384276,2026-09-19T22:25:13.276695Z,-3.0365212,-4.6827593,4.4543376,-1.0614033,0.3556941,0.8944979,3.6075487,-9.1144381,-0.3856654,-0.4876004,0.5270407,-0.6493504,0.2506354
gait_20260919_222452_andrew_slow_3,andrew_slow_3,2513750172548868,2026-09-19T22:25:13.297265Z,-1.9947441,-6.8132997,3.2184803,-0.3083637,0.4198949,1.5534762,3.4548371,-9.1642675,-0.5625173,-0.4840890,0.5386877,-0.6428002,0.2495622
gait_20260919_222452_andrew_slow_3,andrew_slow_3,2513750192721515,2026-09-19T22:25:13.317071Z,-0.8934861,-8.4444246,1.3991865,0.0730440,0.8073646,1.6152788,3.1687834,-9.2648926,-0.5972545,-0.4747554,0.5485353,-0.6384851,0.2570084
gait_20260919_222452_andrew_slow_3,andrew_slow_3,2513750212885619,2026-09-19T22:25:13.337488Z,-0.0899322,-9.0257664,0.7536498,0.1817607,1.1299342,1.3708495,2.8651712,-9.3671694,-0.5320323,-0.4621020,0.5562372,-0.6374443,0.2659450
gait_20260919_222452_andrew_slow_3,andrew_slow_3,2513750233070962,2026-09-19T22:25:13.357161Z,0.6410475,-10.4114857,-0.1025766,0.2389502,1.1310166,1.0442997,2.6032398,-9.4484262,-0.4318549,-0.4472176,0.5637394,-0.6393891,0.2708802
gait_20260919_222452_andrew_slow_3,andrew_slow_3,2513750253227538,2026-09-19T22:25:13.377961Z,1.4102596,-12.4548616,-1.2948890,0.1471706,0.8881527,0.6838427,2.3970711,-9.5070639,-0.3254911,-0.4346085,0.5687406,-0.6419812,0.2747903
gait_20260919_222452_andrew_slow_3,andrew_slow_3,2513750273397134,2026-09-19T22:25:13.398273Z,1.8239328,-14.1502562,-2.1874774,-0.1477201,0.4700398,0.3677349,2.2658682,-9.5414343,-0.2509876,-0.4258537,0.5719974,-0.6441026,0.2767661
gait_20260919_222452_andrew_slow_3,andrew_slow_3,2513750293566039,2026-09-19T22:25:13.418323Z,2.8504467,-13.8989391,-1.0860697,-0.6968493,0.2193985,0.3076309,2.1957178,-9.5578175,-0.2512034,-0.4231408,0.5739985,-0.6433741,0.2784734
gait_20260919_222452_andrew_slow_3,andrew_slow_3,2513750313734374,2026-09-19T22:25:13.438616Z,4.5605054,-10.7772741,1.5558571,-0.9418949,-0.1900044,0.5767747,2.1416290,-9.5662785,-0.3686056,-0.4228827,0.5793711,-0.6392064,0.2773350
gait_20260919_222452_andrew_slow_3,andrew_slow_3,2513750333906655,2026-09-19T22:25:13.458394Z,6.0161052,-7.5571480,2.6690860,-0.9511212,-0.2919430,0.8117613,2.0376656,-9.5797062,-0.5596838,-0.4244573,0.5865865,-0.6309428,0.2786816
gait_20260919_222452_andrew_slow_3,andrew_slow_3,2513750354072061,2026-09-19T22:25:13.478293Z,6.6620159,-6.8705359,1.7580923,-0.8254341,-0.2756887,0.6352632,2.2055762,-9.5455503,-0.5039710,-0.4306852,0.5813814,-0.6314191,0.2789552
gait_20260919_222452_andrew_slow_3,andrew_slow_3,2513750374240802,2026-09-19T22:25:13.498388Z,6.3157544,-7.7542953,0.2010381,-0.8946644,-0.0410186,0.3263999,2.8070626,-9.3942404,-0.3236463,-0.4460474,0.5646102,-0.6409954,0.2671737
gait_20260919_222452_andrew_slow_3,andrew_slow_3,2513750394383381,2026-09-19T22:25:13.518539Z,5.7236385,-8.6945438,-0.2860323,-1.2442799,0.5107253,-0.0853513,3.0043569,-9.3274813,-0.4561290,-0.4541593,0.5645071,-0.6386510,0.2592220
gait_20260919_222452_andrew_slow_3,andrew_slow_3,2513750414599730,2026-09-19T22:25:13.539396Z,4.9885435,-9.7687168,-0.2047791,-1.5482969,1.0305437,-0.7260270,3.0345893,-9.3058290,-0.6549145,-0.4556046,0.5724355,-0.6339043,0.2508132
gait_20260919_222452_andrew_slow_3,andrew_slow_3,2513750434725340,2026-09-19T22:25:13.559132Z,3.2644939,-9.9026423,-0.3346645,-1.4133170,1.2612668,-1.1188760,3.1772497,-9.2393074,-0.8811362,-0.4574451,0.5812483,-0.6309702,0.2340325
gait_20260919_222452_andrew_slow_3,andrew_slow_3,2513750454915119,2026-09-19T22:25:13.579403Z,2.9069350,-9.2419176,-1.3098528,-1.1613600,1.4746699,-1.0727279,3.4155304,-9.1341105,-1.0669198,-0.4594558,0.5880542,-0.6308258,0.2124887
gait_20260919_222452_andrew_slow_3,andrew_slow_3,2513750475084715,2026-09-19T22:25:13.599719Z,2.7765257,-10.9103775,-2.2445641,-1.5434173,2.4127512,-1.2236956,3.6435242,-9.0321732,-1.1750478,-0.4604254,0.5922991,-0.6323717,0.1931227
gait_20260919_222452_andrew_slow_3,andrew_slow_3,2513750495229043,2026-09-19T22:25:13.619372Z,2.1606174,-13.7537165,-2.7912650,-1.8708497,2.8834903,-1.1154952,3.9174428,-8.9041424,-1.2672828,-0.4563500,0.5998408,-0.6360462,0.1654724
gait_20260919_222452_andrew_slow_3,andrew_slow_3,2513750515421548,2026-09-19T22:25:13.640358Z,2.5348611,-13.4272814,-0.3905542,-1.6470712,3.3887866,-0.8572931,4.2003970,-8.7601128,-1.3613242,-0.4476604,0.6108160,-0.6396111,0.1319161
gait_20260919_222452_andrew_slow_3,andrew_slow_3,2513750535566974,2026-09-19T22:25:13.660904Z,1.8493712,-12.3478708,-1.5708956,1.0341408,6.4859633,-0.9167808,4.4361448,-8.6383152,-1.3914964,-0.4348070,0.6218036,-0.6437656,0.0993441
gait_20260919_222452_andrew_slow_3,andrew_slow_3,2513750555760578,2026-09-19T22:25:13.680054Z,2.1910686,-12.3358994,-6.3770308,2.1488035,6.0548100,-0.3622058,4.7369628,-8.5657263,-0.6524230,-0.3976501,0.6171254,-0.6766452,0.0564085
gait_20260919_222452_andrew_slow_3,andrew_slow_3,2513750575930500,2026-09-19T22:25:13.700248Z,2.1850083,-11.1457567,-9.7297363,1.4403130,4.4946389,-0.0821537,4.8247137,-8.5344267,0.3490390,-0.3558627,0.6016368,-0.7146975,0.0245451
gait_20260919_222452_andrew_slow_3,andrew_slow_3,2513750596096312,2026-09-19T22:25:13.720957Z,0.8800936,-9.3721771,-12.4372797,0.1568298,2.0720954,-0.0673984,4.7673674,-8.5092583,1.0492179,-0.3230378,0.5907528,-0.7393586,0.0025892
gait_20260919_222452_andrew_slow_3,andrew_slow_3,2513750616243936,2026-09-19T22:25:13.741345Z,0.1818845,-9.1063461,-7.2141037,-1.6189927,0.9019422,0.2598675,4.7251482,-8.4958973,1.3148417,0.3074272,-0.5877845,0.7482718,0.0093417
gait_20260919_222452_andrew_slow_3,andrew_slow_3,2513750636435098,2026-09-19T22:25:13.760683Z,-0.0010475,-9.3542204,-3.3284640,-2.6411595,1.3719153,1.0328252,4.6687040,-8.5547867,1.1202441,0.3011365,-0.5995174,0.7413782,0.0159428
gait_20260919_222452_andrew_slow_3,andrew_slow_3,2513750656579303,2026-09-19T22:25:13.780910Z,-0.4326023,-8.7826796,0.0005237,-2.1658237,2.9306042,1.1103158,4.0422521,-8.9316111,0.3502149,0.2765148,-0.6399369,0.7169088,0.0078911
gait_20260919_222452_andrew_slow_3,andrew_slow_3,2513750676749714,2026-09-19T22:25:13.802960Z,-1.9310733,-8.8823385,0.8042273,-1.4375317,4.6055207,1.0314096,3.8109925,-9.0383387,0.1444999,0.2516357,-0.6582595,0.7092012,0.0201935
gait_20260919_222452_andrew_slow_3,andrew_slow_3,2513750696916340,2026-09-19T22:25:13.821598Z,-2.2526445,-8.6949177,0.8601170,-0.9406791,4.7093911,1.4035411,3.5885012,-9.1272535,0.2280900,0.2132702,-0.6686181,0.7110218,0.0437459
gait_20260919_222452_andrew_slow_3,andrew_slow_3,2513750717107258,2026-09-19T22:25:13.841535Z,-2.0644004,-8.4030495,0.9201965,-0.6647406,4.2810860,1.6199254,3.2944336,-9.2321548,0.3874804,0.1707438,-0.6748301,0.7149432,0.0656283
gait_20260919_222452_andrew_slow_3,andrew_slow_3,2513750737278848,2026-09-19T22:25:13.862006Z,-1.5533880,-8.3561382,1.5236101,-0.5550247,3.9874611,1.8206881,2.9465995,-9.3416605,0.5357868,0.1304149,-0.6782795,0.7185216,0.0815830
gait_20260919_222452_andrew_slow_3,andrew_slow_3,2513750757447549,2026-09-19T22:25:13.882233Z,0.3432687,-8.6914759,1.7103578,-0.4340174,3.5848029,2.2938089,2.5557868,-9.4486809,0.6530773,0.0917557,-0.6802199,0.7212560,0.0931219
gait_20260919_222452_andrew_slow_3,andrew_slow_3,2513750777615314,2026-09-19T22:25:13.902139Z,3.0195372,-10.7964277,1.9888334,-0.4363323,3.0155725,2.7328725,2.0725260,-9.5600529,0.7390308,0.0524405,-0.6811643,0.7235356,0.0987993
gait_20260919_222452_andrew_slow_3,andrew_slow_3,2513750797784870,2026-09-19T22:25:13.922679Z,6.1673889,-11.4219131,2.4518869,-0.4860109,1.3649707,2.4420619,1.4948399,-9.6645908,0.7728166,0.0138377,-0.6817461,0.7250097,0.0969112
gait_20260919_222452_andrew_slow_3,andrew_slow_3,2513750817927774,2026-09-19T22:25:13.943084Z,7.2460513,-11.5118456,2.5255086,0.3562770,-0.5717119,1.4977689,0.9818177,-9.7352476,0.7050602,-0.0118395,-0.6842690,0.7240719,0.0857668
gait_20260919_222452_andrew_slow_3,andrew_slow_3,2513750838123575,2026-09-19T22:25:13.962843Z,6.5304842,-11.3943052,1.8180221,1.2690442,-1.4001770,0.1860075,0.6761454,-9.7578716,0.7502604,-0.0157165,-0.6824610,0.7276435,0.0673426
gait_20260919_222452_andrew_slow_3,andrew_slow_3,2513750858291787,2026-09-19T22:25:13.982664Z,4.8261123,-11.1332626,1.4651766,1.9704235,-1.3332783,-0.7365522,0.6530635,-9.7395563,0.9750209,-0.0028842,-0.6741421,0.7367282,0.0524950
gait_20260919_222452_andrew_slow_3,andrew_slow_3,2513750878461059,2026-09-19T22:25:14.002829Z,3.5540428,-10.6289091,0.7939771,2.4699574,-1.0637349,-0.9882427,0.8309224,-9.6830750,1.3355678,0.0161357,-0.6601238,0.7495917,0.0457005
gait_20260919_222452_andrew_slow_3,andrew_slow_3,2513750898628620,2026-09-19T22:25:14.022944Z,3.5135658,-10.9243679,0.0074819,2.6724021,-0.8779606,-0.9927726,1.0639296,-9.5858793,1.7930710,0.0346557,-0.6414171,0.7652017,0.0430058
gait_20260919_222452_andrew_slow_3,andrew_slow_3,2513750918797646,2026-09-19T22:25:14.043923Z,3.6246717,-11.3571949,-1.4015807,2.5126746,-0.7355530,-1.2818843,1.2901467,-9.4522943,2.2859972,0.0514833,-0.6202685,0.7816280,0.0409204
gait_20260919_222452_andrew_slow_3,andrew_slow_3,2513750938966551,2026-09-19T22:25:14.064085Z,1.2769325,-11.3221054,-9.3249664,1.3306303,-1.9316198,-1.5966598,1.5611590,-9.2872686,2.7469127,0.0685271,-0.5992239,0.7965635,0.0414920
gait_20260919_222452_andrew_slow_3,andrew_slow_3,2513750959110146,2026-09-19T22:25:14.084039Z,3.5375078,-12.0045271,-2.4958804,0.1529828,-2.7189164,-1.7287086,1.9580308,-9.1424017,2.9696338,0.0942486,-0.5860001,0.8037788,0.0407527
gait_20260919_222452_andrew_slow_3,andrew_slow_3,2513750979304605,2026-09-19T22:25:14.103729Z,4.6428809,-13.3286705,1.0179098,-0.0341072,-1.4651272,-1.6373286,2.4449260,-9.0595932,2.8604574,0.1298654,-0.5838642,0.8006392,0.0348523
gait_20260919_222452_andrew_slow_3,andrew_slow_3,2513750999472288,2026-09-19T22:25:14.123926Z,4.2185087,-12.5370131,0.9588029,-0.3176566,0.2985046,-1.3040341,2.8431783,-8.9741774,2.7598164,0.1551939,-0.5820237,0.7974226,0.0357851
gait_20260919_222452_andrew_slow_3,andrew_slow_3,2513751019616250,2026-09-19T22:25:14.144676Z,4.1076269,-11.6661968,2.2042367,-0.2773042,0.6171937,-1.1793629,3.0611346,-8.9134798,2.7231326,0.1623444,-0.5816448,0.7957650,0.0457358
gait_20260919_222452_andrew_slow_3,andrew_slow_3,2513751039784463,2026-09-19T22:25:14.164164Z,3.0967503,-11.5395288,3.0983963,-0.0201512,0.3977119,-1.0983750,3.2342396,-8.8559771,2.7106197,0.1685881,-0.5803556,0.7949575,0.0529918
gait_20260919_222452_andrew_slow_3,andrew_slow_3,2513751059953571,2026-09-19T22:25:14.184108Z,2.0493619,-11.1673794,3.1616931,0.1773141,0.0814043,-0.7757722,3.4086568,-8.7835817,2.7323730,0.1739473,-0.5777817,0.7950752,0.0613692
gait_20260919_222452_andrew_slow_3,andrew_slow_3,2513751080148558,2026-09-19T22:25:14.204295Z,2.1764791,-11.0716114,2.6313772,0.4103855,-0.2990875,-0.4160978,3.5458987,-8.7172356,2.7699332,0.1802583,-0.5741457,0.7960132,0.0650137
gait_20260919_222452_andrew_slow_3,andrew_slow_3,2513751100318318,2026-09-19T22:25:14.225147Z,2.4449289,-11.7297182,1.3953707,0.6755657,-0.9270563,-0.1067848,3.6338418,-8.6658649,2.8167524,0.1872677,-0.5697672,0.7976942,0.0630881
gait_20260919_222452_andrew_slow_3,andrew_slow_3,2513751120461506,2026-09-19T22:25:14.244643Z,1.9909283,-12.0925140,0.5093664,0.9098028,-1.8939654,0.2282418,3.7049105,-8.6196136,2.8656621,0.1975942,-0.5640115,0.7999066,0.0547451
gait_20260919_222452_andrew_slow_3,andrew_slow_3,2513751140657388,2026-09-19T22:25:14.264978Z,1.6253637,-12.1533422,0.0770634,1.2660965,-2.6049371,0.6183262,3.7730336,-8.5843172,2.8826780,0.2139880,-0.5571544,0.8014933,0.0373725
gait_20260919_222452_andrew_slow_3,andrew_slow_3,2513751160798745,2026-09-19T22:25:14.285593Z,0.4169652,-12.5607300,-2.5184009,1.3470677,-1.5125576,1.3340777,3.8215585,-8.5597134,2.8919067,0.2341013,-0.5485046,0.8026125,0.0123516
gait_20260919_222452_andrew_slow_3,andrew_slow_3,2513751180992634,2026-09-19T22:25:14.305281Z,1.6647184,-12.9096107,-1.1694179,0.8660197,-0.0098924,2.5526106,3.7088213,-8.5713110,3.0022318,-0.2436933,0.5390196,-0.8061466,0.0141138
gait_20260919_222452_andrew_slow_3,andrew_slow_3,2513751201161782,2026-09-19T22:25:14.325627Z,4.3337297,-12.4155817,1.3487586,0.7702098,0.7182163,3.5463991,3.2794228,-8.6935320,3.1470623,-0.2325894,0.5369998,-0.8099024,0.0398928
gait_20260919_222452_andrew_slow_3,andrew_slow_3,2513751221308715,2026-09-19T22:25:14.346110Z,8.3781347,-11.2653179,1.2493243,0.8044835,0.5623025,3.8124785,2.6081424,-8.8542786,3.3219659,-0.2094371,0.5381742,-0.8134018,0.0698734
gait_20260919_222452_andrew_slow_3,andrew_slow_3,2513751241497150,2026-09-19T22:25:14.365670Z,9.6695824,-10.6351185,1.7614591,0.9163312,-0.2349866,3.1800797,1.8694274,-8.9737062,3.4948471,-0.1846183,0.5390300,-0.8153445,0.1028401
gait_20260919_222452_andrew_slow_3,andrew_slow_3,2513751261666788,2026-09-19T22:25:14.385745Z,7.8779712,-11.1564560,2.6336968,0.9804154,-0.2502749,2.7556717,1.2950734,-9.0113277,3.6544316,-0.1699561,0.5362582,-0.8155362,0.1358044
gait_20260919_222452_andrew_slow_3,andrew_slow_3,2513751281832681,2026-09-19T22:25:14.405904Z,8.4811602,-9.9137163,3.2423477,0.8990444,0.5730775,2.2991049,0.8243378,-8.9960728,3.8245592,-0.1588429,0.5315185,-0.8154626,0.1651596
gait_20260919_222452_andrew_slow_3,andrew_slow_3,2513751301996662,2026-09-19T22:25:14.426440Z,9.7247982,-8.6587801,3.1622915,0.8113949,1.5666329,1.6656070,0.3677945,-8.9533567,3.9922702,-0.1432738,0.5278623,-0.8161212,0.1864948
gait_20260919_222452_andrew_slow_3,andrew_slow_3,2513751322174437,2026-09-19T22:25:14.446223Z,11.6893158,-7.2062478,3.7245548,0.4272559,2.9720559,0.4432270,-0.0602778,-8.8909149,4.1453757,-0.1225765,0.5256612,-0.8184296,0.1970493
gait_20260919_222452_andrew_slow_3,andrew_slow_3,2513751342340901,2026-09-19T22:25:14.467006Z,11.4923182,-7.2030306,4.8066592,0.2943911,3.5215514,-0.9358162,-0.3948116,-8.8510065,4.2118793,-0.0976445,0.5276521,-0.8220909,0.1903036
gait_20260919_222452_andrew_slow_3,andrew_slow_3,2513751362512572,2026-09-19T22:25:14.486575Z,11.8426199,-7.2165728,6.2766991,0.6779971,2.5194860,-2.4035416,-0.5414019,-8.8374290,4.2240777,-0.0745446,0.5308101,-0.8273711,0.1677526
gait_20260919_222452_andrew_slow_3,andrew_slow_3,2513751382653930,2026-09-19T22:25:14.506797Z,11.4011889,-8.5398932,6.5133510,1.4163647,1.0044969,-4.1670732,-0.3563837,-8.8067141,4.3070750,-0.0659556,0.5279272,-0.8354158,0.1379248
gait_20260919_222452_andrew_slow_3,andrew_slow_3,2513751402847899,2026-09-19T22:25:14.526764Z,10.5314951,-10.6063881,6.2245502,1.8832235,-0.3023517,-5.8015375,0.2706407,-8.6881113,4.5474825,-0.0788295,0.5143329,-0.8478603,0.1018846
gait_20260919_222452_andrew_slow_3,andrew_slow_3,2513751422994994,2026-09-19T22:25:14.546983Z,9.1348524,-12.5341692,6.1663413,1.9118350,-0.9729711,-7.1624780,1.2902315,-8.4184122,4.8684444,-0.1107356,0.4920058,-0.8615290,0.0586148
gait_20260919_222452_andrew_slow_3,andrew_slow_3,2513751443185342,2026-09-19T22:25:14.567002Z,7.7188315,-13.8246441,5.8455181,1.6349638,-1.0897982,-8.1988668,2.5679166,-7.9449048,5.1497979,-0.1541348,0.4649537,-0.8717974,0.0054698
gait_20260919_222452_andrew_slow_3,andrew_slow_3,2513751463354247,2026-09-19T22:25:14.587175Z,6.4989109,-14.5956526,5.9638066,1.3318294,-1.3118114,-8.9771204,3.9351971,-7.2337403,5.3313546,0.2023658,-0.4355288,0.8753211,0.0563526
gait_20260919_222452_andrew_slow_3,andrew_slow_3,2513751483497313,2026-09-19T22:25:14.607450Z,5.4432178,-14.4453411,6.7798553,0.7425976,-0.1874397,-9.7136230,5.2941804,-6.2541966,5.3937740,0.2534162,-0.4039886,0.8699887,0.1252725
gait_20260919_222452_andrew_slow_3,andrew_slow_3,2513751503692300,2026-09-19T22:25:14.627548Z,3.3038487,-14.3319159,6.7990093,0.6598610,1.7585524,-10.1835299,6.4381981,-5.0206299,5.4386568,0.2965162,-0.3703886,0.8562652,0.2042065
gait_20260919_222452_andrew_slow_3,andrew_slow_3,2513751523834838,2026-09-19T22:25:14.647663Z,2.6550949,-13.0438356,5.9724112,1.2294412,3.4501729,-10.2093267,7.1411586,-3.5533836,5.7108169,0.3210568,-0.3287582,0.8383905,0.2931590
gait_20260919_222452_andrew_slow_3,andrew_slow_3,2513751544004271,2026-09-19T22:25:14.668336Z,2.4712651,-12.2908592,4.4543376,2.0322094,3.5961277,-10.1544018,7.2880106,-1.9226750,6.2788801,0.3276295,-0.2733531,0.8188785,0.3838946
gait_20260919_222452_andrew_slow_3,andrew_slow_3,2513751564195718,2026-09-19T22:25:14.689528Z,1.2830677,-11.1567554,3.2972646,2.7730751,2.7369528,-9.6844454,7.0130582,-0.1939342,6.8567853,0.3308021,-0.2074190,0.7928011,0.4679890
gait_20260919_222452_andrew_slow_3,andrew_slow_3,2513751584365558,2026-09-19T22:25:14.708386Z,0.1660977,-8.4915600,2.5415199,3.2988055,2.0026653,-8.5798416,6.4808307,1.5196098,7.2059512,0.3395654,-0.1387551,0.7579401,0.5394156
gait_20260919_222452_andrew_slow_3,andrew_slow_3,2513751604534382,2026-09-19T22:25:14.728443Z,-0.8091654,-4.8597803,1.8692729,3.5108597,2.1187763,-7.1146979,5.7863884,3.0694623,7.3028913,0.3525622,-0.0727112,0.7192097,0.5942647
gait_20260919_222452_andrew_slow_3,andrew_slow_3,2513751624704751,2026-09-19T22:25:14.748794Z,-1.3153145,-1.8927661,1.3268367,3.3804262,3.0425351,-5.5686326,4.9450178,4.3640003,7.2621222,0.3627512,-0.0090013,0.6841292,0.6326910
gait_20260919_222452_andrew_slow_3,andrew_slow_3,2513751644858072,2026-09-19T22:25:14.768767Z,-0.7602339,-1.0517279,0.5864298,3.0464988,4.4938064,-4.2577872,3.9597340,5.3655195,7.1949859,0.3635087,0.0543725,0.6586036,0.6566175
gait_20260919_222452_andrew_slow_3,andrew_slow_3,2513751665041136,2026-09-19T22:25:14.789400Z,-2.0745757,1.8709939,-2.1124341,2.0411525,4.7046280,-2.9312704,2.8204286,6.1043396,7.1427116,0.3509880,0.1204304,0.6446424,0.6683862
gait_20260919_222452_andrew_slow_3,andrew_slow_3,2513751685208536,2026-09-19T22:25:14.809476Z,-2.3284359,3.6651487,0.3487304,-0.1710356,1.9269733,-1.1080010,1.7054337,6.5742459,7.0786228,0.3289672,0.1805516,0.6391851,0.6712855
gait_20260919_222452_andrew_slow_3,andrew_slow_3,2513751705378132,2026-09-19T22:25:14.829984Z,-0.6403741,5.1668367,2.8506713,-1.1328652,2.3205717,-0.0543583,1.2714978,6.5934362,7.1516442,0.3127828,0.1979867,0.6402851,0.6730551
gait_20260919_222452_andrew_slow_3,andrew_slow_3,2513751725525023,2026-09-19T22:25:14.849590Z,5.8777652,6.2015810,3.9571664,-1.6021556,3.5767758,0.0020817,0.9526675,6.4290276,7.3482065,0.2902485,0.2065333,0.6516034,0.6697110
gait_20260919_222452_andrew_slow_3,andrew_slow_3,2513751745698200,2026-09-19T22:25:14.869711Z,7.5177932,5.5044193,7.2049761,-1.9893922,3.2754567,-1.2042439,0.6449112,6.2469797,7.5362754,0.2627502,0.2180147,0.6690615,0.6601429
gait_20260919_222452_andrew_slow_3,andrew_slow_3,2513751765884846,2026-09-19T22:25:14.889896Z,2.0842273,3.4869304,8.3051119,-1.7784039,3.1980660,-2.2551386,0.0059139,5.9407969,7.8065996,0.2234717,0.2299704,0.6775988,0.6618413
gait_20260919_222452_andrew_slow_3,andrew_slow_3,2513751786054035,2026-09-19T22:25:14.910206Z,-2.3089082,2.3653965,7.3452611,-1.3633553,3.1364799,-1.8734977,-0.7285672,5.6107173,8.0140600,0.1831405,0.2423890,0.6764476,0.6709142
gait_20260919_222452_andrew_slow_3,andrew_slow_3,2513751806217325,2026-09-19T22:25:14.930166Z,-3.1336360,3.1171010,6.5716348,-1.1959169,2.2560711,-0.8620061,-1.4694750,5.3413224,8.0961123,0.1457931,0.2587496,0.6746707,0.6757312
gait_20260919_222452_andrew_slow_3,andrew_slow_3,2513751826382241,2026-09-19T22:25:14.950691Z,-1.9683331,5.3702693,7.5388174,-1.1744001,1.1020888,-0.0736103,-1.9553676,5.1150312,8.1393557,0.1179682,0.2686179,0.6776019,0.6743764
gait_20260919_222452_andrew_slow_3,andrew_slow_3,2513751846559854,2026-09-19T22:25:14.971993Z,-0.7968951,6.3004165,8.7578402,-1.0901979,0.2453786,0.2119043,-2.1534228,4.9183426,8.2102861,0.1006189,0.2690082,0.6846616,0.6698873
gait_20260919_222452_andrew_slow_3,andrew_slow_3,2513751866728840,2026-09-19T22:25:14.991079Z,-0.7564929,5.6217351,9.8359795,-0.9403128,-0.5352565,0.1895881,-2.1763225,4.7464776,8.3048582,0.0907541,0.2635175,0.6924498,0.6654589
gait_20260919_222452_andrew_slow_3,andrew_slow_3,2513751886898274,2026-09-19T22:25:15.011278Z,-0.5554548,4.7587004,10.6810579,-0.6362125,-1.0971426,0.1382607,-2.0712335,4.5941629,8.4166365,0.0872514,0.2536781,0.6988972,0.6630062
gait_20260919_222452_andrew_slow_3,andrew_slow_3,2513751907066690,2026-09-19T22:25:15.031589Z,-0.3167080,4.2200799,10.6671410,-0.1350132,-1.4020256,0.1443227,-1.8724707,4.4847989,8.5215340,0.0896752,0.2419616,0.7034995,0.6621944
gait_20260919_222452_andrew_slow_3,andrew_slow_3,2513751927224364,2026-09-19T22:25:15.051358Z,-0.5221604,4.8514009,9.7743282,0.2956734,-1.4919235,0.1437065,-1.6145071,4.4593859,8.5873957,0.0978243,0.2315703,0.7065883,0.6614671
gait_20260919_222452_andrew_slow_3,andrew_slow_3,2513751947416625,2026-09-19T22:25:15.071541Z,-0.5894973,5.6257753,8.7768440,0.4692737,-1.5721952,0.1908871,-1.3428589,4.5136843,8.6057825,0.1096256,0.2240701,0.7084511,0.6602060
gait_20260919_222452_andrew_slow_3,andrew_slow_3,2513751967560628,2026-09-19T22:25:15.109490Z,0.0350900,6.0148335,7.8270192,0.2918264,-1.3807420,0.2162177,-1.0520098,4.6015997,8.5996895,0.1234907,0.2173741,0.7098135,0.6585313
gait_20260919_222452_andrew_slow_3,andrew_slow_3,2513751987721841,2026-09-19T22:25:15.115121Z,0.9822212,5.9504890,7.6150579,-0.0701796,-0.9071215,0.2196650,-0.6250852,4.9554071,8.4432993,0.1505976,0.2184891,0.7104368,0.6518146
gait_20260919_222452_andrew_slow_3,andrew_slow_3,2513752007909505,2026-09-19T22:25:15.137541Z,1.7378163,5.4934959,8.2283478,-0.4285383,-0.3621725,0.1858409,-0.2943501,5.1313119,8.3557825,0.1675954,0.2158162,0.7104433,0.6485412
gait_20260919_222452_andrew_slow_3,andrew_slow_3,2513752028057697,2026-09-19T22:25:15.156734Z,1.1568483,5.3643584,8.9403229,-0.6467711,-0.0339074,0.0611864,-0.0333158,5.0655665,8.4008951,0.1719033,0.2062620,0.7190936,0.6409444
gait_20260919_222452_andrew_slow_3,andrew_slow_3,2513752048223795,2026-09-19T22:25:15.175519Z,0.2434604,5.6257005,9.1290159,-0.6804952,0.2690772,-0.0813377,-0.0163217,4.9550695,8.4665890,0.1673502,0.2017930,0.7239096,0.6381444
gait_20260919_222452_andrew_slow_3,andrew_slow_3,2513752068393228,2026-09-19T22:25:15.192604Z,0.2563292,5.0831895,9.0999117,-0.5823371,0.1970657,-0.1686208,-0.1131682,4.7564154,8.5790339,0.1566968,0.1979646,0.7286124,0.6366947
gait_20260919_222452_andrew_slow_3,andrew_slow_3,2513752088585081,2026-09-19T22:25:15.212698Z,0.5660791,4.5112000,8.8940849,-0.4121342,0.0847018,-0.2247611,-0.1522154,4.6741872,8.6235094,0.1510642,0.1960743,0.7315754,0.6352416
gait_20260919_222452_andrew_slow_3,andrew_slow_3,2513752108752766,2026-09-19T22:25:15.233156Z,0.8218846,4.5163622,8.4323788,-0.3345436,-0.1179763,-0.3136763,-0.1494385,4.6116443,8.6571655,0.1483376,0.1929294,0.7341408,0.6338861
gait_20260919_222452_andrew_slow_3,andrew_slow_3,2513752128923542,2026-09-19T22:25:15.253311Z,0.4427777,4.7709708,8.4889412,-0.4330182,-0.3840390,-0.4454253,-0.1206752,4.5457058,8.6924171,0.1471276,0.1894042,0.7351981,0.6340057
gait_20260919_222452_andrew_slow_3,andrew_slow_3,2513752149069742,2026-09-19T22:25:15.273171Z,0.6340145,5.2685905,8.4427786,-0.4890586,-0.0552077,-0.5337410,-0.0407900,4.5380239,8.6971703,0.1526711,0.1860979,0.7353851,0.6334570
gait_20260919_222452_andrew_slow_3,andrew_slow_3,2513752169259398,2026-09-19T22:25:15.293800Z,0.0166846,5.0813937,8.6997805,-0.3208208,0.0798888,-0.4053727,-0.0919978,4.4718819,8.7309742,0.1487452,0.1846446,0.7359292,0.6341842
gait_20260919_222452_andrew_slow_3,andrew_slow_3,2513752189428832,2026-09-19T22:25:15.313796Z,0.1006313,4.5031195,8.6872110,-0.2154349,0.1079673,-0.2632649,-0.1391636,4.4327030,8.7503071,0.1448697,0.1846534,0.7374616,0.6332980
gait_20260919_222452_andrew_slow_3,andrew_slow_3,2513752209572712,2026-09-19T22:25:15.333802Z,0.3179051,4.2264395,8.6044617,-0.2845819,0.1259701,-0.2842489,-0.1801396,4.3889585,8.7715855,0.1414106,0.1846138,0.7394474,0.6317739
gait_20260919_222452_andrew_slow_3,andrew_slow_3,2513752229741820,2026-09-19T22:25:15.354531Z,0.3656395,4.3381438,8.5618896,-0.3977785,0.2759219,-0.3192554,-0.2436412,4.3227892,8.8028545,0.1358357,0.1847047,0.7442863,0.6272726
gait_20260919_222452_andrew_slow_3,andrew_slow_3,2513752249910521,2026-09-19T22:25:15.374106Z,0.2833388,4.3962030,8.5530615,-0.4576327,0.3469009,-0.2802019,-0.3307414,4.2420406,8.8392200,0.1292089,0.1845114,0.7465672,0.6260176
gait_20260919_222452_andrew_slow_3,andrew_slow_3,2513752270103230,2026-09-19T22:25:15.394264Z,0.1253963,4.0385695,8.6805525,-0.4408122,0.2444960,-0.2286914,-0.4030940,4.1584430,8.8758650,0.1226134,0.1838756,0.7491108,0.6244908
gait_20260919_222452_andrew_slow_3,andrew_slow_3,2513752290244080,2026-09-19T22:25:15.415532Z,0.0869394,3.8737435,8.7124996,-0.3703828,0.1131799,-0.1508344,-0.4372749,4.1028790,8.9000721,0.1174160,0.1826237,0.7517903,0.6226343
gait_20260919_222452_andrew_slow_3,andrew_slow_3,2513752310422973,2026-09-19T22:25:15.434476Z,-0.0267103,3.8869865,8.8731356,-0.3184560,0.0173867,-0.1041535,-0.4597396,4.0259962,8.9339857,0.1133281,0.1803960,0.7543519,0.6209407
gait_20260919_222452_andrew_slow_3,andrew_slow_3,2513752330612100,2026-09-19T22:25:15.454600Z,-0.2415151,3.7606924,9.1088152,-0.2887787,0.0083603,-0.0860840,-0.4597396,4.0259962,8.9339857,0.1133281,0.1803960,0.7543519,0.6209407
gait_20260919_222452_andrew_slow_3,andrew_slow_3,2513752350779255,2026-09-19T22:25:15.474868Z,-0.2033575,3.7864299,9.4267206,-0.2109217,0.1661393,-0.0598874,-0.4684437,3.9582322,8.9637642,0.1100387,0.1781385,0.7571511,0.6187734
gait_20260919_222452_andrew_slow_3,andrew_slow_3,2513752370946166,2026-09-19T22:25:15.495008Z,-0.1325041,4.0790462,9.3765173,-0.0464977,0.6852416,-0.0020484,-0.4986579,3.9178474,8.9798622,0.1067470,0.1778037,0.7599847,0.6159660
gait_20260919_222452_andrew_slow_3,andrew_slow_3,2513752391116169,2026-09-19T22:25:15.515976Z,-0.1323545,3.7687728,8.8883238,0.0365886,0.8650038,0.0823369,-0.6140923,3.9056554,8.9780207,0.1006597,0.1816297,0.7635142,0.6114935
gait_20260919_222452_andrew_slow_3,andrew_slow_3,2513752411287271,2026-09-19T22:25:15.535585Z,-0.5698949,3.7134068,8.8158245,-0.0299604,0.6954671,0.0647171,-0.7709346,3.9164693,8.9611959,0.0934200,0.1878546,0.7673644,0.6059168
gait_20260919_222452_andrew_slow_3,andrew_slow_3,2513752431436197,2026-09-19T22:25:15.555581Z,-0.7098808,4.0016837,9.6291800,0.1525664,0.4290712,0.0692303,-0.8933630,3.9123111,8.9516392,0.0871022,0.1921968,0.7710440,0.6008036
gait_20260919_222452_andrew_slow_3,andrew_slow_3,2513752451623005,2026-09-19T22:25:15.575982Z,-1.2360815,4.4752121,9.4551516,0.5140228,-0.4181795,0.0531093,-0.9728807,3.9285047,8.9362440,0.0832255,0.1959448,0.7743748,0.5958381
gait_20260919_222452_andrew_slow_3,andrew_slow_3,2513752471790405,2026-09-19T22:25:15.595859Z,-0.6634184,4.7822680,8.7386866,0.3631717,-0.7461449,0.0872332,-0.9057850,4.0262938,8.8996983,0.0885191,0.1983029,0.7757052,0.5925552
gait_20260919_222452_andrew_slow_3,andrew_slow_3,2513752491961221,2026-09-19T22:25:15.616381Z,-0.4174889,4.6587424,8.4263182,-0.0025147,-0.4726212,0.0045632,-0.7553490,4.1002407,8.8799543,0.0965193,0.1969672,0.7772576,0.5897105
gait_20260919_222452_andrew_slow_3,andrew_slow_3,2513752512130004,2026-09-19T22:25:15.636529Z,-0.6881834,3.9477394,8.9891052,-0.1573461,-0.1906372,-0.0152050,-0.6624106,4.1068454,8.8843203,0.0999384,0.1945663,0.7793525,0.5871677
gait_20260919_222452_andrew_slow_3,andrew_slow_3,2513752532272053,2026-09-19T22:25:15.657201Z,-0.4693384,3.9800611,8.9387522,-0.0007161,-0.2929588,-0.0004163,-0.6321076,4.0724392,8.9023476,0.0993972,0.1923961,0.7818663,0.5846273
gait_20260919_222452_andrew_slow_3,andrew_slow_3,2513752552466267,2026-09-19T22:25:15.676841Z,-0.2047791,4.2234468,8.6998558,0.1202578,-0.3930155,-0.0059288,-0.5832739,4.0697308,8.9069185,0.1006276,0.1910694,0.7842174,0.5816956
gait_20260919_222452_andrew_slow_3,andrew_slow_3,2513752572634276,2026-09-19T22:25:15.696907Z,0.0014216,4.4237366,8.4363441,0.0862173,-0.3011359,0.0112913,-0.5125032,4.0917721,8.9011717,0.1036229,0.1901450,0.7862191,0.5787631
gait_20260919_222452_andrew_slow_3,andrew_slow_3,2513752592804239,2026-09-19T22:25:15.717229Z,0.0295534,4.4880805,8.3469353,-0.1334311,-0.0714786,0.0320588,-0.4532449,4.1105642,8.8957253,0.1059663,0.1895037,0.7884445,0.5755125
gait_20260919_222452_andrew_slow_3,andrew_slow_3,2513752612972208,2026-09-19T22:25:15.738375Z,-0.1624316,4.3741317,8.7822313,-0.3297640,0.1177598,0.0590048,-0.4346396,4.0912232,8.9055643,0.1052871,0.1885012,0.7912864,0.5720559
gait_20260919_222452_andrew_slow_3,andrew_slow_3,2513752633140299,2026-09-19T22:25:15.757601Z,-0.1650503,4.1611972,9.2754364,-0.3158080,0.1993306,0.0686641,-0.4502140,4.0327463,8.9314260,0.1017559,0.1868947,0.7950110,0.5680437
gait_20260919_222452_andrew_slow_3,andrew_slow_3,2513752653309407,2026-09-19T22:25:15.777349Z,-0.0573112,4.0482960,9.5335617,-0.1530327,0.2215802,0.0607201,-0.4810529,3.9733036,8.9564247,0.0975085,0.1857173,0.7989036,0.5636970
gait_20260919_222452_andrew_slow_3,andrew_slow_3,2513752673456379,2026-09-19T22:25:15.797650Z,-0.1067664,4.0663271,9.6058369,0.0315592,0.2527896,0.0720948,-0.5160047,3.9435272,8.9676332,0.0940661,0.1859363,0.8023449,0.5593048
gait_20260919_222452_andrew_slow_3,andrew_slow_3,2513752693648843,2026-09-19T22:25:15.817777Z,-0.1251719,4.0661774,9.5125370,0.2028945,0.2938581,0.1043867,-0.5558285,3.9482496,8.9631739,0.0914326,0.1878429,0.8055471,0.5544810
gait_20260919_222452_andrew_slow_3,andrew_slow_3,2513752713816242,2026-09-19T22:25:15.837908Z,-0.3397522,4.2053404,9.3223476,0.3256171,0.1944676,0.0710123,-0.6005340,3.9845753,8.9441948,0.0894742,0.1913321,0.8085632,0.5491921
gait_20260919_222452_andrew_slow_3,andrew_slow_3,2513752733984944,2026-09-19T22:25:15.858876Z,-0.5599439,4.2396822,9.2410946,0.4162810,-0.0081271,0.0564900,-0.6332175,4.0439873,8.9152288,0.0888301,0.1954473,0.8109276,0.5443400
gait_20260919_222452_andrew_slow_3,andrew_slow_3,2513752754153522,2026-09-19T22:25:15.878244Z,-0.4170400,4.2762685,8.9810247,0.4798157,-0.1619259,0.0752090,-0.6294337,4.1182680,8.8814297,0.0903554,0.1991027,0.8126517,0.5401771
gait_20260919_222452_andrew_slow_3,andrew_slow_3,2513752774321288,2026-09-19T22:25:15.898700Z,-0.2522142,4.3199630,8.6661873,0.4758687,-0.1807448,0.0651001,-0.5944936,4.2052717,8.8429852,0.0935799,0.2024716,0.8142834,0.5359015
gait_20260919_222452_andrew_slow_3,andrew_slow_3,2513752794506346,2026-09-19T22:25:15.918763Z,-0.0733224,4.3025303,8.2230358,0.4076210,-0.0689805,0.0559072,-0.5542908,4.2916875,8.8039932,0.0970829,0.2056701,0.8156573,0.5319566
gait_20260919_222452_andrew_slow_3,andrew_slow_3,2513752814640014,2026-09-19T22:25:15.939426Z,-0.1825579,4.3306618,7.9925933,0.2573028,0.1264198,0.0706292,-0.5344140,4.3662648,8.7684803,0.0992492,0.2089821,0.8172964,0.5277335
gait_20260919_222452_andrew_slow_3,andrew_slow_3,2513752834827554,2026-09-19T22:25:15.959342Z,-0.3058593,4.4516439,8.1927338,0.0851015,0.3127936,0.0999068,-0.5486649,4.4151516,8.7430840,0.0989368,0.2121874,0.8196278,0.5228753
gait_20260919_222452_andrew_slow_3,andrew_slow_3,2513752854996866,2026-09-19T22:25:15.979441Z,-0.1145476,4.2763433,8.2967319,-0.0090264,0.5260636,0.1531160,-0.5931768,4.4322205,8.7315331,0.0962880,0.2147772,0.8223218,0.5180601
gait_20260919_222452_andrew_slow_3,andrew_slow_3,2513752875166096,2026-09-19T22:25:15.999919Z,-0.1089362,4.3864021,8.3540430,-0.0722446,0.6724014,0.1634414,-0.6700358,4.4325004,8.7258291,0.0914098,0.2175806,0.8257895,0.5122254
gait_20260919_222452_andrew_slow_3,andrew_slow_3,2513752895333699,2026-09-19T22:25:16.020359Z,-0.5566519,4.5979147,8.5147543,-0.1510176,0.7588019,0.1123805,-0.7728378,4.4231844,8.7220564,0.0848867,0.2206654,0.8296767,0.5057051
gait_20260919_222452_andrew_slow_3,andrew_slow_3,2513752915495116,2026-09-19T22:25:16.040225Z,-1.1599159,4.8742204,8.8849573,-0.2115712,0.6595779,0.0389368,-0.8960094,4.3997502,8.7221251,0.0772198,0.2234851,0.8331298,0.4999861
gait_20260919_222452_andrew_slow_3,andrew_slow_3,2513752935673339,2026-09-19T22:25:16.060233Z,-1.3420997,4.8065095,9.1244526,0.0248643,0.3484663,-0.0374047,-1.0120908,4.3630743,8.7278500,0.0696578,0.2253284,0.8362704,0.4950019
gait_20260919_222452_andrew_slow_3,andrew_slow_3,2513752955841104,2026-09-19T22:25:16.080071Z,-1.0570401,4.2616792,8.9926214,0.2146855,-0.0544749,-0.0660827,-1.0854497,4.3598413,8.7206469,0.0651495,0.2274792,0.8385888,0.4906911
gait_20260919_222452_andrew_slow_3,andrew_slow_3,2513752976009521,2026-09-19T22:25:16.100522Z,-0.8542811,4.3597665,8.4081373,0.2295241,-0.1655398,-0.0195683,-1.0805879,4.3959389,8.7031126,0.0657070,0.2292494,0.8396108,0.4880382
gait_20260919_222452_andrew_slow_3,andrew_slow_3,2513752996178628,2026-09-19T22:25:16.120418Z,-0.8635587,4.6401124,8.2246065,0.0994072,-0.1758985,0.0006328,-1.0534320,4.4379921,8.6850805,0.0673563,0.2307355,0.8407634,0.4851198
gait_20260919_222452_andrew_slow_3,andrew_slow_3,2513753016347371,2026-09-19T22:25:16.141069Z,-0.8210616,4.6357732,8.4352217,-0.0880325,-0.0690471,-0.0174200,-1.0210662,4.4583936,8.6784935,0.0686011,0.2310589,0.8422706,0.4821683
gait_20260919_222452_andrew_slow_3,andrew_slow_3,2513753036490966,2026-09-19T22:25:16.173149Z,-0.8383447,4.6469960,8.6680574,-0.2148187,0.0991740,-0.0563235,-1.0072999,4.4445844,8.6871815,0.0680128,0.2302382,0.8442576,0.4791595
gait_20260919_222452_andrew_slow_3,andrew_slow_3,2513753056658976,2026-09-19T22:25:16.180585Z,-0.9448118,4.5640216,9.0015249,-0.2146688,0.1095327,-0.0791394,-1.0285494,4.4058666,8.7043972,0.0651300,0.2291388,0.8465180,0.4760891
gait_20260919_222452_andrew_slow_3,andrew_slow_3,2513753076852782,2026-09-19T22:25:16.200878Z,-0.8438064,4.4924951,9.0565166,-0.1056524,0.0168871,-0.0454652,-1.0575914,4.3644133,8.7217836,0.0617894,0.2281032,0.8488626,0.4728461
gait_20260919_222452_andrew_slow_3,andrew_slow_3,2513753097022542,2026-09-19T22:25:16.221017Z,-0.8546552,4.5662665,8.9164562,-0.0085768,-0.0859341,-0.0121407,-1.0662566,4.3431373,8.7313433,0.0599215,0.2275044,0.8510095,0.4695040
gait_20260919_222452_andrew_slow_3,andrew_slow_3,2513753117190795,2026-09-19T22:25:16.241220Z,-0.8361001,4.6327057,8.6847420,0.0476635,-0.1266863,0.0199181,-1.0530627,4.3411422,8.7339373,0.0595284,0.2272832,0.8530512,0.4659425
gait_20260919_222452_andrew_slow_3,andrew_slow_3,2513753137361124,2026-09-19T22:25:16.261507Z,-0.9204209,4.6814876,8.6311722,0.0652833,-0.1234221,0.0390867,-1.0279398,4.3502598,8.7323933,0.0600462,0.2272875,0.8548261,0.4626092
gait_20260919_222452_andrew_slow_3,andrew_slow_3,2513753157552896,2026-09-19T22:25:16.281562Z,-1.0576386,4.7462058,8.7764702,0.0827199,-0.1662393,-0.0085435,-1.0017506,4.3629827,8.7290888,0.0606222,0.2274713,0.8567207,0.4589241
gait_20260919_222452_andrew_slow_3,andrew_slow_3,2513753177699747,2026-09-19T22:25:16.301683Z,-1.0313023,4.6208091,8.7603836,0.1112814,-0.2970057,-0.0546248,-0.9750682,4.3773327,8.7249250,0.0613360,0.2277117,0.8584328,0.4554978
gait_20260919_222452_andrew_slow_3,andrew_slow_3,2513753197865315,2026-09-19T22:25:16.321803Z,-0.8861539,4.5251908,8.6691055,0.1523333,-0.4442596,-0.0421344,-0.9293602,4.3955097,8.7207737,0.0632352,0.2276153,0.8597131,0.4528642
gait_20260919_222452_andrew_slow_3,andrew_slow_3,2513753218035848,2026-09-19T22:25:16.342102Z,-0.7511808,4.6569467,8.8182192,0.1898379,-0.5954937,-0.0065450,-0.8569239,4.4209228,8.7153444,0.0666471,0.2272010,0.8607760,0.4505582
gait_20260919_222452_andrew_slow_3,andrew_slow_3,2513753238204060,2026-09-19T22:25:16.362198Z,-0.5327847,4.4639144,8.9750395,0.2067915,-0.6738337,0.0247644,-0.7542884,4.4538713,8.7080536,0.0717286,0.2264172,0.8616388,0.4485185
gait_20260919_222452_andrew_slow_3,andrew_slow_3,2513753258374063,2026-09-19T22:25:16.382596Z,-0.2738368,4.5435214,8.6861639,0.1717684,-0.5935951,-0.0119408,-0.6331462,4.4908838,8.6986895,0.0777071,0.2254391,0.8625968,0.4461678
gait_20260919_222452_andrew_slow_3,andrew_slow_3,2513753278541300,2026-09-19T22:25:16.403215Z,0.0542436,4.6398134,8.4073143,0.1217400,-0.4174468,-0.0444826,-0.5252956,4.5220332,8.6897297,0.0830322,0.2245016,0.8633515,0.4442171
gait_20260919_222452_andrew_slow_3,andrew_slow_3,2513753298684488,2026-09-19T22:25:16.422750Z,0.1426046,4.5762920,8.2483988,-0.0151884,-0.3135930,-0.1169104,-0.4544859,4.5441742,8.6821680,0.0863739,0.2240594,0.8642128,0.4421238
gait_20260919_222452_andrew_slow_3,andrew_slow_3,2513753318878539,2026-09-19T22:25:16.442857Z,-0.0162357,4.5943980,8.4091101,-0.2044100,-0.3465011,-0.1944510,-0.4094467,4.5433168,8.6848564,0.0881118,0.2230422,0.8649706,0.4408111
gait_20260919_222452_andrew_slow_3,andrew_slow_3,2513753339038736,2026-09-19T22:25:16.463190Z,-0.0190788,4.6728082,8.7802114,-0.3460015,-0.4653268,-0.2136863,-0.3690077,4.5079083,8.7050962,0.0888899,0.2203689,0.8659074,0.4401596
gait_20260919_222452_andrew_slow_3,andrew_slow_3,2513753359216064,2026-09-19T22:25:16.483318Z,0.1845780,4.6868744,9.1443539,-0.3636880,-0.3464678,-0.2013957,-0.3081906,4.4460659,8.7392006,0.0900794,0.2158525,0.8669346,0.4401340
gait_20260919_222452_andrew_slow_3,andrew_slow_3,2513753379383666,2026-09-19T22:25:16.503626Z,0.3577087,4.3462243,8.9834938,-0.2384839,-0.0857176,-0.1468874,-0.2566231,4.3778458,8.7752333,0.0905738,0.2113028,0.8682386,0.4396694
gait_20260919_222452_andrew_slow_3,andrew_slow_3,2513753399553303,2026-09-19T22:25:16.524666Z,0.0843208,4.2110267,8.9750395,-0.1046864,-0.0467642,-0.0799054,-0.2550772,4.3331385,8.7974405,0.0891596,0.2091997,0.8695548,0.4383613
gait_20260919_222452_andrew_slow_3,andrew_slow_3,2513753419703897,2026-09-19T22:25:16.544370Z,0.0798317,4.3238535,9.2541132,0.0118243,-0.0029977,-0.0292276,-0.2551945,4.3127713,8.8074398,0.0880571,0.2084319,0.8710543,0.4359664
gait_20260919_222452_andrew_slow_3,andrew_slow_3,2513753439866617,2026-09-19T22:25:16.564219Z,0.1865233,4.1276035,9.0419273,0.0852014,0.1030044,-0.0096426,-0.2549840,4.3138251,8.8069296,0.0866522,0.2090547,0.8740829,0.4298449
gait_20260919_222452_andrew_slow_3,andrew_slow_3,2513753460060953,2026-09-19T22:25:16.584499Z,-0.3205237,3.8706012,8.5262756,0.1459049,0.1359292,0.0376212,-0.2732573,4.3286018,8.7991276,0.0853534,0.2105322,0.8755403,0.4264039
gait_20260919_222452_andrew_slow_3,andrew_slow_3,2513753480204630,2026-09-19T22:25:16.613435Z,-0.7245453,3.9068882,8.2843122,0.2151185,-0.0815708,0.1753656,-0.2965692,4.3538313,8.7859154,0.0839389,0.2126846,0.8771049,0.4223820
gait_20260919_222452_andrew_slow_3,andrew_slow_3,2513753500400552,2026-09-19T22:25:16.624821Z,-0.2324620,4.2434235,8.5703440,0.3426541,-0.2424475,0.2633315,-0.2719465,4.3917370,8.7678280,0.0848721,0.2144588,0.8789263,0.4174840
gait_20260919_222452_andrew_slow_3,andrew_slow_3,2513753520567708,2026-09-19T22:25:16.644991Z,0.1473930,4.5509286,8.7060652,0.4903576,-0.5241483,0.2315892,-0.2063602,4.4514050,8.7394810,0.0881639,0.2164676,0.8806270,0.4121470
gait_20260919_222452_andrew_slow_3,andrew_slow_3,2513753540711465,2026-09-19T22:25:16.665977Z,0.2413655,4.8425722,8.7612066,0.6336811,-0.7766382,0.1746328,-0.0961267,4.5369511,8.6972952,0.0943306,0.2187889,0.8816678,0.4073020
gait_20260919_222452_andrew_slow_3,andrew_slow_3,2513753560904622,2026-09-19T22:25:16.684916Z,0.1930325,4.6721349,8.3623476,0.7040771,-1.0050132,0.1685708,0.0541963,4.6470280,8.6393461,0.1032608,0.2214442,0.8818133,0.4033670
gait_20260919_222452_andrew_slow_3,andrew_slow_3,2513753581080809,2026-09-19T22:25:16.705652Z,-0.0421978,4.4449849,7.7527242,0.6650404,-1.0857180,0.2642975,0.2424010,4.7691627,8.5692730,0.1145701,0.2238789,0.8812013,0.4002952
gait_20260919_222452_andrew_slow_3,andrew_slow_3,2513753601238525,2026-09-19T22:25:16.725292Z,-0.0032172,4.5703068,7.6456585,0.5506780,-1.0184863,0.4318524,0.4553252,4.8837981,8.4957228,0.1268291,0.2255792,0.8807092,0.3967113
gait_20260919_222452_andrew_slow_3,andrew_slow_3,2513753621407999,2026-09-19T22:25:16.745631Z,0.9354595,5.0710688,8.0851440,0.4690406,-0.7975721,0.5421845,0.6734819,4.9742184,8.4285040,0.1385757,0.2262116,0.8808055,0.3921823
gait_20260919_222452_andrew_slow_3,andrew_slow_3,2513753641576904,2026-09-19T22:25:16.766385Z,2.8751369,5.8951230,8.5939121,0.4604805,-0.4102190,0.3622391,0.8686166,5.0449829,8.3683786,0.1481693,0.2268613,0.8821322,0.3852566
gait_20260919_222452_andrew_slow_3,andrew_slow_3,2513753661724283,2026-09-19T22:25:16.785860Z,2.5811739,6.0915227,8.3275576,0.3979284,-0.0630683,-0.0101922,0.9856954,5.1148305,8.3128223,0.1539134,0.2292419,0.8835371,0.3783135
gait_20260919_222452_andrew_slow_3,andrew_slow_3,2513753681908854,2026-09-19T22:25:16.805998Z,1.4336030,5.6849570,7.9068513,0.2157680,0.1486028,-0.1259202,1.0026395,5.1853414,8.2669859,0.1555375,0.2331967,0.8837578,0.3746991
gait_20260919_222452_andrew_slow_3,andrew_slow_3,2513753702082071,2026-09-19T22:25:16.826315Z,0.7371897,5.3354783,7.7894602,0.0050961,0.2340373,-0.0128235,0.9655312,5.2293606,8.2436438,0.1542270,0.2365920,0.8839830,0.3725755
gait_20260919_222452_andrew_slow_3,andrew_slow_3,2513753722251546,2026-09-19T22:25:16.846404Z,0.7909844,5.2405334,8.0888100,-0.1307998,0.1539654,0.1443061,0.9219484,5.2325869,8.2465849,0.1513916,0.2381067,0.8852475,0.3697603
gait_20260919_222452_andrew_slow_3,andrew_slow_3,2513753742421589,2026-09-19T22:25:16.866604Z,1.3259388,5.2931309,8.5336828,-0.1119642,0.0787230,0.2157513,0.9091935,5.2078233,8.2636585,0.1490331,0.2377677,0.8874739,0.3655759
gait_20260919_222452_andrew_slow_3,andrew_slow_3,2513753762567586,2026-09-19T22:25:16.887051Z,1.5842881,5.4655137,8.6339407,0.0128402,0.0191853,0.1855245,0.9188136,5.1829777,8.2782021,0.1476467,0.2370715,0.8898368,0.3608159
gait_20260919_222452_andrew_slow_3,andrew_slow_3,2513753782786173,2026-09-19T22:25:16.906872Z,1.3757682,5.4264584,8.2676277,0.1443560,-0.0417347,0.1286514,0.9354015,5.1795111,8.2785149,0.1471083,0.2373683,0.8918042,0.3559505
gait_20260919_222452_andrew_slow_3,andrew_slow_3,2513753802926432,2026-09-19T22:25:16.927511Z,1.0755203,5.3899465,8.0413008,0.2107219,-0.1505346,0.1067682,0.9555250,5.2005620,8.2630043,0.1475516,0.2387493,0.8929581,0.3519278
gait_20260919_222452_andrew_slow_3,andrew_slow_3,2513753823075154,2026-09-19T22:25:16.947501Z,1.0762684,5.3076458,8.1001081,0.2437632,-0.2523733,0.1228892,0.9898674,5.2339811,8.2378225,0.1490497,0.2404893,0.8937436,0.3480970
gait_20260919_222452_andrew_slow_3,andrew_slow_3,2513753843241089,2026-09-19T22:25:16.967877Z,1.3230209,5.3640594,8.1432037,0.2779703,-0.2688773,0.1498685,1.0445217,5.2716784,8.2069778,0.1517397,0.2420564,0.8942489,0.3445328
gait_20260919_222452_andrew_slow_3,andrew_slow_3,2513753863436685,2026-09-19T22:25:16.987678Z,1.4353240,5.4808517,7.9780788,0.2951405,-0.2030777,0.1385938,1.1064746,5.3141141,8.1714144,0.1548411,0.2438170,0.8946999,0.3407193
gait_20260919_222452_andrew_slow_3,andrew_slow_3,2513753883601439,2026-09-19T22:25:17.007863Z,1.4460979,5.6346788,7.8297129,0.2655798,-0.1332479,0.1163109,1.1568886,5.3598247,8.1344957,0.1573422,0.2460534,0.8952210,0.3365720
gait_20260919_222452_andrew_slow_3,andrew_slow_3,2513753903783528,2026-09-19T22:25:17.028036Z,1.4066683,5.6609402,7.8327804,0.2188490,-0.0804384,0.0918130,1.1921723,5.4018445,8.1015377,0.1590301,0.2483610,0.8957700,0.3325993
gait_20260919_222452_andrew_slow_3,andrew_slow_3,2513753923917683,2026-09-19T22:25:17.048638Z,1.2529156,5.6141038,7.7988877,0.1798289,-0.0647004,0.0915465,1.2161207,5.4359474,8.0751247,0.1599806,0.2504441,0.8964435,0.3287447
gait_20260919_222452_andrew_slow_3,andrew_slow_3,2513753944085367,2026-09-19T22:25:17.068744Z,1.3420997,5.6202388,7.8416090,0.1505679,-0.0715452,0.1062686,1.2356284,5.4634819,8.0535517,0.1605602,0.2522552,0.8972171,0.3249450
gait_20260919_222452_andrew_slow_3,andrew_slow_3,2513753964277017,2026-09-19T22:25:17.088740Z,1.3938743,5.7157826,7.7952962,0.1299171,-0.0508444,0.1054525,1.2595338,5.4854584,8.0348883,0.1612297,0.2537029,0.8980568,0.3211444
gait_20260919_222452_andrew_slow_3,andrew_slow_3,2513753984424316,2026-09-19T22:25:17.110411Z,1.4970495,5.8605571,7.8807392,0.1005729,0.0033308,0.0901975,1.2913805,5.5187941,8.0069571,0.1617030,0.2561849,0.8996845,0.3143080
gait_20260919_222452_andrew_slow_3,andrew_slow_3,2513753994532552,2026-09-19T22:25:17.127392Z,1.4767735,5.8473887,7.8853035,0.0667655,0.0984912,0.0586717,1.2913805,5.5187941,8.0069571,0.1617030,0.2561849,0.8996845,0.3143080
gait_20260919_222452_andrew_slow_3,andrew_slow_3,2513754004614989,2026-09-19T22:25:17.146976Z,1.3182325,5.7910500,7.8504376,0.0304433,0.1347800,0.0643507,1.2826838,5.5287285,8.0014982,0.1606178,0.2574066,0.9005854,0.3112715
gait_20260919_222452_andrew_slow_3,andrew_slow_3,2513754014706339,2026-09-19T22:25:17.147271Z,1.2030115,5.7457848,7.9257803,0.0304433,0.1347800,0.0643507,1.2826838,5.5287285,8.0014982,0.1606178,0.2574066,0.9005854,0.3112715
gait_20260919_222452_andrew_slow_3,andrew_slow_3,2513754024765177,2026-09-19T22:25:17.167588Z,1.2249334,5.7101712,8.0275335,0.0174200,0.1198248,0.0825201,1.2675461,5.5323615,8.0014009,0.1589833,0.2584301,0.9017121,0.3079830
gait_20260919_222452_andrew_slow_3,andrew_slow_3,2513754034868164,2026-09-19T22:25:17.167889Z,1.3165116,5.6851816,8.0644197,0.0174200,0.1198248,0.0825201,1.2675461,5.5323615,8.0014009,0.1589833,0.2584301,0.9017121,0.3079830
gait_20260919_222452_andrew_slow_3,andrew_slow_3,2513754044929646,2026-09-19T22:25:17.186860Z,1.3801076,5.6995468,8.0294046,0.0195683,0.0530427,0.0776405,1.2562284,5.5329585,8.0027723,0.1575337,0.2591838,0.9027964,0.3049026
gait_20260919_222452_andrew_slow_3,andrew_slow_3,2513754055037678,2026-09-19T22:25:17.187069Z,1.4457985,5.7509475,8.0276089,0.0195683,0.0530427,0.0776405,1.2562284,5.5329585,8.0027723,0.1575337,0.2591838,0.9027964,0.3049026
gait_20260919_222452_andrew_slow_3,andrew_slow_3,2513754065102498,2026-09-19T22:25:17.206893Z,1.5102924,5.7724953,8.0210247,0.0254971,-0.0088599,0.0714286,1.2564338,5.5338917,8.0020952,0.1566047,0.2598123,0.9039074,0.3015361
gait_20260919_222452_andrew_slow_3,andrew_slow_3,2513754075205403,2026-09-19T22:25:17.207112Z,1.5551836,5.7233391,7.9284739,0.0254971,-0.0088599,0.0714286,1.2564338,5.5338917,8.0020952,0.1566047,0.2598123,0.9039074,0.3015361
gait_20260919_222452_andrew_slow_3,andrew_slow_3,2513754085290445,2026-09-19T22:25:17.227310Z,1.5001169,5.6752305,7.7895350,-0.0309430,-0.1975986,0.0876662,1.2649888,5.5366073,7.9988680,0.1563751,0.2602648,0.9046659,0.2989793
gait_20260919_222452_andrew_slow_3,andrew_slow_3,2513754095352294,2026-09-19T22:25:17.227616Z,1.3443443,5.7475057,6.9470754,-0.0309430,-0.1975986,0.0876662,1.2649888,5.5366073,7.9988680,0.1563751,0.2602648,0.9046659,0.2989793
gait_20260919_222452_andrew_slow_3,andrew_slow_3,2513754105438313,2026-09-19T22:25:17.246906Z,1.6444424,5.9377699,7.0380549,-0.1038704,-0.1889052,0.0446991,1.3025812,5.5324674,7.9956989,0.1572595,0.2600307,0.9057097,0.2955393
gait_20260919_222452_andrew_slow_3,andrew_slow_3,2513754115520833,2026-09-19T22:25:17.247098Z,1.9515736,5.8253922,7.4631009,-0.1038704,-0.1889052,0.0446991,1.3025812,5.5324674,7.9956989,0.1572595,0.2600307,0.9057097,0.2955393
gait_20260919_222452_andrew_slow_3,andrew_slow_3,2513754125627359,2026-09-19T22:25:17.266639Z,2.0122516,5.6847324,7.6370544,-0.1011725,-0.0665157,0.0098258,1.3446773,5.5151868,8.0006666,0.1584942,0.2587859,0.9065122,0.2935046
gait_20260919_222452_andrew_slow_3,andrew_slow_3,2513754135718993,2026-09-19T22:25:17.266818Z,1.8787001,5.5756469,8.0801315,-0.1011725,-0.0665157,0.0098258,1.3446773,5.5151868,8.0006666,0.1584942,0.2587859,0.9065122,0.2935046
gait_20260919_222452_andrew_slow_3,andrew_slow_3,2513754145805053,2026-09-19T22:25:17.286926Z,1.8203415,5.5207300,8.6767368,0.0391700,0.1310163,-0.0016654,1.3594114,5.4969511,8.0107203,0.1583065,0.2579063,0.9074476,0.2914830
gait_20260919_222452_andrew_slow_3,andrew_slow_3,2513754155882893,2026-09-19T22:25:17.287616Z,1.7631799,5.5651722,8.8156748,0.0391700,0.1310163,-0.0016654,1.3594114,5.4969511,8.0107203,0.1583065,0.2579063,0.9074476,0.2914830
gait_20260919_222452_andrew_slow_3,andrew_slow_3,2513754165968098,2026-09-19T22:25:17.309651Z,1.5856349,5.7195983,8.4611835,0.1219732,0.0080272,0.0076108,1.3376901,5.5011826,8.0114727,0.1567638,0.2587767,0.9080346,0.2897119
gait_20260919_222452_andrew_slow_3,andrew_slow_3,2513754176029703,2026-09-19T22:25:17.309852Z,1.4116063,5.7460093,7.9685020,0.1219732,0.0080272,0.0076108,1.3376901,5.5011826,8.0114727,0.1567638,0.2587767,0.9080346,0.2897119
