session_id,label,t_ns,wall_time_utc,accel_x_mps2,accel_y_mps2,accel_z_mps2,gyro_x_rads,gyro_y_rads,gyro_z_rads,gravity_x_mps2,gravity_y_mps2,gravity_z_mps2,rotation_qx,rotation_qy,rotation_qz,rotation_qw
gait_20260919_222612_andrew_normal_upside_down_2,andrew_normal_upside_down_2,2513809054899095,2026-09-19T22:26:12.223992Z,-0.3261352,5.1042886,7.8964515,0.0969091,0.6056193,0.3587751,,,,,,,
gait_20260919_222612_andrew_normal_upside_down_2,andrew_normal_upside_down_2,2513809064973392,2026-09-19T22:26:12.224363Z,-0.7410054,5.1467109,8.2920179,0.0969091,0.6056193,0.3587751,,,,,,,
gait_20260919_222612_andrew_normal_upside_down_2,andrew_normal_upside_down_2,2513809075083751,2026-09-19T22:26:12.224468Z,-0.9975591,5.2632785,8.7404070,0.1015555,0.1902709,0.4516872,,,,,,,
gait_20260919_222612_andrew_normal_upside_down_2,andrew_normal_upside_down_2,2513809085169159,2026-09-19T22:26:12.224621Z,-1.0391583,5.3375735,8.8723125,0.1015555,0.1902709,0.4516872,,,,,,,
gait_20260919_222612_andrew_normal_upside_down_2,andrew_normal_upside_down_2,2513809095252207,2026-09-19T22:26:12.233907Z,-1.1499650,5.4174800,8.8446302,0.0990075,-0.0363055,0.5332913,,,,,,,
gait_20260919_222612_andrew_normal_upside_down_2,andrew_normal_upside_down_2,2513809105347260,2026-09-19T22:26:12.234177Z,-1.1336545,5.5415297,8.7525282,0.0990075,-0.0363055,0.5332913,,,,,,,
gait_20260919_222612_andrew_normal_upside_down_2,andrew_normal_upside_down_2,2513809115445038,2026-09-19T22:26:12.252064Z,-1.0209774,5.6435823,8.3808279,0.0527596,-0.2539554,0.6402927,,,,,,,
gait_20260919_222612_andrew_normal_upside_down_2,andrew_normal_upside_down_2,2513809125516734,2026-09-19T22:26:12.252338Z,-0.7463176,5.6512136,7.9144077,0.0527596,-0.2539554,0.6402927,,,,,,,
gait_20260919_222612_andrew_normal_upside_down_2,andrew_normal_upside_down_2,2513809135614878,2026-09-19T22:26:12.272220Z,-0.1901146,5.5383124,7.4620533,-0.1230724,-0.3358760,0.6917533,,,,,,,
gait_20260919_222612_andrew_normal_upside_down_2,andrew_normal_upside_down_2,2513809145695730,2026-09-19T22:26:12.272414Z,0.3061585,5.3609915,7.0390277,-0.1230724,-0.3358760,0.6917533,,,,,,,
gait_20260919_222612_andrew_normal_upside_down_2,andrew_normal_upside_down_2,2513809155782725,2026-09-19T22:26:12.291919Z,0.6120926,5.2043209,6.8398600,-0.3771943,-0.3420545,0.6524500,,,,,,,
gait_20260919_222612_andrew_normal_upside_down_2,andrew_normal_upside_down_2,2513809165849335,2026-09-19T22:26:12.292683Z,0.5316624,5.5893388,7.0553384,-0.3771943,-0.3420545,0.6524500,,,,,,,
gait_20260919_222612_andrew_normal_upside_down_2,andrew_normal_upside_down_2,2513809175950409,2026-09-19T22:26:12.312831Z,0.5076456,5.2997150,7.3770590,-0.5261301,-0.3959133,0.6350467,-0.5179404,5.2650456,8.2611828,,,,
gait_20260919_222612_andrew_normal_upside_down_2,andrew_normal_upside_down_2,2513809186047862,2026-09-19T22:26:12.313253Z,0.5416133,4.8809543,7.6030869,-0.5261301,-0.3959133,0.6350467,-0.5179404,5.2650456,8.2611828,,,,
gait_20260919_222612_andrew_normal_upside_down_2,andrew_normal_upside_down_2,2513809196098032,2026-09-19T22:26:12.331510Z,0.7169138,4.8231940,7.9382000,-0.6004399,-0.4274058,0.5868836,-0.3830643,5.1694045,8.3286629,,,,
gait_20260919_222612_andrew_normal_upside_down_2,andrew_normal_upside_down_2,2513809206201589,2026-09-19T22:26:12.331836Z,0.8616133,4.8707042,8.3658648,-0.6004399,-0.4274058,0.5868836,-0.3830643,5.1694045,8.3286629,,,,
gait_20260919_222612_andrew_normal_upside_down_2,andrew_normal_upside_down_2,2513809216286184,2026-09-19T22:26:12.351529Z,0.9962872,4.7508445,8.6971617,-0.5500119,-0.3734139,0.5117579,-0.2632066,5.0769362,8.3899670,0.0178009,-0.2886207,-0.9553518,0.0606978
gait_20260919_222612_andrew_normal_upside_down_2,andrew_normal_upside_down_2,2513809226370697,2026-09-19T22:26:12.351884Z,1.0651953,4.6151233,8.8940849,-0.5500119,-0.3734139,0.5117579,-0.2632066,5.0769362,8.3899670,0.0178009,-0.2886207,-0.9553518,0.0606978
gait_20260919_222612_andrew_normal_upside_down_2,andrew_normal_upside_down_2,2513809236454600,2026-09-19T22:26:12.374093Z,1.0417022,4.5125465,8.9989815,-0.4047065,-0.3158247,0.4200448,-0.1637909,5.0073447,8.4342041,0.0132037,-0.2848559,-0.9563438,0.0639486
gait_20260919_222612_andrew_normal_upside_down_2,andrew_normal_upside_down_2,2513809246538951,2026-09-19T22:26:12.374588Z,1.0997616,4.4565072,9.0474634,-0.4047065,-0.3158247,0.4200448,-0.1637909,5.0073447,8.4342041,0.0132037,-0.2848559,-0.9563438,0.0639486
gait_20260919_222612_andrew_normal_upside_down_2,andrew_normal_upside_down_2,2513809256600637,2026-09-19T22:26:12.392203Z,1.1475708,4.4147582,9.0421515,-0.2589516,-0.2243614,0.3384240,-0.0869110,4.9613447,8.4624825,0.0097491,-0.2824179,-0.9569243,0.0666416
gait_20260919_222612_andrew_normal_upside_down_2,andrew_normal_upside_down_2,2513809266685639,2026-09-19T22:26:12.393744Z,1.1512369,4.3239284,9.0292826,-0.2589516,-0.2243614,0.3384240,-0.0869110,4.9613447,8.4624825,0.0097491,-0.2824179,-0.9569243,0.0666416
gait_20260919_222612_andrew_normal_upside_down_2,andrew_normal_upside_down_2,2513809276791595,2026-09-19T22:26:12.412360Z,1.1932851,4.2163386,8.9917984,-0.1393266,-0.1017720,0.2586351,-0.0329660,4.9315505,8.4802618,0.0097491,-0.2824179,-0.9569243,0.0666416
gait_20260919_222612_andrew_normal_upside_down_2,andrew_normal_upside_down_2,2513809286876638,2026-09-19T22:26:12.413355Z,1.1437551,4.0967035,8.9127903,-0.1393266,-0.1017720,0.2586351,-0.0329660,4.9315505,8.4802618,0.0097491,-0.2824179,-0.9569243,0.0666416
gait_20260919_222612_andrew_normal_upside_down_2,andrew_normal_upside_down_2,2513809296961273,2026-09-19T22:26:12.433227Z,0.4994155,4.1678562,8.2575264,-0.1300670,0.0578890,0.2165840,-0.0329660,4.9315505,8.4802618,0.0076246,-0.2808644,-0.9572358,0.0689701
gait_20260919_222612_andrew_normal_upside_down_2,andrew_normal_upside_down_2,2513809307044648,2026-09-19T22:26:12.434379Z,0.5427356,4.4804492,8.0636711,-0.1300670,0.0578890,0.2165840,-0.0329660,4.9315505,8.4802618,0.0076246,-0.2808644,-0.9572358,0.0689701
gait_20260919_222612_andrew_normal_upside_down_2,andrew_normal_upside_down_2,2513809317107269,2026-09-19T22:26:12.451712Z,0.7187094,4.3771243,8.3071318,-0.1837925,0.0054458,0.1879060,-0.0207252,4.9119997,8.4916391,0.0074364,-0.2797361,-0.9574084,0.0711455
gait_20260919_222612_andrew_normal_upside_down_2,andrew_normal_upside_down_2,2513809327209035,2026-09-19T22:26:12.452086Z,0.6334160,4.2700586,8.5238066,-0.1837925,0.0054458,0.1879060,-0.0207252,4.9119997,8.4916391,0.0074364,-0.2797361,-0.9574084,0.0711455
gait_20260919_222612_andrew_normal_upside_down_2,andrew_normal_upside_down_2,2513809337297903,2026-09-19T22:26:12.471774Z,0.6923732,4.2001033,8.7789392,-0.2227626,-0.1567299,0.1397429,-0.0056182,4.8808432,8.5096092,0.0070079,-0.2779706,-0.9577726,0.0731777
gait_20260919_222612_andrew_normal_upside_down_2,andrew_normal_upside_down_2,2513809347359426,2026-09-19T22:26:12.472255Z,0.6451625,3.8906527,9.9304008,-0.2227626,-0.1567299,0.1397429,-0.0056182,4.8808432,8.5096092,0.0070079,-0.2779706,-0.9577726,0.0731777
gait_20260919_222612_andrew_normal_upside_down_2,andrew_normal_upside_down_2,2513809357443939,2026-09-19T22:26:12.492746Z,0.8278701,4.2990136,9.7831573,-0.0949772,-0.3455352,0.0805882,0.0321620,4.8416381,8.5319176,0.0051206,-0.2758198,-0.9583213,0.0742805
gait_20260919_222612_andrew_normal_upside_down_2,andrew_normal_upside_down_2,2513809367532766,2026-09-19T22:26:12.493266Z,1.0072107,4.2838254,9.8949366,-0.0949772,-0.3455352,0.0805882,0.0321620,4.8416381,8.5319176,0.0051206,-0.2758198,-0.9583213,0.0742805
gait_20260919_222612_andrew_normal_upside_down_2,andrew_normal_upside_down_2,2513809377618012,2026-09-19T22:26:12.513057Z,1.2379519,3.9691374,10.1561289,0.0761083,-0.3550779,0.0035473,0.1014866,4.8230491,8.5418968,0.0013912,-0.2750466,-0.9585648,0.0741687
gait_20260919_222612_andrew_normal_upside_down_2,andrew_normal_upside_down_2,2513809387719127,2026-09-19T22:26:12.513547Z,1.6597804,4.1299233,10.4108124,0.0761083,-0.3550779,0.0035473,0.1014866,4.8230491,8.5418968,0.0013912,-0.2750466,-0.9585648,0.0741687
gait_20260919_222612_andrew_normal_upside_down_2,andrew_normal_upside_down_2,2513809397789154,2026-09-19T22:26:12.532381Z,1.6080805,4.3578959,10.3107796,0.3171903,-0.1995637,-0.1072178,0.1642444,4.8333559,8.5350924,-0.0020275,-0.2758930,-0.9583815,0.0733756
gait_20260919_222612_andrew_normal_upside_down_2,andrew_normal_upside_down_2,2513809407864797,2026-09-19T22:26:12.551843Z,1.3647698,4.5243678,9.9794064,0.5253807,0.0157213,-0.1474703,0.1933164,4.8857155,8.5046186,-0.0036946,-0.2789852,-0.9575979,0.0718325
gait_20260919_222612_andrew_normal_upside_down_2,andrew_normal_upside_down_2,2513809417961965,2026-09-19T22:26:12.552297Z,1.1202619,4.5888615,9.4930849,0.5253807,0.0157213,-0.1474703,0.1933164,4.8857155,8.5046186,-0.0036946,-0.2789852,-0.9575979,0.0718325
gait_20260919_222612_andrew_normal_upside_down_2,andrew_normal_upside_down_2,2513809428034597,2026-09-19T22:26:12.571763Z,0.9726444,4.5845222,9.1296892,0.5643342,0.0748093,-0.1959998,0.1761771,4.9754224,8.4528246,-0.0027478,-0.2839970,-0.9562235,0.0705334
gait_20260919_222612_andrew_normal_upside_down_2,andrew_normal_upside_down_2,2513809438144704,2026-09-19T22:26:12.573282Z,1.1690438,4.5405288,8.5850086,0.5643342,0.0748093,-0.1959998,0.1761771,4.9754224,8.4528246,-0.0027478,-0.2839970,-0.9562235,0.0705334
gait_20260919_222612_andrew_normal_upside_down_2,andrew_normal_upside_down_2,2513809448202688,2026-09-19T22:26:12.591930Z,1.0660931,4.6318827,8.3102741,0.4126505,0.0906472,-0.2214303,0.1458617,5.0734620,8.3949280,-0.0011062,-0.2893897,-0.9547128,0.0691084
gait_20260919_222612_andrew_normal_upside_down_2,andrew_normal_upside_down_2,2513809458310354,2026-09-19T22:26:12.594362Z,0.5933131,4.6712370,7.8597898,0.4126505,0.0906472,-0.2214303,0.1458617,5.0734620,8.3949280,-0.0011062,-0.2893897,-0.9547128,0.0691084
gait_20260919_222612_andrew_normal_upside_down_2,andrew_normal_upside_down_2,2513809468394216,2026-09-19T22:26:12.611637Z,0.1564461,4.8674121,7.5465236,0.1759152,0.0266796,-0.1538321,0.1072897,5.1472802,8.3504553,0.0007492,-0.2935021,-0.9535885,0.0672674
gait_20260919_222612_andrew_normal_upside_down_2,andrew_normal_upside_down_2,2513809478455414,2026-09-19T22:26:12.612129Z,-0.0499790,4.9995422,7.3804259,0.1759152,0.0266796,-0.1538321,0.1072897,5.1472802,8.3504553,0.0007492,-0.2935021,-0.9535885,0.0672674
gait_20260919_222612_andrew_normal_upside_down_2,andrew_normal_upside_down_2,2513809488564219,2026-09-19T22:26:12.631908Z,0.0643442,4.9340010,7.4212022,-0.0510109,-0.1508511,-0.1022050,0.0827083,5.1795602,8.3307514,0.0018483,-0.2952956,-0.9531212,0.0660072
gait_20260919_222612_andrew_normal_upside_down_2,andrew_normal_upside_down_2,2513809498646332,2026-09-19T22:26:12.632748Z,0.1778443,4.7205429,7.5578961,-0.0510109,-0.1508511,-0.1022050,0.0827083,5.1795602,8.3307514,0.0018483,-0.2952956,-0.9531212,0.0660072
gait_20260919_222612_andrew_normal_upside_down_2,andrew_normal_upside_down_2,2513809508731333,2026-09-19T22:26:12.652017Z,0.2683750,4.6433296,7.7358155,-0.1927190,-0.3179397,-0.0800220,0.0955602,5.1729140,8.3347435,0.0008211,-0.2949958,-0.9533026,0.0647399
gait_20260919_222612_andrew_normal_upside_down_2,andrew_normal_upside_down_2,2513809518818492,2026-09-19T22:26:12.653142Z,0.5933879,4.6631565,8.0077820,-0.1927190,-0.3179397,-0.0800220,0.0955602,5.1729140,8.3347435,0.0008211,-0.2949958,-0.9533026,0.0647399
gait_20260919_222612_andrew_normal_upside_down_2,andrew_normal_upside_down_2,2513809528878062,2026-09-19T22:26:12.671938Z,0.9354595,4.6220064,8.2228107,-0.1964162,-0.3856545,-0.1169604,0.1401888,5.1400957,8.3543921,-0.0020827,-0.2933105,-0.9539319,0.0630767
gait_20260919_222612_andrew_normal_upside_down_2,andrew_normal_upside_down_2,2513809538983979,2026-09-19T22:26:12.674070Z,1.0091560,4.5504794,8.2620163,-0.1964162,-0.3856545,-0.1169604,0.1401888,5.1400957,8.3543921,-0.0020827,-0.2933105,-0.9539319,0.0630767
gait_20260919_222612_andrew_normal_upside_down_2,andrew_normal_upside_down_2,2513809549077484,2026-09-19T22:26:12.692154Z,0.9770588,4.5397058,8.2473516,-0.1338641,-0.2806849,-0.1282184,0.1949368,5.1060390,8.3741550,-0.0056256,-0.2915894,-0.9545830,0.0609525
gait_20260919_222612_andrew_normal_upside_down_2,andrew_normal_upside_down_2,2513809559160044,2026-09-19T22:26:12.693425Z,1.0949732,4.5565400,8.2867813,-0.1338641,-0.2806849,-0.1282184,0.1949368,5.1060390,8.3741550,-0.0056256,-0.2915894,-0.9545830,0.0609525
gait_20260919_222612_andrew_normal_upside_down_2,andrew_normal_upside_down_2,2513809569236623,2026-09-19T22:26:12.712216Z,1.2135609,4.5854950,8.3870382,0.0083270,-0.0499950,-0.1611432,0.2335089,5.0820708,8.3877373,-0.0082265,-0.2903547,-0.9550633,0.0589974
gait_20260919_222612_andrew_normal_upside_down_2,andrew_normal_upside_down_2,2513809579297781,2026-09-19T22:26:12.713136Z,1.1872996,4.4878564,8.5422869,0.0083270,-0.0499950,-0.1611432,0.2335089,5.0820708,8.3877373,-0.0082265,-0.2903547,-0.9550633,0.0589974
gait_20260919_222612_andrew_normal_upside_down_2,andrew_normal_upside_down_2,2513809589405528,2026-09-19T22:26:12.732360Z,1.1709143,4.4321909,8.8001881,0.2355528,0.2207309,-0.2544051,0.2386532,5.0762291,8.3911295,-0.0092455,-0.2891611,-0.9554914,0.0577637
gait_20260919_222612_andrew_normal_upside_down_2,andrew_normal_upside_down_2,2513809599489512,2026-09-19T22:26:12.734177Z,1.1047745,4.4230633,9.0155907,0.2355528,0.2207309,-0.2544051,0.2386532,5.0762291,8.3911295,-0.0092455,-0.2891611,-0.9554914,0.0577637
gait_20260919_222612_andrew_normal_upside_down_2,andrew_normal_upside_down_2,2513809609574433,2026-09-19T22:26:12.751643Z,0.9184008,4.4009171,9.3421001,0.5463980,0.3276156,-0.4128170,0.1789362,5.1120787,8.3708267,-0.0064419,-0.2908000,-0.9551045,0.0562970
gait_20260919_222612_andrew_normal_upside_down_2,andrew_normal_upside_down_2,2513809619658295,2026-09-19T22:26:12.752136Z,0.7243956,4.3974004,9.4272442,0.5463980,0.3276156,-0.4128170,0.1789362,5.1120787,8.3708267,-0.0064419,-0.2908000,-0.9551045,0.0562970
gait_20260919_222612_andrew_normal_upside_down_2,andrew_normal_upside_down_2,2513809629719940,2026-09-19T22:26:12.771629Z,0.3776853,4.6267948,9.0298061,0.7144525,0.4855279,-0.5047799,0.0819174,5.2015662,8.3170376,-0.0017868,-0.2954222,-0.9538581,0.0536406
gait_20260919_222612_andrew_normal_upside_down_2,andrew_normal_upside_down_2,2513809639831431,2026-09-19T22:26:12.772709Z,-0.0929250,5.1235170,8.4611092,0.7144525,0.4855279,-0.5047799,0.0819174,5.2015662,8.3170376,-0.0017868,-0.2954222,-0.9538581,0.0536406
gait_20260919_222612_andrew_normal_upside_down_2,andrew_normal_upside_down_2,2513809649911347,2026-09-19T22:26:12.791909Z,-0.7572411,5.6001873,8.0862665,0.7142027,0.4364156,-0.3975787,-0.0502720,5.3225331,8.2404022,0.0046809,-0.3021098,-0.9519346,0.0502819
gait_20260919_222612_andrew_normal_upside_down_2,andrew_normal_upside_down_2,2513809660019176,2026-09-19T22:26:12.796075Z,-1.2009166,5.7750387,7.8841810,0.7142027,0.4364156,-0.3975787,-0.0502720,5.3225331,8.2404022,0.0046809,-0.3021098,-0.9519346,0.0502819
gait_20260919_222612_andrew_normal_upside_down_2,andrew_normal_upside_down_2,2513809670094492,2026-09-19T22:26:12.811888Z,-0.8212112,5.3365259,7.7066360,0.5527764,0.0566233,-0.3853214,-0.1748464,5.4411020,8.1608782,0.0110426,-0.3087516,-0.9498674,0.0479829
gait_20260919_222612_andrew_normal_upside_down_2,andrew_normal_upside_down_2,2513809680172374,2026-09-19T22:26:12.813084Z,-0.3581576,5.2257943,7.7201781,0.5527764,0.0566233,-0.3853214,-0.1748464,5.4411020,8.1608782,0.0110426,-0.3087516,-0.9498674,0.0479829
gait_20260919_222612_andrew_normal_upside_down_2,andrew_normal_upside_down_2,2513809690230072,2026-09-19T22:26:12.831793Z,-0.2085948,5.2607346,7.8374190,0.2673451,-0.3246512,-0.4000934,-0.2307759,5.5338497,8.0968733,0.0133205,-0.3141685,-0.9482275,0.0445601
gait_20260919_222612_andrew_normal_upside_down_2,andrew_normal_upside_down_2,2513809700315156,2026-09-19T22:26:12.832303Z,0.0168342,5.1256118,7.7076087,0.2673451,-0.3246512,-0.4000934,-0.2307759,5.5338497,8.0968733,0.0133205,-0.3141685,-0.9482275,0.0445601
gait_20260919_222612_andrew_normal_upside_down_2,andrew_normal_upside_down_2,2513809710415131,2026-09-19T22:26:12.851885Z,0.3413234,5.0038066,7.5766010,-0.0713287,-0.7728411,-0.4121342,-0.2261478,5.5795608,8.0655727,0.0118926,-0.3170317,-0.9474980,0.0399636
gait_20260919_222612_andrew_normal_upside_down_2,andrew_normal_upside_down_2,2513809720504690,2026-09-19T22:26:12.852994Z,0.5580735,5.1199255,7.6430402,-0.0713287,-0.7728411,-0.4121342,-0.2261478,5.5795608,8.0655727,0.0118926,-0.3170317,-0.9474980,0.0399636
gait_20260919_222612_andrew_normal_upside_down_2,andrew_normal_upside_down_2,2513809730588796,2026-09-19T22:26:12.872005Z,0.8332570,5.2818332,7.8807392,-0.3306466,-0.9371985,-0.4162310,-0.1510400,5.5692673,8.0744381,0.0060506,-0.3167583,-0.9478916,0.0336021
gait_20260919_222612_andrew_normal_upside_down_2,andrew_normal_upside_down_2,2513809740691092,2026-09-19T22:26:12.873102Z,1.2981062,5.3068228,8.2807207,-0.3306466,-0.9371985,-0.4162310,-0.1510400,5.5692673,8.0744381,0.0060506,-0.3167583,-0.9478916,0.0336021
gait_20260919_222612_andrew_normal_upside_down_2,andrew_normal_upside_down_2,2513809750764414,2026-09-19T22:26:12.892069Z,1.5374516,5.4101477,8.5134068,-0.4451422,-0.5274791,-0.4046899,-0.0035206,5.5093193,8.1168652,-0.0025899,-0.3135316,-0.9491897,0.0270226
gait_20260919_222612_andrew_normal_upside_down_2,andrew_normal_upside_down_2,2513809760845754,2026-09-19T22:26:12.892898Z,1.7356466,5.4490533,8.2049294,-0.4451422,-0.5274791,-0.4046899,-0.0035206,5.5093193,8.1168652,-0.0025899,-0.3135316,-0.9491897,0.0270226
gait_20260919_222612_andrew_normal_upside_down_2,andrew_normal_upside_down_2,2513809770900849,2026-09-19T22:26:12.912009Z,1.9732711,5.4730701,7.5828109,-0.6330649,0.2489259,-0.4748361,0.1426662,5.4445391,8.1592121,-0.0108685,-0.3090191,-0.9507289,0.0224423
gait_20260919_222612_andrew_normal_upside_down_2,andrew_normal_upside_down_2,2513809781009247,2026-09-19T22:26:12.913105Z,2.1062989,5.5303068,6.8974705,-0.6330649,0.2489259,-0.4748361,0.1426662,5.4445391,8.1592121,-0.0108685,-0.3090191,-0.9507289,0.0224423
gait_20260919_222612_andrew_normal_upside_down_2,andrew_normal_upside_down_2,2513809791070485,2026-09-19T22:26:12.932134Z,1.1183915,5.5059156,6.3655090,-0.8796592,0.6483032,-0.6267198,0.0593238,5.3448710,8.2258711,-0.0076368,-0.3031720,-0.9527239,0.0185954
gait_20260919_222612_andrew_normal_upside_down_2,andrew_normal_upside_down_2,2513809801176239,2026-09-19T22:26:12.933137Z,1.9095255,4.9958010,6.7035403,-0.8796592,0.6483032,-0.6267198,0.0593238,5.3448710,8.2258711,-0.0076368,-0.3031720,-0.9527239,0.0185954
gait_20260919_222612_andrew_normal_upside_down_2,andrew_normal_upside_down_2,2513809811262828,2026-09-19T22:26:12.960267Z,3.2228200,2.8652608,8.3232174,-0.7064420,0.3749127,-0.9664261,-0.1165031,5.1975365,8.3191433,0.0005370,-0.2945934,-0.9555054,0.0149730
gait_20260919_222612_andrew_normal_upside_down_2,andrew_normal_upside_down_2,2513809821347097,2026-09-19T22:26:12.960875Z,0.7267150,3.2392054,9.7087126,-0.7064420,0.3749127,-0.9664261,-0.1165031,5.1975365,8.3191433,0.0005370,-0.2945934,-0.9555054,0.0149730
gait_20260919_222612_andrew_normal_upside_down_2,andrew_normal_upside_down_2,2513809831410736,2026-09-19T22:26:12.971470Z,-0.8013842,4.0993972,10.8116159,-0.0617860,0.2094562,-0.7526066,-0.2848050,5.0656209,8.3960981,0.0070829,-0.2871939,-0.9578249,0.0064168
gait_20260919_222612_andrew_normal_upside_down_2,andrew_normal_upside_down_2,2513809841491099,2026-09-19T22:26:12.971777Z,-1.3602059,4.2816558,11.3043728,-0.0617860,0.2094562,-0.7526066,-0.2848050,5.0656209,8.3960981,0.0070829,-0.2871939,-0.9578249,0.0064168
gait_20260919_222612_andrew_normal_upside_down_2,andrew_normal_upside_down_2,2513809851601126,2026-09-19T22:26:12.991616Z,-1.6549920,4.1529675,10.9768162,0.5680147,0.0787730,-0.5007496,-0.4021285,5.0390267,8.4072952,-0.0115320,0.2859000,0.9581901,0.0003181
gait_20260919_222612_andrew_normal_upside_down_2,andrew_normal_upside_down_2,2513809861684987,2026-09-19T22:26:12.992889Z,-1.3849709,4.3008094,10.1864300,0.5680147,0.0787730,-0.5007496,-0.4021285,5.0390267,8.4072952,-0.0115320,0.2859000,0.9581901,0.0003181
gait_20260919_222612_andrew_normal_upside_down_2,andrew_normal_upside_down_2,2513809871774262,2026-09-19T22:26:13.011470Z,-0.7986159,4.5429978,9.2354088,0.7526233,0.1881059,-0.4159646,-0.4657613,5.1288142,8.3495178,-0.0137440,0.2911987,0.9565517,0.0048360
gait_20260919_222612_andrew_normal_upside_down_2,andrew_normal_upside_down_2,2513809881829967,2026-09-19T22:26:13.012219Z,-0.3276315,4.6824598,8.3874121,0.7526233,0.1881059,-0.4159646,-0.4657613,5.1288142,8.3495178,-0.0137440,0.2911987,0.9565517,0.0048360
gait_20260919_222612_andrew_normal_upside_down_2,andrew_normal_upside_down_2,2513809891960582,2026-09-19T22:26:13.039588Z,-0.0674117,4.7710452,7.7808561,0.5957768,0.4455919,-0.4679081,-0.5364641,5.2550015,8.2663937,-0.0165210,0.2986281,0.9541900,0.0083644
gait_20260919_222612_andrew_normal_upside_down_2,andrew_normal_upside_down_2,2513809901996796,2026-09-19T22:26:13.040412Z,0.1242740,4.8470612,7.5391169,0.5957768,0.4455919,-0.4679081,-0.5364641,5.2550015,8.2663937,-0.0165210,0.2986281,0.9541900,0.0083644
gait_20260919_222612_andrew_normal_upside_down_2,andrew_normal_upside_down_2,2513809912085460,2026-09-19T22:26:13.067191Z,0.2994997,4.9180646,7.7269869,0.4886922,0.7180498,-0.6769146,-0.6553862,5.3521953,8.1951561,-0.0220074,0.3045185,0.9521855,0.0112684
gait_20260919_222612_andrew_normal_upside_down_2,andrew_normal_upside_down_2,2513809922167247,2026-09-19T22:26:13.067443Z,0.3104980,5.0551324,8.1673698,0.4886922,0.7180498,-0.6769146,-0.6553862,5.3521953,8.1951561,-0.0220074,0.3045185,0.9521855,0.0112684
gait_20260919_222612_andrew_normal_upside_down_2,andrew_normal_upside_down_2,2513809932250825,2026-09-19T22:26:13.078894Z,-0.1451485,5.2372413,8.5823898,0.6636748,0.8665026,-0.8700833,-0.8395641,5.4192896,8.1340361,-0.0306893,0.3087387,0.9505339,0.0149634
gait_20260919_222612_andrew_normal_upside_down_2,andrew_normal_upside_down_2,2513809942347870,2026-09-19T22:26:13.079115Z,-0.8225579,5.2934303,8.8020582,0.6636748,0.8665026,-0.8700833,-0.8395641,5.4192896,8.1340361,-0.0306893,0.3087387,0.9505339,0.0149634
gait_20260919_222612_andrew_normal_upside_down_2,andrew_normal_upside_down_2,2513809952424286,2026-09-19T22:26:13.091920Z,-1.2657096,5.2847514,8.8351278,0.9922063,1.0483299,-0.9247580,-1.0771220,5.5061269,8.0472651,-0.0416116,0.3146480,0.9480670,0.0208355
gait_20260919_222612_andrew_normal_upside_down_2,andrew_normal_upside_down_2,2513809962533580,2026-09-19T22:26:13.092151Z,-1.2822447,5.2246718,8.6619225,0.9922063,1.0483299,-0.9247580,-1.0771220,5.5061269,8.0472651,-0.0416116,0.3146480,0.9480670,0.0208355
gait_20260919_222612_andrew_normal_upside_down_2,andrew_normal_upside_down_2,2513809972610769,2026-09-19T22:26:13.112068Z,-0.8103625,5.0095677,8.4620819,1.3789600,1.5600379,-1.1225731,-1.3451968,5.6387649,7.9139681,-0.0541290,0.3231917,0.9444131,0.0264770
gait_20260919_222612_andrew_normal_upside_down_2,andrew_normal_upside_down_2,2513809982674042,2026-09-19T22:26:13.112367Z,-0.1537526,4.8471360,8.2938890,1.3789600,1.5600379,-1.1225731,-1.3451968,5.6387649,7.9139681,-0.0541290,0.3231917,0.9444131,0.0264770
gait_20260919_222612_andrew_normal_upside_down_2,andrew_normal_upside_down_2,2513810002864675,2026-09-19T22:26:13.137013Z,0.6111948,4.6103349,8.1426048,1.8710995,2.5160053,-1.4913405,-1.6682764,5.8012657,7.7329350,-0.0700771,0.3342341,0.9393409,0.0318690
gait_20260919_222612_andrew_normal_upside_down_2,andrew_normal_upside_down_2,2513810033092540,2026-09-19T22:26:13.158554Z,0.6458359,3.8863878,8.4565449,2.5693479,3.5939960,-1.9373987,-2.1892455,6.0153503,7.4336314,-0.0964531,0.3502938,0.9308846,0.0380117
gait_20260919_222612_andrew_normal_upside_down_2,andrew_normal_upside_down_2,2513810053285410,2026-09-19T22:26:13.177186Z,-0.5899463,3.7640591,8.0224466,3.3586762,4.1741014,-2.4403300,-2.9204710,6.2711697,6.9555292,-0.1346963,0.3720315,0.9172913,0.0450143
gait_20260919_222612_andrew_normal_upside_down_2,andrew_normal_upside_down_2,2513810073451671,2026-09-19T22:26:13.197728Z,-2.5644145,3.9448962,6.4776626,3.8751805,4.0370731,-2.7383516,-3.7900350,6.5487590,6.2438359,-0.1809298,0.4004866,0.8965467,0.0554890
gait_20260919_222612_andrew_normal_upside_down_2,andrew_normal_upside_down_2,2513810093620982,2026-09-19T22:26:13.217553Z,-3.7457285,4.5160627,4.5655184,4.0031157,3.6116490,-2.8308973,-4.6398101,6.7682557,5.3757777,-0.2267748,0.4317270,0.8702091,0.0701513
gait_20260919_222612_andrew_normal_upside_down_2,andrew_normal_upside_down_2,2513810113770803,2026-09-19T22:26:13.238014Z,-4.3968019,4.6876974,2.7802668,3.7696946,2.8923502,-2.8614740,-5.3932948,6.8799968,4.4513063,-0.2681185,0.4621406,0.8407344,0.0877735
gait_20260919_222612_andrew_normal_upside_down_2,andrew_normal_upside_down_2,2513810133958384,2026-09-19T22:26:13.258875Z,-4.6025534,4.6747537,1.7560722,3.3568943,2.2361031,-2.9001110,-6.0296998,6.8582525,3.5837421,-0.3029166,0.4883365,0.8112348,0.1080156
gait_20260919_222612_andrew_normal_upside_down_2,andrew_normal_upside_down_2,2513810154103404,2026-09-19T22:26:13.277944Z,-4.8466873,4.6334538,1.5195699,3.0699141,1.9723719,-3.0012834,-6.5718036,6.7090302,2.8348591,-0.3318469,0.5087319,0.7836464,0.1302614
gait_20260919_222612_andrew_normal_upside_down_2,andrew_normal_upside_down_2,2513810174294932,2026-09-19T22:26:13.298672Z,-5.8879404,4.4125137,1.2468554,3.0001178,2.0995412,-3.0509121,-7.0675058,6.4515009,2.1597743,-0.3584812,0.5247048,0.7566921,0.1536015
gait_20260919_222612_andrew_normal_upside_down_2,andrew_normal_upside_down_2,2513810194441417,2026-09-19T22:26:13.318872Z,-6.7072062,4.3938088,0.5099649,3.0908813,2.3213212,-2.9876273,-7.5313101,6.1106734,1.4748415,-0.3854353,0.5390800,0.7277677,0.1765973
gait_20260919_222612_andrew_normal_upside_down_2,andrew_normal_upside_down_2,2513810214631521,2026-09-19T22:26:13.339225Z,-6.9874778,4.0915413,-0.6133646,3.1175277,2.4306707,-2.9103365,-7.9408655,5.7115741,0.7461134,-0.4127461,0.5534891,0.6958261,0.1977792
gait_20260919_222612_andrew_normal_upside_down_2,andrew_normal_upside_down_2,2513810234800588,2026-09-19T22:26:13.359799Z,-7.9088712,3.8727708,-1.5705215,2.9824979,2.3277996,-2.8925002,-8.2813892,5.2587724,0.0007304,-0.4393016,0.5675213,0.6615662,0.2174027
gait_20260919_222612_andrew_normal_upside_down_2,andrew_normal_upside_down_2,2513810254969777,2026-09-19T22:26:13.379335Z,-9.6246157,3.6775687,-2.4609401,2.6699874,1.7500923,-2.7377355,-8.5568571,4.7458134,-0.7025387,-0.4644925,0.5792022,0.6268682,0.2362369
gait_20260919_222612_andrew_normal_upside_down_2,andrew_normal_upside_down_2,2513810275158377,2026-09-19T22:26:13.399834Z,-10.4538326,3.8874354,-2.9753194,2.2533400,1.0918133,-2.3521142,-8.7710829,4.2071815,-1.2664284,-0.4853619,0.5871049,0.5953439,0.2555334
gait_20260919_222612_andrew_normal_upside_down_2,andrew_normal_upside_down_2,2513810295306203,2026-09-19T22:26:13.419854Z,-10.0008049,2.7621605,2.7760022,2.0647511,-0.8162412,-2.0861180,-8.9290380,3.7140539,-1.6474870,-0.4999996,0.5916125,0.5698881,0.2742674
gait_20260919_222612_andrew_normal_upside_down_2,andrew_normal_upside_down_2,2513810315474457,2026-09-19T22:26:13.439900Z,-10.2584810,3.9161658,-1.2299463,1.9363163,-0.4778672,-1.5929626,-9.0975246,3.2666302,-1.6734058,-0.5029092,0.5907108,0.5549925,0.3002109
gait_20260919_222612_andrew_normal_upside_down_2,andrew_normal_upside_down_2,2513810335626963,2026-09-19T22:26:13.460188Z,-9.0030966,3.0946553,-3.1863084,1.8513646,-0.6070515,-1.3184897,-9.2155151,2.8995321,-1.7038630,-0.5039349,0.5915363,0.5408539,0.3218873
gait_20260919_222612_andrew_normal_upside_down_2,andrew_normal_upside_down_2,2513810355789439,2026-09-19T22:26:13.480230Z,-9.2523928,2.5021653,-3.6911857,1.3753461,-0.6932854,-1.1445063,-9.2916269,2.6099603,-1.7578059,-0.5023972,0.5933009,0.5280290,0.3417260
gait_20260919_222612_andrew_normal_upside_down_2,andrew_normal_upside_down_2,2513810375980560,2026-09-19T22:26:13.501067Z,-8.8012352,3.3230023,-1.9621232,1.1147957,-0.5765915,-1.0373884,-9.3704948,2.3429987,-1.7147354,-0.5009310,0.5927985,0.5185143,0.3588887
gait_20260919_222612_andrew_normal_upside_down_2,andrew_normal_upside_down_2,2513810396156749,2026-09-19T22:26:13.520869Z,-7.1901617,2.4553287,0.2445827,1.3144095,-0.4712889,-1.0521771,-9.4194784,2.1740675,-1.6682297,-0.4996838,0.5913091,0.5114846,0.3728982
gait_20260919_222612_andrew_normal_upside_down_2,andrew_normal_upside_down_2,2513810416317678,2026-09-19T22:26:13.540830Z,-6.4150391,1.1541549,2.1577742,1.8612903,-0.0843354,-1.1996807,-9.4784126,1.9326395,-1.6311764,-0.4985796,0.5907831,0.5022389,0.3874919
gait_20260919_222612_andrew_normal_upside_down_2,andrew_normal_upside_down_2,2513810436509695,2026-09-19T22:26:13.560966Z,-7.2396169,1.2457330,1.0443957,2.4552019,0.1786631,-1.2644644,-9.5260229,1.6459733,-1.6678663,-0.4977395,0.5932206,0.4875273,0.4033137
gait_20260919_222612_andrew_normal_upside_down_2,andrew_normal_upside_down_2,2513810456642019,2026-09-19T22:26:13.580854Z,-8.2480993,0.3215712,0.3641431,2.7189331,-0.2060921,-1.0421847,-9.5572834,1.3172197,-1.7774714,-0.4961374,0.5993989,0.4666348,0.4205006
gait_20260919_222612_andrew_normal_upside_down_2,andrew_normal_upside_down_2,2513810476826549,2026-09-19T22:26:13.601177Z,-7.4078097,0.6866121,-1.3045406,2.6392775,-0.7643809,-0.6330816,-9.5895939,1.0101252,-1.8042806,-0.4900514,0.6056811,0.4463959,0.4401485
gait_20260919_222612_andrew_normal_upside_down_2,andrew_normal_upside_down_2,2513810496969656,2026-09-19T22:26:13.620942Z,-5.8430490,3.3343000,-1.4960768,2.2656972,-1.0789065,-0.1282351,-9.6229677,0.7783867,-1.7403256,-0.4793924,0.6116446,0.4294084,0.4600896
gait_20260919_222612_andrew_normal_upside_down_2,andrew_normal_upside_down_2,2513810517158784,2026-09-19T22:26:13.641392Z,-3.9372647,6.1579614,-0.4104559,1.6341645,-0.3797423,0.3968292,-9.6630316,0.6670825,-1.5546457,-0.4648225,0.6152731,0.4197314,0.4787533
gait_20260919_222612_andrew_normal_upside_down_2,andrew_normal_upside_down_2,2513810537331106,2026-09-19T22:26:13.661385Z,-3.5037646,7.4509802,1.4615853,1.3442699,0.6750160,0.0501449,-9.6720009,0.7038820,-1.4808997,-0.4518525,0.6219038,0.4138706,0.4876230
gait_20260919_222612_andrew_normal_upside_down_2,andrew_normal_upside_down_2,2513810557475027,2026-09-19T22:26:13.682212Z,-4.4823947,6.1745715,2.6238954,1.4958371,1.8555614,-0.5446327,-9.6510925,0.6910984,-1.6170663,-0.4469334,0.6309637,0.4035383,0.4891751
gait_20260919_222612_andrew_normal_upside_down_2,andrew_normal_upside_down_2,2513810577644094,2026-09-19T22:26:13.702497Z,-6.3422403,4.6451254,1.7931074,1.8512814,3.1640921,-0.6421246,-9.5932922,0.5396203,-1.9782947,-0.4500449,0.6431451,0.3836860,0.4864247
gait_20260919_222612_andrew_normal_upside_down_2,andrew_normal_upside_down_2,2513810597839529,2026-09-19T22:26:13.721805Z,-9.0024977,3.7740102,0.1390133,2.1924531,3.9230938,-0.0763915,-9.4571142,0.3254025,-2.5871234,-0.4571094,0.6618256,0.3542770,0.4769965
gait_20260919_222612_andrew_normal_upside_down_2,andrew_normal_upside_down_2,2513810618004120,2026-09-19T22:26:13.742247Z,-14.5671463,2.6476130,-1.6951696,2.3382750,3.5981593,0.8686844,-9.3356247,0.6328834,-2.9464724,-0.4425897,0.6837741,0.3474686,0.4645781
gait_20260919_222612_andrew_normal_upside_down_2,andrew_normal_upside_down_2,2513810638171926,2026-09-19T22:26:13.762865Z,-17.8918686,2.3334489,-1.2406454,2.2566042,1.9320529,1.8156087,-9.0783501,0.6233882,-3.6648471,-0.4381646,0.7125071,0.3177935,0.4464894
gait_20260919_222612_andrew_normal_upside_down_2,andrew_normal_upside_down_2,2513810658341238,2026-09-19T22:26:13.783050Z,-16.4703865,2.0395606,-1.0500071,2.2554383,-0.3216535,2.3850224,-8.8881989,0.7671125,-4.0801506,-0.4211532,0.7369886,0.2995793,0.4355803
gait_20260919_222612_andrew_normal_upside_down_2,andrew_normal_upside_down_2,2513810678509328,2026-09-19T22:26:13.802863Z,-15.6688528,-0.0198270,-0.7064391,2.4101365,-1.2751062,2.5570571,-8.8643246,1.0092027,-4.0793819,-0.3925747,0.7525232,0.2941259,0.4394131
gait_20260919_222612_andrew_normal_upside_down_2,andrew_normal_upside_down_2,2513810698677867,2026-09-19T22:26:13.822715Z,-17.4013577,-1.8082209,-0.2515408,2.5215511,-1.1543155,2.4035416,-8.9145546,1.2758434,-3.8908970,-0.3582168,0.7632010,0.2924590,0.4513012
gait_20260919_222612_andrew_normal_upside_down_2,andrew_normal_upside_down_2,2513810718871226,2026-09-19T22:26:13.843311Z,-19.2187805,-3.5110221,-1.1589433,2.4506886,-1.3947312,1.5257308,-8.9372215,1.5228438,-3.7474205,-0.3240306,0.7735624,0.2882511,0.4620787
gait_20260919_222612_andrew_normal_upside_down_2,andrew_normal_upside_down_2,2513810738995860,2026-09-19T22:26:13.862987Z,-17.1614132,-6.7323456,-3.4696472,2.1754663,-1.9612638,0.1329981,-8.9829330,1.6328567,-3.5884306,-0.2957880,0.7795351,0.2806081,0.4754930
gait_20260919_222612_andrew_normal_upside_down_2,andrew_normal_upside_down_2,2513810759183685,2026-09-19T22:26:13.884485Z,-15.0403748,-9.0833015,-4.7234607,1.8131440,-2.0894489,-0.9888756,-9.1110392,1.5186881,-3.3043399,-0.2778222,0.7767923,0.2699145,0.4965428
gait_20260919_222612_andrew_normal_upside_down_2,andrew_normal_upside_down_2,2513810779353079,2026-09-19T22:26:13.903647Z,-13.2949276,-9.0526266,-4.8879871,1.5916803,-1.7124211,-1.2794862,-9.2732992,1.2161846,-2.9602220,-0.2705719,0.7679635,0.2563349,0.5208796
gait_20260919_222612_andrew_normal_upside_down_2,andrew_normal_upside_down_2,2513810799499115,2026-09-19T22:26:13.924738Z,-12.2333231,-9.2534399,-5.2489133,1.6111155,-1.5656170,-1.0850519,-9.4000158,0.8754297,-2.6663535,-0.2678482,0.7590522,0.2416321,0.5419512
gait_20260919_222612_andrew_normal_upside_down_2,andrew_normal_upside_down_2,2513810819689667,2026-09-19T22:26:13.944052Z,-11.2451916,-10.0456963,-5.6891470,1.9738208,-1.5930792,-0.7275092,-9.4957933,0.5781040,-2.3941250,-0.2640618,0.7511164,0.2274473,0.5606811
gait_20260919_222612_andrew_normal_upside_down_2,andrew_normal_upside_down_2,2513810839835337,2026-09-19T22:26:13.964127Z,-8.9558105,-10.4800196,-6.1237693,2.6098335,-1.4432774,-0.5277789,-9.5740156,0.3427477,-2.1111310,-0.2552440,0.7444065,0.2125507,0.5792511
gait_20260919_222612_andrew_normal_upside_down_2,andrew_normal_upside_down_2,2513810860029999,2026-09-19T22:26:13.984705Z,-6.5316815,-9.1299887,-6.7899561,3.1544662,-1.0031812,-0.9043237,-9.6364670,0.1393643,-1.8317299,-0.2407528,0.7394398,0.1939517,0.5980382
gait_20260919_222612_andrew_normal_upside_down_2,andrew_normal_upside_down_2,2513810880197642,2026-09-19T22:26:14.004659Z,-5.6677489,-7.5781722,-6.3923688,3.2470951,-0.5748096,-1.7306571,-9.6716614,-0.1355379,-1.6360793,-0.2259018,0.7370619,0.1676542,0.6144918
gait_20260919_222612_andrew_normal_upside_down_2,andrew_normal_upside_down_2,2513810900366385,2026-09-19T22:26:14.024740Z,-7.5457006,-5.9543047,-5.5627780,3.0469317,-0.2843987,-2.5012167,-9.6782713,-0.5671027,-1.4985230,-0.2169264,0.7346257,0.1341128,0.6287143
gait_20260919_222612_andrew_normal_upside_down_2,andrew_normal_upside_down_2,2513810920536509,2026-09-19T22:26:14.045451Z,-9.4872484,-5.3571758,-5.6503906,2.4348176,-0.2611665,-2.5971766,-9.6429129,-1.1444645,-1.3930442,-0.2153691,0.7310330,0.0959215,0.6403171
gait_20260919_222612_andrew_normal_upside_down_2,andrew_normal_upside_down_2,2513810940686087,2026-09-19T22:26:14.065281Z,-9.2691517,-4.5744963,-5.5750484,1.3198220,-0.0779403,-2.2409160,-9.5723391,-1.7277445,-1.2733172,-0.2183770,0.7256211,0.0607028,0.6496928
gait_20260919_222612_andrew_normal_upside_down_2,andrew_normal_upside_down_2,2513810960850596,2026-09-19T22:26:14.085002Z,-9.4758015,-2.6864440,-4.5841479,-0.0199680,-0.0027146,-1.8860548,-9.4842176,-2.2006397,-1.2012050,-0.2256537,0.7206540,0.0356283,0.6545754
gait_20260919_222612_andrew_normal_upside_down_2,andrew_normal_upside_down_2,2513810981041759,2026-09-19T22:26:14.105780Z,-9.4624834,-0.4067898,-3.7747583,-1.4159150,0.2157014,-1.6214408,-9.3928680,-2.5634468,-1.1995388,-0.2389842,0.7162731,0.0226273,0.6552309
gait_20260919_222612_andrew_normal_upside_down_2,andrew_normal_upside_down_2,2513811001185191,2026-09-19T22:26:14.125533Z,-8.9211693,0.4965724,-3.8181531,-2.6849759,0.1766313,-1.4423780,-9.3064356,-2.7859933,-1.3655102,-0.2584003,0.7155132,0.0230321,0.6486444
gait_20260919_222612_andrew_normal_upside_down_2,andrew_normal_upside_down_2,2513811021354666,2026-09-19T22:26:14.145711Z,-9.2162552,0.8022820,-3.1664815,-3.5382221,-0.0125570,-1.2266433,-9.2775698,-2.6053998,-1.8370361,-0.2766669,0.7252736,0.0462656,0.6287234
gait_20260919_222612_andrew_normal_upside_down_2,andrew_normal_upside_down_2,2513811041525564,2026-09-19T22:26:14.166022Z,-10.4390936,0.6557120,-1.4235773,-3.6183939,-0.3754789,-0.9292046,-9.2975521,-2.2161152,-2.2091832,-0.2943798,0.7310966,0.0828334,0.6098991
gait_20260919_222612_andrew_normal_upside_down_2,andrew_normal_upside_down_2,2513811061691173,2026-09-19T22:26:14.185743Z,-10.0321541,-0.8678981,-0.0624737,-3.0371227,-1.0395201,-0.8357429,-9.2727175,-2.2224710,-2.3050988,-0.3222907,0.7229577,0.1043926,0.6021322
gait_20260919_222612_andrew_normal_upside_down_2,andrew_normal_upside_down_2,2513811081884084,2026-09-19T22:26:14.206011Z,-9.8334351,-1.6728736,-1.2355577,-2.5656173,-1.4565505,-0.9671589,-9.3112173,-2.1808305,-2.1866245,-0.3422017,0.7096266,0.1274016,0.6025752
gait_20260919_222612_andrew_normal_upside_down_2,andrew_normal_upside_down_2,2513811102051972,2026-09-19T22:26:14.226235Z,-9.7932577,-2.8087728,-0.5895722,-2.2219141,-1.5114084,-1.0677152,-9.3322496,-2.2491593,-2.0215209,-0.3611673,0.6939453,0.1448131,0.6058278
gait_20260919_222612_andrew_normal_upside_down_2,andrew_normal_upside_down_2,2513811122227753,2026-09-19T22:26:14.247652Z,-11.4932156,-2.7285669,0.0205004,-1.9046404,-1.2833833,-1.0747931,-9.3439350,-2.3664551,-1.8239745,-0.3789133,0.6767791,0.1588953,0.6108576
gait_20260919_222612_andrew_normal_upside_down_2,andrew_normal_upside_down_2,2513811142389253,2026-09-19T22:26:14.266787Z,-13.0728655,-2.3630772,0.9898528,-1.4953041,-1.2758889,-0.8655701,-9.3371029,-2.5033770,-1.6696512,-0.3950923,0.6617169,0.1695272,0.6142421
gait_20260919_222612_andrew_normal_upside_down_2,andrew_normal_upside_down_2,2513811162534801,2026-09-19T22:26:14.286731Z,-13.1273327,-2.2506244,1.7030256,-0.9431606,-1.6690210,-0.3400728,-9.3302708,-2.6233044,-1.5167160,-0.4077034,0.6481743,0.1784045,0.6179157
gait_20260919_222612_andrew_normal_upside_down_2,andrew_normal_upside_down_2,2513811182703746,2026-09-19T22:26:14.307341Z,-12.3005857,-2.2385037,2.7038767,-0.4555676,-1.9416121,0.4120343,-9.3554745,-2.6684933,-1.2610863,-0.4127138,0.6349322,0.1884906,0.6252997
gait_20260919_222612_andrew_normal_upside_down_2,andrew_normal_upside_down_2,2513811202892752,2026-09-19T22:26:14.327323Z,-10.2605762,-2.8082490,2.7136033,-0.1854745,-1.6184099,1.1767815,-9.4176779,-2.5902905,-0.9131483,-0.4088046,0.6234994,0.2011415,0.6353500
gait_20260919_222612_andrew_normal_upside_down_2,andrew_normal_upside_down_2,2513811223067923,2026-09-19T22:26:14.347589Z,-6.6104655,-4.0475478,0.7381623,0.0868834,-1.1328819,1.4695572,-9.5010672,-2.3677545,-0.5996560,-0.3985679,0.6173565,0.2159068,0.6429609
gait_20260919_222612_andrew_normal_upside_down_2,andrew_normal_upside_down_2,2513811243233735,2026-09-19T22:26:14.370679Z,-4.5382094,-3.9873934,0.3011457,0.5729443,-0.7861143,0.9135333,-9.5795908,-2.0796864,-0.3774483,-0.3856773,0.6164142,0.2291626,0.6471252
gait_20260919_222612_andrew_normal_upside_down_2,andrew_normal_upside_down_2,2513811263398529,2026-09-19T22:26:14.387600Z,-6.3928928,-3.3643024,-0.5163994,0.9976022,-0.3098459,-0.0439330,-9.6243668,-1.8890539,-0.1979522,-0.3733808,0.6165745,0.2348140,0.6521388
gait_20260919_222612_andrew_normal_upside_down_2,andrew_normal_upside_down_2,2513811283544444,2026-09-19T22:26:14.407714Z,-8.9375553,-3.1257052,-1.6529719,1.2201817,0.2391834,-0.5509278,-9.6251841,-1.8930306,-0.0915126,-0.3653798,0.6169528,0.2292281,0.6582716
gait_20260919_222612_andrew_normal_upside_down_2,andrew_normal_upside_down_2,2513811303713104,2026-09-19T22:26:14.427783Z,-9.2652617,-2.8791025,-2.4916158,0.8995274,0.6748662,-0.6424077,-9.5857725,-2.0776534,-0.1801019,-0.3632712,0.6211078,0.2123980,0.6611704
gait_20260919_222612_andrew_normal_upside_down_2,andrew_normal_upside_down_2,2513811323905162,2026-09-19T22:26:14.447849Z,-9.0407305,-3.2739213,-3.4397945,0.0394698,1.0082108,-0.4609468,-9.5418282,-2.2458038,-0.3820862,-0.3643588,0.6280602,0.1966249,0.6588792
gait_20260919_222612_andrew_normal_upside_down_2,andrew_normal_upside_down_2,2513811344083751,2026-09-19T22:26:14.467926Z,-8.8688717,-5.0079966,-2.7108350,-0.6471041,0.7323222,-0.2662959,-9.5028448,-2.3552661,-0.6202906,-0.3690640,0.6347339,0.1872148,0.6525759
gait_20260919_222612_andrew_normal_upside_down_2,andrew_normal_upside_down_2,2513811364227184,2026-09-19T22:26:14.488051Z,-7.4868932,-5.3144546,-1.1193641,-0.4985180,0.7469609,-0.2988377,-9.4775877,-2.4020982,-0.8008552,-0.3759516,0.6379308,0.1858369,0.6458865
gait_20260919_222612_andrew_normal_upside_down_2,andrew_normal_upside_down_2,2513811384411184,2026-09-19T22:26:14.508350Z,-7.5378447,-5.2284875,-0.5481225,-0.3067483,0.3448358,-0.4394466,-9.4446220,-2.4675765,-0.9727628,-0.3827268,0.6407066,0.1832842,0.6398610
gait_20260919_222612_andrew_normal_upside_down_2,andrew_normal_upside_down_2,2513811404556367,2026-09-19T22:26:14.528514Z,-7.3627687,-6.3850365,-1.2989292,-0.6216236,0.3950473,-0.5332247,-9.4109945,-2.5605953,-1.0548415,-0.3877361,0.6409310,0.1796216,0.6376552
gait_20260919_222612_andrew_normal_upside_down_2,andrew_normal_upside_down_2,2513811424750702,2026-09-19T22:26:14.548632Z,-6.4914289,-8.1065426,-2.2510734,-0.9655934,0.6387439,-0.8674186,-9.1867561,-3.2285209,-1.1900773,-0.4111181,0.6300535,0.1561594,0.6400224
gait_20260919_222612_andrew_normal_upside_down_2,andrew_normal_upside_down_2,2513811444893362,2026-09-19T22:26:14.569130Z,-7.1160164,-8.8079691,-3.3196354,-0.8766282,0.8620394,-1.1696537,-9.1127319,-3.3631082,-1.3724988,-0.4233093,0.6293291,0.1535757,0.6333788
gait_20260919_222612_andrew_normal_upside_down_2,andrew_normal_upside_down_2,2513811465064097,2026-09-19T22:26:14.589431Z,-10.5213194,-7.3485532,-3.0462475,-0.7215970,0.7422312,-1.0209510,-9.0051327,-3.5531671,-1.5870533,-0.4373290,0.6284060,0.1476670,0.6261340
gait_20260919_222612_andrew_normal_upside_down_2,andrew_normal_upside_down_2,2513811485253266,2026-09-19T22:26:14.609087Z,-12.1109200,-6.8777933,-3.1083472,-0.8960467,0.3123440,-0.5792228,-8.8976030,-3.7226381,-1.7918539,-0.4493163,0.6282294,0.1411645,0.6192861
gait_20260919_222612_andrew_normal_upside_down_2,andrew_normal_upside_down_2,2513811505421560,2026-09-19T22:26:14.629404Z,-10.1873283,-4.4256072,-2.0131495,-1.5456489,-0.2673285,-0.7709592,-8.8408165,-3.7960002,-1.9148095,-0.4582980,0.6267118,0.1409123,0.6142793
gait_20260919_222612_andrew_normal_upside_down_2,andrew_normal_upside_down_2,2513811525592907,2026-09-19T22:26:14.649582Z,-8.7180367,-2.3127241,-0.8369979,-1.3265668,-0.0946774,-1.0078610,-8.7947416,-3.8626957,-1.9920415,-0.4714019,0.6200852,0.1467242,0.6097103
gait_20260919_222612_andrew_normal_upside_down_2,andrew_normal_upside_down_2,2513811545742117,2026-09-19T22:26:14.669640Z,-9.6768398,-2.0168905,-1.8834137,-0.8738970,0.2056091,-0.9838294,-8.7240925,-3.9813406,-2.0676670,-0.4853587,0.6123666,0.1497563,0.6058112
gait_20260919_222612_andrew_normal_upside_down_2,andrew_normal_upside_down_2,2513811565927216,2026-09-19T22:26:14.690068Z,-10.6191072,-3.7853825,-1.8896236,-0.8827735,0.3535291,-0.8801089,-8.6741066,-4.0378065,-2.1661246,-0.4942717,0.6093395,0.1509130,0.6013535
gait_20260919_222612_andrew_normal_upside_down_2,andrew_normal_upside_down_2,2513811586087983,2026-09-19T22:26:14.710399Z,-11.1385746,-3.4183962,0.7667431,-0.8693172,0.2044766,-0.8224698,-8.5857964,-4.1520720,-2.2979372,-0.5051500,0.6059058,0.1488875,0.5962669
gait_20260919_222612_andrew_normal_upside_down_2,andrew_normal_upside_down_2,2513811606264782,2026-09-19T22:26:14.730198Z,-9.7115555,-1.5270518,1.6851439,-0.3725312,0.1971656,-0.5744931,-8.5046148,-4.2526445,-2.4130242,-0.5154044,0.6020834,0.1476943,0.5916421
gait_20260919_222612_andrew_normal_upside_down_2,andrew_normal_upside_down_2,2513811626432791,2026-09-19T22:26:14.750284Z,-8.9730940,-0.6814497,0.2290952,0.0310595,0.5126238,-0.2787697,-8.5924616,-4.1803784,-2.2203939,-0.5118322,0.5977928,0.1549936,0.5972005
gait_20260919_222612_andrew_normal_upside_down_2,andrew_normal_upside_down_2,2513811646594453,2026-09-19T22:26:14.770586Z,-7.9644618,0.1051952,-0.9649381,0.1532326,0.5672653,-0.2492257,-8.5488625,-4.2276559,-2.2978263,-0.5137837,0.5994173,0.1506147,0.5950131
gait_20260919_222612_andrew_normal_upside_down_2,andrew_normal_upside_down_2,2513811666773774,2026-09-19T22:26:14.790794Z,-8.0607538,0.5619640,-1.3135189,0.0690637,0.3425542,-0.3874364,-8.5021276,-4.2722635,-2.3869894,-0.5148978,0.6022314,0.1451217,0.5925684
gait_20260919_222612_andrew_normal_upside_down_2,andrew_normal_upside_down_2,2513811686939139,2026-09-19T22:26:14.810981Z,-8.9977837,-3.5684829,-2.0522797,-0.2016621,0.1791294,-0.4866604,-8.4538774,-4.3382320,-2.4388120,-0.5165579,0.6029974,0.1401271,0.5915459
gait_20260919_222612_andrew_normal_upside_down_2,andrew_normal_upside_down_2,2513811707086477,2026-09-19T22:26:14.831277Z,-8.4457712,-7.1187844,-2.8240356,-0.2884123,0.0284449,-0.3715486,-8.4078693,-4.4019585,-2.4832659,-0.5201103,0.6016149,0.1380876,0.5903191
gait_20260919_222612_andrew_normal_upside_down_2,andrew_normal_upside_down_2,2513811727277029,2026-09-19T22:26:14.851573Z,-6.7465611,-9.4223061,-3.5677347,-0.0827366,0.4108851,-0.1416248,-8.3710880,-4.4552603,-2.5123010,-0.5243605,0.5991446,0.1374359,0.5892226
gait_20260919_222612_andrew_normal_upside_down_2,andrew_normal_upside_down_2,2513811747421967,2026-09-19T22:26:14.871393Z,-5.1592054,-9.2847891,-3.9706340,0.0555241,0.4798490,-0.0788229,-8.3387585,-4.4751859,-2.5834055,-0.5260127,0.6007044,0.1348853,0.5867460
gait_20260919_222612_andrew_normal_upside_down_2,andrew_normal_upside_down_2,2513811767613048,2026-09-19T22:26:14.891644Z,-6.2959275,-10.4248028,-3.8193502,-0.1830431,0.1717850,0.1090831,-8.3012848,-4.4941607,-2.6696990,-0.5267481,0.6036917,0.1308649,0.5839241
gait_20260919_222612_andrew_normal_upside_down_2,andrew_normal_upside_down_2,2513811787783051,2026-09-19T22:26:14.911856Z,-6.8765216,-12.5741978,-2.1365256,-0.2727077,-0.2316059,0.3996604,-8.2969370,-4.4754214,-2.7143266,-0.5270954,0.6052591,0.1308010,0.5819991
gait_20260919_222612_andrew_normal_upside_down_2,andrew_normal_upside_down_2,2513811807950247,2026-09-19T22:26:14.933051Z,-5.9703908,-12.9863749,-2.4590695,0.1738501,-0.1814443,0.1363955,-8.3442211,-4.3931251,-2.7038009,-0.5260539,0.6057213,0.1360324,0.5812609
gait_20260919_222612_andrew_normal_upside_down_2,andrew_normal_upside_down_2,2513811828097586,2026-09-19T22:26:14.952283Z,-5.0929160,-10.1034565,-4.8519993,0.3594745,0.1357293,-0.4274225,-8.3721514,-4.3706002,-2.6534986,-0.5236638,0.6056772,0.1372638,0.5831725
gait_20260919_222612_andrew_normal_upside_down_2,andrew_normal_upside_down_2,2513811848287934,2026-09-19T22:26:14.972368Z,-3.4097922,-6.3836899,-5.9599161,0.6891885,0.4270727,-0.8955138,-8.3299341,-4.4577003,-2.6414475,-0.5241446,0.6047444,0.1320637,0.5849068
gait_20260919_222612_andrew_normal_upside_down_2,andrew_normal_upside_down_2,2513811868456676,2026-09-19T22:26:14.992357Z,-4.1206455,-6.8312559,-7.2882490,0.8092965,0.9271728,-1.2883128,-8.1794262,-4.6860614,-2.7154992,-0.5286542,0.6035840,0.1178022,0.5850929
gait_20260919_222612_andrew_normal_upside_down_2,andrew_normal_upside_down_2,2513811888624848,2026-09-19T22:26:15.012500Z,-5.7806501,-1.7885435,-7.6907744,-0.2032776,1.5226831,-1.2099562,-8.0064917,-4.9454250,-2.7703822,-0.5322296,0.6027345,0.1002241,0.5860016
gait_20260919_222612_andrew_normal_upside_down_2,andrew_normal_upside_down_2,2513811908793590,2026-09-19T22:26:15.032620Z,-9.3507042,-0.5618144,-3.1092451,-1.0841192,1.0982584,-0.8216704,-7.6707473,-4.7545447,-3.8457837,-0.5513270,0.6283821,0.0913021,0.5411454
gait_20260919_222612_andrew_normal_upside_down_2,andrew_normal_upside_down_2,2513811928962616,2026-09-19T22:26:15.052969Z,-12.8196783,-0.6103718,-0.0514753,-1.2395501,0.1394098,0.1370283,-7.7921977,-4.3709340,-4.0512638,-0.5522466,0.6365331,0.1084858,0.5273331
gait_20260919_222612_andrew_normal_upside_down_2,andrew_normal_upside_down_2,2513811949158418,2026-09-19T22:26:15.072994Z,-14.8399353,-0.6998551,-0.0099509,-1.3040674,-0.8583755,1.3557777,-7.7802505,-4.2553153,-4.1947694,-0.5574086,0.6378293,0.1145644,0.5189842
gait_20260919_222612_andrew_normal_upside_down_2,andrew_normal_upside_down_2,2513811969279755,2026-09-19T22:26:15.095422Z,-15.9276514,-1.4344261,-2.0133741,-1.1790965,-1.1982818,3.0707636,-7.9566164,-3.9433291,-4.1687593,-0.5536454,0.6401429,0.1331501,0.5157179
gait_20260919_222612_andrew_normal_upside_down_2,andrew_normal_upside_down_2,2513811989467988,2026-09-19T22:26:15.113384Z,-13.9662018,-2.4423101,-4.8152633,-1.2414653,-0.6805951,5.1348152,-8.2751961,-3.3634470,-4.0551739,-0.5376370,0.6492885,0.1617908,0.5130250
gait_20260919_222612_andrew_normal_upside_down_2,andrew_normal_upside_down_2,2513812009620290,2026-09-19T22:26:15.133565Z,-11.2757177,-2.2600515,-2.9273605,-1.4020922,-0.4139328,6.3752813,-8.6313334,-2.4088011,-3.9917324,-0.5076338,0.6706730,0.1985392,0.5030786
gait_20260919_222612_andrew_normal_upside_down_2,andrew_normal_upside_down_2,2513812029805919,2026-09-19T22:26:15.153772Z,-12.6193132,-4.4527664,0.6408979,-0.9679083,-0.5297440,6.2300091,-8.8886442,-1.1545329,-3.9868791,-0.4681875,0.6986642,0.2409344,0.4843753
gait_20260919_222612_andrew_normal_upside_down_2,andrew_normal_upside_down_2,2513812049973603,2026-09-19T22:26:15.174285Z,-9.2278519,-6.8208561,-0.6497265,-0.4077209,-0.4194119,4.8300986,-9.0043821,0.0646910,-3.8926969,-0.4248239,0.7226069,0.2799664,0.4679562
gait_20260919_222612_andrew_normal_upside_down_2,andrew_normal_upside_down_2,2513812070121552,2026-09-19T22:26:15.194025Z,-10.2042370,-5.6702929,-4.9461961,-0.0544749,0.4949540,3.4628131,-8.9860706,1.0025766,-3.8054569,-0.3871045,0.7405682,0.3070818,0.4554224
gait_20260919_222612_andrew_normal_upside_down_2,andrew_normal_upside_down_2,2513812090314260,2026-09-19T22:26:15.214237Z,-12.5551939,-4.8358383,-6.2614360,0.2673951,0.9192789,3.5114424,-8.8638058,1.6261040,-3.8761954,-0.3611358,0.7560005,0.3205426,0.4419239
gait_20260919_222612_andrew_normal_upside_down_2,andrew_normal_upside_down_2,2513812110461478,2026-09-19T22:26:15.234273Z,-13.5776672,-4.6633062,-4.4829183,0.7071248,-0.1177098,4.3209224,-8.6485386,2.2089984,-4.0693021,-0.3355803,0.7740898,0.3289229,0.4242414
gait_20260919_222612_andrew_normal_upside_down_2,andrew_normal_upside_down_2,2513812130652883,2026-09-19T22:26:15.254648Z,-11.5689325,-4.9212070,-4.4373536,1.1784803,-1.7208813,5.2542739,-8.4334221,2.8790677,-4.1017694,-0.2975627,0.7905755,0.3403101,0.4130808
gait_20260919_222612_andrew_normal_upside_down_2,andrew_normal_upside_down_2,2513812150805268,2026-09-19T22:26:15.274813Z,-8.0918779,-2.4518123,-4.7780037,1.9440436,-4.1066532,5.3850737,-8.2161598,3.6596053,-3.9163921,-0.2440368,0.8029008,0.3560722,0.4111071
gait_20260919_222612_andrew_normal_upside_down_2,andrew_normal_upside_down_2,2513812170962861,2026-09-19T22:26:15.295004Z,-5.4245129,0.4543746,-5.6763530,2.3176241,-5.1411438,4.9346519,-8.2708178,3.8215692,-3.6366570,-0.1920280,0.8068688,0.3462631,0.4383948
gait_20260919_222612_andrew_normal_upside_down_2,andrew_normal_upside_down_2,2513812191137544,2026-09-19T22:26:15.315354Z,-1.8085949,1.4243256,-7.9506202,1.4888091,-5.5925312,3.6694214,-8.1997519,4.4918256,-2.9704745,-0.1211648,0.7996311,0.3572865,0.4671783
gait_20260919_222612_andrew_normal_upside_down_2,andrew_normal_upside_down_2,2513812211300304,2026-09-19T22:26:15.335281Z,-2.0716579,7.1276879,-7.5821376,-0.6500685,-5.0488143,2.1387944,-8.1216393,5.0308137,-2.2284594,-0.0615238,0.7826738,0.3667986,0.4990945
gait_20260919_222612_andrew_normal_upside_down_2,andrew_normal_upside_down_2,2513812231472749,2026-09-19T22:26:15.355695Z,-3.9062150,7.0860887,-0.9980080,-2.5006170,-2.8349442,0.8988279,-8.0707464,5.4148712,-1.3335605,-0.0255825,0.7550819,0.3834181,0.5312132
gait_20260919_222612_andrew_normal_upside_down_2,andrew_normal_upside_down_2,2513812251661754,2026-09-19T22:26:15.375910Z,-4.0372972,8.1746273,3.3165679,-2.7688615,-1.8164581,0.5731441,-8.0309496,5.6051598,-0.5675711,-0.0196908,0.7289685,0.4068140,0.5501997
gait_20260919_222612_andrew_normal_upside_down_2,andrew_normal_upside_down_2,2513812271835827,2026-09-19T22:26:15.405519Z,-5.6148520,7.3390512,6.4463882,-1.9323859,-0.2365687,0.5395365,-7.7266388,6.0331311,0.3694897,-0.0098730,0.6966636,0.4475171,0.5606164
gait_20260919_222612_andrew_normal_upside_down_2,andrew_normal_upside_down_2,2513812291974864,2026-09-19T22:26:15.420922Z,-6.8471923,6.7656398,6.7861404,-0.6415583,0.6378112,0.7764883,-7.6592512,6.0926590,0.6719515,-0.0155265,0.6854549,0.4641447,0.5607854
gait_20260919_222612_andrew_normal_upside_down_2,andrew_normal_upside_down_2,2513812312143607,2026-09-19T22:26:15.438344Z,-9.2208939,5.7097969,4.6531310,0.0341405,0.7797025,1.3177069,-7.5757103,6.1970649,0.6641619,-0.0164000,0.6857674,0.4723285,0.5534979
gait_20260919_222612_andrew_normal_upside_down_2,andrew_normal_upside_down_2,2513812332313040,2026-09-19T22:26:15.457089Z,-9.7317562,4.1394253,3.8305731,0.2295741,0.1994472,2.2494428,-7.4262595,6.3879910,0.5294765,-0.0105399,0.6908984,0.4780602,0.5422239
gait_20260919_222612_andrew_normal_upside_down_2,andrew_normal_upside_down_2,2513812352481457,2026-09-19T22:26:15.477459Z,-6.7019691,4.3565493,3.3815854,0.6182762,0.1570630,2.8567443,-7.1433530,6.7079811,0.4600163,0.0048983,0.6935310,0.4878168,0.5301185
gait_20260919_222612_andrew_normal_upside_down_2,andrew_normal_upside_down_2,2513812372676769,2026-09-19T22:26:15.496723Z,-5.8581629,4.6443772,2.4916906,1.0284952,0.7576028,2.7224138,-6.7423196,7.1163473,0.3672175,0.0286116,0.6963710,0.4982688,0.5157298
gait_20260919_222612_andrew_normal_upside_down_2,andrew_normal_upside_down_2,2513812392817476,2026-09-19T22:26:15.519116Z,-5.9037275,4.2580876,1.1155484,1.2216638,1.8067821,2.3662367,-6.3392692,7.4855051,0.1303789,0.0507496,0.7037503,0.5048437,0.4972855
gait_20260919_222612_andrew_normal_upside_down_2,andrew_normal_upside_down_2,2513812413011689,2026-09-19T22:26:15.537164Z,-6.5167179,3.5568111,-0.5247791,1.0800223,2.4353006,2.1178937,-5.9690638,7.7801375,-0.2754577,0.0658561,0.7170929,0.5081070,0.4725126
gait_20260919_222612_andrew_normal_upside_down_2,andrew_normal_upside_down_2,2513812433154674,2026-09-19T22:26:15.557550Z,-7.5027547,3.8711250,-1.9030911,0.6246713,2.8600750,1.9834301,-5.6084037,8.0149841,-0.7361704,0.0750434,0.7324274,0.5107297,0.4439299
gait_20260919_222612_andrew_normal_upside_down_2,andrew_normal_upside_down_2,2513812463430268,2026-09-19T22:26:15.587528Z,-6.0297971,8.1755257,-7.7290068,-0.0015821,3.2008638,2.1927698,-4.6619525,8.4909801,-1.5509887,0.0796218,0.7579483,0.5258205,0.3777403
gait_20260919_222612_andrew_normal_upside_down_2,andrew_normal_upside_down_2,2513812483577322,2026-09-19T22:26:15.613414Z,-3.9817071,8.1181393,-7.6413193,-0.7621826,1.6684548,2.3477175,-4.2167702,8.7272291,-1.5134256,0.0856904,0.7598287,0.5407652,0.3505576
gait_20260919_222612_andrew_normal_upside_down_2,andrew_normal_upside_down_2,2513812503746146,2026-09-19T22:26:15.628924Z,-4.8128691,5.4657378,-2.7732337,-1.4128007,-1.3264003,2.1394939,-3.9891214,8.8476286,-1.4291643,0.1023880,0.7556082,0.5454527,0.3479286
gait_20260919_222612_andrew_normal_upside_down_2,andrew_normal_upside_down_2,2513812523936616,2026-09-19T22:26:15.648113Z,-6.0052562,3.4433858,-0.1362450,-1.5778242,-2.0324259,2.5088108,-3.5767479,9.0816059,-0.9835748,0.1270888,0.7361829,0.5635585,0.3525411
gait_20260919_222612_andrew_normal_upside_down_2,andrew_normal_upside_down_2,2513812544082775,2026-09-19T22:26:15.669423Z,-5.7014174,2.9851954,0.3489549,-1.2804521,-1.8265836,3.2977896,-2.9809129,9.3243551,-0.6376991,0.1569459,0.7172523,0.5815297,0.3503433
gait_20260919_222612_andrew_normal_upside_down_2,andrew_normal_upside_down_2,2513812564268972,2026-09-19T22:26:15.688480Z,-5.1835961,2.9188311,0.9093477,-0.9566003,-1.7307571,3.9616976,-2.2332983,9.5451756,-0.3716449,0.1914819,0.6986126,0.5989058,0.3414482
gait_20260919_222612_andrew_normal_upside_down_2,andrew_normal_upside_down_2,2513812584420422,2026-09-19T22:26:15.708335Z,-1.1638064,1.8059014,0.5806687,-0.6397598,-2.3279161,4.6084685,-1.3456206,9.7158718,-0.1650856,0.2343625,0.6771088,0.6139942,0.3310725
gait_20260919_222612_andrew_normal_upside_down_2,andrew_normal_upside_down_2,2513812604605235,2026-09-19T22:26:15.729126Z,3.3135004,5.6062479,1.2443116,-0.5581723,-2.3315799,4.4592662,-0.4834905,9.7980766,-0.0063898,0.2795193,0.6533536,0.6260128,0.3211014
gait_20260919_222612_andrew_normal_upside_down_2,andrew_normal_upside_down_2,2513812624781221,2026-09-19T22:26:15.749132Z,7.1432505,13.2158442,5.1862149,-0.8625391,-0.7985714,2.9956543,0.0540791,9.8079929,0.1909888,0.3053492,0.6345949,0.6387440,0.3099311
gait_20260919_222612_andrew_normal_upside_down_2,andrew_normal_upside_down_2,2513812644947887,2026-09-19T22:26:15.769556Z,6.7730470,17.2119160,6.4267855,-1.0653670,1.9666263,0.1122640,-0.0511111,9.8013945,0.4076667,0.2923668,0.6313879,0.6529432,0.2992260
gait_20260919_222612_andrew_normal_upside_down_2,andrew_normal_upside_down_2,2513812665136934,2026-09-19T22:26:15.789225Z,-0.5599439,14.3917713,6.3099933,-0.6236554,4.9433451,-3.1551323,-0.8220709,9.7645063,0.4633895,0.2392369,0.6489200,0.6613626,0.2902899
gait_20260919_222612_andrew_normal_upside_down_2,andrew_normal_upside_down_2,2513812685262137,2026-09-19T22:26:15.809493Z,-5.7256584,13.0013380,3.2551417,0.5399196,6.0952458,-4.3987794,-1.7489722,9.6515255,0.1590051,0.1687287,0.6787900,0.6583074,0.2782195
gait_20260919_222612_andrew_normal_upside_down_2,andrew_normal_upside_down_2,2513812705431652,2026-09-19T22:26:15.829747Z,-6.4448919,11.9873934,0.2156278,1.4269233,5.4921746,-3.6924372,-2.4212182,9.4995890,-0.3627934,0.1087011,0.7089128,0.6455590,0.2624505
gait_20260919_222612_andrew_normal_upside_down_2,andrew_normal_upside_down_2,2513812725621756,2026-09-19T22:26:15.849607Z,-4.6645784,12.0064726,-2.0908115,1.4927728,4.2999883,-2.3833237,-2.7827764,9.3679390,-0.8567382,0.0665167,0.7322695,0.6318473,0.2452061
gait_20260919_222612_andrew_normal_upside_down_2,andrew_normal_upside_down_2,2513812745771251,2026-09-19T22:26:15.869840Z,-2.2221932,11.9631529,-5.0057521,0.9654602,2.9018097,-1.4257908,-2.9691854,9.2765207,-1.1688596,0.0396069,0.7468821,0.6221280,0.2314202
gait_20260919_222612_andrew_normal_upside_down_2,andrew_normal_upside_down_2,2513812765959443,2026-09-19T22:26:15.890071Z,-3.1994765,10.9040174,-5.1977372,-0.0748760,1.0571233,-1.1260039,-3.1520836,9.2171021,-1.1599654,0.0237064,0.7505255,0.6195418,0.2287301
gait_20260919_222612_andrew_normal_upside_down_2,andrew_normal_upside_down_2,2513812786105927,2026-09-19T22:26:15.910269Z,-4.7868323,9.3552685,-2.5033624,-1.3417052,-0.8951807,-0.7677950,-3.2992928,9.2039413,-0.7989203,0.0198855,0.7405741,0.6269655,0.2409750
gait_20260919_222612_andrew_normal_upside_down_2,andrew_normal_upside_down_2,2513812806297049,2026-09-19T22:26:15.931605Z,-3.2876129,8.4416561,-0.5698949,-2.0136237,-1.5878166,0.1235054,-3.4168522,9.1882734,-0.3699633,0.0200779,0.7259005,0.6374159,0.2576169
gait_20260919_222612_andrew_normal_upside_down_2,andrew_normal_upside_down_2,2513812826442434,2026-09-19T22:26:15.950654Z,-1.7493384,8.2780275,0.8422353,-2.1100664,-2.1580629,0.6689374,-3.2824612,9.2428703,0.1757556,0.0332453,0.7061406,0.6541634,0.2689433
gait_20260919_222612_andrew_normal_upside_down_2,andrew_normal_upside_down_2,2513812846633760,2026-09-19T22:26:15.971317Z,-2.0101569,8.4905128,1.9850925,-1.8649709,-2.6619601,0.6276024,-3.1423361,9.2671957,0.6934780,0.0504651,0.6857069,0.6683222,0.2839100
gait_20260919_222612_andrew_normal_upside_down_2,andrew_normal_upside_down_2,2513812866780447,2026-09-19T22:26:15.991524Z,-3.3382654,8.5683241,3.2326212,-1.4386142,-2.6494031,0.4210107,-3.0884390,9.1733427,1.5960684,0.0664250,0.6624651,0.6820511,0.3025459
gait_20260919_222612_andrew_normal_upside_down_2,andrew_normal_upside_down_2,2513812886970063,2026-09-19T22:26:16.011114Z,-4.6165447,8.5790234,3.9375639,-0.8709493,-2.0360398,0.4227261,-2.9780552,9.1434298,1.9403589,0.0736266,0.6331577,0.6989059,0.3243779
gait_20260919_222612_andrew_normal_upside_down_2,andrew_normal_upside_down_2,2513812907150442,2026-09-19T22:26:16.031755Z,-4.2306294,8.5264254,3.8925231,-0.2184992,-1.0278790,0.6641577,-2.8309522,9.1709175,2.0288196,0.0842165,0.6268584,0.7019247,0.3275024
gait_20260919_222612_andrew_normal_upside_down_2,andrew_normal_upside_down_2,2513812927308605,2026-09-19T22:26:16.051506Z,-3.1520414,8.2506437,3.4887259,0.3333779,0.0600040,0.8046501,-2.8339176,9.1170168,2.2550039,0.0816461,0.6166736,0.7095919,0.3309487
gait_20260919_222612_andrew_normal_upside_down_2,andrew_normal_upside_down_2,2513812947476004,2026-09-19T22:26:16.071520Z,-3.1326632,7.8903160,3.1673791,0.7045767,0.9579493,0.5594546,-2.7931535,9.1752987,2.0611410,0.0804801,0.6230208,0.7087459,0.3210098
gait_20260919_222612_andrew_normal_upside_down_2,andrew_normal_upside_down_2,2513812967644909,2026-09-19T22:26:16.091679Z,-4.6674213,7.7777886,2.8492496,0.9656100,1.5392538,0.1609933,-2.9011331,9.1927691,1.8200439,0.0727947,0.6340188,0.7047024,0.3100252
gait_20260919_222612_andrew_normal_upside_down_2,andrew_normal_upside_down_2,2513812987816254,2026-09-19T22:26:16.111960Z,-4.9109564,8.1227779,2.6241200,1.1909040,1.6649741,0.0662159,-3.5684392,8.9746418,1.7199308,0.0357605,0.6395196,0.6980962,0.3199963
gait_20260919_222612_andrew_normal_upside_down_2,andrew_normal_upside_down_2,2513813007982840,2026-09-19T22:26:16.132195Z,-3.2202013,8.6280298,3.0055461,1.3775277,1.4138333,0.1099491,-3.6317439,8.9776812,1.5645425,0.0259272,0.6469420,0.6938515,0.3152205
gait_20260919_222612_andrew_normal_upside_down_2,andrew_normal_upside_down_2,2513813028166677,2026-09-19T22:26:16.153469Z,-5.0287962,8.7628527,1.9357121,1.7962235,0.4545184,-0.3405890,-3.7291827,8.9798956,1.3002989,0.0257049,0.6561099,0.6851347,0.3153562
gait_20260919_222612_andrew_normal_upside_down_2,andrew_normal_upside_down_2,2513813048319510,2026-09-19T22:26:16.172820Z,-5.2899137,8.8839846,0.4645500,2.0690811,-0.4100358,-0.4191621,-3.8028622,8.9918070,0.9600956,0.0303456,0.6692510,0.6700445,0.3197229
gait_20260919_222612_andrew_normal_upside_down_2,andrew_normal_upside_down_2,2513813068488373,2026-09-19T22:26:16.192638Z,-3.9223008,9.6652422,-4.5968671,1.9912574,-0.8644376,-0.2914100,-3.8491895,8.9986820,0.6660131,0.0387598,0.6808480,0.6548308,0.3257920
gait_20260919_222612_andrew_normal_upside_down_2,andrew_normal_upside_down_2,2513813088682588,2026-09-19T22:26:16.212899Z,-4.3064208,9.0795612,-3.3960254,1.1180099,-2.4758694,-0.4531028,-3.9011643,8.9723024,0.7175055,0.0533145,0.6822727,0.6440305,0.3418865
gait_20260919_222612_andrew_normal_upside_down_2,andrew_normal_upside_down_2,2513813108829641,2026-09-19T22:26:16.238649Z,-5.1162596,8.5215626,-0.1837550,-0.0696966,-4.2110395,-0.5793560,-4.1298709,8.8550577,0.8764965,0.0686749,0.6752387,0.6326557,0.3729386
gait_20260919_222612_andrew_normal_upside_down_2,andrew_normal_upside_down_2,2513813129000378,2026-09-19T22:26:16.253840Z,-4.7955112,8.8737345,0.8791209,-0.5371051,-3.9410300,-0.3035341,-4.1017909,8.8166237,1.2955928,0.0865341,0.6577248,0.6305954,0.4028143
gait_20260919_222612_andrew_normal_upside_down_2,andrew_normal_upside_down_2,2513813149168183,2026-09-19T22:26:16.273681Z,-4.4370542,9.1944828,1.4259716,-0.6368453,-3.0290456,-0.0809380,-4.0264030,8.7932959,1.6438191,0.1022114,0.6409304,0.6320184,0.4234545
gait_20260919_222612_andrew_normal_upside_down_2,andrew_normal_upside_down_2,2513813169334199,2026-09-19T22:26:16.293546Z,-4.3861775,9.3438206,1.6314988,-0.5809382,-2.0193193,-0.0209340,-3.9639699,8.7720127,1.8907248,0.1119243,0.6283452,0.6340195,0.4366630
gait_20260919_222612_andrew_normal_upside_down_2,andrew_normal_upside_down_2,2513813189504365,2026-09-19T22:26:16.313664Z,-4.2488852,9.4014311,1.5180736,-0.4492724,-1.0073280,-0.0120241,-3.9338057,8.7544308,2.0300827,0.1157962,0.6208974,0.6361487,0.4431620
gait_20260919_222612_andrew_normal_upside_down_2,andrew_normal_upside_down_2,2513813209646821,2026-09-19T22:26:16.334115Z,-4.1371059,9.4303112,1.1111341,-0.2937749,-0.0822869,-0.0164041,-3.9403710,8.7422533,2.0694444,0.1141727,0.6186514,0.6384340,0.4434379
gait_20260919_222612_andrew_normal_upside_down_2,andrew_normal_upside_down_2,2513813229818533,2026-09-19T22:26:16.353878Z,-4.0581717,9.6606035,-0.6646903,-0.1292843,0.5890319,-0.0099590,-3.9692671,8.7413902,2.0172076,0.1088155,0.6211426,0.6402336,0.4386822
gait_20260919_222612_andrew_normal_upside_down_2,andrew_normal_upside_down_2,2513813250007214,2026-09-19T22:26:16.374115Z,-3.9927802,9.3608046,0.1830816,-0.0457316,0.3785099,0.0071112,-3.9793069,8.7505579,1.9567714,0.1048535,0.6240026,0.6411526,0.4342234
gait_20260919_222612_andrew_normal_upside_down_2,andrew_normal_upside_down_2,2513813270178437,2026-09-19T22:26:16.394409Z,-3.8369327,8.9195232,1.4042741,0.0811212,-0.0741265,0.0418513,-3.9639442,8.7646847,1.9244673,0.1053596,0.6257446,0.6405447,0.4324877
gait_20260919_222612_andrew_normal_upside_down_2,andrew_normal_upside_down_2,2513813290345064,2026-09-19T22:26:16.414684Z,-3.7502925,8.7787142,1.5997757,0.3272825,-0.0897146,0.0904474,-3.9433675,8.7869930,1.8640631,0.1072150,0.6273181,0.6393533,0.4315141
gait_20260919_222612_andrew_normal_upside_down_2,andrew_normal_upside_down_2,2513813310516491,2026-09-19T22:26:16.434814Z,-3.8560863,8.7766943,1.4766988,0.5735605,0.0478966,0.1204743,-3.9235625,8.8195734,1.7484082,0.1094385,0.6311448,0.6367968,0.4291495
gait_20260919_222612_andrew_normal_upside_down_2,andrew_normal_upside_down_2,2513813330685232,2026-09-19T22:26:16.457887Z,-4.0624366,8.8658037,1.3222727,0.7485098,0.1714020,0.1471706,-3.9030874,8.8577938,1.5942100,0.1119295,0.6366161,0.6331985,0.4257364
gait_20260919_222612_andrew_normal_upside_down_2,andrew_normal_upside_down_2,2513813350848766,2026-09-19T22:26:16.475777Z,-4.2443209,9.0531502,1.0515034,0.8302138,0.3093962,0.1779969,-3.8805978,8.8976679,1.4172523,0.1138830,0.6431915,0.6294042,0.4209343
gait_20260919_222612_andrew_normal_upside_down_2,andrew_normal_upside_down_2,2513813371017955,2026-09-19T22:26:16.496023Z,-4.4251580,9.1421843,0.4954501,0.8038007,0.4406790,0.1996137,-3.8566122,8.9346266,1.2390016,0.1150975,0.6501464,0.6258579,0.4151675
gait_20260919_222612_andrew_normal_upside_down_2,andrew_normal_upside_down_2,2513813391190482,2026-09-19T22:26:16.516656Z,-4.5201778,9.0092316,0.2913444,0.6317492,0.4233256,0.2185659,-3.8292036,8.9651232,1.0953970,0.1163256,0.6559805,0.6229313,0.4100177
gait_20260919_222612_andrew_normal_upside_down_2,andrew_normal_upside_down_2,2513813411357962,2026-09-19T22:26:16.535697Z,-4.4877067,8.7635260,0.5475988,0.3711989,0.2987211,0.2348700,-3.7983410,8.9882345,1.0101434,0.1172100,0.6596332,0.6215904,0.4059202
gait_20260919_222612_andrew_normal_upside_down_2,andrew_normal_upside_down_2,2513813431526256,2026-09-19T22:26:16.556813Z,-4.4734912,8.6308727,0.8102128,0.1568298,0.2419146,0.2370850,-3.7655222,9.0066271,0.9683077,0.1177220,0.6614601,0.6216541,0.4026888
gait_20260919_222612_andrew_normal_upside_down_2,andrew_normal_upside_down_2,2513813451695730,2026-09-19T22:26:16.576115Z,-4.5143423,8.5695963,0.9210195,0.0300603,0.2441462,0.2140193,-3.7392941,9.0197363,0.9477220,0.1175012,0.6624357,0.6225152,0.3998092
gait_20260919_222612_andrew_normal_upside_down_2,andrew_normal_upside_down_2,2513813471862031,2026-09-19T22:26:16.597525Z,-4.5480103,8.6114950,0.8817396,-0.0252806,0.2109050,0.1884056,-3.7215469,9.0280533,0.9383332,0.1168566,0.6629854,0.6236023,0.3973853
gait_20260919_222612_andrew_normal_upside_down_2,andrew_normal_upside_down_2,2513813492033458,2026-09-19T22:26:16.616890Z,-4.5482349,8.6779337,0.7517793,-0.0484962,0.1247877,0.1500017,-3.7132599,9.0315428,0.9375777,0.1153420,0.6633737,0.6249153,0.3951107
gait_20260919_222612_andrew_normal_upside_down_2,andrew_normal_upside_down_2,2513813512197155,2026-09-19T22:26:16.637072Z,-4.5247421,8.7297087,0.6046855,-0.0633181,-0.0286780,0.1018553,-3.7088995,9.0321016,0.9493791,0.1146102,0.6631765,0.6258465,0.3941799
gait_20260919_222612_andrew_normal_upside_down_2,andrew_normal_upside_down_2,2513813532344005,2026-09-19T22:26:16.657065Z,-4.4332385,8.7917328,0.5808184,-0.0885988,-0.2178164,0.0512940,-3.7060373,9.0299759,0.9802670,0.1146332,0.6621786,0.6266049,0.3946455
gait_20260919_222612_andrew_normal_upside_down_2,andrew_normal_upside_down_2,2513813552534354,2026-09-19T22:26:16.676892Z,-4.3221326,8.8377466,0.6487538,-0.1191753,-0.3665358,0.0090264,-3.7022676,9.0260658,1.0293036,0.1155770,0.6602612,0.6272858,0.3964967
gait_20260919_222612_andrew_normal_upside_down_2,andrew_normal_upside_down_2,2513813572707083,2026-09-19T22:26:16.697213Z,-4.1650882,8.8625870,0.6979098,-0.1307165,-0.4289879,-0.0168371,-3.6990628,9.0209694,1.0840575,0.1167839,0.6579618,0.6279391,0.3989240
gait_20260919_222612_andrew_normal_upside_down_2,andrew_normal_upside_down_2,2513813592877738,2026-09-19T22:26:16.717885Z,-4.0106621,8.8869028,0.6661866,-0.1208407,-0.4304701,-0.0280452,-3.6961234,9.0157671,1.1361047,0.1180837,0.6556841,0.6284682,0.4014504
gait_20260919_222612_andrew_normal_upside_down_2,andrew_normal_upside_down_2,2513813613044729,2026-09-19T22:26:16.738399Z,-3.9023242,8.8948336,0.5596446,-0.1057856,-0.4031411,-0.0311428,-3.6934366,9.0108938,1.1825655,0.1192005,0.6536333,0.6289552,0.4036958
gait_20260919_222612_andrew_normal_upside_down_2,andrew_normal_upside_down_2,2513813633215872,2026-09-19T22:26:16.758089Z,-3.8430679,8.8551044,0.4875193,-0.1000900,-0.3472006,-0.0282617,-3.6912761,9.0064163,1.2227347,0.1205214,0.6517612,0.6291691,0.4059905
gait_20260919_222612_andrew_normal_upside_down_2,andrew_normal_upside_down_2,2513813653382376,2026-09-19T22:26:16.777831Z,-3.8769608,8.8328085,0.5568016,-0.1054692,-0.2705760,-0.0217833,-3.6892624,9.0023441,1.2582793,0.1208001,0.6502723,0.6298650,0.4072143
gait_20260919_222612_andrew_normal_upside_down_2,andrew_normal_upside_down_2,2513813673525565,2026-09-19T22:26:16.798861Z,-3.9552960,8.9362831,0.6157588,-0.0858342,-0.1695534,0.0006662,-3.6858838,9.0005960,1.2804923,0.1207816,0.6492373,0.6305842,0.4077578
gait_20260919_222612_andrew_normal_upside_down_2,andrew_normal_upside_down_2,2513813693721284,2026-09-19T22:26:16.818533Z,-4.0203137,9.0536737,0.5856816,-0.0326583,-0.0644007,0.0230823,-3.6814463,9.0018635,1.2843351,0.1203029,0.6490173,0.6312440,0.4072281
gait_20260919_222612_andrew_normal_upside_down_2,andrew_normal_upside_down_2,2513813713863374,2026-09-19T22:26:16.838634Z,-4.0658035,9.0482864,0.5660791,0.0340073,-0.0196350,0.0250142,-3.6783099,9.0046902,1.2734710,0.1204422,0.6492785,0.6311751,0.4068773
gait_20260919_222612_andrew_normal_upside_down_2,andrew_normal_upside_down_2,2513813734032278,2026-09-19T22:26:16.859741Z,-4.0688710,8.9480295,0.6123171,0.1058522,-0.0508444,0.0105086,-3.6777740,9.0079288,1.2519257,0.1203014,0.6500474,0.6309035,0.4061117
gait_20260919_222612_andrew_normal_upside_down_2,andrew_normal_upside_down_2,2513813754199922,2026-09-19T22:26:16.878916Z,-4.0519619,8.7363672,0.4776433,0.1972155,-0.1182760,-0.0127069,-3.6806605,9.0113945,1.2180440,0.1211531,0.6510884,0.6296139,0.4061924
gait_20260919_222612_andrew_normal_upside_down_2,andrew_normal_upside_down_2,2513813774393932,2026-09-19T22:26:16.898815Z,-4.1384525,8.6102972,0.2457798,0.2870800,-0.2460448,-0.0485461,-3.6892641,9.0135098,1.1756231,0.1231174,0.6522397,0.6272823,0.4073605
gait_20260919_222612_andrew_normal_upside_down_2,andrew_normal_upside_down_2,2513813794564261,2026-09-19T22:26:16.919643Z,-4.3824368,8.7042704,-0.1769465,0.3541120,-0.4373482,-0.1021051,-3.8355258,8.9830189,0.9111623,0.1247407,0.6568792,0.6205590,0.4097025
gait_20260919_222612_andrew_normal_upside_down_2,andrew_normal_upside_down_2,2513813814733247,2026-09-19T22:26:16.939690Z,-4.6724343,8.7803602,-0.4794389,0.4118511,-0.6542653,-0.1740000,-4.0158844,8.9305410,0.5951548,0.1227148,0.6729955,0.6021225,0.4116634
gait_20260919_222612_andrew_normal_upside_down_2,andrew_normal_upside_down_2,2513813834899833,2026-09-19T22:26:16.959398Z,-4.8962173,8.8284693,-0.2843863,0.5404359,-0.7327219,-0.2853813,-4.0843997,8.9041452,0.5196351,0.1263801,0.6757436,0.5942347,0.4174733
gait_20260919_222612_andrew_normal_upside_down_2,andrew_normal_upside_down_2,2513813855068696,2026-09-19T22:26:16.980352Z,-4.9123034,9.0080347,-0.0827496,0.8129437,-0.5191355,-0.4347169,-4.1639862,8.8733358,0.4015599,0.1297958,0.6788176,0.5863395,0.4225704
gait_20260919_222612_andrew_normal_upside_down_2,andrew_normal_upside_down_2,2513813875237357,2026-09-19T22:26:16.999621Z,-4.7497969,9.2415438,-0.3991583,1.1234725,-0.2682444,-0.5769745,-4.2705827,8.8291302,0.2114441,0.1321639,0.6849478,0.5759299,0.4262441
gait_20260919_222612_andrew_normal_upside_down_2,andrew_normal_upside_down_2,2513813895380545,2026-09-19T22:26:17.020834Z,-4.4144592,9.6087542,-0.2644097,1.3186063,-0.3435201,-0.7371684,-4.4063840,8.7646952,0.0060554,0.1343392,0.6922217,0.5633864,0.4305553
gait_20260919_222612_andrew_normal_upside_down_2,andrew_normal_upside_down_2,2513813915576671,2026-09-19T22:26:17.040254Z,-3.8748658,9.5033350,0.5151275,1.3740970,-0.7950740,-0.9152653,-4.5721941,8.6779957,-0.1534742,0.1382152,0.6979444,0.5487149,0.4389559
gait_20260919_222612_andrew_normal_upside_down_2,andrew_normal_upside_down_2,2513813935743786,2026-09-19T22:26:17.060177Z,-3.6023009,8.7413797,0.6134394,1.2800691,-1.2332716,-1.0287783,-4.6277108,8.6490440,-0.1202550,0.1475005,0.6957020,0.5397677,0.4504366
gait_20260919_222612_andrew_normal_upside_down_2,andrew_normal_upside_down_2,2513813955911184,2026-09-19T22:26:17.080498Z,-4.0740333,7.8201361,-0.1259949,1.0357563,-1.4816313,-1.0261637,-4.8096375,8.5488386,-0.1444075,0.1531150,0.6959121,0.5258732,0.4644563
gait_20260919_222612_andrew_normal_upside_down_2,andrew_normal_upside_down_2,2513813976082856,2026-09-19T22:26:17.100640Z,-5.0663552,7.6547117,-0.9577555,0.7784035,-1.8290651,-1.0258639,-4.9907489,8.4451981,-0.0846689,0.1590885,0.6930557,0.5126415,0.4812102
gait_20260919_222612_andrew_normal_upside_down_2,andrew_normal_upside_down_2,2513813996248383,2026-09-19T22:26:17.120768Z,-6.8104563,8.2866316,-1.2917466,0.6717352,-1.9271233,-1.0762919,-5.2391276,8.2932854,-0.0953476,0.1624392,0.6924021,0.4959963,0.4981773
gait_20260919_222612_andrew_normal_upside_down_2,andrew_normal_upside_down_2,2513814016418713,2026-09-19T22:26:17.141352Z,-8.1921349,8.8773260,-1.5127614,0.7333214,-1.2204981,-1.0738604,-5.4185939,8.1770182,-0.1063410,0.1642828,0.6913427,0.4836355,0.5110316
gait_20260919_222612_andrew_normal_upside_down_2,andrew_normal_upside_down_2,2513814036586599,2026-09-19T22:26:17.161564Z,-8.2358294,8.4566193,-1.3738977,0.4322687,-0.0108750,-0.8777607,-5.5570865,8.0821047,-0.1857386,0.1607493,0.6948951,0.4754199,0.5150306
gait_20260919_222612_andrew_normal_upside_down_2,andrew_normal_upside_down_2,2513814056758109,2026-09-19T22:26:17.181401Z,-7.7354412,7.5692687,-0.3637690,-0.0638178,0.3179397,-0.7657299,-5.6811457,7.9950690,-0.1989311,0.1532571,0.6980075,0.4724135,0.5158716
gait_20260919_222612_andrew_normal_upside_down_2,andrew_normal_upside_down_2,2513814076929576,2026-09-19T22:26:17.201030Z,-7.0629697,6.9600940,0.9387515,-0.2620991,-0.0498285,-0.9095197,-5.9675012,7.7861595,-0.0278018,0.1434010,0.6971599,0.4685708,0.5233027
gait_20260919_222612_andrew_normal_upside_down_2,andrew_normal_upside_down_2,2513814097093517,2026-09-19T22:26:17.221137Z,-5.8891377,6.9057007,1.2167034,-0.2152517,0.0451321,-0.9726713,-6.1992955,7.6019478,0.1235482,0.1263198,0.6913246,0.4643453,0.5389779
gait_20260919_222612_andrew_normal_upside_down_2,andrew_normal_upside_down_2,2513814117260997,2026-09-19T22:26:17.245009Z,-5.1889086,6.8353710,0.5311387,-0.0786730,0.2965228,-0.8651870,-6.3282862,7.4953828,0.0902687,0.1174118,0.6937733,0.4613031,0.5404559
gait_20260919_222612_andrew_normal_upside_down_2,andrew_normal_upside_down_2,2513814137419160,2026-09-19T22:26:17.261739Z,-5.2923079,6.4673371,-0.6627449,0.0080438,0.3815410,-0.7578692,-6.4391475,7.4008274,0.0355715,0.1093224,0.6969849,0.4582825,0.5405902
gait_20260919_222612_andrew_normal_upside_down_2,andrew_normal_upside_down_2,2513814167683890,2026-09-19T22:26:17.292794Z,-5.9786959,6.0628667,-1.9419221,-0.1010226,0.6444561,-0.5431671,-6.4391475,7.4008274,0.0355715,0.1059739,0.6986355,0.4565598,0.5405841
gait_20260919_222612_andrew_normal_upside_down_2,andrew_normal_upside_down_2,2513814187833629,2026-09-19T22:26:17.312328Z,-6.2642045,5.9424086,-1.7702129,-0.2694435,0.9068218,-0.4714387,-6.5908561,7.2656727,-0.0821610,0.0946842,0.7039829,0.4538922,0.5379822
gait_20260919_222612_andrew_normal_upside_down_2,andrew_normal_upside_down_2,2513814207996471,2026-09-19T22:26:17.333870Z,-6.4027686,5.9698672,-1.1424831,-0.3496820,1.0294445,-0.4513874,-6.6574826,7.2032638,-0.1644167,0.0853459,0.7081545,0.4543402,0.5336743
gait_20260919_222612_andrew_normal_upside_down_2,andrew_normal_upside_down_2,2513814228211192,2026-09-19T22:26:17.352242Z,-6.4027686,6.2413096,-0.9808745,-0.3331947,0.9573331,-0.4312362,-6.7180886,7.1441746,-0.2533265,0.0753674,0.7124756,0.4553821,0.5285125
gait_20260919_222612_andrew_normal_upside_down_2,andrew_normal_upside_down_2,2513814248358084,2026-09-19T22:26:17.372735Z,-6.4695821,6.3765073,-1.4475942,-0.2709923,0.6515341,-0.3544784,-6.7748642,7.0868826,-0.3368154,0.0658406,0.7163936,0.4562934,0.5236809
gait_20260919_222612_andrew_normal_upside_down_2,andrew_normal_upside_down_2,2513814268501272,2026-09-19T22:26:17.393551Z,-6.9047279,5.9836340,-1.8391210,-0.2146688,0.3984114,-0.2698432,-6.8215532,7.0390491,-0.3928271,0.0583556,0.7190360,0.4569488,0.5203651
gait_20260919_222612_andrew_normal_upside_down_2,andrew_normal_upside_down_2,2513814288695365,2026-09-19T22:26:17.413256Z,-7.6812725,5.3990746,-2.3996634,-0.1389935,0.3038838,-0.1628252,-6.8607016,6.9989171,-0.4266807,0.0531240,0.7206284,0.4570185,0.5186584
gait_20260919_222612_andrew_normal_upside_down_2,andrew_normal_upside_down_2,2513814308864594,2026-09-19T22:26:17.433298Z,-8.3404264,5.1742439,-2.3780408,-0.1154782,0.2044600,-0.0192353,-6.9503341,6.8994164,-0.5718420,0.0455856,0.7261351,0.4522608,0.5158584
gait_20260919_222612_andrew_normal_upside_down_2,andrew_normal_upside_down_2,2513814329033866,2026-09-19T22:26:17.454247Z,-8.5683994,5.2219033,-1.7656490,-0.0798555,0.3569098,0.0727109,-6.9831343,6.8616753,-0.6239728,0.0421214,0.7281223,0.4509734,0.5144772
gait_20260919_222612_andrew_normal_upside_down_2,andrew_normal_upside_down_2,2513814349202810,2026-09-19T22:26:17.473492Z,-8.5470009,5.6176200,-2.2142625,-0.1680879,0.4283218,0.0674816,-6.9880180,6.8521080,-0.6725409,0.0395644,0.7299476,0.4511459,0.5119363
gait_20260919_222612_andrew_normal_upside_down_2,andrew_normal_upside_down_2,2513814369345064,2026-09-19T22:26:17.493640Z,-7.0842185,5.1773114,-2.4234560,-0.2506912,0.2579857,0.0802718,-6.9746680,6.8608518,-0.7202969,0.0370149,0.7317397,0.4526252,0.5082494
gait_20260919_222612_andrew_normal_upside_down_2,andrew_normal_upside_down_2,2513814389513479,2026-09-19T22:26:17.513850Z,-5.6620626,5.1467853,-2.6257658,-0.2465111,0.2890785,0.2162010,-6.9629951,6.8722310,-0.7247612,0.0349052,0.7319946,0.4548331,0.5060557
gait_20260919_222612_andrew_normal_upside_down_2,andrew_normal_upside_down_2,2513814409709321,2026-09-19T22:26:17.534684Z,-5.4959650,5.7572322,-2.6316767,-0.2480766,0.3683511,0.3589250,-6.9309125,6.9041696,-0.7287204,0.0338859,0.7321772,0.4577790,0.5031964
gait_20260919_222612_andrew_normal_upside_down_2,andrew_normal_upside_down_2,2513814429877656,2026-09-19T22:26:17.555034Z,-6.8661962,6.5937810,-2.6363153,-0.2685109,0.0286447,0.4741533,-6.8755622,6.9572144,-0.7482869,0.0334757,0.7328739,0.4615142,0.4987783
gait_20260919_222612_andrew_normal_upside_down_2,andrew_normal_upside_down_2,2513814450045178,2026-09-19T22:26:17.574363Z,-8.8400660,7.6092968,-2.5439141,-0.3556275,-0.4115846,0.6236888,-6.8170691,6.9978800,-0.8907029,0.0337341,0.7376764,0.4614403,0.4916993
gait_20260919_222612_andrew_normal_upside_down_2,andrew_normal_upside_down_2,2513814470208548,2026-09-19T22:26:17.595019Z,-9.8388224,8.2912703,-1.6561891,-0.4997004,-0.5980084,0.8572264,-6.7374740,7.0867720,-0.7875522,0.0384173,0.7338741,0.4668487,0.4919403
gait_20260919_222612_andrew_normal_upside_down_2,andrew_normal_upside_down_2,2513814490382946,2026-09-19T22:26:17.614682Z,-9.2730427,8.7893391,-0.7095816,-0.6680714,-0.5097594,1.0634018,-6.6253796,7.2067332,-0.6351854,0.0450556,0.7281839,0.4743565,0.4926502
gait_20260919_222612_andrew_normal_upside_down_2,andrew_normal_upside_down_2,2513814510552298,2026-09-19T22:26:17.634868Z,-8.6196499,11.3451490,-1.1492168,-0.8259671,-0.4794659,1.3275993,-6.4766331,7.3532166,-0.4685842,0.0520464,0.7218593,0.4841380,0.4917528
gait_20260919_222612_andrew_normal_upside_down_2,andrew_normal_upside_down_2,2513814530720959,2026-09-19T22:26:17.655141Z,-8.3146887,14.6025352,-1.2874820,-0.7024450,-0.6704363,1.6793631,-6.2845826,7.5271597,-0.2864060,0.0596997,0.7147997,0.4962643,0.4891004
gait_20260919_222612_andrew_normal_upside_down_2,andrew_normal_upside_down_2,2513814550888886,2026-09-19T22:26:17.676433Z,-7.6717706,14.0639896,-2.0028994,-0.0162709,-0.7214971,1.4199619,-6.0301681,7.7372718,-0.0884391,0.0712209,0.7066404,0.5094883,0.4858072
gait_20260919_222612_andrew_normal_upside_down_2,andrew_normal_upside_down_2,2513814571032360,2026-09-19T22:26:17.695707Z,-6.8687401,8.7524529,0.9849895,-0.3609234,0.3874697,0.5507280,-5.7900343,7.9190650,0.0049543,0.0857177,0.7016484,0.5165844,0.4832004
gait_20260919_222612_andrew_normal_upside_down_2,andrew_normal_upside_down_2,2513814591227794,2026-09-19T22:26:17.715529Z,-3.7336080,6.4008236,2.5932198,-0.7262268,1.6055863,0.0312094,-5.6943631,7.9880891,0.0278076,0.0877987,0.7005586,0.5214770,0.4791356
gait_20260919_222612_andrew_normal_upside_down_2,andrew_normal_upside_down_2,2513814611398327,2026-09-19T22:26:17.735856Z,-1.2701988,5.3917422,2.0162919,-0.4064219,0.9584156,-0.0608034,-5.6911535,7.9903212,-0.0408364,0.0753283,0.7044864,0.5284270,0.4677494
gait_20260919_222612_andrew_normal_upside_down_2,andrew_normal_upside_down_2,2513814631565115,2026-09-19T22:26:17.756652Z,-0.2987515,5.3374987,1.4358476,-0.0355394,-0.2005963,-0.0351730,-5.7008166,7.9829979,-0.0924275,0.0667700,0.7072045,0.5322005,0.4606150
gait_20260919_222612_andrew_normal_upside_down_2,andrew_normal_upside_down_2,2513814651708223,2026-09-19T22:26:17.776193Z,-1.1587936,5.7588034,1.5141081,0.0684809,-0.8559940,0.1259701,-5.7057128,7.9797502,-0.0675178,0.0672271,0.7062646,0.5322496,0.4619321
gait_20260919_222612_andrew_normal_upside_down_2,andrew_normal_upside_down_2,2513814671877005,2026-09-19T22:26:17.797391Z,-2.2050598,7.3719716,2.0885668,0.1301503,-1.0567069,0.4843955,-5.6886139,7.9922061,0.0209020,0.0729651,0.7025002,0.5316573,0.4674508
gait_20260919_222612_andrew_normal_upside_down_2,andrew_normal_upside_down_2,2513814692045544,2026-09-19T22:26:17.817562Z,-3.0815620,9.7849531,2.9611785,0.1771975,-0.6633084,0.8335113,-5.6119609,8.0452728,0.1249071,0.0826573,0.6976438,0.5321326,0.4725419
gait_20260919_222612_andrew_normal_upside_down_2,andrew_normal_upside_down_2,2513814712239228,2026-09-19T22:26:17.838226Z,-3.0012066,11.9972696,3.5870378,0.2786864,-0.0047297,1.0032146,-5.4745812,8.1383381,0.1803685,0.0931939,0.6942881,0.5342804,0.4730999
gait_20260919_222612_andrew_normal_upside_down_2,andrew_normal_upside_down_2,2513814732409273,2026-09-19T22:26:17.856834Z,-2.5992053,11.7606926,2.8479776,0.4170970,0.4044401,0.8402228,-5.3047791,8.2507744,0.1420178,0.1018392,0.6944835,0.5372893,0.4675914
gait_20260919_222612_andrew_normal_upside_down_2,andrew_normal_upside_down_2,2513814752576509,2026-09-19T22:26:17.876855Z,-2.6509051,9.0449944,1.4327800,0.3354929,0.5470808,0.5544584,-5.1584740,8.3441801,0.0302237,0.1077463,0.6976871,0.5389192,0.4595536
gait_20260919_222612_andrew_normal_upside_down_2,andrew_normal_upside_down_2,2513814772744234,2026-09-19T22:26:17.897096Z,-3.0698903,6.5401359,0.4358943,0.0533924,0.4935551,0.5384041,-4.9925470,8.4444847,-0.0356932,0.1129434,0.6993104,0.5428675,0.4511138
gait_20260919_222612_andrew_normal_upside_down_2,andrew_normal_upside_down_2,2513814792914928,2026-09-19T22:26:17.917368Z,-3.2016463,5.9778728,0.0139911,-0.3337443,0.3021685,0.6916034,-4.9041324,8.4956198,-0.1001885,0.1141982,0.7014520,0.5451654,0.4446557
gait_20260919_222612_andrew_normal_upside_down_2,andrew_normal_upside_down_2,2513814813083182,2026-09-19T22:26:17.938374Z,-3.7689223,6.6919432,0.0610521,-0.6533993,0.1340639,0.8317959,-4.7857242,8.5631189,-0.0772482,0.1158567,0.7003434,0.5508223,0.4389660
gait_20260919_222612_andrew_normal_upside_down_2,andrew_normal_upside_down_2,2513814833251151,2026-09-19T22:26:17.957450Z,-4.3307366,7.8906155,0.4948516,-0.8477004,0.1126970,0.8784102,-4.6424046,8.6419754,0.0213529,0.1180787,0.6963711,0.5591446,0.4341455
gait_20260919_222612_andrew_normal_upside_down_2,andrew_normal_upside_down_2,2513814853420625,2026-09-19T22:26:17.978713Z,-4.8345666,8.5324860,0.8293664,-0.9458252,0.2900944,0.8784935,-4.4877372,8.7218456,0.1604663,0.1200025,0.6909273,0.5690432,0.4294284
gait_20260919_222612_andrew_normal_upside_down_2,andrew_normal_upside_down_2,2513814873590832,2026-09-19T22:26:17.998446Z,-4.9036245,8.5696707,0.9665841,-1.0039307,0.5895482,0.8521304,-4.3350182,8.7949114,0.3053872,0.1204659,0.6854756,0.5796995,0.4237449
gait_20260919_222612_andrew_normal_upside_down_2,andrew_normal_upside_down_2,2513814893758271,2026-09-19T22:26:18.018667Z,-4.9650507,8.2325373,0.8737340,-1.0179533,0.7330716,0.8685511,-4.1901612,8.8593540,0.4364608,0.1185670,0.6809120,0.5909122,0.4160814
gait_20260919_222612_andrew_normal_upside_down_2,andrew_normal_upside_down_2,2513814913928560,2026-09-19T22:26:18.038333Z,-5.2224274,8.1232271,0.6563854,-1.0261303,0.7128870,0.9095530,-4.0589170,8.9131393,0.5632641,0.1151139,0.6767303,0.6021245,0.4077144
gait_20260919_222612_andrew_normal_upside_down_2,andrew_normal_upside_down_2,2513814934077973,2026-09-19T22:26:18.058904Z,-5.1803045,8.2372513,0.3078794,-1.0486797,0.5623524,0.9722550,-4.0237226,8.9203520,0.6877963,0.1080918,0.6731521,0.6109942,0.4023288
gait_20260919_222612_andrew_normal_upside_down_2,andrew_normal_upside_down_2,2513814954264212,2026-09-19T22:26:18.079421Z,-5.2341738,8.3220205,-0.2876783,-1.1394602,0.3026181,0.9516541,-4.0058455,8.9212589,0.7748906,0.1012928,0.6708341,0.6180395,0.3971758
gait_20260919_222612_andrew_normal_upside_down_2,andrew_normal_upside_down_2,2513814974433361,2026-09-19T22:26:18.099215Z,-5.0510921,8.4531031,0.1222539,-1.2239454,-0.1276688,0.8961633,-4.0230527,8.9118958,0.7932736,0.0945423,0.6709729,0.6218657,0.3926067
gait_20260919_222612_andrew_normal_upside_down_2,andrew_normal_upside_down_2,2513814994576916,2026-09-19T22:26:18.119004Z,-4.9155207,8.4892406,0.8029554,-1.1327153,-0.4388970,0.7891786,-3.9895127,8.9143143,0.9245968,0.0916182,0.6663077,0.6283548,0.3909096
gait_20260919_222612_andrew_normal_upside_down_2,andrew_normal_upside_down_2,2513815014770844,2026-09-19T22:26:18.139429Z,-4.5652189,8.4230261,1.0420763,-0.8847720,-0.6597944,0.6546317,-3.8689592,8.9403343,1.1565810,0.0938424,0.6571127,0.6377593,0.3907169
gait_20260919_222612_andrew_normal_upside_down_2,andrew_normal_upside_down_2,2513815034940441,2026-09-19T22:26:18.159013Z,-5.0665798,8.8153009,1.3527240,-0.5707293,-0.8599410,0.5178199,-3.7350628,8.9672737,1.3687291,0.0987149,0.6481174,0.6456348,0.3916057
gait_20260919_222612_andrew_normal_upside_down_2,andrew_normal_upside_down_2,2513815055107433,2026-09-19T22:26:18.179777Z,-5.4879594,9.4663744,1.5220389,-0.1873398,-0.9049399,0.4803819,-3.6273601,8.9840775,1.5377780,0.1048450,0.6404769,0.6503920,0.3946990
gait_20260919_222612_andrew_normal_upside_down_2,andrew_normal_upside_down_2,2513815075279309,2026-09-19T22:26:18.200014Z,-6.2166195,10.0110550,1.1332055,0.1360791,-0.7230293,0.4545184,-3.5107977,9.0118484,1.6422596,0.1131228,0.6348916,0.6526588,0.3976840
gait_20260919_222612_andrew_normal_upside_down_2,andrew_normal_upside_down_2,2513815095421032,2026-09-19T22:26:18.221188Z,-7.3264070,10.6319761,0.1694646,0.3127104,-0.6671388,0.5143558,-3.4040742,9.0474520,1.6709355,0.1213902,0.6322126,0.6527799,0.3993120
gait_20260919_222612_andrew_normal_upside_down_2,andrew_normal_upside_down_2,2513815115612642,2026-09-19T22:26:18.240200Z,-8.1340761,11.0353241,-0.3537433,0.2936250,-1.1041206,0.6700699,-3.2918382,9.0917454,1.6553217,0.1300319,0.6311262,0.6519350,0.3996901
gait_20260919_222612_andrew_normal_upside_down_2,andrew_normal_upside_down_2,2513815135757376,2026-09-19T22:26:18.260080Z,-7.0117188,10.6505318,1.0035446,0.4290212,-1.4632953,0.5698966,-3.1367481,9.1444340,1.6662145,0.1422671,0.6280447,0.6511923,0.4015825
gait_20260919_222612_andrew_normal_upside_down_2,andrew_normal_upside_down_2,2513815155951713,2026-09-19T22:26:18.280745Z,-6.1487589,9.8904476,1.1578958,1.0123076,-1.6560143,-0.1620092,-2.9728725,9.1955156,1.6854208,0.1574498,0.6236358,0.6490006,0.4063083
gait_20260919_222612_andrew_normal_upside_down_2,andrew_normal_upside_down_2,2513815176122244,2026-09-19T22:26:18.300185Z,-5.9350014,7.8550014,1.7114801,1.9633455,-2.0304275,-1.2742236,-2.9338286,9.2223959,1.6050520,0.1714130,0.6232475,0.6400081,0.4154152
gait_20260919_222612_andrew_normal_upside_down_2,andrew_normal_upside_down_2,2513815196263806,2026-09-19T22:26:18.320611Z,-5.5849991,7.4339962,1.3625252,2.5608211,-0.9316527,-2.1632423,-3.2424767,9.1525288,1.3977371,0.1794513,0.6294820,0.6164423,0.4376626
gait_20260919_222612_andrew_normal_upside_down_2,andrew_normal_upside_down_2,2513815216457816,2026-09-19T22:26:18.340825Z,-4.8391304,9.4341278,-0.3988591,2.5756595,0.5800222,-3.0650680,-3.6360254,9.0556936,1.0049171,0.1830450,0.6442063,0.5876557,0.4540413
gait_20260919_222612_andrew_normal_upside_down_2,andrew_normal_upside_down_2,2513815236645438,2026-09-19T22:26:18.361872Z,-5.7105451,12.2841997,-3.1108162,2.2611840,0.4894583,-3.7589529,-4.1872797,8.8579426,0.4895529,0.1718787,0.6672636,0.5576168,0.4629044
gait_20260919_222612_andrew_normal_upside_down_2,andrew_normal_upside_down_2,2513815256797985,2026-09-19T22:26:18.381671Z,-6.6868558,14.5845041,-1.8377743,1.5592384,-0.0207175,-3.9150333,-4.8497715,8.5273237,0.0245010,0.1525965,0.6894234,0.5257354,0.4743541
gait_20260919_222612_andrew_normal_upside_down_2,andrew_normal_upside_down_2,2513815276965100,2026-09-19T22:26:18.401445Z,-5.0978541,17.2263565,-0.8548048,0.9030080,0.1865071,-3.5177376,-5.5146813,8.1097355,-0.2379162,0.1320327,0.7033070,0.4956792,0.4921677
gait_20260919_222612_andrew_normal_upside_down_2,andrew_normal_upside_down_2,2513815297132946,2026-09-19T22:26:18.421639Z,-1.7080384,18.2119446,-1.8323125,0.5275624,-1.0205846,-2.9310372,-6.0783129,7.6890154,-0.4114294,0.1100569,0.7133182,0.4716384,0.5065788
gait_20260919_222612_andrew_normal_upside_down_2,andrew_normal_upside_down_2,2513815317280652,2026-09-19T22:26:18.442340Z,-0.2602198,13.2975454,-0.5463269,0.4063220,-0.6254207,-2.0841362,-6.5378251,7.3043489,-0.3734266,0.0953466,0.7140960,0.4514823,0.5264407
gait_20260919_222612_andrew_normal_upside_down_2,andrew_normal_upside_down_2,2513815337472261,2026-09-19T22:26:18.462398Z,-0.4412065,9.2808981,1.5942391,0.1812778,0.7662795,-1.3989946,-6.8472681,7.0177426,-0.3198848,0.0859775,0.7133833,0.4365894,0.5413704
gait_20260919_222612_andrew_normal_upside_down_2,andrew_normal_upside_down_2,2513815357640556,2026-09-19T22:26:18.481847Z,-0.4631284,6.9629369,2.5149593,-0.0121907,1.3971294,-1.0800557,-6.9614339,6.8995032,-0.4140583,0.0778367,0.7177112,0.4316860,0.5408137
gait_20260919_222612_andrew_normal_upside_down_2,andrew_normal_upside_down_2,2513815377809460,2026-09-19T22:26:18.503453Z,-0.8790461,5.5961471,1.9280806,0.1027379,0.9759021,-1.0775909,-7.0911927,6.7507901,-0.6147523,0.0636969,0.7261788,0.4272757,0.5348296
gait_20260919_222612_andrew_normal_upside_down_2,andrew_normal_upside_down_2,2513815397963960,2026-09-19T22:26:18.522317Z,-2.8812721,5.1844940,0.4002058,0.1494355,0.6407590,-1.2102726,-7.2171292,6.5991979,-0.7744351,0.0520478,0.7326803,0.4216726,0.5316606
gait_20260919_222612_andrew_normal_upside_down_2,andrew_normal_upside_down_2,2513815418146089,2026-09-19T22:26:18.542234Z,-4.8917284,6.2123547,-0.4785411,0.1280852,0.7437634,-1.1948677,-7.3640451,6.4202285,-0.8874875,0.0412719,0.7372833,0.4144295,0.5319380
gait_20260919_222612_andrew_normal_upside_down_2,andrew_normal_upside_down_2,2513815438314057,2026-09-19T22:26:18.562477Z,-5.3862805,7.1982422,-0.1093103,0.0124904,1.2043271,-1.0991077,-7.5042467,6.2375998,-1.0073631,0.0302300,0.7419460,0.4072095,0.5317732
gait_20260919_222612_andrew_normal_upside_down_2,andrew_normal_upside_down_2,2513815458484794,2026-09-19T22:26:18.582658Z,-3.8673091,7.3493762,0.9222914,-0.0466975,1.1617430,-0.8076811,-7.6134281,6.0706801,-1.1910750,0.0172629,0.7486386,0.4015238,0.5272769
gait_20260919_222612_andrew_normal_upside_down_2,andrew_normal_upside_down_2,2513815478630260,2026-09-19T22:26:18.603249Z,-1.0075848,6.9949594,0.8337059,-0.0429005,0.5613032,-0.2183660,-7.6843014,5.9419670,-1.3713733,0.0056775,0.7549242,0.3976296,0.5214862
gait_20260919_222612_andrew_normal_upside_down_2,andrew_normal_upside_down_2,2513815498822155,2026-09-19T22:26:18.623708Z,1.8977790,6.1671643,-0.0662146,-0.1039870,0.0563402,0.2896614,-7.6956458,5.9057884,-1.4610964,0.0011357,0.7579665,0.3967305,0.5177746
gait_20260919_222612_andrew_normal_upside_down_2,andrew_normal_upside_down_2,2513815518991019,2026-09-19T22:26:18.643127Z,2.6951230,4.5943980,-0.7124994,-0.2700264,-0.1385438,0.6125473,-7.6582971,5.9548378,-1.4582599,0.0026960,0.7578670,0.3990167,0.5161551
gait_20260919_222612_andrew_normal_upside_down_2,andrew_normal_upside_down_2,2513815539158540,2026-09-19T22:26:18.663289Z,1.5409681,3.2537949,-1.0969933,-0.4342672,-0.2159845,0.9466246,-7.5861082,6.0586534,-1.4070477,0.0066674,0.7561176,0.4042343,0.5146225
gait_20260919_222612_andrew_normal_upside_down_2,andrew_normal_upside_down_2,2513815559302339,2026-09-19T22:26:18.684181Z,-0.9766098,3.2034419,-1.5744869,-0.6237054,-0.0336242,1.3843058,-7.4758973,6.2132282,-1.3201897,0.0125647,0.7531075,0.4123089,0.5125161
gait_20260919_222612_andrew_normal_upside_down_2,andrew_normal_upside_down_2,2513815579497814,2026-09-19T22:26:18.703625Z,-5.2935052,5.2959743,-3.9692872,-0.4566834,0.5019487,1.7028284,-7.3024158,6.4331732,-1.2349577,0.0199474,0.7500547,0.4240210,0.5071748
gait_20260919_222612_andrew_normal_upside_down_2,andrew_normal_upside_down_2,2513815599665376,2026-09-19T22:26:18.724369Z,-12.0693207,8.3155117,-10.8426657,0.0147387,0.5032977,1.8142930,-7.0668411,6.6917129,-1.2316043,0.0282892,0.7496680,0.4365622,0.4965997
gait_20260919_222612_andrew_normal_upside_down_2,andrew_normal_upside_down_2,2513815619834810,2026-09-19T22:26:18.744878Z,-20.6640549,11.3818102,-6.5156703,-0.8794927,-2.2838998,1.7242954,-6.7987356,6.9454484,-1.3319466,0.0391200,0.7525823,0.4455906,0.4832585
gait_20260919_222612_andrew_normal_upside_down_2,andrew_normal_upside_down_2,2513815639993053,2026-09-19T22:26:18.764268Z,-25.3162136,13.9972515,4.6408606,-1.5299609,-2.1435075,1.3595582,-6.5989685,7.1956563,-0.9551269,0.0584062,0.7384442,0.4581194,0.4913406
gait_20260919_222612_andrew_normal_upside_down_2,andrew_normal_upside_down_2,2513815660173189,2026-09-19T22:26:18.785919Z,-18.1668282,9.5408936,2.0901382,-0.3633549,-1.5417519,0.0802219,-6.4224000,7.4047656,-0.3979335,0.0713074,0.7177971,0.4761518,0.5029534
gait_20260919_222612_andrew_normal_upside_down_2,andrew_normal_upside_down_2,2513815680315116,2026-09-19T22:26:18.805846Z,-9.0610056,4.0915413,-0.0100257,0.1286847,-0.6615431,-0.6586952,-6.3999000,7.4337564,-0.1290749,0.0782179,0.7074627,0.4790993,0.5136560
gait_20260919_222612_andrew_normal_upside_down_2,andrew_normal_upside_down_2,2513815700509411,2026-09-19T22:26:18.825387Z,-4.4360070,4.7726912,0.4447978,-0.0227992,0.2612332,-0.4839791,-6.7850671,7.0849090,-0.0550322,0.0642946,0.7061943,0.4634385,0.5313952
gait_20260919_222612_andrew_normal_upside_down_2,andrew_normal_upside_down_2,2513815720679048,2026-09-19T22:26:18.845641Z,-1.6831986,11.7194681,-3.0561237,-0.4842289,0.7699267,-0.2579024,-6.8581605,7.0139017,-0.0832901,0.0597988,0.7076071,0.4606923,0.5324274
gait_20260919_222612_andrew_normal_upside_down_2,andrew_normal_upside_down_2,2513815740870617,2026-09-19T22:26:18.865451Z,-1.1964275,19.7629375,-5.8780646,-1.4934223,-0.2641476,-0.3654033,-6.8904705,6.9812508,-0.1403431,0.0519747,0.7102674,0.4628261,0.5278360
gait_20260919_222612_andrew_normal_upside_down_2,andrew_normal_upside_down_2,2513815761015392,2026-09-19T22:26:18.886487Z,-2.4977510,16.6022167,4.5261636,-1.0159215,-0.6232391,-0.3406723,-6.9363723,6.9366188,0.0785176,0.0423638,0.7030078,0.4714093,0.5308093
gait_20260919_222612_andrew_normal_upside_down_2,andrew_normal_upside_down_2,2513815781185193,2026-09-19T22:26:18.905771Z,0.2671031,10.5192242,4.6613612,0.0927789,-0.3676516,-0.1436899,-6.9810162,6.8829527,0.3556949,0.0371049,0.6931880,0.4777657,0.5383805
gait_20260919_222612_andrew_normal_upside_down_2,andrew_normal_upside_down_2,2513815801354300,2026-09-19T22:26:18.926271Z,1.0960207,7.3540149,2.8207438,0.4130668,-0.9192789,0.0834194,-6.9972377,6.8645959,0.3900228,0.0380771,0.6918762,0.4764076,0.5411962
gait_20260919_222612_andrew_normal_upside_down_2,andrew_normal_upside_down_2,2513815821522595,2026-09-19T22:26:18.945889Z,0.6090999,6.9400425,2.6377368,0.1541319,-1.0032479,0.5462647,-6.9791579,6.8792133,0.4515518,0.0453459,0.6891751,0.4732762,0.5468007
gait_20260919_222612_andrew_normal_upside_down_2,andrew_normal_upside_down_2,2513815841691865,2026-09-19T22:26:18.966121Z,0.0467618,8.2332859,3.7636104,-0.0879160,-0.2670787,0.9642111,-6.8945980,6.9548278,0.5753339,0.0551221,0.6838732,0.4743711,0.5515895
gait_20260919_222612_andrew_normal_upside_down_2,andrew_normal_upside_down_2,2513815861836112,2026-09-19T22:26:18.986612Z,-0.3487304,9.2918224,3.9882164,-0.0098758,0.7403327,1.1550149,-6.7431989,7.0954537,0.6480142,0.0634507,0.6804454,0.4807285,0.5494254
gait_20260919_222612_andrew_normal_upside_down_2,andrew_normal_upside_down_2,2513815882028291,2026-09-19T22:26:19.006726Z,-0.7787141,9.6897087,3.5718496,0.1421577,1.6313332,1.0829202,-6.4239783,7.3821158,0.6877519,0.0756373,0.6778360,0.4954265,0.5379311
gait_20260919_222612_andrew_normal_upside_down_2,andrew_normal_upside_down_2,2513815902196789,2026-09-19T22:26:19.026345Z,-1.7230022,9.6588831,2.7967269,0.2494588,2.1308172,0.9238920,-6.2409244,7.5529528,0.4897967,0.0775533,0.6850398,0.5033168,0.5209397
gait_20260919_222612_andrew_normal_upside_down_2,andrew_normal_upside_down_2,2513815922366629,2026-09-19T22:26:19.046526Z,-3.0920367,9.1316347,1.8287212,0.2260768,2.1229064,0.9198784,-6.0367813,7.7289248,0.2390184,0.0778624,0.6943042,0.5115644,0.5001809
gait_20260919_222612_andrew_normal_upside_down_2,andrew_normal_upside_down_2,2513815942535168,2026-09-19T22:26:19.066708Z,-3.5613003,7.9701476,0.5732617,0.0225327,1.7332718,1.0909140,-5.4460473,8.1544313,0.2862130,0.0939768,0.6906511,0.5372239,0.4749315
gait_20260919_222612_andrew_normal_upside_down_2,andrew_normal_upside_down_2,2513815962705944,2026-09-19T22:26:19.086869Z,-3.2888100,6.4971900,-0.7404817,-0.3334945,1.0769747,1.2125041,-5.2740245,8.2712412,0.0858664,0.0920683,0.6982571,0.5436170,0.4565534
gait_20260919_222612_andrew_normal_upside_down_2,andrew_normal_upside_down_2,2513815982874482,2026-09-19T22:26:19.107053Z,-3.2808046,5.7053828,-2.4063222,-0.9725381,-0.0715618,1.2797194,-5.0704927,8.3979692,0.0178100,0.0930439,0.7006062,0.5522971,0.4421104
gait_20260919_222612_andrew_normal_upside_down_2,andrew_normal_upside_down_2,2513816003041475,2026-09-19T22:26:19.127266Z,-3.6736782,6.3426890,-0.2186954,-1.5446830,-0.9058892,1.2678617,-4.8523140,8.5242987,0.1658802,0.0978023,0.6945447,0.5643073,0.4354303
gait_20260919_222612_andrew_normal_upside_down_2,andrew_normal_upside_down_2,2513816023209606,2026-09-19T22:26:19.147542Z,-4.6042743,7.1332245,1.1162965,-1.6433740,-0.7784035,1.2680283,-4.6251850,8.6352844,0.5250210,0.1053112,0.6801190,0.5796736,0.4362639
gait_20260919_222612_andrew_normal_upside_down_2,andrew_normal_upside_down_2,2513816043366223,2026-09-19T22:26:19.168723Z,-5.2559462,7.6799259,1.7325042,-1.5422848,-0.2676116,1.3083308,-4.3926516,8.7260456,0.8926734,0.1114778,0.6651954,0.5956031,0.4362853
gait_20260919_222612_andrew_normal_upside_down_2,andrew_normal_upside_down_2,2513816063524873,2026-09-19T22:26:19.188102Z,-5.4687309,8.1652002,1.9318963,-1.3211542,0.2344703,1.3556112,-4.1905231,8.7869968,1.2100872,0.1134736,0.6525632,0.6110716,0.4334473
gait_20260919_222612_andrew_normal_upside_down_2,andrew_normal_upside_down_2,2513816083691174,2026-09-19T22:26:19.210088Z,-5.3113871,8.5553055,1.6695068,-1.0455155,0.5465145,1.2967063,-4.0365186,8.8214178,1.4578151,0.1112442,0.6431604,0.6252071,0.4278849
gait_20260919_222612_andrew_normal_upside_down_2,andrew_normal_upside_down_2,2513816103861136,2026-09-19T22:26:19.227952Z,-5.4642415,8.9060564,0.9122657,-0.8323455,0.5967927,1.2110387,-3.8436315,8.8820124,1.6038884,0.1105704,0.6374511,0.6378598,0.4178102
gait_20260919_222612_andrew_normal_upside_down_2,andrew_normal_upside_down_2,2513816124054455,2026-09-19T22:26:19.248921Z,-5.3119855,9.0360909,-0.4011784,-0.7806851,0.2696101,1.1131970,-3.6509366,8.9442673,1.7049482,0.1106773,0.6333748,0.6487980,0.4069989
gait_20260919_222612_andrew_normal_upside_down_2,andrew_normal_upside_down_2,2513816144222993,2026-09-19T22:26:19.268630Z,-5.2035728,9.0250931,-1.1439047,-0.9920564,-0.8794927,0.9408290,-3.4645221,8.9970989,1.8125697,0.1123397,0.6287301,0.6583548,0.3983056
gait_20260919_222612_andrew_normal_upside_down_2,andrew_normal_upside_down_2,2513816164382133,2026-09-19T22:26:19.288981Z,-5.1916018,8.9662104,1.0069863,-1.0376382,-1.5470645,0.7473273,-3.2675142,9.0245485,2.0290318,0.1194552,0.6185584,0.6669537,0.3978552
gait_20260919_222612_andrew_normal_upside_down_2,andrew_normal_upside_down_2,2513816184561291,2026-09-19T22:26:19.309284Z,-5.8340712,9.5886278,1.8213141,-0.7374849,-1.2893287,0.6202914,-3.0698268,9.0242014,2.3186381,0.1302694,0.6042755,0.6742306,0.4040965
gait_20260919_222612_andrew_normal_upside_down_2,andrew_normal_upside_down_2,2513816204729545,2026-09-19T22:26:19.329350Z,-6.5050459,10.5393505,1.3913305,-0.3142592,-0.8720984,0.6004399,-2.8923090,9.0233736,2.5395722,0.1399760,0.5926766,0.6795710,0.4090529
gait_20260919_222612_andrew_normal_upside_down_2,andrew_normal_upside_down_2,2513816224898612,2026-09-19T22:26:19.349645Z,-6.9557543,10.2921495,-0.2282722,-0.0747094,-1.0015825,0.5057625,-2.7382233,9.0394926,2.6506214,0.1481478,0.5858768,0.6827446,0.4106830
gait_20260919_222612_andrew_normal_upside_down_2,andrew_normal_upside_down_2,2513816245067964,2026-09-19T22:26:19.369860Z,-7.4529252,9.7365446,0.4534020,0.1383773,-1.6527668,0.4154816,-2.5954154,9.0637789,2.7106881,0.1572612,0.5808681,0.6837747,0.4126906
gait_20260919_222612_andrew_normal_upside_down_2,andrew_normal_upside_down_2,2513816265238578,2026-09-19T22:26:19.389920Z,-7.8764749,9.5272770,2.2633436,1.0424346,-2.2195659,0.1476868,-2.4310133,9.0905247,2.7728422,0.1711234,0.5741865,0.6822676,0.4189722
gait_20260919_222612_andrew_normal_upside_down_2,andrew_normal_upside_down_2,2513816285404594,2026-09-19T22:26:19.409710Z,-7.5138278,9.1985226,2.5963621,2.0598714,-1.1854249,-0.3973455,-2.2741196,9.1506681,2.7073574,0.1914424,0.5706716,0.6735703,0.4289369
gait_20260919_222612_andrew_normal_upside_down_2,andrew_normal_upside_down_2,2513816305576387,2026-09-19T22:26:19.430093Z,-6.7221704,8.6019182,-0.8326585,2.6936691,0.1001066,-1.2986882,-2.2690537,9.2389784,2.3934894,0.2074035,0.5790537,0.6575346,0.4351195
gait_20260919_222612_andrew_normal_upside_down_2,andrew_normal_upside_down_2,2513816325742444,2026-09-19T22:26:19.450933Z,-5.6384196,9.5999260,-2.6297312,2.5692313,0.5233989,-2.4741373,-2.5024991,9.2967443,1.8825953,0.2112702,0.5997732,0.6363408,0.4367006
gait_20260919_222612_andrew_normal_upside_down_2,andrew_normal_upside_down_2,2513816345910819,2026-09-19T22:26:19.470087Z,-4.5566149,11.0903912,-0.7680898,2.0612538,1.0390038,-3.5916643,-2.9689748,9.2511568,1.3555086,0.2049878,0.6238674,0.6103477,0.4429957
gait_20260919_222612_andrew_normal_upside_down_2,andrew_normal_upside_down_2,2513816366081230,2026-09-19T22:26:19.490239Z,-6.1201782,12.6766996,-0.3028665,1.9303541,1.0535094,-4.2245460,-3.6482921,9.0614262,0.9036837,0.1853316,0.6480066,0.5830777,0.4536081
gait_20260919_222612_andrew_normal_upside_down_2,andrew_normal_upside_down_2,2513816386248465,2026-09-19T22:26:19.510998Z,-7.2093153,15.0893068,0.4278139,1.8300143,1.3263836,-4.0323434,-4.4249811,8.7426538,0.4708242,0.1598983,0.6713832,0.5524665,0.4673950
gait_20260919_222612_andrew_normal_upside_down_2,andrew_normal_upside_down_2,2513816406417004,2026-09-19T22:26:19.530644Z,-4.4033856,19.6148720,-0.1224784,1.4406627,0.6753824,-3.3420391,-5.1422338,8.3542013,0.0294817,0.1334881,0.6935403,0.5219682,0.4782593
gait_20260919_222612_andrew_normal_upside_down_2,andrew_normal_upside_down_2,2513816426587821,2026-09-19T22:26:19.551329Z,-1.0692356,20.9646034,-2.3840263,0.5109418,-2.0066955,-2.8777614,-5.6928873,7.9828348,-0.3185745,0.1135923,0.7096832,0.4953075,0.4879724
gait_20260919_222612_andrew_normal_upside_down_2,andrew_normal_upside_down_2,2513816446753837,2026-09-19T22:26:19.571121Z,-0.5751321,14.0738659,-1.6314988,-0.1720848,-2.3852389,-2.0747435,-6.1580529,7.6338315,-0.1978283,0.1047168,0.7067099,0.4744524,0.5142865
gait_20260919_222612_andrew_normal_upside_down_2,andrew_normal_upside_down_2,2513816466933931,2026-09-19T22:26:19.591606Z,-0.5837363,9.2791023,1.9709517,0.2338375,-0.1667722,-1.3667027,-6.4794226,7.3633428,0.1854316,0.1014018,0.6932483,0.4619225,0.5438309
gait_20260919_222612_andrew_normal_upside_down_2,andrew_normal_upside_down_2,2513816487092989,2026-09-19T22:26:19.612261Z,-0.2983026,6.6861076,2.0396354,0.2706593,1.6604443,-0.8686343,-6.5084891,7.3350272,0.2702489,0.1041205,0.6897907,0.4588844,0.5502480
gait_20260919_222612_andrew_normal_upside_down_2,andrew_normal_upside_down_2,2513816507262463,2026-09-19T22:26:19.631665Z,-0.3879355,4.9863739,0.9245359,-0.0177031,2.5268970,-0.6529163,-6.6391258,7.2220502,0.0107267,0.0940021,0.7007715,0.4523664,0.5435510
gait_20260919_222612_andrew_normal_upside_down_2,andrew_normal_upside_down_2,2513816527413749,2026-09-19T22:26:19.652208Z,-0.9840169,4.0049009,0.1711106,-0.0971589,1.9387976,-0.7091399,-6.7206302,7.1383257,-0.3369347,0.0795451,0.7150869,0.4500128,0.5289724
gait_20260919_222612_andrew_normal_upside_down_2,andrew_normal_upside_down_2,2513816547599011,2026-09-19T22:26:19.671765Z,-2.3338978,4.3191400,0.6099229,-0.1873231,1.0424845,-0.9534693,-6.7973871,7.0478354,-0.5997203,0.0664825,0.7257274,0.4476195,0.5182052
gait_20260919_222612_andrew_normal_upside_down_2,andrew_normal_upside_down_2,2513816567768159,2026-09-19T22:26:19.691887Z,-3.9829042,5.5454950,1.4624083,-0.1506013,0.3436200,-1.2123543,-6.9122701,6.9234614,-0.7227334,0.0557699,0.7309535,0.4436060,0.5155682
gait_20260919_222612_andrew_normal_upside_down_2,andrew_normal_upside_down_2,2513816587937959,2026-09-19T22:26:19.712841Z,-3.1403697,6.4683099,1.5199440,0.0761916,0.0812877,-1.0311931,-7.0735455,6.7558680,-0.7478729,0.0461406,0.7325230,0.4375958,0.5194141
gait_20260919_222612_andrew_normal_upside_down_2,andrew_normal_upside_down_2,2513816608105643,2026-09-19T22:26:19.733556Z,-0.1891419,6.4273095,0.4153940,0.1685875,-0.0157046,-0.4590982,-7.2177367,6.5997887,-0.7636856,0.0400766,0.7334566,0.4302628,0.5246992
gait_20260919_222612_andrew_normal_upside_down_2,andrew_normal_upside_down_2,2513816628274507,2026-09-19T22:26:19.752726Z,2.4273465,5.9206362,-0.4837036,0.0178030,-0.0683476,0.0444826,-7.2810621,6.5272827,-0.7853846,0.0394019,0.7342757,0.4251179,0.5277894
gait_20260919_222612_andrew_normal_upside_down_2,andrew_normal_upside_down_2,2513816648444103,2026-09-19T22:26:19.773240Z,2.8674307,4.7696986,-0.9222914,-0.2276922,-0.3044500,0.4127171,-7.2740159,6.5355864,-0.7816278,0.0422676,0.7340184,0.4237640,0.5290128
gait_20260919_222612_andrew_normal_upside_down_2,andrew_normal_upside_down_2,2513816668611828,2026-09-19T22:26:19.792817Z,1.0815806,4.0228572,-1.0977415,-0.5466644,-0.3540287,0.8876032,-7.2215328,6.6010985,-0.7149028,0.0471997,0.7314264,0.4262287,0.5302045
gait_20260919_222612_andrew_normal_upside_down_2,andrew_normal_upside_down_2,2513816688781099,2026-09-19T22:26:19.812950Z,-2.0053685,4.8955441,-2.1795466,-0.7440631,0.1860907,1.4189126,-7.1095905,6.7338099,-0.5879130,0.0543222,0.7265218,0.4332404,0.5305827
gait_20260919_222612_andrew_normal_upside_down_2,andrew_normal_upside_down_2,2513816708948539,2026-09-19T22:26:19.833765Z,-6.9262009,7.2382703,-6.4297781,-0.4252908,0.9901080,1.7148526,-6.9133024,6.9417944,-0.5038359,0.0615757,0.7230024,0.4452405,0.5246302
gait_20260919_222612_andrew_normal_upside_down_2,andrew_normal_upside_down_2,2513816729117484,2026-09-19T22:26:19.853547Z,-15.6089983,9.6370363,-13.7263327,0.1421577,0.0899144,1.8801426,-6.6589813,7.1819844,-0.5596405,0.0690920,0.7243025,0.4572123,0.5114382
gait_20260919_222612_andrew_normal_upside_down_2,andrew_normal_upside_down_2,2513816749286185,2026-09-19T22:26:19.874191Z,-23.6917477,12.8144407,1.0991631,-1.5561908,-2.0987418,1.7647144,-6.3776321,7.4237866,-0.6703102,0.0830908,0.7267343,0.4641796,0.4994902
gait_20260919_222612_andrew_normal_upside_down_2,andrew_normal_upside_down_2,2513816769456351,2026-09-19T22:26:19.894140Z,-24.0275345,13.3250790,5.0084453,-1.4015594,-2.4415457,1.0896484,-6.1273856,7.6593738,-0.1589074,0.1017407,0.7061695,0.4799852,0.5104778
gait_20260919_222612_andrew_normal_upside_down_2,andrew_normal_upside_down_2,2513816789624402,2026-09-19T22:26:19.914321Z,-13.1036158,6.3280249,1.9619734,-0.0722946,-2.0272133,-0.2012624,-5.9342461,7.8020034,0.3867869,0.1147624,0.6841683,0.4941414,0.5239919
gait_20260919_222612_andrew_normal_upside_down_2,andrew_normal_upside_down_2,2513816809795381,2026-09-19T22:26:19.934535Z,-5.5154924,3.2393548,-0.1807622,0.4166141,-0.7081906,-0.5792894,-5.9374084,7.7807932,0.6652535,0.1254787,0.6718443,0.4901321,0.5409722
gait_20260919_222612_andrew_normal_upside_down_2,andrew_normal_upside_down_2,2513816829962252,2026-09-19T22:26:19.954048Z,-1.3344681,6.3521166,-5.6873512,-0.0525264,0.0519102,-0.7309065,-6.0249000,7.7110076,0.6906918,0.1295026,0.6701508,0.4811067,0.5501484
gait_20260919_222612_andrew_normal_upside_down_2,andrew_normal_upside_down_2,2513816850131319,2026-09-19T22:26:19.974219Z,-1.1780969,15.8362226,-8.3518734,-1.3483667,-1.0875332,-0.7573863,-6.1352558,7.6265202,0.6564465,0.1262222,0.6721043,0.4754387,0.5534455
gait_20260919_222612_andrew_normal_upside_down_2,andrew_normal_upside_down_2,2513816870299328,2026-09-19T22:26:19.994397Z,-4.5251160,20.0843601,4.0400658,-0.7171671,-0.5660829,0.0045798,-6.2402554,7.5055165,0.9811090,0.1195089,0.6609542,0.4775119,0.5664271
gait_20260919_222612_andrew_normal_upside_down_2,andrew_normal_upside_down_2,2513816890469046,2026-09-19T22:26:20.015042Z,-0.7034464,15.8884459,6.0369048,0.1050195,1.2505916,0.1227393,-6.2252645,7.4849887,1.2071238,0.1207589,0.6519949,0.4799874,0.5743971
gait_20260919_222612_andrew_normal_upside_down_2,andrew_normal_upside_down_2,2513816910636568,2026-09-19T22:26:20.035209Z,1.0696096,10.2746420,4.0087166,0.6630752,0.8413053,-0.0847351,-6.2235293,7.5117102,1.0382767,0.1181219,0.6590722,0.4806994,0.5662149
gait_20260919_222612_andrew_normal_upside_down_2,andrew_normal_upside_down_2,2513816930805838,2026-09-19T22:26:20.055580Z,0.7781156,6.8945527,2.5474305,0.7586520,-0.1909370,0.0290111,-6.2515397,7.5161448,0.8135927,0.1184763,0.6676853,0.4755904,0.5603335
gait_20260919_222612_andrew_normal_upside_down_2,andrew_normal_upside_down_2,2513816950974744,2026-09-19T22:26:20.075517Z,-0.0921019,6.7681837,1.7661726,0.3559273,-0.6249211,0.5225662,-6.2464266,7.5303569,0.7155501,0.1258410,0.6701384,0.4685016,0.5617695
gait_20260919_222612_andrew_normal_upside_down_2,andrew_normal_upside_down_2,2513816971163586,2026-09-19T22:26:20.097229Z,-0.5544074,8.1114054,2.7747302,-0.1014056,-0.5545917,1.1164777,-6.1612635,7.5982537,0.7358698,0.1364673,0.6673425,0.4661322,0.5645809
gait_20260919_222612_andrew_normal_upside_down_2,andrew_normal_upside_down_2,2513816991313326,2026-09-19T22:26:20.116105Z,-0.6081272,9.5938654,3.4292450,-0.2142025,-0.0498784,1.3219537,-5.9799519,7.7326832,0.8257684,0.1480845,0.6614629,0.4706759,0.5648027
gait_20260919_222612_andrew_normal_upside_down_2,andrew_normal_upside_down_2,2513817011482108,2026-09-19T22:26:20.136173Z,-1.3789854,10.7252750,3.7237318,-0.0939447,0.7915601,1.0983583,-5.6445379,7.9671035,0.9489914,0.1623879,0.6537927,0.4824719,0.5598270
gait_20260919_222612_andrew_normal_upside_down_2,andrew_normal_upside_down_2,2513817031650810,2026-09-19T22:26:20.156383Z,-3.2791586,10.6012259,3.2158618,0.1488859,1.4226764,0.9226930,-5.4725862,8.0931120,0.8879465,0.1676949,0.6548913,0.4892337,0.5510412
gait_20260919_222612_andrew_normal_upside_down_2,andrew_normal_upside_down_2,2513817051819470,2026-09-19T22:26:20.176515Z,-4.3875241,9.2464066,1.7068413,0.2344204,1.5535928,1.0874168,-5.3445330,8.1954336,0.7120032,0.1694858,0.6612995,0.4941967,0.5382631
gait_20260919_222612_andrew_normal_upside_down_2,andrew_normal_upside_down_2,2513817071988334,2026-09-19T22:26:20.196942Z,-3.9505825,7.3488526,0.1129764,0.0523765,1.1127473,1.2762554,-5.1778202,8.3164148,0.5133990,0.1723420,0.6682599,0.4997466,0.5234312
gait_20260919_222612_andrew_normal_upside_down_2,andrew_normal_upside_down_2,2513817092135957,2026-09-19T22:26:20.217516Z,-3.9968953,5.4539165,-2.4411130,-0.4262234,-0.0268461,1.3524969,-4.9717975,8.4482908,0.3791288,0.1774626,0.6720691,0.5064480,0.5102358
gait_20260919_222612_andrew_normal_upside_down_2,andrew_normal_upside_down_2,2513817112324353,2026-09-19T22:26:20.237015Z,-3.7050271,5.1150622,-1.1332055,-1.1022221,-1.6587956,1.4311366,-4.7426548,8.5768423,0.4255691,0.1862192,0.6679604,0.5143341,0.5045908
gait_20260919_222612_andrew_normal_upside_down_2,andrew_normal_upside_down_2,2513817132495088,2026-09-19T22:26:20.256939Z,-4.2871175,6.0699000,0.9837176,-1.3367590,-1.8984119,1.3821409,-4.4735117,8.6971340,0.7639861,0.2006147,0.6506950,0.5242802,0.5113512
gait_20260919_222612_andrew_normal_upside_down_2,andrew_normal_upside_down_2,2513817152665783,2026-09-19T22:26:20.277359Z,-5.6836104,6.8771949,1.8947114,-1.3045170,-1.1361626,1.4352002,-4.1907611,8.7912560,1.1778965,0.2148839,0.6296275,0.5346868,0.5210608
gait_20260919_222612_andrew_normal_upside_down_2,andrew_normal_upside_down_2,2513817172833345,2026-09-19T22:26:20.297868Z,-5.7819223,7.6397481,2.1279964,-1.1348970,-0.1320155,1.5603210,-3.9182744,8.8647041,1.5166556,0.2247304,0.6122349,0.5460569,0.5258200
gait_20260919_222612_andrew_normal_upside_down_2,andrew_normal_upside_down_2,2513817193000500,2026-09-19T22:26:20.317715Z,-5.6444054,8.2875290,1.6535704,-0.9405792,0.6332980,1.4999173,-4.1781950,8.6869459,1.8209271,0.2082215,0.6031041,0.5509978,0.5378761
gait_20260919_222612_andrew_normal_upside_down_2,andrew_normal_upside_down_2,2513817213170992,2026-09-19T22:26:20.337591Z,-5.5195327,8.3823242,0.6397008,-0.8026350,0.8770612,1.3555279,-3.9821835,8.7556095,1.9281124,0.2086005,0.5981647,0.5638081,0.5299107
gait_20260919_222612_andrew_normal_upside_down_2,andrew_normal_upside_down_2,2513817233337821,2026-09-19T22:26:20.357864Z,-5.6108117,8.3899565,-1.4460979,-0.8753626,0.3638878,1.2292913,-3.8687747,8.8067312,1.9261817,0.2064372,0.5984434,0.5733026,0.5201665
gait_20260919_222612_andrew_normal_upside_down_2,andrew_normal_upside_down_2,2513817253488497,2026-09-19T22:26:20.378101Z,-5.7124906,8.4879684,-0.7978677,-1.2099562,-0.8628721,1.1415086,-3.7145715,8.8646116,1.9638553,0.2076951,0.5960050,0.5821298,0.5126069
gait_20260919_222612_andrew_normal_upside_down_2,andrew_normal_upside_down_2,2513817273675915,2026-09-19T22:26:20.398107Z,-5.5658455,8.5811930,1.5389479,-1.1813281,-1.0924462,1.0096263,-3.5092561,8.8947783,2.1918435,0.2140287,0.5836918,0.5907071,0.5143548
gait_20260919_222612_andrew_normal_upside_down_2,andrew_normal_upside_down_2,2513817293844047,2026-09-19T22:26:20.418252Z,-6.0088477,9.3216743,2.1914427,-0.8174736,-0.4488893,0.8064320,-3.2897847,8.9021893,2.4828360,0.2215211,0.5679347,0.5987429,0.5195050
gait_20260919_222612_andrew_normal_upside_down_2,andrew_normal_upside_down_2,2513817314015230,2026-09-19T22:26:20.438364Z,-6.2177420,9.9298019,1.7398365,-0.3860708,0.3280653,0.6350300,-3.1175046,8.9103117,2.6690154,0.2263208,0.5575658,0.6052902,0.5210786
gait_20260919_222612_andrew_normal_upside_down_2,andrew_normal_upside_down_2,2513817334182873,2026-09-19T22:26:20.458230Z,-5.8788128,9.9430447,-0.0919523,-0.1659395,0.5111750,0.3663692,-3.0189860,8.9278097,2.7232502,0.2274885,0.5545062,0.6102012,0.5180989
gait_20260919_222612_andrew_normal_upside_down_2,andrew_normal_upside_down_2,2513817354350557,2026-09-19T22:26:20.479135Z,-6.6167507,10.3401833,0.3983353,-0.1057023,-0.0037138,0.1899877,-2.9826772,8.9429274,2.7136333,0.2266819,0.5551594,0.6130477,0.5143790
gait_20260919_222612_andrew_normal_upside_down_2,andrew_normal_upside_down_2,2513817374519991,2026-09-19T22:26:20.499211Z,-6.9676509,10.3692875,1.3140427,0.1954669,-0.2847485,0.1488359,-2.9524674,8.9474888,2.7315707,0.2285331,0.5535054,0.6132033,0.5151565
gait_20260919_222612_andrew_normal_upside_down_2,andrew_normal_upside_down_2,2513817394688773,2026-09-19T22:26:20.519467Z,-6.3583264,9.8901482,1.0829273,0.8368587,-0.7730076,-0.1363955,-2.9111760,8.9645481,2.7199337,0.2333758,0.5519914,0.6110796,0.5171295
gait_20260919_222612_andrew_normal_upside_down_2,andrew_normal_upside_down_2,2513817414858248,2026-09-19T22:26:20.539515Z,-5.8589854,8.6346140,1.4653263,2.0172541,-2.1387112,-1.0560241,-2.8906753,9.0010786,2.6192889,0.2426851,0.5526474,0.6032343,0.5213380
gait_20260919_222612_andrew_normal_upside_down_2,andrew_normal_upside_down_2,2513817435025402,2026-09-19T22:26:20.559056Z,-6.1153150,7.6401968,1.8617911,2.7608178,-1.6468381,-2.0663831,-2.9699466,9.0393085,2.3888187,0.2611178,0.5550393,0.5805445,0.5354596
gait_20260919_222612_andrew_normal_upside_down_2,andrew_normal_upside_down_2,2513817455193819,2026-09-19T22:26:20.579640Z,-6.1575127,9.3973913,0.1097592,2.7205985,0.2322221,-2.8211215,-3.5319867,8.9347420,1.9828119,0.2675726,0.5697650,0.5411928,0.5575688
gait_20260919_222612_andrew_normal_upside_down_2,andrew_normal_upside_down_2,2513817475362723,2026-09-19T22:26:20.599665Z,-5.6529346,12.5943241,-2.8312182,2.1795299,1.2927760,-3.6361802,-4.0341668,8.8195772,1.4753573,0.2680871,0.5918115,0.5079188,0.5656033
gait_20260919_222612_andrew_normal_upside_down_2,andrew_normal_upside_down_2,2513817495507214,2026-09-19T22:26:20.620063Z,-6.7214966,13.9699421,-2.1643584,1.4853618,0.7855647,-4.1970506,-4.6953382,8.5597315,0.9596427,0.2542873,0.6193373,0.4755095,0.5706577
gait_20260919_222612_andrew_normal_upside_down_2,andrew_normal_upside_down_2,2513817515702201,2026-09-19T22:26:20.640052Z,-7.5214596,16.0530472,-0.2416647,0.8518972,0.9986847,-3.8013370,-5.4196477,8.1537933,0.6157984,0.2344155,0.6408668,0.4416609,0.5824730
gait_20260919_222612_andrew_normal_upside_down_2,andrew_normal_upside_down_2,2513817535871025,2026-09-19T22:26:20.661390Z,-4.1767597,20.2252426,-0.2374001,0.4416282,-0.0878493,-3.1317334,-6.0513616,7.7124772,0.3672175,0.2123997,0.6580859,0.4129713,0.5926754
gait_20260919_222612_andrew_normal_upside_down_2,andrew_normal_upside_down_2,2513817556038057,2026-09-19T22:26:20.680661Z,-0.5064485,18.9105282,-1.1220576,0.2937249,-1.9735876,-2.4243255,-6.5302734,7.3155551,0.2725832,0.1953719,0.6669086,0.3894772,0.6044587
gait_20260919_222612_andrew_normal_upside_down_2,andrew_normal_upside_down_2,2513817576182019,2026-09-19T22:26:20.700714Z,0.0392051,12.2806835,0.9998785,0.7627988,-1.2637649,-1.6556480,-6.8699918,6.9841852,0.5103748,0.1903701,0.6593569,0.3665088,0.6282349
gait_20260919_222612_andrew_normal_upside_down_2,andrew_normal_upside_down_2,2513817596376395,2026-09-19T22:26:20.721673Z,-0.2456301,7.9099936,1.7396868,0.6834263,0.3716319,-1.0804554,-7.0825834,6.7599468,0.6133823,0.1915953,0.6551266,0.3460986,0.6436741
gait_20260919_222612_andrew_normal_upside_down_2,andrew_normal_upside_down_2,2513817616519299,2026-09-19T22:26:20.741204Z,-0.3380314,5.5879917,1.2794015,0.1052027,1.8025854,-0.6610601,-7.2306566,6.6126785,0.4756254,0.1908740,0.6606511,0.3322650,0.6455287
gait_20260919_222612_andrew_normal_upside_down_2,andrew_normal_upside_down_2,2513817636716727,2026-09-19T22:26:20.761882Z,-0.2472761,4.4113164,0.6245126,-0.1977984,1.9246584,-0.6096162,-7.3279533,6.5191097,0.1961133,0.1839679,0.6730768,0.3282017,0.6367159
gait_20260919_222612_andrew_normal_upside_down_2,andrew_normal_upside_down_2,2513817656884900,2026-09-19T22:26:20.781168Z,-1.1502643,4.3382936,0.8385692,-0.2672285,1.2860478,-0.9191123,-7.4027905,6.4365191,-0.0776060,0.1746089,0.6855738,0.3274961,0.6262960
gait_20260919_222612_andrew_normal_upside_down_2,andrew_normal_upside_down_2,2513817677050834,2026-09-19T22:26:20.801252Z,-3.1830912,5.4739680,1.3037925,-0.2297573,0.8657532,-1.3125275,-7.5092835,6.3079076,-0.2389599,0.1651799,0.6936761,0.3239182,0.6217766
gait_20260919_222612_andrew_normal_upside_down_2,andrew_normal_upside_down_2,2513817697220756,2026-09-19T22:26:20.821985Z,-4.3922377,6.2593412,1.9195513,-0.1607268,0.4983681,-1.2598346,-7.6657104,6.1120324,-0.3406939,0.1544227,0.6997184,0.3166412,0.6215193
gait_20260919_222612_andrew_normal_upside_down_2,andrew_normal_upside_down_2,2513817717391369,2026-09-19T22:26:20.841764Z,-2.0956748,6.2641296,1.8062007,-0.0284948,0.0365387,-0.6108319,-7.8205385,5.9088011,-0.4017137,0.1451136,0.7038056,0.3080833,0.6234457
gait_20260919_222612_andrew_normal_upside_down_2,andrew_normal_upside_down_2,2513817737558036,2026-09-19T22:26:20.862201Z,1.5034839,5.5676413,0.1083376,0.0699464,-0.2043601,-0.0349232,-7.8972087,5.8057098,-0.4048805,0.1426791,0.7043508,0.3020349,0.6263447
gait_20260919_222612_andrew_normal_upside_down_2,andrew_normal_upside_down_2,2513817757726168,2026-09-19T22:26:20.882689Z,2.7361984,4.2540474,-1.2567314,-0.0245645,-0.0418846,0.2722247,-7.9002671,5.8034401,-0.3768215,0.1464537,0.7025230,0.2987114,0.6291139
gait_20260919_222612_andrew_normal_upside_down_2,andrew_normal_upside_down_2,2513817777895357,2026-09-19T22:26:20.902377Z,1.2633903,3.6849756,-1.6181062,-0.2216468,0.0930620,0.7196152,-7.8655629,5.8509264,-0.3683571,0.1513269,0.7011288,0.2981971,0.6297595
gait_20260919_222612_andrew_normal_upside_down_2,andrew_normal_upside_down_2,2513817798063367,2026-09-19T22:26:20.922685Z,-1.5877298,4.6472201,-2.7861025,-0.4237253,0.7424811,1.4132837,-7.7819409,5.9622121,-0.3599523,0.1573230,0.6994182,0.3018084,0.6284706
gait_20260919_222612_andrew_normal_upside_down_2,andrew_normal_upside_down_2,2513817818233858,2026-09-19T22:26:20.943298Z,-5.9864769,6.9040546,-6.0072765,-0.3502316,2.0287287,1.8406395,-7.6063910,6.1814470,-0.4106535,0.1651812,0.6993107,0.3122135,0.6214520
gait_20260919_222612_andrew_normal_upside_down_2,andrew_normal_upside_down_2,2513817838376273,2026-09-19T22:26:20.962939Z,-13.1675854,9.1016321,-12.8312750,-0.0257469,2.4290552,2.0280292,-7.3500166,6.4639792,-0.6560196,0.1723815,0.7062425,0.3272962,0.6036417
gait_20260919_222612_andrew_normal_upside_down_2,andrew_normal_upside_down_2,2513817858545544,2026-09-19T22:26:20.983280Z,-20.4378033,10.8125143,-3.3783681,-1.2578028,-1.1772479,1.8631556,-7.0345278,6.7572708,-1.0444332,0.1807550,0.7178118,0.3418019,0.5790039
gait_20260919_222612_andrew_normal_upside_down_2,andrew_normal_upside_down_2,2513817878738009,2026-09-19T22:26:21.003335Z,-24.0432472,13.2941790,5.6556282,-1.5854018,-2.5467150,1.1432905,-6.7873220,7.0421700,-0.7590844,0.1945285,0.7038610,0.3564464,0.5828245
gait_20260919_222612_andrew_normal_upside_down_2,andrew_normal_upside_down_2,2513817898908540,2026-09-19T22:26:21.023888Z,-14.8882685,8.1696892,2.9258642,-0.1165440,-2.4959040,-0.2197483,-6.6329556,7.2261157,-0.1525217,0.2042668,0.6786826,0.3691608,0.6011533
gait_20260919_222612_andrew_normal_upside_down_2,andrew_normal_upside_down_2,2513817919063082,2026-09-19T22:26:21.043404Z,-7.0283289,3.2072577,1.5553333,0.6097161,-0.8623225,-0.8217536,-6.6508842,7.2074690,0.2329507,0.2144952,0.6609660,0.3617515,0.6214914
gait_20260919_222612_andrew_normal_upside_down_2,andrew_normal_upside_down_2,2513817939246716,2026-09-19T22:26:21.063631Z,-1.8421886,1.9306244,-5.7629933,0.2208308,0.5196351,-0.8292312,-6.7727499,7.0911922,0.2845536,0.2189128,0.6575925,0.3473412,0.6316673
gait_20260919_222612_andrew_normal_upside_down_2,andrew_normal_upside_down_2,2513817959414685,2026-09-19T22:26:21.083653Z,0.8456770,8.2283478,-11.8312473,-2.0814216,-1.3049167,-0.9289215,-6.8941846,6.9776354,0.1375727,0.2160214,0.6641043,0.3385791,0.6306065
gait_20260919_222612_andrew_normal_upside_down_2,andrew_normal_upside_down_2,2513817979582857,2026-09-19T22:26:21.104275Z,-3.0241761,17.5993271,-1.3144168,-0.4032410,0.2871300,0.5083771,-7.0121608,6.8393803,0.5372282,0.2045234,0.6521692,0.3401845,0.6458483
gait_20260919_222612_andrew_normal_upside_down_2,andrew_normal_upside_down_2,2513817999750501,2026-09-19T22:26:21.124019Z,-3.0404117,22.4130192,7.3900776,0.2544883,2.7267272,1.1680882,-6.9642706,6.8777242,0.6572580,0.2047061,0.6472911,0.3445798,0.6483629
gait_20260919_222612_andrew_normal_upside_down_2,andrew_normal_upside_down_2,2513818019920829,2026-09-19T22:26:21.144296Z,0.3202245,19.6718826,6.5322800,0.5527098,2.8535967,0.3906507,-6.8073831,7.0591755,0.2523547,0.2086679,0.6615492,0.3536322,0.6274988
gait_20260919_222612_andrew_normal_upside_down_2,andrew_normal_upside_down_2,2513818040090100,2026-09-19T22:26:21.164434Z,0.2200421,10.2631941,4.5701571,0.8797925,0.4052894,-0.0643840,-6.7341843,7.1291561,-0.2490288,0.2066775,0.6809329,0.3574898,0.6048272
gait_20260919_222612_andrew_normal_upside_down_2,andrew_normal_upside_down_2,2513818060258557,2026-09-19T22:26:21.185345Z,-0.5868787,5.3509660,2.8820951,0.6631585,-0.9662429,0.1106652,-6.7416458,7.1120892,-0.4522360,0.2121714,0.6868019,0.3497008,0.6008294
gait_20260919_222612_andrew_normal_upside_down_2,andrew_normal_upside_down_2,2513818080404024,2026-09-19T22:26:21.205263Z,-1.3557916,5.6427593,1.5132103,-0.0006495,-0.9078876,0.6162611,-6.7386746,7.1174889,-0.4095577,0.2234720,0.6817052,0.3405794,0.6077368
gait_20260919_222612_andrew_normal_upside_down_2,andrew_normal_upside_down_2,2513818100596366,2026-09-19T22:26:21.225273Z,-2.2019923,8.0610523,2.0232501,-0.5971591,-0.4001101,1.1685545,-6.6602931,7.1968837,-0.2854096,0.2337346,0.6736065,0.3392763,0.6136074
gait_20260919_222612_andrew_normal_upside_down_2,andrew_normal_upside_down_2,2513818120766248,2026-09-19T22:26:21.245789Z,-2.3663690,10.3599348,2.9584851,-0.8318626,0.5157381,1.3621562,-6.4917626,7.3535657,-0.1350099,0.2422054,0.6648129,0.3468871,0.6156540
gait_20260919_222612_andrew_normal_upside_down_2,andrew_normal_upside_down_2,2513818140932426,2026-09-19T22:26:21.265572Z,-3.0352492,11.3753014,3.1827171,-0.7880128,1.4190959,1.1699202,-6.2791839,7.5368538,-0.0617998,0.2473410,0.6599503,0.3600090,0.6112951
gait_20260919_222612_andrew_normal_upside_down_2,andrew_normal_upside_down_2,2513818161101819,2026-09-19T22:26:21.285433Z,-3.6021514,10.4547310,2.3709331,-0.6519837,1.6352803,0.9427776,-6.0905914,7.6895194,-0.1100089,0.2478602,0.6613925,0.3739474,0.6010729
gait_20260919_222612_andrew_normal_upside_down_2,andrew_normal_upside_down_2,2513818181264823,2026-09-19T22:26:21.306282Z,-3.1669302,8.2232599,0.9932944,-0.6422079,0.9299541,0.8536125,-5.9351125,7.8080740,-0.2111050,0.2464305,0.6655737,0.3860121,0.5893033
gait_20260919_222612_andrew_normal_upside_down_2,andrew_normal_upside_down_2,2513818201463188,2026-09-19T22:26:21.326400Z,-2.5175030,6.1481605,-0.4593126,-0.8069649,-0.2071246,0.7934753,-5.7931437,7.9133987,-0.2317643,0.2471519,0.6659291,0.3955556,0.5822285
gait_20260919_222612_andrew_normal_upside_down_2,andrew_normal_upside_down_2,2513818221608044,2026-09-19T22:26:21.346373Z,-2.8653357,4.7066264,-1.9826235,-1.2723083,-1.7674623,0.8696169,-5.6638985,8.0092440,-0.0916364,0.2510434,0.6589851,0.4029427,0.5833979
gait_20260919_222612_andrew_normal_upside_down_2,andrew_normal_upside_down_2,2513818241779879,2026-09-19T22:26:21.366372Z,-3.1971571,5.3684735,0.5029320,-1.5606041,-2.6848426,1.0563406,-5.5223165,8.1028690,0.2892290,0.2586871,0.6410624,0.4094526,0.5953726
gait_20260919_222612_andrew_normal_upside_down_2,andrew_normal_upside_down_2,2513818261945609,2026-09-19T22:26:21.386728Z,-4.2930279,6.7467108,1.9155110,-1.3824407,-2.2197657,1.1696371,-5.3176880,8.1995764,0.8516219,0.2694975,0.6137909,0.4163127,0.6142601
gait_20260919_222612_andrew_normal_upside_down_2,andrew_normal_upside_down_2,2513818282114515,2026-09-19T22:26:21.406332Z,-5.3153524,7.8829093,2.3160908,-1.0118580,-1.2792364,1.3126274,-5.0731235,8.2901258,1.3316783,0.2796610,0.5889280,0.4235525,0.6289331
gait_20260919_222612_andrew_normal_upside_down_2,andrew_normal_upside_down_2,2513818302286755,2026-09-19T22:26:21.426602Z,-5.9433064,8.9355345,2.0355952,-0.6157115,-0.3870534,1.4650940,-4.8228412,8.3814888,1.6513485,0.2879019,0.5709129,0.4316875,0.6362522
gait_20260919_222612_andrew_normal_upside_down_2,andrew_normal_upside_down_2,2513818322452608,2026-09-19T22:26:21.447512Z,-6.3443351,9.5863085,-1.5000422,-0.4046899,-0.0138894,1.5806555,-4.5601282,8.4971304,1.8000402,0.2960741,0.5599536,0.4411016,0.6357840
gait_20260919_222612_andrew_normal_upside_down_2,andrew_normal_upside_down_2,2513818342619926,2026-09-19T22:26:21.467491Z,-5.7935190,8.8800945,-2.3523033,-0.9856447,-1.7329720,1.5607539,-4.2910538,8.6240263,1.8571904,0.3043168,0.5527965,0.4511131,0.6311135
gait_20260919_222612_andrew_normal_upside_down_2,andrew_normal_upside_down_2,2513818362789888,2026-09-19T22:26:21.487265Z,-5.1879358,8.1774712,2.0525043,-1.0075946,-2.0551252,1.3507316,-3.9532542,8.7182302,2.1448431,0.3162489,0.5325744,0.4590003,0.6369222
gait_20260919_222612_andrew_normal_upside_down_2,andrew_normal_upside_down_2,2513818382959566,2026-09-19T22:26:21.507139Z,-5.7401733,7.3906760,2.4393175,-0.5247479,-0.9110352,1.1218070,-3.8897123,8.6765766,2.4131465,0.3219770,0.5158870,0.4564078,0.6495255
gait_20260919_222612_andrew_normal_upside_down_2,andrew_normal_upside_down_2,2513818403101574,2026-09-19T22:26:21.527579Z,-5.9930611,7.2544312,0.7140707,-0.1117644,0.1200580,1.0463815,-3.9087360,8.6204290,2.5780041,0.3220666,0.5073572,0.4546626,0.6573765
gait_20260919_222612_andrew_normal_upside_down_2,andrew_normal_upside_down_2,2513818423296562,2026-09-19T22:26:21.547583Z,-5.9813142,8.6901293,0.6159832,-0.0412018,0.3749793,0.8436702,-3.8087401,8.6766167,2.5388856,0.3267811,0.5060002,0.4576667,0.6540024
gait_20260919_222612_andrew_normal_upside_down_2,andrew_normal_upside_down_2,2513818443438936,2026-09-19T22:26:21.568376Z,-6.2761006,9.6534958,1.5631144,0.0745096,0.9347171,0.5861342,-3.6806734,8.7399406,2.5104144,0.3311375,0.5043872,0.4621025,0.6499252
gait_20260919_222612_andrew_normal_upside_down_2,andrew_normal_upside_down_2,2513818463607516,2026-09-19T22:26:21.588007Z,-6.1694837,10.0589390,1.2144588,0.1781468,1.4436437,0.2869634,-3.6194556,8.7866859,2.4351227,0.3323602,0.5070599,0.4661676,0.6442939
gait_20260919_222612_andrew_normal_upside_down_2,andrew_normal_upside_down_2,2513818483777315,2026-09-19T22:26:21.608383Z,-6.7687821,10.5014925,1.0791864,0.2791194,1.5129573,0.0927123,-3.6353211,8.8172817,2.2969763,0.3320286,0.5136256,0.4672768,0.6384342
gait_20260919_222612_andrew_normal_upside_down_2,andrew_normal_upside_down_2,2513818503971773,2026-09-19T22:26:21.628078Z,-6.8947024,10.4773254,0.9944167,0.4225429,1.2040774,0.0059288,-3.6894782,8.8356962,2.1340864,0.3289038,0.5231672,0.4691042,0.6309198
gait_20260919_222612_andrew_normal_upside_down_2,andrew_normal_upside_down_2,2513818524140759,2026-09-19T22:26:21.648334Z,-6.7088523,10.5100965,0.5854571,0.7007130,0.3821239,-0.2401327,-3.7402270,8.8531866,1.9666982,0.3276638,0.5316600,0.4686666,0.6247606
gait_20260919_222612_andrew_normal_upside_down_2,andrew_normal_upside_down_2,2513818544297620,2026-09-19T22:26:21.668739Z,-6.1618524,9.7837553,0.9896283,1.3131437,-1.2186662,-0.9595314,-3.7962658,8.8628817,1.8093696,0.3305033,0.5372404,0.4629704,0.6227349
gait_20260919_222612_andrew_normal_upside_down_2,andrew_normal_upside_down_2,2513818564475028,2026-09-19T22:26:21.689002Z,-6.2505875,9.2177515,2.2563107,1.9348507,-1.4842960,-1.8492163,-3.9155664,8.8379307,1.6719599,0.3408230,0.5375390,0.4443382,0.6304405
gait_20260919_222612_andrew_normal_upside_down_2,andrew_normal_upside_down_2,2513818584646863,2026-09-19T22:26:21.709298Z,-5.5247703,10.5038862,1.8304421,2.3199389,-0.2476269,-2.7026622,-4.1843538,8.7510624,1.4649960,0.3524612,0.5402580,0.4141645,0.6421528
gait_20260919_222612_andrew_normal_upside_down_2,andrew_normal_upside_down_2,2513818604820446,2026-09-19T22:26:21.729977Z,-5.3308396,12.0922899,0.4215291,2.5119584,0.6740835,-3.5677161,-4.6368756,8.5757551,1.0917629,0.3565829,0.5551468,0.3802933,0.6481032
gait_20260919_222612_andrew_normal_upside_down_2,andrew_normal_upside_down_2,2513818624959160,2026-09-19T22:26:21.750039Z,-5.9854293,14.4744453,-1.0020483,2.5253148,0.6714355,-3.9508059,-5.2483311,8.2667093,0.5938602,0.3525812,0.5800264,0.3426835,0.6494797
gait_20260919_222612_andrew_normal_upside_down_2,andrew_normal_upside_down_2,2513818645129488,2026-09-19T22:26:21.769460Z,-5.4203978,17.5972328,-2.8125885,1.9917071,0.0071778,-3.7724757,-5.8990941,7.8375502,0.0980952,0.3455752,0.6055492,0.3012962,0.6504679
gait_20260919_222612_andrew_normal_upside_down_2,andrew_normal_upside_down_2,2513818665324028,2026-09-19T22:26:21.790068Z,-3.0426562,19.7534351,-2.8752866,0.7791363,-1.8342611,-3.3176243,-6.4823689,7.3593307,-0.2351353,0.3378845,0.6238289,0.2610260,0.6546273
gait_20260919_222612_andrew_normal_upside_down_2,andrew_normal_upside_down_2,2513818685489433,2026-09-19T22:26:21.809585Z,-0.6270564,15.7520514,-2.2838440,-0.1953503,-2.4104528,-2.3807256,-6.9701228,6.9018049,-0.1363512,0.3291648,0.6247769,0.2249061,0.6713580
gait_20260919_222612_andrew_normal_upside_down_2,andrew_normal_upside_down_2,2513818705658745,2026-09-19T22:26:21.829790Z,-0.3535937,10.3992147,1.7195605,0.0005496,-0.2480266,-1.3753960,-7.2991042,6.5486746,0.2721090,0.3202876,0.6129145,0.1981300,0.6946195
gait_20260919_222612_andrew_normal_upside_down_2,andrew_normal_upside_down_2,2513818725830090,2026-09-19T22:26:21.850665Z,0.1002572,7.4040689,2.5361331,0.1675050,1.2920766,-0.6957835,-7.4624610,6.3581529,0.3488162,0.3152560,0.6123410,0.1848374,0.7010616
gait_20260919_222612_andrew_normal_upside_down_2,andrew_normal_upside_down_2,2513818745995618,2026-09-19T22:26:21.870847Z,0.0320224,5.0859580,1.5713445,-0.0864504,2.2982721,-0.4074211,-7.5543556,6.2569942,0.1337059,0.3126430,0.6223221,0.1799169,0.6946938
gait_20260919_222612_andrew_normal_upside_down_2,andrew_normal_upside_down_2,2513818766164522,2026-09-19T22:26:21.890922Z,-0.2810194,3.8800282,0.1898901,-0.2195318,2.2094903,-0.4557174,-7.5986962,6.2010641,-0.2067377,0.3082095,0.6378786,0.1820977,0.6818786
gait_20260919_222612_andrew_normal_upside_down_2,andrew_normal_upside_down_2,2513818786333387,2026-09-19T22:26:21.911091Z,-1.3483096,4.1690536,-0.1098340,-0.3821072,1.4642613,-0.7381677,-7.6314874,6.1410232,-0.5332573,0.3023990,0.6531163,0.1851079,0.6691256
gait_20260919_222612_andrew_normal_upside_down_2,andrew_normal_upside_down_2,2513818806504691,2026-09-19T22:26:21.931207Z,-3.5040638,5.5248446,1.1320084,-0.5897148,0.9378147,-1.0893652,-7.6964521,6.0397935,-0.7222183,0.2953127,0.6633491,0.1846637,0.6623124
gait_20260919_222612_andrew_normal_upside_down_2,andrew_normal_upside_down_2,2513818826677218,2026-09-19T22:26:21.951371Z,-5.2576671,6.4300027,2.6910827,-0.4798823,0.6722515,-1.1057527,-7.8102279,5.8824430,-0.7958201,0.2851666,0.6703220,0.1815613,0.6605937
gait_20260919_222612_andrew_normal_upside_down_2,andrew_normal_upside_down_2,2513818846840466,2026-09-19T22:26:21.971194Z,-2.6571150,6.7503767,2.0236242,-0.1312328,0.1430237,-0.5818874,-7.9321599,5.7106400,-0.8399643,0.2755492,0.6757924,0.1766546,0.6604320
gait_20260919_222612_andrew_normal_upside_down_2,andrew_normal_upside_down_2,2513818867008639,2026-09-19T22:26:21.991664Z,1.4648025,6.6435356,-0.1038485,0.0254472,-0.4131001,-0.0453819,-7.9996028,5.6138935,-0.8524457,0.2726097,0.6773544,0.1714488,0.6614230
gait_20260919_222612_andrew_normal_upside_down_2,andrew_normal_upside_down_2,2513818887178316,2026-09-19T22:26:22.011950Z,2.8489504,5.6418614,-1.4371196,-0.2169171,-0.4002933,0.2318890,-8.0083590,5.6105585,-0.7898969,0.2761160,0.6735600,0.1671995,0.6649219
gait_20260919_222612_andrew_normal_upside_down_2,andrew_normal_upside_down_2,2513818907347791,2026-09-19T22:26:22.031768Z,1.3312509,4.9010806,-1.5638627,-0.6749661,-0.1857410,0.5414684,-7.9843893,5.6561499,-0.7025769,0.2801175,0.6685366,0.1662179,0.6685542
gait_20260919_222612_andrew_normal_upside_down_2,andrew_normal_upside_down_2,2513818927514986,2026-09-19T22:26:22.053160Z,-1.4976480,5.6730609,-1.7435774,-0.9310365,0.1626920,1.0818377,-7.9241509,5.7521696,-0.5970820,0.2824235,0.6633846,0.1708774,0.6715347
gait_20260919_222612_andrew_normal_upside_down_2,andrew_normal_upside_down_2,2513818947684257,2026-09-19T22:26:22.071959Z,-5.6087914,7.3393507,-4.0491190,-0.5833863,1.1100161,1.4575497,-7.7969456,5.9318419,-0.5069600,0.2855051,0.6583714,0.1820447,0.6722304
gait_20260919_222612_andrew_normal_upside_down_2,andrew_normal_upside_down_2,2513818967852918,2026-09-19T22:26:22.091966Z,-11.2971907,8.7557449,-8.9424181,-0.0332079,1.2361860,1.7152690,-7.5086718,6.2617292,-0.8041869,0.2977125,0.6643449,0.1976491,0.6564664
gait_20260919_222612_andrew_normal_upside_down_2,andrew_normal_upside_down_2,2513818988022188,2026-09-19T22:26:22.112737Z,-17.0052662,9.7916117,-6.5341506,-0.4762017,-1.5085107,1.8637718,-7.2643909,6.5148220,-1.0108644,0.3085426,0.6671534,0.2107580,0.6444292
gait_20260919_222612_andrew_normal_upside_down_2,andrew_normal_upside_down_2,2513819008189750,2026-09-19T22:26:22.132629Z,-22.1007271,12.2518787,3.5936220,-1.4679418,-2.5362399,1.3608738,-7.0351005,6.7905555,-0.7948998,0.3242380,0.6512943,0.2185796,0.6503141
gait_20260919_222612_andrew_normal_upside_down_2,andrew_normal_upside_down_2,2513819028358166,2026-09-19T22:26:22.153497Z,-18.9248924,8.6254854,3.9114523,-0.7371518,-2.3347776,0.1598941,-6.8608727,7.0086489,-0.2083287,0.3320969,0.6238633,0.2263589,0.6702745
gait_20260919_222612_andrew_normal_upside_down_2,andrew_normal_upside_down_2,2513819048528821,2026-09-19T22:26:22.173698Z,-9.4056215,3.9757216,1.3250411,0.0337075,-1.1385275,-0.5114081,-6.8276930,7.0396500,0.2491546,0.3355025,0.6031457,0.2224110,0.6886122
gait_20260919_222612_andrew_normal_upside_down_2,andrew_normal_upside_down_2,2513819068675793,2026-09-19T22:26:22.194083Z,-4.2538233,4.3112092,0.7954735,0.1951171,0.4275224,-0.6164110,-6.9434214,6.9165478,0.4316842,0.3356649,0.5955688,0.2097575,0.6990197
gait_20260919_222612_andrew_normal_upside_down_2,andrew_normal_upside_down_2,2513819088866590,2026-09-19T22:26:22.213833Z,-1.4003087,12.3497410,-7.5039520,-0.3172236,0.7517073,-0.8099793,-7.0317163,6.8310542,0.3574894,0.3352025,0.5989337,0.2023174,0.6985595
gait_20260919_222612_andrew_normal_upside_down_2,andrew_normal_upside_down_2,2513819109034110,2026-09-19T22:26:22.233877Z,-2.8537388,20.3127804,-4.5952959,-0.9390304,-1.5991412,-0.9379979,-7.1399455,6.7231321,0.2382904,0.3297407,0.6067722,0.1986448,0.6954415
gait_20260919_222612_andrew_normal_upside_down_2,andrew_normal_upside_down_2,2513819129203463,2026-09-19T22:26:22.253314Z,-2.7707648,17.1076927,6.4989109,-0.3367253,-0.7122375,-0.4655932,-7.2562108,6.5751696,0.5921838,0.3220282,0.5959657,0.1901471,0.7106103
gait_20260919_222612_andrew_normal_upside_down_2,andrew_normal_upside_down_2,2513819149373140,2026-09-19T22:26:22.274095Z,0.7261165,11.3667717,4.9151464,0.4176300,0.0143390,-0.3060488,-7.3038192,6.5002265,0.7983823,0.3202022,0.5881109,0.1832778,0.7197259
gait_20260919_222612_andrew_normal_upside_down_2,andrew_normal_upside_down_2,2513819169540133,2026-09-19T22:26:22.294270Z,1.2288240,8.0549173,3.2685342,0.6953005,-0.5296775,-0.1801453,-7.3393078,6.4682693,0.7294975,0.3235627,0.5892374,0.1765461,0.7189841
gait_20260919_222612_andrew_normal_upside_down_2,andrew_normal_upside_down_2,2513819189709200,2026-09-19T22:26:22.314993Z,0.3732710,7.9777794,2.6066871,0.2629651,-0.4265565,0.2576359,-7.3548703,6.4528584,0.7089545,0.3308741,0.5861629,0.1664441,0.7205774
gait_20260919_222612_andrew_normal_upside_down_2,andrew_normal_upside_down_2,2513819209880465,2026-09-19T22:26:22.334867Z,-0.0665139,9.6612024,3.4810197,-0.1536156,-0.0199847,0.7636981,-7.3162112,6.4929910,0.7417936,0.3376839,0.5808812,0.1616726,0.7227784
gait_20260919_222612_andrew_normal_upside_down_2,andrew_normal_upside_down_2,2513819230046562,2026-09-19T22:26:22.354621Z,-0.5377228,10.1306152,4.2139444,-0.0753423,0.6575461,0.9660097,-7.1102028,6.7073436,0.8322623,0.3455015,0.5723239,0.1692334,0.7241782
gait_20260919_222612_andrew_normal_upside_down_2,andrew_normal_upside_down_2,2513819250203219,2026-09-19T22:26:22.376513Z,-1.0179846,10.1915932,3.8016181,0.2278920,1.5618699,0.8856879,-6.9823642,6.8480101,0.7664595,0.3513706,0.5715635,0.1766565,0.7201711
gait_20260919_222612_andrew_normal_upside_down_2,andrew_normal_upside_down_2,2513819270385185,2026-09-19T22:26:22.394604Z,-1.9297266,9.7703629,2.5155578,0.4455419,2.1555316,0.7794027,-6.8716083,6.9811277,0.5300846,0.3575230,0.5780621,0.1849301,0.7098045
gait_20260919_222612_andrew_normal_upside_down_2,andrew_normal_upside_down_2,2513819290554578,2026-09-19T22:26:22.415167Z,-2.9390323,8.9448872,1.0254666,0.4087201,1.9972528,0.8576595,-6.6948018,7.1672478,0.2152214,0.3650005,0.5871598,0.1960932,0.6953887
gait_20260919_222612_andrew_normal_upside_down_2,andrew_normal_upside_down_2,2513819310696138,2026-09-19T22:26:22.434827Z,-3.2051628,7.7150908,-0.4041712,0.1296173,1.4068053,1.0600210,-6.4441195,7.3962345,-0.0719360,0.3740960,0.5940821,0.2090993,0.6807321
gait_20260919_222612_andrew_normal_upside_down_2,andrew_normal_upside_down_2,2513819330891574,2026-09-19T22:26:22.455292Z,-3.5105731,6.0054059,-2.7944074,-0.4980017,0.3119943,1.2371353,-6.2790313,7.5318646,-0.2844764,0.3805004,0.5990366,0.2185354,0.6697888
gait_20260919_222612_andrew_normal_upside_down_2,andrew_normal_upside_down_2,2513819351049898,2026-09-19T22:26:22.475729Z,-2.8404958,5.6248026,-0.9976339,-1.2276926,-1.1929026,1.3168576,-6.0876832,7.6875200,-0.2797127,0.3861085,0.5951764,0.2288073,0.6665828
gait_20260919_222612_andrew_normal_upside_down_2,andrew_normal_upside_down_2,2513819371229179,2026-09-19T22:26:22.496048Z,-3.9413798,6.4764652,1.0554688,-1.4271897,-1.4649107,1.1600610,-5.8793044,7.8528571,0.0503767,0.3904313,0.5779564,0.2384251,0.6757835
gait_20260919_222612_andrew_normal_upside_down_2,andrew_normal_upside_down_2,2513819391395398,2026-09-19T22:26:22.516483Z,-5.7864113,7.4015250,1.9298762,-1.3068153,-0.9411621,1.2621661,-5.6843653,7.9818182,0.4633451,0.3926508,0.5579067,0.2465922,0.6883007
gait_20260919_222612_andrew_normal_upside_down_2,andrew_normal_upside_down_2,2513819411564669,2026-09-19T22:26:22.536051Z,-5.9462991,8.2203417,2.2554877,-1.0370886,-0.2200147,1.4920733,-5.5101485,8.0681362,0.8829337,0.3935037,0.5410011,0.2563148,0.6976929
gait_20260919_222612_andrew_normal_upside_down_2,andrew_normal_upside_down_2,2513819431733492,2026-09-19T22:26:22.556690Z,-5.5671926,8.8899698,1.8718916,-0.7472607,0.4131168,1.4711061,-5.2615643,8.2078762,1.0875769,0.3964569,0.5290761,0.2691872,0.7003133
gait_20260919_222612_andrew_normal_upside_down_2,andrew_normal_upside_down_2,2513819451911186,2026-09-19T22:26:22.576948Z,-5.7537904,9.0253925,0.9979332,-0.5175368,0.6914035,1.2687777,-5.0212951,8.3453360,1.1739157,0.3995801,0.5224371,0.2831020,0.6980320
gait_20260919_222612_andrew_normal_upside_down_2,andrew_normal_upside_down_2,2513819472073295,2026-09-19T22:26:22.597749Z,-5.7899280,8.4308071,-1.2821698,-0.5007996,0.3182894,1.1219902,-4.8208280,8.4601707,1.1921602,0.4023509,0.5193018,0.2953440,0.6936939
gait_20260919_222612_andrew_normal_upside_down_2,andrew_normal_upside_down_2,2513819492238782,2026-09-19T22:26:22.616906Z,-5.2205567,7.8906155,-0.9845406,-0.8217370,-0.8571265,1.0382377,-4.6559248,8.5520525,1.1920111,0.4059820,0.5165660,0.3040436,0.6898519
gait_20260919_222612_andrew_normal_upside_down_2,andrew_normal_upside_down_2,2513819512407524,2026-09-19T22:26:22.636960Z,-5.1444659,7.6191730,1.2033108,-0.8208044,-1.1334814,0.9522037,-4.5122399,8.6165237,1.2772307,0.4118797,0.5081421,0.3066347,0.6914635
gait_20260919_222612_andrew_normal_upside_down_2,andrew_normal_upside_down_2,2513819532577038,2026-09-19T22:26:22.656782Z,-4.9033999,7.5211601,1.6813282,-0.5137896,-0.6763151,0.8601742,-4.3194289,8.6735306,1.5324821,0.4158522,0.4920801,0.3097646,0.6992640
gait_20260919_222612_andrew_normal_upside_down_2,andrew_normal_upside_down_2,2513819552746269,2026-09-19T22:26:22.677084Z,-4.8676367,7.7593832,1.3810055,-0.1867902,-0.1132965,0.6628088,-4.1459064,8.7287025,1.6903688,0.4200644,0.4802315,0.3129114,0.7035695
gait_20260919_222612_andrew_normal_upside_down_2,andrew_normal_upside_down_2,2513819572914400,2026-09-19T22:26:22.697219Z,-5.1079545,8.2920933,0.8254010,0.0191353,0.2881958,0.4486395,-4.0274882,8.7751255,1.7356945,0.4237808,0.4746881,0.3151955,0.7040830
gait_20260919_222612_andrew_normal_upside_down_2,andrew_normal_upside_down_2,2513819593082532,2026-09-19T22:26:22.717777Z,-5.0061259,8.4777937,0.4784662,0.1190088,0.2979883,0.2608501,-4.2161317,8.7269793,1.5166368,0.4257356,0.4853744,0.3075424,0.6989839
gait_20260919_222612_andrew_normal_upside_down_2,andrew_normal_upside_down_2,2513819613251517,2026-09-19T22:26:22.737332Z,-5.4462104,8.4997902,0.8833856,0.2281085,0.1685542,0.1565967,-4.2606144,8.7294149,1.3713528,0.4294963,0.4940031,0.3009069,0.6935049
gait_20260919_222612_andrew_normal_upside_down_2,andrew_normal_upside_down_2,2513819633420626,2026-09-19T22:26:22.758259Z,-5.9801173,8.7523031,1.2378023,0.4268396,0.1746828,0.2151351,-4.2502947,8.7432404,1.3141004,0.4327627,0.4942940,0.2981328,0.6924643
gait_20260919_222612_andrew_normal_upside_down_2,andrew_normal_upside_down_2,2513819653589164,2026-09-19T22:26:22.778343Z,-5.7845411,9.0427504,1.2737153,0.6498854,0.3713821,0.2120542,-4.2203259,8.7702303,1.2280247,0.4380370,0.4940213,0.2953248,0.6905431
gait_20260919_222612_andrew_normal_upside_down_2,andrew_normal_upside_down_2,2513819673757988,2026-09-19T22:26:22.797843Z,-6.1598320,9.9535198,1.0487351,0.8362592,0.6673719,-0.0578390,-4.1872921,8.8047781,1.0856262,0.4445706,0.4954530,0.2924038,0.6865736
gait_20260919_222612_andrew_normal_upside_down_2,andrew_normal_upside_down_2,2513819693926973,2026-09-19T22:26:22.818043Z,-6.0833673,10.8514948,0.2960580,1.0435170,0.6079841,-0.6061522,-4.2053041,8.8188391,0.8829641,0.4500979,0.5007726,0.2883089,0.6808206
gait_20260919_222612_andrew_normal_upside_down_2,andrew_normal_upside_down_2,2513819714095960,2026-09-19T22:26:22.838142Z,-5.8114758,11.7452803,-0.2621651,1.3546286,-0.3624056,-1.4161482,-4.3136249,8.7871828,0.6435580,0.4544133,0.5089120,0.2795105,0.6755672
gait_20260919_222612_andrew_normal_upside_down_2,andrew_normal_upside_down_2,2513819734238944,2026-09-19T22:26:22.858355Z,-5.7262573,11.9881420,1.0741736,1.7294747,-1.0903478,-2.2296581,-4.5505862,8.6800156,0.4308310,0.4589983,0.5153911,0.2596355,0.6754865
gait_20260919_222612_andrew_normal_upside_down_2,andrew_normal_upside_down_2,2513819754408419,2026-09-19T22:26:22.878815Z,-5.8035450,13.2122526,1.5285481,1.9326357,-0.3148421,-2.8916175,-4.9217629,8.4824629,0.2453696,0.4642226,0.5199140,0.2274396,0.6800427
gait_20260919_222612_andrew_normal_upside_down_2,andrew_normal_upside_down_2,2513819774600354,2026-09-19T22:26:22.898977Z,-6.1655183,15.5985231,0.8542811,1.8915838,0.9001102,-3.2637823,-5.4015951,8.1888752,-0.0346214,0.4654735,0.5323898,0.1925057,0.6803213
gait_20260919_222612_andrew_normal_upside_down_2,andrew_normal_upside_down_2,2513819794771009,2026-09-19T22:26:22.919286Z,-5.6353521,18.0617085,0.1316063,1.8175405,0.8911837,-3.2374859,-5.9244633,7.8065553,-0.4410596,0.4613622,0.5549008,0.1607605,0.6733394
gait_20260919_222612_andrew_normal_upside_down_2,andrew_normal_upside_down_2,2513819814939547,2026-09-19T22:26:22.939561Z,-2.6658688,18.7058239,-3.0010569,1.1791964,-0.8306801,-3.1297350,-6.4081321,7.3791165,-0.8488690,0.4559211,0.5776145,0.1303528,0.6644589
gait_20260919_222612_andrew_normal_upside_down_2,andrew_normal_upside_down_2,2513819835107882,2026-09-19T22:26:22.959277Z,-1.1280431,15.2722387,-3.1176248,-0.3216702,-2.2817016,-2.8215878,-6.8700347,6.9376659,-0.9526278,0.4492913,0.5873047,0.0961682,0.6663048
gait_20260919_222612_andrew_normal_upside_down_2,andrew_normal_upside_down_2,2513819855276664,2026-09-19T22:26:22.980332Z,0.5200655,9.6492310,-2.5870097,-1.5520273,-1.2859646,-2.0487134,-7.2948084,6.5323315,-0.5920522,0.4351221,0.5822974,0.0648003,0.6836662
gait_20260919_222612_andrew_normal_upside_down_2,andrew_normal_upside_down_2,2513819875419324,2026-09-19T22:26:22.999547Z,1.2211925,7.1171389,1.4538790,-1.0584056,2.4600649,-1.3972793,-7.1732721,6.6823778,-0.3550880,0.4311705,0.5724972,0.0660191,0.6942481
gait_20260919_222612_andrew_normal_upside_down_2,andrew_normal_upside_down_2,2513819895632052,2026-09-19T22:26:23.020068Z,1.6422727,5.7974100,1.4607623,0.3324119,2.8859718,-0.7332381,-7.3396478,6.4869533,-0.5339683,0.4146199,0.5925496,0.0709528,0.6869797
gait_20260919_222612_andrew_normal_upside_down_2,andrew_normal_upside_down_2,2513819915782646,2026-09-19T22:26:23.040355Z,2.3980923,4.4898763,-0.9063550,1.1864741,1.1566637,-0.2540720,-7.3878527,6.3708153,-1.0336539,0.4105262,0.6165812,0.0759527,0.6674781
gait_20260919_222612_andrew_normal_upside_down_2,andrew_normal_upside_down_2,2513819935927421,2026-09-19T22:26:23.060337Z,1.6938977,5.4223433,-1.5144823,1.0812382,-0.3807416,-0.2043434,-7.3841109,6.3084822,-1.3835021,0.4179539,0.6259756,0.0703833,0.6546109
gait_20260919_222612_andrew_normal_upside_down_2,andrew_normal_upside_down_2,2513819956121269,2026-09-19T22:26:23.080322Z,0.0796820,7.9966335,-0.3330933,0.5943112,-1.1420082,-0.2177165,-7.4138026,6.2520232,-1.4777944,0.4265303,0.6239206,0.0586362,0.6521938
gait_20260919_222612_andrew_normal_upside_down_2,andrew_normal_upside_down_2,2513819976271293,2026-09-19T22:26:23.101067Z,-0.7975684,9.0414782,1.5212159,0.3242515,-1.2558876,-0.1415748,-7.4726973,6.2038369,-1.3810668,0.4314580,0.6164153,0.0466959,0.6570355
gait_20260919_222612_andrew_normal_upside_down_2,andrew_normal_upside_down_2,2513819996456678,2026-09-19T22:26:23.121324Z,-1.6101755,9.0499325,2.4010851,0.3617894,-1.3330451,0.0325417,-7.4954262,6.2120032,-1.2106743,0.4351872,0.6065239,0.0382538,0.6642872
gait_20260919_222612_andrew_normal_upside_down_2,andrew_normal_upside_down_2,2513820016626233,2026-09-19T22:26:23.140934Z,-2.3904607,8.7055416,1.8684499,0.3600907,-1.2595181,0.2778704,-7.3726745,6.4051399,-0.9241151,0.4424843,0.5887168,0.0367156,0.6754791
gait_20260919_222612_andrew_normal_upside_down_2,andrew_normal_upside_down_2,2513820036794772,2026-09-19T22:26:23.162833Z,-3.7220857,8.2568531,0.0713023,0.2148187,-0.9840293,0.5340241,-7.3353634,6.4688778,-0.7630050,0.4485455,0.5768867,0.0306348,0.6819606
gait_20260919_222612_andrew_normal_upside_down_2,andrew_normal_upside_down_2,2513820056938326,2026-09-19T22:26:23.182269Z,-5.8082585,8.3812027,-2.1609914,0.0379542,-0.4526698,0.7792529,-7.2741323,6.5507817,-0.6406356,0.4547832,0.5663741,0.0272058,0.6867697
gait_20260919_222612_andrew_normal_upside_down_2,andrew_normal_upside_down_2,2513820077107557,2026-09-19T22:26:23.203475Z,-7.5669494,9.0372133,-2.7233295,0.0010658,-0.2688606,0.9030247,-7.1675820,6.6723137,-0.5849373,0.4611451,0.5585697,0.0291347,0.6888370
gait_20260919_222612_andrew_normal_upside_down_2,andrew_normal_upside_down_2,2513820097296318,2026-09-19T22:26:23.222118Z,-8.4700871,9.1396408,-1.4076409,-0.0444326,-0.3333779,0.8334780,-7.0459304,6.8034053,-0.5519544,0.4673309,0.5518700,0.0331594,0.6898854
gait_20260919_222612_andrew_normal_upside_down_2,andrew_normal_upside_down_2,2513820117458712,2026-09-19T22:26:23.241681Z,-8.1598139,7.7258644,0.5719149,-0.1726177,-0.2386338,0.6340308,-6.9314423,6.9239039,-0.5007901,0.4729528,0.5446523,0.0364124,0.6916239
gait_20260919_222612_andrew_normal_upside_down_2,andrew_normal_upside_down_2,2513820137645480,2026-09-19T22:26:23.261973Z,-6.3851113,6.3518920,1.6748189,-0.1301003,-0.0699797,0.4778505,-6.8425746,7.0156746,-0.4422776,0.4761423,0.5391157,0.0397528,0.6935867
gait_20260919_222612_andrew_normal_upside_down_2,andrew_normal_upside_down_2,2513820157808524,2026-09-19T22:26:23.282272Z,-3.3742533,6.1682119,0.8864532,0.0649502,-0.2056258,0.4184460,-6.7775416,7.0811830,-0.3973791,0.4780880,0.5353632,0.0426827,0.6949794
gait_20260919_222612_andrew_normal_upside_down_2,andrew_normal_upside_down_2,2513820177975843,2026-09-19T22:26:23.302227Z,-2.7368717,6.6177230,-0.3212719,0.1509343,-0.6171438,0.3389236,-6.7163520,7.1401396,-0.3809724,0.4817711,0.5312566,0.0434234,0.6955412
gait_20260919_222612_andrew_normal_upside_down_2,andrew_normal_upside_down_2,2513820198136853,2026-09-19T22:26:23.322820Z,-3.2320974,7.7440453,-1.4015807,0.1411418,-1.2259272,0.4047065,-6.6700211,7.1861324,-0.3262676,0.4857948,0.5248502,0.0411221,0.6977426
gait_20260919_222612_andrew_normal_upside_down_2,andrew_normal_upside_down_2,2513820218314710,2026-09-19T22:26:23.342797Z,-4.1629181,8.5954084,-1.8769794,0.0949273,-2.0489466,0.5693803,-6.6177640,7.2391205,-0.1909356,0.4900238,0.5140804,0.0365320,0.7030387
gait_20260919_222612_andrew_normal_upside_down_2,andrew_normal_upside_down_2,2513820238459159,2026-09-19T22:26:23.363616Z,-5.4824228,8.4828062,-0.4480150,-0.0342737,-2.3549621,0.8280821,-6.2261629,7.5770097,-0.2447867,0.5103585,0.4942633,0.0406552,0.7025561
gait_20260919_222612_andrew_normal_upside_down_2,andrew_normal_upside_down_2,2513820258652194,2026-09-19T22:26:23.383076Z,-6.2498393,8.5134821,0.7582886,-0.0653832,-2.0002005,0.9877598,-6.1034112,7.6799326,0.0559128,0.5161191,0.4725591,0.0351799,0.7134925
gait_20260919_222612_andrew_normal_upside_down_2,andrew_normal_upside_down_2,2513820278822115,2026-09-19T22:26:23.403132Z,-7.3647890,9.3548946,0.7715315,-0.0722946,-1.6010731,0.8152253,-5.9394703,7.8011851,0.3167367,0.5215449,0.4517702,0.0310696,0.7231386
gait_20260919_222612_andrew_normal_upside_down_2,andrew_normal_upside_down_2,2513820298989067,2026-09-19T22:26:23.423834Z,-8.6934958,10.7697926,1.4272435,-0.0394531,-1.3407892,0.5042802,-5.7918820,7.9007664,0.5178166,0.5256974,0.4350633,0.0284617,0.7304465
gait_20260919_222612_andrew_normal_upside_down_2,andrew_normal_upside_down_2,2513820319157605,2026-09-19T22:26:23.443371Z,-8.4317799,11.6076136,1.5709704,0.1712688,-0.9900746,0.3113281,-5.6922174,7.9603596,0.6837173,0.5283771,0.4216885,0.0245329,0.7364745
gait_20260919_222612_andrew_normal_upside_down_2,andrew_normal_upside_down_2,2513820339326469,2026-09-19T22:26:23.463484Z,-6.7702785,12.3261738,-0.3767127,0.2469774,-1.0217837,0.0870333,-5.6272225,7.9980817,0.7753689,0.5314610,0.4119913,0.0200367,0.7398723
gait_20260919_222612_andrew_normal_upside_down_2,andrew_normal_upside_down_2,2513820359495251,2026-09-19T22:26:23.483813Z,-4.4250832,11.6453972,0.1487398,0.0409353,-1.1780639,-0.3511809,-5.5927095,8.0158348,0.8391193,0.5346302,0.4036632,0.0137723,0.7423186
gait_20260919_222612_andrew_normal_upside_down_2,andrew_normal_upside_down_2,2513820379663628,2026-09-19T22:26:23.504216Z,-2.5836430,9.5212164,0.6239888,-0.0218832,-0.7345538,-0.7410321,-5.6196427,7.9824471,0.9676084,0.5339663,0.3961316,0.0046280,0.7469527
gait_20260919_222612_andrew_normal_upside_down_2,andrew_normal_upside_down_2,2513820399833346,2026-09-19T22:26:23.524127Z,-1.4110078,7.7460656,0.2315642,-0.0732272,-0.4912569,-0.8988112,-5.3000526,8.1901798,1.0327247,0.5418960,0.3810845,0.0107557,0.7490045
gait_20260919_222612_andrew_normal_upside_down_2,andrew_normal_upside_down_2,2513820420000053,2026-09-19T22:26:23.544195Z,-1.3285575,6.9306154,1.5863831,0.0004330,-0.5222165,-0.8320624,-5.4371014,8.0918941,1.0933071,0.5380018,0.3824382,0.0016743,0.7511941
gait_20260919_222612_andrew_normal_upside_down_2,andrew_normal_upside_down_2,2513820440163383,2026-09-19T22:26:23.564887Z,-1.5169512,7.4110270,2.3400328,0.3496820,-0.5900645,-0.5982582,-5.5614123,7.9981179,1.1562583,0.5345048,0.3830338,-0.0073898,0.7533494
gait_20260919_222612_andrew_normal_upside_down_2,andrew_normal_upside_down_2,2513820460340141,2026-09-19T22:26:23.584787Z,-1.5500212,9.4949551,2.6563668,0.7479602,-0.6796625,-0.3420879,-5.6457753,7.9364324,1.1723387,0.5344465,0.3818542,-0.0163844,0.7538475
gait_20260919_222612_andrew_normal_upside_down_2,andrew_normal_upside_down_2,2513820480510836,2026-09-19T22:26:23.604721Z,-1.6508020,11.1193457,2.6125977,1.0762420,-0.7771212,-0.2407655,-5.3871922,8.0963116,1.2899613,0.5412504,0.3658284,-0.0142497,0.7569771
gait_20260919_222612_andrew_normal_upside_down_2,andrew_normal_upside_down_2,2513820500676486,2026-09-19T22:26:23.625478Z,-1.8730140,11.1105175,1.8616414,1.2239788,-0.8983949,-0.2096394,-5.4045634,8.0984459,1.2008240,0.5482580,0.3611108,-0.0239093,0.7539500
gait_20260919_222612_andrew_normal_upside_down_2,andrew_normal_upside_down_2,2513820520846529,2026-09-19T22:26:23.645290Z,-2.3686886,10.1076460,1.0927286,1.1248547,-1.0903312,-0.1104487,-5.4166059,8.1052790,1.0958852,0.5566339,0.3551398,-0.0348186,0.7502146
gait_20260919_222612_andrew_normal_upside_down_2,andrew_normal_upside_down_2,2513820540997043,2026-09-19T22:26:23.665120Z,-2.7206361,9.4052477,1.2044331,0.9545852,-1.2504418,0.0704960,-5.3988328,8.1261320,1.0269910,0.5647160,0.3466926,-0.0453034,0.7475612
gait_20260919_222612_andrew_normal_upside_down_2,andrew_normal_upside_down_2,2513820561210055,2026-09-19T22:26:23.685295Z,-3.0497642,9.3237696,1.7707366,0.8926327,-1.2514577,0.2170337,-5.0009222,8.3713331,1.0712988,0.5776538,0.3231577,-0.0399856,0.7485227
gait_20260919_222612_andrew_normal_upside_down_2,andrew_normal_upside_down_2,2513820581326185,2026-09-19T22:26:23.706206Z,-3.2145898,9.3605061,2.2394016,0.9640279,-1.1690542,0.2956401,-4.8001060,8.4820747,1.1178210,0.5850675,0.3068028,-0.0420506,0.7495331
gait_20260919_222612_andrew_normal_upside_down_2,andrew_normal_upside_down_2,2513820601519544,2026-09-19T22:26:23.725483Z,-3.4782512,9.1873751,2.3695862,1.0439667,-1.0472308,0.3126438,-4.6837749,8.5489750,1.1015482,0.5917775,0.2950698,-0.0464757,0.7487144
gait_20260919_222612_andrew_normal_upside_down_2,andrew_normal_upside_down_2,2513820621663180,2026-09-19T22:26:23.745522Z,-3.6115036,8.8610153,2.3069630,1.0629188,-0.9839960,0.3676350,-4.5689831,8.6149588,1.0691242,0.5988794,0.2837973,-0.0505615,0.7471587
gait_20260919_222612_andrew_normal_upside_down_2,andrew_normal_upside_down_2,2513820641832207,2026-09-19T22:26:23.767921Z,-3.3904889,8.6031151,2.2789807,1.0398865,-0.9613466,0.3712322,-4.3643832,8.7052269,1.1863012,0.6034591,0.2678034,-0.0503874,0.7493862
gait_20260919_222612_andrew_normal_upside_down_2,andrew_normal_upside_down_2,2513820662026746,2026-09-19T22:26:23.786149Z,-3.5259857,8.4009542,2.1921160,1.0196186,-1.0394868,0.3377579,-4.2535353,8.7674036,1.1296751,0.6104301,0.2574831,-0.0537834,0.7471178
gait_20260919_222612_andrew_normal_upside_down_2,andrew_normal_upside_down_2,2513820682193453,2026-09-19T22:26:23.806299Z,-3.7719901,8.7338982,2.0599861,1.0658166,-1.3811250,0.3390568,-4.1677933,8.8185787,1.0479935,0.6174504,0.2481836,-0.0583567,0.7441468
gait_20260919_222612_andrew_normal_upside_down_2,andrew_normal_upside_down_2,2513820702363375,2026-09-19T22:26:23.826686Z,-3.8849664,8.9997292,1.8527380,1.1372285,-1.8435539,0.3123107,-4.0761566,8.8679380,0.9903219,0.6244759,0.2361557,-0.0652852,0.7416187
gait_20260919_222612_andrew_normal_upside_down_2,andrew_normal_upside_down_2,2513820722515597,2026-09-19T22:26:23.846582Z,-4.2081089,9.1010342,1.8084453,1.1370786,-2.1448565,0.2682611,-3.9835327,8.9157495,0.9364843,0.6317738,0.2210514,-0.0754455,0.7391253
gait_20260919_222612_andrew_normal_upside_down_2,andrew_normal_upside_down_2,2513820742700736,2026-09-19T22:26:23.866901Z,-4.3739820,9.2684784,1.9603275,1.0863842,-2.2497759,0.2484763,-3.8955245,8.9581556,0.9013676,0.6384374,0.2039984,-0.0877732,0.7369385
gait_20260919_222612_andrew_normal_upside_down_2,andrew_normal_upside_down_2,2513820762843966,2026-09-19T22:26:23.887378Z,-4.5199537,9.4431801,2.1612909,1.0592883,-2.2789536,0.2053926,-3.8098438,8.9970961,0.8794721,0.6443452,0.1860003,-0.1010123,0.7348603
gait_20260919_222612_andrew_normal_upside_down_2,andrew_normal_upside_down_2,2513820783011568,2026-09-19T22:26:23.907419Z,-4.6558247,9.3489838,2.2842929,1.0480635,-2.2491097,0.1623090,-3.7320514,9.0314369,0.8608587,0.6495816,0.1680341,-0.1145912,0.7325826
gait_20260919_222612_andrew_normal_upside_down_2,andrew_normal_upside_down_2,2513820803207247,2026-09-19T22:26:23.927857Z,-4.5738230,8.7743750,2.3158665,1.0423180,-2.2054765,0.1380775,-3.6640067,9.0612984,0.8390661,0.6543256,0.1505546,-0.1281606,0.7299083
gait_20260919_222612_andrew_normal_upside_down_2,andrew_normal_upside_down_2,2513820823375623,2026-09-19T22:26:23.947576Z,-4.5899839,8.1951275,2.3852983,1.0712625,-2.2394340,0.1451221,-3.6196752,9.0786781,0.8435948,0.6576845,0.1340827,-0.1421721,0.7275026
gait_20260919_222612_andrew_normal_upside_down_2,andrew_normal_upside_down_2,2513820843515678,2026-09-19T22:26:23.968343Z,-4.8179569,8.1714106,2.5382278,1.1333982,-2.3434541,0.1979317,-3.6470559,9.0572300,0.9495674,0.6572213,0.1197508,-0.1592967,0.7268730
gait_20260919_222612_andrew_normal_upside_down_2,andrew_normal_upside_down_2,2513820863688041,2026-09-19T22:26:23.987819Z,-5.0186958,8.7258930,2.7292404,1.2542056,-2.5231333,0.2603172,-3.7427373,8.9954901,1.1441984,0.6527342,0.1089361,-0.1785153,0.7281505
gait_20260919_222612_andrew_normal_upside_down_2,andrew_normal_upside_down_2,2513820883884127,2026-09-19T22:26:24.008218Z,-4.9230022,9.1575222,2.8651860,1.3989446,-2.7187667,0.2415316,-3.6425395,9.0407562,1.1102992,0.6570405,0.0875037,-0.1936690,0.7232795
gait_20260919_222612_andrew_normal_upside_down_2,andrew_normal_upside_down_2,2513820904049573,2026-09-19T22:26:24.028082Z,-4.9333272,8.9805756,2.8118403,1.5123744,-2.8426383,0.1417747,-3.5378592,9.0890388,1.0531117,0.6616791,0.0640842,-0.2101356,0.7168801
gait_20260919_222612_andrew_normal_upside_down_2,andrew_normal_upside_down_2,2513820924192599,2026-09-19T22:26:24.048733Z,-4.7064767,8.3974380,2.6342952,1.5502120,-2.9205620,0.0977251,-3.4538596,9.1297035,0.9774879,0.6661742,0.0404950,-0.2277624,0.7090108
gait_20260919_222612_andrew_normal_upside_down_2,andrew_normal_upside_down_2,2513820944364677,2026-09-19T22:26:24.068831Z,-4.4448357,7.8729582,2.4337809,1.5241320,-3.0116920,0.0693302,-3.4516101,9.1296167,0.9862067,0.6670286,0.0194072,-0.2493248,0.7018072
gait_20260919_222612_andrew_normal_upside_down_2,andrew_normal_upside_down_2,2513820964556328,2026-09-19T22:26:24.089470Z,-4.7450833,7.5449524,2.2022915,1.4425945,-3.0901487,0.0927789,-3.3950710,9.1568193,0.9285870,0.6693433,-0.0047183,-0.2689440,0.6925507
gait_20260919_222612_andrew_normal_upside_down_2,andrew_normal_upside_down_2,2513820984709770,2026-09-19T22:26:24.109110Z,-5.3538089,7.8178167,2.0411317,1.3241853,-3.0697644,0.2047598,-3.3301291,9.1859045,0.8749254,0.6705553,-0.0293949,-0.2881375,0.6829849
gait_20260919_222612_andrew_normal_upside_down_2,andrew_normal_upside_down_2,2513821004894503,2026-09-19T22:26:24.129222Z,-6.1076083,8.5076466,1.9728222,1.2349870,-2.9440606,0.3553610,-3.4059863,9.1534986,0.9213207,0.6676855,-0.0488807,-0.3135520,0.6734180
gait_20260919_222612_andrew_normal_upside_down_2,andrew_normal_upside_down_2,2513821025062106,2026-09-19T22:26:24.149226Z,-6.8268418,9.0562172,1.7523311,1.1875900,-2.6862581,0.5208176,-3.2904050,9.1984186,0.8935575,0.6662426,-0.0743710,-0.3297580,0.6647177
gait_20260919_222612_andrew_normal_upside_down_2,andrew_normal_upside_down_2,2513821045232923,2026-09-19T22:26:24.169781Z,-7.3019409,9.2042837,1.2848634,1.0875000,-2.2533731,0.6504183,-3.1484530,9.2521887,0.8487322,0.6644955,-0.0998751,-0.3435465,0.6560842
gait_20260919_222612_andrew_normal_upside_down_2,andrew_normal_upside_down_2,2513821065398816,2026-09-19T22:26:24.189638Z,-7.2684970,8.8327341,0.6605752,0.8561106,-1.7209646,0.6614931,-2.9905958,9.3100376,0.7846391,0.6629625,-0.1230804,-0.3533975,0.6484151
gait_20260919_222612_andrew_normal_upside_down_2,andrew_normal_upside_down_2,2513821085567355,2026-09-19T22:26:24.210435Z,-6.7532949,7.9801736,0.0903811,0.4759519,-1.2548717,0.4798490,-2.8382578,9.3626709,0.7216651,0.6615383,-0.1419616,-0.3594257,0.6426719
gait_20260919_222612_andrew_normal_upside_down_2,andrew_normal_upside_down_2,2513821105738009,2026-09-19T22:26:24.230199Z,-6.1669397,7.0636430,-0.2710685,0.0187856,-1.0055960,0.0951105,-2.7373261,9.3946943,0.6948895,0.6596003,-0.1549242,-0.3641875,0.6389786
gait_20260919_222612_andrew_normal_upside_down_2,andrew_normal_upside_down_2,2513821125904513,2026-09-19T22:26:24.250969Z,-5.7240872,5.9490676,-0.4555717,-0.4110184,-1.0861011,-0.3930155,-2.7481225,9.3890171,0.7282199,0.6569883,-0.1600220,-0.3704853,0.6367889
gait_20260919_222612_andrew_normal_upside_down_2,andrew_normal_upside_down_2,2513821146051526,2026-09-19T22:26:24.270433Z,-4.8285065,5.3061495,-1.4259716,-0.5925459,-2.2074752,-0.8670523,-2.8018675,9.3618574,0.8609686,0.6511208,-0.1627611,-0.3803817,0.6362863
gait_20260919_222612_andrew_normal_upside_down_2,andrew_normal_upside_down_2,2513821166239596,2026-09-19T22:26:24.290591Z,-3.3121536,6.4704051,-0.3399018,-0.0704960,-5.9689426,-1.3206379,-2.9221008,9.3009472,1.0907981,0.6407664,-0.1676700,-0.3998604,0.6335747
gait_20260919_222612_andrew_normal_upside_down_2,andrew_normal_upside_down_2,2513821186412081,2026-09-19T22:26:24.310364Z,-2.8727427,7.5992708,3.6772695,1.0451158,-8.1979675,-1.8062159,-3.0188198,9.2187653,1.4619110,0.6180668,-0.1941544,-0.4439903,0.6190075
gait_20260919_222612_andrew_normal_upside_down_2,andrew_normal_upside_down_2,2513821206581637,2026-09-19T22:26:24.330908Z,-3.7635355,9.1163721,5.1384058,2.3018527,-7.3831592,-2.2720256,-3.0698242,9.1423693,1.7970546,0.5878515,-0.2388757,-0.5033915,0.5864862
gait_20260919_222612_andrew_normal_upside_down_2,andrew_normal_upside_down_2,2513821226748304,2026-09-19T22:26:24.351164Z,-5.4610243,12.7315416,-2.9408278,3.4155161,-5.8528814,-2.5455828,-3.2002189,9.0830765,1.8688059,0.5658671,-0.2808981,-0.5544325,0.5417522
gait_20260919_222612_andrew_normal_upside_down_2,andrew_normal_upside_down_2,2513821246924533,2026-09-19T22:26:24.371806Z,-6.6896238,15.4601831,-9.4724350,1.8904347,-5.5051479,-2.2859149,-3.4563382,9.0332079,1.6404346,0.5572080,-0.3169652,-0.5908138,0.4898892
gait_20260919_222612_andrew_normal_upside_down_2,andrew_normal_upside_down_2,2513821267086032,2026-09-19T22:26:24.391899Z,-6.6382236,10.6284599,1.7905636,0.8093298,-3.0255816,-1.4941717,-3.7019424,8.9342556,1.6464509,0.5411757,-0.3435946,-0.6256602,0.4445458
gait_20260919_222612_andrew_normal_upside_down_2,andrew_normal_upside_down_2,2513821287255180,2026-09-19T22:26:24.411272Z,-5.6933370,8.3311481,2.5828948,1.2823507,-0.4507712,-1.0614699,-3.8669875,8.8389740,1.7762494,0.5288551,-0.3533080,-0.6473321,0.4200560
gait_20260919_222612_andrew_normal_upside_down_2,andrew_normal_upside_down_2,2513821307423637,2026-09-19T22:26:24.431571Z,-6.9645081,7.8624086,0.3810522,1.4786003,0.8224198,-0.8191056,-4.0407519,8.7942715,1.6028850,0.5347295,-0.3570438,-0.6498099,0.4053781
gait_20260919_222612_andrew_normal_upside_down_2,andrew_normal_upside_down_2,2513821327592135,2026-09-19T22:26:24.451658Z,-8.2689743,7.0421700,-0.7635259,1.2283421,0.7247113,-0.4434269,-4.2219610,8.7650108,1.2592634,0.5502501,-0.3579492,-0.6425196,0.3953047
gait_20260919_222612_andrew_normal_upside_down_2,andrew_normal_upside_down_2,2513821347761447,2026-09-19T22:26:24.471704Z,-7.6790280,5.8207531,-0.0567875,0.9871436,-0.0795724,-0.2991374,-4.3248034,8.7521296,0.9656227,0.5625402,-0.3597051,-0.6349205,0.3886344
gait_20260919_222612_andrew_normal_upside_down_2,andrew_normal_upside_down_2,2513821367930432,2026-09-19T22:26:24.492490Z,-6.5324297,5.1981859,1.2453589,0.9330184,-0.3959299,-0.4610634,-4.6307440,8.6167183,0.7379000,0.5744222,-0.3572082,-0.6354624,0.3723290
gait_20260919_222612_andrew_normal_upside_down_2,andrew_normal_upside_down_2,2513821388120822,2026-09-19T22:26:24.512128Z,-5.3753567,5.6482959,1.3720272,1.0478470,-0.2604004,-0.5447159,-4.7027259,8.5869417,0.6204264,0.5766137,-0.3621240,-0.6363669,0.3625189
gait_20260919_222612_andrew_normal_upside_down_2,andrew_normal_upside_down_2,2513821408286104,2026-09-19T22:26:24.532202Z,-4.3974752,6.3010898,0.7487866,1.1500521,-0.4336510,-0.5705128,-4.7960849,8.5448503,0.4682293,0.5806488,-0.3664501,-0.6361560,0.3519473
gait_20260919_222612_andrew_normal_upside_down_2,andrew_normal_upside_down_2,2513821428437350,2026-09-19T22:26:24.552654Z,-3.9960723,6.8327522,0.1136498,1.1465048,-0.9909573,-0.5764416,-4.8915358,8.4978943,0.3078910,0.5843462,-0.3717950,-0.6361148,0.3400970
gait_20260919_222612_andrew_normal_upside_down_2,andrew_normal_upside_down_2,2513821448605766,2026-09-19T22:26:24.572987Z,-4.0925136,7.4354925,-0.6711246,1.0346738,-1.5704632,-0.4915400,-4.9859300,8.4459887,0.2047356,0.5843425,-0.3789785,-0.6392684,0.3259681
gait_20260919_222612_andrew_normal_upside_down_2,andrew_normal_upside_down_2,2513821468772433,2026-09-19T22:26:24.593190Z,-4.3766007,8.0027685,-0.6637176,0.8621560,-1.8328454,-0.3192554,-5.0657182,8.3988810,0.1827196,0.5796832,-0.3877511,-0.6458749,0.3105838
gait_20260919_222612_andrew_normal_upside_down_2,andrew_normal_upside_down_2,2513821488943209,2026-09-19T22:26:24.613647Z,-4.4585271,8.2740622,-0.5566519,0.8067984,-1.7548219,-0.1592779,-5.1141400,8.3684330,0.2259171,0.5714872,-0.3972314,-0.6542176,0.2959881
gait_20260919_222612_andrew_normal_upside_down_2,andrew_normal_upside_down_2,2513821509088677,2026-09-19T22:26:24.633583Z,-4.8092031,7.8463974,-0.4588637,0.8755791,-1.6086507,-0.0438164,-5.1323280,8.3558655,0.2735860,0.5627787,-0.4067548,-0.6615320,0.2832071
gait_20260919_222612_andrew_normal_upside_down_2,andrew_normal_upside_down_2,2513821529254773,2026-09-19T22:26:24.654528Z,-5.7815480,7.1558199,-0.2378490,0.8425710,-1.3268832,0.0691304,-5.1310034,8.3559513,0.2949792,0.5545174,-0.4168782,-0.6672055,0.2712193
gait_20260919_222612_andrew_normal_upside_down_2,andrew_normal_upside_down_2,2513821549448621,2026-09-19T22:26:24.673875Z,-6.7771621,6.6469026,0.0528221,0.7016290,-1.1296177,0.1914366,-5.1190648,8.3635502,0.2869349,0.5477328,-0.4264649,-0.6708710,0.2608612
gait_20260919_222612_andrew_normal_upside_down_2,andrew_normal_upside_down_2,2513821569617078,2026-09-19T22:26:24.694588Z,-7.6798511,6.6581254,0.5377228,0.4991175,-0.8875532,0.3072312,-5.1468444,8.3468666,0.2755609,0.5431320,-0.4333369,-0.6740804,0.2506837
gait_20260919_222612_andrew_normal_upside_down_2,andrew_normal_upside_down_2,2513821589760430,2026-09-19T22:26:24.714534Z,-7.7945480,6.8181629,0.5516390,0.3862540,-0.7210308,0.4178132,-5.1497531,8.3446264,0.2887282,0.5384533,-0.4386693,-0.6768765,0.2438762
gait_20260919_222612_andrew_normal_upside_down_2,andrew_normal_upside_down_2,2513821609954440,2026-09-19T22:26:24.734922Z,-7.3369565,6.7457380,0.0419733,0.3169571,-0.7911105,0.4667923,-5.0940127,8.3783998,0.2993120,0.5331897,-0.4446049,-0.6782548,0.2408434
gait_20260919_222612_andrew_normal_upside_down_2,andrew_normal_upside_down_2,2513821630122490,2026-09-19T22:26:24.754339Z,-7.0012445,6.7213473,-0.3019687,0.1835260,-0.8773610,0.4874598,-5.1961160,8.3154125,0.3006755,0.5324726,-0.4458282,-0.6812949,0.2314032
gait_20260919_222612_andrew_normal_upside_down_2,andrew_normal_upside_down_2,2513821650292168,2026-09-19T22:26:24.774923Z,-6.8603606,6.7381067,-0.3028665,0.0123905,-0.7451790,0.5571897,-5.3207164,8.2366533,0.2892080,0.5327410,-0.4464579,-0.6842031,0.2207451
gait_20260919_222612_andrew_normal_upside_down_2,andrew_normal_upside_down_2,2513821670460259,2026-09-19T22:26:24.794585Z,-6.7712512,7.3667340,-0.2305167,-0.0819039,-0.5291945,0.7197651,-5.3319521,8.2279205,0.3282185,0.5298529,-0.4479222,-0.6866271,0.2171744
gait_20260919_222612_andrew_normal_upside_down_2,andrew_normal_upside_down_2,2513821690604586,2026-09-19T22:26:24.815281Z,-6.9046531,7.8521585,-0.5687726,-0.0867668,-0.4515706,0.8500986,-5.2879176,8.2546968,0.3660752,0.5261086,-0.4503076,-0.6880543,0.2168274
gait_20260919_222612_andrew_normal_upside_down_2,andrew_normal_upside_down_2,2513821710797295,2026-09-19T22:26:24.836265Z,-8.1469450,7.7592335,-0.6316952,-0.1259868,-0.7541554,0.9426776,-5.1469402,8.3406277,0.4231572,0.5199039,-0.4543824,-0.6884689,0.2219170
gait_20260919_222612_andrew_normal_upside_down_2,andrew_normal_upside_down_2,2513821730967583,2026-09-19T22:26:24.855847Z,-8.5636110,7.9498720,-0.1553238,-0.1627586,-0.9533861,1.0301273,-4.9831595,8.4343281,0.5160940,0.5104614,-0.4599262,-0.6905913,0.2257892
gait_20260919_222612_andrew_normal_upside_down_2,andrew_normal_upside_down_2,2513821751135023,2026-09-19T22:26:24.875555Z,-7.9230866,11.0160961,0.1497124,-0.2089066,-0.9557676,1.0580726,-4.7965541,8.5335226,0.6388949,0.4985856,-0.4662143,-0.6938931,0.2292796
gait_20260919_222612_andrew_normal_upside_down_2,andrew_normal_upside_down_2,2513821771282361,2026-09-19T22:26:24.895354Z,-7.6407952,14.8905878,0.9587281,-0.0687307,-0.8272494,0.9963032,-4.6003971,8.6305723,0.7652941,0.4864356,-0.4722023,-0.6971456,0.2332239
gait_20260919_222612_andrew_normal_upside_down_2,andrew_normal_upside_down_2,2513821791471937,2026-09-19T22:26:24.916304Z,-6.9405661,14.7791080,-0.0534206,0.0520768,-0.7682113,0.6626089,-4.4089284,8.7211237,0.8599144,0.4753095,-0.4784814,-0.6993610,0.2367080
gait_20260919_222612_andrew_normal_upside_down_2,andrew_normal_upside_down_2,2513821811640109,2026-09-19T22:26:24.937085Z,-5.8198552,10.5242376,1.4028525,-0.0790561,-0.2539554,0.2521401,-4.2709684,8.7842474,0.9121060,0.4668455,-0.4840932,-0.7008319,0.2377894
gait_20260919_222612_andrew_normal_upside_down_2,andrew_normal_upside_down_2,2513821831809462,2026-09-19T22:26:24.955940Z,-3.1312418,7.7824273,0.9980080,-0.1172102,0.7811680,-0.2209307,-4.2165170,8.8058977,0.9556561,0.4627666,-0.4857552,-0.7022477,0.2381957
gait_20260919_222612_andrew_normal_upside_down_2,andrew_normal_upside_down_2,2513821851977918,2026-09-19T22:26:24.976959Z,-1.9831471,6.2013564,-0.8519617,-0.1968492,0.8342940,-0.6173103,-4.2628460,8.7879477,0.9144604,0.4685864,-0.4822327,-0.6998229,0.2410943
gait_20260919_222612_andrew_normal_upside_down_2,andrew_normal_upside_down_2,2513821872146537,2026-09-19T22:26:24.996604Z,-1.6081554,5.8677397,-0.5713164,-0.2807349,-0.2211805,-0.6937184,-4.3881888,8.7313337,0.8623948,0.4778562,-0.4757179,-0.6976107,0.2422502
gait_20260919_222612_andrew_normal_upside_down_2,andrew_normal_upside_down_2,2513821892315768,2026-09-19T22:26:25.017320Z,-1.5352819,5.8858457,1.2694507,-0.1747661,-0.7748063,-0.5867004,-4.5098057,8.6628418,0.9235563,0.4796609,-0.4705941,-0.7012833,0.2380513
gait_20260919_222612_andrew_normal_upside_down_2,andrew_normal_upside_down_2,2513821912483655,2026-09-19T22:26:25.036996Z,-1.8161516,6.6264019,2.5680807,0.0647337,-0.2202312,-0.4274225,-4.5965738,8.6044292,1.0350987,0.4760328,-0.4683213,-0.7076730,0.2307968
gait_20260919_222612_andrew_normal_upside_down_2,andrew_normal_upside_down_2,2513821932653618,2026-09-19T22:26:25.058387Z,-1.7873464,8.6417961,3.2207999,0.3303802,1.0464481,-0.2737069,-4.6650815,8.5645666,1.0589235,0.4758264,-0.4672792,-0.7100685,0.2259254
gait_20260919_222612_andrew_normal_upside_down_2,andrew_normal_upside_down_2,2513821952820813,2026-09-19T22:26:25.078767Z,-1.8154782,11.6774197,3.3900399,0.5938283,2.2545891,-0.2391334,-4.6887436,8.5633316,0.9597682,0.4822007,-0.4662006,-0.7056020,0.2286163
gait_20260919_222612_andrew_normal_upside_down_2,andrew_normal_upside_down_2,2513821972989881,2026-09-19T22:26:25.097746Z,-1.8959085,12.8490820,3.3250973,0.7770046,2.7896457,-0.3090632,-4.7628431,8.5515594,0.6498532,0.5001657,-0.4639928,-0.6924750,0.2345707
gait_20260919_222612_andrew_normal_upside_down_2,andrew_normal_upside_down_2,2513821993159233,2026-09-19T22:26:25.117977Z,-1.9503765,10.9438963,2.7533319,0.7275758,2.1745005,-0.2031610,-4.8393841,8.5298176,0.2422385,0.5229461,-0.4609851,-0.6749629,0.2417545
gait_20260919_222612_andrew_normal_upside_down_2,andrew_normal_upside_down_2,2513822013327161,2026-09-19T22:26:25.138041Z,-1.8745103,8.5018854,1.9871126,0.6470209,0.9312697,0.0439996,-4.8793821,8.5096951,-0.1133462,0.5413397,-0.4591992,-0.6596125,0.2469795
gait_20260919_222612_andrew_normal_upside_down_2,andrew_normal_upside_down_2,2513822033498385,2026-09-19T22:26:25.158615Z,-1.6471360,7.3707743,0.7985411,0.4202780,-0.0205343,0.2859642,-4.8699226,8.5098200,-0.3208455,0.5494019,-0.4610729,-0.6510881,0.2483018
gait_20260919_222612_andrew_normal_upside_down_2,andrew_normal_upside_down_2,2513822053664604,2026-09-19T22:26:25.179105Z,-1.9452140,7.1918826,0.4436755,0.0301269,-0.5168872,0.4510377,-4.8193793,8.5353584,-0.3967079,0.5490834,-0.4656535,-0.6483175,0.2477069
gait_20260919_222612_andrew_normal_upside_down_2,andrew_normal_upside_down_2,2513822073807955,2026-09-19T22:26:25.198609Z,-2.3708582,7.8705640,0.6961141,-0.2779870,-0.8567102,0.5966262,-4.7462587,8.5780029,-0.3563820,0.5437459,-0.4697521,-0.6497846,0.2478976
gait_20260919_222612_andrew_normal_upside_down_2,andrew_normal_upside_down_2,2513822094002170,2026-09-19T22:26:25.218869Z,-3.0952539,8.5889740,1.1510873,-0.3477835,-1.1910206,0.7088735,-4.6471601,8.6364326,-0.2281671,0.5346721,-0.4732750,-0.6541828,0.2493622
gait_20260919_222612_andrew_normal_upside_down_2,andrew_normal_upside_down_2,2513822114145236,2026-09-19T22:26:25.238491Z,-3.8212955,9.1861782,1.3484592,-0.2471440,-1.4211277,0.7894784,-4.5203762,8.7063169,-0.0482407,0.5222074,-0.4776166,-0.6605765,0.2506402
gait_20260919_222612_andrew_normal_upside_down_2,andrew_normal_upside_down_2,2513822134339246,2026-09-19T22:26:25.258953Z,-4.6037507,9.2679548,1.2624177,-0.1226727,-1.3490496,0.8521803,-4.3513093,8.7902088,0.1855979,0.5069752,-0.4832620,-0.6681166,0.2511061
gait_20260919_222612_andrew_normal_upside_down_2,andrew_normal_upside_down_2,2513822154507418,2026-09-19T22:26:25.278808Z,-5.3239565,8.9744406,0.9852140,-0.0414183,-1.0094098,0.9473574,-4.1931396,8.8626499,0.3272848,0.4931628,-0.4901545,-0.6735524,0.2507315
gait_20260919_222612_andrew_normal_upside_down_2,andrew_normal_upside_down_2,2513822174679131,2026-09-19T22:26:25.299617Z,-5.7968860,8.5599442,0.5407903,-0.0882990,-0.4274391,1.1074014,-4.0178561,8.9395075,0.4220754,0.4812722,-0.4970661,-0.6766043,0.2520102
gait_20260919_222612_andrew_normal_upside_down_2,andrew_normal_upside_down_2,2513822194846001,2026-09-19T22:26:25.319919Z,-5.4519715,8.1888428,0.0808791,-0.2376845,0.0560904,1.2406826,-3.8310444,9.0185947,0.4734321,0.4728323,-0.5025515,-0.6766605,0.2569091
gait_20260919_222612_andrew_normal_upside_down_2,andrew_normal_upside_down_2,2513822215014458,2026-09-19T22:26:25.339224Z,-5.2919340,7.9945388,-0.3933224,-0.4853947,0.2847485,1.2376848,-3.9169791,8.9837141,0.4315713,0.4776195,-0.4998474,-0.6762248,0.2544645
gait_20260919_222612_andrew_normal_upside_down_2,andrew_normal_upside_down_2,2513822235183525,2026-09-19T22:26:25.359880Z,-5.2402344,8.0200520,-0.7536498,-0.8193055,0.2949906,1.1993144,-3.7859459,9.0390835,0.4446471,0.4761778,-0.5004482,-0.6736202,0.2627589
gait_20260919_222612_andrew_normal_upside_down_2,andrew_normal_upside_down_2,2513822255351454,2026-09-19T22:26:25.380062Z,-5.1016698,8.2924671,-0.7529764,-1.1646075,0.0561070,1.1371120,-3.6705155,9.0842409,0.4899058,0.4752090,-0.4988597,-0.6718152,0.2719923
gait_20260919_222612_andrew_normal_upside_down_2,andrew_normal_upside_down_2,2513822275520846,2026-09-19T22:26:25.399821Z,-5.0572271,8.3569613,-0.1723825,-1.4334849,-0.0943610,1.0314430,-3.6770546,9.0810499,0.4998840,0.4783513,-0.4946893,-0.6709335,0.2762440
gait_20260919_222612_andrew_normal_upside_down_2,andrew_normal_upside_down_2,2513822295690077,2026-09-19T22:26:25.422270Z,-5.2606597,8.7766943,0.6768857,-1.5042473,0.0252307,0.9562172,-3.6746583,9.0722866,0.6531530,0.4770332,-0.4877377,-0.6746885,0.2816854
gait_20260919_222612_andrew_normal_upside_down_2,andrew_normal_upside_down_2,2513822315854098,2026-09-19T22:26:25.440443Z,-5.0710688,8.9385281,1.4810382,-1.3374751,0.2072579,0.8475339,-3.5152082,9.1112585,0.9297354,0.4684750,-0.4815619,-0.6794816,0.2948458
gait_20260919_222612_andrew_normal_upside_down_2,andrew_normal_upside_down_2,2513822336003146,2026-09-19T22:26:25.460334Z,-5.2802620,9.6454153,1.9975872,-0.9567668,0.2692770,0.6559806,-3.3684635,9.1390753,1.1691329,0.4617118,-0.4753862,-0.6826782,0.3078649
gait_20260919_222612_andrew_normal_upside_down_2,andrew_normal_upside_down_2,2513822356175184,2026-09-19T22:26:25.495807Z,-5.8170872,10.1419134,1.9571850,-0.4523201,0.1112647,0.4231591,-3.2520678,9.1586838,1.3336681,0.4573074,-0.4707698,-0.6840082,0.3184000
gait_20260919_222612_andrew_normal_upside_down_2,andrew_normal_upside_down_2,2513822376345920,2026-09-19T22:26:25.503315Z,-6.7044382,10.3644991,1.2427403,0.0164541,-0.2024948,0.3005364,-3.1758440,9.1732759,1.4146210,0.4546410,-0.4689533,-0.6842677,0.3242872
gait_20260919_222612_andrew_normal_upside_down_2,andrew_normal_upside_down_2,2513822396533908,2026-09-19T22:26:25.520578Z,-7.1589622,10.7492170,-0.3289035,0.2467609,-0.5664659,0.3034675,-3.1175952,9.1914911,1.4259030,0.4520330,-0.4708716,-0.6841543,0.3253906
gait_20260919_222612_andrew_normal_upside_down_2,andrew_normal_upside_down_2,2513822416702040,2026-09-19T22:26:25.542327Z,-7.5086656,10.9471884,-0.9528174,0.1764981,-1.3672190,0.2565201,-3.0476019,9.2174520,1.4095489,0.4478711,-0.4757449,-0.6843014,0.3237434
gait_20260919_222612_andrew_normal_upside_down_2,andrew_normal_upside_down_2,2513822436871595,2026-09-19T22:26:25.562019Z,-6.1878142,10.0759230,0.1965490,0.3275990,-2.2375188,-0.2184659,-2.9610395,9.2391710,1.4512384,0.4382892,-0.4824694,-0.6882671,0.3184561
gait_20260919_222612_andrew_normal_upside_down_2,andrew_normal_upside_down_2,2513822457013970,2026-09-19T22:26:25.580942Z,-6.2920370,8.8065472,2.2085762,1.5368390,-3.3895192,-1.3143594,-2.9217732,9.2391043,1.5291525,0.4245663,-0.4906934,-0.6968783,0.3054901
gait_20260919_222612_andrew_normal_upside_down_2,andrew_normal_upside_down_2,2513822477206719,2026-09-19T22:26:25.601274Z,-5.7642651,8.8964043,2.1956327,2.8893359,-1.8429211,-2.4903250,-3.0463099,9.2072592,1.4773314,0.4108126,-0.5051131,-0.7077629,0.2741634
gait_20260919_222612_andrew_normal_upside_down_2,andrew_normal_upside_down_2,2513822497375826,2026-09-19T22:26:25.621396Z,-4.2552447,10.4997711,-2.2325931,3.1559815,0.1585285,-3.4917576,-3.4398975,9.1232691,1.0812820,0.4155264,-0.5211703,-0.7078885,0.2336951
gait_20260919_222612_andrew_normal_upside_down_2,andrew_normal_upside_down_2,2513822517544447,2026-09-19T22:26:25.641511Z,-4.6857519,12.3243027,-4.2529254,2.4233429,0.0232322,-4.1965842,-4.0688295,8.9135160,0.4795626,0.4419623,-0.5288458,-0.6974874,0.1962214
gait_20260919_222612_andrew_normal_upside_down_2,andrew_normal_upside_down_2,2513822537713636,2026-09-19T22:26:25.662363Z,-6.1768909,13.4172564,-1.4332290,1.3156252,0.6623424,-3.9130015,-4.8085961,8.5506239,0.0190090,0.4698827,-0.5270171,-0.6907322,0.1560522
gait_20260919_222612_andrew_normal_upside_down_2,andrew_normal_upside_down_2,2513822557883639,2026-09-19T22:26:25.682218Z,-3.8491282,16.4643269,0.0564134,0.6457552,0.8571265,-3.1703539,-5.4835300,8.1299448,-0.2665059,0.4964095,-0.5164143,-0.6866798,0.1239552
gait_20260919_222612_andrew_normal_upside_down_2,andrew_normal_upside_down_2,2513822578026136,2026-09-19T22:26:25.702403Z,-0.8725369,17.3679123,-0.5932383,0.5361225,-1.2262937,-2.4411793,-5.9883895,7.7546291,-0.4909787,0.5210698,-0.5029902,-0.6816261,0.1042742
gait_20260919_222612_andrew_normal_upside_down_2,andrew_normal_upside_down_2,2513822598194471,2026-09-19T22:26:25.722939Z,-0.1379659,12.8620253,0.9218425,0.6411254,-1.6697038,-1.8855717,-6.3769484,7.4420967,-0.4311167,0.5262586,-0.4945558,-0.6871975,0.0789055
gait_20260919_222612_andrew_normal_upside_down_2,andrew_normal_upside_down_2,2513822618388359,2026-09-19T22:26:25.742777Z,-0.8491934,8.9206457,2.0118775,0.6209242,-0.4606636,-1.4528700,-6.6675725,7.1903353,-0.2804930,0.5230647,-0.4902665,-0.6951319,0.0532327
gait_20260919_222612_andrew_normal_upside_down_2,andrew_normal_upside_down_2,2513822638556003,2026-09-19T22:26:25.763444Z,-0.9891794,6.8441248,1.8457050,0.1812611,1.1851418,-1.0170872,-6.8626318,7.0044212,-0.2802085,0.5254039,-0.4878357,-0.6961096,0.0373962
gait_20260919_222612_andrew_normal_upside_down_2,andrew_normal_upside_down_2,2513822658725029,2026-09-19T22:26:25.782908Z,-1.1715876,5.9076180,1.3233202,-0.2053760,2.0386877,-0.8488162,-6.9964852,6.8606944,-0.4649311,0.5379047,-0.4837840,-0.6895250,0.0341609
gait_20260919_222612_andrew_normal_upside_down_2,andrew_normal_upside_down_2,2513822678892958,2026-09-19T22:26:25.803119Z,-1.9567362,5.7284269,0.9669582,-0.2417148,1.5336581,-0.9786500,-7.0830812,6.7474747,-0.7332464,0.5559430,-0.4773307,-0.6793565,0.0394658
gait_20260919_222612_andrew_normal_upside_down_2,andrew_normal_upside_down_2,2513822699038017,2026-09-19T22:26:25.823118Z,-3.3800890,6.3536129,1.0244191,-0.1995471,0.6557642,-1.2344373,-7.1828699,6.6161542,-0.9322011,0.5712073,-0.4697553,-0.6717800,0.0419977
gait_20260919_222612_andrew_normal_upside_down_2,andrew_normal_upside_down_2,2513822719231540,2026-09-19T22:26:25.843924Z,-4.6912136,7.1341972,1.0932523,-0.2014123,0.3073811,-1.4459254,-7.3285012,6.4433970,-1.0058883,0.5806878,-0.4619130,-0.6693679,0.0372132
gait_20260919_222612_andrew_normal_upside_down_2,andrew_normal_upside_down_2,2513822739401014,2026-09-19T22:26:25.864207Z,-4.1460838,7.2684221,1.1510873,-0.2034441,0.3401060,-1.2188327,-7.5071707,6.2319183,-1.0206269,0.5890418,-0.4520216,-0.6691898,0.0298552
gait_20260919_222612_andrew_normal_upside_down_2,andrew_normal_upside_down_2,2513822759569431,2026-09-19T22:26:25.884168Z,-1.4218565,6.5816603,0.3611504,-0.1406922,0.2586851,-0.5806550,-7.6576061,6.0419912,-1.0447718,0.5964597,-0.4434718,-0.6685980,0.0233546
gait_20260919_222612_andrew_normal_upside_down_2,andrew_normal_upside_down_2,2513822779737399,2026-09-19T22:26:25.903918Z,1.2515689,5.2561707,-0.8156746,-0.1866237,0.4309864,-0.0365886,-7.7257142,5.9505649,-1.0678052,0.6001596,-0.4396490,-0.6679132,0.0202265
gait_20260919_222612_andrew_normal_upside_down_2,andrew_normal_upside_down_2,2513822799908990,2026-09-19T22:26:25.924306Z,1.2075754,3.8919992,-1.3346179,-0.3944644,0.7915434,0.3812912,-7.7200184,5.9505029,-1.1085813,0.6020883,-0.4392135,-0.6664157,0.0217094
gait_20260919_222612_andrew_normal_upside_down_2,andrew_normal_upside_down_2,2513822820073987,2026-09-19T22:26:25.944365Z,-0.4944026,3.6349220,-1.5499463,-0.5983248,0.9050398,1.0142561,-7.6560168,6.0176668,-1.1871035,0.6048796,-0.4397391,-0.6632598,0.0289253
gait_20260919_222612_andrew_normal_upside_down_2,andrew_normal_upside_down_2,2513822840243747,2026-09-19T22:26:25.964729Z,-2.7881975,4.6606131,-2.2263083,-0.5961265,1.1675886,1.5403529,-7.5127926,6.1822672,-1.2544471,0.6054488,-0.4426185,-0.6601327,0.0417779
gait_20260919_222612_andrew_normal_upside_down_2,andrew_normal_upside_down_2,2513822860412529,2026-09-19T22:26:25.985829Z,-6.5226283,6.4524484,-4.6081648,-0.3494489,1.5506617,1.8600913,-7.2871609,6.4281721,-1.3461033,0.6049011,-0.4483907,-0.6553501,0.0596388
gait_20260919_222612_andrew_normal_upside_down_2,andrew_normal_upside_down_2,2513822880582858,2026-09-19T22:26:26.004658Z,-11.7078705,8.7485628,-9.4053221,0.0234654,0.7717087,1.8824575,-6.9886289,6.7040563,-1.5655032,0.6067352,-0.4578891,-0.6448330,0.0800023
gait_20260919_222612_andrew_normal_upside_down_2,andrew_normal_upside_down_2,2513822900748670,2026-09-19T22:26:26.025152Z,-18.3362179,12.6806650,-4.0081930,-0.4884923,-2.2637985,1.3256341,-6.6908703,6.9665017,-1.7135419,0.6036209,-0.4699235,-0.6368994,0.0957745
gait_20260919_222612_andrew_normal_upside_down_2,andrew_normal_upside_down_2,2513822920894341,2026-09-19T22:26:26.045758Z,-22.9499950,14.1232462,2.4735844,-0.9713057,-2.2766054,0.4250243,-6.5601931,7.1638513,-1.3708441,0.5815423,-0.4790490,-0.6505623,0.0953381
gait_20260919_222612_andrew_normal_upside_down_2,andrew_normal_upside_down_2,2513822941090101,2026-09-19T22:26:26.065041Z,-15.7095547,7.9376764,0.7596353,-0.4176633,-1.5245817,-0.3325285,-6.5468984,7.2506270,-0.8958999,0.5612292,-0.4779638,-0.6694475,0.0917205
gait_20260919_222612_andrew_normal_upside_down_2,andrew_normal_upside_down_2,2513822961254327,2026-09-19T22:26:26.085214Z,-7.2213612,3.3683424,0.4378396,-0.1428072,-0.6995473,-0.4604971,-6.6200752,7.2133803,-0.6147205,0.5505350,-0.4753455,-0.6812206,0.0830449
gait_20260919_222612_andrew_normal_upside_down_2,andrew_normal_upside_down_2,2513822981425306,2026-09-19T22:26:26.105323Z,-2.7459249,3.1613936,2.4458268,-0.2152517,0.3865871,-0.3515140,-6.7019458,7.1462998,-0.5004641,0.5474164,-0.4727896,-0.6863068,0.0760815
gait_20260919_222612_andrew_normal_upside_down_2,andrew_normal_upside_down_2,2513823001568251,2026-09-19T22:26:26.125622Z,-0.3067571,8.0806551,-1.7585411,-0.3699332,1.0825537,-0.4102856,-6.7497578,7.1007442,-0.5063107,0.5502796,-0.4697033,-0.6862115,0.0753999
gait_20260919_222612_andrew_normal_upside_down_2,andrew_normal_upside_down_2,2513823021762139,2026-09-19T22:26:26.146489Z,-0.7805846,18.0173397,-8.4418058,-1.7197654,0.5313095,-0.6281353,-6.7894492,7.0540338,-0.6165228,0.5588358,-0.4653852,-0.6818322,0.0788930
gait_20260919_222612_andrew_normal_upside_down_2,andrew_normal_upside_down_2,2513823041931044,2026-09-19T22:26:26.165950Z,-4.8738465,21.0229607,6.3989530,-1.7843660,0.1900877,-0.2870134,-6.8681760,6.9881768,-0.4792302,0.5638757,-0.4513843,-0.6862916,0.0854417
gait_20260919_222612_andrew_normal_upside_down_2,andrew_normal_upside_down_2,2513823062098687,2026-09-19T22:26:26.186072Z,-0.1503110,15.5623112,7.6788783,-0.1073344,0.0429504,-0.0598375,-6.9133415,6.9566002,-0.2180362,0.5639355,-0.4361325,-0.6948940,0.0942736
gait_20260919_222612_andrew_normal_upside_down_2,andrew_normal_upside_down_2,2513823082266899,2026-09-19T22:26:26.206964Z,1.3412766,8.5118361,3.5633204,0.9742701,-1.0638847,-0.1471539,-6.9136786,6.9567461,-0.2021763,0.5638760,-0.4351709,-0.6954466,0.0949959
gait_20260919_222612_andrew_normal_upside_down_2,andrew_normal_upside_down_2,2513823102436048,2026-09-19T22:26:26.226557Z,0.1169418,5.8211274,1.2688521,0.8304636,-1.4228430,0.1717850,-6.8663759,7.0047336,-0.1506798,0.5540345,-0.4445578,-0.6985089,0.0865997
gait_20260919_222612_andrew_normal_upside_down_2,andrew_normal_upside_down_2,2513823122605237,2026-09-19T22:26:26.246416Z,-0.8064719,6.6369514,1.5279496,0.2846985,-0.9638947,0.8274493,-6.8513160,7.0207295,-0.0705095,0.5433123,-0.4531613,-0.7026964,0.0753303
gait_20260919_222612_andrew_normal_upside_down_2,andrew_normal_upside_down_2,2513823142774427,2026-09-19T22:26:26.266809Z,-0.8547300,8.2133837,2.5595512,0.0900643,-0.2328549,1.2430974,-6.7366047,7.1311641,0.0280839,0.5325053,-0.4604251,-0.7063056,0.0746952
gait_20260919_222612_andrew_normal_upside_down_2,andrew_normal_upside_down_2,2513823162942070,2026-09-19T22:26:26.288758Z,-1.1269957,9.8439102,3.2280571,0.1943677,0.7529064,1.1668226,-6.5507584,7.3020706,0.0586385,0.5237677,-0.4686170,-0.7067532,0.0810280
gait_20260919_222612_andrew_normal_upside_down_2,andrew_normal_upside_down_2,2513823183113945,2026-09-19T22:26:26.307074Z,-2.7174189,10.8829184,2.9816790,0.4002267,1.8676689,0.9273227,-6.3442540,7.4823489,-0.0318282,0.5213327,-0.4761407,-0.7020402,0.0929618
gait_20260919_222612_andrew_normal_upside_down_2,andrew_normal_upside_down_2,2513823203278862,2026-09-19T22:26:26.327354Z,-4.1773582,10.1489458,1.4173675,0.4014257,2.4841630,0.9986514,-6.1941400,7.6004682,-0.3187896,0.5297437,-0.4821174,-0.6896852,0.1061551
gait_20260919_222612_andrew_normal_upside_down_2,andrew_normal_upside_down_2,2513823223446994,2026-09-19T22:26:26.347467Z,-3.3259203,8.1895170,-0.2113631,0.0977751,2.1461554,1.1455722,-6.0172138,7.7167859,-0.6931573,0.5425230,-0.4875849,-0.6729694,0.1226455
gait_20260919_222612_andrew_normal_upside_down_2,andrew_normal_upside_down_2,2513823243594048,2026-09-19T22:26:26.367981Z,-2.6921301,5.7897782,-2.1110125,-0.5047799,1.0290781,1.1153619,-5.7968817,7.8531952,-0.9795835,0.5512173,-0.4926571,-0.6587095,0.1398230
gait_20260919_222612_andrew_normal_upside_down_2,andrew_normal_upside_down_2,2513823263762790,2026-09-19T22:26:26.387685Z,-2.4640825,4.8956189,-0.7509564,-1.1862077,-0.3426374,1.1212242,-5.5929613,7.9915109,-1.0443455,0.5520328,-0.4949898,-0.6529354,0.1546619
gait_20260919_222612_andrew_normal_upside_down_2,andrew_normal_upside_down_2,2513823283954562,2026-09-19T22:26:26.413322Z,-3.4941130,5.5130234,0.6233903,-1.4196122,-0.8146424,1.1012062,-5.4155431,8.1386528,-0.8187456,0.5424374,-0.4939587,-0.6586899,0.1670155
gait_20260919_222612_andrew_normal_upside_down_2,andrew_normal_upside_down_2,2513823304123548,2026-09-19T22:26:26.428039Z,-4.9463458,6.4847703,1.3350667,-1.4139332,-0.6388605,1.2549551,-5.2448335,8.2758455,-0.4880671,0.5286396,-0.4918431,-0.6686013,0.1777719
gait_20260919_222612_andrew_normal_upside_down_2,andrew_normal_upside_down_2,2513823324291842,2026-09-19T22:26:26.448320Z,-5.5549970,7.7885628,1.8147300,-1.2668459,-0.1721847,1.4789500,-5.0430923,8.4126425,-0.1755103,0.5152556,-0.4898465,-0.6770298,0.1902437
gait_20260919_222612_andrew_normal_upside_down_2,andrew_normal_upside_down_2,2513823344459527,2026-09-19T22:26:26.468892Z,-5.8534489,9.1254253,2.0013282,-1.0437669,0.3508811,1.5665495,-4.9366283,8.4695845,0.3632627,0.5003058,-0.4788578,-0.6923540,0.2025714
gait_20260919_222612_andrew_normal_upside_down_2,andrew_normal_upside_down_2,2513823364630221,2026-09-19T22:26:26.488784Z,-6.1077580,9.9954929,1.7238252,-0.7671121,0.5786233,1.5179535,-4.6686635,8.6124506,0.5151786,0.4927213,-0.4785996,-0.6925076,0.2204573
gait_20260919_222612_andrew_normal_upside_down_2,andrew_normal_upside_down_2,2513823384802259,2026-09-19T22:26:26.509360Z,-6.2144499,9.8763065,0.6961890,-0.5368387,0.3628220,1.3949311,-4.4086137,8.7431402,0.5981038,0.4876951,-0.4792897,-0.6898339,0.2378323
gait_20260919_222612_andrew_normal_upside_down_2,andrew_normal_upside_down_2,2513823404968234,2026-09-19T22:26:26.529625Z,-5.7679310,8.7168398,-0.4171897,-0.4867437,-0.1953170,1.3033679,-4.1651607,8.8574371,0.6583003,0.4824284,-0.4813864,-0.6869740,0.2521841
gait_20260919_222612_andrew_normal_upside_down_2,andrew_normal_upside_down_2,2513823425136081,2026-09-19T22:26:26.549448Z,-5.4717984,7.4651957,-1.5390975,-0.6666391,-1.0574064,1.2370687,-3.9364171,8.9543428,0.7486451,0.4742453,-0.4847318,-0.6864647,0.2624742
gait_20260919_222612_andrew_normal_upside_down_2,andrew_normal_upside_down_2,2513823445303683,2026-09-19T22:26:26.569750Z,-5.3557544,7.7461405,-0.3288286,-0.9189125,-1.8274330,1.1754326,-3.7402401,9.0255346,0.8868250,0.4623888,-0.4889140,-0.6897236,0.2672844
gait_20260919_222612_andrew_normal_upside_down_2,andrew_normal_upside_down_2,2513823465472263,2026-09-19T22:26:26.589743Z,-6.1887870,9.2969093,1.2248586,-0.8743800,-1.6493028,1.0147225,-3.5401151,9.0763979,1.1500903,0.4438060,-0.4925067,-0.6988326,0.2685267
gait_20260919_222612_andrew_normal_upside_down_2,andrew_normal_upside_down_2,2513823485643608,2026-09-19T22:26:26.609945Z,-6.5481415,10.0302086,1.8555063,-0.6416084,-0.9056060,0.7670122,-3.3079305,9.1234064,1.4342809,0.4240372,-0.4952926,-0.7080840,0.2710990
gait_20260919_222612_andrew_normal_upside_down_2,andrew_normal_upside_down_2,2513823505812351,2026-09-19T22:26:26.629858Z,-7.0928974,10.1037560,1.7600375,-0.3395232,-0.0212670,0.4673752,-3.1338384,9.1537771,1.6197340,0.4113462,-0.4964997,-0.7133345,0.2746567
gait_20260919_222612_andrew_normal_upside_down_2,andrew_normal_upside_down_2,2513823525980889,2026-09-19T22:26:26.650212Z,-7.7175593,10.2283287,1.0324994,-0.0502948,0.6126305,0.3109284,-3.0447745,9.1710863,1.6901582,0.4075197,-0.4960440,-0.7140850,0.2791966
gait_20260919_222612_andrew_normal_upside_down_2,andrew_normal_upside_down_2,2513823546147556,2026-09-19T22:26:26.670653Z,-7.7484598,10.4625120,-1.2921207,0.0993239,0.4759853,0.1194251,-3.0105426,9.1871691,1.6639370,0.4102612,-0.4951001,-0.7110168,0.2846348
gait_20260919_222612_andrew_normal_upside_down_2,andrew_normal_upside_down_2,2513823566312188,2026-09-19T22:26:26.690455Z,-6.6146555,10.0604353,-1.4128783,0.6713023,-3.0335920,-0.6135132,-3.0044603,9.1993694,1.6065325,0.4141425,-0.4947926,-0.7075767,0.2880998
gait_20260919_222612_andrew_normal_upside_down_2,andrew_normal_upside_down_2,2513823586484104,2026-09-19T22:26:26.710580Z,-5.8647466,8.8463507,3.4569280,2.0936289,-4.4480081,-1.9815315,-3.0179570,9.1854773,1.6598400,0.4008412,-0.5030673,-0.7163289,0.2704119
gait_20260919_222612_andrew_normal_upside_down_2,andrew_normal_upside_down_2,2513823606637831,2026-09-19T22:26:26.730675Z,-4.5260139,9.6681604,1.2536639,2.6494532,-1.1992143,-3.0230668,-3.2090199,9.1343517,1.5817521,0.3797678,-0.5232803,-0.7297029,0.2224584
gait_20260919_222612_andrew_normal_upside_down_2,andrew_normal_upside_down_2,2513823626812392,2026-09-19T22:26:26.750890Z,-3.5906291,11.4616423,-2.3237224,2.4769518,1.4189126,-4.0071459,-3.7088060,9.0029001,1.1952708,0.3900066,-0.5345774,-0.7272549,0.1822697
gait_20260919_222612_andrew_normal_upside_down_2,andrew_normal_upside_down_2,2513823646990207,2026-09-19T22:26:26.771119Z,-5.8225489,13.2855005,-2.3377135,2.0447330,1.8198887,-4.5320439,-4.4426136,8.7244596,0.6189559,0.4261566,-0.5344271,-0.7141606,0.1508408
gait_20260919_222612_andrew_normal_upside_down_2,andrew_normal_upside_down_2,2513823667163099,2026-09-19T22:26:26.791305Z,-7.1061401,16.4019279,-1.4449755,1.6086839,1.6304506,-4.2596526,-5.2388105,8.2936945,0.0748128,0.4671691,-0.5259857,-0.7005975,0.1193957
gait_20260919_222612_andrew_normal_upside_down_2,andrew_normal_upside_down_2,2513823687327162,2026-09-19T22:26:26.811435Z,-5.7085252,19.6822090,0.5368249,1.4755360,0.7756556,-3.5929134,-5.9342442,7.8026738,-0.3730138,0.5028665,-0.5146186,-0.6886550,0.0897067
gait_20260919_222612_andrew_normal_upside_down_2,andrew_normal_upside_down_2,2513823707499199,2026-09-19T22:26:26.831675Z,-2.5665095,19.0105610,-1.1706898,1.0208344,-2.0175872,-2.8484507,-6.4789128,7.3307528,-0.7210158,0.5298417,-0.5047004,-0.6787058,0.0624821
gait_20260919_222612_andrew_normal_upside_down_2,andrew_normal_upside_down_2,2513823727665866,2026-09-19T22:26:26.851709Z,-1.0173112,11.9078617,-1.0167127,0.0704127,-2.7023125,-1.8474677,-6.9185429,6.9264159,-0.6282024,0.5322309,-0.4975793,-0.6843889,0.0275119
gait_20260919_222612_andrew_normal_upside_down_2,andrew_normal_upside_down_2,2513823747833875,2026-09-19T22:26:26.871974Z,-0.7991396,7.4874916,1.5223382,-0.4218268,-0.3368752,-1.0181031,-7.2027884,6.6561852,-0.2262557,0.5220235,-0.4878898,-0.6996106,0.0002521
gait_20260919_222612_andrew_normal_upside_down_2,andrew_normal_upside_down_2,2513823767979750,2026-09-19T22:26:26.892090Z,-0.4316297,5.6809916,2.4254761,-0.4558340,2.0051801,-0.4830965,-7.3401260,6.5079141,-0.0756510,-0.5231100,0.4788215,0.7050087,0.0069775
gait_20260919_222612_andrew_normal_upside_down_2,andrew_normal_upside_down_2,2513823788171888,2026-09-19T22:26:26.912210Z,-0.2079215,4.8865657,1.7278655,-0.2042601,2.6883898,-0.4012592,-7.3927641,6.4412212,-0.3063295,0.5398564,-0.4724064,-0.6966928,0.0025871
gait_20260919_222612_andrew_normal_upside_down_2,andrew_normal_upside_down_2,2513823808341363,2026-09-19T22:26:26.932496Z,-0.8506898,4.6296377,0.7021745,-0.0354895,2.3899519,-0.6193753,-7.4100132,6.3920579,-0.6851528,0.5614913,-0.4675501,-0.6825503,0.0158005
gait_20260919_222612_andrew_normal_upside_down_2,andrew_normal_upside_down_2,2513823828508192,2026-09-19T22:26:26.953325Z,-2.3666685,4.9927335,0.5443816,-0.2336543,1.6442233,-0.9077377,-7.4403162,6.3069730,-1.0487572,0.5817797,-0.4625116,-0.6685807,0.0248036
gait_20260919_222612_andrew_normal_upside_down_2,andrew_normal_upside_down_2,2513823848677137,2026-09-19T22:26:26.973079Z,-3.7380223,5.5103302,1.7442508,-0.3761451,0.5895982,-1.0636683,-7.5105166,6.1797519,-1.2802135,0.5981382,-0.4543255,-0.6595143,0.0293263
gait_20260919_222612_andrew_normal_upside_down_2,andrew_normal_upside_down_2,2513823868845391,2026-09-19T22:26:26.993270Z,-3.1824179,5.6369233,2.1484969,-0.2256604,-0.0751757,-0.9128172,-7.6239510,6.0287480,-1.3287868,0.6080513,-0.4438158,-0.6576177,0.0289858
gait_20260919_222612_andrew_normal_upside_down_2,andrew_normal_upside_down_2,2513823889014011,2026-09-19T22:26:27.013085Z,-0.5668272,5.7832689,0.4595371,0.0267628,-0.2668289,-0.4381642,-7.7392807,5.8905234,-1.2811601,0.6123921,-0.4351042,-0.6595622,0.0252575
gait_20260919_222612_andrew_normal_upside_down_2,andrew_normal_upside_down_2,2513823909202731,2026-09-19T22:26:27.033162Z,1.4844050,5.4180784,-1.7487398,0.0052293,-0.2821671,0.0586551,-7.7994871,5.8197756,-1.2386864,0.6133585,-0.4313152,-0.6612611,0.0221902
gait_20260919_222612_andrew_normal_upside_down_2,andrew_normal_upside_down_2,2513823929354587,2026-09-19T22:26:27.053469Z,1.0670657,4.4395232,-2.2961142,-0.3156248,-0.2993206,0.5322754,-7.7979326,5.8301039,-1.1992657,0.6121410,-0.4307788,-0.6627246,0.0225689
gait_20260919_222612_andrew_normal_upside_down_2,andrew_normal_upside_down_2,2513823949520561,2026-09-19T22:26:27.073977Z,-1.1693431,4.1775079,-2.3987656,-0.6234556,0.0571562,1.1472875,-7.7415881,5.9198370,-1.1222585,0.6088357,-0.4309507,-0.6654456,0.0279798
gait_20260919_222612_andrew_normal_upside_down_2,andrew_normal_upside_down_2,2513823969664442,2026-09-19T22:26:27.093741Z,-4.1973348,5.5489364,-3.2175078,-0.6355963,0.7244615,1.6906544,-7.6051350,6.1073141,-1.0482146,0.6046425,-0.4324932,-0.6676148,0.0405929
gait_20260919_222612_andrew_normal_upside_down_2,andrew_normal_upside_down_2,2513823989858656,2026-09-19T22:26:27.113961Z,-8.2129345,8.0120468,-5.5075617,-0.2567699,1.4142662,2.0213010,-7.3786368,6.3754201,-1.0704492,0.6025157,-0.4367583,-0.6652730,0.0602399
gait_20260919_222612_andrew_normal_upside_down_2,andrew_normal_upside_down_2,2513824010026991,2026-09-19T22:26:27.134080Z,-13.8076601,9.4016562,-8.9383030,-0.2138195,0.5902976,2.1493697,-7.0811405,6.6761336,-1.2340328,0.6035558,-0.4447985,-0.6564965,0.0829885
gait_20260919_222612_andrew_normal_upside_down_2,andrew_normal_upside_down_2,2513824030195977,2026-09-19T22:26:27.154389Z,-19.6911869,11.8479319,0.4445733,-1.3321292,-1.7899450,1.8010199,-6.7596855,6.9805264,-1.3472266,0.6005271,-0.4552909,-0.6491780,0.1031768
gait_20260919_222612_andrew_normal_upside_down_2,andrew_normal_upside_down_2,2513824050365451,2026-09-19T22:26:27.174392Z,-21.5340481,12.9478426,3.8206222,-0.9256240,-2.6265373,0.8754958,-6.5345559,7.2584443,-0.9223381,0.5796112,-0.4587231,-0.6634408,0.1160617
gait_20260919_222612_andrew_normal_upside_down_2,andrew_normal_upside_down_2,2513824070508029,2026-09-19T22:26:27.194992Z,-13.2636528,7.5617867,1.3820529,0.0476468,-2.0517111,-0.2309397,-6.4273477,7.3996096,-0.4136569,0.5572349,-0.4583604,-0.6821518,0.1185916
gait_20260919_222612_andrew_normal_upside_down_2,andrew_normal_upside_down_2,2513824090702203,2026-09-19T22:26:27.214876Z,-5.8258410,7.1536503,-1.3034184,0.1506679,-0.8177400,-0.7667458,-6.4701829,7.3726649,-0.1290834,0.5437851,-0.4588918,-0.6942823,0.1081123
gait_20260919_222612_andrew_normal_upside_down_2,andrew_normal_upside_down_2,2513824110846042,2026-09-19T22:26:27.235360Z,-3.1329625,13.3964567,-2.6369886,-0.2919929,-0.2881625,-1.0602709,-6.5784149,7.2769971,-0.0765830,0.5434836,-0.4563062,-0.6974866,0.0996129
gait_20260919_222612_andrew_normal_upside_down_2,andrew_normal_upside_down_2,2513824131039280,2026-09-19T22:26:27.255126Z,-2.7950809,18.9162140,-4.6439285,-0.8506648,-1.0561407,-0.9994175,-6.7302418,7.1372218,-0.0048313,0.5472580,-0.4477696,-0.7008319,0.0940521
gait_20260919_222612_andrew_normal_upside_down_2,andrew_normal_upside_down_2,2513824151185723,2026-09-19T22:26:27.275617Z,-2.4468741,14.5560732,4.0667763,-0.4936384,-0.8561606,-0.5295275,-6.8735065,6.9952898,0.2386173,0.5458087,-0.4355787,-0.7102174,0.0891932
gait_20260919_222612_andrew_normal_upside_down_2,andrew_normal_upside_down_2,2513824171376356,2026-09-19T22:26:27.295409Z,0.6348376,8.9117422,3.6893899,0.1567632,-0.1426074,-0.3565268,-6.9406633,6.9167180,0.4714967,0.5412312,-0.4276882,-0.7188500,0.0860610
gait_20260919_222612_andrew_normal_upside_down_2,andrew_normal_upside_down_2,2513824191520196,2026-09-19T22:26:27.316300Z,1.2621932,6.1389575,2.7638814,0.2439964,-0.4435268,-0.1765647,-6.2937317,7.4674625,0.9284698,0.5089343,-0.4388335,-0.7317120,0.1140554
gait_20260919_222612_andrew_normal_upside_down_2,andrew_normal_upside_down_2,2513824211714084,2026-09-19T22:26:27.335852Z,0.4940286,6.9524627,3.0175171,-0.0137894,-0.7415151,0.3791595,-6.3125691,7.4501400,0.9396812,0.5082438,-0.4389147,-0.7325348,0.1115126
gait_20260919_222612_andrew_normal_upside_down_2,andrew_normal_upside_down_2,2513824231881849,2026-09-19T22:26:27.356735Z,0.1754501,9.5682030,4.1414452,-0.1899378,-0.3867037,1.1303005,-6.2468157,7.4925857,1.0366131,0.5022308,-0.4401339,-0.7358074,0.1124005
gait_20260919_222612_andrew_normal_upside_down_2,andrew_normal_upside_down_2,2513824252026502,2026-09-19T22:26:27.376007Z,0.6023662,11.2754927,4.7096190,0.0097592,0.4896914,1.3886026,-6.0317445,7.6507196,1.1492019,0.4929165,-0.4439433,-0.7381466,0.1228305
gait_20260919_222612_andrew_normal_upside_down_2,andrew_normal_upside_down_2,2513824272219292,2026-09-19T22:26:27.397031Z,0.4492121,11.1266785,3.8307228,0.3233689,1.5573899,1.0795227,-5.8141441,7.8234830,1.1067786,0.4905612,-0.4489313,-0.7340899,0.1375590
gait_20260919_222612_andrew_normal_upside_down_2,andrew_normal_upside_down_2,2513824292388319,2026-09-19T22:26:27.417601Z,-0.7080103,9.6496801,2.1522377,0.4046399,2.0374386,0.8369586,-5.6629524,7.9614611,0.8844250,0.4980438,-0.4533057,-0.7232165,0.1530502
gait_20260919_222612_andrew_normal_upside_down_2,andrew_normal_upside_down_2,2513824312557834,2026-09-19T22:26:27.438032Z,-2.0859482,8.0716019,0.7570915,0.2449623,1.8322459,0.9249412,-4.9229054,8.4448347,0.8281953,0.4859833,-0.4677182,-0.7128512,0.1921021
gait_20260919_222612_andrew_normal_upside_down_2,andrew_normal_upside_down_2,2513824332725843,2026-09-19T22:26:27.457273Z,-2.6273370,6.7715507,-0.4343232,-0.0799721,1.1058192,1.1643744,-4.7947531,8.5375786,0.5968165,0.4968816,-0.4689786,-0.6999729,0.2078596
gait_20260919_222612_andrew_normal_upside_down_2,andrew_normal_upside_down_2,2513824352894992,2026-09-19T22:26:27.476921Z,-3.0531309,5.4530935,-1.9026421,-0.6253208,-0.1456217,1.4148325,-4.6078291,8.6464949,0.4920806,0.5008121,-0.4705437,-0.6912584,0.2234675
gait_20260919_222612_andrew_normal_upside_down_2,andrew_normal_upside_down_2,2513824373063245,2026-09-19T22:26:27.497377Z,-3.1622915,5.9667249,-0.1295862,-1.1347971,-1.3467014,1.5148059,-4.3619428,8.7669573,0.5916403,0.4938348,-0.4724678,-0.6902975,0.2374673
gait_20260919_222612_andrew_normal_upside_down_2,andrew_normal_upside_down_2,2513824393231133,2026-09-19T22:26:27.517274Z,-5.1018195,7.3151841,1.5480011,-1.2147691,-1.2801857,1.4781673,-4.0686426,8.8802023,0.9078899,0.4754546,-0.4740687,-0.6980201,0.2489374
gait_20260919_222612_andrew_normal_upside_down_2,andrew_normal_upside_down_2,2513824413399753,2026-09-19T22:26:27.537657Z,-6.4433951,8.1161938,2.3138463,-1.0039806,-0.5966095,1.7349705,-3.7814283,8.9663219,1.2417684,0.4569106,-0.4742194,-0.7061494,0.2601957
gait_20260919_222612_andrew_normal_upside_down_2,andrew_normal_upside_down_2,2513824433569187,2026-09-19T22:26:27.557706Z,-6.1907320,8.6143379,2.2267573,-0.7463447,0.2766547,1.9786837,-3.4600012,9.0595560,1.4795053,0.4426498,-0.4749170,-0.7089419,0.2755296
gait_20260919_222612_andrew_normal_upside_down_2,andrew_normal_upside_down_2,2513824453735934,2026-09-19T22:26:27.577643Z,-5.8556938,8.9329166,1.3684359,-0.6260369,1.0159549,1.9097033,-3.1046717,9.1663780,1.6045692,0.4337181,-0.4764612,-0.7053131,0.2956463
gait_20260919_222612_andrew_normal_upside_down_2,andrew_normal_upside_down_2,2513824473905735,2026-09-19T22:26:27.597975Z,-6.7452893,8.9668837,-1.0718541,-0.7048265,1.0924629,1.7214808,-2.7804155,9.2600632,1.6603105,0.4308507,-0.4762041,-0.6972554,0.3184842
gait_20260919_222612_andrew_normal_upside_down_2,andrew_normal_upside_down_2,2513824494074761,2026-09-19T22:26:27.617837Z,-6.8722568,8.6452379,-1.7958758,-1.2365191,-0.4558674,1.6571468,-2.4990451,9.3286076,1.7227811,0.4298297,-0.4739290,-0.6888881,0.3406918
gait_20260919_222612_andrew_normal_upside_down_2,andrew_normal_upside_down_2,2513824514244765,2026-09-19T22:26:27.638236Z,-5.8419271,8.2632875,1.5748609,-1.3636551,-1.0580392,1.3931991,-2.1779301,9.3626814,1.9577845,0.4169149,-0.4727875,-0.6891929,0.3573054
gait_20260919_222612_andrew_normal_upside_down_2,andrew_normal_upside_down_2,2513824534413709,2026-09-19T22:26:27.658313Z,-5.5932293,7.0744171,1.9485061,-1.0652837,-0.5138896,1.0646842,-1.9493515,9.3448210,2.2606370,0.4008469,-0.4707049,-0.6951301,0.3668145
gait_20260919_222612_andrew_normal_upside_down_2,andrew_normal_upside_down_2,2513824554580336,2026-09-19T22:26:27.678478Z,-4.9386396,7.0436664,1.2820950,-0.7223964,0.0576891,0.8159414,-1.7603390,9.3242455,2.4891355,0.3899574,-0.4676354,-0.6980739,0.3767537
gait_20260919_222612_andrew_normal_upside_down_2,andrew_normal_upside_down_2,2513824574749443,2026-09-19T22:26:27.699105Z,-5.0261774,8.7940521,0.9192986,-0.5035974,0.4108851,0.4931221,-1.6099584,9.3140326,2.6254408,0.3847722,-0.4644858,-0.6973271,0.3872185
gait_20260919_222612_andrew_normal_upside_down_2,andrew_normal_upside_down_2,2513824594917453,2026-09-19T22:26:27.718992Z,-5.3434839,10.1932392,0.6207716,-0.3426041,0.5894316,0.2196817,-1.6548071,9.2981625,2.6536596,0.3892417,-0.4597081,-0.6948882,0.3927974
gait_20260919_222612_andrew_normal_upside_down_2,andrew_normal_upside_down_2,2513824615087863,2026-09-19T22:26:27.739059Z,-5.4971619,10.4147024,0.8848820,-0.2096893,0.5048131,-0.0028811,-1.6466230,9.2870169,2.6974194,0.3922314,-0.4547642,-0.6922775,0.4001200
gait_20260919_222612_andrew_normal_upside_down_2,andrew_normal_upside_down_2,2513824635255466,2026-09-19T22:26:27.759960Z,-6.3419409,10.6801596,1.2992285,0.0756753,0.4006597,-0.1029877,-1.6762717,9.2750015,2.7204015,0.3962243,-0.4500244,-0.6901935,0.4051139
gait_20260919_222612_andrew_normal_upside_down_2,andrew_normal_upside_down_2,2513824655420423,2026-09-19T22:26:27.779753Z,-6.6592474,10.8110180,1.1223569,0.4862274,0.0445825,-0.1598275,-1.7219226,9.2735796,2.6966348,0.4010806,-0.4470752,-0.6877502,0.4077474
gait_20260919_222612_andrew_normal_upside_down_2,andrew_normal_upside_down_2,2513824675572768,2026-09-19T22:26:27.800186Z,-6.1433721,10.2862387,0.7781904,1.0955272,-0.8981950,-0.5518271,-1.7573805,9.2924871,2.6071858,0.4055775,-0.4480775,-0.6848910,0.4070106
gait_20260919_222612_andrew_normal_upside_down_2,andrew_normal_upside_down_2,2513824695762302,2026-09-19T22:26:27.820352Z,-5.6818147,8.6169567,1.5589246,2.0593219,-2.4889426,-1.5220170,-1.8119289,9.3276749,2.4387460,0.4080302,-0.4551974,-0.6842447,0.3976379
gait_20260919_222612_andrew_normal_upside_down_2,andrew_normal_upside_down_2,2513824715905776,2026-09-19T22:26:27.840178Z,-6.1040173,8.1495628,2.1122844,2.6757662,-2.1303508,-2.4716725,-1.9963539,9.3603029,2.1529973,0.4077916,-0.4708515,-0.6895830,0.3694324
gait_20260919_222612_andrew_normal_upside_down_2,andrew_normal_upside_down_2,2513824736115939,2026-09-19T22:26:27.860169Z,-5.5760956,10.4678240,0.6020669,2.7311404,-0.4575327,-3.3213549,-2.3959031,9.3506165,1.7497866,0.4150999,-0.4858586,-0.6941410,0.3313634
gait_20260919_222612_andrew_normal_upside_down_2,andrew_normal_upside_down_2,2513824756242445,2026-09-19T22:26:27.880799Z,-5.5933042,13.0772791,-2.0382886,2.4041743,0.4946543,-4.0755267,-2.9927957,9.2571878,1.2584710,0.4377017,-0.4915438,-0.6922177,0.2960349
gait_20260919_222612_andrew_normal_upside_down_2,andrew_normal_upside_down_2,2513824776411634,2026-09-19T22:26:27.900801Z,-6.2119060,15.8931599,-2.8621185,1.7388508,-0.0770077,-4.3686357,-3.7535989,9.0309877,0.7667390,0.4700354,-0.4870486,-0.6881524,0.2613366
gait_20260919_222612_andrew_normal_upside_down_2,andrew_normal_upside_down_2,2513824796605279,2026-09-19T22:26:27.921231Z,-6.3030353,18.6101303,-1.3432968,1.1930691,-0.8196719,-4.0156226,-4.5402846,8.6847897,0.4431163,0.4973732,-0.4765654,-0.6894214,0.2240616
gait_20260919_222612_andrew_normal_upside_down_2,andrew_normal_upside_down_2,2513824816773939,2026-09-19T22:26:27.941002Z,-3.5965400,19.3801651,-1.8091186,0.5836527,-2.0461986,-3.0954614,-5.2325110,8.2922735,0.3084438,0.5155191,-0.4641067,-0.6953351,0.1880273
gait_20260919_222612_andrew_normal_upside_down_2,andrew_normal_upside_down_2,2513824836945692,2026-09-19T22:26:27.961077Z,-1.2286744,13.7654629,-0.3386299,0.3410720,-1.6639749,-1.9187630,-5.7367463,7.9461002,0.4305212,0.5184010,-0.4537579,-0.7080191,0.1551548
gait_20260919_222612_andrew_normal_upside_down_2,andrew_normal_upside_down_2,2513824857109958,2026-09-19T22:26:27.981178Z,-0.6465093,8.8248777,1.2775310,0.1517337,0.2314227,-1.1208411,-6.0269051,7.7169895,0.6005029,0.5157931,-0.4468393,-0.7187282,0.1331240
gait_20260919_222612_andrew_normal_upside_down_2,andrew_normal_upside_down_2,2513824877279473,2026-09-19T22:26:28.001349Z,-0.6470330,5.8946743,1.2676550,-0.2095561,1.8326623,-0.6940182,-6.1942205,7.5862947,0.5620397,0.5227394,-0.4407815,-0.7186034,0.1267456
gait_20260919_222612_andrew_normal_upside_down_2,andrew_normal_upside_down_2,2513824897448093,2026-09-19T22:26:28.021531Z,-0.5695956,4.2069864,0.7728034,-0.1580622,2.2256279,-0.5730775,-6.3134227,7.4996119,0.3641608,0.5398606,-0.4315912,-0.7103150,0.1331626
gait_20260919_222612_andrew_normal_upside_down_2,andrew_normal_upside_down_2,2513824917592502,2026-09-19T22:26:28.041659Z,-1.0342951,3.6985178,0.4900632,-0.0025814,1.8280158,-0.7205645,-6.4044738,7.4302621,0.1003096,0.5593942,-0.4223573,-0.6988787,0.1423410
gait_20260919_222612_andrew_normal_upside_down_2,andrew_normal_upside_down_2,2513824937785170,2026-09-19T22:26:28.061860Z,-2.7489176,4.4683285,0.7160159,-0.1121641,1.2536560,-0.9492059,-6.5043139,7.3422894,-0.1442686,0.5766602,-0.4139299,-0.6887220,0.1476049
gait_20260919_222612_andrew_normal_upside_down_2,andrew_normal_upside_down_2,2513824957956190,2026-09-19T22:26:28.082287Z,-3.9004538,5.9973254,1.6132430,-0.3170071,0.7299906,-0.9911904,-6.6355591,7.2190413,-0.3015301,0.5904793,-0.4041023,-0.6825231,0.1489900
gait_20260919_222612_andrew_normal_upside_down_2,andrew_normal_upside_down_2,2513824978123142,2026-09-19T22:26:28.102254Z,-3.2136919,6.7120695,2.2070799,-0.4179797,0.4834129,-0.7646641,-6.7749801,7.0859432,-0.3537884,0.6002682,-0.3928764,-0.6805162,0.1490772
gait_20260919_222612_andrew_normal_upside_down_2,andrew_normal_upside_down_2,2513824998292412,2026-09-19T22:26:28.122415Z,-0.9183260,6.5842791,2.0941036,-0.3284650,0.0816707,-0.2874297,-6.8833232,6.9805007,-0.3585601,0.6071174,-0.3825675,-0.6800825,0.1501284
gait_20260919_222612_andrew_normal_upside_down_2,andrew_normal_upside_down_2,2513825018442844,2026-09-19T22:26:28.142959Z,1.3777883,5.8907838,0.4781670,-0.1978817,-0.5432171,0.1886554,-6.9245749,6.9412160,-0.3254382,0.6097045,-0.3761651,-0.6807577,0.1527394
gait_20260919_222612_andrew_normal_upside_down_2,andrew_normal_upside_down_2,2513825038629082,2026-09-19T22:26:28.163425Z,2.1305401,4.7873559,-1.3402293,-0.1966493,-0.5967594,0.5918465,-6.8983126,6.9712763,-0.2251634,0.6062248,-0.3748317,-0.6839665,0.1555075
gait_20260919_222612_andrew_normal_upside_down_2,andrew_normal_upside_down_2,2513825058799981,2026-09-19T22:26:28.183710Z,0.4872200,4.2381110,-2.5022399,-0.2992374,-0.0077607,1.1477705,-6.8143601,7.0560799,-0.1111646,0.6003544,-0.3763258,-0.6871879,0.1603946
gait_20260919_222612_andrew_normal_upside_down_2,andrew_normal_upside_down_2,2513825078967054,2026-09-19T22:26:28.203810Z,-3.3927333,5.7328410,-5.2183123,-0.3011692,1.0389539,1.7019458,-6.6520362,7.2099338,-0.0580728,0.5961112,-0.3793512,-0.6865079,0.1716135
gait_20260919_222612_andrew_normal_upside_down_2,andrew_normal_upside_down_2,2513825099136081,2026-09-19T22:26:28.223653Z,-8.9834938,8.0057611,-8.3636951,-0.3374747,2.1469049,2.0417354,-6.3998437,7.4334693,-0.1472498,0.5972438,-0.3836160,-0.6779523,0.1910999
gait_20260919_222612_andrew_normal_upside_down_2,andrew_normal_upside_down_2,2513825119300591,2026-09-19T22:26:28.244024Z,-14.9866552,9.3853455,-4.2210526,-1.1107322,1.4997340,2.1436739,-6.0796332,7.6901064,-0.3693973,0.6042685,-0.3876357,-0.6614955,0.2168456
gait_20260919_222612_andrew_normal_upside_down_2,andrew_normal_upside_down_2,2513825139473687,2026-09-19T22:26:28.263842Z,-21.7083015,11.2597065,3.7694461,-1.4509715,-0.9980685,1.8841062,-5.7240047,7.9557290,-0.4222280,0.6063974,-0.3881403,-0.6488328,0.2462630
gait_20260919_222612_andrew_normal_upside_down_2,andrew_normal_upside_down_2,2513825159617811,2026-09-19T22:26:28.283737Z,-21.9641075,10.6958714,2.0954502,-0.3122940,-3.1560483,1.0970594,-5.4183931,8.1775141,-0.0735083,0.5904648,-0.3898227,-0.6543807,0.2667875
gait_20260919_222612_andrew_normal_upside_down_2,andrew_normal_upside_down_2,2513825179810072,2026-09-19T22:26:28.303937Z,-12.9868231,6.1741972,-1.4056208,0.3317291,-3.2456129,-0.0748426,-5.2139192,8.3031807,0.3291754,0.5653148,-0.4001876,-0.6699995,0.2671516
gait_20260919_222612_andrew_normal_upside_down_2,andrew_normal_upside_down_2,2513825199953586,2026-09-19T22:26:28.324218Z,-5.4418707,7.9891520,-2.9186816,-0.0782067,-1.6771148,-0.9673920,-5.1859331,8.3037615,0.6243078,0.5441533,-0.4100172,-0.6869425,0.2527709
gait_20260919_222612_andrew_normal_upside_down_2,andrew_normal_upside_down_2,2513825220139377,2026-09-19T22:26:28.344982Z,-3.5899558,15.7716541,-4.6080151,-1.0340242,-0.3885023,-1.5991246,-5.3368883,8.2110586,0.5763937,0.5442386,-0.4117822,-0.6912361,0.2375555
gait_20260919_222612_andrew_normal_upside_down_2,andrew_normal_upside_down_2,2513825240318088,2026-09-19T22:26:28.365345Z,-3.4963574,20.4873333,-1.9221699,-1.3017192,-0.4207776,-1.4029583,-5.5905495,8.0239544,0.7733212,0.5470973,-0.3954553,-0.7002073,0.2323995
gait_20260919_222612_andrew_normal_upside_down_2,andrew_normal_upside_down_2,2513825260485243,2026-09-19T22:26:28.386204Z,-1.0979660,14.6893253,5.1566615,-0.1283849,0.3141926,-0.6145624,-5.8223476,7.8262367,1.0423115,0.5483213,-0.3760024,-0.7104834,0.2306067
gait_20260919_222612_andrew_normal_upside_down_2,andrew_normal_upside_down_2,2513825280652723,2026-09-19T22:26:28.404943Z,1.2065281,8.9011927,3.5500774,0.4231924,0.5179365,-0.3225695,-5.9226384,7.7492523,1.0524036,0.5527616,-0.3687406,-0.7108963,0.2304597
gait_20260919_222612_andrew_normal_upside_down_2,andrew_normal_upside_down_2,2513825300824395,2026-09-19T22:26:28.425585Z,1.3481600,6.6945620,2.7814639,0.2043767,-0.2499252,0.0203344,-5.2558365,8.1786442,1.3122784,0.5312280,-0.3803239,-0.7117337,0.2580419
gait_20260919_222612_andrew_normal_upside_down_2,andrew_normal_upside_down_2,2513825320990451,2026-09-19T22:26:28.445153Z,1.0376620,8.2821426,3.4536359,-0.1681545,-0.7328717,0.6912370,-5.2512751,8.1848888,1.2914526,0.5318427,-0.3805774,-0.7110054,0.2584098
gait_20260919_222612_andrew_normal_upside_down_2,andrew_normal_upside_down_2,2513825341159804,2026-09-19T22:26:28.465822Z,0.9038112,10.0726309,4.5959692,-0.2397663,-0.4939215,1.2318394,-5.1087031,8.2561474,1.4047352,0.5242308,-0.3831321,-0.7132104,0.2640506
gait_20260919_222612_andrew_normal_upside_down_2,andrew_normal_upside_down_2,2513825361328749,2026-09-19T22:26:28.485419Z,0.6933458,10.3882914,4.8066592,0.0543417,0.3869035,1.3178900,-4.8817911,8.3740454,1.5098350,0.5157993,-0.3872996,-0.7130694,0.2747404
gait_20260919_222612_andrew_normal_upside_down_2,andrew_normal_upside_down_2,2513825381497735,2026-09-19T22:26:28.506692Z,0.1740285,9.7287636,3.7152772,0.3697167,1.5950611,1.1186761,-4.6578565,8.5057850,1.4805853,0.5139061,-0.3916706,-0.7067431,0.2881128
gait_20260919_222612_andrew_normal_upside_down_2,andrew_normal_upside_down_2,2513825401665826,2026-09-19T22:26:28.526324Z,-0.8910171,8.8277206,2.1716905,0.4210940,2.3593254,0.9582824,-4.4684978,8.6362247,1.2978017,0.5211359,-0.3941926,-0.6932238,0.3040893
gait_20260919_222612_andrew_normal_upside_down_2,andrew_normal_upside_down_2,2513825421834852,2026-09-19T22:26:28.546630Z,-2.2730701,8.0641947,0.7169138,0.2668289,2.4229932,0.9425777,-4.3375149,8.7399187,1.0177939,0.5357940,-0.3931919,-0.6748126,0.3208628
gait_20260919_222612_andrew_normal_upside_down_2,andrew_normal_upside_down_2,2513825442002333,2026-09-19T22:26:28.566802Z,-3.1915457,7.0679078,-0.7897125,-0.0963428,1.7861313,1.1196088,-4.2161756,8.8257093,0.7528893,0.5510231,-0.3900449,-0.6559505,0.3375906
gait_20260919_222612_andrew_normal_upside_down_2,andrew_normal_upside_down_2,2513825462174167,2026-09-19T22:26:28.586514Z,-4.0946836,5.8550949,-3.0609121,-0.7878796,0.2676616,1.3772780,-4.0439477,8.9171267,0.6061981,0.5601336,-0.3872732,-0.6406474,0.3547404
gait_20260919_222612_andrew_normal_upside_down_2,andrew_normal_upside_down_2,2513825482340997,2026-09-19T22:26:28.606666Z,-3.4061260,6.2766242,-0.3942951,-1.4418451,-1.2795196,1.5124743,-3.8065312,9.0146790,0.6942736,0.5566277,-0.3867404,-0.6346588,0.3712220
gait_20260919_222612_andrew_normal_upside_down_2,andrew_normal_upside_down_2,2513825502509494,2026-09-19T22:26:28.626819Z,-4.5521255,7.2114854,1.4778210,-1.5100429,-1.3389906,1.3848054,-3.5031302,9.1024179,1.0536660,0.5380613,-0.3889717,-0.6404031,0.3861023
gait_20260919_222612_andrew_normal_upside_down_2,andrew_normal_upside_down_2,2513825522677707,2026-09-19T22:26:28.646948Z,-5.9152493,7.8404870,2.2403743,-1.2807519,-0.7494424,1.4408458,-3.2137535,9.1570053,1.4342738,0.5186509,-0.3900155,-0.6472642,0.3999228
gait_20260919_222612_andrew_normal_upside_down_2,andrew_normal_upside_down_2,2513825542822482,2026-09-19T22:26:28.667107Z,-6.1591587,8.4986677,2.3040450,-0.9709893,0.0126070,1.6189760,-3.1346707,9.1252117,1.7721323,0.5069194,-0.3851270,-0.6522252,0.4114756
gait_20260919_222612_andrew_normal_upside_down_2,andrew_normal_upside_down_2,2513825563017022,2026-09-19T22:26:28.687810Z,-5.4995561,8.6900539,1.6167595,-0.6876564,0.5441663,1.5829870,-2.8394523,9.1837130,1.9578167,0.4976142,-0.3850552,-0.6480923,0.4290561
gait_20260919_222612_andrew_normal_upside_down_2,andrew_normal_upside_down_2,2513825583182386,2026-09-19T22:26:28.707325Z,-5.6342301,8.4117289,0.4996400,-0.5197350,0.5769912,1.3770615,-2.5882914,9.2366209,2.0546722,0.4937715,-0.3839862,-0.6397179,0.4466604
gait_20260919_222612_andrew_normal_upside_down_2,andrew_normal_upside_down_2,2513825603327406,2026-09-19T22:26:28.727560Z,-6.1101522,8.1307840,-1.2526164,-0.6021219,-0.1988310,1.2960734,-2.5054574,9.2595654,2.0540807,0.4964876,-0.3814561,-0.6307508,0.4584154
gait_20260919_222612_andrew_normal_upside_down_2,andrew_normal_upside_down_2,2513825623496392,2026-09-19T22:26:28.747814Z,-5.7137623,8.0818520,-0.1808371,-0.8255340,-1.2594016,1.2270597,-2.3507352,9.2912855,2.0933676,0.4937353,-0.3827218,-0.6251040,0.4679686
gait_20260919_222612_andrew_normal_upside_down_2,andrew_normal_upside_down_2,2513825643664931,2026-09-19T22:26:28.767858Z,-5.4414220,7.9975314,1.1763012,-0.7954571,-1.4052066,1.0262136,-2.6764190,9.2398453,1.9230585,0.5036721,-0.3812000,-0.6239156,0.4601416
gait_20260919_222612_andrew_normal_upside_down_2,andrew_normal_upside_down_2,2513825663832370,2026-09-19T22:26:28.788001Z,-5.8494835,8.5527620,1.7854760,-0.5707960,-0.8559774,0.7948743,-2.9223678,9.1494923,1.9956614,0.5029670,-0.3775072,-0.6314912,0.4535761
gait_20260919_222612_andrew_normal_upside_down_2,andrew_normal_upside_down_2,2513825684002333,2026-09-19T22:26:28.808625Z,-6.2089133,9.4184151,1.6694319,-0.2730741,-0.0933285,0.6396931,-2.7454059,9.1677275,2.1567638,0.4928639,-0.3801536,-0.6332014,0.4600267
gait_20260919_222612_andrew_normal_upside_down_2,andrew_normal_upside_down_2,2513825704174167,2026-09-19T22:26:28.830377Z,-6.0237365,9.8956099,0.7374889,-0.0689805,0.4546183,0.4804152,-2.6219399,9.1893263,2.2176228,0.4894625,-0.3805689,-0.6304603,0.4670263
gait_20260919_222612_andrew_normal_upside_down_2,andrew_normal_upside_down_2,2513825724343316,2026-09-19T22:26:28.848420Z,-6.1281838,10.1199169,0.0492308,-0.0582887,0.4366987,0.2832163,-2.5521665,9.2118816,2.2054021,0.4914388,-0.3788906,-0.6245638,0.4741832
gait_20260919_222612_andrew_normal_upside_down_2,andrew_normal_upside_down_2,2513825744509291,2026-09-19T22:26:28.868693Z,-6.8588643,10.3234987,0.5282208,-0.0738434,0.1267529,0.1618759,-2.5206332,9.2246637,2.1881649,0.4944302,-0.3762010,-0.6193488,0.4800195
gait_20260919_222612_andrew_normal_upside_down_2,andrew_normal_upside_down_2,2513825764704156,2026-09-19T22:26:28.888929Z,-7.0928226,10.1239567,1.1364976,0.1795957,-0.2717251,0.0928455,-2.4999094,9.2286196,2.1952560,0.4957428,-0.3740667,-0.6164562,0.4840404
gait_20260919_222612_andrew_normal_upside_down_2,andrew_normal_upside_down_2,2513825784894097,2026-09-19T22:26:28.910192Z,-6.4714522,10.0655985,1.0500071,0.9110186,-1.3183064,-0.3835061,-2.4710605,9.2398024,2.1808286,0.4957951,-0.3750921,-0.6150271,0.4850103
gait_20260919_222612_andrew_normal_upside_down_2,andrew_normal_upside_down_2,2513825805039850,2026-09-19T22:26:28.930331Z,-5.9854293,8.4584150,1.9207484,2.3693178,-2.9597819,-1.5252479,-2.4812312,9.2588329,2.0865374,0.4953050,-0.3822626,-0.6172948,0.4769649
gait_20260919_222612_andrew_normal_upside_down_2,andrew_normal_upside_down_2,2513825825208957,2026-09-19T22:26:28.949250Z,-5.9734583,8.0411510,1.1374702,2.8742142,-1.6969496,-2.5140734,-2.6400273,9.2729769,1.8105968,0.4940390,-0.4021994,-0.6287491,0.4459100
gait_20260919_222612_andrew_normal_upside_down_2,andrew_normal_upside_down_2,2513825845376194,2026-09-19T22:26:28.969851Z,-4.8626237,10.7103863,-2.4201639,2.5802727,0.1564634,-3.3531637,-3.1789668,9.1798239,1.3642237,0.5095727,-0.4119307,-0.6372529,0.4056568
gait_20260919_222612_andrew_normal_upside_down_2,andrew_normal_upside_down_2,2513825865519341,2026-09-19T22:26:28.990372Z,-5.6740336,12.9904146,-1.1703905,1.8394071,1.3098463,-4.0826883,-3.7869406,9.0081797,0.8648043,0.5357422,-0.4097905,-0.6372945,0.3727035
gait_20260919_222612_andrew_normal_upside_down_2,andrew_normal_upside_down_2,2513825885713108,2026-09-19T22:26:29.010918Z,-7.2655792,15.2124586,-0.6184523,1.5062957,1.8873204,-4.1975503,-4.5298901,8.6912956,0.4214393,0.5686196,-0.3927451,-0.6359633,0.3434732
gait_20260919_222612_andrew_normal_upside_down_2,andrew_normal_upside_down_2,2513825905882826,2026-09-19T22:26:29.030493Z,-6.6326871,18.5986824,0.2158522,1.3955473,1.5116249,-3.7671466,-5.2641850,8.2779140,-0.0248489,0.6032500,-0.3693219,-0.6320406,0.3165683
gait_20260919_222612_andrew_normal_upside_down_2,andrew_normal_upside_down_2,2513825926030328,2026-09-19T22:26:29.050144Z,-4.2611551,19.6685162,-0.1432032,1.0336080,-0.7835495,-3.1171780,-5.8745947,7.8443379,-0.4377486,0.6330507,-0.3472891,-0.6272375,0.2919081
gait_20260919_222612_andrew_normal_upside_down_2,andrew_normal_upside_down_2,2513825946219944,2026-09-19T22:26:29.070754Z,-1.2463316,14.9598703,-0.9513211,-0.0207008,-2.3226535,-2.2170510,-6.3695159,7.4419117,-0.5323063,0.6441597,-0.3337828,-0.6354363,0.2643256
gait_20260919_222612_andrew_normal_upside_down_2,andrew_normal_upside_down_2,2513825966389907,2026-09-19T22:26:29.090547Z,0.0508768,8.9157076,0.4752491,-0.5777572,-1.5427678,-1.3268166,-6.7212644,7.1421337,-0.2250278,0.6373269,-0.3236140,-0.6556669,0.2432887
gait_20260919_222612_andrew_normal_upside_down_2,andrew_normal_upside_down_2,2513825986560194,2026-09-19T22:26:29.111481Z,0.4836287,5.9327569,2.0152445,-0.2524066,0.7255607,-0.8590417,-6.9102945,6.9621944,0.1084919,0.6291115,-0.3134358,-0.6714948,0.2346732
gait_20260919_222612_andrew_normal_upside_down_2,andrew_normal_upside_down_2,2513826006727308,2026-09-19T22:26:29.131349Z,0.3137152,4.6760254,1.4199113,0.1160777,2.1307006,-0.6895882,-7.0270510,6.8448339,0.0703043,0.6358202,-0.3028159,-0.6700100,0.2347807
gait_20260919_222612_andrew_normal_upside_down_2,andrew_normal_upside_down_2,2513826026895603,2026-09-19T22:26:29.150982Z,-0.6124667,3.7485716,0.2879776,0.1041369,2.4181635,-0.6724014,-7.1133890,6.7506971,-0.2527485,0.6533977,-0.2922659,-0.6565006,0.2380319
gait_20260919_222612_andrew_normal_upside_down_2,andrew_normal_upside_down_2,2513826047063490,2026-09-19T22:26:29.171155Z,-1.8789246,4.0529346,-0.0329951,-0.3111949,2.0208681,-0.7128537,-7.1790752,6.6563015,-0.6250259,0.6724418,-0.2811473,-0.6405988,0.2416847
gait_20260919_222612_andrew_normal_upside_down_2,andrew_normal_upside_down_2,2513826067227064,2026-09-19T22:26:29.191732Z,-3.1124623,5.2126260,1.4255974,-0.7574196,1.1707195,-0.8040505,-7.2388926,6.5601249,-0.8940487,0.6878679,-0.2677177,-0.6279710,0.2466120
gait_20260919_222612_andrew_normal_upside_down_2,andrew_normal_upside_down_2,2513826087379611,2026-09-19T22:26:29.211386Z,-3.7869537,6.1181579,2.8441620,-0.7018455,0.3682678,-0.7194653,-7.3190932,6.4589620,-0.9740579,0.6964671,-0.2525335,-0.6226906,0.2518274
gait_20260919_222612_andrew_normal_upside_down_2,andrew_normal_upside_down_2,2513826107570286,2026-09-19T22:26:29.232118Z,-1.2779800,6.6510177,1.5219641,-0.2168671,0.0366552,-0.3085136,-7.4072719,6.3640666,-0.9311978,0.6993245,-0.2399434,-0.6231858,0.2549742
gait_20260919_222612_andrew_normal_upside_down_2,andrew_normal_upside_down_2,2513826127736830,2026-09-19T22:26:29.251876Z,1.4411598,6.2077160,-1.0697592,-0.0574893,0.1957167,0.1054858,-7.4489064,6.3198848,-0.8994451,0.7001353,-0.2341892,-0.6239016,0.2563451
gait_20260919_222612_andrew_normal_upside_down_2,andrew_normal_upside_down_2,2513826147905735,2026-09-19T22:26:29.272300Z,1.2594249,4.9882445,-1.5340099,-0.4006263,0.4201114,0.5124074,-7.4302549,6.3387508,-0.9206763,0.7014345,-0.2326531,-0.6218190,0.2592362
gait_20260919_222612_andrew_normal_upside_down_2,andrew_normal_upside_down_2,2513826168075860,2026-09-19T22:26:29.292238Z,-0.7425766,4.8036666,-1.8397944,-0.7725580,0.5955603,1.1260871,-7.3566375,6.4209733,-0.9418602,0.7027099,-0.2310699,-0.6174735,0.2674547
gait_20260919_222612_andrew_normal_upside_down_2,andrew_normal_upside_down_2,2513826188243910,2026-09-19T22:26:29.312774Z,-3.6773441,6.0868835,-3.1444848,-0.8141428,1.1022720,1.5661498,-7.2010531,6.5972972,-0.9255406,0.7021137,-0.2309615,-0.6115121,0.2823938
gait_20260919_222612_andrew_normal_upside_down_2,andrew_normal_upside_down_2,2513826208413343,2026-09-19T22:26:29.333223Z,-7.7431474,8.4104567,-5.4268322,-0.5145224,1.4126341,1.7626159,-6.9676337,6.8380961,-0.9636738,0.7030596,-0.2321170,-0.6005576,0.3019266
gait_20260919_222612_andrew_normal_upside_down_2,andrew_normal_upside_down_2,2513826228582167,2026-09-19T22:26:29.353284Z,-12.5616283,9.9627218,-7.1888900,-0.5529763,-0.1603438,1.8913506,-6.6893148,7.0918355,-1.0931978,0.7067012,-0.2350736,-0.5849270,0.3212076
gait_20260919_222612_andrew_normal_upside_down_2,andrew_normal_upside_down_2,2513826248733208,2026-09-19T22:26:29.372865Z,-17.2724438,11.7947350,-0.6590788,-1.2526067,-2.7603681,1.7777044,-6.4114137,7.3511810,-1.0440432,0.7019799,-0.2437303,-0.5780078,0.3372338
gait_20260919_222612_andrew_normal_upside_down_2,andrew_normal_upside_down_2,2513826268921401,2026-09-19T22:26:29.394650Z,-19.4193707,11.8807020,2.3356934,-0.8329450,-3.1469219,1.1927527,-6.1838689,7.5982876,-0.5117641,0.6776127,-0.2570042,-0.5931080,0.3507319
gait_20260919_222612_andrew_normal_upside_down_2,andrew_normal_upside_down_2,2513826289087741,2026-09-19T22:26:29.413855Z,-15.2233067,6.6222873,-1.3386580,0.0566399,-2.2768385,0.1532326,-6.0004730,7.7607145,0.0420190,0.6515267,-0.2696640,-0.6120716,0.3579983
gait_20260919_222612_andrew_normal_upside_down_2,andrew_normal_upside_down_2,2513826309231256,2026-09-19T22:26:29.433293Z,-8.0195284,5.9707651,-2.0210803,-0.0581388,-0.8813080,-0.4631284,-5.9624500,7.7835388,0.3191431,0.6369299,-0.2786228,-0.6259398,0.3533964
gait_20260919_222612_andrew_normal_upside_down_2,andrew_normal_upside_down_2,2513826329426853,2026-09-19T22:26:29.453550Z,-5.7316442,12.2125988,1.0054151,-0.2747062,0.5958601,-0.8166575,-6.0888648,7.6831112,0.3628007,0.6361811,-0.2765296,-0.6316822,0.3460964
gait_20260919_222612_andrew_normal_upside_down_2,andrew_normal_upside_down_2,2513826349569024,2026-09-19T22:26:29.484720Z,-3.2351651,19.0607643,-4.5492826,-0.3110783,0.9671922,-1.0389205,-6.2164373,7.5809932,0.3472352,0.6410872,-0.2664064,-0.6313803,0.3455342
gait_20260919_222612_andrew_normal_upside_down_2,andrew_normal_upside_down_2,2513826369737929,2026-09-19T22:26:29.493726Z,-2.9004257,16.5695972,1.0226982,-0.3742465,-0.4398963,-1.1475706,-6.3750458,7.4524164,0.2374715,0.6509854,-0.2523670,-0.6269410,0.3456500
gait_20260919_222612_andrew_normal_upside_down_2,andrew_normal_upside_down_2,2513826389930841,2026-09-19T22:26:29.514104Z,-0.7300819,9.9448404,4.5467386,0.2533392,-0.4024916,-0.7393335,-6.5453553,7.2979708,0.3661190,0.6498396,-0.2422001,-0.6345068,0.3412461
gait_20260919_222612_andrew_normal_upside_down_2,andrew_normal_upside_down_2,2513826410099948,2026-09-19T22:26:29.534122Z,1.2158804,5.7647886,3.1826422,0.3325951,-1.1977155,-0.2415815,-6.6534696,7.1984000,0.3879315,0.6503872,-0.2385763,-0.6384746,0.3353029
gait_20260919_222612_andrew_normal_upside_down_2,andrew_normal_upside_down_2,2513826430245579,2026-09-19T22:26:29.554832Z,1.4943559,5.2037225,3.2826750,-0.1625588,-1.4346007,0.3441363,-6.6782122,7.1692538,0.4892830,0.6452927,-0.2418669,-0.6452076,0.3298561
gait_20260919_222612_andrew_normal_upside_down_2,andrew_normal_upside_down_2,2513826450438368,2026-09-19T22:26:29.574494Z,1.3331963,7.9319153,4.4378023,-0.4792827,-0.9575662,0.9206612,-6.6142316,7.2099147,0.7107601,0.6346397,-0.2469449,-0.6536600,0.3301200
gait_20260919_222612_andrew_normal_upside_down_2,andrew_normal_upside_down_2,2513826470606500,2026-09-19T22:26:29.594722Z,0.7592612,10.7164469,5.2444239,-0.1793792,-0.2225295,1.1340309,-6.4237480,7.3530231,0.9511186,0.6227382,-0.2524714,-0.6580127,0.3398157
gait_20260919_222612_andrew_normal_upside_down_2,andrew_normal_upside_down_2,2513826490775404,2026-09-19T22:26:29.614983Z,-0.0409259,12.0521870,5.0198927,0.3854047,0.8521637,0.9308034,-6.2407160,7.4991665,1.0257081,0.6174033,-0.2580504,-0.6557165,0.3496557
gait_20260919_222612_andrew_normal_upside_down_2,andrew_normal_upside_down_2,2513826510944228,2026-09-19T22:26:29.634813Z,-1.2550106,11.3345251,3.1536126,0.7949075,1.9362996,0.6874066,-6.1041989,7.6289177,0.8800461,0.6215234,-0.2624951,-0.6458656,0.3572994
gait_20260919_222612_andrew_normal_upside_down_2,andrew_normal_upside_down_2,2513826531110365,2026-09-19T22:26:29.654921Z,-2.7344775,9.6350155,0.8402900,0.7677283,2.2562876,0.7395000,-6.0218091,7.7265253,0.5241702,0.6352689,-0.2640093,-0.6284772,0.3629725
gait_20260919_222612_andrew_normal_upside_down_2,andrew_normal_upside_down_2,2513826551280735,2026-09-19T22:26:29.675846Z,-3.4235587,7.7517519,-1.0268133,0.3407556,1.8765953,1.0408524,-5.7126307,7.9732509,0.1710562,0.6467999,-0.2695559,-0.6059464,0.3765880
gait_20260919_222612_andrew_normal_upside_down_2,andrew_normal_upside_down_2,2513826571450087,2026-09-19T22:26:29.696255Z,-3.6769700,5.4990325,-3.8174050,-0.4568499,0.7600676,1.3689510,-5.5482616,8.0894938,-0.1139961,0.6578023,-0.2698729,-0.5873718,0.3865997
gait_20260919_222612_andrew_normal_upside_down_2,andrew_normal_upside_down_2,2513826591618178,2026-09-19T22:26:29.716332Z,-2.9367876,5.2786908,-1.3659669,-1.3909841,-0.9598644,1.6029717,-5.3232727,8.2385654,-0.1579397,0.6586422,-0.2719642,-0.5761111,0.4004023
gait_20260919_222612_andrew_normal_upside_down_2,andrew_normal_upside_down_2,2513826611787571,2026-09-19T22:26:29.736591Z,-3.3950529,6.4783359,1.2662334,-1.6138300,-1.3040341,1.4373819,-5.0505443,8.4083376,0.1672359,0.6436859,-0.2772849,-0.5784615,0.4173294
gait_20260919_222612_andrew_normal_upside_down_2,andrew_normal_upside_down_2,2513826631954807,2026-09-19T22:26:29.756639Z,-5.2571430,7.3534164,2.1805191,-1.4433106,-0.6952339,1.3693174,-4.7894773,8.5410995,0.5887451,0.6247514,-0.2818666,-0.5850330,0.4335589
gait_20260919_222612_andrew_normal_upside_down_2,andrew_normal_upside_down_2,2513826652124241,2026-09-19T22:26:29.776427Z,-6.1411276,8.2472019,2.5903018,-1.1107655,0.1053193,1.5070784,-4.5604234,8.6347075,0.9383346,0.6097903,-0.2831048,-0.5881451,0.4495476
gait_20260919_222612_andrew_normal_upside_down_2,andrew_normal_upside_down_2,2513826672293837,2026-09-19T22:26:29.797023Z,-6.0379524,9.2141600,2.2472575,-0.7496089,0.7149854,1.6101995,-4.3045821,8.7417345,1.1352340,0.6010510,-0.2840826,-0.5835538,0.4663687
gait_20260919_222612_andrew_normal_upside_down_2,andrew_normal_upside_down_2,2513826692461236,2026-09-19T22:26:29.817363Z,-5.5727291,9.2792521,1.2176012,-0.4806317,0.9493725,1.4544355,-4.0353985,8.8588800,1.2132292,0.5973294,-0.2849239,-0.5729661,0.4834520
gait_20260919_222612_andrew_normal_upside_down_2,andrew_normal_upside_down_2,2513826712630547,2026-09-19T22:26:29.837485Z,-5.6568999,8.3087778,-1.3549685,-0.4573495,0.5430339,1.2664628,-3.7940795,8.9634752,1.2235867,0.5967956,-0.2851011,-0.5602345,0.4986880
gait_20260919_222612_andrew_normal_upside_down_2,andrew_normal_upside_down_2,2513826732798557,2026-09-19T22:26:29.856904Z,-5.1861401,7.6208186,-1.4282161,-0.8488995,-0.8680848,1.2199818,-3.6717808,9.0249004,1.1425182,0.5999008,-0.2853971,-0.5491238,0.5070805
gait_20260919_222612_andrew_normal_upside_down_2,andrew_normal_upside_down_2,2513826752969252,2026-09-19T22:26:29.877654Z,-5.1627965,7.8135519,1.1184663,-0.9170473,-1.3594916,1.1179433,-3.4688470,9.0838709,1.2986482,0.5904449,-0.2910254,-0.5485094,0.5155742
gait_20260919_222612_andrew_normal_upside_down_2,andrew_normal_upside_down_2,2513826773136163,2026-09-19T22:26:29.897185Z,-5.0355301,7.7816043,1.7877204,-0.6371284,-0.8682846,0.9524701,-3.2927451,9.1083450,1.5594867,0.5759767,-0.2971381,-0.5541298,0.5223984
gait_20260919_222612_andrew_normal_upside_down_2,andrew_normal_upside_down_2,2513826793307224,2026-09-19T22:26:29.917433Z,-5.2549734,8.0128689,1.6104747,-0.3026347,-0.1921194,0.6983482,-3.1571240,9.1220112,1.7485967,0.5656869,-0.3007219,-0.5569976,0.5285057
gait_20260919_222612_andrew_normal_upside_down_2,andrew_normal_upside_down_2,2513826813476454,2026-09-19T22:26:29.938386Z,-5.8236713,8.7756472,0.9205706,-0.0434500,0.2867303,0.5188857,-3.3744628,9.0366096,1.7857295,0.5670958,-0.2931562,-0.5611495,0.5268521
gait_20260919_222612_andrew_normal_upside_down_2,andrew_normal_upside_down_2,2513826833641696,2026-09-19T22:26:29.958575Z,-5.6327338,9.1131544,0.0129437,0.0360890,0.2861307,0.3401227,-3.2955692,9.0681505,1.7731243,0.5675244,-0.2933754,-0.5561405,0.5315588
gait_20260919_222612_andrew_normal_upside_down_2,andrew_normal_upside_down_2,2513826853812066,2026-09-19T22:26:29.977989Z,-5.9528832,9.0196314,0.4983681,0.0263964,0.1256870,0.1773974,-3.2445257,9.0927763,1.7408588,0.5691112,-0.2930518,-0.5514041,0.5349642
gait_20260919_222612_andrew_normal_upside_down_2,andrew_normal_upside_down_2,2513826873979668,2026-09-19T22:26:29.998279Z,-6.6393456,9.3242188,1.2892028,0.1783134,0.1676049,0.1596610,-3.2180734,9.1045856,1.7281909,0.5698937,-0.2926392,-0.5488691,0.5369601
gait_20260919_222612_andrew_normal_upside_down_2,andrew_normal_upside_down_2,2513826894151300,2026-09-19T22:26:30.018525Z,-7.0402999,9.8898487,1.7396120,0.5113748,0.3886522,0.1052693,-3.1968913,9.1192627,1.6896943,0.5716175,-0.2926453,-0.5458922,0.5381579
gait_20260919_222612_andrew_normal_upside_down_2,andrew_normal_upside_down_2,2513826914318373,2026-09-19T22:26:30.038769Z,-7.1695118,11.0906906,1.3516017,0.9166309,0.6701698,-0.2628819,-3.1881378,9.1423292,1.5778750,0.5763184,-0.2931419,-0.5409455,0.5378688
gait_20260919_222612_andrew_normal_upside_down_2,andrew_normal_upside_down_2,2513826934485203,2026-09-19T22:26:30.058994Z,-7.2875757,12.8320980,0.1521066,1.4171807,0.1801286,-1.0460651,-3.2478547,9.1548367,1.3698591,0.5858408,-0.2922802,-0.5347551,0.5342284
gait_20260919_222612_andrew_normal_upside_down_2,andrew_normal_upside_down_2,2513826954655124,2026-09-19T22:26:30.078985Z,-5.8372135,13.0501947,0.6310966,2.0526271,-0.9646108,-2.1738842,-3.4364333,9.1229792,1.0946565,0.5982735,-0.2911603,-0.5331142,0.5225741
gait_20260919_222612_andrew_normal_upside_down_2,andrew_normal_upside_down_2,2513826974822809,2026-09-19T22:26:30.098966Z,-4.9907136,11.8232412,0.8916905,2.4171643,-0.7706761,-3.1632094,-3.8017242,9.0083923,0.7949056,0.6100236,-0.2935473,-0.5431226,0.4967083
gait_20260919_222612_andrew_normal_upside_down_2,andrew_normal_upside_down_2,2513826994992201,2026-09-19T22:26:30.119417Z,-4.9827080,12.2906342,-0.1304092,2.5236661,-0.2647804,-3.6511521,-4.3537202,8.7804241,0.4305638,0.6267171,-0.2905786,-0.5557039,0.4625829
gait_20260919_222612_andrew_normal_upside_down_2,andrew_normal_upside_down_2,2513827015161961,2026-09-19T22:26:30.140759Z,-4.5652938,14.6504946,-2.3258173,2.1831937,-0.0306099,-3.6984658,-4.9879322,8.4472733,0.0154019,0.6474686,-0.2818536,-0.5659292,0.4255198
gait_20260919_222612_andrew_normal_upside_down_2,andrew_normal_upside_down_2,2513827035327976,2026-09-19T22:26:30.159626Z,-3.1846623,16.9579067,-2.9530234,1.4420117,-1.5579062,-3.6966672,-5.6055684,8.0425758,-0.3615211,0.6676153,-0.2690459,-0.5741627,0.3901812
gait_20260919_222612_andrew_normal_upside_down_2,andrew_normal_upside_down_2,2513827055497858,2026-09-19T22:26:30.179526Z,-1.6642694,16.7143707,-3.3627312,0.5699965,-2.6752501,-3.3618739,-6.1978674,7.5914941,-0.4379351,0.6754658,-0.2571145,-0.5926967,0.3554558
gait_20260919_222612_andrew_normal_upside_down_2,andrew_normal_upside_down_2,2513827075667087,2026-09-19T22:26:30.199671Z,-1.8252795,12.2669916,-0.4159926,0.1592946,-0.4829799,-2.2204819,-6.7224879,7.1426001,-0.1659890,0.6695028,-0.2464308,-0.6213396,0.3239983
gait_20260919_222612_andrew_normal_upside_down_2,andrew_normal_upside_down_2,2513827095838149,2026-09-19T22:26:30.219975Z,-1.3104514,9.3663416,1.6252141,0.1984812,1.4300542,-1.0943780,-7.0493984,6.8217769,-0.0739082,0.6707034,-0.2335795,-0.6334730,0.3070990
gait_20260919_222612_andrew_normal_upside_down_2,andrew_normal_upside_down_2,2513827116004978,2026-09-19T22:26:30.240714Z,-0.0011223,7.3481045,2.0611832,0.0916964,2.1047039,-0.4479068,-6.8681207,7.0026536,-0.1670213,0.6743426,-0.2322679,-0.6251013,0.3171153
gait_20260919_222612_andrew_normal_upside_down_2,andrew_normal_upside_down_2,2513827136171157,2026-09-19T22:26:30.260350Z,0.7251438,6.0069022,1.9661633,-0.1626920,2.2650476,-0.2671619,-6.9135499,6.9435163,-0.4759681,0.6891037,-0.2224683,-0.6113279,0.3192524
gait_20260919_222612_andrew_normal_upside_down_2,andrew_normal_upside_down_2,2513827156340387,2026-09-19T22:26:30.280507Z,0.6456863,5.2382140,1.1113585,-0.1939680,1.5765586,-0.3814244,-6.9151058,6.9150190,-0.7745669,0.7034068,-0.2114268,-0.5957749,0.3249152
gait_20260919_222612_andrew_normal_upside_down_2,andrew_normal_upside_down_2,2513827176485122,2026-09-19T22:26:30.300730Z,-0.2941875,5.1668367,0.3841197,-0.2581688,0.7357029,-0.5552579,-6.9319205,6.8724556,-0.9767032,0.7135869,-0.2012822,-0.5850109,0.3286967
gait_20260919_222612_andrew_normal_upside_down_2,andrew_normal_upside_down_2,2513827196647605,2026-09-19T22:26:30.328268Z,-1.3578864,6.1264629,0.8789713,-0.5021652,0.3366587,-0.5830365,-6.9890714,6.8034678,-1.0496875,0.7185308,-0.1926808,-0.5814040,0.3294798
gait_20260919_222612_andrew_normal_upside_down_2,andrew_normal_upside_down_2,2513827216826999,2026-09-19T22:26:30.345687Z,-2.2179286,7.3344126,1.2822447,-0.6234556,0.2121208,-0.4120343,-7.0610323,6.7321095,-1.0279288,0.7200884,-0.1837307,-0.5815820,0.3308750
gait_20260919_222612_andrew_normal_upside_down_2,andrew_normal_upside_down_2,2513827237016656,2026-09-19T22:26:30.361229Z,-2.0914848,8.1097593,0.7011270,-0.4326018,0.0338407,-0.1283183,-7.1134062,6.6854177,-0.9699181,0.7201778,-0.1750827,-0.5821543,0.3343450
gait_20260919_222612_andrew_normal_upside_down_2,andrew_normal_upside_down_2,2513827257186374,2026-09-19T22:26:30.381512Z,-1.6966660,8.0345669,-0.4927566,-0.2023283,-0.0482797,0.1278853,-7.1295934,6.6760979,-0.9136468,0.7193401,-0.1702537,-0.5826128,0.3378253
gait_20260919_222612_andrew_normal_upside_down_2,andrew_normal_upside_down_2,2513827277353163,2026-09-19T22:26:30.401806Z,-2.6066871,7.5430074,-1.6878374,-0.2743564,0.3029512,0.4054560,-7.1121387,6.6996593,-0.8764585,0.7182516,-0.1693065,-0.5825393,0.3407315
gait_20260919_222612_andrew_normal_upside_down_2,andrew_normal_upside_down_2,2513827297523370,2026-09-19T22:26:30.421472Z,-4.6036010,6.8125515,-3.1395466,-0.6722349,0.9105523,0.8124607,-7.0535507,6.7607684,-0.8806468,0.7184599,-0.1690325,-0.5793160,0.3458849
gait_20260919_222612_andrew_normal_upside_down_2,andrew_normal_upside_down_2,2513827317690688,2026-09-19T22:26:30.441854Z,-6.3119388,6.7601032,-3.7506666,-1.0051131,1.6578296,1.2052764,-6.9293566,6.8831892,-0.9175240,0.7202106,-0.1669956,-0.5707586,0.3572730
gait_20260919_222612_andrew_normal_upside_down_2,andrew_normal_upside_down_2,2513827337859429,2026-09-19T22:26:30.462245Z,-7.7437463,7.2144780,-1.9883097,-0.8489828,2.1498859,1.3733310,-6.6916523,7.0589046,-1.2766168,0.7327820,-0.1656996,-0.5468459,0.3695049
gait_20260919_222612_andrew_normal_upside_down_2,andrew_normal_upside_down_2,2513827358027032,2026-09-19T22:26:30.482100Z,-8.3483572,8.0010481,-0.3585317,-0.6571465,1.7111554,1.4626459,-6.4337187,7.2647524,-1.4376264,0.7392084,-0.1615920,-0.5262535,0.3879644
gait_20260919_222612_andrew_normal_upside_down_2,andrew_normal_upside_down_2,2513827378195855,2026-09-19T22:26:30.502160Z,-9.0387096,8.6429186,-1.6845454,-0.6775308,0.4606636,1.3655037,-6.1617856,7.4703813,-1.5690553,0.7438295,-0.1608856,-0.5074379,0.4041539
gait_20260919_222612_andrew_normal_upside_down_2,andrew_normal_upside_down_2,2513827398365452,2026-09-19T22:26:30.522385Z,-9.1156988,8.5814171,-3.1479263,-0.6384608,-1.3630722,0.9504383,-5.9312663,7.6601672,-1.5420886,0.7421641,-0.1641559,-0.4975170,0.4179978
gait_20260919_222612_andrew_normal_upside_down_2,andrew_normal_upside_down_2,2513827418535495,2026-09-19T22:26:30.542680Z,-8.6994820,6.9062991,-2.8275523,-0.2821671,-1.7446297,0.1572961,-5.8113670,7.7978191,-1.2876844,0.7314623,-0.1725590,-0.5031729,0.4266185
gait_20260919_222612_andrew_normal_upside_down_2,andrew_normal_upside_down_2,2513827438704034,2026-09-19T22:26:30.562800Z,-7.0964136,5.3201408,-1.4582933,-0.3034508,-0.4391135,-0.3906673,-5.8231564,7.8287840,-1.0183927,0.7203391,-0.1796065,-0.5160236,0.4272854
gait_20260919_222612_andrew_normal_upside_down_2,andrew_normal_upside_down_2,2513827458871596,2026-09-19T22:26:30.583072Z,-4.4619689,5.1253123,1.8032827,-0.4414451,0.7039605,-0.4695402,-5.9014268,7.7830739,-0.9127089,0.7173765,-0.1764423,-0.5216227,0.4267892
gait_20260919_222612_andrew_normal_upside_down_2,andrew_normal_upside_down_2,2513827479041477,2026-09-19T22:26:30.603211Z,-3.1561563,6.7495537,0.6363339,-0.5477969,1.3341110,-0.3211372,-5.9668279,7.7319965,-0.9215838,0.7200289,-0.1665599,-0.5190930,0.4293700
gait_20260919_222612_andrew_normal_upside_down_2,andrew_normal_upside_down_2,2513827499209039,2026-09-19T22:26:30.624916Z,-2.4249523,11.6200333,-4.6965261,-1.1250045,0.8007197,-0.3557274,-5.9912338,7.7032332,-1.0007101,0.7254904,-0.1543619,-0.5108461,0.4345946
gait_20260919_222612_andrew_normal_upside_down_2,andrew_normal_upside_down_2,2513827519380263,2026-09-19T22:26:30.643519Z,-4.3982234,20.8470631,-8.6136646,-1.3976123,-0.6248046,-0.3409054,-6.0204854,7.6862717,-0.9545287,0.7264439,-0.1415448,-0.5061945,0.4427319
gait_20260919_222612_andrew_normal_upside_down_2,andrew_normal_upside_down_2,2513827539546848,2026-09-19T22:26:30.663906Z,-6.6608934,20.9825592,5.3137813,-0.1635413,-0.5742100,0.1162942,-6.0890622,7.6650043,-0.6380932,0.7170563,-0.1320663,-0.5136219,0.4523067
gait_20260919_222612_andrew_normal_upside_down_2,andrew_normal_upside_down_2,2513827559690281,2026-09-19T22:26:30.684075Z,-2.1888242,16.0041904,6.5444007,0.8910505,0.0506945,0.1572295,-6.0816827,7.6808567,-0.5036663,0.7119442,-0.1339278,-0.5183639,0.4544202
gait_20260919_222612_andrew_normal_upside_down_2,andrew_normal_upside_down_2,2513827579884210,2026-09-19T22:26:30.704005Z,-1.1945570,8.3358622,3.5858407,1.1665727,-0.3342439,0.0546748,-6.0462008,7.6977029,-0.6518885,0.7164752,-0.1380863,-0.5144715,0.4504604
gait_20260919_222612_andrew_normal_upside_down_2,andrew_normal_upside_down_2,2513827600052545,2026-09-19T22:26:30.725018Z,-2.1574001,4.7198696,2.6459670,0.6620760,-0.0443160,0.2955902,-6.0247402,7.7029619,-0.7765167,0.7196280,-0.1453080,-0.5142248,0.4433894
gait_20260919_222612_andrew_normal_upside_down_2,andrew_normal_upside_down_2,2513827620220961,2026-09-19T22:26:30.745131Z,-3.4410665,4.7774053,2.5404725,0.0137062,1.0229827,0.9743700,-5.9868164,7.7228236,-0.8672532,0.7218696,-0.1501714,-0.5123093,0.4403319
gait_20260919_222612_andrew_normal_upside_down_2,andrew_normal_upside_down_2,2513827640363865,2026-09-19T22:26:30.765208Z,-3.0995934,6.3947630,2.4201639,-0.5068783,2.3743973,1.4299709,-5.8273473,7.8306050,-0.9796736,0.7255110,-0.1516574,-0.5008196,0.4470053
gait_20260919_222612_andrew_normal_upside_down_2,andrew_normal_upside_down_2,2513827660558608,2026-09-19T22:26:30.784767Z,-3.8620718,8.2897739,2.2758384,-0.9029581,3.5396376,1.2204814,-5.5438652,8.0096540,-1.1606483,0.7325122,-0.1481802,-0.4772778,0.4622494
gait_20260919_222612_andrew_normal_upside_down_2,andrew_normal_upside_down_2,2513827680726292,2026-09-19T22:26:30.804921Z,-5.3037553,8.7921820,1.3089550,-1.1976988,3.7743578,0.9112184,-5.2217755,8.2053261,-1.2813151,0.7394612,-0.1354544,-0.4476937,0.4841690
gait_20260919_222612_andrew_normal_upside_down_2,andrew_normal_upside_down_2,2513827700895684,2026-09-19T22:26:30.825007Z,-4.5801077,7.5326824,-0.9093477,-1.5444165,2.4941888,0.7014292,-4.9643779,8.3363523,-1.4478619,0.7484773,-0.1162042,-0.4155250,0.5036042
gait_20260919_222612_andrew_normal_upside_down_2,andrew_normal_upside_down_2,2513827721063572,2026-09-19T22:26:30.845192Z,-3.6376154,7.1592617,-0.3814262,-1.9393638,0.1347800,0.3591748,-4.7629352,8.4515772,-1.4565058,0.7510464,-0.1002851,-0.3921547,0.5216197
gait_20260919_222612_andrew_normal_upside_down_2,andrew_normal_upside_down_2,2513827741254815,2026-09-19T22:26:30.865288Z,-4.0765772,7.5398650,1.8959833,-1.8467515,-1.2211642,0.0284449,-4.6871843,8.5407476,-1.1498083,0.7415404,-0.0927758,-0.3888367,0.5388104
gait_20260919_222612_andrew_normal_upside_down_2,andrew_normal_upside_down_2,2513827761401585,2026-09-19T22:26:30.886429Z,-4.7555580,7.8356986,2.4839094,-1.4091535,-1.1215239,-0.0756420,-4.7049928,8.5795918,-0.6998205,0.7261229,-0.0912109,-0.3989086,0.5525378
gait_20260919_222612_andrew_normal_upside_down_2,andrew_normal_upside_down_2,2513827781563735,2026-09-19T22:26:30.905730Z,-5.0296192,8.6634188,0.7449708,-0.9594148,-0.5951939,-0.0351397,-4.7524219,8.5798006,-0.1939481,0.7089321,-0.0886423,-0.4123450,0.5652694
gait_20260919_222612_andrew_normal_upside_down_2,andrew_normal_upside_down_2,2513827801741265,2026-09-19T22:26:30.925872Z,-5.0162268,9.6685343,-0.1842039,-0.8275492,-0.8764617,-0.0177697,-4.7606683,8.5773640,0.0313955,0.7010537,-0.0865332,-0.4167399,0.5721571
gait_20260919_222612_andrew_normal_upside_down_2,andrew_normal_upside_down_2,2513827821907159,2026-09-19T22:26:30.946911Z,-4.9699140,9.8893995,0.9332898,-0.6070015,-0.5616863,0.0714619,-4.7609758,8.5735178,0.2530049,0.6929478,-0.0865951,-0.4224099,0.5778361
gait_20260919_222612_andrew_normal_upside_down_2,andrew_normal_upside_down_2,2513827842076023,2026-09-19T22:26:30.966207Z,-4.2394576,9.4879217,0.6255600,-0.3634881,0.4502883,0.1926191,-4.7462058,8.5748329,0.4265176,0.6864759,-0.0871304,-0.4263614,0.5825592
gait_20260919_222612_andrew_normal_upside_down_2,andrew_normal_upside_down_2,2513827862245335,2026-09-19T22:26:30.986714Z,-3.9995139,9.0331736,0.1553238,-0.3568432,1.4453257,0.2732739,-4.7167292,8.5896358,0.4546760,0.6858773,-0.0835797,-0.4220507,0.5869071
gait_20260919_222612_andrew_normal_upside_down_2,andrew_normal_upside_down_2,2513827882413059,2026-09-19T22:26:31.006784Z,-4.0467997,8.9347868,0.5514894,-0.5356395,2.0101762,0.3401394,-4.6787553,8.6140985,0.3777149,0.6897644,-0.0747019,-0.4098865,0.5921467
gait_20260919_222612_andrew_normal_upside_down_2,andrew_normal_upside_down_2,2513827902582534,2026-09-19T22:26:31.027106Z,-3.9404070,8.6369333,1.4495395,-0.6722848,2.4518046,0.3559106,-4.6309648,8.6435699,0.2810611,0.6946023,-0.0619257,-0.3932537,0.5992032
gait_20260919_222612_andrew_normal_upside_down_2,andrew_normal_upside_down_2,2513827922752414,2026-09-19T22:26:31.046910Z,-4.0335565,8.5156517,1.7593641,-0.7269096,2.9024591,0.3554276,-4.5333853,8.6948538,0.2899997,0.6962133,-0.0468213,-0.3742341,0.6107730
gait_20260919_222612_andrew_normal_upside_down_2,andrew_normal_upside_down_2,2513827942920180,2026-09-19T22:26:31.067070Z,-3.9741504,8.2646351,1.6400281,-0.7230626,2.9904251,0.3128270,-4.4613986,8.7323933,0.2780848,0.6983681,-0.0278758,-0.3525765,0.6222498
gait_20260919_222612_andrew_normal_upside_down_2,andrew_normal_upside_down_2,2513827963090427,2026-09-19T22:26:31.088690Z,-4.1900773,7.9221888,1.2984055,-0.7529563,2.7043443,0.2545050,-4.4149709,8.7589293,0.1590232,0.7034048,-0.0075686,-0.3287522,0.6301479
gait_20260919_222612_andrew_normal_upside_down_2,andrew_normal_upside_down_2,2513827983255914,2026-09-19T22:26:31.107433Z,-4.6105590,7.8956285,1.3319992,-0.8162745,2.2450297,0.1921528,-4.3757253,8.7798891,0.0517601,0.7073053,0.0114659,-0.3068461,0.6367363
gait_20260919_222612_andrew_normal_upside_down_2,andrew_normal_upside_down_2,2513828003425754,2026-09-19T22:26:31.127629Z,-4.7703719,8.2995749,1.4796915,-0.8079975,1.7360862,0.1783966,-4.3480358,8.7937822,0.0094520,0.7084463,0.0285563,-0.2885850,0.6434339
gait_20260919_222612_andrew_normal_upside_down_2,andrew_normal_upside_down_2,2513828023574111,2026-09-19T22:26:31.147908Z,-4.2785883,8.8422356,1.5048306,-0.7118545,1.2882462,0.0918463,-4.3864336,8.7727909,0.1829220,0.7020743,0.0448170,-0.2787664,0.6537372
gait_20260919_222612_andrew_normal_upside_down_2,andrew_normal_upside_down_2,2513828043738173,2026-09-19T22:26:31.169060Z,-3.7490954,8.7372646,1.4187142,-0.5540088,1.0692307,-0.0495953,-4.3659306,8.7808714,0.2665968,0.6964359,0.0560142,-0.2682694,0.6632276
gait_20260919_222612_andrew_normal_upside_down_2,andrew_normal_upside_down_2,2513828063932062,2026-09-19T22:26:31.188028Z,-3.6528037,8.3784342,1.1521348,-0.3882691,0.9966030,-0.1536656,-4.3589230,8.7826729,0.3170694,0.6936811,0.0647645,-0.2597245,0.6686968
gait_20260919_222612_andrew_normal_upside_down_2,andrew_normal_upside_down_2,2513828084100640,2026-09-19T22:26:31.208208Z,-3.8420203,8.5024090,0.4608090,-0.2454286,0.8138763,-0.1397762,-4.3922510,8.7666664,0.2996932,0.6933700,0.0745189,-0.2526379,0.6707155
gait_20260919_222612_andrew_normal_upside_down_2,andrew_normal_upside_down_2,2513828104269261,2026-09-19T22:26:31.228505Z,-4.3449526,9.1241531,-0.2518401,-0.0677814,-0.1329814,-0.1279686,-4.4235845,8.7519007,0.2688024,0.6935912,0.0827994,-0.2467086,0.6717221
gait_20260919_222612_andrew_normal_upside_down_2,andrew_normal_upside_down_2,2513828124437921,2026-09-19T22:26:31.249174Z,-5.1668367,9.2031612,1.8314147,0.2649803,-0.7790363,-0.1897046,-4.4445105,8.7408018,0.2843250,0.6927826,0.0848275,-0.2465080,0.6723767
gait_20260919_222612_andrew_normal_upside_down_2,andrew_normal_upside_down_2,2513828144607233,2026-09-19T22:26:31.269243Z,-5.9000611,9.2630911,2.7821372,0.5508446,0.4699399,-0.2962896,-4.4716716,8.7255945,0.3229055,0.6918987,0.0803190,-0.2533900,0.6712813
gait_20260919_222612_andrew_normal_upside_down_2,andrew_normal_upside_down_2,2513828164774998,2026-09-19T22:26:31.290172Z,-7.0977607,9.2022638,1.4348750,0.7060756,1.9957707,-0.3413051,-4.5242877,8.7020721,0.2021757,0.6959513,0.0836842,-0.2530609,0.6667901
gait_20260919_222612_andrew_normal_upside_down_2,andrew_normal_upside_down_2,2513828184944391,2026-09-19T22:26:31.309153Z,-7.9431381,8.6440411,-0.8626608,0.8120944,1.9126344,-0.3940147,-4.5876498,8.6705933,-0.1020105,0.7051654,0.0982440,-0.2415080,0.6593662
gait_20260919_222612_andrew_normal_upside_down_2,andrew_normal_upside_down_2,2513828205114068,2026-09-19T22:26:31.329561Z,-7.3332152,7.5719624,-0.7267898,0.9391636,0.6826269,-0.7037774,-4.6442285,8.6299725,-0.4368619,0.7149085,0.1136814,-0.2292822,0.6507013
gait_20260919_222612_andrew_normal_upside_down_2,andrew_normal_upside_down_2,2513828225283014,2026-09-19T22:26:31.349617Z,-6.4787097,6.3705220,-0.2704700,1.0747931,0.5342406,-1.2440799,-4.7575054,8.5532160,-0.6669194,0.7216926,0.1220129,-0.2290460,0.6417248
gait_20260919_222612_andrew_normal_upside_down_2,andrew_normal_upside_down_2,2513828245449924,2026-09-19T22:26:31.369523Z,-4.8112230,6.8010292,-1.1509377,0.9960867,1.4442933,-1.6389275,-4.9656219,8.4134026,-0.8907140,0.7277711,0.1322001,-0.2346355,0.6307286
gait_20260919_222612_andrew_normal_upside_down_2,andrew_normal_upside_down_2,2513828265621474,2026-09-19T22:26:31.389909Z,-4.2800097,8.9689789,-0.7740753,0.5056459,2.6132143,-1.8424048,-5.2104492,8.2245607,-1.2016414,0.7351172,0.1502843,-0.2363765,0.6173682
gait_20260919_222612_andrew_normal_upside_down_2,andrew_normal_upside_down_2,2513828285789199,2026-09-19T22:26:31.410785Z,-4.9707370,10.8369799,1.0584617,-0.2817508,3.2949252,-1.6273363,-5.3318787,8.0964298,-1.5016674,0.7408097,0.1737592,-0.2257675,0.6083072
gait_20260919_222612_andrew_normal_upside_down_2,andrew_normal_upside_down_2,2513828305956273,2026-09-19T22:26:31.430534Z,-5.3073468,11.8533936,3.3942299,-0.9171972,3.4478412,-1.1494192,-5.4908805,7.9217787,-1.8253171,0.7434657,0.2069881,-0.2107072,0.6000144
gait_20260919_222612_andrew_normal_upside_down_2,andrew_normal_upside_down_2,2513828326124444,2026-09-19T22:26:31.450429Z,-5.2939539,11.5297270,5.1959414,-1.1654903,3.0692980,-0.7618162,-5.5401325,7.8279467,-2.0655022,0.7423099,0.2385796,-0.1896561,0.5967298
gait_20260919_222612_andrew_normal_upside_down_2,andrew_normal_upside_down_2,2513828346293390,2026-09-19T22:26:31.470520Z,-5.8160396,9.4873238,4.8891845,-1.2119880,2.5522776,-0.5532927,-5.5249453,7.7949409,-2.2248511,0.7385645,0.2659067,-0.1673264,0.5965049
gait_20260919_222612_andrew_normal_upside_down_2,andrew_normal_upside_down_2,2513828366464654,2026-09-19T22:26:31.490703Z,-6.4715271,7.8050227,2.5406220,-1.4915071,2.1626427,-0.4613132,-5.4945812,7.7895231,-2.3171101,0.7337491,0.2873976,-0.1482210,0.5975327
gait_20260919_222612_andrew_normal_upside_down_2,andrew_normal_upside_down_2,2513828386631076,2026-09-19T22:26:31.510843Z,-6.7699795,7.1427269,1.3002012,-2.0012331,1.5849688,-0.4068882,-5.4702325,7.8097801,-2.3065081,0.7260787,0.3059029,-0.1308029,0.6017671
gait_20260919_222612_andrew_normal_upside_down_2,andrew_normal_upside_down_2,2513828406799941,2026-09-19T22:26:31.531090Z,-5.9663506,7.0479312,1.4223055,-2.4050570,1.1846255,-0.3165241,-5.6745172,7.8036556,-1.7716906,0.7033180,0.3218188,-0.1235502,0.6217008
gait_20260919_222612_andrew_normal_upside_down_2,andrew_normal_upside_down_2,2513828426971205,2026-09-19T22:26:31.551200Z,-4.7295957,7.3766103,1.7435774,-2.5885332,1.1891221,-0.2877795,-5.6970816,7.8468060,-1.4856062,0.6872701,0.3340796,-0.1099843,0.6355738
gait_20260919_222612_andrew_normal_upside_down_2,andrew_normal_upside_down_2,2513828447136245,2026-09-19T22:26:31.571344Z,-3.9080105,7.9200940,2.0336499,-2.6212580,1.5138899,-0.2342205,-5.7103453,7.8854790,-1.2030425,0.6705822,0.3461560,-0.0949737,0.6492115
gait_20260919_222612_andrew_normal_upside_down_2,andrew_normal_upside_down_2,2513828467305800,2026-09-19T22:26:31.591694Z,-3.1757588,8.6400003,2.1425860,-2.6458225,1.9797163,-0.0401692,-5.7144947,7.9173760,-0.9464824,0.6534992,0.3596118,-0.0773045,0.6615453
gait_20260919_222612_andrew_normal_upside_down_2,andrew_normal_upside_down_2,2513828487474705,2026-09-19T22:26:31.613158Z,-2.4438066,8.9915743,2.1337574,-2.6340482,2.4256580,0.1643907,-5.6319747,8.0049086,-0.6621569,0.6358924,0.3714863,-0.0530450,0.6744072
gait_20260919_222612_andrew_normal_upside_down_2,andrew_normal_upside_down_2,2513828507645318,2026-09-19T22:26:31.633114Z,-2.5591023,8.7951746,1.9097500,-2.6296182,2.8638721,0.3046998,-5.4373803,8.1570892,-0.3645698,0.6186593,0.3808248,-0.0213499,0.6868605
gait_20260919_222612_andrew_normal_upside_down_2,andrew_normal_upside_down_2,2513828527812514,2026-09-19T22:26:31.652159Z,-3.3254714,8.7268648,1.4339024,-2.6314003,3.2231634,0.5024983,-5.3331499,8.2311563,-0.2042672,0.6011484,0.3976918,0.0106605,0.6930715
gait_20260919_222612_andrew_normal_upside_down_2,andrew_normal_upside_down_2,2513828547980930,2026-09-19T22:26:31.672521Z,-3.6492124,8.9900780,1.1624597,-2.5871508,3.3821583,0.6823771,-5.1964803,8.3203640,-0.0653333,0.5831666,0.4149740,0.0465583,0.6968111
gait_20260919_222612_andrew_normal_upside_down_2,andrew_normal_upside_down_2,2513828568150364,2026-09-19T22:26:31.693731Z,-3.6838534,9.6205006,1.0325743,-2.4879434,3.5401537,0.6959001,-4.8588285,8.5197153,0.2057934,0.5651463,0.4224105,0.0902375,0.7028771
gait_20260919_222612_andrew_normal_upside_down_2,andrew_normal_upside_down_2,2513828588317681,2026-09-19T22:26:31.713364Z,-4.0970778,9.9682589,1.2183493,-2.3510816,3.6108830,0.6096662,-4.7448387,8.5809603,0.2995809,0.5461574,0.4410136,0.1271298,0.7007548
gait_20260919_222612_andrew_normal_upside_down_2,andrew_normal_upside_down_2,2513828608486220,2026-09-19T22:26:31.733115Z,-3.9553709,10.1129580,1.2696003,-2.1549320,3.4293888,0.5215003,-4.6625819,8.6233559,0.3662965,0.5264107,0.4604412,0.1626378,0.6960134
gait_20260919_222612_andrew_normal_upside_down_2,andrew_normal_upside_down_2,2513828628654270,2026-09-19T22:26:31.753134Z,-4.0320601,9.9315224,0.2204162,-1.9675590,3.0100601,0.3281652,-4.5962710,8.6563540,0.4218749,0.5070153,0.4784543,0.1954131,0.6898049
gait_20260919_222612_andrew_normal_upside_down_2,andrew_normal_upside_down_2,2513828648822768,2026-09-19T22:26:31.773389Z,-4.2940755,9.5183735,-0.7937527,-1.8194724,2.2825177,0.1673051,-4.5640922,8.6701136,0.4840530,0.4880662,0.4942710,0.2234941,0.6837676
gait_20260919_222612_andrew_normal_upside_down_2,andrew_normal_upside_down_2,2513828668993504,2026-09-19T22:26:31.793278Z,-2.4137294,9.5418663,-1.5836896,-1.5542424,1.8161416,0.0495287,-4.5575480,8.6673851,0.5842415,0.4702340,0.5058221,0.2460093,0.6800761
gait_20260919_222612_andrew_normal_upside_down_2,andrew_normal_upside_down_2,2513828689163100,2026-09-19T22:26:31.814079Z,-1.0304794,9.4421329,-1.6860417,-1.1606606,1.5008665,0.0099590,-4.4248056,8.7392235,0.5321534,0.4618104,0.5148857,0.2662752,0.6713578
gait_20260919_222612_andrew_normal_upside_down_2,andrew_normal_upside_down_2,2513828709328912,2026-09-19T22:26:31.833455Z,-0.8503157,8.6251116,0.6084265,-0.6894883,1.4972527,0.2901610,-4.2369580,8.8361902,0.4539182,0.4577843,0.5212622,0.2845669,0.6616200
gait_20260919_222612_andrew_normal_upside_down_2,andrew_normal_upside_down_2,2513828729497329,2026-09-19T22:26:31.853734Z,-0.6655881,8.1461220,2.3323267,-0.4414451,1.4599479,0.5237653,-4.2026839,8.8524628,0.4555110,0.4495969,0.5281973,0.2975086,0.6560175
gait_20260919_222612_andrew_normal_upside_down_2,andrew_normal_upside_down_2,2513828749667698,2026-09-19T22:26:31.873890Z,-0.6562357,8.6670103,2.3775918,-0.1819439,1.2277426,0.5941780,-4.1203370,8.8933029,0.4099933,0.4445404,0.5345742,0.3105987,0.6481843
gait_20260919_222612_andrew_normal_upside_down_2,andrew_normal_upside_down_2,2513828769835504,2026-09-19T22:26:31.893997Z,-1.6007483,10.0267668,1.6666636,0.0107751,0.9432772,0.5722282,-4.0171690,8.9430456,0.3470054,0.4425336,0.5391715,0.3213948,0.6404402
gait_20260919_222612_andrew_normal_upside_down_2,andrew_normal_upside_down_2,2513828789999770,2026-09-19T22:26:31.914559Z,-3.2323968,11.7582989,-0.4794389,-0.0254139,0.7916767,0.6111817,-3.8947768,8.9992485,0.2834660,0.4428117,0.5418482,0.3303726,0.6333815
gait_20260919_222612_andrew_normal_upside_down_2,andrew_normal_upside_down_2,2513828810172256,2026-09-19T22:26:31.935216Z,-5.0431614,12.4800758,-1.5606455,-0.6472040,0.5215003,0.8078809,-3.7888744,9.0461178,0.2198500,0.4430258,0.5446227,0.3382378,0.6266654
gait_20260919_222612_andrew_normal_upside_down_2,andrew_normal_upside_down_2,2513828830340183,2026-09-19T22:26:31.954579Z,-4.7185225,11.1344595,1.0268133,-0.9907741,0.4900078,1.0340909,-3.6492364,9.1015444,0.2847986,0.4415691,0.5427325,0.3489552,0.6234490
gait_20260919_222612_andrew_normal_upside_down_2,andrew_normal_upside_down_2,2513828850509577,2026-09-19T22:26:31.974749Z,-4.2877159,9.3313265,1.7658734,-0.7789364,0.9291546,0.9583489,-3.4608104,9.1686335,0.4416654,0.4391060,0.5373054,0.3631530,0.6217788
gait_20260919_222612_andrew_normal_upside_down_2,andrew_normal_upside_down_2,2513828870678155,2026-09-19T22:26:31.995377Z,-4.2045922,7.8647280,0.7068132,-0.5695302,1.1234391,0.8897848,-3.2923105,9.2253170,0.5388157,0.4354721,0.5356015,0.3778701,0.6170165
gait_20260919_222612_andrew_normal_upside_down_2,andrew_normal_upside_down_2,2513828890847915,2026-09-19T22:26:32.015240Z,-3.7847841,7.1264911,0.5831378,-0.5829533,1.0964764,0.9510712,-3.1426640,9.2755489,0.5691966,0.4319704,0.5369337,0.3916425,0.6096885
gait_20260919_222612_andrew_normal_upside_down_2,andrew_normal_upside_down_2,2513828911015558,2026-09-19T22:26:32.035343Z,-3.6575172,6.1716533,0.9273791,-0.6643742,1.3521138,1.0255641,-2.9793072,9.3267717,0.6092436,0.4290793,0.5372973,0.4053370,0.6024156
gait_20260919_222612_andrew_normal_upside_down_2,andrew_normal_upside_down_2,2513828931183853,2026-09-19T22:26:32.055277Z,-4.1802764,6.4251394,1.2256817,-0.7237620,1.7931592,1.1210409,-2.8049490,9.3774405,0.6572657,0.4245101,0.5385760,0.4213489,0.5934578
gait_20260919_222612_andrew_normal_upside_down_2,andrew_normal_upside_down_2,2513828951354425,2026-09-19T22:26:32.075725Z,-5.5112281,8.4187613,1.5765070,-0.7572197,2.3241689,1.1607772,-2.6188605,9.4281187,0.6987499,0.4180017,0.5416015,0.4399879,0.5816814
gait_20260919_222612_andrew_normal_upside_down_2,andrew_normal_upside_down_2,2513828971538507,2026-09-19T22:26:32.096644Z,-6.4954691,10.2408981,1.5371523,-0.8095630,2.7662303,1.0899148,-2.4991243,9.4569836,0.7456212,0.4066175,0.5478665,0.4598672,0.5683544
gait_20260919_222612_andrew_normal_upside_down_2,andrew_normal_upside_down_2,2513828991693252,2026-09-19T22:26:32.116391Z,-6.7721491,10.8415442,1.5194951,-0.8896849,2.6734347,0.8711491,-2.3316758,9.4981318,0.7647860,0.3950468,0.5552175,0.4817162,0.5510184
gait_20260919_222612_andrew_normal_upside_down_2,andrew_normal_upside_down_2,2513829011859267,2026-09-19T22:26:32.136607Z,-6.2980971,9.5836153,1.9351135,-0.9841625,2.5917807,0.5816543,-2.2050421,9.5245438,0.8105329,0.3816326,0.5622734,0.5022725,0.5347220
gait_20260919_222612_andrew_normal_upside_down_2,andrew_normal_upside_down_2,2513829032026870,2026-09-19T22:26:32.156782Z,-5.7473559,8.2513170,2.1559038,-1.1345972,3.1303012,0.3798423,-2.1356578,9.5335264,0.8871139,0.3664764,0.5686685,0.5207490,0.5207032
gait_20260919_222612_andrew_normal_upside_down_2,andrew_normal_upside_down_2,2513829052197279,2026-09-19T22:26:32.176966Z,-4.7536874,8.1105080,1.3260884,-1.2608172,3.2188001,0.2454119,-2.1665974,9.5167265,0.9868534,0.3442957,0.5777025,0.5400370,0.5060439
gait_20260919_222612_andrew_normal_upside_down_2,andrew_normal_upside_down_2,2513829072364476,2026-09-19T22:26:32.196697Z,-3.9276130,8.2522898,1.4835820,-1.2926594,2.3272667,0.0887820,-2.2812448,9.4782085,1.0934347,0.3178845,0.5875810,0.5582516,0.4919892
gait_20260919_222612_andrew_normal_upside_down_2,andrew_normal_upside_down_2,2513829092536350,2026-09-19T22:26:32.217280Z,-2.8170028,7.5290909,2.6518776,-1.0750595,1.1795294,-0.0260967,-2.3351870,9.4479399,1.2326534,0.2976540,0.5918643,0.5737712,0.4815447
gait_20260919_222612_andrew_normal_upside_down_2,andrew_normal_upside_down_2,2513829112702041,2026-09-19T22:26:32.236967Z,-2.0357449,7.5709896,3.0455742,-0.6488861,0.2339041,-0.2515572,-2.3712130,9.4176426,1.3861731,0.2840945,0.5917994,0.5846304,0.4767297
gait_20260919_222612_andrew_normal_upside_down_2,andrew_normal_upside_down_2,2513829132871881,2026-09-19T22:26:32.257754Z,-2.2626703,7.9930425,2.7636569,-0.2186991,-0.1873731,-0.4762351,-2.4222074,9.3865309,1.5040232,0.2776672,0.5897396,0.5885209,0.4782794
gait_20260919_222612_andrew_normal_upside_down_2,andrew_normal_upside_down_2,2513829153039972,2026-09-19T22:26:32.277940Z,-2.6584618,8.4815340,2.2423196,-0.0154382,-0.0578057,-0.4459083,-2.5055578,9.3556004,1.5591823,0.2742629,0.5889719,0.5875687,0.4823432
gait_20260919_222612_andrew_normal_upside_down_2,andrew_normal_upside_down_2,2513829173208917,2026-09-19T22:26:32.298073Z,-2.3611319,8.7910595,1.6236428,0.0069447,0.2167506,-0.2280086,-2.5911717,9.3310909,1.5661083,0.2718998,0.5897719,0.5851381,0.4856472
gait_20260919_222612_andrew_normal_upside_down_2,andrew_normal_upside_down_2,2513829193376886,2026-09-19T22:26:32.317557Z,-1.9439422,8.7618799,1.2495488,-0.0914799,0.3735471,-0.0601539,-2.6436753,9.3187542,1.5517558,0.2692376,0.5915965,0.5844533,0.4857355
gait_20260919_222612_andrew_normal_upside_down_2,andrew_normal_upside_down_2,2513829213545953,2026-09-19T22:26:32.338251Z,-2.5791538,8.7576904,1.1083658,-0.2007961,0.3123273,0.1249043,-2.6670823,9.3128958,1.5468611,0.2661694,0.5931607,0.5857165,0.4839942
gait_20260919_222612_andrew_normal_upside_down_2,andrew_normal_upside_down_2,2513829233713760,2026-09-19T22:26:32.357963Z,-3.1122377,9.3225727,1.2015152,-0.3175733,0.1571629,0.3613398,-2.6581531,9.3123178,1.5655985,0.2636125,0.5934701,0.5884727,0.4816654
gait_20260919_222612_andrew_normal_upside_down_2,andrew_normal_upside_down_2,2513829253883722,2026-09-19T22:26:32.378121Z,-4.0150013,10.0869217,1.4085388,-0.4385806,0.0523765,0.5408022,-2.5975637,9.3210707,1.6144397,0.2631754,0.5915436,0.5924822,0.4793536
gait_20260919_222612_andrew_normal_upside_down_2,andrew_normal_upside_down_2,2513829274050023,2026-09-19T22:26:32.400428Z,-4.9277906,10.5395756,1.0538229,-0.5495123,-0.0263631,0.7441964,-2.4999480,9.3338070,1.6930526,0.2638918,0.5878084,0.5977611,0.4769950
gait_20260919_222612_andrew_normal_upside_down_2,andrew_normal_upside_down_2,2513829294221002,2026-09-19T22:26:32.419015Z,-5.8733511,11.0528326,0.0047884,-0.7701265,-0.4368819,1.0394368,-2.3638265,9.3501902,1.7950947,0.2654153,0.5826628,0.6045370,0.4739134
gait_20260919_222612_andrew_normal_upside_down_2,andrew_normal_upside_down_2,2513829314387262,2026-09-19T22:26:32.438545Z,-6.5269680,10.7130804,0.5362263,-0.9139497,-1.2114550,1.2894619,-2.1592979,9.3683243,1.9514259,0.2699605,0.5736739,0.6127412,0.4717709
gait_20260919_222612_andrew_normal_upside_down_2,andrew_normal_upside_down_2,2513829334559544,2026-09-19T22:26:32.459752Z,-7.5134540,9.9797058,0.8742577,-0.6438066,-1.4454423,1.3605407,-1.8688279,9.3817587,2.1739867,0.2801655,0.5587722,0.6208550,0.4730962
gait_20260919_222612_andrew_normal_upside_down_2,andrew_normal_upside_down_2,2513829354725601,2026-09-19T22:26:32.478919Z,-8.7344971,9.5575781,1.6089035,0.1324318,-0.8070815,1.2285253,-1.5434005,9.3968515,2.3565245,0.2936879,0.5433995,0.6269842,0.4747161
gait_20260919_222612_andrew_normal_upside_down_2,andrew_normal_upside_down_2,2513829374895725,2026-09-19T22:26:32.499651Z,-8.9148102,9.4681702,1.7622821,0.9774176,0.5084437,0.9721217,-1.2657707,9.4343176,2.3722529,0.3064665,0.5356254,0.6298057,0.4717294
gait_20260919_222612_andrew_normal_upside_down_2,andrew_normal_upside_down_2,2513829395063939,2026-09-19T22:26:32.520135Z,-8.3809032,9.1982985,-0.1251719,1.4305038,1.1611768,0.4492058,-1.0981979,9.5013990,2.1802537,0.3135363,0.5406156,0.6306086,0.4601766
gait_20260919_222612_andrew_normal_upside_down_2,andrew_normal_upside_down_2,2513829415231175,2026-09-19T22:26:32.539425Z,-6.9305406,8.8393183,-0.2750339,1.6156286,0.6512676,-0.5251809,-1.0551472,9.5708971,1.8763546,0.3149258,0.5538706,0.6288432,0.4456515
gait_20260919_222612_andrew_normal_upside_down_2,andrew_normal_upside_down_2,2513829435400527,2026-09-19T22:26:32.560042Z,-6.5931077,8.1614599,0.5267992,1.7414155,0.6135632,-1.6987816,-1.1674446,9.6166487,1.5470148,0.3150811,0.5686879,0.6199526,0.4392915
gait_20260919_222612_andrew_normal_upside_down_2,andrew_normal_upside_down_2,2513829455568740,2026-09-19T22:26:32.580276Z,-6.1778636,8.0291052,-0.0678607,1.8251847,0.8833731,-2.5373223,-1.5217562,9.6174927,1.1934040,0.3091798,0.5873967,0.6039026,0.4412195
gait_20260919_222612_andrew_normal_upside_down_2,andrew_normal_upside_down_2,2513829475738662,2026-09-19T22:26:32.600469Z,-5.2474170,10.2921495,-0.0716016,1.8038677,0.9443097,-3.1311507,-2.1932802,9.5302982,0.7739755,0.2918808,0.6134081,0.5804590,0.4490026
gait_20260919_222612_andrew_normal_upside_down_2,andrew_normal_upside_down_2,2513829495905613,2026-09-19T22:26:32.620258Z,-5.8650460,13.3918924,0.0686837,1.7551551,0.7728744,-3.3979628,-2.7993457,9.3944454,0.3796995,0.2750067,0.6370812,0.5575559,0.4556648
gait_20260919_222612_andrew_normal_upside_down_2,andrew_normal_upside_down_2,2513829516075414,2026-09-19T22:26:32.641264Z,-4.6359973,16.3258362,0.3803040,1.6283689,0.1926857,-3.2899289,-3.4435432,9.1857576,-0.0005689,0.2564475,0.6596153,0.5322963,0.4645461
gait_20260919_222612_andrew_normal_upside_down_2,andrew_normal_upside_down_2,2513829536243585,2026-09-19T22:26:32.660873Z,-1.8090439,17.2608471,-0.0632219,1.4341843,-1.2537060,-3.2248621,-4.0462713,8.9308958,-0.3208028,0.2402590,0.6778615,0.5064397,0.4757081
gait_20260919_222612_andrew_normal_upside_down_2,andrew_normal_upside_down_2,2513829556412612,2026-09-19T22:26:32.682154Z,-0.0058359,14.9626379,-1.7419313,1.1256042,-2.3315301,-3.0877006,-4.6254911,8.6379271,-0.4766223,0.2308988,0.6870599,0.4779918,0.4961433
gait_20260919_222612_andrew_normal_upside_down_2,andrew_normal_upside_down_2,2513829576580784,2026-09-19T22:26:32.701398Z,-0.8338556,11.0610619,-0.9852140,0.5734439,-1.0093765,-2.4544024,-5.1782656,8.3202963,-0.4408848,0.2262421,0.6875118,0.4486430,0.5242724
gait_20260919_222612_andrew_normal_upside_down_2,andrew_normal_upside_down_2,2513829596749770,2026-09-19T22:26:32.721231Z,-1.1228058,9.5987291,1.9090017,-0.0752090,1.2151355,-1.4067386,-5.6064672,8.0400028,-0.4024843,0.2182173,0.6888112,0.4274403,0.5433371
gait_20260919_222612_andrew_normal_upside_down_2,andrew_normal_upside_down_2,2513829616919041,2026-09-19T22:26:32.741983Z,-0.0578349,8.0043402,2.9322984,-0.1779969,1.5015327,-0.7898947,-5.1036711,8.3768120,-0.1330657,0.2257442,0.6754974,0.4542809,0.5351372
gait_20260919_222612_andrew_normal_upside_down_2,andrew_normal_upside_down_2,2513829637086236,2026-09-19T22:26:32.761522Z,-0.0004489,6.5572696,2.1105635,-0.2017787,1.3105958,-0.6862575,-5.2254052,8.2983131,-0.2631657,0.2121379,0.6847250,0.4551049,0.5282316
gait_20260919_222612_andrew_normal_upside_down_2,andrew_normal_upside_down_2,2513829657256321,2026-09-19T22:26:32.781557Z,-1.0426000,5.9335051,-0.0646434,-0.4282552,1.1580126,-0.8396899,-5.3244648,8.2310581,-0.3685839,0.2006209,0.6920588,0.4557718,0.5225688
gait_20260919_222612_andrew_normal_upside_down_2,andrew_normal_upside_down_2,2513829677424168,2026-09-19T22:26:32.802414Z,-2.6955719,6.4522238,-0.5728876,-0.7230126,0.6534992,-1.0490961,-5.4483819,8.1464987,-0.4310778,0.1874229,0.6980112,0.4566261,0.5187926
gait_20260919_222612_andrew_normal_upside_down_2,andrew_normal_upside_down_2,2513829697594578,2026-09-19T22:26:32.821694Z,-4.5297546,6.6768298,0.5811924,-0.7484098,0.2467609,-1.1196253,-5.6109896,8.0373173,-0.3930031,0.1731082,0.7002946,0.4575677,0.5198585
gait_20260919_222612_andrew_normal_upside_down_2,andrew_normal_upside_down_2,2513829717761285,2026-09-19T22:26:32.843317Z,-5.3759556,6.1876645,0.5367501,-0.5147222,0.1080838,-0.9978853,-5.7915492,7.9124842,-0.2943939,0.1599742,0.6998175,0.4574625,0.5247779
gait_20260919_222612_andrew_normal_upside_down_2,andrew_normal_upside_down_2,2513829737931411,2026-09-19T22:26:32.862267Z,-2.8854620,6.2186399,-0.2552817,-0.3032010,0.1978484,-0.8258671,-5.9520869,7.7948680,-0.2209300,0.1494697,0.6994568,0.4560190,0.5295901
gait_20260919_222612_andrew_normal_upside_down_2,andrew_normal_upside_down_2,2513829758099420,2026-09-19T22:26:32.882472Z,-1.0203040,6.1813798,-0.9365818,-0.2209307,0.1784799,-0.5396365,-6.0809407,7.6954556,-0.1956163,0.1411289,0.7002603,0.4539935,0.5325485
gait_20260919_222612_andrew_normal_upside_down_2,andrew_normal_upside_down_2,2513829778271011,2026-09-19T22:26:32.902845Z,-0.9122657,5.8531499,-0.8640075,-0.2973222,0.2914766,-0.0864005,-6.1654301,7.6281610,-0.1864081,0.1352533,0.7010794,0.4527493,0.5340527
gait_20260919_222612_andrew_normal_upside_down_2,andrew_normal_upside_down_2,2513829798438450,2026-09-19T22:26:32.922492Z,-2.1377976,5.5735521,-1.0934020,-0.3952305,0.6792295,0.4599808,-6.1809883,7.6157990,-0.1763971,0.1317700,0.7013719,0.4544932,0.5330572
gait_20260919_222612_andrew_normal_upside_down_2,andrew_normal_upside_down_2,2513829818606297,2026-09-19T22:26:32.943254Z,-3.9891140,5.8870425,-2.0461447,-0.3795758,1.0093765,0.9644110,-6.1113553,7.6712980,-0.1965477,0.1297767,0.7024602,0.4604332,0.5269810
gait_20260919_222612_andrew_normal_upside_down_2,andrew_normal_upside_down_2,2513829838772638,2026-09-19T22:26:32.962941Z,-5.9540057,6.8366427,-3.2585833,-0.2024782,1.1193422,1.2677451,-5.9587789,7.7885399,-0.2602064,0.1297217,0.7047542,0.4694797,0.5158319
gait_20260919_222612_andrew_normal_upside_down_2,andrew_normal_upside_down_2,2513829858942438,2026-09-19T22:26:32.983162Z,-8.3392286,7.5521350,-4.9378166,-0.0467309,1.0249646,1.3875034,-5.7988572,7.8885098,-0.6170719,0.1318117,0.7168744,0.4707966,0.4970587
gait_20260919_222612_andrew_normal_upside_down_2,andrew_normal_upside_down_2,2513829879110284,2026-09-19T22:26:33.003278Z,-11.8271322,8.4767456,-6.1911812,-0.2364188,0.2075243,1.3840061,-5.5619421,8.0473299,-0.7357996,0.1366383,0.7201614,0.4792277,0.4827406
gait_20260919_222612_andrew_normal_upside_down_2,andrew_normal_upside_down_2,2513829899280085,2026-09-19T22:26:33.024235Z,-15.5266228,10.0764465,-2.6173861,-0.6474372,-0.7012959,0.9482067,-5.3294039,8.2028046,-0.7399751,0.1441628,0.7188289,0.4878242,0.4738457
gait_20260919_222612_andrew_normal_upside_down_2,andrew_normal_upside_down_2,2513829919448175,2026-09-19T22:26:33.044392Z,-17.2502232,10.3211040,1.3664159,-0.7649305,-0.0196183,-0.1435400,-5.1707845,8.3178577,-0.5588980,0.1522554,0.7106987,0.4959448,0.4751468
gait_20260919_222612_andrew_normal_upside_down_2,andrew_normal_upside_down_2,2513829939617406,2026-09-19T22:26:33.063807Z,-12.0000381,7.6568813,1.3150901,-0.2142858,0.0979416,-1.0278124,-5.1816540,8.3197985,-0.4092928,0.1484923,0.7061059,0.5013486,0.4775082
gait_20260919_222612_andrew_normal_upside_down_2,andrew_normal_upside_down_2,2513829959785944,2026-09-19T22:26:33.084827Z,-5.7762361,5.0606689,-0.2139818,0.1556640,-0.4083038,-0.8334447,-5.3607583,8.2068548,-0.3819875,0.1385190,0.7071381,0.4983587,0.4820859
gait_20260919_222612_andrew_normal_upside_down_2,andrew_normal_upside_down_2,2513829979954605,2026-09-19T22:26:33.104755Z,-1.8865561,3.3432782,-1.2217910,-0.1678714,-0.7426642,-0.3876863,-5.5115414,8.1068773,-0.3709035,0.1348729,0.7074516,0.4921406,0.4889982
gait_20260919_222612_andrew_normal_upside_down_2,andrew_normal_upside_down_2,2513830000122858,2026-09-19T22:26:33.125092Z,0.5076456,4.9687166,-3.8843677,-0.8428041,-0.8180898,-0.0656330,-5.5843196,8.0608673,-0.2718417,0.1351583,0.7038317,0.4897117,0.4965235
gait_20260919_222612_andrew_normal_upside_down_2,andrew_normal_upside_down_2,2513830020293309,2026-09-19T22:26:33.145008Z,-1.1997195,14.3921452,-8.2151794,-1.4904745,-1.1441399,0.2772209,-5.5944314,8.0582323,-0.0580740,0.1348625,0.6961106,0.4938293,0.5033635
gait_20260919_222612_andrew_normal_upside_down_2,andrew_normal_upside_down_2,2513830040445815,2026-09-19T22:26:33.164847Z,-6.3637881,21.7924728,-1.2731167,-0.4683578,-0.0913300,1.1335313,-5.5534396,8.0802851,0.3231838,0.1345589,0.6820724,0.5040506,0.5124492
gait_20260919_222612_andrew_normal_upside_down_2,andrew_normal_upside_down_2,2513830060630589,2026-09-19T22:26:33.186933Z,-4.6398134,20.0725384,7.1403327,-0.0525264,1.7755561,1.3487831,-5.3711591,8.1974859,0.4335839,0.1402477,0.6767787,0.5132079,0.5088407
gait_20260919_222612_andrew_normal_upside_down_2,andrew_normal_upside_down_2,2513830080797418,2026-09-19T22:26:33.205031Z,-2.0378397,12.0124578,4.3621607,0.3925658,1.8988782,0.6867071,-5.1424756,8.3497124,0.2708273,0.1413374,0.6826252,0.5231460,0.4902702
gait_20260919_222612_andrew_normal_upside_down_2,andrew_normal_upside_down_2,2513830100967381,2026-09-19T22:26:33.225043Z,-0.8307880,5.8069868,1.7135003,0.5798224,0.3529296,0.3105287,-5.0223007,8.4268970,-0.0052835,0.1369780,0.6936976,0.5272884,0.4711556
gait_20260919_222612_andrew_normal_upside_down_2,andrew_normal_upside_down_2,2513830121134780,2026-09-19T22:26:33.245173Z,-0.9448867,4.1062803,1.2954875,0.2996204,-0.8941149,0.3475670,-4.9692321,8.4568539,-0.1564493,0.1396666,0.6987019,0.5250073,0.4654851
gait_20260919_222612_andrew_normal_upside_down_2,andrew_normal_upside_down_2,2513830141304173,2026-09-19T22:26:33.265356Z,-2.0018518,5.2531776,1.6968156,-0.1654899,-1.0398698,0.7258937,-4.9160099,8.4884844,-0.1208655,0.1483528,0.6956325,0.5229042,0.4697424
gait_20260919_222612_andrew_normal_upside_down_2,andrew_normal_upside_down_2,2513830161471247,2026-09-19T22:26:33.287409Z,-2.4341550,7.3283520,2.5380034,-0.5067617,-0.2625321,1.2132703,-4.8001738,8.5553617,0.0152419,0.1583885,0.6884199,0.5254118,0.4742717
gait_20260919_222612_andrew_normal_upside_down_2,andrew_normal_upside_down_2,2513830181641209,2026-09-19T22:26:33.306724Z,-2.6978164,9.7851772,3.0454993,-0.5887655,0.5511776,1.3906177,-4.5902753,8.6686964,0.1385165,0.1660472,0.6820260,0.5342079,0.4710529
gait_20260919_222612_andrew_normal_upside_down_2,andrew_normal_upside_down_2,2513830201809178,2026-09-19T22:26:33.327678Z,-3.5548658,11.9535007,3.4031332,-0.4698066,1.2910273,1.2147691,-4.3398099,8.7954626,0.2049654,0.1702157,0.6785002,0.5460697,0.4609469
gait_20260919_222612_andrew_normal_upside_down_2,andrew_normal_upside_down_2,2513830221977553,2026-09-19T22:26:33.346378Z,-4.3641062,11.8650646,2.4587703,-0.2555209,1.5233992,0.9077044,-4.1215243,8.9002371,0.1868887,0.1694600,0.6793392,0.5573869,0.4462079
gait_20260919_222612_andrew_normal_upside_down_2,andrew_normal_upside_down_2,2513830242146621,2026-09-19T22:26:33.367973Z,-4.0211368,9.0027218,0.4785411,-0.2854479,0.8445362,0.7046434,-3.9591520,8.9749498,0.1072900,0.1657332,0.6832003,0.5659838,0.4306186
gait_20260919_222612_andrew_normal_upside_down_2,andrew_normal_upside_down_2,2513830262314345,2026-09-19T22:26:33.386483Z,-2.8391492,6.2535801,-1.3091794,-0.6406091,-0.4416782,0.5988578,-3.8334455,9.0296412,0.0800501,0.1640689,0.6845952,0.5723356,0.4205270
gait_20260919_222612_andrew_normal_upside_down_2,andrew_normal_upside_down_2,2513830282483088,2026-09-19T22:26:33.406734Z,-2.7236290,5.3238068,-0.3704279,-1.0775410,-1.9747868,0.5710791,-3.7223938,9.0738678,0.2117207,0.1675686,0.6788217,0.5784068,0.4201992
gait_20260919_222612_andrew_normal_upside_down_2,andrew_normal_upside_down_2,2513830302652032,2026-09-19T22:26:33.426855Z,-3.2454901,5.5047188,1.1997943,-1.1372285,-2.5559413,0.7303237,-3.6054382,9.1068869,0.5491524,0.1780214,0.6633471,0.5846739,0.4317818
gait_20260919_222612_andrew_normal_upside_down_2,andrew_normal_upside_down_2,2513830322820083,2026-09-19T22:26:33.447838Z,-3.8749406,6.5778446,2.1933131,-0.9029581,-2.1465051,0.9350501,-3.4364860,9.1391907,0.9496738,0.1929756,0.6435296,0.5905926,0.4470240
gait_20260919_222612_andrew_normal_upside_down_2,andrew_normal_upside_down_2,2513830342989191,2026-09-19T22:26:33.467265Z,-4.1861119,7.8244009,2.6329484,-0.5331914,-1.1377282,0.9549682,-3.2159283,9.1799679,1.2736183,0.2079716,0.6258298,0.5963016,0.4577219
gait_20260919_222612_andrew_normal_upside_down_2,andrew_normal_upside_down_2,2513830363132827,2026-09-19T22:26:33.487384Z,-4.6507368,8.5110130,2.0661960,-0.2172002,-0.0264297,0.8250344,-3.0193222,9.2173367,1.4698732,0.2179060,0.6143734,0.6017441,0.4614827
gait_20260919_222612_andrew_normal_upside_down_2,andrew_normal_upside_down_2,2513830383302382,2026-09-19T22:26:33.507458Z,-5.1417727,8.7200565,1.0479121,-0.0616528,0.5705794,0.7593681,-3.1240773,9.1631584,1.5851703,0.2109563,0.6114347,0.6037042,0.4660327
gait_20260919_222612_andrew_normal_upside_down_2,andrew_normal_upside_down_2,2513830403481664,2026-09-19T22:26:33.527685Z,-5.8143187,9.0374384,-0.1170166,-0.0488792,0.4587651,0.7912936,-3.0646961,9.1903620,1.5430446,0.2095433,0.6135938,0.6072788,0.4591371
gait_20260919_222612_andrew_normal_upside_down_2,andrew_normal_upside_down_2,2513830423637954,2026-09-19T22:26:33.547932Z,-5.8755956,8.8356514,-2.3870192,-0.3305467,-0.4528363,0.9081708,-2.9382496,9.2358541,1.5171701,0.2109530,0.6141677,0.6120950,0.4512610
gait_20260919_222612_andrew_normal_upside_down_2,andrew_normal_upside_down_2,2513830443807144,2026-09-19T22:26:33.568056Z,-5.1051860,8.4189854,-0.7586626,-0.8145924,-1.6878066,0.9327852,-2.7624087,9.2788115,1.5839412,0.2171672,0.6092159,0.6170899,0.4482127
gait_20260919_222612_andrew_normal_upside_down_2,andrew_normal_upside_down_2,2513830464000869,2026-09-19T22:26:33.588256Z,-5.1848683,8.1445503,1.2018893,-0.8975289,-1.6129973,0.8931156,-2.9836266,9.2404375,1.3958457,0.2190372,0.6149110,0.6041492,0.4570677
gait_20260919_222612_andrew_normal_upside_down_2,andrew_normal_upside_down_2,2513830484170873,2026-09-19T22:26:33.608406Z,-5.6332574,8.2648592,1.7592894,-0.7098894,-0.7659963,0.9453089,-3.0964615,9.1699915,1.5997849,0.2190404,0.6059880,0.6016133,0.4720820
gait_20260919_222612_andrew_normal_upside_down_2,andrew_normal_upside_down_2,2513830504339980,2026-09-19T22:26:33.628622Z,-5.5852985,8.6332664,1.4371196,-0.4831964,0.1813444,1.0023819,-2.9641721,9.1789589,1.7878792,0.2237444,0.5964153,0.6070789,0.4750604
gait_20260919_222612_andrew_normal_upside_down_2,andrew_normal_upside_down_2,2513830524507420,2026-09-19T22:26:33.648769Z,-5.7442884,9.5320654,0.5649568,-0.3744131,0.7939249,0.9682081,-2.8002446,9.2142906,1.8685831,0.2259372,0.5921322,0.6146982,0.4695508
gait_20260919_222612_andrew_normal_upside_down_2,andrew_normal_upside_down_2,2513830544651585,2026-09-19T22:26:33.669034Z,-5.6569748,10.2224932,-0.6743419,-0.5176367,0.7801355,0.7777041,-2.6495993,9.2538071,1.8928298,0.2250398,0.5913790,0.6232448,0.4595584
gait_20260919_222612_andrew_normal_upside_down_2,andrew_normal_upside_down_2,2513830564843602,2026-09-19T22:26:33.690443Z,-6.0773067,10.3868704,0.4241478,-0.6876730,0.4034908,0.5302603,-2.5331695,9.2769890,1.9382058,0.2222397,0.5904266,0.6316717,0.4505517
gait_20260919_222612_andrew_normal_upside_down_2,andrew_normal_upside_down_2,2513830585013157,2026-09-19T22:26:33.709678Z,-6.7238908,10.4617634,0.9860370,-0.5598543,0.2390335,0.4111682,-2.4504099,9.2757139,2.0476172,0.2195904,0.5866560,0.6391284,0.4462396
gait_20260919_222612_andrew_normal_upside_down_2,andrew_normal_upside_down_2,2513830605181167,2026-09-19T22:26:33.730132Z,-6.4966664,9.8781767,-0.0070330,-0.2909604,-0.2518237,0.3063819,-2.3861523,9.2705832,2.1444511,0.2177470,0.5831109,0.6448890,0.4434932
gait_20260919_222612_andrew_normal_upside_down_2,andrew_normal_upside_down_2,2513830625350194,2026-09-19T22:26:33.750191Z,-5.8556190,9.4657755,-0.3252373,0.5897647,-3.1838934,-0.3004031,-2.3202884,9.2719927,2.2096488,0.2191858,0.5797201,0.6478031,0.4429824
gait_20260919_222612_andrew_normal_upside_down_2,andrew_normal_upside_down_2,2513830645518081,2026-09-19T22:26:33.770426Z,-5.6218848,7.9722428,3.5238159,2.5164716,-4.7472124,-1.6229230,-2.2348044,9.2825089,2.2531791,0.2378004,0.5705641,0.6379995,0.4591996
gait_20260919_222612_andrew_normal_upside_down_2,andrew_normal_upside_down_2,2513830665685561,2026-09-19T22:26:33.790326Z,-6.8905125,7.0848169,1.5943887,3.4314871,-2.2143531,-2.6241059,-2.3225470,9.3094358,2.0435979,0.2716307,0.5652232,0.6034518,0.4925297
gait_20260919_222612_andrew_normal_upside_down_2,andrew_normal_upside_down_2,2513830685855769,2026-09-19T22:26:33.810344Z,-7.5413613,9.8025351,-4.6158714,3.1001744,0.1778970,-3.0907815,-3.0018513,9.2143946,1.5231320,0.2785784,0.5850890,0.5566539,0.5198091
gait_20260919_222612_andrew_normal_upside_down_2,andrew_normal_upside_down_2,2513830706023900,2026-09-19T22:26:33.830610Z,-6.4608283,13.6687222,-2.8432641,1.8362596,1.2647142,-3.5956945,-3.5749378,9.0897875,0.9119833,0.2762123,0.6122345,0.5212532,0.5264703
gait_20260919_222612_andrew_normal_upside_down_2,andrew_normal_upside_down_2,2513830726195409,2026-09-19T22:26:33.850398Z,-6.9931641,15.2278709,-0.1879448,1.2500254,2.3657703,-3.9042416,-4.2333889,8.8371153,0.4689602,0.2575201,0.6382275,0.4937907,0.5315261
gait_20260919_222612_andrew_normal_upside_down_2,andrew_normal_upside_down_2,2513830746361709,2026-09-19T22:26:33.870553Z,-6.5325046,17.8047047,0.9853637,1.2039608,2.8829908,-3.6743343,-4.9317884,8.4800873,0.0411053,0.2273103,0.6660824,0.4700660,0.5326370
gait_20260919_222612_andrew_normal_upside_down_2,andrew_normal_upside_down_2,2513830766530491,2026-09-19T22:26:33.891561Z,-4.4775314,18.9720287,0.4926070,1.3150090,0.1767979,-3.1609445,-5.5389633,8.0829840,-0.4705378,0.1951798,0.6950147,0.4478775,0.5275086
gait_20260919_222612_andrew_normal_upside_down_2,andrew_normal_upside_down_2,2513830786703994,2026-09-19T22:26:33.910880Z,-2.4950573,15.0577326,0.5969044,0.6030545,-2.2148194,-2.4470081,-6.0426292,7.6926193,-0.7391495,0.1788403,0.7090634,0.4212136,0.5364927
gait_20260919_222612_andrew_normal_upside_down_2,andrew_normal_upside_down_2,2513830806868870,2026-09-19T22:26:33.931860Z,-0.9535657,9.6089039,1.0244191,-0.0960098,-2.6696043,-1.5789734,-6.4521079,7.3681307,-0.5630968,0.1738455,0.7040775,0.3986242,0.5613835
gait_20260919_222612_andrew_normal_upside_down_2,andrew_normal_upside_down_2,2513830827036229,2026-09-19T22:26:33.951716Z,-0.2047042,6.0655603,1.8017864,-0.3112282,-0.8763618,-1.0274293,-6.1971059,7.6046009,-0.0452148,0.1957995,0.6794870,0.4064697,0.5785692
gait_20260919_222612_andrew_normal_upside_down_2,andrew_normal_upside_down_2,2513830847203180,2026-09-19T22:26:33.972192Z,0.0660650,5.0237832,1.6534207,-0.1209906,1.6426413,-0.8725980,-6.3491192,7.4767175,0.1533584,0.1915480,0.6732541,0.4006539,0.5911978
gait_20260919_222612_andrew_normal_upside_down_2,andrew_normal_upside_down_2,2513830867374893,2026-09-19T22:26:33.991816Z,-0.4599112,4.9476924,0.8123078,0.0695800,2.6433578,-0.9293045,-6.4771538,7.3676252,-0.0263955,0.1797956,0.6831527,0.3985952,0.5848913
gait_20260919_222612_andrew_normal_upside_down_2,andrew_normal_upside_down_2,2513830887541844,2026-09-19T22:26:34.011726Z,-1.7035494,4.9821091,0.4744260,0.0502448,2.3848226,-0.9536192,-6.5983400,7.2486205,-0.3943520,0.1643740,0.7004412,0.3964862,0.5702298
gait_20260919_222612_andrew_normal_upside_down_2,andrew_normal_upside_down_2,2513830907711481,2026-09-19T22:26:34.031898Z,-2.5146599,5.7086749,0.8711153,-0.1984313,1.5575398,-0.9100360,-6.7083335,7.1200070,-0.7347740,0.1494197,0.7159203,0.3934875,0.5570454
gait_20260919_222612_andrew_normal_upside_down_2,andrew_normal_upside_down_2,2513830927879897,2026-09-19T22:26:34.052983Z,-2.6188827,6.3084221,1.5453824,-0.4680413,0.6910371,-0.8166242,-6.8091111,7.0005741,-0.9295676,0.1367278,0.7252667,0.3911803,0.5497925
gait_20260919_222612_andrew_normal_upside_down_2,andrew_normal_upside_down_2,2513830948047500,2026-09-19T22:26:34.072780Z,-0.9559599,6.1975408,1.7016040,-0.5203180,-0.1517504,-0.5308765,-6.9102416,6.8959188,-0.9648737,0.1264311,0.7283244,0.3901440,0.5489504
gait_20260919_222612_andrew_normal_upside_down_2,andrew_normal_upside_down_2,2513830968215102,2026-09-19T22:26:34.093323Z,1.3025205,5.7243118,0.3210475,-0.4317358,-0.7480268,-0.1207575,-6.9877777,6.8295488,-0.8742810,0.1200807,0.7262128,0.3907762,0.5527112
gait_20260919_222612_andrew_normal_upside_down_2,andrew_normal_upside_down_2,2513830988384455,2026-09-19T22:26:34.112932Z,2.0093338,5.2055182,-1.2472295,-0.4217935,-0.6641411,0.3096294,-7.0164809,6.8196802,-0.7050251,0.1199345,0.7202808,0.3922527,0.5594185
gait_20260919_222612_andrew_normal_upside_down_2,andrew_normal_upside_down_2,2513831008555394,2026-09-19T22:26:34.134092Z,0.6533926,4.6336031,-1.9010710,-0.3926325,-0.1267695,1.0073447,-6.9836936,6.8675122,-0.5490273,0.1229595,0.7142277,0.3957744,0.5640236
gait_20260919_222612_andrew_normal_upside_down_2,andrew_normal_upside_down_2,2513831028721654,2026-09-19T22:26:34.153436Z,-2.2279544,5.2691140,-3.9484875,-0.3463179,1.3153254,1.8390408,-6.8511190,7.0056739,-0.4677767,0.1285994,0.7103173,0.4036461,0.5621222
gait_20260919_222612_andrew_normal_upside_down_2,andrew_normal_upside_down_2,2513831048890110,2026-09-19T22:26:34.173848Z,-7.3714476,7.2916908,-8.7422781,-0.1003897,3.1627097,2.3056831,-6.5775385,7.2556190,-0.5727938,0.1363958,0.7125674,0.4167534,0.5476866
gait_20260919_222612_andrew_normal_upside_down_2,andrew_normal_upside_down_2,2513831069059178,2026-09-19T22:26:34.194115Z,-14.7376585,9.3654432,-12.3250513,-0.4936217,1.7519908,2.5489302,-6.1861253,7.5533276,-0.9566735,0.1409404,0.7251914,0.4329439,0.5165199
gait_20260919_222612_andrew_normal_upside_down_2,andrew_normal_upside_down_2,2513831089227757,2026-09-19T22:26:34.214305Z,-19.9665947,14.1260891,1.8464532,-1.9019926,-1.6634753,2.2129543,-5.7391653,7.8668566,-1.1877198,0.1496947,0.7314383,0.4502664,0.4897445
gait_20260919_222612_andrew_normal_upside_down_2,andrew_normal_upside_down_2,2513831109397232,2026-09-19T22:26:34.234655Z,-20.9984207,14.8727808,5.1495538,-1.4379648,-3.1268373,1.0231160,-5.4000969,8.1605711,-0.6929290,0.1666445,0.7102120,0.4714934,0.4955024
gait_20260919_222612_andrew_normal_upside_down_2,andrew_normal_upside_down_2,2513831129545221,2026-09-19T22:26:34.257522Z,-11.6500359,6.5889177,1.2603227,0.2035607,-3.2253785,-0.2738901,-5.2353759,8.2957525,-0.0863727,0.1824464,0.6841127,0.4825339,0.5156202
gait_20260919_222612_andrew_normal_upside_down_2,andrew_normal_upside_down_2,2513831149732884,2026-09-19T22:26:34.274135Z,-5.1427450,3.4988265,-0.6607249,0.6984314,-2.0578563,-0.8606572,-5.2716374,8.2696371,0.2430132,0.1996515,0.6669117,0.4722183,0.5407199
gait_20260919_222612_andrew_normal_upside_down_2,andrew_normal_upside_down_2,2513831169901911,2026-09-19T22:26:34.294165Z,-2.8288240,8.6878843,-5.5047188,-0.0143057,-0.9546185,-1.2349703,-5.4039345,8.1798410,0.3518983,0.2097726,0.6596792,0.4565210,0.5589343
gait_20260919_222612_andrew_normal_upside_down_2,andrew_normal_upside_down_2,2513831190070246,2026-09-19T22:26:34.314815Z,-2.8757355,16.8769531,-5.8465657,-1.6239722,-1.3765118,-1.4370987,-5.5937567,8.0479755,0.4196284,0.2081697,0.6575795,0.4454790,0.5707917
gait_20260919_222612_andrew_normal_upside_down_2,andrew_normal_upside_down_2,2513831210239679,2026-09-19T22:26:34.335160Z,-5.3018103,18.6276379,7.0275059,-1.3502320,-0.4243248,-0.7146857,-5.8104429,7.8616080,0.8185406,0.1968607,0.6454844,0.4432153,0.5900474
gait_20260919_222612_andrew_normal_upside_down_2,andrew_normal_upside_down_2,2513831230407404,2026-09-19T22:26:34.354598Z,-0.5210382,14.0782804,5.8732014,-0.0137894,0.8685844,-0.3140593,-5.9223776,7.7363186,1.1449603,0.1867705,0.6354935,0.4459001,0.6020282
gait_20260919_222612_andrew_normal_upside_down_2,andrew_normal_upside_down_2,2513831250575780,2026-09-19T22:26:34.374844Z,1.2176012,9.3295307,3.3718591,0.6124973,0.4380810,-0.3215702,-5.9828720,7.7040348,1.0436549,0.1818427,0.6409120,0.4452673,0.5982492
gait_20260919_222612_andrew_normal_upside_down_2,andrew_normal_upside_down_2,2513831270745010,2026-09-19T22:26:34.395120Z,0.0151134,7.5560260,2.1318870,0.4306034,-0.2460781,0.0238984,-5.5759091,7.9931855,1.1199670,0.1989307,0.6342981,0.4561377,0.5916342
gait_20260919_222612_andrew_normal_upside_down_2,andrew_normal_upside_down_2,2513831290913263,2026-09-19T22:26:34.415071Z,-1.0859201,8.2599955,2.6581624,-0.0293775,-0.1434567,0.7763551,-5.5730734,8.0017662,1.0717807,0.2040075,0.6346424,0.4513748,0.5931870
gait_20260919_222612_andrew_normal_upside_down_2,andrew_normal_upside_down_2,2513831311082982,2026-09-19T22:26:34.435170Z,-1.0445453,9.6074829,3.8253357,-0.1798955,0.6726013,1.3621396,-5.4485807,8.0834990,1.0982363,0.2110457,0.6313004,0.4541091,0.5922031
gait_20260919_222612_andrew_normal_upside_down_2,andrew_normal_upside_down_2,2513831331249933,2026-09-19T22:26:34.455424Z,-0.2644097,10.2438917,3.4627638,-0.0275955,1.7402664,1.3859379,-5.2095351,8.2405262,1.0911385,0.2179490,0.6293294,0.4646166,0.5835874
gait_20260919_222612_andrew_normal_upside_down_2,andrew_normal_upside_down_2,2513831351421523,2026-09-19T22:26:34.475594Z,-0.5740098,9.3728504,2.2594531,0.0127569,2.5270302,1.0200016,-5.0003934,8.3888378,0.9271234,0.2204425,0.6351253,0.4757213,0.5671949
gait_20260919_222612_andrew_normal_upside_down_2,andrew_normal_upside_down_2,2513831371587702,2026-09-19T22:26:34.495738Z,-1.5210663,7.9285483,1.3376853,-0.0557906,2.4466751,0.8297641,-4.4874325,8.6830149,0.8392327,0.2283163,0.6368610,0.4982379,0.5422533
gait_20260919_222612_andrew_normal_upside_down_2,andrew_normal_upside_down_2,2513831391757338,2026-09-19T22:26:34.516775Z,-2.0432267,6.4439192,0.4335001,-0.2218966,1.5221835,0.9076878,-4.3796506,8.7560034,0.6222420,0.2221235,0.6478176,0.5074767,0.5229350
gait_20260919_222612_andrew_normal_upside_down_2,andrew_normal_upside_down_2,2513831411927139,2026-09-19T22:26:34.536131Z,-2.1469254,5.3504424,-0.3824737,-0.5325586,0.2189322,1.1165278,-4.2398462,8.8314152,0.5156659,0.2199526,0.6528588,0.5159692,0.5090896
gait_20260919_222612_andrew_normal_upside_down_2,andrew_normal_upside_down_2,2513831432093724,2026-09-19T22:26:34.556320Z,-2.2287025,5.3801455,0.1539023,-0.9093698,-0.8222033,1.2152355,-4.0456500,8.9181623,0.5790141,0.2245284,0.6488895,0.5244404,0.5034796
gait_20260919_222612_andrew_normal_upside_down_2,andrew_normal_upside_down_2,2513831452262425,2026-09-19T22:26:34.576927Z,-3.5044379,6.3571291,1.0501567,-1.0768082,-0.9762353,1.1727680,-3.8118322,9.0031281,0.8060580,0.2335985,0.6366812,0.5336425,0.5052668
gait_20260919_222612_andrew_normal_upside_down_2,andrew_normal_upside_down_2,2513831472431655,2026-09-19T22:26:34.596716Z,-5.3287449,7.3580551,1.5714941,-1.0579393,-0.5653667,1.3204548,-3.5791147,9.0696154,1.0808110,0.2422719,0.6222981,0.5431047,0.5090058
gait_20260919_222612_andrew_normal_upside_down_2,andrew_normal_upside_down_2,2513831492598851,2026-09-19T22:26:34.616966Z,-6.0657849,8.5224600,1.6573113,-0.9108021,-0.0376212,1.6422249,-3.3468199,9.1258173,1.3245306,0.2486706,0.6096913,0.5536126,0.5098554
gait_20260919_222612_andrew_normal_upside_down_2,andrew_normal_upside_down_2,2513831512771051,2026-09-19T22:26:34.637949Z,-6.0626426,9.8091192,1.1367970,-0.7483265,0.3630218,1.8139932,-3.0520689,9.2015858,1.5006078,0.2551291,0.5996292,0.5663178,0.5046168
gait_20260919_222612_andrew_normal_upside_down_2,andrew_normal_upside_down_2,2513831532937189,2026-09-19T22:26:34.657259Z,-6.2624087,10.5863371,-0.1809119,-0.7025283,0.4862108,1.7336215,-2.7244949,9.2837601,1.6201980,0.2614449,0.5918449,0.5799271,0.4950261
gait_20260919_222612_andrew_normal_upside_down_2,andrew_normal_upside_down_2,2513831553105361,2026-09-19T22:26:34.678102Z,-6.4823012,9.7187376,-2.0188358,-0.9766349,-0.3587084,1.5522106,-2.4138992,9.3510675,1.7224255,0.2666052,0.5851743,0.5930101,0.4845944
gait_20260919_222612_andrew_normal_upside_down_2,andrew_normal_upside_down_2,2513831573273493,2026-09-19T22:26:34.697809Z,-5.6923642,8.2465286,-0.1604863,-1.2550882,-1.5292282,1.3757625,-2.1142733,9.3881912,1.9046850,0.2735192,0.5739698,0.6044624,0.4799701
gait_20260919_222612_andrew_normal_upside_down_2,andrew_normal_upside_down_2,2513831593441502,2026-09-19T22:26:34.718466Z,-5.9469724,7.5002856,1.2407950,-1.1332649,-1.7138367,1.2089236,-2.0769050,9.3659678,2.0496836,0.2793806,0.5635314,0.6052960,0.4878480
gait_20260919_222612_andrew_normal_upside_down_2,andrew_normal_upside_down_2,2513831613610611,2026-09-19T22:26:34.738070Z,-6.1256399,7.5630589,1.6530466,-0.8106622,-1.2215806,1.1352800,-2.1809258,9.2952232,2.2535515,0.2803760,0.5523054,0.6032170,0.5024712
gait_20260919_222612_andrew_normal_upside_down_2,andrew_normal_upside_down_2,2513831633779515,2026-09-19T22:26:34.758196Z,-6.2260466,8.7063646,1.7016040,-0.4558840,-0.4813478,0.9706562,-2.5297027,9.1852407,2.3383882,0.2717225,0.5498017,0.5962859,0.5180039
gait_20260919_222612_andrew_normal_upside_down_2,andrew_normal_upside_down_2,2513831653947688,2026-09-19T22:26:34.778368Z,-6.0989294,9.7640038,0.7364415,-0.1770810,0.1574793,0.6547316,-2.3224146,9.2102976,2.4521224,0.2789399,0.5408306,0.6015180,0.5175624
gait_20260919_222612_andrew_normal_upside_down_2,andrew_normal_upside_down_2,2513831674116226,2026-09-19T22:26:34.798426Z,-6.3426142,9.8226614,-0.3206734,-0.1493522,0.0325584,0.2901610,-2.2043982,9.2324142,2.4777584,0.2817293,0.5380844,0.6055326,0.5142218
gait_20260919_222612_andrew_normal_upside_down_2,andrew_normal_upside_down_2,2513831694284683,2026-09-19T22:26:34.818553Z,-7.0524206,9.9404259,0.8441806,-0.0691470,-0.2892783,0.1096993,-2.1550138,9.2390041,2.4965646,0.2832524,0.5362943,0.6068971,0.5136462
gait_20260919_222612_andrew_normal_upside_down_2,andrew_normal_upside_down_2,2513831714456069,2026-09-19T22:26:34.838871Z,-7.7615528,10.1589718,1.0118495,0.3375580,-0.3813911,-0.0250142,-2.1223791,9.2384367,2.5264452,0.2862251,0.5332454,0.6059827,0.5162455
gait_20260919_222612_andrew_normal_upside_down_2,andrew_normal_upside_down_2,2513831734624608,2026-09-19T22:26:34.859014Z,-7.0001969,9.8017120,0.7306056,1.2580526,-1.6788301,-0.6109485,-2.1077576,9.2525091,2.4868741,0.2910027,0.5325189,0.6021718,0.5187777
gait_20260919_222612_andrew_normal_upside_down_2,andrew_normal_upside_down_2,2513831754792292,2026-09-19T22:26:34.879174Z,-6.4389062,8.5241814,2.0558710,2.4353006,-1.9509550,-1.7565039,-2.1340477,9.2857914,2.3358130,0.3041986,0.5324800,0.5877659,0.5276927
gait_20260919_222612_andrew_normal_upside_down_2,andrew_normal_upside_down_2,2513831774959325,2026-09-19T22:26:34.899265Z,-5.9668746,9.1507139,-0.1476175,2.9514384,-0.5226828,-2.8077483,-2.3562138,9.3147373,1.9799070,0.3218079,0.5393419,0.5576341,0.5427654
gait_20260919_222612_andrew_normal_upside_down_2,andrew_normal_upside_down_2,2513831795127619,2026-09-19T22:26:34.919295Z,-4.8025441,11.5794067,-3.3720834,2.7974231,-0.1802119,-3.7931933,-2.8538902,9.2726879,1.4521285,0.3273728,0.5605735,0.5227462,0.5525584
gait_20260919_222612_andrew_normal_upside_down_2,andrew_normal_upside_down_2,2513831815296565,2026-09-19T22:26:34.939419Z,-6.5359464,12.6507378,-0.5619640,2.2475944,0.1411585,-4.3790445,-3.5454469,9.1001282,0.9238981,0.3235499,0.5862440,0.4836510,0.5636624
gait_20260919_222612_andrew_normal_upside_down_2,andrew_normal_upside_down_2,2513831835464248,2026-09-19T22:26:34.959643Z,-6.9912186,15.1610575,-0.1282394,1.9199288,1.3346440,-4.1766329,-4.3417883,8.7820759,0.5100503,0.3113483,0.6103707,0.4432760,0.5779414
gait_20260919_222612_andrew_normal_upside_down_2,andrew_normal_upside_down_2,2513831855633438,2026-09-19T22:26:34.980718Z,-5.2648497,19.5608521,-1.1050737,1.2930758,1.5733277,-3.4748540,-5.0809698,8.3914680,0.0559655,0.2924498,0.6379635,0.4085895,0.5835497
gait_20260919_222612_andrew_normal_upside_down_2,andrew_normal_upside_down_2,2513831875803197,2026-09-19T22:26:35.000454Z,-2.2670846,20.3555775,-1.2621932,0.2780203,-1.1333815,-2.6955011,-5.6582408,8.0052347,-0.3696306,0.2714613,0.6635778,0.3828452,0.5825830
gait_20260919_222612_andrew_normal_upside_down_2,andrew_normal_upside_down_2,2513831895970556,2026-09-19T22:26:35.020951Z,-0.4756231,13.2923832,0.6100725,-0.2261600,-2.8934162,-1.7272098,-6.0967097,7.6789746,-0.3156064,0.2602036,0.6660494,0.3604221,0.5989726
gait_20260919_222612_andrew_normal_upside_down_2,andrew_normal_upside_down_2,2513831916141291,2026-09-19T22:26:35.041145Z,0.0044891,8.0983877,2.7476456,-0.0911801,-1.1072348,-1.0935953,-6.3727264,7.4574165,0.1068889,0.2590206,0.6503513,0.3419940,0.6268905
gait_20260919_222612_andrew_normal_upside_down_2,andrew_normal_upside_down_2,2513831936308974,2026-09-19T22:26:35.061367Z,-0.1537526,5.7531171,2.6174610,-0.0515605,1.8533465,-0.7991377,-6.5258474,7.3177977,0.3151111,0.2577122,0.6427443,0.3306823,0.6411813
gait_20260919_222612_andrew_normal_upside_down_2,andrew_normal_upside_down_2,2513831956477554,2026-09-19T22:26:35.080782Z,-0.7915081,4.4740148,1.2312182,-0.0478633,3.2479444,-0.7113549,-6.6475291,7.2137361,0.0920925,0.2481505,0.6550326,0.3287947,0.6334412
gait_20260919_222612_andrew_normal_upside_down_2,andrew_normal_upside_down_2,2513831976644790,2026-09-19T22:26:35.101033Z,-2.0896893,3.7615902,0.2046294,-0.1082837,3.0183036,-0.7574529,-6.7375989,7.1217809,-0.3479766,0.2340393,0.6766593,0.3312056,0.6145411
gait_20260919_222612_andrew_normal_upside_down_2,andrew_normal_upside_down_2,2513831996814346,2026-09-19T22:26:35.121611Z,-3.5801547,4.6060700,0.6141875,-0.4403959,1.8993279,-0.8588419,-6.8082762,7.0216198,-0.7618122,0.2198925,0.6964098,0.3327293,0.5966172
gait_20260919_222612_andrew_normal_upside_down_2,andrew_normal_upside_down_2,2513832016983087,2026-09-19T22:26:35.141435Z,-3.7581484,6.0150576,1.5887773,-0.7589351,0.7225463,-0.9299374,-6.8916373,6.9124312,-0.9796776,0.2067070,0.7081059,0.3332993,0.5871711
gait_20260919_222612_andrew_normal_upside_down_2,andrew_normal_upside_down_2,2513832037152562,2026-09-19T22:26:35.161466Z,-2.3214030,6.4446673,2.1373487,-0.8371252,0.0853013,-0.7796359,-7.0045614,6.7979970,-0.9795297,0.1948459,0.7113124,0.3333329,0.5873321
gait_20260919_222612_andrew_normal_upside_down_2,andrew_normal_upside_down_2,2513832057294977,2026-09-19T22:26:35.181875Z,-0.2015619,6.2474451,1.4065934,-0.5999402,-0.3190555,-0.3825901,-7.1115475,6.7007866,-0.8726099,0.1855917,0.7098439,0.3334020,0.5920476
gait_20260919_222612_andrew_normal_upside_down_2,andrew_normal_upside_down_2,2513832077488662,2026-09-19T22:26:35.201539Z,1.9497780,5.3131075,-1.0985645,-0.4869435,-0.1915199,0.0635013,-7.1698928,6.6542649,-0.7412937,0.1817047,0.7060617,0.3335517,0.5976651
gait_20260919_222612_andrew_normal_upside_down_2,andrew_normal_upside_down_2,2513832097655695,2026-09-19T22:26:35.222976Z,1.7648259,4.2515035,-2.0600610,-0.6715521,0.2645140,0.5308432,-7.1635981,6.6712580,-0.6428728,0.1819046,0.7023903,0.3354016,0.6008865
gait_20260919_222612_andrew_normal_upside_down_2,andrew_normal_upside_down_2,2513832117825373,2026-09-19T22:26:35.242038Z,0.4297592,4.2992382,-2.3207297,-0.8796093,0.5948275,1.2371852,-7.0900011,6.7538199,-0.5949232,0.1825068,0.7003826,0.3420683,0.5992869
gait_20260919_222612_andrew_normal_upside_down_2,andrew_normal_upside_down_2,2513832137993504,2026-09-19T22:26:35.262069Z,-2.4590695,6.0345855,-3.3766475,-0.8821906,1.4907910,1.8277161,-6.9163117,6.9348307,-0.5557545,0.1855688,0.6980124,0.3550211,0.5935511
gait_20260919_222612_andrew_normal_upside_down_2,andrew_normal_upside_down_2,2513832158162328,2026-09-19T22:26:35.282897Z,-7.2186680,8.7163906,-7.1651721,-0.5594047,2.0685148,2.1259708,-6.6393070,7.1951551,-0.6208691,0.1896874,0.6990849,0.3733639,0.5795676
gait_20260919_222612_andrew_normal_upside_down_2,andrew_normal_upside_down_2,2513832178329849,2026-09-19T22:26:35.303033Z,-13.2907372,11.4817686,-8.2654581,-0.8879696,-0.0427672,2.1259210,-6.2929940,7.4808168,-0.8195902,0.1950155,0.7046264,0.3922863,0.5581955
gait_20260919_222612_andrew_normal_upside_down_2,andrew_normal_upside_down_2,2513832198500910,2026-09-19T22:26:35.322741Z,-19.1156807,14.7484322,1.5918448,-1.4590319,-3.1679225,1.6149458,-5.9555249,7.7596359,-0.7455721,0.2063081,0.6985832,0.4091650,0.5495476
gait_20260919_222612_andrew_normal_upside_down_2,andrew_normal_upside_down_2,2513832218666803,2026-09-19T22:26:35.343285Z,-21.0643368,13.0023861,2.9756935,-0.7329717,-3.6542165,0.7671955,-5.7185521,7.9697247,-0.1332405,0.2245509,0.6701186,0.4205467,0.5689100
gait_20260919_222612_andrew_normal_upside_down_2,andrew_normal_upside_down_2,2513832238812678,2026-09-19T22:26:35.364051Z,-13.8410301,6.1085062,0.6796540,-0.0613030,-2.6723189,-0.0911635,-5.5720863,8.0623074,0.4326302,0.2425218,0.6419241,0.4209523,0.5932249
gait_20260919_222612_andrew_normal_upside_down_2,andrew_normal_upside_down_2,2513832259006200,2026-09-19T22:26:35.383221Z,-6.2496896,7.5326824,0.2558803,-0.0679479,-0.8653868,-0.6105322,-5.5525460,8.0518274,0.7572531,0.2555574,0.6239144,0.4117662,0.6130823
gait_20260919_222612_andrew_normal_upside_down_2,andrew_normal_upside_down_2,2513832279173640,2026-09-19T22:26:35.403213Z,-4.5043912,14.1798096,-1.7188123,-0.3087134,0.7576361,-1.0359062,-5.6391630,7.9806385,0.8633403,0.2566640,0.6200708,0.4027877,0.6224129
gait_20260919_222612_andrew_normal_upside_down_2,andrew_normal_upside_down_2,2513832299341893,2026-09-19T22:26:35.423417Z,-4.4501476,18.2262344,-4.4542627,-0.6186093,-0.1058023,-1.0818876,-5.8167210,7.8565736,0.8222758,0.2469974,0.6255368,0.3983552,0.6237061
gait_20260919_222612_andrew_normal_upside_down_2,andrew_normal_upside_down_2,2513832319511246,2026-09-19T22:26:35.443816Z,-2.6794109,13.2402344,4.4630165,-0.2874964,-0.2033109,-0.8652037,-5.9895124,7.7174239,0.8962191,0.2374256,0.6261358,0.3939841,0.6295710
gait_20260919_222612_andrew_normal_upside_down_2,andrew_normal_upside_down_2,2513832339653661,2026-09-19T22:26:35.463933Z,0.6768109,8.0121212,3.0258219,0.1790461,0.2727576,-0.7611001,-6.1158814,7.6038594,1.0067011,0.2326093,0.6234154,0.3883277,0.6375326
gait_20260919_222612_andrew_normal_upside_down_2,andrew_normal_upside_down_2,2513832359846980,2026-09-19T22:26:35.484207Z,1.4390649,5.5945010,2.2631941,0.0502448,-0.3476669,-0.5828700,-6.2345901,7.5161133,0.9349114,0.2297022,0.6273632,0.3812722,0.6389710
gait_20260919_222612_andrew_normal_upside_down_2,andrew_normal_upside_down_2,2513832380015640,2026-09-19T22:26:35.504315Z,0.5318121,6.7345152,2.7557261,-0.3101457,-0.9627956,0.1219066,-6.3170857,7.4435673,0.9611759,0.2292559,0.6264516,0.3745839,0.6439620
gait_20260919_222612_andrew_normal_upside_down_2,andrew_normal_upside_down_2,2513832400187149,2026-09-19T22:26:35.525099Z,0.7030723,9.4120560,4.1424179,-0.4159646,-1.1634418,1.0309267,-6.2878141,7.4450021,1.1275899,0.2329096,0.6183060,0.3728762,0.6514708
gait_20260919_222612_andrew_normal_upside_down_2,andrew_normal_upside_down_2,2513832420352798,2026-09-19T22:26:35.545003Z,1.7264439,11.8872862,5.0991259,-0.0065616,-0.7270429,1.3042672,-6.0256801,7.6147413,1.3939196,0.2443639,0.6031740,0.3803624,0.6571088
gait_20260919_222612_andrew_normal_upside_down_2,andrew_normal_upside_down_2,2513832440521134,2026-09-19T22:26:35.564850Z,1.7893665,12.1476555,3.9202061,0.4923394,0.3810746,0.9246414,-5.7864861,7.7777929,1.5028819,0.2570114,0.5932518,0.3861041,0.6579674
gait_20260919_222612_andrew_normal_upside_down_2,andrew_normal_upside_down_2,2513832460690729,2026-09-19T22:26:35.584897Z,-0.1438017,9.9309988,1.7592145,0.6047033,1.2076579,0.6499020,-5.6378856,7.9061708,1.3938622,0.2664916,0.5937158,0.3888341,0.6521441
gait_20260919_222612_andrew_normal_upside_down_2,andrew_normal_upside_down_2,2513832480859594,2026-09-19T22:26:35.605057Z,-1.8329859,7.9491987,0.4657471,0.3762617,1.5183198,0.8344772,-5.3027339,8.1648273,1.2052919,0.2793649,0.5969961,0.3979091,0.6381374
gait_20260919_222612_andrew_normal_upside_down_2,andrew_normal_upside_down_2,2513832501027847,2026-09-19T22:26:35.625240Z,-2.2348375,6.4339681,-0.2495207,0.0137395,1.4108689,1.1645076,-5.2022953,8.2596302,0.9750601,0.2823099,0.6053421,0.4032120,0.6255256
gait_20260919_222612_andrew_normal_upside_down_2,andrew_normal_upside_down_2,2513832521195937,2026-09-19T22:26:35.645367Z,-2.2325182,5.5879917,-0.4259434,-0.4205111,1.0802722,1.4002436,-5.0340748,8.3799934,0.8184933,0.2854181,0.6104196,0.4126019,0.6129308
gait_20260919_222612_andrew_normal_upside_down_2,andrew_normal_upside_down_2,2513832541363744,2026-09-19T22:26:35.666385Z,-3.0805147,6.1454668,0.2621651,-0.7748063,0.8080974,1.4302207,-4.8126574,8.5132484,0.7739925,0.2886373,0.6107352,0.4251845,0.6024195
gait_20260919_222612_andrew_normal_upside_down_2,andrew_normal_upside_down_2,2513832561535781,2026-09-19T22:26:35.685719Z,-5.2962732,7.4391589,0.9220669,-0.8824071,0.7500752,1.5064456,-4.5758586,8.6375504,0.8308771,0.2909635,0.6072239,0.4394132,0.5945885
gait_20260919_222612_andrew_normal_upside_down_2,andrew_normal_upside_down_2,2513832581701757,2026-09-19T22:26:35.705854Z,-6.4550672,8.6260843,1.0571897,-0.8470509,0.7508413,1.8502988,-4.3392096,8.7497501,0.9215552,0.2926128,0.6025815,0.4541131,0.5874134
gait_20260919_222612_andrew_normal_upside_down_2,andrew_normal_upside_down_2,2513832601870050,2026-09-19T22:26:35.726366Z,-5.9890208,9.4931593,0.8682722,-0.8010861,0.6882060,2.0114586,-4.0310121,8.8863335,1.0100037,0.2965890,0.5968452,0.4707344,0.5781177
gait_20260919_222612_andrew_normal_upside_down_2,andrew_normal_upside_down_2,2513832622037653,2026-09-19T22:26:35.747650Z,-6.0027876,9.9905548,0.5061492,-0.7828001,0.4599642,1.8554615,-3.6803126,9.0266953,1.1000748,0.3021836,0.5901315,0.4879224,0.5677691
gait_20260919_222612_andrew_normal_upside_down_2,andrew_normal_upside_down_2,2513832642207697,2026-09-19T22:26:35.767182Z,-6.5252471,9.5719433,-0.1835305,-0.7948743,-0.1335477,1.6154621,-3.3483503,9.1414356,1.2078190,0.3079042,0.5824469,0.5032606,0.5591776
gait_20260919_222612_andrew_normal_upside_down_2,andrew_normal_upside_down_2,2513832662377701,2026-09-19T22:26:35.786639Z,-6.4253640,8.4742765,-0.1568202,-0.8800756,-1.0520105,1.4756691,-3.0478640,9.2252979,1.3566617,0.3147365,0.5721630,0.5152698,0.5550384
gait_20260919_222612_andrew_normal_upside_down_2,andrew_normal_upside_down_2,2513832682544285,2026-09-19T22:26:35.807823Z,-5.9174938,7.5075431,0.6694039,-0.8450358,-1.6386943,1.3507982,-2.7503383,9.2840757,1.5740764,0.3247816,0.5566072,0.5236855,0.5571883
gait_20260919_222612_andrew_normal_upside_down_2,andrew_normal_upside_down_2,2513832702712621,2026-09-19T22:26:35.827789Z,-5.8333974,7.0183029,0.8996961,-0.7144192,-1.6532664,1.1886392,-2.7431505,9.2571115,1.7369869,0.3308668,0.5443101,0.5222542,0.5670134
gait_20260919_222612_andrew_normal_upside_down_2,andrew_normal_upside_down_2,2513832722880996,2026-09-19T22:26:35.847059Z,-6.0283756,7.4743237,0.8056489,-0.5990077,-1.2848654,1.0697802,-2.4832489,9.2868013,1.9557364,0.3428710,0.5263659,0.5252075,0.5740519
gait_20260919_222612_andrew_normal_upside_down_2,andrew_normal_upside_down_2,2513832743049657,2026-09-19T22:26:35.867210Z,-6.1427732,8.8453035,0.6610242,-0.5542086,-0.7727745,0.8765283,-2.6410751,9.2329254,2.0034766,0.3444945,0.5213960,0.5187296,0.5834288
gait_20260919_222612_andrew_normal_upside_down_2,andrew_normal_upside_down_2,2513832763219131,2026-09-19T22:26:35.887291Z,-6.8814592,10.2839193,0.5143045,-0.5614697,-0.1986145,0.6768147,-2.4427211,9.2553234,2.1466784,0.3513888,0.5097337,0.5225071,0.5862455
gait_20260919_222612_andrew_normal_upside_down_2,andrew_normal_upside_down_2,2513832783390355,2026-09-19T22:26:35.907460Z,-6.0413189,10.2023668,0.0874632,-0.6234390,0.0877328,0.3910004,-2.3074615,9.2630157,2.2601502,0.3540960,0.5020950,0.5269403,0.5872399
gait_20260919_222612_andrew_normal_upside_down_2,andrew_normal_upside_down_2,2513832803530980,2026-09-19T22:26:35.928849Z,-6.0917468,9.4552259,0.4137480,-0.6042703,0.0286947,0.0865337,-2.2354345,9.2534676,2.3690300,0.3532576,0.4970357,0.5313638,0.5880622
gait_20260919_222612_andrew_normal_upside_down_2,andrew_normal_upside_down_2,2513832823698176,2026-09-19T22:26:35.947939Z,-6.4384575,9.6805801,0.3318962,-0.3419047,-0.2038604,-0.0342071,-2.2235467,9.2268600,2.4813287,0.3524441,0.4916742,0.5318175,0.5926296
gait_20260919_222612_andrew_normal_upside_down_2,andrew_normal_upside_down_2,2513832843889785,2026-09-19T22:26:35.968118Z,-6.8562455,10.2212210,0.8073697,0.7549714,-1.8877867,-0.4833796,-2.2236881,9.2061100,2.5571215,0.3521863,0.4878713,0.5312282,0.5964419
gait_20260919_222612_andrew_normal_upside_down_2,andrew_normal_upside_down_2,2513832864061376,2026-09-19T22:26:35.988573Z,-5.8343701,9.1623850,2.6299558,2.4256413,-1.8876702,-1.5807720,-2.2166526,9.2164392,2.5258365,0.3632843,0.4815725,0.5187837,0.6057854
gait_20260919_222612_andrew_normal_upside_down_2,andrew_normal_upside_down_2,2513832884229751,2026-09-19T22:26:36.008939Z,-5.5595608,8.6220436,-0.0356137,2.9416957,0.0471639,-2.6692879,-2.3914073,9.2616005,2.1771653,0.3834458,0.4848006,0.4877570,0.6164663
gait_20260919_222612_andrew_normal_upside_down_2,andrew_normal_upside_down_2,2513832904398290,2026-09-19T22:26:36.028816Z,-5.0445828,10.8836670,-2.9631238,2.6832106,0.7794194,-3.5875843,-2.9297090,9.2270784,1.5855404,0.3900625,0.5098576,0.4528534,0.6187248
gait_20260919_222612_andrew_normal_upside_down_2,andrew_normal_upside_down_2,2513832924569351,2026-09-19T22:26:36.048756Z,-5.8874917,12.8779621,-1.2019640,2.3783276,-0.0157546,-4.3024530,-3.6079862,9.0653620,1.0187073,0.3860681,0.5401961,0.4178143,0.6201378
gait_20260919_222612_andrew_normal_upside_down_2,andrew_normal_upside_down_2,2513832944734268,2026-09-19T22:26:36.069125Z,-7.2104378,15.1817074,0.1176152,2.1473045,0.1313993,-4.3355775,-4.3827667,8.7569084,0.5865529,0.3786176,0.5653544,0.3756424,0.6292185
gait_20260919_222612_andrew_normal_upside_down_2,andrew_normal_upside_down_2,2513832964903579,2026-09-19T22:26:36.090405Z,-6.7766385,18.7123318,0.9327660,1.8505152,0.7852483,-3.7905121,-5.1386695,8.3537827,0.2109757,0.3686430,0.5885273,0.3332369,0.6377235
gait_20260919_222612_andrew_normal_upside_down_2,andrew_normal_upside_down_2,2513832985072566,2026-09-19T22:26:36.109853Z,-2.8339865,22.2920380,-2.7709143,1.0456321,-1.2314397,-3.1293852,-5.7730994,7.9291649,-0.1891188,0.3566507,0.6127495,0.2979407,0.6391945
gait_20260919_222612_andrew_normal_upside_down_2,andrew_normal_upside_down_2,2513833005240168,2026-09-19T22:26:36.130338Z,-1.3987375,16.0790100,-1.5865327,-0.0280285,-3.3373425,-2.3017528,-6.2657719,7.5437503,-0.2608110,0.3490387,0.6202670,0.2652689,0.6504409
gait_20260919_222612_andrew_normal_upside_down_2,andrew_normal_upside_down_2,2513833025410660,2026-09-19T22:26:36.150163Z,-0.8451532,9.5908728,1.5093945,-0.3110616,-1.6616100,-1.4038409,-6.6216397,7.2356105,0.1895702,0.3447310,0.6043869,0.2354667,0.6785517
gait_20260919_222612_andrew_normal_upside_down_2,andrew_normal_upside_down_2,2513833045578221,2026-09-19T22:26:36.170008Z,-0.6136639,6.5649009,2.5207951,-0.3549114,1.4519041,-0.8240352,-5.9676037,7.7492018,0.7574109,0.3635477,0.5711341,0.2476262,0.6930513
gait_20260919_222612_andrew_normal_upside_down_2,andrew_normal_upside_down_2,2513833065747045,2026-09-19T22:26:36.190808Z,-0.4283376,4.5758433,1.8189199,-0.2375513,3.1250052,-0.5501617,-6.1134048,7.6443062,0.6534281,0.3546532,0.5813395,0.2467952,0.6894618
gait_20260919_222612_andrew_normal_upside_down_2,andrew_normal_upside_down_2,2513833085915176,2026-09-19T22:26:36.210083Z,-1.0613796,3.1924436,0.7380127,0.0054292,3.1456394,-0.5433503,-6.2243538,7.5765219,0.2997523,0.3433497,0.6033353,0.2540329,0.6734722
gait_20260919_222612_andrew_normal_upside_down_2,andrew_normal_upside_down_2,2513833106082900,2026-09-19T22:26:36.230644Z,-2.2032640,3.0864253,0.6606500,-0.1190921,2.2993047,-0.6466045,-6.3096595,7.5108314,-0.1082957,0.3335197,0.6257874,0.2596911,0.6555266
gait_20260919_222612_andrew_normal_upside_down_2,andrew_normal_upside_down_2,2513833126251887,2026-09-19T22:26:36.251024Z,-2.7046998,5.0202670,1.3438953,-0.3088134,0.8059657,-1.0058459,-6.3915806,7.4311309,-0.4026287,0.3245477,0.6423683,0.2622003,0.6428708
gait_20260919_222612_andrew_normal_upside_down_2,andrew_normal_upside_down_2,2513833146394627,2026-09-19T22:26:36.271458Z,-3.1485248,6.6906714,2.2791305,-0.6425909,0.3896181,-1.2574364,-6.5267811,7.3086514,-0.4699518,0.3161636,0.6492340,0.2586822,0.6415756
gait_20260919_222612_andrew_normal_upside_down_2,andrew_normal_upside_down_2,2513833166589126,2026-09-19T22:26:36.291546Z,-2.0974703,7.0714245,2.3762453,-0.5389870,0.0478134,-0.7128537,-6.7095451,7.1441202,-0.4238822,0.3044341,0.6530649,0.2540376,0.6452062
gait_20260919_222612_andrew_normal_upside_down_2,andrew_normal_upside_down_2,2513833186758275,2026-09-19T22:26:36.311331Z,1.0155904,6.3245082,0.7068881,-0.3536623,-0.2131034,0.0195517,-6.8205924,7.0422673,-0.3494273,0.2972662,0.6534931,0.2510657,0.6492654
gait_20260919_222612_andrew_normal_upside_down_2,andrew_normal_upside_down_2,2513833206930394,2026-09-19T22:26:36.331496Z,2.9735985,4.8815527,-1.0586113,-0.3398562,-0.1661893,0.4135831,-6.8185949,7.0478125,-0.2668546,0.2974553,0.6501930,0.2510490,0.6524905
gait_20260919_222612_andrew_normal_upside_down_2,andrew_normal_upside_down_2,2513833227095636,2026-09-19T22:26:36.351589Z,1.8954595,3.7044287,-2.1460278,-0.5948108,-0.0269960,0.8366755,-6.7553072,7.1107783,-0.1969085,0.3006273,0.6459913,0.2535914,0.6542247
gait_20260919_222612_andrew_normal_upside_down_2,andrew_normal_upside_down_2,2513833247264257,2026-09-19T22:26:36.371898Z,-0.8262240,4.8081555,-3.6772695,-0.7869969,0.6976820,1.5115417,-6.6371551,7.2229724,-0.1139196,0.3041753,0.6410603,0.2605934,0.6546833
gait_20260919_222612_andrew_normal_upside_down_2,andrew_normal_upside_down_2,2513833267431574,2026-09-19T22:26:36.391627Z,-6.4739962,7.3624697,-8.8646812,-0.3783267,2.4997678,2.0463486,-6.4175091,7.4193273,-0.0727563,0.3087307,0.6372866,0.2753945,0.6501608
gait_20260919_222612_andrew_normal_upside_down_2,andrew_normal_upside_down_2,2513833287602066,2026-09-19T22:26:36.411791Z,-13.1161098,8.7380877,-11.7761059,-0.8389238,1.7428478,2.5345912,-6.0996485,7.6768336,-0.3108386,0.3142620,0.6441715,0.2967225,0.6310612
gait_20260919_222612_andrew_normal_upside_down_2,andrew_normal_upside_down_2,2513833307769546,2026-09-19T22:26:36.433354Z,-17.7034760,13.0273752,1.8529625,-1.9179636,-1.8735310,2.3940654,-5.6855912,7.9805079,-0.4708126,0.3216181,0.6469687,0.3219613,0.6118286
gait_20260919_222612_andrew_normal_upside_down_2,andrew_normal_upside_down_2,2513833327914892,2026-09-19T22:26:36.452951Z,-22.3805485,15.2572002,6.0511203,-1.3026018,-3.1540165,1.2733076,-5.2867007,8.2634687,0.0449475,0.3334586,0.6200855,0.3419539,0.6223881
gait_20260919_222612_andrew_normal_upside_down_2,andrew_normal_upside_down_2,2513833348106745,2026-09-19T22:26:36.473716Z,-16.2867069,7.2957311,1.8870051,0.1479866,-3.1420922,0.2270927,-5.0324631,8.3974752,0.6267742,0.3450384,0.5889835,0.3474163,0.6429222
gait_20260919_222612_andrew_normal_upside_down_2,andrew_normal_upside_down_2,2513833368275243,2026-09-19T22:26:36.493804Z,-6.1898346,2.9779379,-0.3574843,0.4649104,-1.7908610,-0.2043268,-4.9445863,8.4209328,0.9354668,0.3600527,0.5660783,0.3346686,0.6617510
gait_20260919_222612_andrew_normal_upside_down_2,andrew_normal_upside_down_2,2513833388445816,2026-09-19T22:26:36.514986Z,-1.9568858,6.3917704,-4.7001171,-0.2600507,-0.4586152,-0.7089900,-4.9436145,8.4094601,1.0381726,0.3705458,0.5544950,0.3210675,0.6724187
gait_20260919_222612_andrew_normal_upside_down_2,andrew_normal_upside_down_2,2513833408613541,2026-09-19T22:26:36.532770Z,-2.0297594,17.0325012,-7.1790137,-1.6156286,-0.4854114,-1.2344873,-5.0453582,8.3413963,1.0961746,0.3691557,0.5527506,0.3136631,0.6780902
gait_20260919_222612_andrew_normal_upside_down_2,andrew_normal_upside_down_2,2513833428754694,2026-09-19T22:26:36.553141Z,-6.2165446,21.0001411,5.5846252,-1.0991077,-0.5074611,-1.0380212,-5.2367911,8.1767282,1.3975799,0.3545392,0.5484425,0.3105002,0.6907260
gait_20260919_222612_andrew_normal_upside_down_2,andrew_normal_upside_down_2,2513833448949316,2026-09-19T22:26:36.574101Z,-1.7794905,15.6425915,7.1753478,0.2662626,1.6784638,-0.5751426,-5.3943114,8.0185566,1.6853062,0.3435653,0.5420452,0.3048713,0.7037069
gait_20260919_222612_andrew_normal_upside_down_2,andrew_normal_upside_down_2,2513833469118667,2026-09-19T22:26:36.593764Z,1.2535890,9.5923691,3.3560722,1.0453823,1.5752928,-0.5778905,-5.5335979,7.9646015,1.4766600,0.3386735,0.5548443,0.3033045,0.6967457
gait_20260919_222612_andrew_normal_upside_down_2,andrew_normal_upside_down_2,2513833489287776,2026-09-19T22:26:36.613625Z,1.1130046,6.2156467,1.2237363,0.9669424,0.3783601,-0.4458916,-5.5390306,8.0129337,1.1611068,0.3420422,0.5672707,0.3014625,0.6858072
gait_20260919_222612_andrew_normal_upside_down_2,andrew_normal_upside_down_2,2513833509454930,2026-09-19T22:26:36.633793Z,-0.5060744,6.4178071,1.2647370,0.1565134,-0.1587617,0.3254173,-5.6214790,7.9837847,0.9456626,0.3470168,0.5738779,0.2917319,0.6820089
gait_20260919_222612_andrew_normal_upside_down_2,andrew_normal_upside_down_2,2513833529622493,2026-09-19T22:26:36.655204Z,-0.5092168,8.8820391,2.9750202,-0.4024416,-0.0639676,1.1748497,-5.5769553,8.0165472,0.9320176,0.3522240,0.5712953,0.2895124,0.6824534
gait_20260919_222612_andrew_normal_upside_down_2,andrew_normal_upside_down_2,2513833549791438,2026-09-19T22:26:36.674928Z,0.0979378,11.5161848,4.0380454,-0.3844554,0.3677016,1.3707663,-5.2849407,8.1957645,1.0653429,0.3596034,0.5607378,0.3010760,0.6823576
gait_20260919_222612_andrew_normal_upside_down_2,andrew_normal_upside_down_2,2513833569935807,2026-09-19T22:26:36.694155Z,0.0915782,11.8604259,4.0936360,-0.1525498,1.1808618,1.0699800,-5.0522161,8.3359928,1.1056501,0.3654622,0.5551597,0.3123993,0.6787059
gait_20260919_222612_andrew_normal_upside_down_2,andrew_normal_upside_down_2,2513833590128270,2026-09-19T22:26:36.714314Z,-1.3949218,10.1419134,2.9914801,-0.0361556,1.4440933,0.8602075,-4.8860354,8.4450006,1.0221190,0.3684763,0.5571318,0.3233563,0.6702762
gait_20260919_222612_andrew_normal_upside_down_2,andrew_normal_upside_down_2,2513833610296646,2026-09-19T22:26:36.734481Z,-2.3502831,8.2576761,1.9036896,0.0034141,1.0642678,1.0911639,-4.7652268,8.5291605,0.8843856,0.3698023,0.5626894,0.3330155,0.6600967
gait_20260919_222612_andrew_normal_upside_down_2,andrew_normal_upside_down_2,2513833630464249,2026-09-19T22:26:36.755935Z,-1.7577929,6.7589064,0.1193360,-0.2541386,0.7062921,1.2116048,-4.5992970,8.6298704,0.7796789,0.3735550,0.5650725,0.3425358,0.6510139
gait_20260919_222612_andrew_normal_upside_down_2,andrew_normal_upside_down_2,2513833650636409,2026-09-19T22:26:36.775664Z,-1.8376994,5.4499512,-0.2295441,-0.5916300,0.2261933,1.1561807,-4.3946314,8.7383938,0.7508761,0.3781722,0.5633938,0.3527986,0.6442875
gait_20260919_222612_andrew_normal_upside_down_2,andrew_normal_upside_down_2,2513833670802953,2026-09-19T22:26:36.794991Z,-3.0466216,5.2666450,-0.1258452,-0.8626556,-0.1403258,1.0745599,-4.1904202,8.8310947,0.8296258,0.3817109,0.5574800,0.3629144,0.6417212
gait_20260919_222612_andrew_normal_upside_down_2,andrew_normal_upside_down_2,2513833690970759,2026-09-19T22:26:36.815134Z,-4.6678705,6.1263881,0.2082956,-1.0555078,-0.2352697,1.2352535,-3.9972384,8.9035368,0.9925941,0.3841995,0.5482848,0.3723055,0.6427777
gait_20260919_222612_andrew_normal_upside_down_2,andrew_normal_upside_down_2,2513833711141820,2026-09-19T22:26:36.836182Z,-5.1898813,7.4698343,0.7520038,-1.2040607,-0.1588949,1.4976690,-3.7764928,8.9739771,1.2008158,0.3864034,0.5369781,0.3831042,0.6446537
gait_20260919_222612_andrew_normal_upside_down_2,andrew_normal_upside_down_2,2513833731308364,2026-09-19T22:26:36.855473Z,-5.3098154,8.7786398,1.1722610,-1.1556145,-0.1478034,1.6391939,-3.5149407,9.0465450,1.4287573,0.3884053,0.5246260,0.3965333,0.6454999
gait_20260919_222612_andrew_normal_upside_down_2,andrew_normal_upside_down_2,2513833751475683,2026-09-19T22:26:36.876747Z,-5.8645968,9.8339586,1.0011504,-0.9830633,-0.2071579,1.6116650,-3.2389834,9.1123743,1.6461287,0.3908554,0.5121470,0.4104322,0.6453550
gait_20260919_222612_andrew_normal_upside_down_2,andrew_normal_upside_down_2,2513833771645563,2026-09-19T22:26:36.896003Z,-6.4761658,10.3108540,0.1313818,-0.8258838,-0.4647938,1.5455823,-2.9349229,9.1777887,1.8413445,0.3947844,0.4992856,0.4235627,0.6445572
gait_20260919_222612_andrew_normal_upside_down_2,andrew_normal_upside_down_2,2513833791812719,2026-09-19T22:26:36.916903Z,-6.4813285,9.7806883,-0.9096470,-0.8710325,-1.3864375,1.5406194,-2.6336901,9.2320814,2.0170479,0.4001753,0.4858413,0.4343408,0.6443338
gait_20260919_222612_andrew_normal_upside_down_2,andrew_normal_upside_down_2,2513833811982844,2026-09-19T22:26:36.936759Z,-5.6661029,8.7436247,0.4597616,-0.9032412,-2.0358565,1.4253078,-2.2938175,9.2720928,2.2366929,0.4089576,0.4665262,0.4414912,0.6482226
gait_20260919_222612_andrew_normal_upside_down_2,andrew_normal_upside_down_2,2513833832149307,2026-09-19T22:26:36.956358Z,-6.2676458,8.3003979,1.2081740,-0.7298740,-1.7566705,1.2897450,-1.9550968,9.2874527,2.4813170,0.4197582,0.4427965,0.4441415,0.6561041
gait_20260919_222612_andrew_normal_upside_down_2,andrew_normal_upside_down_2,2513833852319066,2026-09-19T22:26:36.976461Z,-6.6729393,8.2779522,1.4368203,-0.4567333,-1.0782404,1.2458620,-1.6488698,9.2915077,2.6805294,0.4292997,0.4215626,0.4458429,0.6627300
gait_20260919_222612_andrew_normal_upside_down_2,andrew_normal_upside_down_2,2513833872487320,2026-09-19T22:26:36.997173Z,-7.0530190,8.8219595,1.2045079,-0.1957500,-0.2694102,1.1678717,-1.3597631,9.3022442,2.8027506,0.4373192,0.4055595,0.4495114,0.6649909
gait_20260919_222612_andrew_normal_upside_down_2,andrew_normal_upside_down_2,2513833892656550,2026-09-19T22:26:37.018125Z,-6.9758058,9.0847988,0.0295534,-0.1050861,0.2142025,0.9401795,-1.1246990,9.3197393,2.8484397,0.4430872,0.3963197,0.4551415,0.6629108
gait_20260919_222612_andrew_normal_upside_down_2,andrew_normal_upside_down_2,2513833912825496,2026-09-19T22:26:37.037595Z,-6.6888008,9.2951136,0.5787982,-0.1445892,0.2026780,0.5214005,-0.9613379,9.3349571,2.8584116,0.4461900,0.3922230,0.4612736,0.6590162
gait_20260919_222612_andrew_normal_upside_down_2,andrew_normal_upside_down_2,2513833932993708,2026-09-19T22:26:37.057303Z,-7.2601924,9.2932434,1.6104747,0.0995071,0.3210706,0.0919962,-0.8730405,9.3365831,2.8813407,0.4473667,0.3894273,0.4647721,0.6574165
gait_20260919_222612_andrew_normal_upside_down_2,andrew_normal_upside_down_2,2513833953161637,2026-09-19T22:26:37.078012Z,-7.2473984,9.5073748,0.5724387,0.5947276,0.0740599,-0.3615230,-0.8751581,9.3416777,2.8641376,0.4476643,0.3902605,0.4649285,0.6566088
gait_20260919_222612_andrew_normal_upside_down_2,andrew_normal_upside_down_2,2513833973329727,2026-09-19T22:26:37.098190Z,-6.0725183,9.2187986,1.6231191,1.5727948,-1.1381112,-1.3650540,-0.9502583,9.3669252,2.7556899,0.4502490,0.3943765,0.4595702,0.6561542
gait_20260919_222612_andrew_normal_upside_down_2,andrew_normal_upside_down_2,2513833993494848,2026-09-19T22:26:37.117821Z,-5.9143515,9.4184904,1.7054198,2.3406396,-0.4284384,-2.4518211,-1.1330695,9.4190922,2.4965904,0.4612609,0.3982705,0.4381981,0.6607583
gait_20260919_222612_andrew_normal_upside_down_2,andrew_normal_upside_down_2,2513834013668187,2026-09-19T22:26:37.138014Z,-4.9060187,11.3602629,-0.6477064,2.6947849,0.3909005,-3.4263411,-1.5670524,9.4610252,2.0662651,0.4706165,0.4144605,0.4079596,0.6635598
gait_20260919_222612_andrew_normal_upside_down_2,andrew_normal_upside_down_2,2513834033835221,2026-09-19T22:26:37.158107Z,-5.3174472,13.0510931,-2.0441246,2.6578467,-0.1837259,-4.3324466,-2.2267573,9.4302835,1.5321249,0.4735636,0.4429576,0.3740449,0.6630358
gait_20260919_222612_andrew_normal_upside_down_2,andrew_normal_upside_down_2,2513834054004043,2026-09-19T22:26:37.178729Z,-6.3829417,14.8266926,-1.4583681,2.1903214,-0.3918830,-4.5935631,-3.0387495,9.2708263,1.0265998,0.4731147,0.4715389,0.3307956,0.6666243
gait_20260919_222612_andrew_normal_upside_down_2,andrew_normal_upside_down_2,2513834074172175,2026-09-19T22:26:37.199389Z,-6.1441202,18.2893810,-1.6802807,1.4141663,-0.0121407,-4.1547327,-3.8856189,8.9846258,0.6438650,0.4682451,0.4963523,0.2847361,0.6732803
gait_20260919_222612_andrew_normal_upside_down_2,andrew_normal_upside_down_2,2513834094316299,2026-09-19T22:26:37.219298Z,-2.2504747,21.9935112,-3.5114708,0.3400061,-1.5443666,-3.4186137,-4.6368756,8.6367388,0.3771758,0.4579417,0.5190964,0.2467664,0.6781849
gait_20260919_222612_andrew_normal_upside_down_2,andrew_normal_upside_down_2,2513834114511205,2026-09-19T22:26:37.239389Z,-0.3831471,16.7125759,-1.0690111,-0.0338574,-1.7859315,-2.2936924,-5.2154398,8.2971153,0.4395060,0.4468862,0.5255415,0.2130292,0.6918942
gait_20260919_222612_andrew_normal_upside_down_2,andrew_normal_upside_down_2,2513834134677709,2026-09-19T22:26:37.258857Z,-0.3381810,10.6829281,2.0561705,0.4519370,-0.3669188,-1.2329053,-5.5808764,8.0390167,0.6812936,0.4386705,0.5206077,0.1865173,0.7083411
gait_20260919_222612_andrew_normal_upside_down_2,andrew_normal_upside_down_2,2513834154847265,2026-09-19T22:26:37.279334Z,0.3000982,7.3194485,2.6345196,0.3022017,1.1587954,-0.5357228,-5.7744980,7.9026151,0.6632854,0.4371469,0.5227174,0.1717647,0.7114534
gait_20260919_222612_andrew_normal_upside_down_2,andrew_normal_upside_down_2,2513834175014867,2026-09-19T22:26:37.300837Z,0.4555717,4.9340758,2.0707600,-0.2466943,2.5021660,-0.2735904,-5.8676124,7.8468046,0.4846985,0.4363807,0.5320083,0.1691066,0.7056501
gait_20260919_222612_andrew_normal_upside_down_2,andrew_normal_upside_down_2,2513834195182958,2026-09-19T22:26:37.320953Z,-0.1574936,3.5450644,1.1881226,-0.3469841,2.5787239,-0.3262000,-5.9208903,7.8184614,0.2254611,0.4300781,0.5494000,0.1783691,0.6938133
gait_20260919_222612_andrew_normal_upside_down_2,andrew_normal_upside_down_2,2513834215351130,2026-09-19T22:26:37.340016Z,-1.3698574,3.6767457,0.5100398,-0.2054759,1.8026353,-0.6697534,-5.9695473,7.7845812,-0.0306236,0.4220051,0.5673892,0.1885981,0.6814778
gait_20260919_222612_andrew_normal_upside_down_2,andrew_normal_upside_down_2,2513834235521093,2026-09-19T22:26:37.360477Z,-4.1237879,5.1046624,0.9907506,-0.2486928,0.8313296,-1.1217570,-6.0603952,7.7108397,-0.2251658,0.4144417,0.5816280,0.1922933,0.6730307
gait_20260919_222612_andrew_normal_upside_down_2,andrew_normal_upside_down_2,2513834255689346,2026-09-19T22:26:37.380590Z,-5.8555441,7.1704845,1.7596635,-0.2253107,-0.1270693,-1.2005467,-6.2261586,7.5751677,-0.2964848,0.4057518,0.5908685,0.1885447,0.6713351
gait_20260919_222612_andrew_normal_upside_down_2,andrew_normal_upside_down_2,2513834275859879,2026-09-19T22:26:37.400716Z,-2.0340240,7.8108587,0.0604536,0.0322753,-0.8374249,-0.7185993,-6.4085803,7.4255285,-0.1665082,0.3965273,0.5916784,0.1814125,0.6780652
gait_20260919_222612_andrew_normal_upside_down_2,andrew_normal_upside_down_2,2513834296026016,2026-09-19T22:26:37.420144Z,1.9551649,7.3602247,-1.8955344,-0.0263298,-0.9973357,-0.1915699,-6.5225320,7.3272753,-0.0609923,0.3944919,0.5884402,0.1717589,0.6845533
gait_20260919_222612_andrew_normal_upside_down_2,andrew_normal_upside_down_2,2513834316195775,2026-09-19T22:26:37.441257Z,2.9352164,6.3610196,-1.3022213,-0.3391235,-0.3278654,0.2229125,-6.5471978,7.3051305,0.0733714,0.3962414,0.5813302,0.1651522,0.6912111
gait_20260919_222612_andrew_normal_upside_down_2,andrew_normal_upside_down_2,2513834336362849,2026-09-19T22:26:37.461192Z,0.9701754,5.0775032,-0.4009540,-0.5547583,0.4472739,0.6771644,-6.5094547,7.3371410,0.1717023,0.3968424,0.5765554,0.1661141,0.6946266
gait_20260919_222612_andrew_normal_upside_down_2,andrew_normal_upside_down_2,2513834356531672,2026-09-19T22:26:37.481193Z,-1.9137154,4.9969983,-0.9097219,-0.6936518,1.2089070,1.2213974,-6.4095464,7.4238248,0.2016459,0.3969398,0.5751837,0.1746726,0.6936080
gait_20260919_222612_andrew_normal_upside_down_2,andrew_normal_upside_down_2,2513834376701350,2026-09-19T22:26:37.500822Z,-5.3100400,6.3876553,-2.7222073,-0.6200415,1.5607873,1.6111654,-6.2310505,7.5754318,0.1515213,0.3977180,0.5769491,0.1909260,0.6873846
gait_20260919_222612_andrew_normal_upside_down_2,andrew_normal_upside_down_2,2513834396872167,2026-09-19T22:26:37.521979Z,-10.1851587,7.8102598,-6.5824833,-0.1530993,1.2516575,1.8655704,-5.9866090,7.7713113,0.0578091,0.4001798,0.5794949,0.2111477,0.6778337
gait_20260919_222612_andrew_normal_upside_down_2,andrew_normal_upside_down_2,2513834417036799,2026-09-19T22:26:37.542206Z,-15.4473896,8.8802433,-5.1691561,-0.7426476,-0.8589418,1.9963535,-5.6933236,7.9884243,-0.0852594,0.4077788,0.5805745,0.2292108,0.6664174
gait_20260919_222612_andrew_normal_upside_down_2,andrew_normal_upside_down_2,2513834437207738,2026-09-19T22:26:37.562251Z,-19.5320473,10.5569334,2.3695116,-1.4867607,-2.3497994,1.8078480,-5.3686690,8.2101679,0.0815540,0.4174258,0.5662149,0.2427529,0.6680027
gait_20260919_222612_andrew_normal_upside_down_2,andrew_normal_upside_down_2,2513834457375138,2026-09-19T22:26:37.581528Z,-17.9313736,9.5886278,2.6766427,-0.4978019,-2.7265606,0.7817177,-5.0454192,8.3921595,0.5928978,0.4234711,0.5379376,0.2533481,0.6834546
gait_20260919_222612_andrew_normal_upside_down_2,andrew_normal_upside_down_2,2513834477542048,2026-09-19T22:26:37.602506Z,-11.1263046,4.9221048,-0.9028385,0.2441296,-1.9322360,-0.5459316,-4.8491344,8.4710636,0.9813885,0.4306695,0.5131264,0.2513005,0.6986224
gait_20260919_222612_andrew_normal_upside_down_2,andrew_normal_upside_down_2,2513834497710668,2026-09-19T22:26:37.622596Z,-5.7374053,2.8609962,0.7222259,0.0947108,-0.0033974,-0.9837129,-4.8969665,8.4248962,1.1300172,0.4354348,0.5014777,0.2367336,0.7091361
gait_20260919_222612_andrew_normal_upside_down_2,andrew_normal_upside_down_2,2513834517882705,2026-09-19T22:26:37.642778Z,-2.4794950,4.8171339,-5.2361941,-0.5018321,1.4639782,-0.9998172,-5.0709605,8.3216105,1.1279578,0.4321160,0.5044550,0.2268785,0.7122689
gait_20260919_222612_andrew_normal_upside_down_2,andrew_normal_upside_down_2,2513834538047949,2026-09-19T22:26:37.662772Z,-2.6289084,14.7642937,-8.0282068,-1.7586690,0.0931786,-0.8922996,-5.2720246,8.2096653,1.0214087,0.4209813,0.5191261,0.2280318,0.7080143
gait_20260919_222612_andrew_normal_upside_down_2,andrew_normal_upside_down_2,2513834558219620,2026-09-19T22:26:37.682961Z,-6.8596873,22.9326363,3.9030726,-0.4208275,-0.0314259,0.0962929,-5.4287057,8.0693026,1.2851555,0.4027176,0.5207266,0.2318275,0.7161832
gait_20260919_222612_andrew_normal_upside_down_2,andrew_normal_upside_down_2,2513834578386043,2026-09-19T22:26:37.702631Z,-2.9794345,25.0784397,8.8439569,0.2543051,2.4564011,0.4026914,-5.4141064,8.0625925,1.3849885,0.4005061,0.5175292,0.2331797,0.7192953
gait_20260919_222612_andrew_normal_upside_down_2,andrew_normal_upside_down_2,2513834598555638,2026-09-19T22:26:37.723259Z,0.7024738,15.3920984,4.8528223,0.7236788,2.1268368,-0.1267362,-5.3873758,8.1250000,1.0939323,0.3991898,0.5327712,0.2451253,0.7047808
gait_20260919_222612_andrew_normal_upside_down_2,andrew_normal_upside_down_2,2513834618721736,2026-09-19T22:26:37.742969Z,0.9690531,7.5664253,2.8925698,0.6224730,0.7314062,-0.2845986,-5.4432211,8.1297770,0.7170687,0.3978225,0.5515872,0.2501496,0.6891401
gait_20260919_222612_andrew_normal_upside_down_2,andrew_normal_upside_down_2,2513834638893814,2026-09-19T22:26:37.763913Z,-0.0953192,4.4598742,1.6624738,0.2370350,-0.0218166,-0.0341405,-5.4975481,8.1077738,0.5263979,0.3987557,0.5596725,0.2476781,0.6829466
gait_20260919_222612_andrew_normal_upside_down_2,andrew_normal_upside_down_2,2513834659059301,2026-09-19T22:26:37.783164Z,-0.9118916,4.4979568,1.8248307,-0.3683011,-0.0011658,0.6722349,-5.5065322,8.1040621,0.4882443,0.4003490,0.5602514,0.2455024,0.6823252
gait_20260919_222612_andrew_normal_upside_down_2,andrew_normal_upside_down_2,2513834679228490,2026-09-19T22:26:37.803884Z,-1.0202292,6.9357777,2.9275100,-0.6404426,0.5021485,1.1462716,-5.4019217,8.1700430,0.5529618,0.4016474,0.5563728,0.2515177,0.6825449
gait_20260919_222612_andrew_normal_upside_down_2,andrew_normal_upside_down_2,2513834699397680,2026-09-19T22:26:37.823681Z,-0.9557354,9.7390137,3.9282117,-0.5269129,1.2711593,1.0827370,-5.2110534,8.2884331,0.6187892,0.4024190,0.5528421,0.2651585,0.6797908
gait_20260919_222612_andrew_normal_upside_down_2,andrew_normal_upside_down_2,2513834719564143,2026-09-19T22:26:37.844930Z,-1.2412440,11.0410109,3.9825301,-0.2264431,1.8105959,0.7457452,-5.0176845,8.4079313,0.6046980,0.4016004,0.5541790,0.2816147,0.6725296
gait_20260919_222612_andrew_normal_upside_down_2,andrew_normal_upside_down_2,2513834739752335,2026-09-19T22:26:37.864007Z,-1.7405099,10.3448219,3.0786440,-0.1043867,1.3954639,0.5628520,-4.9028206,8.4841499,0.4665558,0.3989887,0.5624954,0.2956690,0.6610498
gait_20260919_222612_andrew_normal_upside_down_2,andrew_normal_upside_down_2,2513834759902562,2026-09-19T22:26:37.884645Z,-3.0506618,8.5303164,1.7158196,-0.0416181,-0.1089832,0.7166675,-4.8167825,8.5393696,0.3374686,0.3969028,0.5698850,0.3061227,0.6511437
gait_20260919_222612_andrew_normal_upside_down_2,andrew_normal_upside_down_2,2513834780073136,2026-09-19T22:26:37.904348Z,-2.1823897,6.8037977,0.0806547,-0.1088832,-1.9004270,1.1397433,-4.6826453,8.6127281,0.3603663,0.4004492,0.5663878,0.3116469,0.6494009
gait_20260919_222612_andrew_normal_upside_down_2,andrew_normal_upside_down_2,2513834800238785,2026-09-19T22:26:37.925302Z,-1.9832220,6.3811460,-2.2194250,-0.5517439,-3.0848527,0.9925561,-4.4680471,8.7165794,0.5421568,0.4119342,0.5495833,0.3121724,0.6563663
gait_20260919_222612_andrew_normal_upside_down_2,andrew_normal_upside_down_2,2513834820408829,2026-09-19T22:26:37.944587Z,-4.9002576,6.5205336,-1.5206174,-1.3036344,-3.2635658,1.2899449,-4.2399349,8.8011208,0.8940598,0.4240493,0.5231791,0.3086638,0.6717086
gait_20260919_222612_andrew_normal_upside_down_2,andrew_normal_upside_down_2,2513834840575170,2026-09-19T22:26:37.964876Z,-1.9571103,7.6033111,0.7579893,-1.6927029,-2.4984853,1.4381146,-3.9478219,8.8718405,1.3932858,0.4318996,0.4912373,0.3091471,0.6903453
gait_20260919_222612_andrew_normal_upside_down_2,andrew_normal_upside_down_2,2513834860743668,2026-09-19T22:26:37.987014Z,-6.6751094,9.1137533,1.8974048,-1.6996475,-0.4961032,0.9952873,-3.5891383,8.9302654,1.8985723,0.4354216,0.4608035,0.3164971,0.7056187
gait_20260919_222612_andrew_normal_upside_down_2,andrew_normal_upside_down_2,2513834880912206,2026-09-19T22:26:38.005471Z,-8.3978119,9.9017448,1.6145149,-1.7446297,2.4081047,1.7612836,-3.3919320,8.9235640,2.2585158,0.4297017,0.4460486,0.3279406,0.7133387
gait_20260919_222612_andrew_normal_upside_down_2,andrew_normal_upside_down_2,2513834901083470,2026-09-19T22:26:38.025535Z,-2.6753707,10.5636663,1.0984896,-1.9059395,4.4769692,1.6622596,-3.2016594,8.9511871,2.4211030,0.4170030,0.4491137,0.3571634,0.7048686
gait_20260919_222612_andrew_normal_upside_down_2,andrew_normal_upside_down_2,2513834921250422,2026-09-19T22:26:38.046223Z,-3.7388453,9.4977236,-1.1199627,-1.8014529,4.4056072,0.5759587,-3.0961604,8.9723539,2.4792652,0.3949774,0.4659389,0.3969757,0.6850578
gait_20260919_222612_andrew_normal_upside_down_2,andrew_normal_upside_down_2,2513834941417251,2026-09-19T22:26:38.065636Z,-4.5557170,7.9477024,-0.0447416,-0.9260071,0.2489259,0.4005431,-3.2345331,8.9409342,2.4152861,0.3684334,0.4909133,0.4262715,0.6644951
gait_20260919_222612_andrew_normal_upside_down_2,andrew_normal_upside_down_2,2513834961587133,2026-09-19T22:26:38.086486Z,-3.3461213,8.3329439,1.6301521,-0.1303001,-1.5411690,0.2725578,-3.2150121,8.9128933,2.5416784,0.3612870,0.4897003,0.4349138,0.6637133
gait_20260919_222612_andrew_normal_upside_down_2,andrew_normal_upside_down_2,2513834981754450,2026-09-19T22:26:38.106283Z,-4.9407344,8.5653315,1.9074305,0.3685509,-1.2144194,0.1387104,-3.0711319,8.9251280,2.6732659,0.3692470,0.4765977,0.4314139,0.6711136
gait_20260919_222612_andrew_normal_upside_down_2,andrew_normal_upside_down_2,2513835001924535,2026-09-19T22:26:38.125995Z,-6.3357310,8.7485628,0.7627777,0.6071348,-0.0040469,0.5611033,-3.1537333,8.9135475,2.6151021,0.3757181,0.4741221,0.4212049,0.6757445
gait_20260919_222612_andrew_normal_upside_down_2,andrew_normal_upside_down_2,2513835022091405,2026-09-19T22:26:38.146167Z,-4.0029554,8.2222872,1.5098435,0.5669655,1.4494727,0.8892186,-3.0598943,8.9765778,2.5088294,0.3829372,0.4740442,0.4209460,0.6718972
gait_20260919_222612_andrew_normal_upside_down_2,andrew_normal_upside_down_2,2513835042263118,2026-09-19T22:26:38.166409Z,-3.0876224,8.2836390,2.0088100,0.7045435,1.9860115,0.6584621,-2.9817433,9.0559883,2.3096364,0.3848859,0.4831096,0.4293450,0.6588861
gait_20260919_222612_andrew_normal_upside_down_2,andrew_normal_upside_down_2,2513835062428319,2026-09-19T22:26:38.186528Z,-4.7790508,8.8980503,1.5394717,0.8619395,1.7182000,0.2742898,-2.9439025,9.1278830,2.0618711,0.3839068,0.4968040,0.4384375,0.6430972
gait_20260919_222612_andrew_normal_upside_down_2,andrew_normal_upside_down_2,2513835082600154,2026-09-19T22:26:38.206893Z,-4.1807251,8.3562880,1.0349685,0.8185728,1.2236789,0.5556742,-3.0248709,9.1591072,1.7880155,0.3816436,0.5122960,0.4411642,0.6302977
gait_20260919_222612_andrew_normal_upside_down_2,andrew_normal_upside_down_2,2513835102765722,2026-09-19T22:26:38.227081Z,-2.3622541,9.0547209,1.4711621,0.7924427,0.4234921,0.3206043,-3.0206022,9.2055502,1.5394555,0.3830647,0.5234058,0.4437037,0.6184132
gait_20260919_222612_andrew_normal_upside_down_2,andrew_normal_upside_down_2,2513835122934871,2026-09-19T22:26:38.247220Z,-2.7971759,8.3951931,2.1227591,0.8318126,-0.2422477,0.0451820,-2.9658787,9.2508783,1.3641701,0.3877743,0.5284457,0.4436605,0.6111805
gait_20260919_222612_andrew_normal_upside_down_2,andrew_normal_upside_down_2,2513835143101944,2026-09-19T22:26:38.267370Z,-2.8420670,7.6875572,2.4991724,0.9410788,-0.6617596,-0.1612598,-2.9514697,9.2750092,1.2244011,0.3940823,0.5305195,0.4386562,0.6089572
gait_20260919_222612_andrew_normal_upside_down_2,andrew_normal_upside_down_2,2513835163271297,2026-09-19T22:26:38.287536Z,-3.7106385,7.8558993,2.1338322,0.9746198,-0.7987379,-0.5101424,-2.9629834,9.2880039,1.0907964,0.4018574,0.5311090,0.4302078,0.6093892
gait_20260919_222612_andrew_normal_upside_down_2,andrew_normal_upside_down_2,2513835183437759,2026-09-19T22:26:38.307878Z,-6.0519433,9.0253925,1.1222820,0.8715988,-0.4775840,-0.5395532,-3.0407441,9.2773724,0.9593474,0.4086262,0.5322559,0.4185733,0.6119841
gait_20260919_222612_andrew_normal_upside_down_2,andrew_normal_upside_down_2,2513835203584082,2026-09-19T22:26:38.328463Z,-6.0771575,11.1803980,-0.0386065,0.5881659,0.1751158,-0.3421545,-3.1410780,9.2567101,0.8264824,0.4132219,0.5350645,0.4079291,0.6136346
gait_20260919_222612_andrew_normal_upside_down_2,andrew_normal_upside_down_2,2513835223751928,2026-09-19T22:26:38.347947Z,-3.9350202,13.5758715,-0.4968717,0.2498252,0.7098227,-0.6381943,-3.2087979,9.2437181,0.7024214,0.4145316,0.5399373,0.4030502,0.6117042
gait_20260919_222612_andrew_normal_upside_down_2,andrew_normal_upside_down_2,2513835243946061,2026-09-19T22:26:38.370342Z,-1.6811785,13.2620068,0.7371148,0.2259102,0.4330182,-1.6855583,-3.3221548,9.2104635,0.6056032,0.4102403,0.5477250,0.4010841,0.6089597
gait_20260919_222612_andrew_normal_upside_down_2,andrew_normal_upside_down_2,2513835264115494,2026-09-19T22:26:38.394886Z,-5.4667106,11.8168821,0.8532336,1.0318925,-2.3934326,-2.2524407,-3.6168914,9.1032324,0.5341941,0.4003690,0.5582507,0.3927583,0.6113934
gait_20260919_222612_andrew_normal_upside_down_2,andrew_normal_upside_down_2,2513835284281713,2026-09-19T22:26:38.408692Z,-4.8812537,7.9319153,4.0759039,2.5951114,-6.4724736,-1.9706399,-4.0240874,8.9316034,0.5189451,0.3992299,0.5597732,0.3662114,0.6270238
gait_20260919_222612_andrew_normal_upside_down_2,andrew_normal_upside_down_2,2513835304450740,2026-09-19T22:26:38.430098Z,-3.2575359,15.4051914,-2.2156839,3.0393376,-5.6060872,-2.3391576,-4.3267250,8.7691336,0.7860360,0.4217190,0.5305798,0.3151192,0.6643328
gait_20260919_222612_andrew_normal_upside_down_2,andrew_normal_upside_down_2,2513835324619075,2026-09-19T22:26:38.449058Z,0.1167921,17.2288990,-11.6580410,2.1387112,-2.2656639,-2.3498826,-4.6340351,8.6123857,0.7672266,0.4475687,0.5100353,0.2580663,0.6877121
gait_20260919_222612_andrew_normal_upside_down_2,andrew_normal_upside_down_2,2513835344788020,2026-09-19T22:26:38.470187Z,0.6334160,11.2130938,-3.6107554,0.9060057,0.9328018,-2.1321161,-5.0029745,8.4154634,0.6215631,0.4571517,0.5088583,0.2186935,0.6958799
gait_20260919_222612_andrew_normal_upside_down_2,andrew_normal_upside_down_2,2513835364956722,2026-09-19T22:26:38.489072Z,-2.0088100,10.3529768,0.7268647,0.4498553,1.7860646,-1.4645610,-5.3663430,8.2041283,0.3615854,0.4497570,0.5280718,0.2045061,0.6906780
gait_20260919_222612_andrew_normal_upside_down_2,andrew_normal_upside_down_2,2513835385125138,2026-09-19T22:26:38.510287Z,-0.7806594,8.0213985,1.6225206,0.4553844,1.4637117,-0.4576493,-5.6179752,8.0415678,0.0876223,0.4405488,0.5485860,0.2003309,0.6817901
gait_20260919_222612_andrew_normal_upside_down_2,andrew_normal_upside_down_2,2513835405293432,2026-09-19T22:26:38.529392Z,-0.0747440,7.1576905,0.7820809,0.5062454,0.8779939,0.0423009,-5.6919074,7.9883566,-0.1564007,0.4369554,0.5625929,0.2024411,0.6719947
gait_20260919_222612_andrew_normal_upside_down_2,andrew_normal_upside_down_2,2513835425462011,2026-09-19T22:26:38.551503Z,-0.3516484,7.6366806,-0.2944120,0.3207043,0.4860942,0.2493922,-5.6741095,7.9952283,-0.3419364,0.4380594,0.5700695,0.2050765,0.6641299
gait_20260919_222612_andrew_normal_upside_down_2,andrew_normal_upside_down_2,2513835445629533,2026-09-19T22:26:38.570611Z,0.4073136,7.6203699,-0.4123264,0.1096493,0.2258436,0.3128436,-5.6249428,8.0243416,-0.4539422,0.4397732,0.5737275,0.2083856,0.6587956
gait_20260919_222612_andrew_normal_upside_down_2,andrew_normal_upside_down_2,2513835465798925,2026-09-19T22:26:38.590680Z,0.9166052,7.3395000,-0.0480337,-0.0901143,-0.0104253,0.1227726,-5.5650878,8.0632486,-0.4999516,0.4409932,0.5748140,0.2122606,0.6557890
gait_20260919_222612_andrew_normal_upside_down_2,andrew_normal_upside_down_2,2513835485970759,2026-09-19T22:26:38.610763Z,-1.4703391,7.8710876,1.2641385,-0.1343970,-0.2810513,0.0250308,-5.5347042,8.0849342,-0.4868538,0.4402830,0.5747569,0.2152636,0.6553375
gait_20260919_222612_andrew_normal_upside_down_2,andrew_normal_upside_down_2,2513835506135636,2026-09-19T22:26:38.630270Z,-4.6640544,7.1178122,1.9003228,-0.0090764,-0.6193587,0.5790396,-5.5342736,8.0883904,-0.4311205,0.4388583,0.5733640,0.2162498,0.6571859
gait_20260919_222612_andrew_normal_upside_down_2,andrew_normal_upside_down_2,2513835526304255,2026-09-19T22:26:38.651255Z,-6.0559087,6.8801875,0.6490531,0.0924625,-1.0836030,1.2122377,-5.4566469,8.1444702,-0.3588039,0.4415606,0.5680557,0.2186009,0.6592046
gait_20260919_222612_andrew_normal_upside_down_2,andrew_normal_upside_down_2,2513835546475154,2026-09-19T22:26:38.671393Z,-6.0859113,8.9933701,-0.5021838,-0.1926857,-1.2393503,1.4018924,-5.2800040,8.2640581,-0.2510309,0.4497655,0.5567531,0.2221414,0.6621104
gait_20260919_222612_andrew_normal_upside_down_2,andrew_normal_upside_down_2,2513835566641535,2026-09-19T22:26:38.691502Z,-6.9878516,9.4945812,-1.6449662,-0.7720084,-1.3553114,1.0689642,-5.0423055,8.4143963,-0.0960499,0.4585552,0.5423114,0.2281180,0.6660238
gait_20260919_222612_andrew_normal_upside_down_2,andrew_normal_upside_down_2,2513835586810440,2026-09-19T22:26:38.710995Z,-8.9118919,8.5701199,-2.7944822,-1.3046503,-1.8540959,0.6224064,-4.8519602,8.5246439,0.1582485,0.4617019,0.5274976,0.2346967,0.6734204
gait_20260919_222612_andrew_normal_upside_down_2,andrew_normal_upside_down_2,2513835606977554,2026-09-19T22:26:38.731167Z,-8.9560356,7.8036013,-1.4303111,-1.4173306,-1.6280025,0.3528463,-4.7322388,8.5753317,0.5529233,0.4592340,0.5103211,0.2389192,0.6867271
gait_20260919_222612_andrew_normal_upside_down_2,andrew_normal_upside_down_2,2513835627146785,2026-09-19T22:26:38.751945Z,-8.0326214,8.3658648,3.4329112,-0.5436001,-0.4186958,0.1633082,-4.6461349,8.5853558,0.9701672,0.4541543,0.4937854,0.2418766,0.7010106
gait_20260919_222612_andrew_normal_upside_down_2,andrew_normal_upside_down_2,2513835647316340,2026-09-19T22:26:38.771403Z,-6.1710548,9.2500734,0.6343138,0.8131102,0.1236552,0.1323652,-4.6099577,8.5844059,1.1368297,0.4504925,0.4885318,0.2451526,0.7058989
gait_20260919_222612_andrew_normal_upside_down_2,andrew_normal_upside_down_2,2513835667483862,2026-09-19T22:26:38.791546Z,-3.5000985,10.6399822,-3.3955019,1.0468645,-0.5260302,-0.2084736,-4.5907774,8.6131792,0.9869241,0.4555717,0.4916380,0.2439650,0.7008764
gait_20260919_222612_andrew_normal_upside_down_2,andrew_normal_upside_down_2,2513835687652929,2026-09-19T22:26:38.811696Z,-2.3471408,9.9610014,-3.9964464,0.6341974,-2.3604078,-0.5571064,-4.6118107,8.6193943,0.8205959,0.4625087,0.4937634,0.2371491,0.6971684
gait_20260919_222612_andrew_normal_upside_down_2,andrew_normal_upside_down_2,2513835707823299,2026-09-19T22:26:38.832502Z,-0.7343466,10.2064066,-3.0632315,-0.1746662,-2.3509319,-0.6101991,-4.6679530,8.5804214,0.9070354,0.4687067,0.4833373,0.2209867,0.7055948
gait_20260919_222612_andrew_normal_upside_down_2,andrew_normal_upside_down_2,2513835727978327,2026-09-19T22:26:38.852761Z,-2.2445641,9.0978918,1.5355811,-0.2060588,0.0101755,-0.0724278,-4.7137804,8.5238266,1.1665143,0.4697846,0.4682918,0.2063066,0.7193351
gait_20260919_222612_andrew_normal_upside_down_2,andrew_normal_upside_down_2,2513835748158544,2026-09-19T22:26:38.872832Z,-1.7783681,9.3306532,1.3117232,0.4781836,1.7012297,0.6600775,-4.5859566,8.5796041,1.2631314,0.4689774,0.4630714,0.2114767,0.7217360
gait_20260919_222612_andrew_normal_upside_down_2,andrew_normal_upside_down_2,2513835768326309,2026-09-19T22:26:38.892618Z,-1.6459389,10.1419878,-0.9688287,0.6720350,1.5176537,0.8233358,-4.2452703,8.7789011,1.0699060,0.4754216,0.4661121,0.2316675,0.7092559
gait_20260919_222612_andrew_normal_upside_down_2,andrew_normal_upside_down_2,2513835788494930,2026-09-19T22:26:38.912756Z,-1.2991537,10.8363810,-0.8691700,0.3268496,0.3509311,0.6150454,-4.0805583,8.8880024,0.7671781,0.4815991,0.4758916,0.2441389,0.6942520
gait_20260919_222612_andrew_normal_upside_down_2,andrew_normal_upside_down_2,2513835808664159,2026-09-19T22:26:38.932834Z,1.0823288,11.1341600,-0.8451532,-0.2004297,-0.0555075,0.2530394,-3.9694743,8.9462986,0.6656903,0.4854319,0.4774188,0.2500865,0.6883922
gait_20260919_222612_andrew_normal_upside_down_2,andrew_normal_upside_down_2,2513835828855444,2026-09-19T22:26:38.953146Z,0.2421885,10.7360497,-1.3566893,-0.8344772,0.6403093,-0.2002132,-3.9115140,8.9689150,0.7033862,0.4849164,0.4758755,0.2540592,0.6883696
gait_20260919_222612_andrew_normal_upside_down_2,andrew_normal_upside_down_2,2513835848999609,2026-09-19T22:26:38.973883Z,-4.4243350,10.1295681,-0.9131635,-1.3259506,2.0570071,0.3050329,-3.9459393,8.9454479,0.8029034,0.4765162,0.4790736,0.2605296,0.6895977
gait_20260919_222612_andrew_normal_upside_down_2,andrew_normal_upside_down_2,2513835869168270,2026-09-19T22:26:38.994117Z,-3.9374890,8.0415249,-0.4807856,-1.5749431,3.2501595,1.1665061,-3.9469497,8.9374294,0.8832138,0.4620025,0.4891814,0.2787900,0.6852236
gait_20260919_222612_andrew_normal_upside_down_2,andrew_normal_upside_down_2,2513835889336767,2026-09-19T22:26:39.014026Z,-0.6272808,6.4435449,1.0399814,-1.6198587,3.5510123,1.5048302,-3.8020039,8.9971914,0.9118336,0.4467059,0.5021590,0.3099976,0.6724520
gait_20260919_222612_andrew_normal_upside_down_2,andrew_normal_upside_down_2,2513835909504573,2026-09-19T22:26:39.034136Z,-1.7188872,8.1639290,2.0722563,-1.0921963,2.3920836,0.8046001,-3.5822191,9.0840063,0.9405656,0.4308389,0.5148734,0.3462115,0.6553020
gait_20260919_222612_andrew_normal_upside_down_2,andrew_normal_upside_down_2,2513835929673030,2026-09-19T22:26:39.054790Z,-5.1020436,8.4367180,0.9972599,-0.5740435,1.6780308,0.7242950,-3.4720888,9.1229458,0.9759915,0.4178525,0.5240713,0.3697031,0.6434814
gait_20260919_222612_andrew_normal_upside_down_2,andrew_normal_upside_down_2,2513835949841609,2026-09-19T22:26:39.073968Z,-6.5875711,6.7585320,2.0932057,-0.1219732,1.4492061,0.8246181,-3.7031295,9.0328074,0.9650643,0.4036072,0.5358874,0.3778672,0.6380770
gait_20260919_222612_andrew_normal_upside_down_2,andrew_normal_upside_down_2,2513835970009903,2026-09-19T22:26:39.094645Z,-8.1009312,5.3371243,2.0037224,0.5084937,0.9012760,0.8886191,-4.0130067,8.8912249,1.0382791,0.3862140,0.5451384,0.3831379,0.6378623
gait_20260919_222612_andrew_normal_upside_down_2,andrew_normal_upside_down_2,2513835990179663,2026-09-19T22:26:39.114946Z,-7.8522334,7.4723783,0.4648492,1.0660664,0.1489192,0.5745597,-4.5627766,8.6253929,1.0098376,0.3669864,0.5581042,0.3759488,0.6422641
gait_20260919_222612_andrew_normal_upside_down_2,andrew_normal_upside_down_2,2513836010346695,2026-09-19T22:26:39.134611Z,-8.6916256,9.1590939,-1.6225954,1.0725114,-0.2485762,-0.1676715,-4.4545536,8.7029381,0.8074286,0.3749843,0.5621641,0.3767021,0.6336039
gait_20260919_222612_andrew_normal_upside_down_2,andrew_normal_upside_down_2,2513836030515560,2026-09-19T22:26:39.155293Z,-10.0210810,9.7304096,-1.0482115,0.9805486,-1.0606872,-0.5943279,-4.4736891,8.7076521,0.6316794,0.3807689,0.5664716,0.3702724,0.6300980
gait_20260919_222612_andrew_normal_upside_down_2,andrew_normal_upside_down_2,2513836050686051,2026-09-19T22:26:39.175356Z,-11.3399115,9.4768486,-1.3979894,0.9632285,-1.8491997,-0.0571062,-4.5735288,8.6612949,0.5485495,0.3854378,0.5674243,0.3585210,0.6331905
gait_20260919_222612_andrew_normal_upside_down_2,andrew_normal_upside_down_2,2513836070853043,2026-09-19T22:26:39.195573Z,-5.0050788,10.9576626,-2.3592613,0.8792596,-2.3434377,0.7273093,-4.5835814,8.6558590,0.5504394,0.3958920,0.5606622,0.3460950,0.6396450
gait_20260919_222612_andrew_normal_upside_down_2,andrew_normal_upside_down_2,2513836091021500,2026-09-19T22:26:39.215293Z,1.3514520,9.0301056,-2.3587375,0.7114049,-4.2780218,0.1304334,-4.4284391,8.7330999,0.5983485,0.4118963,0.5474608,0.3385559,0.6449869
gait_20260919_222612_andrew_normal_upside_down_2,andrew_normal_upside_down_2,2513836111189590,2026-09-19T22:26:39.235406Z,0.1704372,7.5530329,-1.7365444,0.1439563,-5.2319407,-0.7393834,-4.1907010,8.8387518,0.7420310,0.4353618,0.5226227,0.3228254,0.6581104
gait_20260919_222612_andrew_normal_upside_down_2,andrew_normal_upside_down_2,2513836131359757,2026-09-19T22:26:39.255698Z,-1.5057284,7.7148662,-0.3299509,-0.5104921,-4.3541136,-0.9307867,-4.2166176,8.7816820,1.1568623,0.4485025,0.4914569,0.2945876,0.6859547
gait_20260919_222612_andrew_normal_upside_down_2,andrew_normal_upside_down_2,2513836151526911,2026-09-19T22:26:39.275823Z,-2.1037550,9.4359226,-0.2980033,-1.0084605,-2.6106493,-0.7889454,-4.2593212,8.6862621,1.6257745,0.4518566,0.4642188,0.2718028,0.7116529
gait_20260919_222612_andrew_normal_upside_down_2,andrew_normal_upside_down_2,2513836171694311,2026-09-19T22:26:39.296015Z,-2.1666028,10.0819836,1.9814264,-1.2681448,-0.6004232,-0.7869636,-4.1056685,8.7236662,1.8103203,0.4577153,0.4475400,0.2634981,0.7216462
gait_20260919_222612_andrew_normal_upside_down_2,andrew_normal_upside_down_2,2513836191863012,2026-09-19T22:26:39.316123Z,-3.6290860,10.7020063,2.4647558,-0.9096196,0.5392534,-0.8128937,-4.2063985,8.6115713,2.0936050,0.4456197,0.4435660,0.2625062,0.7319583
gait_20260919_222612_andrew_normal_upside_down_2,andrew_normal_upside_down_2,2513836212031795,2026-09-19T22:26:39.336856Z,-3.1087961,9.5272770,0.3062333,-0.6988145,1.0013326,-0.5299106,-4.3728604,8.4984179,2.2115848,0.4324358,0.4496522,0.2645867,0.7353952
gait_20260919_222612_andrew_normal_upside_down_2,andrew_normal_upside_down_2,2513836232200089,2026-09-19T22:26:39.356685Z,-2.8444612,8.1164188,-0.4155436,-0.9273893,0.9569001,-0.4212272,-4.4315567,8.4924192,2.1157093,0.4265492,0.4597859,0.2705444,0.7303824
gait_20260919_222612_andrew_normal_upside_down_2,andrew_normal_upside_down_2,2513836252369726,2026-09-19T22:26:39.376782Z,-1.2050316,7.9218149,0.9272294,-1.0401030,0.7876797,-0.4513874,-4.5450134,8.4162865,2.1783254,0.4146728,0.4669441,0.2768290,0.7303256
gait_20260919_222612_andrew_normal_upside_down_2,andrew_normal_upside_down_2,2513836272537491,2026-09-19T22:26:39.398242Z,-1.4327053,9.6864166,2.3110781,-0.6208409,0.4230258,-0.8523468,-4.6505537,8.3304539,2.2829804,0.4018023,0.4722885,0.2833835,0.7315683
gait_20260919_222612_andrew_normal_upside_down_2,andrew_normal_upside_down_2,2513836292706396,2026-09-19T22:26:39.417236Z,-5.0128598,9.3973913,1.0732757,0.1365620,0.1941013,-0.7032611,-4.6459270,8.3100271,2.3653574,0.3949344,0.4733135,0.2883209,0.7327156
gait_20260919_222612_andrew_normal_upside_down_2,andrew_normal_upside_down_2,2513836312875951,2026-09-19T22:26:39.438548Z,-4.5569139,8.5068979,-1.0999112,0.4834296,-0.3491824,-0.4590316,-4.7851748,8.2408152,2.3296349,0.3903540,0.4789815,0.2843935,0.7330217
gait_20260919_222612_andrew_normal_upside_down_2,andrew_normal_upside_down_2,2513836333043880,2026-09-19T22:26:39.458741Z,-5.2998648,9.3269873,0.0563386,0.5335911,-1.1606272,-0.2249110,-4.8901095,8.2938700,1.8800676,0.4018000,0.4923161,0.2744241,0.7217154
gait_20260919_222612_andrew_normal_upside_down_2,andrew_normal_upside_down_2,2513836353210994,2026-09-19T22:26:39.477793Z,-6.0125885,9.8163767,0.6911761,0.5123740,-2.0185533,0.1533325,-4.8905873,8.2895298,1.8978794,0.4068304,0.4873548,0.2664111,0.7252582
gait_20260919_222612_andrew_normal_upside_down_2,andrew_normal_upside_down_2,2513836373354590,2026-09-19T22:26:39.500084Z,-6.5868230,9.4822359,1.6067338,0.4616462,-2.0680320,0.6308333,-4.7926984,8.3216925,2.0039010,0.4159662,0.4741194,0.2573263,0.7320971
gait_20260919_222612_andrew_normal_upside_down_2,andrew_normal_upside_down_2,2513836393547460,2026-09-19T22:26:39.517766Z,-9.2642136,8.3675852,2.9227216,0.5376214,-0.9918066,1.2795196,-4.6019607,8.3972530,2.1317177,0.4270630,0.4573100,0.2514549,0.7384141
gait_20260919_222612_andrew_normal_upside_down_2,andrew_normal_upside_down_2,2513836413718685,2026-09-19T22:26:39.537735Z,-6.1484594,7.3170543,2.2885575,0.6412753,0.3519303,2.2732413,-4.3503871,8.5269480,2.1450915,0.4384313,0.4458101,0.2543575,0.7377897
gait_20260919_222612_andrew_normal_upside_down_2,andrew_normal_upside_down_2,2513836433884985,2026-09-19T22:26:39.557854Z,-0.7053917,10.0079880,1.0519524,0.4471574,0.3819407,1.7688112,-4.3546152,8.5581522,2.0078590,0.4407572,0.4498098,0.2574409,0.7328904
gait_20260919_222612_andrew_normal_upside_down_2,andrew_normal_upside_down_2,2513836454055517,2026-09-19T22:26:39.577909Z,-1.1115830,11.1248083,1.1246762,0.0799554,-0.3097293,0.7731242,-3.9325764,8.7943745,1.8520051,0.4549709,0.4437629,0.2744433,0.7216349
gait_20260919_222612_andrew_normal_upside_down_2,andrew_normal_upside_down_2,2513836474222184,2026-09-19T22:26:39.598302Z,-2.8959365,8.7511063,1.0122236,-0.1206076,-0.6876397,0.4366654,-3.7783108,8.8613243,1.8540329,0.4599513,0.4385034,0.2788274,0.7200103
gait_20260919_222612_andrew_normal_upside_down_2,andrew_normal_upside_down_2,2513836494367773,2026-09-19T22:26:39.618388Z,-5.6218100,7.5480947,1.1902175,-0.0413683,-0.2804351,0.9902579,-3.6784890,8.8869276,1.9306344,0.4628479,0.4310061,0.2789124,0.7226434
gait_20260919_222612_andrew_normal_upside_down_2,andrew_normal_upside_down_2,2513836514558080,2026-09-19T22:26:39.638558Z,-3.7862055,7.9638629,1.2607716,0.0537088,0.5937117,1.6044205,-3.5681229,8.9271040,1.9522836,0.4659210,0.4268294,0.2821910,0.7218744
gait_20260919_222612_andrew_normal_upside_down_2,andrew_normal_upside_down_2,2513836534702124,2026-09-19T22:26:39.658800Z,-1.0318261,9.2727432,1.4113071,0.1008227,1.0128073,1.5060292,-3.2975240,9.0407572,1.9045113,0.4711076,0.4239408,0.2971167,0.7141802
gait_20260919_222612_andrew_normal_upside_down_2,andrew_normal_upside_down_2,2513836554895361,2026-09-19T22:26:39.679607Z,1.2853122,8.6153107,1.0886136,0.0140892,1.1239054,0.5406357,-3.0080788,9.1600389,1.8114289,0.4764386,0.4232146,0.3138681,0.7038341
gait_20260919_222612_andrew_normal_upside_down_2,andrew_normal_upside_down_2,2513836575063249,2026-09-19T22:26:39.699048Z,3.4166756,7.3713732,0.2248305,-0.2574361,1.0189692,-1.1654903,-2.9246898,9.2012434,1.7376469,0.4758493,0.4281460,0.3239480,0.6966463
gait_20260919_222612_andrew_normal_upside_down_2,andrew_normal_upside_down_2,2513836595231990,2026-09-19T22:26:39.719487Z,1.5144823,11.5581579,-1.6083798,-0.8590584,1.2919766,-2.8888862,-3.1462085,9.1320190,1.7157199,0.4663660,0.4395807,0.3229822,0.6963865
gait_20260919_222612_andrew_normal_upside_down_2,andrew_normal_upside_down_2,2513836615401424,2026-09-19T22:26:39.739165Z,-4.3250504,11.7998228,3.8847418,-1.0810050,1.9431276,-3.1071024,-3.7047727,8.9081392,1.7764643,0.4443666,0.4582845,0.3115980,0.7038611
gait_20260919_222612_andrew_normal_upside_down_2,andrew_normal_upside_down_2,2513836635569026,2026-09-19T22:26:39.759549Z,-8.8532343,7.7557173,4.4062290,-0.2566866,2.1324492,-1.4116683,-4.3488727,8.6027431,1.8210487,0.4140409,0.4832714,0.3033796,0.7092107
gait_20260919_222612_andrew_normal_upside_down_2,andrew_normal_upside_down_2,2513836655737280,2026-09-19T22:26:39.780028Z,-5.5436993,6.2715364,0.1631798,0.1318157,2.6167281,0.0582221,-4.7028909,8.4420681,1.6883198,0.3971966,0.5037783,0.3019464,0.7051743
gait_20260919_222612_andrew_normal_upside_down_2,andrew_normal_upside_down_2,2513836675864896,2026-09-19T22:26:39.810891Z,-4.6768484,9.8994255,-0.6831705,-0.2298239,1.5264636,0.4334678,-4.7709541,8.4557486,1.4051527,0.3903894,0.5228692,0.3125871,0.6902849
gait_20260919_222612_andrew_normal_upside_down_2,andrew_normal_upside_down_2,2513836696073827,2026-09-19T22:26:39.820029Z,-4.5150905,10.9212255,-1.6586580,-0.6919364,-1.5407194,0.2166007,-4.7372108,8.4970217,1.2631646,0.3857868,0.5329533,0.3240805,0.6797803
gait_20260919_222612_andrew_normal_upside_down_2,andrew_normal_upside_down_2,2513836716243383,2026-09-19T22:26:39.840143Z,-5.3574753,9.1085157,-0.5364508,-1.2888457,-2.6723356,0.2759053,-4.6563253,8.5029964,1.5012628,0.3868110,0.5207792,0.3243593,0.6884456
gait_20260919_222612_andrew_normal_upside_down_2,andrew_normal_upside_down_2,2513836736411148,2026-09-19T22:26:39.860096Z,-5.7225161,9.4834328,4.8376341,-0.7939749,-1.2923263,0.7518905,-4.5172319,8.4796562,1.9814560,0.3876987,0.4962705,0.3222560,0.7067931
gait_20260919_222612_andrew_normal_upside_down_2,andrew_normal_upside_down_2,2513836756580094,2026-09-19T22:26:39.880383Z,-8.3019695,11.4225864,4.0817399,1.0185528,-0.0181028,1.8445365,-4.3375459,8.4997931,2.2749348,0.3880391,0.4808141,0.3276157,0.7147807
gait_20260919_222612_andrew_normal_upside_down_2,andrew_normal_upside_down_2,2513836776723119,2026-09-19T22:26:39.900525Z,-0.5425112,11.0416842,-1.7634792,1.6023221,2.2831171,2.9212282,-4.0362592,8.6839190,2.1293852,0.4029082,0.4763233,0.3353551,0.7059165
gait_20260919_222612_andrew_normal_upside_down_2,andrew_normal_upside_down_2,2513836796923803,2026-09-19T22:26:39.920778Z,1.0625018,6.9226847,-1.1694179,1.1708695,2.2973394,2.0617867,-3.5829227,8.9808474,1.6562408,0.4219528,0.4849067,0.3569469,0.6777982
gait_20260919_222612_andrew_normal_upside_down_2,andrew_normal_upside_down_2,2513836817085831,2026-09-19T22:26:39.940894Z,-0.2243068,6.2550764,-0.1289128,0.8555278,1.0106256,1.1944513,-3.2554052,9.1675434,1.2627717,0.4315538,0.4967749,0.3765070,0.6520879
gait_20260919_222612_andrew_normal_upside_down_2,andrew_normal_upside_down_2,2513836837253190,2026-09-19T22:26:39.961097Z,0.5441571,6.6922426,2.5466824,0.9092532,-0.3410886,0.4632117,-3.0532684,9.2654123,1.0323833,0.4389338,0.5020133,0.3851515,0.6379483
gait_20260919_222612_andrew_normal_upside_down_2,andrew_normal_upside_down_2,2513836857421239,2026-09-19T22:26:39.981393Z,-0.5924153,9.0151424,3.2424226,1.1200750,1.6206914,-0.1877728,-2.9503129,9.3137646,0.8863368,0.4483911,0.5011091,0.3826183,0.6335917
gait_20260919_222612_andrew_normal_upside_down_2,andrew_normal_upside_down_2,2513836877592220,2026-09-19T22:26:40.001623Z,2.0597618,11.2154131,-1.7354970,0.7391669,5.8576612,-0.7658465,-2.8600426,9.3510532,0.7836281,0.4501075,0.5044740,0.3871200,0.6269349
gait_20260919_222612_andrew_normal_upside_down_2,andrew_normal_upside_down_2,2513836897760107,2026-09-19T22:26:40.021921Z,-1.4914380,11.3352728,-4.5408278,-0.3422544,6.5203199,-1.1837096,-3.0510006,9.3193035,0.2794525,0.4281643,0.5468577,0.4045098,0.5949737
gait_20260919_222612_andrew_normal_upside_down_2,andrew_normal_upside_down_2,2513836917930314,2026-09-19T22:26:40.041964Z,-11.4295444,8.8029556,0.2878279,-1.2848654,4.2271276,-0.4059223,-3.2899876,9.2412491,-0.1067520,0.3917261,0.5900799,0.4265010,0.5625420
gait_20260919_222612_andrew_normal_upside_down_2,andrew_normal_upside_down_2,2513836938097509,2026-09-19T22:26:40.062259Z,-4.6505871,7.9815950,-1.5102175,-1.1336646,0.3771610,1.1436070,-3.3914778,9.2035198,-0.1708551,0.3595902,0.6126444,0.4492117,0.5418215
gait_20260919_222612_andrew_normal_upside_down_2,andrew_normal_upside_down_2,2513836958264461,2026-09-19T22:26:40.082133Z,-1.2664579,9.3541460,-0.2009633,-1.2579527,-0.7375848,0.4636780,-3.1907408,9.2765856,-0.0149350,0.3592237,0.6064120,0.4625136,0.5378700
gait_20260919_222612_andrew_normal_upside_down_2,andrew_normal_upside_down_2,2513836978434911,2026-09-19T22:26:40.102347Z,-4.0264487,9.0849476,1.0164883,-1.0348570,-0.8251011,0.0002998,-3.0329051,9.3257294,0.2615384,0.3604266,0.5940588,0.4719173,0.5426609
gait_20260919_222612_andrew_normal_upside_down_2,andrew_normal_upside_down_2,2513836998593888,2026-09-19T22:26:40.122513Z,-2.6286089,10.0011044,-0.0246154,-0.7998871,-0.5271460,0.1786631,-3.0444601,9.3111448,0.5195965,0.3578608,0.5844977,0.4748197,0.5521271
gait_20260919_222612_andrew_normal_upside_down_2,andrew_normal_upside_down_2,2513837018770605,2026-09-19T22:26:40.142879Z,0.5470003,10.8850136,0.1386392,-0.8087803,0.2196983,0.1826101,-3.0074544,9.3110561,0.7039791,0.3571777,0.5768474,0.4782269,0.5576470
gait_20260919_222612_andrew_normal_upside_down_2,andrew_normal_upside_down_2,2513837038938371,2026-09-19T22:26:40.163072Z,1.4300866,10.1471510,1.2353332,-0.4828800,1.6589121,-0.3719316,-2.9697642,9.3114967,0.8441807,0.3525658,0.5734700,0.4851877,0.5580524
gait_20260919_222612_andrew_normal_upside_down_2,andrew_normal_upside_down_2,2513837059106827,2026-09-19T22:26:40.183299Z,-5.3909941,10.2735195,-3.2580595,-0.7388172,2.9333189,0.4251076,-3.0044863,9.2987051,0.8621205,0.3411878,0.5794898,0.4935763,0.5515116
gait_20260919_222612_andrew_normal_upside_down_2,andrew_normal_upside_down_2,2513837079273413,2026-09-19T22:26:40.203600Z,-1.9369839,10.0112047,-0.5441571,-0.9175302,2.0089273,0.7413319,-3.0091319,9.3033323,0.7932345,0.3237907,0.5922652,0.5088626,0.5342664
gait_20260919_222612_andrew_normal_upside_down_2,andrew_normal_upside_down_2,2513837099444392,2026-09-19T22:26:40.223329Z,-2.5682302,8.5000143,0.7752724,-0.5266464,1.2060258,0.4064219,-2.8643081,9.3467417,0.8187073,0.3131711,0.5969256,0.5262462,0.5183326
gait_20260919_222612_andrew_normal_upside_down_2,andrew_normal_upside_down_2,2513837119613867,2026-09-19T22:26:40.243526Z,-1.6727988,8.4843779,0.4527286,0.0184192,0.4393467,-0.0342071,-2.8036420,9.3615513,0.8585222,0.3062091,0.5988067,0.5358053,0.5104697
gait_20260919_222612_andrew_normal_upside_down_2,andrew_normal_upside_down_2,2513837139779557,2026-09-19T22:26:40.263770Z,-2.0579660,9.5507698,-0.1907879,0.3961298,-0.0192186,-0.3618394,-2.8110716,9.3616743,0.8324980,0.3035331,0.6012638,0.5373943,0.5075007
gait_20260919_222612_andrew_normal_upside_down_2,andrew_normal_upside_down_2,2513837159946387,2026-09-19T22:26:40.283847Z,-2.6512792,12.0288439,-0.2825906,0.6140794,-0.2077242,-0.2956734,-2.8216994,9.3697920,0.6936383,0.3079245,0.6064966,0.5321547,0.5041388
gait_20260919_222612_andrew_normal_upside_down_2,andrew_normal_upside_down_2,2513837180117570,2026-09-19T22:26:40.304353Z,-2.0399346,14.0357828,-1.0149170,0.6987479,-0.5932454,-0.0578557,-2.8812950,9.3588066,0.5890415,0.3099652,0.6098541,0.5261933,0.5050942
gait_20260919_222612_andrew_normal_upside_down_2,andrew_normal_upside_down_2,2513837200285132,2026-09-19T22:26:40.324687Z,-2.2049849,13.4291525,-1.4460230,0.4932720,-0.9401962,-0.2041269,-2.8846934,9.3636723,0.4861083,0.3162988,0.6109274,0.5197206,0.5065702
gait_20260919_222612_andrew_normal_upside_down_2,andrew_normal_upside_down_2,2513837220454036,2026-09-19T22:26:40.344414Z,-2.4486697,13.9523602,-0.7989900,0.3154249,-0.9677917,-0.6168606,-2.9074171,9.3588247,0.4420905,0.3228489,0.6093711,0.5126076,0.5115358
gait_20260919_222612_andrew_normal_upside_down_2,andrew_normal_upside_down_2,2513837240623267,2026-09-19T22:26:40.364590Z,-2.9336452,14.0785789,0.3155857,0.4376813,-0.8795927,-1.2273761,-3.0052388,9.3278790,0.4419285,0.3260127,0.6077271,0.5045537,0.5194315
gait_20260919_222612_andrew_normal_upside_down_2,andrew_normal_upside_down_2,2513837260790787,2026-09-19T22:26:40.384755Z,-2.8442369,12.4970598,0.9119664,0.7584688,-0.5426009,-1.5627692,-3.2212400,9.2564411,0.4219316,0.3253886,0.6089338,0.4927536,0.5296375
gait_20260919_222612_andrew_normal_upside_down_2,andrew_normal_upside_down_2,2513837280958552,2026-09-19T22:26:40.404954Z,-2.9206269,11.7453547,1.3538462,1.1115649,0.0342904,-1.5585390,-3.5066230,9.1561251,0.3241556,0.3224781,0.6145756,0.4779792,0.5383685
gait_20260919_222612_andrew_normal_upside_down_2,andrew_normal_upside_down_2,2513837301124080,2026-09-19T22:26:40.424988Z,-2.4726119,12.1210947,-0.2225111,1.1833931,1.2402163,-1.2364192,-3.7978816,9.0441246,0.1265349,0.3187325,0.6246575,0.4623333,0.5426422
gait_20260919_222612_andrew_normal_upside_down_2,andrew_normal_upside_down_2,2513837321295548,2026-09-19T22:26:40.445159Z,-2.7901428,10.9846725,-2.1021092,0.7314062,2.4147329,-0.8493325,-4.0232782,8.9451342,-0.1842744,0.3122849,0.6403790,0.4512944,0.5373327
gait_20260919_222612_andrew_normal_upside_down_2,andrew_normal_upside_down_2,2513837341465877,2026-09-19T22:26:40.465542Z,-3.8370075,10.5245361,-3.0551510,0.0064784,2.1268368,-0.6244048,-4.1592884,8.8689394,-0.5275919,0.2999331,0.6595997,0.4489879,0.5228560
gait_20260919_222612_andrew_normal_upside_down_2,andrew_normal_upside_down_2,2513837361632340,2026-09-19T22:26:40.485546Z,-4.8317237,9.6237183,-1.6612018,-0.5692304,0.5751259,-0.4043401,-4.2407365,8.8157568,-0.7312452,0.2857387,0.6735634,0.4520813,0.5101846
gait_20260919_222612_andrew_normal_upside_down_2,andrew_normal_upside_down_2,2513837381801570,2026-09-19T22:26:40.506370Z,-3.1331122,8.8432837,-1.8104655,-0.9777508,-0.5423511,-0.5576394,-4.3039703,8.7882261,-0.6921507,0.2768087,0.6757848,0.4557849,0.5088731
gait_20260919_222612_andrew_normal_upside_down_2,andrew_normal_upside_down_2,2513837401969335,2026-09-19T22:26:40.526305Z,-2.8184242,8.6873608,0.7139210,-1.2086738,0.5449158,-1.0233492,-4.3363719,8.7824802,-0.5477549,0.2742289,0.6714460,0.4576732,0.5142898
gait_20260919_222612_andrew_normal_upside_down_2,andrew_normal_upside_down_2,2513837422139380,2026-09-19T22:26:40.546479Z,-1.9085529,9.5595236,2.8620436,-0.6382276,1.9049070,-1.1417917,-4.5047169,8.7074032,-0.3532654,0.2593569,0.6699677,0.4621241,0.5199218
gait_20260919_222612_andrew_normal_upside_down_2,andrew_normal_upside_down_2,2513837442308202,2026-09-19T22:26:40.566257Z,-1.9261353,10.6870432,2.2378304,0.0559904,2.2701771,-0.9802155,-4.6175184,8.6498604,-0.3074618,0.2402449,0.6754361,0.4700523,0.5148975
gait_20260919_222612_andrew_normal_upside_down_2,andrew_normal_upside_down_2,2513837462474748,2026-09-19T22:26:40.586935Z,-3.0805893,12.5977659,0.6009446,0.2732406,1.6930360,-0.7340042,-4.7718000,8.5545206,-0.5349732,0.2224786,0.6899384,0.4700628,0.5035170
gait_20260919_222612_andrew_normal_upside_down_2,andrew_normal_upside_down_2,2513837482644425,2026-09-19T22:26:40.606615Z,-2.3435493,13.5876188,-5.7489271,-0.6354464,0.1493356,-0.5379211,-4.8736649,8.4798012,-0.7592534,0.2105326,0.7018636,0.4681236,0.4938865
gait_20260919_222612_andrew_normal_upside_down_2,andrew_normal_upside_down_2,2513837502810115,2026-09-19T22:26:40.626953Z,-2.5684547,9.9362364,-6.0934677,-2.4866612,-1.4443265,-0.2237452,-4.9551153,8.4360600,-0.7182217,0.2029316,0.7026100,0.4695508,0.4946514
gait_20260919_222612_andrew_normal_upside_down_2,andrew_normal_upside_down_2,2513837522981380,2026-09-19T22:26:40.646953Z,-3.7704189,6.8578167,-2.8150575,-3.7630663,-1.0072615,0.1544150,-5.0158734,8.4289961,-0.1708483,0.1959170,0.6845117,0.4817453,0.5108638
gait_20260919_222612_andrew_normal_upside_down_2,andrew_normal_upside_down_2,2513837543123999,2026-09-19T22:26:40.669417Z,-5.3889737,6.6639609,1.6166847,-3.1074355,0.6966329,0.2384007,-4.9836593,8.4291286,0.5908206,0.1830797,0.6592384,0.5059759,0.5252381
gait_20260919_222612_andrew_normal_upside_down_2,andrew_normal_upside_down_2,2513837563293432,2026-09-19T22:26:40.687388Z,-6.4719014,7.1422777,-3.1221139,-2.1192927,2.3600748,-0.1518337,-4.9488750,8.3976269,1.1066198,0.1649971,0.6438899,0.5296873,0.5268902
gait_20260919_222612_andrew_normal_upside_down_2,andrew_normal_upside_down_2,2513837583479549,2026-09-19T22:26:40.707409Z,-9.4042749,7.6011415,-2.7492170,-1.9707898,1.8742805,-0.0409020,-5.1085024,8.3087273,1.0508900,0.1388189,0.6519450,0.5407997,0.5130619
gait_20260919_222612_andrew_normal_upside_down_2,andrew_normal_upside_down_2,2513837603628800,2026-09-19T22:26:40.727795Z,-9.4547777,6.3022122,-0.5788731,-1.7476608,1.0396533,0.2157680,-5.1684399,8.2556591,1.1693763,0.1172047,0.6515164,0.5557267,0.5029486
gait_20260919_222612_andrew_normal_upside_down_2,andrew_normal_upside_down_2,2513837623797583,2026-09-19T22:26:40.747636Z,-9.6562643,5.7552118,-0.4722563,-1.0129738,1.0859013,0.1994472,-5.1600323,8.2323360,1.3560300,0.1035458,0.6464855,0.5697127,0.4967516
gait_20260919_222612_andrew_normal_upside_down_2,andrew_normal_upside_down_2,2513837643993180,2026-09-19T22:26:40.767989Z,-9.4489412,4.7951369,-1.5301942,-0.5877163,0.9313696,0.1000567,-5.1563487,8.2226286,1.4270841,0.0936779,0.6451674,0.5786048,0.4901022
gait_20260919_222612_andrew_normal_upside_down_2,andrew_normal_upside_down_2,2513837664160335,2026-09-19T22:26:40.788427Z,-9.3741970,4.2883892,0.6738930,-0.0478134,0.9044902,-0.1767479,-5.1735044,8.2135773,1.4170805,0.0854231,0.6466792,0.5836329,0.4836131
gait_20260919_222612_andrew_normal_upside_down_2,andrew_normal_upside_down_2,2513837684328507,2026-09-19T22:26:40.808518Z,-9.4567976,4.3576717,0.7098060,0.6828601,1.7084907,-0.4350333,-5.2772088,8.1603994,1.3398008,0.0767573,0.6506687,0.5828699,0.4806260
gait_20260919_222612_andrew_normal_upside_down_2,andrew_normal_upside_down_2,2513837704495744,2026-09-19T22:26:40.828422Z,-9.2070522,4.7770309,-0.5458780,1.0768082,1.9057230,-0.6060356,-5.4148540,8.1118412,1.0552331,0.0663024,0.6627770,0.5770260,0.4726221
gait_20260919_222612_andrew_normal_upside_down_2,andrew_normal_upside_down_2,2513837724640031,2026-09-19T22:26:40.848805Z,-8.6543655,4.7221889,-0.0837971,1.1428742,1.6839262,-1.0803221,-5.5814533,8.0411682,0.6504798,0.0546749,0.6791104,0.5669396,0.4630328
gait_20260919_222612_andrew_normal_upside_down_2,andrew_normal_upside_down_2,2513837744821387,2026-09-19T22:26:40.868843Z,-8.0166855,5.1442418,0.5259014,1.1734341,1.5163047,-1.6669060,-6.3476534,7.4769421,0.1969141,0.0183626,0.6969565,0.5371329,0.4747660
gait_20260919_222612_andrew_normal_upside_down_2,andrew_normal_upside_down_2,2513837765001277,2026-09-19T22:26:40.888859Z,-7.2420859,5.7230401,1.1783961,1.2132204,1.6929693,-2.2263772,-6.6770024,7.1857142,-0.1387822,-0.0008634,0.7095944,0.5199927,0.4754814
gait_20260919_222612_andrew_normal_upside_down_2,andrew_normal_upside_down_2,2513837785170752,2026-09-19T22:26:40.909164Z,-7.1665192,5.1775360,0.1919102,1.1296177,2.0108423,-2.6011069,-6.9860196,6.8676510,-0.5167585,-0.0224930,0.7228773,0.5024659,0.4737832
gait_20260919_222612_andrew_normal_upside_down_2,andrew_normal_upside_down_2,2513837805338273,2026-09-19T22:26:40.929245Z,-6.5917611,5.6283941,-0.3263596,0.6912370,2.0258975,-2.7767055,-7.3077407,6.4740462,-0.9590475,-0.0486534,0.7371300,0.4824261,0.4706776
gait_20260919_222612_andrew_normal_upside_down_2,andrew_normal_upside_down_2,2513837825506893,2026-09-19T22:26:40.949550Z,-6.8149457,6.3937902,0.7677158,0.3050995,1.6951677,-2.8124948,-7.6088572,6.0407667,-1.3603427,-0.0783677,0.7484326,0.4641799,0.4671662
gait_20260919_222612_andrew_normal_upside_down_2,andrew_normal_upside_down_2,2513837845677512,2026-09-19T22:26:40.984626Z,-6.0578542,6.2767739,0.5765537,0.0748593,0.9961866,-2.7827675,-7.8808098,5.6112843,-1.6255627,-0.1081135,0.7539839,0.4500180,0.4661583
gait_20260919_222612_andrew_normal_upside_down_2,andrew_normal_upside_down_2,2513837865842789,2026-09-19T22:26:40.989942Z,-5.0105405,6.2300868,0.2196680,-0.2233788,0.1887220,-2.6731849,-8.1461849,5.1590552,-1.8055364,-0.1365008,0.7555434,0.4367087,0.4688360
gait_20260919_222612_andrew_normal_upside_down_2,andrew_normal_upside_down_2,2513837886013078,2026-09-19T22:26:41.010029Z,-3.8315458,6.3206177,0.8991724,-0.4807316,-0.4598310,-2.6923201,-8.4032946,4.7221684,-1.8226001,-0.1624157,0.7510912,0.4275117,0.4761481
gait_20260919_222612_andrew_normal_upside_down_2,andrew_normal_upside_down_2,2513837906181290,2026-09-19T22:26:41.029904Z,-3.7327101,6.2040501,1.6993594,-0.4171137,-0.7535892,-2.7601848,-8.6617851,4.2801342,-1.7000210,-0.1868896,0.7412984,0.4214959,0.4877399
gait_20260919_222612_andrew_normal_upside_down_2,andrew_normal_upside_down_2,2513837926350521,2026-09-19T22:26:41.050444Z,-4.0374470,5.2350717,1.1018565,-0.3244181,-0.4815810,-2.7058098,-8.9108715,3.8082614,-1.5263163,-0.2098980,0.7291921,0.4150757,0.5019302
gait_20260919_222612_andrew_normal_upside_down_2,andrew_normal_upside_down_2,2513837946518163,2026-09-19T22:26:41.070559Z,-5.1516485,5.3028574,0.6937948,-0.3827567,0.4091032,-2.4766021,-9.1224318,3.3254626,-1.3995227,-0.2318501,0.7181278,0.4068002,0.5148317
gait_20260919_222612_andrew_normal_upside_down_2,andrew_normal_upside_down_2,2513837966689429,2026-09-19T22:26:41.090635Z,-6.0452843,5.7100964,0.3286790,-0.3606903,0.8463514,-2.1957173,-9.2683544,2.8754051,-1.4372848,-0.2557936,0.7113866,0.3976588,0.5199675
gait_20260919_222612_andrew_normal_upside_down_2,andrew_normal_upside_down_2,2513837986859472,2026-09-19T22:26:41.110598Z,-5.6600423,5.9647794,-0.2387468,-0.2593679,-0.5080107,-1.8801093,-9.3587914,2.4723246,-1.5927070,-0.2796206,0.7080397,0.3879359,0.5196131
gait_20260919_222612_andrew_normal_upside_down_2,andrew_normal_upside_down_2,2513838007025854,2026-09-19T22:26:41.130753Z,-5.6387939,4.5430727,0.2179472,-0.1186924,-2.5488467,-1.6869240,-9.4538116,2.1268256,-1.5291170,-0.2965841,0.6988922,0.3832290,0.5260449
gait_20260919_222612_andrew_normal_upside_down_2,andrew_normal_upside_down_2,2513838027191503,2026-09-19T22:26:41.151232Z,-6.0877814,3.1632643,2.6565163,0.0502948,-3.0574405,-1.5220836,-9.5853672,1.8088903,-1.0415410,-0.3025761,0.6783773,0.3852592,0.5475649
gait_20260919_222612_andrew_normal_upside_down_2,andrew_normal_upside_down_2,2513838047361995,2026-09-19T22:26:41.171522Z,-6.0344357,1.9880104,3.9116766,-1.5663830,-0.1553310,-0.6226395,-9.6838360,1.5110803,-0.4195976,-0.3031739,0.6544784,0.3886521,0.5733177
gait_20260919_222612_andrew_normal_upside_down_2,andrew_normal_upside_down_2,2513838067528824,2026-09-19T22:26:41.191552Z,-8.2499704,2.3315783,0.8176947,-2.1745005,-0.8883693,-0.1319822,-9.7062864,1.3793131,-0.3487368,-0.3187436,0.6443071,0.3969577,0.5706975
gait_20260919_222612_andrew_normal_upside_down_2,andrew_normal_upside_down_2,2513838087695573,2026-09-19T22:26:41.211894Z,-9.7922106,1.2694507,0.6182278,-1.8197888,-1.2315896,0.5310097,-9.7133341,1.3669684,-0.1366247,-0.3319909,0.6290351,0.4156098,0.5668911
gait_20260919_222612_andrew_normal_upside_down_2,andrew_normal_upside_down_2,2513838107867285,2026-09-19T22:26:41.231638Z,-9.5131359,3.2422729,0.8590695,-1.0973091,-0.7453288,1.0117414,-9.6995783,1.4575453,0.1728085,-0.3366951,0.6138137,0.4367191,0.5649297
gait_20260919_222612_andrew_normal_upside_down_2,andrew_normal_upside_down_2,2513838128033626,2026-09-19T22:26:41.252014Z,-10.9223480,4.5695586,0.1982698,-0.5313262,-0.4029579,0.3943145,-9.6476498,1.7331797,0.3937789,-0.3327350,0.6070942,0.4568675,0.5585660
gait_20260919_222612_andrew_normal_upside_down_2,andrew_normal_upside_down_2,2513838148203588,2026-09-19T22:26:41.272033Z,-11.6820583,4.1782560,0.0935235,-0.6336977,-0.8134267,-0.1311828,-9.6282635,1.8179585,0.4771859,-0.3341490,0.6028746,0.4663464,0.5544437
gait_20260919_222612_andrew_normal_upside_down_2,andrew_normal_upside_down_2,2513838168370378,2026-09-19T22:26:41.292084Z,-12.4395990,4.6160955,0.6515970,-0.8936152,-0.9945046,-0.3602739,-9.6239424,1.7875671,0.6484344,-0.3369275,0.5940767,0.4740489,0.5557252
gait_20260919_222612_andrew_normal_upside_down_2,andrew_normal_upside_down_2,2513838188538712,2026-09-19T22:26:41.312316Z,-12.1065054,5.1111717,-0.4158429,-1.1429908,-0.6307999,-0.4030578,-9.6209068,1.7045910,0.8767099,-0.3413742,0.5816538,0.4828883,0.5585352
gait_20260919_222612_andrew_normal_upside_down_2,andrew_normal_upside_down_2,2513838208707048,2026-09-19T22:26:41.332630Z,-10.9789114,4.8846202,-1.1270704,-1.3062657,-0.0255304,-0.2923926,-9.6210051,1.6034220,1.0495003,-0.3490269,0.5694291,0.4918374,0.5585935
gait_20260919_222612_andrew_normal_upside_down_2,andrew_normal_upside_down_2,2513838228875952,2026-09-19T22:26:41.352684Z,-10.0614834,3.6547489,-0.0023942,-1.0042638,0.6089667,0.1252873,-9.6296263,1.5165064,1.0984538,-0.3600443,0.5602883,0.4998728,0.5536898
gait_20260919_222612_andrew_normal_upside_down_2,andrew_normal_upside_down_2,2513838249045915,2026-09-19T22:26:41.372857Z,-9.9956427,2.6729016,1.7980455,-0.8143426,1.6301342,0.5055127,-9.6389637,1.5091286,1.0242335,-0.3704204,0.5568894,0.5063912,0.5442711
gait_20260919_222612_andrew_normal_upside_down_2,andrew_normal_upside_down_2,2513838269213313,2026-09-19T22:26:41.393340Z,-10.5821466,2.9178586,2.6184337,-0.4719383,1.7680118,0.4448425,-9.6504564,1.5982107,0.7419847,-0.3817680,0.5621641,0.5095059,0.5278527
gait_20260919_222612_andrew_normal_upside_down_2,andrew_normal_upside_down_2,2513838289379574,2026-09-19T22:26:41.413415Z,-10.9221239,3.4637365,2.1428854,-0.3562770,1.1601610,0.2542052,-9.6558132,1.6856440,0.3999904,-0.3937067,0.5694225,0.5100268,0.5105153
gait_20260919_222612_andrew_normal_upside_down_2,andrew_normal_upside_down_2,2513838309549617,2026-09-19T22:26:41.433321Z,-10.4384947,3.5018940,1.3501801,-0.5468310,0.3324119,0.1405756,-9.6537828,1.7351444,0.1728125,-0.4024185,0.5735221,0.5103328,0.4986906
gait_20260919_222612_andrew_normal_upside_down_2,andrew_normal_upside_down_2,2513838329717709,2026-09-19T22:26:41.463452Z,-9.2444620,3.1861587,0.2291700,-0.8000536,-0.2294908,0.1171103,-9.6495705,1.7628888,0.1188616,-0.4081068,0.5719234,0.5143284,0.4917509
gait_20260919_222612_andrew_normal_upside_down_2,andrew_normal_upside_down_2,2513838349861344,2026-09-19T22:26:41.477156Z,-9.3740482,3.0871735,0.3155857,-0.9446761,-0.1996303,0.2537056,-9.5873785,2.0679357,0.2047900,-0.4045757,0.5711657,0.5289638,0.4798808
gait_20260919_222612_andrew_normal_upside_down_2,andrew_normal_upside_down_2,2513838370039323,2026-09-19T22:26:41.496156Z,-9.2946653,3.1441853,0.7007529,-0.8998105,0.2606836,0.4975521,-9.5745926,2.1162198,0.2913648,-0.4072490,0.5653414,0.5373992,0.4751205
gait_20260919_222612_andrew_normal_upside_down_2,andrew_normal_upside_down_2,2513838390201310,2026-09-19T22:26:41.526839Z,-9.0368395,2.4897454,1.3034931,-0.6384774,0.7548049,0.6113815,-9.5508423,2.2201374,0.2975338,-0.4105618,0.5627324,0.5452850,0.4662998
gait_20260919_222612_andrew_normal_upside_down_2,andrew_normal_upside_down_2,2513838410367530,2026-09-19T22:26:41.549233Z,-11.1114902,3.2131684,0.5359271,-0.3671187,0.7032778,0.7153019,-9.5257511,2.3364806,0.1924446,-0.4150521,0.5642121,0.5498119,0.4550861
gait_20260919_222612_andrew_normal_upside_down_2,andrew_normal_upside_down_2,2513838430534114,2026-09-19T22:26:41.555229Z,-13.0780277,4.7792754,-0.6101474,-0.4966194,0.2362356,1.1759655,-9.4942713,2.4679821,0.0631810,-0.4180161,0.5678253,0.5526192,0.4443525
gait_20260919_222612_andrew_normal_upside_down_2,andrew_normal_upside_down_2,2513838450726863,2026-09-19T22:26:41.578298Z,-10.4873514,3.4813190,-1.7473184,-0.7613832,0.1865404,1.3703833,-9.4533796,2.6208026,0.0337219,-0.4177523,0.5693151,0.5582522,0.4355661
gait_20260919_222612_andrew_normal_upside_down_2,andrew_normal_upside_down_2,2513838470897925,2026-09-19T22:26:41.594930Z,-8.9611225,2.7206361,-4.4553847,-1.8056496,-0.6721516,1.7365860,-9.3546438,2.9536028,0.0548586,-0.4141327,0.5709568,0.5716964,0.4191249
gait_20260919_222612_andrew_normal_upside_down_2,andrew_normal_upside_down_2,2513838491042984,2026-09-19T22:26:41.615282Z,-9.4832087,3.9965961,-0.6683564,-2.7882466,-1.5116583,1.7803857,-9.2462072,3.2703991,0.2196571,-0.4108486,0.5656186,0.5910947,0.4023506
gait_20260919_222612_andrew_normal_upside_down_2,andrew_normal_upside_down_2,2513838511207698,2026-09-19T22:26:41.635472Z,-10.4036293,4.2084079,0.4137480,-3.4378488,-1.6112820,2.2077749,-9.1091194,3.5752804,0.6909556,-0.4039108,0.5489306,0.6210301,0.3871084
gait_20260919_222612_andrew_normal_upside_down_2,andrew_normal_upside_down_2,2513838541472835,2026-09-19T22:26:41.665634Z,-9.1323833,3.9503579,3.3392379,-3.6924205,-1.9786005,2.6699541,-8.5510807,4.3411760,2.0662339,-0.3834224,0.5059873,0.6924689,0.3427111
gait_20260919_222612_andrew_normal_upside_down_2,andrew_normal_upside_down_2,2513838561628719,2026-09-19T22:26:41.685715Z,-7.3449621,3.6673183,5.3660793,-3.8077154,-2.2308738,3.0793736,-7.9241319,4.5190392,3.6086743,-0.3596206,0.4669490,0.7401060,0.3238439
gait_20260919_222612_andrew_normal_upside_down_2,andrew_normal_upside_down_2,2513838581798926,2026-09-19T22:26:41.707173Z,-5.7529674,3.6378398,7.0547400,-3.6708703,-2.7412660,3.2550223,-6.9347596,4.5221677,5.2626257,-0.3143061,0.4067788,0.8002066,0.3088885
gait_20260919_222612_andrew_normal_upside_down_2,andrew_normal_upside_down_2,2513838601991756,2026-09-19T22:26:41.726659Z,-4.4467807,3.7482724,8.5796967,-3.3281496,-3.1525509,3.2095573,-6.1816239,4.5181437,6.1327004,-0.2707760,0.3627971,0.8437476,0.2883551
gait_20260919_222612_andrew_normal_upside_down_2,andrew_normal_upside_down_2,2513838622161190,2026-09-19T22:26:41.746175Z,-2.9423990,3.8341644,8.9406977,-2.7726920,-3.3442874,3.0883334,-5.4196839,4.5203886,6.8138990,-0.2373715,0.3360538,0.8716978,0.2662058
gait_20260919_222612_andrew_normal_upside_down_2,andrew_normal_upside_down_2,2513838642348283,2026-09-19T22:26:41.766352Z,-1.8931402,3.9878423,8.2179480,-2.1813118,-3.2445138,2.7441638,-4.2354980,4.4082150,7.6723080,-0.1812363,0.3021173,0.9023535,0.2482674
gait_20260919_222612_andrew_normal_upside_down_2,andrew_normal_upside_down_2,2513838662496191,2026-09-19T22:26:41.786470Z,-1.4081647,4.1003695,7.3750391,-1.7412823,-2.8808424,2.4091539,-3.5807502,4.3313293,8.0407667,-0.1507710,0.2827929,0.9184710,0.2317484
gait_20260919_222612_andrew_normal_upside_down_2,andrew_normal_upside_down_2,2513838682663876,2026-09-19T22:26:41.806853Z,-1.2100445,4.1503487,6.8381395,-1.4736041,-2.3352938,2.1752665,-3.0263608,4.2389660,8.3131475,-0.1257350,0.2666750,0.9308426,0.2158870
gait_20260919_222612_andrew_normal_upside_down_2,andrew_normal_upside_down_2,2513838702833594,2026-09-19T22:26:41.827015Z,-1.5126866,4.2338467,7.1754227,-1.3496990,-1.7021123,1.9684082,-2.5923474,4.1246438,8.5148792,-0.1068666,0.2526570,0.9405592,0.2002309
gait_20260919_222612_andrew_normal_upside_down_2,andrew_normal_upside_down_2,2513838723002417,2026-09-19T22:26:41.847285Z,-1.6065842,3.9663692,7.4966197,-1.2487265,-1.2349370,1.8351604,-2.2402556,4.0016112,8.6720505,-0.0929498,0.2401401,0.9484888,0.1845592
gait_20260919_222612_andrew_normal_upside_down_2,andrew_normal_upside_down_2,2513838743170996,2026-09-19T22:26:41.867316Z,-1.5617677,3.5770869,7.7837744,-1.1198919,-1.1429242,1.7005968,-1.9052298,3.8785861,8.8069735,-0.0800732,0.2288536,0.9551967,0.1697458
gait_20260919_222612_andrew_normal_upside_down_2,andrew_normal_upside_down_2,2513838763343847,2026-09-19T22:26:41.887633Z,-1.8115128,4.2494087,8.4069405,-1.0135566,-1.2368689,1.3924830,-1.5794666,3.7544341,8.9244394,-0.0665823,0.2179787,0.9607785,0.1579772
gait_20260919_222612_andrew_normal_upside_down_2,andrew_normal_upside_down_2,2513838783483984,2026-09-19T22:26:41.907893Z,-1.2983307,3.6628294,8.5843353,-0.7707760,-1.1530164,1.1693540,-1.2907057,3.6590836,9.0100660,-0.0538922,0.2091990,0.9650038,0.1486572
gait_20260919_222612_andrew_normal_upside_down_2,andrew_normal_upside_down_2,2513838803650447,2026-09-19T22:26:41.933910Z,-0.3844190,3.7025580,8.6085014,-0.4290546,-0.9896749,0.8918166,-1.1642375,3.6308403,9.0386753,-0.0452600,0.2049082,0.9671638,0.1433822
gait_20260919_222612_andrew_normal_upside_down_2,andrew_normal_upside_down_2,2513838823819230,2026-09-19T22:26:41.948012Z,0.1360206,3.7065983,8.4125519,-0.1490524,-0.7110884,0.6205745,-0.9051392,3.6110790,9.0761738,-0.0363779,0.2020100,0.9689271,0.1380178
gait_20260919_222612_andrew_normal_upside_down_2,andrew_normal_upside_down_2,2513838844012792,2026-09-19T22:26:41.968090Z,0.4912603,3.7717655,8.1371431,0.0560570,-0.3796258,0.3591415,-0.8143726,3.6382074,9.0739384,-0.0294848,0.2020001,0.9696712,0.1344043
gait_20260919_222612_andrew_normal_upside_down_2,andrew_normal_upside_down_2,2513838864182471,2026-09-19T22:26:41.988484Z,-0.1409586,4.0575733,8.0963669,0.1402425,-0.1968658,0.0888985,-0.7784926,3.6673434,9.0653543,-0.0269657,0.2032405,0.9695687,0.1338016
gait_20260919_222612_andrew_normal_upside_down_2,andrew_normal_upside_down_2,2513838884350317,2026-09-19T22:26:42.008604Z,-0.9020155,4.5581112,7.9257054,0.1312161,-0.1064684,-0.1002399,-0.7696509,3.6965597,9.0542364,-0.0259181,0.2043903,0.9691774,0.1350851
gait_20260919_222612_andrew_normal_upside_down_2,andrew_normal_upside_down_2,2513838904514258,2026-09-19T22:26:42.028776Z,-1.3455414,4.7852612,7.7816043,0.1537155,-0.0356560,-0.1098325,-0.7790762,3.7587113,9.0278034,-0.0256273,0.2068369,0.9684684,0.1364942
gait_20260919_222612_andrew_normal_upside_down_2,andrew_normal_upside_down_2,2513838924686092,2026-09-19T22:26:42.048654Z,-0.9330653,4.8150387,7.4894371,0.1778637,0.0423509,-0.0032642,-0.7892800,3.8053751,9.0073452,-0.0258953,0.2095051,0.9678585,0.1367006
gait_20260919_222612_andrew_normal_upside_down_2,andrew_normal_upside_down_2,2513838944855160,2026-09-19T22:26:42.068974Z,-0.6801029,4.8294039,7.2613893,0.1574127,0.0521933,0.0797389,-0.7900048,3.8365977,8.9940271,-0.0260270,0.2113710,0.9675745,0.1358109
gait_20260919_222612_andrew_normal_upside_down_2,andrew_normal_upside_down_2,2513838965022884,2026-09-19T22:26:42.089197Z,-0.9286510,4.9075150,7.2593694,0.0155214,-0.0416348,0.0663658,-0.7728277,3.8385901,8.9946690,-0.0254990,0.2117869,0.9675847,0.1351892
gait_20260919_222612_andrew_normal_upside_down_2,andrew_normal_upside_down_2,2513838985166561,2026-09-19T22:26:42.111911Z,-1.3127707,5.1755157,7.9427643,-0.0141225,-0.2420478,0.0326417,-0.7482111,3.9430802,8.9514475,-0.0234355,0.2127755,0.9673679,0.1355603
gait_20260919_222612_andrew_normal_upside_down_2,andrew_normal_upside_down_2,2513839005344295,2026-09-19T22:26:42.130789Z,-1.4385412,5.2269163,8.3529205,-0.0955768,-0.2435967,0.0508610,-0.8020340,4.2087874,8.8249054,-0.0221517,0.2245310,0.9645472,0.1369086
gait_20260919_222612_andrew_normal_upside_down_2,andrew_normal_upside_down_2,2513839035612687,2026-09-19T22:26:42.160088Z,-1.0075848,5.0962830,8.3436432,-0.0181194,-0.0879493,0.0494288,-0.7976000,4.2173572,8.8212156,-0.0212901,0.2248440,0.9644783,0.1370170
gait_20260919_222612_andrew_normal_upside_down_2,andrew_normal_upside_down_2,2513839055781755,2026-09-19T22:26:42.180040Z,-1.1236287,4.9756002,8.3654900,-0.0376378,-0.0966093,0.0368218,-0.7691387,4.2266722,8.8192835,-0.0197606,0.2249388,0.9645473,0.1366037
gait_20260919_222612_andrew_normal_upside_down_2,andrew_normal_upside_down_2,2513839075923640,2026-09-19T22:26:42.199882Z,-1.3148656,4.8683848,8.5511904,-0.0249309,-0.1215235,0.0439663,-0.7504418,4.2252588,8.8215723,-0.0188015,0.2246553,0.9646509,0.1364751
gait_20260919_222612_andrew_normal_upside_down_2,andrew_normal_upside_down_2,2513839096115739,2026-09-19T22:26:42.220477Z,-1.2535890,4.9699140,8.5017357,0.0262965,-0.1146455,0.0476135,-0.7267880,4.2218127,8.8252020,-0.0176155,0.2242539,0.9647890,0.1363160
gait_20260919_222612_andrew_normal_upside_down_2,andrew_normal_upside_down_2,2513839116286800,2026-09-19T22:26:42.240414Z,-1.1391912,5.0694227,8.0692081,0.0314759,-0.0931120,0.0496786,-0.7027141,4.2285581,8.8239222,-0.0163305,0.2243897,0.9648058,0.1361331
gait_20260919_222612_andrew_normal_upside_down_2,andrew_normal_upside_down_2,2513839136454972,2026-09-19T22:26:42.260346Z,-1.1542296,5.0821419,7.8457241,-0.0833861,-0.0746761,0.0565567,-0.6852794,4.2453923,8.8172073,-0.0158486,0.2249077,0.9650162,0.1338249
gait_20260919_222612_andrew_normal_upside_down_2,andrew_normal_upside_down_2,2513839156598201,2026-09-19T22:26:42.280464Z,-1.1923125,5.0095677,7.9912467,-0.2430971,-0.0940613,0.0684309,-0.6713735,4.2452645,8.8183393,-0.0151370,0.2245865,0.9651487,0.1334911
gait_20260919_222612_andrew_normal_upside_down_2,andrew_normal_upside_down_2,2513839176792293,2026-09-19T22:26:42.300729Z,-1.1389667,4.9807625,8.4969473,-0.3565768,-0.1880059,0.0931786,-0.6540262,4.2137361,8.8347492,-0.0145008,0.2225562,0.9656930,0.1330246
gait_20260919_222612_andrew_normal_upside_down_2,andrew_normal_upside_down_2,2513839196960628,2026-09-19T22:26:42.320909Z,-1.1136779,4.9320555,9.2388506,-0.3109451,-0.2703428,0.1126137,-0.6160613,4.1552019,8.8651495,-0.0136842,0.2188858,0.9669579,0.1299772
gait_20260919_222612_andrew_normal_upside_down_2,andrew_normal_upside_down_2,2513839217148942,2026-09-19T22:26:42.341068Z,-1.1720365,5.0992756,9.2294235,-0.0925291,-0.2413983,0.1378610,-0.5585147,4.0978217,8.8956184,-0.0112451,0.2153500,0.9678587,0.1294127
gait_20260919_222612_andrew_normal_upside_down_2,andrew_normal_upside_down_2,2513839237297094,2026-09-19T22:26:42.361180Z,-1.0021979,5.1541924,8.5707188,0.0283116,-0.0272957,0.1343304,-0.5001559,4.0798392,8.9073486,-0.0085257,0.2139644,0.9682953,0.1286502
gait_20260919_222612_andrew_normal_upside_down_2,andrew_normal_upside_down_2,2513839257465755,2026-09-19T22:26:42.381269Z,-0.8242788,5.0354552,8.2496710,0.0195850,0.0799887,0.1268861,-0.4843521,4.0946174,8.9014387,-0.0078166,0.2145709,0.9683279,0.1274341
gait_20260919_222612_andrew_normal_upside_down_2,andrew_normal_upside_down_2,2513839277634131,2026-09-19T22:26:42.401751Z,-0.7415292,4.9269676,8.3487310,-0.0391367,0.1204244,0.1110149,-0.4935445,4.1176987,8.8902798,-0.0083374,0.2158542,0.9682178,0.1260626
gait_20260919_222612_andrew_normal_upside_down_2,andrew_normal_upside_down_2,2513839297802507,2026-09-19T22:26:42.422189Z,-1.0740987,4.9544263,8.4430771,-0.0895980,0.1002065,0.0736436,-0.5070077,4.1173058,8.8897047,-0.0093016,0.2159524,0.9683625,0.1247092
gait_20260919_222612_andrew_normal_upside_down_2,andrew_normal_upside_down_2,2513839317946875,2026-09-19T22:26:42.441917Z,-1.4145243,4.9943047,8.7761707,-0.1245379,0.0365054,0.1230057,-0.5267646,4.1152158,8.8895235,-0.0103946,0.2157796,0.9685038,0.1238202
gait_20260919_222612_andrew_normal_upside_down_2,andrew_normal_upside_down_2,2513839338140153,2026-09-19T22:26:42.462044Z,-1.2307693,4.8202763,8.9463091,-0.0894315,-0.0629851,0.1848750,-0.5275618,4.0959826,8.8983555,-0.0107793,0.2146816,0.9689009,0.1225832
gait_20260919_222612_andrew_normal_upside_down_2,andrew_normal_upside_down_2,2513839358306779,2026-09-19T22:26:42.482580Z,-0.7983915,4.7878795,8.7562695,-0.0283783,-0.0941778,0.2025115,-0.5021960,4.0807214,8.9068298,-0.0099336,0.2136905,0.9693388,0.1209133
gait_20260919_222612_andrew_normal_upside_down_2,andrew_normal_upside_down_2,2513839378476498,2026-09-19T22:26:42.502369Z,-0.4498855,4.7077489,8.6072302,-0.0020151,-0.0394864,0.1620092,-0.4673693,4.0779366,8.9100008,-0.0085443,0.2133264,0.9696558,0.1191076
gait_20260919_222612_andrew_normal_upside_down_2,andrew_normal_upside_down_2,2513839398661149,2026-09-19T22:26:42.522494Z,-0.4069395,4.6719851,8.6102228,0.0425507,0.0556907,0.0860674,-0.4451541,4.0801206,8.9101381,-0.0076971,0.2133404,0.9698476,0.1175692
gait_20260919_222612_andrew_normal_upside_down_2,andrew_normal_upside_down_2,2513839418813249,2026-09-19T22:26:42.543053Z,-0.5819407,4.6446018,8.7088337,0.0758918,0.1316158,0.0336575,-0.4459395,4.0890098,8.9060230,-0.0078778,0.2138615,0.9698517,0.1165711
gait_20260919_222612_andrew_normal_upside_down_2,andrew_normal_upside_down_2,2513839438983170,2026-09-19T22:26:42.563299Z,-0.7189339,4.6659250,8.6691799,0.1091830,0.0981248,0.0140892,-0.4674275,4.1030769,8.8984480,-0.0090261,0.2147753,0.9697117,0.1159714
gait_20260919_222612_andrew_normal_upside_down_2,andrew_normal_upside_down_2,2513839459150367,2026-09-19T22:26:42.583333Z,-0.8776246,4.7371526,8.5048780,0.0983913,0.0304600,0.0287613,-0.4858731,4.1234307,8.8880453,-0.0099224,0.2160066,0.9694718,0.1156162
gait_20260919_222612_andrew_normal_upside_down_2,andrew_normal_upside_down_2,2513839479297786,2026-09-19T22:26:42.603658Z,-0.8619874,4.8718262,8.3410997,0.0780069,-0.0034474,0.0762582,-0.4905754,4.1436243,8.8783903,-0.0100774,0.2171264,0.9692540,0.1153321
gait_20260919_222612_andrew_normal_upside_down_2,andrew_normal_upside_down_2,2513839499461320,2026-09-19T22:26:42.625464Z,-0.7251438,4.9123783,8.2398701,0.0517936,0.0059621,0.1080339,-0.4849701,4.1618280,8.8701801,-0.0097925,0.2180678,0.9691269,0.1146463
gait_20260919_222612_andrew_normal_upside_down_2,andrew_normal_upside_down_2,2513839519656632,2026-09-19T22:26:42.643624Z,-0.6950667,4.9290628,8.2090445,0.0109916,0.0111415,0.1012557,-0.4770390,4.1752830,8.8642855,-0.0095133,0.2187680,0.9690967,0.1135860
gait_20260919_222612_andrew_normal_upside_down_2,andrew_normal_upside_down_2,2513839539823259,2026-09-19T22:26:42.664652Z,-0.8202385,4.9913120,8.3425207,-0.0534091,-0.0272458,0.1005230,-0.4711603,4.1819382,8.8614626,-0.0093786,0.2191146,0.9691406,0.1125488
gait_20260919_222612_andrew_normal_upside_down_2,andrew_normal_upside_down_2,2513839559994727,2026-09-19T22:26:42.683960Z,-0.8255507,4.8639703,8.5637598,-0.0954935,-0.1146288,0.1236719,-0.4622326,4.1826534,8.8615952,-0.0090424,0.2190636,0.9692600,0.1116451
gait_20260919_222612_andrew_normal_upside_down_2,andrew_normal_upside_down_2,2513839580138974,2026-09-19T22:26:42.703935Z,-0.5995979,4.8105497,8.6736689,-0.0847018,-0.1639743,0.1216901,-0.4336705,4.1684227,8.8697405,-0.0078401,0.2181049,0.9695962,0.1106894
gait_20260919_222612_andrew_normal_upside_down_2,andrew_normal_upside_down_2,2513839600306535,2026-09-19T22:26:42.724229Z,-0.4750994,4.7830911,8.6332664,-0.0280618,-0.1373281,0.0852513,-0.3933733,4.1542115,8.8782825,-0.0060245,0.2170970,0.9699342,0.1098196
gait_20260919_222612_andrew_normal_upside_down_2,andrew_normal_upside_down_2,2513839620472510,2026-09-19T22:26:42.744998Z,-0.5073463,4.7958851,8.4812355,0.0298605,-0.0362222,0.0567232,-0.3600718,4.1495376,8.8818798,-0.0044355,0.2166576,0.9701027,0.1092723
gait_20260919_222612_andrew_normal_upside_down_2,andrew_normal_upside_down_2,2513839640665422,2026-09-19T22:26:42.764655Z,-0.5672014,4.7478514,8.3458128,0.0415348,0.0425507,0.0432002,-0.3473631,4.1567874,8.8789959,-0.0038141,0.2169947,0.9700812,0.1088179
gait_20260919_222612_andrew_normal_upside_down_2,andrew_normal_upside_down_2,2513839660809830,2026-09-19T22:26:42.785175Z,-0.4794389,4.6954784,8.4222031,0.0153049,0.0367552,0.0323086,-0.3519587,4.1661749,8.8744135,-0.0041021,0.2175444,0.9700146,0.1083025
gait_20260919_222612_andrew_normal_upside_down_2,andrew_normal_upside_down_2,2513839681005062,2026-09-19T22:26:42.805582Z,-0.3670610,4.6169934,8.5478239,0.0196516,0.0134564,-0.0085768,-0.3567594,4.1700616,8.8723955,-0.0044142,0.2177956,0.9700035,0.1078830
gait_20260919_222612_andrew_normal_upside_down_2,andrew_normal_upside_down_2,2513839701174536,2026-09-19T22:26:42.825604Z,-0.4620809,4.5848212,8.6412725,0.0555907,0.0240316,-0.0470140,-0.3592237,4.1732683,8.8707886,-0.0045125,0.2179911,0.9699588,0.1078864
gait_20260919_222612_andrew_normal_upside_down_2,andrew_normal_upside_down_2,2513839721316789,2026-09-19T22:26:42.845559Z,-0.4409072,4.6551509,8.5278473,0.1014056,0.0293775,-0.0552577,-0.3674189,4.1824403,8.8661327,-0.0047791,0.2185381,0.9697883,0.1083005
gait_20260919_222612_andrew_normal_upside_down_2,andrew_normal_upside_down_2,2513839741508073,2026-09-19T22:26:42.865410Z,-0.2751836,4.6968250,8.4066410,0.1044366,0.0307098,-0.0690804,-0.3774178,4.2004943,8.8571730,-0.0050674,0.2195829,0.9694957,0.1087931
gait_20260919_222612_andrew_normal_upside_down_2,andrew_normal_upside_down_2,2513839761668962,2026-09-19T22:26:42.885923Z,-0.3080290,4.7542858,8.4813843,0.1112980,0.0855678,-0.0884655,-0.3883962,4.2194529,8.8476820,-0.0053757,0.2206884,0.9691771,0.1093779
gait_20260919_222612_andrew_normal_upside_down_2,andrew_normal_upside_down_2,2513839781845475,2026-09-19T22:26:42.905850Z,-0.4257190,4.8368859,8.5790234,0.1501183,0.1671053,-0.0820871,-0.4093107,4.2386084,8.8375778,-0.0061642,0.2218713,0.9688238,0.1100711
gait_20260919_222612_andrew_normal_upside_down_2,andrew_normal_upside_down_2,2513839802014177,2026-09-19T22:26:42.926587Z,-0.3669114,4.8380084,8.5354786,0.1781635,0.1661893,-0.0775239,-0.4461111,4.2649355,8.8231182,-0.0077866,0.2235478,0.9683737,0.1105361
gait_20260919_222612_andrew_normal_upside_down_2,andrew_normal_upside_down_2,2513839822183488,2026-09-19T22:26:42.946981Z,-0.2661305,4.7721677,8.4732294,0.1714853,0.1264531,-0.1101822,-0.4830606,4.2969513,8.8056211,-0.0093943,0.2255541,0.9678538,0.1108882
gait_20260919_222612_andrew_normal_upside_down_2,andrew_normal_upside_down_2,2513839842385352,2026-09-19T22:26:42.967156Z,-0.3220949,4.8318729,8.4569187,0.1810613,0.1076842,-0.1721348,-0.5147873,4.3272095,8.7889910,-0.0106515,0.2274274,0.9673167,0.1116325
gait_20260919_222612_andrew_normal_upside_down_2,andrew_normal_upside_down_2,2513839862502091,2026-09-19T22:26:42.986834Z,-0.6289269,5.0189199,8.3110971,0.1970990,0.1295840,-0.2121707,-0.5478950,4.3576097,8.7719526,-0.0118154,0.2293215,0.9666920,0.1130436
gait_20260919_222612_andrew_normal_upside_down_2,andrew_normal_upside_down_2,2513839882687924,2026-09-19T22:26:43.008273Z,-0.9431658,5.1426706,8.1952772,0.1823103,0.1516172,-0.1940513,-0.5891818,4.3918619,8.7521725,-0.0132854,0.2314859,0.9659435,0.1148519
gait_20260919_222612_andrew_normal_upside_down_2,andrew_normal_upside_down_2,2513839902855688,2026-09-19T22:26:43.027403Z,-1.1115081,5.2194347,8.3451395,0.1670387,0.1999634,-0.1365953,-0.6351408,4.4266171,8.7314243,-0.0150122,0.2336824,0.9651947,0.1164755
gait_20260919_222612_andrew_normal_upside_down_2,andrew_normal_upside_down_2,2513839923027401,2026-09-19T22:26:43.048036Z,-1.1117326,5.2222028,8.5326357,0.1923859,0.2269261,-0.0994904,-0.6841742,4.4580278,8.7117157,-0.0170800,0.2357059,0.9645541,0.1174168
gait_20260919_222612_andrew_normal_upside_down_2,andrew_normal_upside_down_2,2513839943190649,2026-09-19T22:26:43.067976Z,-1.0307786,5.2530284,8.4115791,0.2239117,0.1854412,-0.1179096,-0.7336096,4.4901767,8.6911583,-0.0193261,0.2378174,0.9639390,0.1178614
gait_20260919_222612_andrew_normal_upside_down_2,andrew_normal_upside_down_2,2513839963335873,2026-09-19T22:26:43.087730Z,-1.1623849,5.3240314,8.1389389,0.1884889,0.0799387,-0.1629585,-0.7782167,4.5287466,8.6672344,-0.0212180,0.2402655,0.9632100,0.1185273
gait_20260919_222612_andrew_normal_upside_down_2,andrew_normal_upside_down_2,2513839983505876,2026-09-19T22:26:43.108493Z,-1.2674305,5.3848591,8.1374426,0.1063685,-0.0359724,-0.1752657,-0.8121657,4.5698318,8.6425190,-0.0222635,0.2427451,0.9623889,0.1199453
gait_20260919_222612_andrew_normal_upside_down_2,andrew_normal_upside_down_2,2513840003674821,2026-09-19T22:26:43.128029Z,-1.3239187,5.4127665,8.3457384,0.0793059,-0.0770077,-0.1596443,-0.8290253,4.5981464,8.6258841,-0.0223471,0.2443407,0.9617507,0.1217946
gait_20260919_222612_andrew_normal_upside_down_2,andrew_normal_upside_down_2,2513840023840918,2026-09-19T22:26:43.155611Z,-1.3889363,5.4522705,8.4177885,0.1167439,-0.0087766,-0.1184592,-0.8396878,4.6285405,8.6085796,-0.0218146,0.2461033,0.9608952,0.1250511
gait_20260919_222612_andrew_normal_upside_down_2,andrew_normal_upside_down_2,2513840033948788,2026-09-19T22:26:43.175413Z,-1.3777134,5.4581065,8.3570356,0.1554975,0.0501949,-0.0739100,-0.8566060,4.6558938,8.5921469,-0.0223079,0.2477470,0.9603717,0.1257379
gait_20260919_222612_andrew_normal_upside_down_2,andrew_normal_upside_down_2,2513840044010393,2026-09-19T22:26:43.175639Z,-1.2926445,5.4676833,8.3185043,0.1554975,0.0501949,-0.0739100,-0.8566060,4.6558938,8.5921469,-0.0223079,0.2477470,0.9603717,0.1257379
gait_20260919_222612_andrew_normal_upside_down_2,andrew_normal_upside_down_2,2513840054117977,2026-09-19T22:26:43.195406Z,-1.1911901,5.4772601,8.3183546,0.1622590,0.0348733,-0.0589382,-0.8695812,4.6841407,8.5754747,-0.0226496,0.2494272,0.9598663,0.1262135
gait_20260919_222612_andrew_normal_upside_down_2,andrew_normal_upside_down_2,2513840064202938,2026-09-19T22:26:43.195752Z,-1.1040263,5.4629698,8.3132668,0.1622590,0.0348733,-0.0589382,-0.8695812,4.6841407,8.5754747,-0.0226496,0.2494272,0.9598663,0.1262135
gait_20260919_222612_andrew_normal_upside_down_2,andrew_normal_upside_down_2,2513840074284603,2026-09-19T22:26:43.215671Z,-1.0572644,5.4032645,8.2843866,0.1742332,-0.0010325,-0.0814376,-0.8768413,4.7136087,8.5585718,-0.0225940,0.2511438,0.9593133,0.1270207
gait_20260919_222612_andrew_normal_upside_down_2,andrew_normal_upside_down_2,2513840084372779,2026-09-19T22:26:43.216659Z,-1.0177602,5.3567271,8.2742119,0.1742332,-0.0010325,-0.0814376,-0.8768413,4.7136087,8.5585718,-0.0225940,0.2511438,0.9593133,0.1270207
gait_20260919_222612_andrew_normal_upside_down_2,andrew_normal_upside_down_2,2513840094454484,2026-09-19T22:26:43.235538Z,-0.9719711,5.3565774,8.2138329,0.2130201,0.0149885,-0.1178264,-0.8898306,4.7490611,8.5376072,-0.0226971,0.2532556,0.9586058,0.1281462
gait_20260919_222612_andrew_normal_upside_down_2,andrew_normal_upside_down_2,2513840104539323,2026-09-19T22:26:43.235871Z,-0.9760861,5.3214874,7.9702973,0.2130201,0.0149885,-0.1178264,-0.8898306,4.7490611,8.5376072,-0.0226971,0.2532556,0.9586058,0.1281462
gait_20260919_222612_andrew_normal_upside_down_2,andrew_normal_upside_down_2,2513840114622575,2026-09-19T22:26:43.256173Z,-1.6817770,5.8443213,4.4687777,-0.0561570,0.3091631,-0.0778903,-0.9452826,4.7532187,8.5293293,-0.0254781,0.2539146,0.9583207,0.1284512
gait_20260919_222612_andrew_normal_upside_down_2,andrew_normal_upside_down_2,2513840124685808,2026-09-19T22:26:43.257261Z,-1.6728736,6.0990043,5.1750669,-0.0561570,0.3091631,-0.0778903,-0.9452826,4.7532187,8.5293293,-0.0254781,0.2539146,0.9583207,0.1284512
gait_20260919_222612_andrew_normal_upside_down_2,andrew_normal_upside_down_2,2513840134791195,2026-09-19T22:26:43.275553Z,-1.7307086,5.3593459,5.6803932,-0.3864039,0.2373181,-0.0150052,-0.9936363,4.6872988,8.5602589,-0.0286438,0.2505814,0.9591988,0.1277742
gait_20260919_222612_andrew_normal_upside_down_2,andrew_normal_upside_down_2,2513840144875586,2026-09-19T22:26:43.276465Z,-1.6718261,4.7704468,6.8468933,-0.3864039,0.2373181,-0.0150052,-0.9936363,4.6872988,8.5602589,-0.0286438,0.2505814,0.9591988,0.1277742
gait_20260919_222612_andrew_normal_upside_down_2,andrew_normal_upside_down_2,2513840154937435,2026-09-19T22:26:43.297730Z,-1.3859435,4.7153802,8.4666452,-0.3922661,-0.0045632,-0.0214336,-0.9994380,4.6123381,8.6002073,-0.0294826,0.2464344,0.9602531,0.1277305
gait_20260919_222612_andrew_normal_upside_down_2,andrew_normal_upside_down_2,2513840165046770,2026-09-19T22:26:43.298412Z,-1.4489410,4.9424553,10.2946930,-0.3922661,-0.0045632,-0.0214336,-0.9994380,4.6123381,8.6002073,-0.0294826,0.2464344,0.9602531,0.1277305
gait_20260919_222612_andrew_normal_upside_down_2,andrew_normal_upside_down_2,2513840175109920,2026-09-19T22:26:43.315840Z,-1.7615339,5.4953661,10.9000521,0.0480798,-0.2684776,0.0054292,-0.9515473,4.6145267,8.6044645,-0.0267654,0.2462020,0.9602889,0.1285045
gait_20260919_222612_andrew_normal_upside_down_2,andrew_normal_upside_down_2,2513840185213843,2026-09-19T22:26:43.316474Z,-1.6835726,5.8613796,9.9410248,0.0480798,-0.2684776,0.0054292,-0.9515473,4.6145267,8.6044645,-0.0267654,0.2462020,0.9602889,0.1285045
gait_20260919_222612_andrew_normal_upside_down_2,andrew_normal_upside_down_2,2513840195276954,2026-09-19T22:26:43.335740Z,-1.6932243,5.1708021,8.6962643,0.2369351,-0.1602272,0.0606868,-0.9170819,4.6613750,8.5829287,-0.0245100,0.2485560,0.9596976,0.1288403
gait_20260919_222612_andrew_normal_upside_down_2,andrew_normal_upside_down_2,2513840205359514,2026-09-19T22:26:43.337020Z,-1.5771804,5.0366521,7.8977981,0.2369351,-0.1602272,0.0606868,-0.9170819,4.6613750,8.5829287,-0.0245100,0.2485560,0.9596976,0.1288403
gait_20260919_222612_andrew_normal_upside_down_2,andrew_normal_upside_down_2,2513840215465918,2026-09-19T22:26:43.355598Z,-1.3405285,5.4398508,7.5564747,0.1269860,-0.0818206,0.0668488,-0.9151147,4.7425880,8.5385323,-0.0231376,0.2529879,0.9584455,0.1297848
gait_20260919_222612_andrew_normal_upside_down_2,andrew_normal_upside_down_2,2513840225528133,2026-09-19T22:26:43.356520Z,-1.1790695,5.7886558,7.5284925,0.1269860,-0.0818206,0.0668488,-0.9151147,4.7425880,8.5385323,-0.0231376,0.2529879,0.9584455,0.1297848
gait_20260919_222612_andrew_normal_upside_down_2,andrew_normal_upside_down_2,2513840235634213,2026-09-19T22:26:43.375623Z,-1.1804911,5.8296566,7.7122474,-0.0730440,0.0178363,0.0903641,-0.9285842,4.7841949,8.5138311,-0.0228325,0.2555267,0.9576401,0.1308064
gait_20260919_222612_andrew_normal_upside_down_2,andrew_normal_upside_down_2,2513840245718115,2026-09-19T22:26:43.376517Z,-1.2897265,5.6222591,7.9409685,-0.0730440,0.0178363,0.0903641,-0.9285842,4.7841949,8.5138311,-0.0228325,0.2555267,0.9576401,0.1308064
gait_20260919_222612_andrew_normal_upside_down_2,andrew_normal_upside_down_2,2513840255782731,2026-09-19T22:26:43.395159Z,-1.3254151,5.4233155,8.2241573,-0.1672552,-0.0846351,0.1229391,-0.9061751,4.7575283,8.5311708,-0.0221183,0.2538465,0.9582416,0.1297908
gait_20260919_222612_andrew_normal_upside_down_2,andrew_normal_upside_down_2,2513840265886695,2026-09-19T22:26:43.395357Z,-1.1943326,5.3640594,8.4155445,-0.1672552,-0.0846351,0.1229391,-0.9061751,4.7575283,8.5311708,-0.0221183,0.2538465,0.9582416,0.1297908
gait_20260919_222612_andrew_normal_upside_down_2,andrew_normal_upside_down_2,2513840275975074,2026-09-19T22:26:43.415234Z,-1.0131214,5.3378725,8.4377651,-0.1532326,-0.2185825,0.1293509,-0.8557735,4.7328329,8.5500908,-0.0196970,0.2520991,0.9587739,0.1296567
gait_20260919_222612_andrew_normal_upside_down_2,andrew_normal_upside_down_2,2513840286059261,2026-09-19T22:26:43.415425Z,-0.8421605,5.3033066,8.4098577,-0.1532326,-0.2185825,0.1293509,-0.8557735,4.7328329,8.5500908,-0.0196970,0.2520991,0.9587739,0.1296567
gait_20260919_222612_andrew_normal_upside_down_2,andrew_normal_upside_down_2,2513840296139746,2026-09-19T22:26:43.435791Z,-0.7139210,5.2805614,8.3479080,-0.1004230,-0.2055092,0.1073344,-0.8077553,4.7171397,8.5634241,-0.0174258,0.2508706,0.9592122,0.1291208
gait_20260919_222612_andrew_normal_upside_down_2,andrew_normal_upside_down_2,2513840306228410,2026-09-19T22:26:43.436141Z,-0.6156839,5.2566195,8.3000984,-0.1004230,-0.2055092,0.1073344,-0.8077553,4.7171397,8.5634241,-0.0174258,0.2508706,0.9592122,0.1291208
gait_20260919_222612_andrew_normal_upside_down_2,andrew_normal_upside_down_2,2513840316287777,2026-09-19T22:26:43.455540Z,-0.5592706,5.2279639,8.2625399,-0.0404024,-0.1096327,0.0831529,-0.7788169,4.7122145,8.5688152,-0.0160547,0.2504078,0.9594311,0.1285702
gait_20260919_222612_andrew_normal_upside_down_2,andrew_normal_upside_down_2,2513840326392025,2026-09-19T22:26:43.455993Z,-0.5497686,5.2005053,8.2650833,-0.0404024,-0.1096327,0.0831529,-0.7788169,4.7122145,8.5688152,-0.0160547,0.2504078,0.9594311,0.1285702
gait_20260919_222612_andrew_normal_upside_down_2,andrew_normal_upside_down_2,2513840336477800,2026-09-19T22:26:43.475505Z,-0.4974702,5.1730471,8.2872295,0.0080272,-0.0148553,0.0551078,-0.7701681,4.7147374,8.5682087,-0.0155016,0.2505295,0.9593835,0.1287557
gait_20260919_222612_andrew_normal_upside_down_2,andrew_normal_upside_down_2,2513840346561255,2026-09-19T22:26:43.475725Z,-0.4495114,5.0977793,8.2664299,0.0080272,-0.0148553,0.0551078,-0.7701681,4.7147374,8.5682087,-0.0155016,0.2505295,0.9593835,0.1287557
gait_20260919_222612_andrew_normal_upside_down_2,andrew_normal_upside_down_2,2513840356622698,2026-09-19T22:26:43.495398Z,-0.4196587,5.0715179,8.2656069,0.0381541,0.0323752,0.0066283,-0.7743921,4.7220573,8.5637960,-0.0156573,0.2509913,0.9592701,0.1286835
gait_20260919_222612_andrew_normal_upside_down_2,andrew_normal_upside_down_2,2513840366728695,2026-09-19T22:26:43.495643Z,-0.4305074,5.0727148,8.2750349,0.0381541,0.0323752,0.0066283,-0.7743921,4.7220573,8.5637960,-0.0156573,0.2509913,0.9592701,0.1286835
gait_20260919_222612_andrew_normal_upside_down_2,andrew_normal_upside_down_2,2513840376813167,2026-09-19T22:26:43.515555Z,-0.5443816,5.0835638,8.3395281,0.0474470,0.0478300,-0.0526097,-0.7875273,4.7300792,8.5581694,-0.0161504,0.2515535,0.9590576,0.1291071
gait_20260919_222612_andrew_normal_upside_down_2,andrew_normal_upside_down_2,2513840386881405,2026-09-19T22:26:43.515817Z,-0.6854150,5.1253123,8.3570356,0.0474470,0.0478300,-0.0526097,-0.7875273,4.7300792,8.5581694,-0.0161504,0.2515535,0.9590576,0.1291071
gait_20260919_222612_andrew_normal_upside_down_2,andrew_normal_upside_down_2,2513840396986182,2026-09-19T22:26:43.535286Z,-0.7714567,5.1850181,8.3750668,0.0490791,0.0000333,-0.0708957,-0.7959413,4.7378979,8.5530643,-0.0162019,0.2520807,0.9587560,0.1303061
gait_20260919_222612_andrew_normal_upside_down_2,andrew_normal_upside_down_2,2513840407076147,2026-09-19T22:26:43.535760Z,-0.7879916,5.1873374,8.3474588,0.0490791,0.0000333,-0.0708957,-0.7959413,4.7378979,8.5530643,-0.0162019,0.2520807,0.9587560,0.1303061
gait_20260919_222612_andrew_normal_upside_down_2,andrew_normal_upside_down_2,2513840417150448,2026-09-19T22:26:43.555717Z,-0.7983915,5.1885343,8.2977047,0.0450655,-0.0559405,-0.0689305,-0.7925869,4.7454562,8.5491848,-0.0155064,0.2525173,0.9584214,0.1319959
gait_20260919_222612_andrew_normal_upside_down_2,andrew_normal_upside_down_2,2513840427214087,2026-09-19T22:26:43.555902Z,-0.8125322,5.1944451,8.2748852,0.0450655,-0.0559405,-0.0689305,-0.7925869,4.7454562,8.5491848,-0.0155064,0.2525173,0.9584214,0.1319959
gait_20260919_222612_andrew_normal_upside_down_2,andrew_normal_upside_down_2,2513840437298194,2026-09-19T22:26:43.575345Z,-0.8328829,5.2028246,8.2877541,0.0337908,-0.0393032,-0.0648170,-0.7911326,4.7507362,8.5463867,-0.0151754,0.2528077,0.9582440,0.1327657
gait_20260919_222612_andrew_normal_upside_down_2,andrew_normal_upside_down_2,2513840447403581,2026-09-19T22:26:43.575585Z,-0.8679729,5.2244473,8.3446159,0.0337908,-0.0393032,-0.0648170,-0.7911326,4.7507362,8.5463867,-0.0151754,0.2528077,0.9582440,0.1327657
gait_20260919_222612_andrew_normal_upside_down_2,andrew_normal_upside_down_2,2513840457487280,2026-09-19T22:26:43.595050Z,-0.9445874,5.2662711,8.3747683,0.0319588,-0.0145389,-0.0552077,-0.7942770,4.7556853,8.5433416,-0.0151359,0.2531111,0.9580809,0.1333665
gait_20260919_222612_andrew_normal_upside_down_2,andrew_normal_upside_down_2,2513840467573137,2026-09-19T22:26:43.595248Z,-1.0068367,5.3140802,8.3990841,0.0319588,-0.0145389,-0.0552077,-0.7942770,4.7556853,8.5433416,-0.0151359,0.2531111,0.9580809,0.1333665
gait_20260919_222612_andrew_normal_upside_down_2,andrew_normal_upside_down_2,2513840477656348,2026-09-19T22:26:43.615191Z,-1.0451438,5.3713913,8.4140482,0.0269793,-0.0187856,-0.0361556,-0.7952393,4.7601142,8.5407858,-0.0150221,0.2533684,0.9579490,0.1338384
gait_20260919_222612_andrew_normal_upside_down_2,andrew_normal_upside_down_2,2513840487742082,2026-09-19T22:26:43.615346Z,-1.0918308,5.3737855,8.4290867,0.0269793,-0.0187856,-0.0361556,-0.7952393,4.7601142,8.5407858,-0.0150221,0.2533684,0.9579490,0.1338384
gait_20260919_222612_andrew_normal_upside_down_2,andrew_normal_upside_down_2,2513840497825212,2026-09-19T22:26:43.635203Z,-1.0860697,5.2961240,8.4542255,0.0209006,-0.0513773,-0.0152883,-0.7887433,4.7636170,8.5394354,-0.0145734,0.2535140,0.9578757,0.1341367
gait_20260919_222612_andrew_normal_upside_down_2,andrew_normal_upside_down_2,2513840507908830,2026-09-19T22:26:43.635373Z,-1.0467899,5.2508583,8.4714336,0.0209006,-0.0513773,-0.0152883,-0.7887433,4.7636170,8.5394354,-0.0145734,0.2535140,0.9578757,0.1341367
gait_20260919_222612_andrew_normal_upside_down_2,andrew_normal_upside_down_2,2513840517996395,2026-09-19T22:26:43.655685Z,-1.0070611,5.2316298,8.4277401,0.0220831,-0.0952936,-0.0182527,-0.7741070,4.7683830,8.5381136,-0.0135480,0.2536690,0.9577349,0.1349529
gait_20260919_222612_andrew_normal_upside_down_2,andrew_normal_upside_down_2,2513840528078141,2026-09-19T22:26:43.655850Z,-1.2960113,5.2366428,6.2777467,0.0220831,-0.0952936,-0.0182527,-0.7741070,4.7683830,8.5381136,-0.0135480,0.2536690,0.9577349,0.1349529
gait_20260919_222612_andrew_normal_upside_down_2,andrew_normal_upside_down_2,2513840538138933,2026-09-19T22:26:43.676532Z,-1.4255974,5.8554692,5.7576809,-0.3272326,0.0420678,0.0471639,-0.7848091,4.7174692,8.5653763,-0.0146613,0.2509003,0.9585381,0.1343086
gait_20260919_222612_andrew_normal_upside_down_2,andrew_normal_upside_down_2,2513840548246355,2026-09-19T22:26:43.676816Z,-1.1679215,5.5042696,6.8551230,-0.3272326,0.0420678,0.0471639,-0.7848091,4.7174692,8.5653763,-0.0146613,0.2509003,0.9585381,0.1343086
gait_20260919_222612_andrew_normal_upside_down_2,andrew_normal_upside_down_2,2513840558308447,2026-09-19T22:26:43.695724Z,-1.1074679,4.9140992,7.9726167,-0.3902843,-0.1986311,0.0362722,-0.7477205,4.6476841,8.6067448,-0.0129912,0.2467403,0.9595008,0.1353089
gait_20260919_222612_andrew_normal_upside_down_2,andrew_normal_upside_down_2,2513840568394670,2026-09-19T22:26:43.695969Z,-0.9932196,4.6679449,9.0897360,-0.3902843,-0.1986311,0.0362722,-0.7477205,4.6476841,8.6067448,-0.0129912,0.2467403,0.9595008,0.1353089
gait_20260919_222612_andrew_normal_upside_down_2,andrew_normal_upside_down_2,2513840578498918,2026-09-19T22:26:43.715603Z,-0.8638579,4.7523408,9.9580832,-0.1447557,-0.3132766,-0.0113413,-0.6939436,4.6155877,8.6284943,-0.0102228,0.2445306,0.9599835,0.1361325
gait_20260919_222612_andrew_normal_upside_down_2,andrew_normal_upside_down_2,2513840588583310,2026-09-19T22:26:43.715865Z,-1.0348936,4.8834233,9.8520651,-0.1447557,-0.3132766,-0.0113413,-0.6939436,4.6155877,8.6284943,-0.0102228,0.2445306,0.9599835,0.1361325
