session_id,label,t_ns,wall_time_utc,accel_x_mps2,accel_y_mps2,accel_z_mps2,gyro_x_rads,gyro_y_rads,gyro_z_rads,gravity_x_mps2,gravity_y_mps2,gravity_z_mps2,rotation_qx,rotation_qy,rotation_qz,rotation_qw
gait_20260919_222211_andrew_fast_1,andrew_fast_1,2513567977187862,2026-09-19T22:22:11.117095Z,1.5933412,4.6452751,8.3675852,,,,,,,,,,
gait_20260919_222211_andrew_fast_1,andrew_fast_1,2513567987271398,2026-09-19T22:22:11.117274Z,1.2350340,4.9945292,8.0989857,0.0259135,0.3438532,-0.3378245,,,,,,,
gait_20260919_222211_andrew_fast_1,andrew_fast_1,2513567997381058,2026-09-19T22:22:11.122757Z,1.5576527,4.9761238,7.7477865,0.0259135,0.3438532,-0.3378245,2.1991675,4.5262394,8.4209814,,,,
gait_20260919_222211_andrew_fast_1,andrew_fast_1,2513568007465124,2026-09-19T22:22:11.131918Z,2.1213374,4.7081976,7.4021983,0.0267129,0.2325052,-0.1390601,2.1991675,4.5262394,8.4209814,,,,
gait_20260919_222211_andrew_fast_1,andrew_fast_1,2513568017523108,2026-09-19T22:22:11.141686Z,2.3799860,4.4480529,7.4509802,0.0267129,0.2325052,-0.1390601,2.1520290,4.5341768,8.4288864,,,,
gait_20260919_222211_andrew_fast_1,andrew_fast_1,2513568027616084,2026-09-19T22:22:11.155288Z,2.1759553,4.4033856,7.8943563,-0.1199747,0.1888886,-0.1405090,2.1520290,4.5341768,8.4288864,,,,
gait_20260919_222211_andrew_fast_1,andrew_fast_1,2513568037717117,2026-09-19T22:22:11.166038Z,2.1329343,4.5518265,8.0582848,-0.1199747,0.1888886,-0.1405090,2.1040711,4.5151615,8.4511719,,,,
gait_20260919_222211_andrew_fast_1,andrew_fast_1,2513568047801021,2026-09-19T22:22:11.173240Z,2.2765865,4.7683520,7.5564747,-0.2470773,0.3620892,-0.2181495,2.1040711,4.5151615,8.4511719,,,,
gait_20260919_222211_andrew_fast_1,andrew_fast_1,2513568057884273,2026-09-19T22:22:11.181935Z,2.0052936,4.8270097,7.7456164,-0.2470773,0.3620892,-0.2181495,2.0184751,4.4789925,8.4912014,,,,
gait_20260919_222211_andrew_fast_1,andrew_fast_1,2513568067970942,2026-09-19T22:22:11.192047Z,1.7782934,4.7448587,7.9213657,-0.3289646,0.3473838,-0.2989209,2.0184751,4.4789925,8.4912014,,,,
gait_20260919_222211_andrew_fast_1,andrew_fast_1,2513568078050817,2026-09-19T22:22:11.202201Z,1.4479682,4.6161704,8.1845789,-0.3289646,0.3473838,-0.2989209,1.9317211,4.4330401,8.5353794,,,,
gait_20260919_222211_andrew_fast_1,andrew_fast_1,2513568088112910,2026-09-19T22:22:11.213827Z,1.1515362,4.5019970,8.5304661,-0.3306966,0.2584686,-0.3240683,1.9317211,4.4330401,8.5353794,,,,
gait_20260919_222211_andrew_fast_1,andrew_fast_1,2513568098225785,2026-09-19T22:22:11.222427Z,1.2100445,4.4405708,8.8417120,-0.3306966,0.2584686,-0.3240683,1.8643823,4.3892937,8.5728807,,,,
gait_20260919_222211_andrew_fast_1,andrew_fast_1,2513568108325923,2026-09-19T22:22:11.234350Z,1.4280665,4.3419595,9.0472393,-0.2238951,-0.0023649,-0.2479766,1.8643823,4.3892937,8.5728807,,,,
gait_20260919_222211_andrew_fast_1,andrew_fast_1,2513568118365026,2026-09-19T22:22:11.242804Z,1.5391724,4.2407298,9.1871500,-0.2238951,-0.0023649,-0.2479766,1.8515819,4.3639741,8.5885677,,,,
gait_20260919_222211_andrew_fast_1,andrew_fast_1,2513568128472530,2026-09-19T22:22:11.252617Z,1.6297780,4.2432737,9.2083988,-0.0440496,-0.1366120,-0.1813111,1.8515819,4.3639741,8.5885677,,,,
gait_20260919_222211_andrew_fast_1,andrew_fast_1,2513568138556677,2026-09-19T22:22:11.263161Z,1.6781857,4.3254995,9.1213102,-0.0440496,-0.1366120,-0.1813111,1.8632357,4.3685665,8.5837107,-0.0426986,-0.2651250,-0.9427714,0.1976554
gait_20260919_222211_andrew_fast_1,andrew_fast_1,2513568148640945,2026-09-19T22:22:11.272820Z,1.6644191,4.4337621,8.8987989,0.0957266,-0.1507678,-0.1528162,1.8632357,4.3685665,8.5837107,-0.0426986,-0.2651250,-0.9427714,0.1976554
gait_20260919_222211_andrew_fast_1,andrew_fast_1,2513568158724442,2026-09-19T22:22:11.282704Z,1.6622493,4.4512701,8.7220020,0.0957266,-0.1507678,-0.1528162,1.8754861,4.3937325,8.5681839,-0.0434668,-0.2665570,-0.9426954,0.1959164
gait_20260919_222211_andrew_fast_1,andrew_fast_1,2513568168814896,2026-09-19T22:22:11.293039Z,1.6448914,4.4881554,8.6536179,0.0781401,-0.0709123,-0.1331646,1.8754861,4.3937325,8.5681839,-0.0434668,-0.2665570,-0.9426954,0.1959164
gait_20260919_222211_andrew_fast_1,andrew_fast_1,2513568178895178,2026-09-19T22:22:11.303514Z,1.6456395,4.6029277,8.7118263,0.0781401,-0.0709123,-0.1331646,1.8733354,4.4102192,8.5601807,-0.0435054,-0.2673569,-0.9427501,0.1945500
gait_20260919_222211_andrew_fast_1,andrew_fast_1,2513568188982702,2026-09-19T22:22:11.313018Z,1.7337013,4.6377182,8.7472906,-0.0278453,0.0115245,-0.1392599,1.8733354,4.4102192,8.5601807,-0.0435054,-0.2673569,-0.9427501,0.1945500
gait_20260919_222211_andrew_fast_1,andrew_fast_1,2513568199043167,2026-09-19T22:22:11.323509Z,1.8077719,4.5851955,8.7398834,-0.0278453,0.0115245,-0.1392599,1.8557043,4.4075699,8.5653839,-0.0429393,-0.2669216,-0.9431663,0.1932523
gait_20260919_222211_andrew_fast_1,andrew_fast_1,2513568209145707,2026-09-19T22:22:11.333581Z,1.7625813,4.5014734,8.7097321,-0.0970423,0.1024548,-0.1846418,1.8557043,4.4075699,8.5653839,-0.0429393,-0.2669216,-0.9431663,0.1932523
gait_20260919_222211_andrew_fast_1,andrew_fast_1,2513568219234249,2026-09-19T22:22:11.343296Z,1.3278093,4.4523921,8.7392855,-0.0970423,0.1024548,-0.1846418,1.8179164,4.3961883,8.5793247,-0.0415025,-0.2657495,-0.9438884,0.1916494
gait_20260919_222211_andrew_fast_1,andrew_fast_1,2513568229314570,2026-09-19T22:22:11.353608Z,1.3563901,4.3679967,8.9022408,-0.1271026,0.1620591,-0.2321887,1.8179164,4.3961883,8.5793247,-0.0415025,-0.2657495,-0.9438884,0.1916494
gait_20260919_222211_andrew_fast_1,andrew_fast_1,2513568239398840,2026-09-19T22:22:11.363592Z,1.2857611,4.1780314,8.9175787,-0.1271026,0.1620591,-0.2321887,1.7677702,4.3824363,8.5968227,-0.0395002,-0.2642976,-0.9447456,0.1898485
gait_20260919_222211_andrew_fast_1,andrew_fast_1,2513568249467118,2026-09-19T22:22:11.373562Z,1.1891700,4.0438066,8.7533512,-0.0727942,0.2311562,-0.1814943,1.7677702,4.3824363,8.5968227,-0.0395002,-0.2642976,-0.9447456,0.1898485
gait_20260919_222211_andrew_fast_1,andrew_fast_1,2513568259567541,2026-09-19T22:22:11.384143Z,1.5726912,3.9872437,8.4028254,-0.0727942,0.2311562,-0.1814943,1.7084225,4.3778148,8.6111631,-0.0367146,-0.2632866,-0.9453205,0.1889484
gait_20260919_222211_andrew_fast_1,andrew_fast_1,2513568269651282,2026-09-19T22:22:11.395052Z,1.6151884,3.9457941,7.9974566,-0.0009826,0.4054726,-0.0555741,1.7084225,4.3778148,8.6111631,-0.0367146,-0.2632866,-0.9453205,0.1889484
gait_20260919_222211_andrew_fast_1,andrew_fast_1,2513568279735306,2026-09-19T22:22:11.403749Z,1.5144823,3.8732197,7.5846066,-0.0009826,0.4054726,-0.0555741,1.6300366,4.3800735,8.6251984,-0.0324842,-0.2625299,-0.9455257,0.1897475
gait_20260919_222211_andrew_fast_1,andrew_fast_1,2513568289819535,2026-09-19T22:22:11.414074Z,1.1682208,3.9377885,7.1330752,-0.0686974,0.4643608,-0.0529927,1.6300366,4.3800735,8.6251984,-0.0324842,-0.2625299,-0.9455257,0.1897475
gait_20260919_222211_andrew_fast_1,andrew_fast_1,2513568299881262,2026-09-19T22:22:11.424162Z,1.6360627,3.8409729,6.9981017,-0.0686974,0.4643608,-0.0529927,1.5429411,4.3658347,8.6484070,-0.0280076,-0.2607647,-0.9460135,0.1904625
gait_20260919_222211_andrew_fast_1,andrew_fast_1,2513568309991451,2026-09-19T22:22:11.434002Z,1.8543841,3.6257939,6.8516817,-0.2336543,0.3886355,-0.1065850,1.5429411,4.3658347,8.6484070,-0.0280076,-0.2607647,-0.9460135,0.1904625
gait_20260919_222211_andrew_fast_1,andrew_fast_1,2513568320072505,2026-09-19T22:22:11.444056Z,2.1918168,3.4232595,6.4426470,-0.2336543,0.3886355,-0.1065850,1.4705789,4.3246241,8.6816549,-0.0248137,-0.2576640,-0.9470153,0.1901467
gait_20260919_222211_andrew_fast_1,andrew_fast_1,2513568330156490,2026-09-19T22:22:11.454402Z,2.7401638,3.2282069,6.0787287,-0.2207475,0.0145222,-0.2397829,1.4705789,4.3246241,8.6816549,-0.0248137,-0.2576640,-0.9470153,0.1901467
gait_20260919_222211_andrew_fast_1,andrew_fast_1,2513568340233598,2026-09-19T22:22:11.464270Z,2.8997524,3.0945058,5.5052423,-0.2207475,0.0145222,-0.2397829,1.4614941,4.2973394,8.6967249,-0.0252808,-0.2559619,-0.9480333,0.1872893
gait_20260919_222211_andrew_fast_1,andrew_fast_1,2513568350350053,2026-09-19T22:22:11.474459Z,3.3348985,2.9506292,5.1113214,0.0370716,-0.7727079,-0.4733539,1.4614941,4.2973394,8.6967249,-0.0252808,-0.2559619,-0.9480333,0.1872893
gait_20260919_222211_andrew_fast_1,andrew_fast_1,2513568360409419,2026-09-19T22:22:11.484693Z,3.2337434,2.6736500,4.6000094,0.0370716,-0.7727079,-0.4733539,1.5817889,4.3302197,8.6592875,-0.0328033,-0.2587825,-0.9484821,0.1798256
gait_20260919_222211_andrew_fast_1,andrew_fast_1,2513568370470943,2026-09-19T22:22:11.494543Z,3.2885857,1.9437177,3.9768438,0.3149253,-1.6013229,-0.7844656,1.5817889,4.3302197,8.6592875,-0.0328033,-0.2587825,-0.9484821,0.1798256
gait_20260919_222211_andrew_fast_1,andrew_fast_1,2513568380577307,2026-09-19T22:22:11.505057Z,2.8630912,0.9308207,2.9294555,0.3149253,-1.6013229,-0.7844656,1.8054291,4.4184103,8.5705423,-0.0463429,-0.2653941,-0.9483506,0.1674796
gait_20260919_222211_andrew_fast_1,andrew_fast_1,2513568390662024,2026-09-19T22:22:11.515110Z,2.4598925,0.2097171,2.1021092,0.1468208,-1.6084175,-0.8723482,1.8054291,4.4184103,8.5705423,-0.0463429,-0.2653941,-0.9483506,0.1674796
gait_20260919_222211_andrew_fast_1,andrew_fast_1,2513568400746252,2026-09-19T22:22:11.526126Z,1.5756092,-0.8964789,1.7245734,0.1468208,-1.6084175,-0.8723482,1.9992796,4.4647131,8.5032539,-0.0589551,-0.2691423,-0.9487226,0.1549586
gait_20260919_222211_andrew_fast_1,andrew_fast_1,2513568410830399,2026-09-19T22:22:11.542492Z,1.0488100,-2.1045780,1.1205612,-0.5315260,-1.2237123,-0.6007063,1.9992796,4.4647131,8.5032539,-0.0589551,-0.2691423,-0.9487226,0.1549586
gait_20260919_222211_andrew_fast_1,andrew_fast_1,2513568420918412,2026-09-19T22:22:11.550731Z,-0.5238065,-0.7256676,1.2066028,-0.5315260,-1.2237123,-0.6007063,2.1443744,4.3719568,8.5160885,-0.0693468,-0.2647640,-0.9506609,0.1460648
gait_20260919_222211_andrew_fast_1,andrew_fast_1,2513568431026241,2026-09-19T22:22:11.555098Z,-0.5478981,-0.0464625,1.5627403,-1.1753660,-1.0670490,-0.1442894,2.1443744,4.3719568,8.5160885,-0.0693468,-0.2647640,-0.9506609,0.1460648
gait_20260919_222211_andrew_fast_1,andrew_fast_1,2513568441083654,2026-09-19T22:22:11.565636Z,1.0675895,-0.7237223,1.6626234,-1.1753660,-1.0670490,-0.1442894,2.3379779,4.1527424,8.5746546,-0.0819789,-0.2542076,-0.9531221,0.1421834
gait_20260919_222211_andrew_fast_1,andrew_fast_1,2513568451144812,2026-09-19T22:22:11.575262Z,3.4495208,-2.3063645,1.5784523,-1.1192757,-2.2570870,0.9752194,2.3379779,4.1527424,8.5746546,-0.0819789,-0.2542076,-0.9531221,0.1421834
gait_20260919_222211_andrew_fast_1,andrew_fast_1,2513568461248490,2026-09-19T22:22:11.585459Z,5.5133228,-3.8025160,1.2638392,-1.1192757,-2.2570870,0.9752194,2.8693767,3.9091787,8.5276670,-0.1107985,-0.2465923,-0.9516677,0.1457554
gait_20260919_222211_andrew_fast_1,andrew_fast_1,2513568471335446,2026-09-19T22:22:11.612396Z,5.9377699,-4.3486934,1.0058640,-0.2834828,-4.0385051,1.3485832,2.8693767,3.9091787,8.5276670,-0.1107985,-0.2465923,-0.9516677,0.1457554
gait_20260919_222211_andrew_fast_1,andrew_fast_1,2513568481397579,2026-09-19T22:22:11.612690Z,4.9632549,-4.1240125,0.7610568,-0.2834828,-4.0385051,1.3485832,2.8693767,3.9091787,8.5276670,-0.1107985,-0.2465923,-0.9516677,0.1457554
gait_20260919_222211_andrew_fast_1,andrew_fast_1,2513568491489742,2026-09-19T22:22:11.621403Z,3.4592474,-4.1387515,1.0378864,0.6879562,-5.8995457,1.2063756,3.7201784,3.7997942,8.2436609,-0.1564503,-0.2502125,-0.9440072,0.1475378
gait_20260919_222211_andrew_fast_1,andrew_fast_1,2513568501566402,2026-09-19T22:22:11.639891Z,1.2401216,-4.5488334,2.7042508,0.6879562,-5.8995457,1.2063756,4.5226498,3.8172011,7.8237281,-0.2008242,-0.2605947,-0.9331255,0.1450409
gait_20260919_222211_andrew_fast_1,andrew_fast_1,2513568511672563,2026-09-19T22:22:11.640131Z,2.3443723,-6.0762596,0.2053028,1.3699836,-7.1920886,1.5763254,4.5226498,3.8172011,7.8237281,-0.2008242,-0.2605947,-0.9331255,0.1450409
gait_20260919_222211_andrew_fast_1,andrew_fast_1,2513568521736609,2026-09-19T22:22:11.655814Z,2.7050738,-7.9465051,0.2810943,1.3699836,-7.1920886,1.5763254,6.0408049,3.8557477,6.6991038,-0.2897119,-0.2851078,-0.9024811,0.1425085
gait_20260919_222211_andrew_fast_1,andrew_fast_1,2513568531822790,2026-09-19T22:22:11.656586Z,3.3191118,-8.7484131,0.5177461,1.5897985,-7.8608427,2.7007139,6.0408049,3.8557477,6.6991038,-0.2897119,-0.2851078,-0.9024811,0.1425085
gait_20260919_222211_andrew_fast_1,andrew_fast_1,2513568541903194,2026-09-19T22:22:11.672223Z,4.4594250,-9.0287590,0.9422680,1.5897985,-7.8608427,2.7007139,7.2440271,3.6585965,5.5113392,-0.3671251,-0.3011432,-0.8672159,0.1498950
gait_20260919_222211_andrew_fast_1,andrew_fast_1,2513568552009965,2026-09-19T22:22:11.676018Z,5.9205613,-9.2969093,1.3988872,1.6043040,-7.7128897,3.8255019,7.2440271,3.6585965,5.5113392,-0.3671251,-0.3011432,-0.8672159,0.1498950
gait_20260919_222211_andrew_fast_1,andrew_fast_1,2513568562093705,2026-09-19T22:22:11.686807Z,8.2158527,-9.8899984,1.5904981,1.6043040,-7.7128897,3.8255019,8.2796164,3.1659052,4.2025118,-0.4427565,-0.3097554,-0.8246790,0.1671014
gait_20260919_222211_andrew_fast_1,andrew_fast_1,2513568572177934,2026-09-19T22:22:11.697285Z,10.9815302,-10.5819225,1.7646015,1.7209979,-7.0380235,4.7435150,8.2796164,3.1659052,4.2025118,-0.4427565,-0.3097554,-0.8246790,0.1671014
gait_20260919_222211_andrew_fast_1,andrew_fast_1,2513568582242387,2026-09-19T22:22:11.706423Z,13.9053736,-10.7423344,1.8922423,1.7209979,-7.0380235,4.7435150,9.0532570,2.4298739,2.8931563,-0.5108897,-0.3126995,-0.7770619,0.1933536
gait_20260919_222211_andrew_fast_1,andrew_fast_1,2513568592346635,2026-09-19T22:22:11.716404Z,17.0007019,-10.2691050,2.2313960,1.7011964,-6.3177586,5.0949626,9.0532570,2.4298739,2.8931563,-0.5108897,-0.3126995,-0.7770619,0.1933536
gait_20260919_222211_andrew_fast_1,andrew_fast_1,2513568602407873,2026-09-19T22:22:11.726593Z,19.9330006,-9.4856777,2.9774890,1.7011964,-6.3177586,5.0949626,9.5430622,1.5441462,1.6678493,-0.5702902,-0.3102915,-0.7275030,0.2218732
gait_20260919_222211_andrew_fast_1,andrew_fast_1,2513568612513912,2026-09-19T22:22:11.736675Z,22.3096199,-8.8992481,4.5709052,1.1448560,-5.3065667,4.7882643,9.5430622,1.5441462,1.6678493,-0.5702902,-0.3102915,-0.7275030,0.2218732
gait_20260919_222211_andrew_fast_1,andrew_fast_1,2513568622598710,2026-09-19T22:22:11.747150Z,24.3617496,-7.7399302,6.6012630,1.1448560,-5.3065667,4.7882643,9.7665911,0.6457806,0.6578679,-0.6185785,-0.3009239,-0.6829387,0.2457645
gait_20260919_222211_andrew_fast_1,andrew_fast_1,2513568632684160,2026-09-19T22:22:11.758511Z,26.0434532,-5.5769935,8.2451820,0.1119809,-3.2926769,4.5245996,9.7665911,0.6457806,0.6578679,-0.6185785,-0.3009239,-0.6829387,0.2457645
gait_20260919_222211_andrew_fast_1,andrew_fast_1,2513568642767248,2026-09-19T22:22:11.767369Z,27.3696899,-3.2203510,8.9331408,0.1119809,-3.2926769,4.5245996,9.8065786,-0.2412845,0.0942823,-0.6512273,-0.2788471,-0.6533667,0.2669442
gait_20260919_222211_andrew_fast_1,andrew_fast_1,2513568652845903,2026-09-19T22:22:11.777431Z,28.4213448,-1.0245687,8.7016516,-0.4685909,-0.9726047,4.3773456,9.8065786,-0.2412845,0.0942823,-0.6512273,-0.2788471,-0.6533667,0.2669442
gait_20260919_222211_andrew_fast_1,andrew_fast_1,2513568662935543,2026-09-19T22:22:11.788120Z,29.2201099,1.0072107,7.8136268,-0.4685909,-0.9726047,4.3773456,9.7484913,-1.0964240,-0.0301395,-0.6681439,-0.2481317,-0.6386998,0.2899606
gait_20260919_222211_andrew_fast_1,andrew_fast_1,2513568673001177,2026-09-19T22:22:11.797506Z,29.7419701,3.3135753,6.9279218,-0.4314527,0.2001466,3.9289227,9.7484913,-1.0964240,-0.0301395,-0.6681439,-0.2481317,-0.6386998,0.2899606
gait_20260919_222211_andrew_fast_1,andrew_fast_1,2513568683083044,2026-09-19T22:22:11.808310Z,30.0073528,5.8925047,6.8041716,-0.4314527,0.2001466,3.9289227,9.6356993,-1.8408030,0.0294138,-0.6760032,-0.2186020,-0.6305744,0.3124240
gait_20260919_222211_andrew_fast_1,andrew_fast_1,2513568693165930,2026-09-19T22:22:11.818361Z,30.0183506,8.1556988,7.1407814,-0.1082171,0.4193953,3.0415692,9.6356993,-1.8408030,0.0294138,-0.6760032,-0.2186020,-0.6305744,0.3124240
gait_20260919_222211_andrew_fast_1,andrew_fast_1,2513568703252723,2026-09-19T22:22:11.827604Z,29.7302990,10.2458363,7.6990795,-0.1082171,0.4193953,3.0415692,9.5138607,-2.3897021,0.1090646,-0.6794062,-0.1976774,-0.6242433,0.3311364
gait_20260919_222211_andrew_fast_1,andrew_fast_1,2513568713340695,2026-09-19T22:22:11.839228Z,28.8051643,11.6623812,7.8825350,0.5701798,-0.0379542,1.7629157,9.5138607,-2.3897021,0.1090646,-0.6794062,-0.1976774,-0.6242433,0.3311364
gait_20260919_222211_andrew_fast_1,andrew_fast_1,2513568723445593,2026-09-19T22:22:11.847494Z,27.9026260,12.9179153,7.6129627,0.5701798,-0.0379542,1.7629157,9.4383507,-2.6718385,0.1222904,-0.6806550,-0.1923843,-0.6169225,0.3451141
gait_20260919_222211_andrew_fast_1,andrew_fast_1,2513568733503617,2026-09-19T22:22:11.857779Z,26.9799595,14.0649624,6.8550482,1.3620396,-0.3049496,0.2167839,9.4383507,-2.6718385,0.1222904,-0.6806550,-0.1923843,-0.6169225,0.3451141
gait_20260919_222211_andrew_fast_1,andrew_fast_1,2513568743612545,2026-09-19T22:22:11.868384Z,25.5683537,14.3301201,4.9290628,1.3620396,-0.3049496,0.2167839,9.4443531,-2.6492693,0.1472855,-0.6769735,-0.2034087,-0.6122381,0.3542548
gait_20260919_222211_andrew_fast_1,andrew_fast_1,2513568753697140,2026-09-19T22:22:11.877953Z,23.4693871,13.2546749,1.8592472,1.9088706,0.2261434,-1.4149324,9.4443531,-2.6492693,0.1472855,-0.6769735,-0.2034087,-0.6122381,0.3542548
gait_20260919_222211_andrew_fast_1,andrew_fast_1,2513568763780920,2026-09-19T22:22:11.887720Z,21.0237846,11.5182047,-1.3365631,1.9088706,0.2261434,-1.4149324,9.5296335,-2.3077893,0.3103293,-0.6640288,-0.2262295,-0.6164199,0.3576487
gait_20260919_222211_andrew_fast_1,andrew_fast_1,2513568773866573,2026-09-19T22:22:11.897970Z,17.6854439,10.3891897,-4.5385084,1.8929660,0.2870967,-2.9512217,9.5296335,-2.3077893,0.3103293,-0.6640288,-0.2262295,-0.6164199,0.3576487
gait_20260919_222211_andrew_fast_1,andrew_fast_1,2513568783950965,2026-09-19T22:22:11.908007Z,11.9301577,10.2708263,-8.0853691,1.8929660,0.2870967,-2.9512217,9.6585407,-1.6646928,0.4213170,-0.6483195,-0.2585376,-0.6248095,0.3499333
gait_20260919_222211_andrew_fast_1,andrew_fast_1,2513568794033322,2026-09-19T22:22:11.918123Z,8.0169096,9.7968493,-7.9458318,1.0304770,-0.9192955,-4.1448240,9.6585407,-1.6646928,0.4213170,-0.6483195,-0.2585376,-0.6248095,0.3499333
gait_20260919_222211_andrew_fast_1,andrew_fast_1,2513568804119463,2026-09-19T22:22:11.928590Z,5.7802763,8.0270100,-8.2210150,1.0304770,-0.9192955,-4.1448240,9.7740431,-0.8119666,0.2119557,-0.6408605,-0.2957894,-0.6296017,0.3246663
gait_20260919_222211_andrew_fast_1,andrew_fast_1,2513568814210934,2026-09-19T22:22:11.938199Z,5.4618473,6.0473795,-7.0749407,-0.2373681,-2.1005070,-4.2414832,9.7740431,-0.8119666,0.2119557,-0.6408605,-0.2957894,-0.6296017,0.3246663
gait_20260919_222211_andrew_fast_1,andrew_fast_1,2513568824323320,2026-09-19T22:22:11.948367Z,3.6263177,4.0299654,-5.8193316,-0.2373681,-2.1005070,-4.2414832,9.8071880,0.0251758,-0.2335676,-0.6431497,-0.3272202,-0.6296400,0.2878177
gait_20260919_222211_andrew_fast_1,andrew_fast_1,2513568834373288,2026-09-19T22:22:11.958616Z,1.8017864,2.1579988,-4.7310920,-0.8697002,-2.1068356,-3.8589096,9.8071880,0.0251758,-0.2335676,-0.6431497,-0.3272202,-0.6296400,0.2878177
gait_20260919_222211_andrew_fast_1,andrew_fast_1,2513568844454546,2026-09-19T22:22:11.968568Z,1.9202245,1.3174843,-3.3997664,-0.8697002,-2.1068356,-3.8589096,9.7591610,0.7783191,-0.6238079,-0.6454669,-0.3514542,-0.6299292,0.2510809
gait_20260919_222211_andrew_fast_1,andrew_fast_1,2513568854538326,2026-09-19T22:22:11.978957Z,3.0228293,0.6819734,-1.9774610,-0.5187691,-0.8928658,-3.2066262,9.7591610,0.7783191,-0.6238079,-0.6454669,-0.3514542,-0.6299292,0.2510809
gait_20260919_222211_andrew_fast_1,andrew_fast_1,2513568864625851,2026-09-19T22:22:11.988846Z,3.6973956,-0.1629554,-0.6162077,-0.5187691,-0.8928658,-3.2066262,9.6819534,1.3900446,-0.7507802,-0.6393879,-0.3709245,-0.6342280,0.2266121
gait_20260919_222211_andrew_fast_1,andrew_fast_1,2513568874707353,2026-09-19T22:22:11.998886Z,2.7434559,-1.5817443,-0.1792659,0.6228560,-0.1488193,-2.7697608,9.6819534,1.3900446,-0.7507802,-0.6393879,-0.3709245,-0.6342280,0.2266121
gait_20260919_222211_andrew_fast_1,andrew_fast_1,2513568884791460,2026-09-19T22:22:12.009004Z,3.9121256,-2.9694834,-0.3674351,0.6228560,-0.1488193,-2.7697608,9.5925722,1.8960773,-0.7896618,-0.6273685,-0.3938468,-0.6364477,0.2150064
gait_20260919_222211_andrew_fast_1,andrew_fast_1,2513568894879025,2026-09-19T22:22:12.018935Z,5.0785508,-4.4704981,-1.6525977,1.7473609,0.0963095,-2.2956741,9.5925722,1.8960773,-0.7896618,-0.6273685,-0.3938468,-0.6364477,0.2150064
gait_20260919_222211_andrew_fast_1,andrew_fast_1,2513568904938432,2026-09-19T22:22:12.029217Z,6.0127382,-5.1392288,-2.9831753,1.7473609,0.0963095,-2.2956741,9.5021696,2.2873797,-0.8442684,-0.6133218,-0.4196002,-0.6341836,0.2135026
gait_20260919_222211_andrew_fast_1,andrew_fast_1,2513568915045122,2026-09-19T22:22:12.039793Z,7.3323922,-4.5731497,-2.8849382,1.9297379,0.3819407,-2.0122247,9.5021696,2.2873797,-0.8442684,-0.6133218,-0.4196002,-0.6341836,0.2135026
gait_20260919_222211_andrew_fast_1,andrew_fast_1,2513568925128456,2026-09-19T22:22:12.049285Z,8.0478849,-4.2519526,-2.0007296,1.9297379,0.3819407,-2.0122247,9.4122210,2.6297045,-0.8549033,-0.5978377,-0.4428407,-0.6328314,0.2144915
gait_20260919_222211_andrew_fast_1,andrew_fast_1,2513568935224362,2026-09-19T22:22:12.059457Z,7.6212678,-2.1828387,0.5778256,1.4113852,0.4592148,-1.9811485,9.4122210,2.6297045,-0.8549033,-0.5978377,-0.4428407,-0.6328314,0.2144915
gait_20260919_222211_andrew_fast_1,andrew_fast_1,2513568945308468,2026-09-19T22:22:12.069647Z,6.3959603,1.2573299,1.5070752,1.4113852,0.4592148,-1.9811485,9.3090658,2.9745731,-0.8539923,-0.5835453,-0.4620298,-0.6333733,0.2117588
gait_20260919_222211_andrew_fast_1,andrew_fast_1,2513568955380287,2026-09-19T22:22:12.080929Z,5.9212351,3.1897500,0.8842086,1.2619163,-0.4939382,-1.6313999,9.3090658,2.9745731,-0.8539923,-0.5835453,-0.4620298,-0.6333733,0.2117588
gait_20260919_222211_andrew_fast_1,andrew_fast_1,2513568965465573,2026-09-19T22:22:12.091050Z,6.8143468,3.1868322,-0.2157774,1.2619163,-0.4939382,-1.6313999,9.1994934,3.2395799,-1.0538321,-0.5776407,-0.4804771,-0.6268548,0.2062191
gait_20260919_222211_andrew_fast_1,andrew_fast_1,2513568975551225,2026-09-19T22:22:12.101205Z,7.7686605,2.9014733,-1.0515783,1.3842893,-0.6158115,-1.1997306,9.1994934,3.2395799,-1.0538321,-0.5776407,-0.4804771,-0.6268548,0.2062191
gait_20260919_222211_andrew_fast_1,andrew_fast_1,2513568985634315,2026-09-19T22:22:12.111985Z,8.4929066,2.5928457,-1.4682442,1.3842893,-0.6158115,-1.1997306,9.1107235,3.4175346,-1.2455026,-0.5724946,-0.4969179,-0.6192702,0.2045166
gait_20260919_222211_andrew_fast_1,andrew_fast_1,2513568995717119,2026-09-19T22:22:12.120659Z,8.4366426,2.3772178,-1.7631799,1.1528332,0.0810212,-1.0700966,9.1107235,3.4175346,-1.2455026,-0.5724946,-0.4969179,-0.6192702,0.2045166
gait_20260919_222211_andrew_fast_1,andrew_fast_1,2513569005801389,2026-09-19T22:22:12.130016Z,7.6933932,2.2284780,-1.8290205,1.1528332,0.0810212,-1.0700966,9.0422392,3.5776279,-1.2940701,-0.5640751,-0.5092638,-0.6167547,0.2051422
gait_20260919_222211_andrew_fast_1,andrew_fast_1,2513569015889116,2026-09-19T22:22:12.140071Z,6.7289786,1.7974470,-2.0170400,0.6906042,0.0586884,-0.6030712,9.0422392,3.5776279,-1.2940701,-0.5640751,-0.5092638,-0.6167547,0.2051422
gait_20260919_222211_andrew_fast_1,andrew_fast_1,2513569025972531,2026-09-19T22:22:12.150341Z,5.6964045,1.0268881,-2.3621044,0.6906042,0.0586884,-0.6030712,9.0085545,3.6490891,-1.3289915,-0.5599563,-0.5157129,-0.6148813,0.2059376
gait_20260919_222211_andrew_fast_1,andrew_fast_1,2513569036051999,2026-09-19T22:22:12.160760Z,4.8045645,0.2121861,-3.2993596,0.5239652,-0.0107418,0.3112948,9.0085545,3.6490891,-1.3289915,-0.5599563,-0.5157129,-0.6148813,0.2059376
gait_20260919_222211_andrew_fast_1,andrew_fast_1,2513569046137001,2026-09-19T22:22:12.171020Z,4.2637739,-0.1289128,-3.4593222,0.5239652,-0.0107418,0.3112948,9.0445261,3.5399175,-1.3789963,-0.5619770,-0.5161224,-0.6107001,0.2117666
gait_20260919_222211_andrew_fast_1,andrew_fast_1,2513569056223385,2026-09-19T22:22:12.180423Z,4.4259810,-0.3238158,-3.6027498,0.7196152,-0.5655666,1.7111055,9.0445261,3.5399175,-1.3789963,-0.5619770,-0.5161224,-0.6107001,0.2117666
gait_20260919_222211_andrew_fast_1,andrew_fast_1,2513569066282712,2026-09-19T22:22:12.190826Z,4.6563482,-0.6758382,-4.0722380,0.7196152,-0.5655666,1.7111055,9.1587267,3.1520994,-1.5550250,-0.5746758,-0.5109180,-0.5984694,0.2248225
gait_20260919_222211_andrew_fast_1,andrew_fast_1,2513569076391924,2026-09-19T22:22:12.200633Z,5.0522146,-1.2513444,-4.6420579,1.1049199,-1.0913804,3.0678158,9.1587267,3.1520994,-1.5550250,-0.5746758,-0.5109180,-0.5984694,0.2248225
gait_20260919_222211_andrew_fast_1,andrew_fast_1,2513569086450315,2026-09-19T22:22:12.210673Z,7.1080856,-1.5725416,-4.0512886,1.1049199,-1.0913804,3.0678158,9.3062077,2.4931428,-1.8479342,-0.5959457,-0.5012462,-0.5774100,0.2453543
gait_20260919_222211_andrew_fast_1,andrew_fast_1,2513569096557207,2026-09-19T22:22:12.220709Z,9.4769239,-1.1673230,-2.8491747,1.5206014,-1.7706598,4.1117659,9.3062077,2.4931428,-1.8479342,-0.5959457,-0.5012462,-0.5774100,0.2453543
gait_20260919_222211_andrew_fast_1,andrew_fast_1,2513569106623410,2026-09-19T22:22:12.230944Z,9.7479172,-0.2928408,-1.1375451,1.5206014,-1.7706598,4.1117659,9.4063177,1.6164201,-2.2681484,-0.6237699,-0.4888531,-0.5467287,0.2702253
gait_20260919_222211_andrew_fast_1,andrew_fast_1,2513569116724322,2026-09-19T22:22:12.240766Z,13.6114855,0.5847838,-1.9342157,2.0289285,-1.7283089,4.6938696,9.4063177,1.6164201,-2.2681484,-0.6237699,-0.4888531,-0.5467287,0.2702253
gait_20260919_222211_andrew_fast_1,andrew_fast_1,2513569126790606,2026-09-19T22:22:12.250812Z,20.8546944,1.6881367,-2.5840170,2.0289285,-1.7283089,4.6938696,9.4323597,0.5942888,-2.6293638,-0.6498588,-0.4739932,-0.5118942,0.3016262
gait_20260919_222211_andrew_fast_1,andrew_fast_1,2513569136898434,2026-09-19T22:22:12.261197Z,23.7331238,4.4475288,0.0857423,2.4505720,-1.3001038,5.0355744,9.4323597,0.5942888,-2.6293638,-0.6498588,-0.4739932,-0.5118942,0.3016262
gait_20260919_222211_andrew_fast_1,andrew_fast_1,2513569147008989,2026-09-19T22:22:12.271212Z,22.6724911,7.0803280,0.9975591,2.4505720,-1.3001038,5.0355744,9.3713245,-0.4936793,-2.8584402,-0.6712672,-0.4569163,-0.4761015,0.3375725
gait_20260919_222211_andrew_fast_1,andrew_fast_1,2513569157040484,2026-09-19T22:22:12.282044Z,20.6707897,7.6047330,-1.3364882,2.3668697,-0.7171338,3.9864786,9.3713245,-0.4936793,-2.8584402,-0.6712672,-0.4569163,-0.4761015,0.3375725
gait_20260919_222211_andrew_fast_1,andrew_fast_1,2513569167148109,2026-09-19T22:22:12.291183Z,17.1392670,6.8018522,-5.0178728,2.3668697,-0.7171338,3.9864786,9.2677774,-1.3391596,-2.9242201,-0.6828714,-0.4439801,-0.4481749,0.3683852
gait_20260919_222211_andrew_fast_1,andrew_fast_1,2513569177234209,2026-09-19T22:22:12.301617Z,14.4306021,4.9582419,-6.7736454,1.5977256,0.2467609,3.2378023,9.2677774,-1.3391596,-2.9242201,-0.6828714,-0.4439801,-0.4481749,0.3683852
gait_20260919_222211_andrew_fast_1,andrew_fast_1,2513569187318193,2026-09-19T22:22:12.311468Z,13.5411558,3.3518825,-6.3474774,1.5977256,0.2467609,3.2378023,9.1870337,-2.0074472,-2.7936816,-0.6895458,-0.4263140,-0.4331847,0.3938708
gait_20260919_222211_andrew_fast_1,andrew_fast_1,2513569197399859,2026-09-19T22:22:12.322387Z,13.1190281,1.6828245,-4.6051722,-0.3061154,1.8175905,3.4677093,9.1870337,-2.0074472,-2.7936816,-0.6895458,-0.4263140,-0.4331847,0.3938708
gait_20260919_222211_andrew_fast_1,andrew_fast_1,2513569207483640,2026-09-19T22:22:12.331536Z,12.4330893,0.4147955,-4.0870519,-0.3061154,1.8175905,3.4677093,9.1362190,-2.6196389,-2.4296358,-0.6974369,-0.3899331,-0.4367876,0.4132197
gait_20260919_222211_andrew_fast_1,andrew_fast_1,2513569217568193,2026-09-19T22:22:12.341895Z,9.7005568,-1.0039935,-4.2883892,-2.1644247,4.0067463,3.5723624,9.1362190,-2.6196389,-2.4296358,-0.6974369,-0.3899331,-0.4367876,0.4132197
gait_20260919_222211_andrew_fast_1,andrew_fast_1,2513569227653602,2026-09-19T22:22:12.351740Z,8.1215811,-1.7905636,-4.6692920,-2.1644247,4.0067463,3.5723624,9.1140099,-3.1734843,-1.7606657,-0.7010679,-0.3345741,-0.4619374,0.4279930
gait_20260919_222211_andrew_fast_1,andrew_fast_1,2513569237737017,2026-09-19T22:22:12.362654Z,8.3990841,-3.0134768,-4.6164699,-3.4277401,5.9594831,3.6505859,9.1140099,-3.1734843,-1.7606657,-0.7010679,-0.3345741,-0.4619374,0.4279930
gait_20260919_222211_andrew_fast_1,andrew_fast_1,2513569247820961,2026-09-19T22:22:12.371989Z,9.9432697,-4.4832921,-1.8081460,-3.4277401,5.9594831,3.6505859,9.0284081,-3.7086184,-0.9849355,-0.7004253,-0.2657053,-0.4988461,0.4358412
gait_20260919_222211_andrew_fast_1,andrew_fast_1,2513569257908891,2026-09-19T22:22:12.382136Z,9.6365871,-4.9182138,2.9458408,-3.9285896,6.1259890,3.2812023,9.0284081,-3.7086184,-0.9849355,-0.7004253,-0.2657053,-0.4988461,0.4358412
gait_20260919_222211_andrew_fast_1,andrew_fast_1,2513569267992062,2026-09-19T22:22:12.392158Z,5.8442464,-5.3190932,6.7423711,-3.9285896,6.1259890,3.2812023,8.8494101,-4.2280989,-0.2173223,-0.6938208,-0.1965274,-0.5364009,0.4384790
gait_20260919_222211_andrew_fast_1,andrew_fast_1,2513569278066566,2026-09-19T22:22:12.409757Z,4.1607485,-7.5240035,5.0161519,-2.4996512,3.7125051,2.0785072,8.8494101,-4.2280989,-0.2173223,-0.6938208,-0.1965274,-0.5364009,0.4384790
gait_20260919_222211_andrew_fast_1,andrew_fast_1,2513569288159381,2026-09-19T22:22:12.412250Z,3.7594953,-8.6004210,3.3109565,-2.4996512,3.7125051,2.0785072,8.5081758,-4.8410044,0.6416507,-0.6757774,-0.1422085,-0.5595341,0.4582831
gait_20260919_222211_andrew_fast_1,andrew_fast_1,2513569298232744,2026-09-19T22:22:12.422675Z,2.5629928,-8.1238260,3.0535798,-0.3565268,2.0912476,1.4088538,8.5081758,-4.8410044,0.6416507,-0.6757774,-0.1422085,-0.5595341,0.4582831
gait_20260919_222211_andrew_fast_1,andrew_fast_1,2513569308325925,2026-09-19T22:22:12.433222Z,2.4691701,-6.6929159,3.0295630,-0.3565268,2.0912476,1.4088538,8.3259373,-5.0969791,0.9673055,-0.6668814,-0.1236025,-0.5651070,0.4697293
gait_20260919_222211_andrew_fast_1,andrew_fast_1,2513569318410194,2026-09-19T22:22:12.442586Z,2.1663036,-5.1566615,2.5695770,1.1873901,0.2517571,1.3556612,8.3259373,-5.0969791,0.9673055,-0.6668814,-0.1236025,-0.5651070,0.4697293
gait_20260919_222211_andrew_fast_1,andrew_fast_1,2513569328495277,2026-09-19T22:22:12.452463Z,1.8877532,-4.4976573,1.8675522,1.1873901,0.2517571,1.3556612,8.1809731,-5.2998710,1.1041549,-0.6621444,-0.1228535,-0.5559382,0.4872419
gait_20260919_222211_andrew_fast_1,andrew_fast_1,2513569338589759,2026-09-19T22:22:12.468236Z,2.2881835,-4.8413005,1.3245921,2.0843360,-1.2088736,1.9337682,8.1809731,-5.2998710,1.1041549,-0.6621444,-0.1228535,-0.5559382,0.4872419
gait_20260919_222211_andrew_fast_1,andrew_fast_1,2513569348662676,2026-09-19T22:22:12.472714Z,2.9226470,-5.0665798,0.7875427,2.0843360,-1.2088736,1.9337682,7.9866099,-5.5863681,1.1147556,-0.6614497,-0.1284073,-0.5332614,0.5114960
gait_20260919_222211_andrew_fast_1,andrew_fast_1,2513569358747108,2026-09-19T22:22:12.488684Z,3.1897500,-5.4010944,0.6587048,2.5411861,-1.8854551,2.5350573,7.9866099,-5.5863681,1.1147556,-0.6614497,-0.1284073,-0.5332614,0.5114960
gait_20260919_222211_andrew_fast_1,andrew_fast_1,2513569368808998,2026-09-19T22:22:12.506620Z,2.9461401,-5.9343281,0.5000141,2.5411861,-1.8854551,2.5350573,7.7221994,-5.9478416,1.1076808,-0.6614824,-0.1341871,-0.5031393,0.5397090
gait_20260919_222211_andrew_fast_1,andrew_fast_1,2513569378893430,2026-09-19T22:22:12.506809Z,4.1648636,-7.0956655,0.0264110,2.5455327,-1.4304539,3.1444905,7.7221994,-5.9478416,1.1076808,-0.6614824,-0.1341871,-0.5031393,0.5397090
gait_20260919_222211_andrew_fast_1,andrew_fast_1,2513569388977658,2026-09-19T22:22:12.514315Z,5.7894788,-7.5775738,-0.7338228,2.5455327,-1.4304539,3.1444905,7.3400784,-6.3919640,1.2256212,-0.6582898,-0.1310130,-0.4732852,0.5705184
gait_20260919_222211_andrew_fast_1,andrew_fast_1,2513569399062294,2026-09-19T22:22:12.523356Z,6.3645363,-9.2281513,-1.3561656,2.0399034,-0.0700796,4.0767760,7.3400784,-6.3919640,1.2256212,-0.6582898,-0.1310130,-0.4732852,0.5705184
gait_20260919_222211_andrew_fast_1,andrew_fast_1,2513569409146685,2026-09-19T22:22:12.535815Z,6.8026004,-9.9354134,-1.5215900,2.0399034,-0.0700796,4.0767760,6.7548156,-6.9587364,1.4780235,-0.6525101,-0.1096817,-0.4464788,0.6023763
gait_20260919_222211_andrew_fast_1,andrew_fast_1,2513569419230426,2026-09-19T22:22:12.543368Z,7.7563906,-8.0454903,-1.1549779,1.1866573,0.6218734,4.6523347,6.7548156,-6.9587364,1.4780235,-0.6525101,-0.1096817,-0.4464788,0.6023763
gait_20260919_222211_andrew_fast_1,andrew_fast_1,2513569429313474,2026-09-19T22:22:12.553683Z,7.7617025,-7.4863696,-0.5924153,1.1866573,0.6218734,4.6523347,6.0443377,-7.5343366,1.7134439,-0.6477956,-0.0785751,-0.4210978,0.6299710
gait_20260919_222211_andrew_fast_1,andrew_fast_1,2513569439398679,2026-09-19T22:22:12.563653Z,10.4527102,-10.0421047,-0.5381716,0.5183361,0.3502982,4.4067564,6.0443377,-7.5343366,1.7134439,-0.6477956,-0.0785751,-0.4210978,0.6299710
gait_20260919_222211_andrew_fast_1,andrew_fast_1,2513569449505247,2026-09-19T22:22:12.573385Z,10.3416042,-11.0040503,0.5283704,0.5183361,0.3502982,4.4067564,5.3720584,-8.0091190,1.7975283,-0.6472775,-0.0505608,-0.3953810,0.6497301
gait_20260919_222211_andrew_fast_1,andrew_fast_1,2513569459589313,2026-09-19T22:22:12.583818Z,7.4952731,-7.8366709,1.1204116,-0.3839891,-0.8229860,2.2388344,5.3720584,-8.0091190,1.7975283,-0.6472775,-0.0505608,-0.3953810,0.6497301
gait_20260919_222211_andrew_fast_1,andrew_fast_1,2513569469673174,2026-09-19T22:22:12.594169Z,6.1949220,-6.0307698,1.9818753,-0.3839891,-0.8229860,2.2388344,5.1035566,-8.2246113,1.5954930,-0.6559420,-0.0422014,-0.3773905,0.6523310
gait_20260919_222211_andrew_fast_1,andrew_fast_1,2513569479757810,2026-09-19T22:22:12.603832Z,5.7234888,-4.9177651,1.9918262,-1.1194088,-0.9421946,1.3262004,5.1035566,-8.2246113,1.5954930,-0.6559420,-0.0422014,-0.3773905,0.6523310
gait_20260919_222211_andrew_fast_1,andrew_fast_1,2513569489819334,2026-09-19T22:22:12.613727Z,5.3683238,-4.4420671,1.6273838,-1.1194088,-0.9421946,1.3262004,4.9217396,-8.3851376,1.3046361,-0.6676559,-0.0344627,-0.3645555,0.6481876
gait_20260919_222211_andrew_fast_1,andrew_fast_1,2513569499927936,2026-09-19T22:22:12.624231Z,5.1422215,-4.3653779,1.2283751,-1.1464548,-0.0096426,1.5215840,4.9217396,-8.3851376,1.3046361,-0.6676559,-0.0344627,-0.3645555,0.6481876
gait_20260919_222211_andrew_fast_1,andrew_fast_1,2513569510011390,2026-09-19T22:22:12.634151Z,4.7137341,-4.2149920,0.7574655,-1.1464548,-0.0096426,1.5215840,4.6520128,-8.5632458,1.1250401,-0.6749574,-0.0179973,-0.3564900,0.6457736
gait_20260919_222211_andrew_fast_1,andrew_fast_1,2513569520094154,2026-09-19T22:22:12.644993Z,4.3644052,-3.9402575,0.2479495,-1.0992743,0.6293178,1.7820511,4.6520128,-8.5632458,1.1250401,-0.6749574,-0.0179973,-0.3564900,0.6457736
gait_20260919_222211_andrew_fast_1,andrew_fast_1,2513569530179278,2026-09-19T22:22:12.654967Z,4.1129394,-3.5740943,0.0401777,-1.0992743,0.6293178,1.7820511,4.3186707,-8.7514811,0.9983835,-0.6796750,0.0036450,-0.3501934,0.6445101
gait_20260919_222211_andrew_fast_1,andrew_fast_1,2513569540241860,2026-09-19T22:22:12.665146Z,3.8983588,-3.4492216,-0.1463456,-1.1010729,0.6105155,2.0717623,4.3186707,-8.7514811,0.9983835,-0.6796750,0.0036450,-0.3501934,0.6445101
gait_20260919_222211_andrew_fast_1,andrew_fast_1,2513569550329790,2026-09-19T22:22:12.675958Z,3.7942860,-3.9524529,-0.2893243,-1.1010729,0.6105155,2.0717623,3.9312453,-8.9475880,0.8497624,-0.6844772,0.0264909,-0.3409652,0.6438417
gait_20260919_222211_andrew_fast_1,andrew_fast_1,2513569560431272,2026-09-19T22:22:12.684468Z,4.3348517,-5.3796215,-0.2952350,-1.1047368,0.2355029,2.2883797,3.9312453,-8.9475880,0.8497624,-0.6844772,0.0264909,-0.3409652,0.6438417
gait_20260919_222211_andrew_fast_1,andrew_fast_1,2513569570537677,2026-09-19T22:22:12.695274Z,5.1860652,-7.0778589,-0.3485808,-1.1047368,0.2355029,2.2883797,3.5064158,-9.1382370,0.6586276,-0.6902716,0.0478234,-0.3270542,0.6436409
gait_20260919_222211_andrew_fast_1,andrew_fast_1,2513569580599892,2026-09-19T22:22:12.704844Z,6.0642138,-8.7890396,-0.3334674,-1.0907475,-0.4050729,2.3260343,3.5064158,-9.1382370,0.6586276,-0.6902716,0.0478234,-0.3270542,0.6436409
gait_20260919_222211_andrew_fast_1,andrew_fast_1,2513569590683632,2026-09-19T22:22:12.715437Z,6.6572275,-10.0778685,-0.4775684,-1.0907475,-0.4050729,2.3260343,3.2218854,-9.2578554,0.3843293,-0.6987554,0.0605171,-0.3119456,0.6409123
gait_20260919_222211_andrew_fast_1,andrew_fast_1,2513569600768918,2026-09-19T22:22:12.725756Z,6.9644337,-10.7064209,-0.7018752,-1.1360627,-1.0050132,1.7358532,3.2218854,-9.2578554,0.3843293,-0.6987554,0.0605171,-0.3119456,0.6409123
gait_20260919_222211_andrew_fast_1,andrew_fast_1,2513569610852577,2026-09-19T22:22:12.735472Z,6.7731218,-11.7419138,-0.5434090,-1.1360627,-1.0050132,1.7358532,2.9337218,-9.3605461,0.0978463,-0.7085394,0.0686192,-0.2937778,0.6379326
gait_20260919_222211_andrew_fast_1,andrew_fast_1,2513569620937050,2026-09-19T22:22:12.745273Z,5.8521023,-12.6196871,-0.1816601,-1.3281989,-1.5657668,0.4000435,2.9337218,-9.3605461,0.0978463,-0.7085394,0.0686192,-0.2937778,0.6379326
gait_20260919_222211_andrew_fast_1,andrew_fast_1,2513569631020790,2026-09-19T22:22:12.755596Z,4.4195466,-13.6720886,0.2611924,-1.3281989,-1.5657668,0.4000435,2.9084320,-9.3654175,-0.2571245,-0.7219049,0.0634571,-0.2806816,0.6293206
gait_20260919_222211_andrew_fast_1,andrew_fast_1,2513569641105141,2026-09-19T22:22:12.765642Z,3.4740615,-14.7236671,0.3820248,-1.4319860,-1.7550385,-0.8514642,2.9084320,-9.3654175,-0.2571245,-0.7219049,0.0634571,-0.2806816,0.6293206
gait_20260919_222211_andrew_fast_1,andrew_fast_1,2513569651190997,2026-09-19T22:22:12.775365Z,2.7272203,-15.4337721,0.9134628,-1.4319860,-1.7550385,-0.8514642,3.0857258,-9.2906761,-0.6306664,-0.7362748,0.0495521,-0.2739854,0.6167463
gait_20260919_222211_andrew_fast_1,andrew_fast_1,2513569661305377,2026-09-19T22:22:12.786529Z,1.9877859,-15.4143190,1.9003977,-1.0898981,-1.4262238,-1.1054862,3.0857258,-9.2906761,-0.6306664,-0.7362748,0.0495521,-0.2739854,0.6167463
gait_20260919_222211_andrew_fast_1,andrew_fast_1,2513569671358192,2026-09-19T22:22:12.795964Z,1.4685434,-13.9994211,1.7889924,-1.0898981,-1.4262238,-1.1054862,3.2722704,-9.2050800,-0.8915677,-0.7461271,0.0371523,-0.2717393,0.6066892
gait_20260919_222211_andrew_fast_1,andrew_fast_1,2513569681441892,2026-09-19T22:22:12.805992Z,1.1337293,-12.1742163,1.2909236,0.0045632,0.3344770,-0.8021187,3.2722704,-9.2050800,-0.8915677,-0.7461271,0.0371523,-0.2717393,0.6066892
gait_20260919_222211_andrew_fast_1,andrew_fast_1,2513569691526487,2026-09-19T22:22:12.815578Z,1.0075099,-10.9798088,0.6642413,0.0045632,0.3344770,-0.8021187,3.4198449,-9.1593857,-0.8040378,-0.7430778,0.0361365,-0.2821998,0.6057168
gait_20260919_222211_andrew_fast_1,andrew_fast_1,2513569701610350,2026-09-19T22:22:12.829310Z,1.0091560,-10.7153997,0.3005471,0.8480002,1.8249183,-0.4661095,3.4198449,-9.1593857,-0.8040378,-0.7430778,0.0361365,-0.2821998,0.6057168
gait_20260919_222211_andrew_fast_1,andrew_fast_1,2513569711695106,2026-09-19T22:22:12.836460Z,1.1886463,-10.6440220,0.0992097,0.8480002,1.8249183,-0.4661095,3.5190363,-9.1443987,-0.4821486,-0.7312520,0.0436083,-0.3007718,0.6106597
gait_20260919_222211_andrew_fast_1,andrew_fast_1,2513569721775266,2026-09-19T22:22:12.846007Z,1.3564649,-10.6527758,-0.1485901,1.1352468,2.0647011,-0.1303168,3.5190363,-9.1443987,-0.4821486,-0.7312520,0.0436083,-0.3007718,0.6106597
gait_20260919_222211_andrew_fast_1,andrew_fast_1,2513569731863442,2026-09-19T22:22:12.855923Z,1.5524901,-10.6004772,-0.3317466,1.1352468,2.0647011,-0.1303168,3.5418785,-9.1475182,-0.1188678,-0.7175355,0.0530812,-0.3173949,0.6177263
gait_20260919_222211_andrew_fast_1,andrew_fast_1,2513569741948851,2026-09-19T22:22:12.866433Z,1.7905636,-10.4741087,-0.5505167,1.2312565,1.5611537,0.2379510,3.5418785,-9.1475182,-0.1188678,-0.7175355,0.0530812,-0.3173949,0.6177263
gait_20260919_222211_andrew_fast_1,andrew_fast_1,2513569752032631,2026-09-19T22:22:12.876153Z,1.9658641,-10.2783079,-0.6706758,1.2312565,1.5611537,0.2379510,3.4813473,-9.1690340,0.2125431,-0.7048006,0.0612694,-0.3271987,0.6264529
gait_20260919_222211_andrew_fast_1,andrew_fast_1,2513569762094155,2026-09-19T22:22:12.891624Z,2.0521302,-9.9844198,-0.7028478,1.2104890,0.7671121,0.5727777,3.4813473,-9.1690340,0.2125431,-0.7048006,0.0612694,-0.3271987,0.6264529
gait_20260919_222211_andrew_fast_1,andrew_fast_1,2513569772180540,2026-09-19T22:22:12.896159Z,2.1343560,-9.6784859,-0.6741922,1.2104890,0.7671121,0.5727777,3.3469493,-9.2095566,0.4670152,-0.6948707,0.0671627,-0.3284563,0.6362079
gait_20260919_222211_andrew_fast_1,andrew_fast_1,2513569782265257,2026-09-19T22:22:12.908823Z,2.2618473,-9.2420673,-0.4782418,1.0558243,0.0961930,0.8355930,3.3469493,-9.2095566,0.4670152,-0.6948707,0.0671627,-0.3284563,0.6362079
gait_20260919_222211_andrew_fast_1,andrew_fast_1,2513569792346555,2026-09-19T22:22:12.924047Z,2.5796027,-8.7036715,-0.1850269,1.0558243,0.0961930,0.8355930,3.0486670,-9.3116112,0.4854155,-0.6916639,0.0778295,-0.3165141,0.6444862
gait_20260919_222211_andrew_fast_1,andrew_fast_1,2513569802437864,2026-09-19T22:22:12.928290Z,2.7950809,-8.3240404,-0.0038906,0.7653468,-0.1395764,1.0813380,2.8943579,-9.3551359,0.5833164,-0.6888121,0.0808521,-0.3137127,0.6485254
gait_20260919_222211_andrew_fast_1,andrew_fast_1,2513569812514809,2026-09-19T22:22:12.937070Z,2.9869163,-8.1138744,0.2233341,0.7653468,-0.1395764,1.0813380,2.7878292,-9.3845043,0.6286463,-0.6865571,0.0833931,-0.3097003,0.6525111
gait_20260919_222211_andrew_fast_1,andrew_fast_1,2513569822626056,2026-09-19T22:22:12.947585Z,2.9865422,-8.4986677,0.3904793,0.4132667,-0.0897812,1.0869170,2.6867752,-9.4118557,0.6590479,-0.6846930,0.0872282,-0.3068342,0.6553164
gait_20260919_222211_andrew_fast_1,andrew_fast_1,2513569832698687,2026-09-19T22:22:12.959074Z,3.0707133,-9.2220907,0.4725555,0.4132667,-0.0897812,1.0869170,2.5843334,-9.4394007,0.6745793,-0.6834608,0.0902265,-0.3031743,0.6578950
gait_20260919_222211_andrew_fast_1,andrew_fast_1,2513569842791217,2026-09-19T22:22:12.966872Z,3.4673278,-9.8240080,0.4889409,0.1347467,-0.2417814,1.2139697,2.4672625,-9.4706202,0.6753476,-0.6825970,0.0945515,-0.2999081,0.6596791
gait_20260919_222211_andrew_fast_1,andrew_fast_1,2513569852874550,2026-09-19T22:22:12.977042Z,3.9940522,-10.0715837,0.5405658,0.1347467,-0.2417814,1.2139697,2.3275597,-9.5069437,0.6607599,-0.6824081,0.0979237,-0.2939937,0.6620408
gait_20260919_222211_andrew_fast_1,andrew_fast_1,2513569862961017,2026-09-19T22:22:12.987209Z,4.5915551,-9.9372835,0.6257097,-0.1263698,-0.5632350,1.6356466,2.1682191,-9.5466747,0.6292392,-0.6825729,0.1029630,-0.2878765,0.6637921
gait_20260919_222211_andrew_fast_1,andrew_fast_1,2513569873019895,2026-09-19T22:22:12.997307Z,5.0125604,-9.5929680,0.8038532,-0.1263698,-0.5632350,1.6356466,1.9985782,-9.5866861,0.5807380,-0.6834626,0.1072150,-0.2794822,0.6657880
gait_20260919_222211_andrew_fast_1,andrew_fast_1,2513569883104978,2026-09-19T22:22:13.008286Z,5.2426286,-9.2563581,0.9379285,-0.4580657,-0.7213972,1.7584192,1.8370825,-9.6226149,0.5162516,-0.6847578,0.1127064,-0.2718161,0.6667234
gait_20260919_222211_andrew_fast_1,andrew_fast_1,2513569893224648,2026-09-19T22:22:13.017241Z,5.3194671,-9.0843496,0.9976339,-0.4580657,-0.7213972,1.7584192,1.7037989,-9.6509867,0.4377674,-0.6868534,0.1164194,-0.2634478,0.6672888
gait_20260919_222211_andrew_fast_1,andrew_fast_1,2513569903318276,2026-09-19T22:22:13.027400Z,5.2727056,-9.0099049,0.9706243,-0.7638646,-0.8248513,1.2999039,1.6120790,-9.6704121,0.3470381,-0.6893882,0.1200826,-0.2572405,0.6664469
gait_20260919_222211_andrew_fast_1,andrew_fast_1,2513569913401528,2026-09-19T22:22:13.037848Z,5.0974798,-9.0218010,0.8349779,-0.7638646,-0.8248513,1.2999039,1.5750160,-9.6795988,0.2466204,-0.6927822,0.1208328,-0.2512668,0.6650695
gait_20260919_222211_andrew_fast_1,andrew_fast_1,2513569923467242,2026-09-19T22:22:13.047929Z,4.7226377,-9.0768671,0.5710919,-1.0128905,-0.9382644,0.5110750,1.6061808,-9.6766291,0.1384593,-0.6966301,0.1206571,-0.2481513,0.6622456
gait_20260919_222211_andrew_fast_1,andrew_fast_1,2513569933549884,2026-09-19T22:22:13.058254Z,4.2267385,-9.1520605,0.3957166,-1.0128905,-0.9382644,0.5110750,1.7650629,-9.6498661,0.0272176,-0.7012343,0.1159786,-0.2467108,0.6587513
gait_20260919_222211_andrew_fast_1,andrew_fast_1,2513569943610065,2026-09-19T22:22:13.067809Z,3.6270659,-9.5772552,1.9452140,-1.1884726,-1.0417517,-0.2565034,1.9364042,-9.6167345,-0.0699710,-0.7057956,0.1077234,-0.2505549,0.6538122
gait_20260919_222211_andrew_fast_1,andrew_fast_1,2513569953720580,2026-09-19T22:22:13.078354Z,3.1361797,-9.5901241,2.3741503,-1.1884726,-1.0417517,-0.2565034,1.9962460,-9.6032829,-0.1676140,-0.7104096,0.1032600,-0.2494549,0.6499444
gait_20260919_222211_andrew_fast_1,andrew_fast_1,2513569963779010,2026-09-19T22:22:13.088184Z,2.8649616,-9.1543055,1.3243676,-0.3351932,0.5920630,-0.5317925,2.1928246,-9.5608463,0.1335552,-0.7110589,0.1026701,-0.2534059,0.6477960
gait_20260919_222211_andrew_fast_1,andrew_fast_1,2513569973891518,2026-09-19T22:22:13.098150Z,2.7531075,-8.7949505,0.2957587,-0.3351932,0.5920630,-0.5317925,2.2307694,-9.5497723,0.2482826,-0.6992049,0.1013422,-0.2687609,0.6546831
gait_20260919_222211_andrew_fast_1,andrew_fast_1,2513569983975218,2026-09-19T22:22:13.108203Z,2.8589761,-8.6361847,-0.3449895,0.7263933,2.7595687,-0.3378578,2.2489836,-9.5401192,0.4053560,-0.6928090,0.1083380,-0.2803261,0.6555120
gait_20260919_222211_andrew_fast_1,andrew_fast_1,2513569994056680,2026-09-19T22:22:13.119563Z,3.0680947,-8.6442652,-0.7466916,0.7263933,2.7595687,-0.3378578,2.2556868,-9.5307693,0.5589685,-0.6851690,0.1171105,-0.2930908,0.6564498
gait_20260919_222211_andrew_fast_1,andrew_fast_1,2513570004116127,2026-09-19T22:22:13.129848Z,3.3933320,-8.7086096,-1.0517279,0.7276091,3.2757232,-0.1434567,2.2658696,-9.5209312,0.6736614,-0.6779679,0.1264054,-0.3057356,0.6564351
gait_20260919_222211_andrew_fast_1,andrew_fast_1,2513570014235390,2026-09-19T22:22:13.138440Z,4.0378213,-8.5903206,-1.9727473,0.7276091,3.2757232,-0.1434567,2.3619816,-9.4993849,0.6471852,-0.6731179,0.1348564,-0.3177185,0.6540499
gait_20260919_222211_andrew_fast_1,andrew_fast_1,2513570024316852,2026-09-19T22:22:13.148888Z,5.2245970,-8.4015532,-4.9545760,0.5180697,2.9790339,-0.0789562,2.6109250,-9.4482517,0.3869525,-0.6840258,0.1362445,-0.3301238,0.6360538
gait_20260919_222211_andrew_fast_1,andrew_fast_1,2513570034394082,2026-09-19T22:22:13.158524Z,6.3064771,-8.2014132,-7.0780082,0.5180697,2.9790339,-0.0789562,2.6163456,-9.4417887,0.4934484,-0.6781319,0.1440165,-0.3404709,0.6351977
gait_20260919_222211_andrew_fast_1,andrew_fast_1,2513570044452228,2026-09-19T22:22:13.168765Z,6.5890675,-8.1354227,-5.7721210,0.1011392,2.2453794,-0.3600075,2.6491177,-9.4299450,0.5426190,-0.6733103,0.1510989,-0.3504765,0.6332366
gait_20260919_222211_andrew_fast_1,andrew_fast_1,2513570054566404,2026-09-19T22:22:13.179006Z,5.7350855,-8.5431852,-3.2329204,0.1011392,2.2453794,-0.3600075,2.7228649,-9.4097052,0.5287763,-0.6717436,0.1550329,-0.3581729,0.6296329
gait_20260919_222211_andrew_fast_1,andrew_fast_1,2513570064645018,2026-09-19T22:22:13.189350Z,4.3930607,-9.0387850,-0.9192986,-0.7610335,1.4607973,-1.1340643,2.8740008,-9.3689775,0.4455171,-0.6724952,0.1578970,-0.3665807,0.6232475
gait_20260919_222211_andrew_fast_1,andrew_fast_1,2513570074733601,2026-09-19T22:22:13.201259Z,3.1720929,-9.4001598,0.7062895,-0.7610335,1.4607973,-1.1340643,3.0279486,-9.3236818,0.3695885,-0.6756775,0.1580749,-0.3751843,0.6145804
gait_20260919_222211_andrew_fast_1,andrew_fast_1,2513570084815265,2026-09-19T22:22:13.212275Z,2.1951838,-9.6977139,1.8367268,-1.3055662,1.3603742,-1.6067687,3.1590219,-9.2820578,0.3164016,-0.6780480,0.1599153,-0.3847167,0.6055337
gait_20260919_222211_andrew_fast_1,andrew_fast_1,2513570094899616,2026-09-19T22:22:13.220214Z,2.1467760,-9.9528465,2.7760768,-1.3055662,1.3603742,-1.6067687,3.2738860,-9.2444153,0.2420131,-0.6789220,0.1625136,-0.3930158,0.5984922
gait_20260919_222211_andrew_fast_1,andrew_fast_1,2513570104985513,2026-09-19T22:22:13.229682Z,3.0974236,-10.4047518,3.2732477,-1.6329986,1.0286784,-1.2833833,3.3821104,-9.2077808,0.1192958,-0.6820726,0.1658005,-0.4006484,0.5888702
gait_20260919_222211_andrew_fast_1,andrew_fast_1,2513570115066364,2026-09-19T22:22:13.239257Z,4.3761516,-11.3637047,4.2131963,-1.6329986,1.0286784,-1.2833833,3.4619675,-9.1788292,-0.0020452,-0.6863415,0.1675367,-0.4045987,0.5806606
gait_20260919_222211_andrew_fast_1,andrew_fast_1,2513570125151569,2026-09-19T22:22:13.249609Z,5.7220674,-11.9757223,3.2899325,-0.9115182,0.9211608,-0.6390436,3.5098510,-9.1605711,-0.0319689,-0.6891295,0.1698888,-0.4081625,0.5741444
gait_20260919_222211_andrew_fast_1,andrew_fast_1,2513570135237303,2026-09-19T22:22:13.260836Z,7.2081933,-12.1861124,0.0458639,-0.9115182,0.9211608,-0.6390436,3.5248082,-9.1543951,0.0943934,-0.6862479,0.1737563,-0.4147460,0.5717152
gait_20260919_222211_andrew_fast_1,andrew_fast_1,2513570145320352,2026-09-19T22:22:13.271117Z,9.4673471,-12.2847233,-5.5267901,0.9071882,2.9965038,-0.1183760,3.5223906,-9.1498795,0.3295578,-0.6771883,0.1807740,-0.4265835,0.5716321
gait_20260919_222211_andrew_fast_1,andrew_fast_1,2513570155404377,2026-09-19T22:22:13.280209Z,10.6518030,-12.2541227,-8.5687733,0.9071882,2.9965038,-0.1183760,3.5203283,-9.1371803,0.5961119,-0.6649073,0.1886525,-0.4411574,0.5724409
gait_20260919_222211_andrew_fast_1,andrew_fast_1,2513570165488442,2026-09-19T22:22:13.290013Z,9.4945059,-11.8929729,-6.5494885,0.7997038,4.0889502,-0.4484563,3.5425138,-9.1124315,0.8064167,-0.6522316,0.1984454,-0.4582596,0.5702732
gait_20260919_222211_andrew_fast_1,andrew_fast_1,2513570175573607,2026-09-19T22:22:13.300008Z,6.9294930,-11.3075905,-1.7250972,0.7997038,4.0889502,-0.4484563,3.6060061,-9.0784559,0.9024918,-0.6436036,0.2057969,-0.4727674,0.5656086
gait_20260919_222211_andrew_fast_1,andrew_fast_1,2513570185641682,2026-09-19T22:22:13.310212Z,5.0291705,-10.7917147,1.4649521,-0.2235787,1.2974558,-1.0024985,3.7009397,-9.0416136,0.8879163,-0.6410094,0.2088909,-0.4819588,0.5596315
gait_20260919_222211_andrew_fast_1,andrew_fast_1,2513570195739989,2026-09-19T22:22:13.321208Z,4.5242929,-10.4379711,1.8722657,-0.2235787,1.2974558,-1.0024985,3.8027489,-9.0080042,0.7943929,-0.6444784,0.2053294,-0.4830661,0.5559989
gait_20260919_222211_andrew_fast_1,andrew_fast_1,2513570205836627,2026-09-19T22:22:13.331956Z,5.2887168,-10.1842604,0.4626047,-0.4249410,-2.0469980,-0.8578926,3.8958116,-8.9796324,0.6519085,-0.6514409,0.1985407,-0.4790910,0.5537853
gait_20260919_222211_andrew_fast_1,andrew_fast_1,2513570215915241,2026-09-19T22:22:13.340403Z,6.1973162,-9.9170828,-0.1342998,-0.4249410,-2.0469980,-0.8578926,3.9767866,-8.9543810,0.4902255,-0.6604427,0.1890270,-0.4710635,0.5533384
gait_20260919_222211_andrew_fast_1,andrew_fast_1,2513570225999551,2026-09-19T22:22:13.351140Z,6.2801409,-9.3911810,1.0319009,-0.5874332,-2.0626528,-0.7158182,4.0491505,-8.9282513,0.3561330,-0.6684223,0.1819679,-0.4647908,0.5514243
gait_20260919_222211_andrew_fast_1,andrew_fast_1,2513570236075398,2026-09-19T22:22:13.361290Z,5.7496753,-8.5585976,2.1413140,-0.5874332,-2.0626528,-0.7158182,4.1201549,-8.8983860,0.2813573,-0.6736313,0.1776159,-0.4621839,0.5486890
gait_20260919_222211_andrew_fast_1,andrew_fast_1,2513570246161375,2026-09-19T22:22:13.370536Z,5.2418056,-7.8470707,2.6904840,-0.4124506,-0.2007462,-0.8100460,4.2931352,-8.8087997,0.4584029,-0.6750781,0.1760262,-0.4651877,0.5448714
gait_20260919_222211_andrew_fast_1,andrew_fast_1,2513570256232746,2026-09-19T22:22:13.380407Z,4.8899326,-7.1095071,2.4506898,-0.4124506,-0.2007462,-0.8100460,4.4183049,-8.7400427,0.5712723,-0.6670479,0.1671513,-0.4786856,0.5458642
gait_20260919_222211_andrew_fast_1,andrew_fast_1,2513570266307168,2026-09-19T22:22:13.390902Z,4.5041666,-6.4017959,1.3449428,0.0828698,0.1397762,-0.9096529,4.4994812,-8.6968937,0.5956753,-0.6668916,0.1642957,-0.4822911,0.5437443
gait_20260919_222211_andrew_fast_1,andrew_fast_1,2513570276412068,2026-09-19T22:22:13.401080Z,4.6876225,-5.9585695,-0.0707038,0.0828698,0.1397762,-0.9096529,4.5767455,-8.6531210,0.6426662,-0.6662524,0.1614227,-0.4860829,0.5420093
gait_20260919_222211_andrew_fast_1,andrew_fast_1,2513570286475543,2026-09-19T22:22:13.411414Z,5.3927898,-5.9550529,-1.0791116,0.4813645,0.5531428,-0.8455520,4.6456599,-8.6101513,0.7205869,-0.6645805,0.1584642,-0.4902495,0.5411814
gait_20260919_222211_andrew_fast_1,andrew_fast_1,2513570296581012,2026-09-19T22:22:13.421059Z,6.0818710,-6.0403466,-1.9500024,0.4813645,0.5531428,-0.8455520,4.7103758,-8.5660019,0.8198144,-0.6614558,0.1567293,-0.4959857,0.5402874
gait_20260919_222211_andrew_fast_1,andrew_fast_1,2513570306643106,2026-09-19T22:22:13.431044Z,6.5192614,-6.1961193,-2.5405474,0.5442496,1.0234158,-0.8849552,4.7983632,-8.5097237,0.8924251,-0.6579251,0.1553961,-0.5024877,0.5389738
gait_20260919_222211_andrew_fast_1,andrew_fast_1,2513570316749877,2026-09-19T22:22:13.440850Z,6.6295447,-6.4725747,-2.3877673,0.5442496,1.0234158,-0.8849552,5.0434341,-8.3832083,0.7222965,-0.6594373,0.1520165,-0.5082090,0.5326885
gait_20260919_222211_andrew_fast_1,andrew_fast_1,2513570326811888,2026-09-19T22:22:13.451773Z,6.2180409,-6.8510079,-1.6675615,0.2126371,0.1284016,-1.1003234,5.2635808,-8.2603235,0.5458055,-0.6696423,0.1435659,-0.5102046,0.5202492
gait_20260919_222211_andrew_fast_1,andrew_fast_1,2513570336921507,2026-09-19T22:22:13.462193Z,5.3508162,-7.3249855,-1.0670657,0.2126371,0.1284016,-1.1003234,5.3825612,-8.1884422,0.4621322,-0.6743425,0.1382076,-0.5119769,0.5138488
gait_20260919_222211_andrew_fast_1,andrew_fast_1,2513570347006672,2026-09-19T22:22:13.471452Z,4.6025534,-7.5088897,-0.5232079,-0.2526231,-1.3193723,-1.2458620,5.4937010,-8.1201563,0.3441224,-0.6795599,0.1310307,-0.5103615,0.5104512
gait_20260919_222211_andrew_fast_1,andrew_fast_1,2513570357086262,2026-09-19T22:22:13.481238Z,4.0336313,-7.4180598,0.1834557,-0.2526231,-1.3193723,-1.2458620,5.5990543,-8.0525455,0.2078377,-0.6855357,0.1249733,-0.5086233,0.5056925
gait_20260919_222211_andrew_fast_1,andrew_fast_1,2513570367171222,2026-09-19T22:22:13.491534Z,3.5289037,-7.0555630,0.5353285,-0.4946376,-1.4990180,-1.1956837,5.6958728,-7.9866514,0.0809161,-0.6917752,0.1180063,-0.5057062,0.5017796
gait_20260919_222211_andrew_fast_1,andrew_fast_1,2513570377232665,2026-09-19T22:22:13.501676Z,3.1141829,-6.5706620,0.2532617,-0.4946376,-1.4990180,-1.1956837,5.7836227,-7.9237332,-0.0173696,-0.6966488,0.1136881,-0.5049831,0.4967369
gait_20260919_222211_andrew_fast_1,andrew_fast_1,2513570387339517,2026-09-19T22:22:13.511755Z,3.0443022,-6.0160303,-0.3096002,-0.3143258,-0.8285651,-1.0327419,5.8615303,-7.8659000,-0.0786610,-0.7004046,0.1086586,-0.5042213,0.4933433
gait_20260919_222211_andrew_fast_1,andrew_fast_1,2513570397422891,2026-09-19T22:22:13.521647Z,3.1682022,-5.6987238,-0.9745897,-0.3143258,-0.8285651,-1.0327419,5.9305134,-7.8136911,-0.1064847,-0.7023751,0.1058840,-0.5056175,0.4897028
gait_20260919_222211_andrew_fast_1,andrew_fast_1,2513570407507974,2026-09-19T22:22:13.532187Z,3.6885669,-5.7109194,-1.5870564,-0.1022217,-0.1158279,-0.8201215,5.9911022,-7.7672520,-0.1122528,-0.7033629,0.1029065,-0.5071488,0.4873304
gait_20260919_222211_andrew_fast_1,andrew_fast_1,2513570417592528,2026-09-19T22:22:13.541981Z,4.7102923,-5.8352680,-1.9818753,-0.1022217,-0.1158279,-0.8201215,6.0425024,-7.7273593,-0.1104650,-0.7034584,0.1020313,-0.5100988,0.4842884
gait_20260919_222211_andrew_fast_1,andrew_fast_1,2513570427676919,2026-09-19T22:22:13.551990Z,5.8700590,-5.9790697,-1.9111716,-0.1073178,0.1520168,-0.5768580,6.0841169,-7.6946497,-0.1095707,-0.7035841,0.1006111,-0.5120844,0.4823033
gait_20260919_222211_andrew_fast_1,andrew_fast_1,2513570437760782,2026-09-19T22:22:13.562390Z,6.9686980,-6.1102271,-1.6072575,-0.1073178,0.1520168,-0.5768580,6.1262546,-7.6609206,-0.1240858,-0.7034687,0.1013476,-0.5149524,0.4792541
gait_20260919_222211_andrew_fast_1,andrew_fast_1,2513570447844278,2026-09-19T22:22:13.572272Z,7.8451257,-6.2309847,-1.3508534,-0.1216568,0.1124305,-0.3698333,6.2892690,-7.5245929,-0.2484467,-0.7072875,0.0972343,-0.5164470,0.4728345
gait_20260919_222211_andrew_fast_1,andrew_fast_1,2513570457930296,2026-09-19T22:22:13.582214Z,8.4810104,-6.2225304,-1.3485341,-0.1216568,0.1124305,-0.3698333,6.3221850,-7.4966197,-0.2584727,-0.7090621,0.0957651,-0.5193185,0.4672990
gait_20260919_222211_andrew_fast_1,andrew_fast_1,2513570468013386,2026-09-19T22:22:13.593110Z,8.4807863,-6.0292730,-1.6768390,-0.0915798,0.0396196,-0.2283583,6.3399372,-7.4813857,-0.2648765,-0.7093077,0.0951323,-0.5200717,0.4662166
gait_20260919_222211_andrew_fast_1,andrew_fast_1,2513570478097737,2026-09-19T22:22:13.602841Z,8.0712280,-5.7753382,-2.1924901,-0.0915798,0.0396196,-0.2283583,6.3755307,-7.4494720,-0.3067204,-0.7095285,0.0965693,-0.5218617,0.4635776
gait_20260919_222211_andrew_fast_1,andrew_fast_1,2513570488182250,2026-09-19T22:22:13.612327Z,7.9344592,-5.8579383,-2.5624692,-0.2059588,-0.2159012,-0.0312261,6.4686551,-7.3605404,-0.4637608,-0.7136278,0.0935308,-0.5212548,0.4585640
gait_20260919_222211_andrew_fast_1,andrew_fast_1,2513570498244424,2026-09-19T22:22:13.622361Z,8.3512745,-6.3299699,-2.8321161,-0.2059588,-0.2159012,-0.0312261,6.4671707,-7.3563561,-0.5439118,-0.7179455,0.0934996,-0.5204475,0.4527103
gait_20260919_222211_andrew_fast_1,andrew_fast_1,2513570508350585,2026-09-19T22:22:13.632700Z,9.1614132,-7.1411557,-3.0779707,-0.3489493,-0.6805785,0.2452787,6.4415584,-7.3725228,-0.6231682,-0.7204245,0.0938245,-0.5173633,0.4522397
gait_20260919_222211_andrew_fast_1,andrew_fast_1,2513570518434936,2026-09-19T22:22:13.642793Z,10.3079357,-8.0713024,-3.0359225,-0.3489493,-0.6805785,0.2452787,6.4115019,-7.3897882,-0.7209535,-0.7232284,0.0958140,-0.5144790,0.4506350
gait_20260919_222211_andrew_fast_1,andrew_fast_1,2513570528518920,2026-09-19T22:22:13.653040Z,11.5178308,-8.8382702,-2.0847511,-0.3696001,-1.1628922,0.2824003,6.3816872,-7.4041271,-0.8301278,-0.7269924,0.0952044,-0.5093269,0.4505599
gait_20260919_222211_andrew_fast_1,andrew_fast_1,2513570538603718,2026-09-19T22:22:13.663414Z,12.5407534,-9.3122473,-0.4783914,-0.3696001,-1.1628922,0.2824003,6.3564172,-7.4131613,-0.9365439,-0.7306056,0.0963781,-0.5054592,0.4488182
gait_20260919_222211_andrew_fast_1,andrew_fast_1,2513570548688231,2026-09-19T22:22:13.673057Z,13.0791502,-9.4491663,0.6954408,-0.2047265,-1.1541322,0.1089332,6.3413363,-7.4150462,-1.0201360,-0.7342204,0.0947393,-0.5005385,0.4487830
gait_20260919_222211_andrew_fast_1,andrew_fast_1,2513570558772419,2026-09-19T22:22:13.682986Z,12.6431808,-8.8549547,1.5735891,-0.2047265,-1.1541322,0.1089332,6.3431687,-7.4068270,-1.0673686,-0.7363915,0.0950517,-0.4986668,0.4472405
gait_20260919_222211_andrew_fast_1,andrew_fast_1,2513570568856485,2026-09-19T22:22:13.693476Z,10.8676558,-7.9791260,2.0254197,0.1700530,-0.5887821,-0.2539554,6.3640895,-7.3874059,-1.0773741,-0.7377269,0.0922625,-0.4969259,0.4475614
gait_20260919_222211_andrew_fast_1,andrew_fast_1,2513570578918130,2026-09-19T22:22:13.703446Z,9.6332197,-6.8950014,2.1931636,0.1700530,-0.5887821,-0.2539554,6.3965611,-7.3625569,-1.0549214,-0.7374566,0.0918854,-0.4987405,0.4460636
gait_20260919_222211_andrew_fast_1,andrew_fast_1,2513570589002237,2026-09-19T22:22:13.713208Z,8.7708588,-5.7680807,2.0128503,0.3156415,0.1937182,-0.3671020,6.4290605,-7.3411131,-1.0056633,-0.7364442,0.0898010,-0.5004837,0.4462084
gait_20260919_222211_andrew_fast_1,andrew_fast_1,2513570599108764,2026-09-19T22:22:13.723546Z,7.0795798,-5.1116204,1.1837083,0.3156415,0.1937182,-0.3671020,6.4966602,-7.2965817,-0.8884953,-0.7332571,0.0901485,-0.5064173,0.4446895
gait_20260919_222211_andrew_fast_1,andrew_fast_1,2513570609193400,2026-09-19T22:22:13.734003Z,3.8073044,-5.2565446,-0.9129390,0.4038572,0.6366122,-0.2364521,6.5186996,-7.2860317,-0.8101917,-0.7301045,0.0890758,-0.5108608,0.4450103
gait_20260919_222211_andrew_fast_1,andrew_fast_1,2513570619307453,2026-09-19T22:22:13.744056Z,0.0317232,-6.8239236,-5.4937949,0.4038572,0.6366122,-0.2364521,6.5216174,-7.2914524,-0.7344080,-0.7270209,0.0914146,-0.5154133,0.4443345
gait_20260919_222211_andrew_fast_1,andrew_fast_1,2513570629361815,2026-09-19T22:22:13.753786Z,-2.7281179,-10.1034565,-9.9723740,0.5740435,0.6986979,0.2460115,6.4826832,-7.3324552,-0.6678553,-0.7247945,0.0928071,-0.5164158,0.4465137
gait_20260919_222211_andrew_fast_1,andrew_fast_1,2513570639428995,2026-09-19T22:22:13.763727Z,-2.7711389,-12.7878056,-7.7902832,0.5740435,0.6986979,0.2460115,6.4227457,-7.3925223,-0.5788539,-0.7207630,0.0975711,-0.5196652,0.4482509
gait_20260919_222211_andrew_fast_1,andrew_fast_1,2513570649529825,2026-09-19T22:22:13.773961Z,-0.9864111,-12.9010811,-1.5293711,0.4872600,0.3631217,1.1356298,6.3213925,-7.4828959,-0.5314260,-0.7177167,0.1011803,-0.5190642,0.4530096
gait_20260919_222211_andrew_fast_1,andrew_fast_1,2513570659614826,2026-09-19T22:22:13.784101Z,1.3971664,-11.2873144,3.7368999,0.4872600,0.3631217,1.1356298,6.1846242,-7.5964651,-0.5294195,-0.7156863,0.1089247,-0.5174823,0.4562245
gait_20260919_222211_andrew_fast_1,andrew_fast_1,2513570669676757,2026-09-19T22:22:13.794350Z,3.2399535,-9.6561899,5.0400939,0.0146887,-0.3228360,1.8426713,6.0286899,-7.7187176,-0.5589594,-0.7152377,0.1153110,-0.5121565,0.4613395
gait_20260919_222211_andrew_fast_1,andrew_fast_1,2513570679782429,2026-09-19T22:22:13.804150Z,3.1513679,-9.0111017,3.4347067,0.0146887,-0.3228360,1.8426713,5.8704967,-7.8372474,-0.5923990,-0.7152528,0.1234091,-0.5069075,0.4650038
gait_20260919_222211_andrew_fast_1,andrew_fast_1,2513570689868733,2026-09-19T22:22:13.814414Z,1.8222120,-9.8524389,0.9938182,0.0590714,-0.6920364,1.6606774,5.2900348,-8.2599087,-0.1598222,-0.7017638,0.1364386,-0.5016729,0.4870690
gait_20260919_222211_andrew_fast_1,andrew_fast_1,2513570699953571,2026-09-19T22:22:13.824151Z,0.8375217,-11.4622402,0.4626795,0.0590714,-0.6920364,1.6606774,5.1607485,-8.3415375,-0.1467805,-0.6962441,0.1504375,-0.4941375,0.4984384
gait_20260919_222211_andrew_fast_1,andrew_fast_1,2513570710034871,2026-09-19T22:22:13.834888Z,0.1526304,-12.5643215,0.8960300,-0.0729774,0.9645275,1.2125041,5.0640469,-8.4014368,-0.0859555,-0.6934440,0.1568110,-0.4937252,0.5007806
gait_20260919_222211_andrew_fast_1,andrew_fast_1,2513570720118163,2026-09-19T22:22:13.845151Z,-0.1807622,-13.3026333,1.1599159,-0.0729774,0.9645275,1.2125041,4.9702201,-8.4577198,-0.0042433,-0.6880816,0.1675538,-0.4983077,0.5001587
gait_20260919_222211_andrew_fast_1,andrew_fast_1,2513570730212565,2026-09-19T22:22:13.854421Z,-0.2894740,-14.2849293,1.5052047,-0.4027914,2.0734944,1.1290182,4.8701253,-8.5154886,0.0665507,-0.6824659,0.1779228,-0.5027421,0.4998341
gait_20260919_222211_andrew_fast_1,andrew_fast_1,2513570740298135,2026-09-19T22:22:13.864826Z,-0.1907131,-15.1203566,1.8198925,-0.4027914,2.0734944,1.1290182,4.7590632,-8.5775595,0.1135860,-0.6766455,0.1909516,-0.5081104,0.4975060
gait_20260919_222211_andrew_fast_1,andrew_fast_1,2513570750372965,2026-09-19T22:22:13.875250Z,0.0988356,-15.4345207,2.0394108,-0.7166175,1.9402798,1.3226864,4.6350970,-8.6448402,0.1368499,-0.6719416,0.2023923,-0.5109448,0.4964549
gait_20260919_222211_andrew_fast_1,andrew_fast_1,2513570760457356,2026-09-19T22:22:13.885022Z,0.4381389,-15.1032228,2.1900959,-0.7166175,1.9402798,1.3226864,4.4991016,-8.7163458,0.1397528,-0.6672970,0.2155854,-0.5136791,0.4943394
gait_20260919_222211_andrew_fast_1,andrew_fast_1,2513570770541300,2026-09-19T22:22:13.894918Z,0.9595512,-13.9443541,2.0994155,-0.7372351,1.2562706,1.5706464,4.3523507,-8.7907524,0.1259023,-0.6639354,0.2262481,-0.5133994,0.4943912
gait_20260919_222211_andrew_fast_1,andrew_fast_1,2513570780624796,2026-09-19T22:22:13.905168Z,1.5180736,-12.4915981,1.8755578,-0.7372351,1.2562706,1.5706464,4.1954141,-8.8671074,0.0949945,-0.6607456,0.2377111,-0.5126376,0.4940764
gait_20260919_222211_andrew_fast_1,andrew_fast_1,2513570790710164,2026-09-19T22:22:13.915238Z,2.1271734,-11.2049389,1.8630630,-0.5491126,0.0602538,1.8115451,4.0268559,-8.9453201,0.0423389,-0.6594414,0.2456222,-0.5080431,0.4966880
gait_20260919_222211_andrew_fast_1,andrew_fast_1,2513570800794230,2026-09-19T22:22:13.925414Z,2.4869022,-10.0165920,1.8507179,-0.5491126,0.0602538,1.8115451,3.8457990,-9.0246916,-0.0295843,-0.6587929,0.2538484,-0.5022677,0.4992797
gait_20260919_222211_andrew_fast_1,andrew_fast_1,2513570810856120,2026-09-19T22:22:13.936103Z,2.6111014,-8.8839846,1.9274071,-0.3172402,-1.3414221,2.0350239,3.5857024,-9.1311569,0.0289741,-0.6588126,0.2585827,-0.4926732,0.5063338
gait_20260919_222211_andrew_fast_1,andrew_fast_1,2513570820965901,2026-09-19T22:22:13.945273Z,2.6648960,-7.8264956,2.0150199,-0.3172402,-1.3414221,2.0350239,3.3840077,-9.2077360,-0.0469300,-0.6560954,0.2632828,-0.4834939,0.5161924
gait_20260919_222211_andrew_fast_1,andrew_fast_1,2513570831046711,2026-09-19T22:22:13.956166Z,2.7623103,-6.9656305,1.9987096,0.1252873,-2.2921603,2.2272432,3.1705184,-9.2829285,-0.1056820,-0.6585451,0.2642829,-0.4700302,0.5249234
gait_20260919_222211_andrew_fast_1,andrew_fast_1,2513570841108235,2026-09-19T22:22:13.966121Z,3.0481927,-6.2335286,1.8257284,0.1252873,-2.2921603,2.2272432,2.9481401,-9.3556681,-0.1267399,-0.6594286,0.2662849,-0.4576550,0.5336650
gait_20260919_222211_andrew_fast_1,andrew_fast_1,2513570851224406,2026-09-19T22:22:13.975835Z,3.3078890,-5.7069540,1.4465468,0.7688109,-2.2501757,2.3447700,2.7236381,-9.4237614,-0.1032459,-0.6595481,0.2660521,-0.4444947,0.5446441
gait_20260919_222211_andrew_fast_1,andrew_fast_1,2513570861303791,2026-09-19T22:22:13.986805Z,3.4112885,-5.3634605,1.0487351,0.7688109,-2.2501757,2.3447700,2.5053349,-9.4846029,-0.0415352,-0.6572796,0.2676209,-0.4342078,0.5548208
gait_20260919_222211_andrew_fast_1,andrew_fast_1,2513570871384114,2026-09-19T22:22:13.996172Z,3.4079964,-5.1408000,0.8788965,1.2015625,-1.6688045,2.1825941,2.3023789,-9.5358934,0.0437837,-0.6545174,0.2673863,-0.4240240,0.5659641
gait_20260919_222211_andrew_fast_1,andrew_fast_1,2513570881468790,2026-09-19T22:22:14.006519Z,3.1982794,-4.9774704,0.8160487,1.2015625,-1.6688045,2.1825941,2.1177490,-9.5776472,0.1411838,-0.6503023,0.2689747,-0.4167921,0.5753641
gait_20260919_222211_andrew_fast_1,andrew_fast_1,2513570891552938,2026-09-19T22:22:14.016268Z,3.0760255,-4.9689412,0.8346786,1.2617664,-1.1278524,1.8293648,1.9521816,-9.6107216,0.2432111,-0.6463896,0.2689689,-0.4094813,0.5849455
gait_20260919_222211_andrew_fast_1,andrew_fast_1,2513570901637003,2026-09-19T22:22:14.026498Z,3.0886698,-5.0546837,0.9095722,1.2617664,-1.1278524,1.8293648,1.8032444,-9.6366034,0.3468574,-0.6416568,0.2706569,-0.4047809,0.5925992
gait_20260919_222211_andrew_fast_1,andrew_fast_1,2513570911720621,2026-09-19T22:22:14.036436Z,3.0848541,-5.2621560,0.8895208,1.2441800,-0.9351334,1.5032647,1.6691569,-9.6563549,0.4526068,-0.6376911,0.2702436,-0.3990966,0.6008664
gait_20260919_222211_andrew_fast_1,andrew_fast_1,2513570921810465,2026-09-19T22:22:14.046096Z,3.0300119,-5.6755300,0.8809166,1.2441800,-0.9351334,1.5032647,1.5493478,-9.6705465,0.5622882,-0.6331871,0.2708025,-0.3952233,0.6078970
gait_20260919_222211_andrew_fast_1,andrew_fast_1,2513570931892252,2026-09-19T22:22:14.056995Z,2.7775733,-6.4381580,0.7921815,1.3337113,-1.0575730,1.2353201,1.4426879,-9.6795778,0.6786216,-0.6295019,0.2688544,-0.3899245,0.6159574
gait_20260919_222211_andrew_fast_1,andrew_fast_1,2513570941978881,2026-09-19T22:22:14.067151Z,2.5183260,-7.1876178,0.6828712,1.3337113,-1.0575730,1.2353201,1.3445580,-9.6841993,0.8028626,-0.6250927,0.2678397,-0.3864129,0.6230619
gait_20260919_222211_andrew_fast_1,andrew_fast_1,2513570952058308,2026-09-19T22:22:14.077183Z,2.5570073,-7.6711717,0.4319290,1.4472244,-0.9717221,1.1085006,1.2475728,-9.6854467,0.9337066,-0.6210158,0.2652146,-0.3817579,0.6310796
gait_20260919_222211_andrew_fast_1,andrew_fast_1,2513570962143595,2026-09-19T22:22:14.087102Z,2.5646389,-7.8619599,0.2198925,1.4472244,-0.9717221,1.1085006,1.1510532,-9.6836090,1.0672046,-0.6158522,0.2645386,-0.3791347,0.6379674
gait_20260919_222211_andrew_fast_1,andrew_fast_1,2513570972215902,2026-09-19T22:22:14.097321Z,2.7344775,-7.7871408,-0.0574608,1.4397634,-0.9202948,1.1084507,1.0547140,-9.6795340,1.1959537,-0.6113917,0.2622433,-0.3747973,0.6457211
gait_20260919_222211_andrew_fast_1,andrew_fast_1,2513570982311319,2026-09-19T22:22:14.108291Z,2.9287820,-7.7525749,-0.2558803,1.4397634,-0.9202948,1.1084507,0.9617884,-9.6741066,1.3125389,-0.6065852,0.2614293,-0.3716678,0.6523589
gait_20260919_222211_andrew_fast_1,andrew_fast_1,2513570992396402,2026-09-19T22:22:14.116931Z,3.0190883,-7.8879218,-0.0740706,1.1945679,-1.0986081,1.0821707,0.8748175,-9.6683779,1.4118360,-0.6031824,0.2588277,-0.3663971,0.6594941
gait_20260919_222211_andrew_fast_1,andrew_fast_1,2513571002457275,2026-09-19T22:22:14.126661Z,3.1888523,-8.4337997,0.3269582,1.1945679,-1.0986081,1.0821707,0.7943835,-9.6627731,1.4952970,-0.5998759,0.2576408,-0.3623575,0.6651822
gait_20260919_222211_andrew_fast_1,andrew_fast_1,2513571012565185,2026-09-19T22:22:14.137072Z,3.4635119,-9.2288990,0.5588216,0.9049565,-0.9050731,0.9887090,0.9760683,-9.6479616,1.4833207,-0.5978923,0.2549851,-0.3573357,0.6706852
gait_20260919_222211_andrew_fast_1,andrew_fast_1,2513571022650472,2026-09-19T22:22:14.146957Z,3.5532947,-9.8537111,0.3747674,0.9049565,-0.9050731,0.9887090,0.9489679,-9.6417007,1.5405135,-0.6013777,0.2475253,-0.3619547,0.6678810
gait_20260919_222211_andrew_fast_1,andrew_fast_1,2513571032732828,2026-09-19T22:22:14.157077Z,3.5806034,-10.3223763,0.0172831,0.7837661,0.5806051,0.8913503,0.8526763,-9.6374521,1.6212902,-0.5970935,0.2498833,-0.3615316,0.6710683
gait_20260919_222211_andrew_fast_1,andrew_fast_1,2513571042817667,2026-09-19T22:22:14.167488Z,3.6898389,-10.7872257,-0.2300678,0.7837661,0.5806051,0.8913503,0.7408656,-9.6354647,1.6867268,-0.5905283,0.2574216,-0.3653808,0.6719429
gait_20260919_222211_andrew_fast_1,andrew_fast_1,2513571052906128,2026-09-19T22:22:14.177904Z,3.8763621,-11.3274918,-0.1783680,0.3033009,1.7459954,0.9304370,0.6179139,-9.6387691,1.7171016,-0.5847445,0.2654960,-0.3681509,0.6723472
gait_20260919_222211_andrew_fast_1,andrew_fast_1,2513571062989502,2026-09-19T22:22:14.188830Z,4.1442885,-11.9077864,0.2035071,0.3033009,1.7459954,0.9304370,0.4901040,-9.6482220,1.7052028,-0.5789433,0.2768902,-0.3728495,0.6701789
gait_20260919_222211_andrew_fast_1,andrew_fast_1,2513571073055257,2026-09-19T22:22:14.199671Z,4.3930607,-12.5807066,1.0036194,-0.4264066,1.9991680,0.9504051,0.3654848,-9.6620016,1.6577880,-0.5751977,0.2872953,-0.3749335,0.6678578
gait_20260919_222211_andrew_fast_1,andrew_fast_1,2513571083131347,2026-09-19T22:22:14.208854Z,4.5588593,-13.2389631,1.8662055,-0.4264066,1.9991680,0.9504051,0.2517773,-9.6760063,1.5961269,-0.5713907,0.2996333,-0.3787825,0.6635182
gait_20260919_222211_andrew_fast_1,andrew_fast_1,2513571093237956,2026-09-19T22:22:14.217815Z,4.4900260,-13.7716722,1.9992332,-0.5002167,2.3639052,0.7005798,0.1525715,-9.6848650,1.5544143,-0.5680703,0.3104548,-0.3818474,0.6596262
gait_20260919_222211_andrew_fast_1,andrew_fast_1,2513571103324992,2026-09-19T22:22:14.228728Z,4.2536736,-14.0883055,1.4200609,-0.5002167,2.3639052,0.7005798,0.0680451,-9.6856279,1.5556716,-0.5618560,0.3230688,-0.3894714,0.6544131
gait_20260919_222211_andrew_fast_1,andrew_fast_1,2513571113409952,2026-09-19T22:22:14.238255Z,3.9790137,-14.0606976,0.8163480,0.2127370,2.7646980,0.3739967,-0.0053030,-9.6801538,1.5908244,-0.5549037,0.3331847,-0.3968621,0.6508229
gait_20260919_222211_andrew_fast_1,andrew_fast_1,2513571123496134,2026-09-19T22:22:14.248956Z,3.7666779,-13.4933462,0.4418798,0.2127370,2.7646980,0.3739967,-0.0725110,-9.6718597,1.6388967,-0.5467232,0.3430723,-0.4056563,0.6471770
gait_20260919_222211_andrew_fast_1,andrew_fast_1,2513571133578003,2026-09-19T22:22:14.258134Z,3.7364509,-12.3995705,0.3085527,0.4885923,1.7237624,0.3883191,-0.1340815,-9.6629076,1.6871257,-0.5405514,0.3491037,-0.4106221,0.6460034
gait_20260919_222211_andrew_fast_1,andrew_fast_1,2513571143663330,2026-09-19T22:22:14.268385Z,3.8475571,-11.2056122,0.1485901,0.4885923,1.7237624,0.3883191,-0.1878617,-9.6540146,1.7322906,-0.5349509,0.3542059,-0.4148926,0.6451589
gait_20260919_222211_andrew_fast_1,andrew_fast_1,2513571153747477,2026-09-19T22:22:14.278955Z,4.4594998,-10.4024324,-0.1157447,0.4825636,0.2874630,0.5123241,-0.2372211,-9.6446781,1.7776426,-0.5319991,0.3554160,-0.4149709,0.6468815
gait_20260919_222211_andrew_fast_1,andrew_fast_1,2513571163806518,2026-09-19T22:22:14.288784Z,5.7083006,-9.9238911,-1.3859435,0.4825636,0.2874630,0.5123241,-0.2959944,-9.6344242,1.8238381,-0.5287077,0.3569577,-0.4153809,0.6484661
gait_20260919_222211_andrew_fast_1,andrew_fast_1,2513571173924439,2026-09-19T22:22:14.302481Z,9.4517097,-9.3945484,-7.8612866,0.4352165,-0.0105586,0.7630819,-0.3696567,-9.6246948,1.8613778,-0.5262637,0.3573967,-0.4134100,0.6514648
gait_20260919_222211_andrew_fast_1,andrew_fast_1,2513571184006307,2026-09-19T22:22:14.308976Z,10.8571062,-9.2300215,-7.9934912,0.4352165,-0.0105586,0.7630819,-0.4560983,-9.6240177,1.8456428,-0.5224121,0.3614044,-0.4138695,0.6520617
gait_20260919_222211_andrew_fast_1,andrew_fast_1,2513571194083333,2026-09-19T22:22:14.318769Z,9.7986450,-9.5012398,-3.5452142,-0.9711391,2.0678320,0.3707659,-0.5205200,-9.6479807,1.6975311,-0.5197745,0.3705981,-0.4160908,0.6475800
gait_20260919_222211_andrew_fast_1,andrew_fast_1,2513571204168457,2026-09-19T22:22:14.328525Z,9.4450512,-10.0864725,-1.0203788,-0.9711391,2.0678320,0.3707659,-0.5156892,-9.6863718,1.4643723,-0.5194286,0.3844599,-0.4216490,0.6360791
gait_20260919_222211_andrew_fast_1,andrew_fast_1,2513571214239624,2026-09-19T22:22:14.342936Z,9.8000660,-10.9581118,0.7059154,-2.4121516,1.0666993,-0.6886722,-0.4314734,-9.7265816,1.2014791,-0.5256267,0.3926806,-0.4227377,0.6251491
gait_20260919_222211_andrew_fast_1,andrew_fast_1,2513571224336955,2026-09-19T22:22:14.349012Z,10.5114431,-12.2103539,1.3325229,-2.4121516,1.0666993,-0.6886722,-0.2851148,-9.7585640,0.9619058,-0.5350781,0.3966969,-0.4231122,0.6142468
gait_20260919_222211_andrew_fast_1,andrew_fast_1,2513571234420206,2026-09-19T22:22:14.359035Z,11.0723600,-13.6623621,1.2806735,-2.0169377,-1.3911173,-1.5988748,-0.0893712,-9.7784595,0.7809367,-0.5477279,0.3928908,-0.4201038,0.6075720
gait_20260919_222211_andrew_fast_1,andrew_fast_1,2513571244507935,2026-09-19T22:22:14.369384Z,10.9691095,-15.4730520,0.8079683,-2.0169377,-1.3911173,-1.5988748,0.1681586,-9.7874784,0.6427284,-0.5604554,0.3849882,-0.4186038,0.6020338
gait_20260919_222211_andrew_fast_1,andrew_fast_1,2513571254589152,2026-09-19T22:22:14.380770Z,9.4841061,-16.9796791,-0.0909048,-1.2216638,-2.9637122,-2.8350275,0.4969591,-9.7833099,0.5253503,-0.5758176,0.3703438,-0.4158483,0.5986232
gait_20260919_222211_andrew_fast_1,andrew_fast_1,2513571264655681,2026-09-19T22:22:14.389053Z,7.1118264,-18.1440830,-1.0599580,-1.2216638,-2.9637122,-2.8350275,0.8940121,-9.7608442,0.4034439,-0.5907774,0.3544000,-0.4171168,0.5927870
gait_20260919_222211_andrew_fast_1,andrew_fast_1,2513571274764201,2026-09-19T22:22:14.400487Z,5.1330190,-19.5437927,-1.4804397,-1.2509247,-2.4733546,-4.1712370,1.3364912,-9.7153225,0.2498372,-0.6071407,0.3360425,-0.4194230,0.5852693
gait_20260919_222211_andrew_fast_1,andrew_fast_1,2513571284843547,2026-09-19T22:22:14.410558Z,3.9529018,-21.3691483,-1.4967501,-1.2509247,-2.4733546,-4.1712370,1.7948099,-9.6442709,0.0531559,-0.6219844,0.3217859,-0.4265463,0.5724050
gait_20260919_222211_andrew_fast_1,andrew_fast_1,2513571294931559,2026-09-19T22:22:14.419930Z,3.1515925,-22.9848595,-0.9131635,-2.1602612,-0.9168474,-4.5813894,2.2412913,-9.5486975,-0.1873756,-0.6374432,0.3085769,-0.4333570,0.5573583
gait_20260919_222211_andrew_fast_1,andrew_fast_1,2513571304988607,2026-09-19T22:22:14.429738Z,1.7764976,-24.1569710,0.5641338,-2.1602612,-0.9168474,-4.5813894,2.6718771,-9.4278555,-0.4612217,-0.6511179,0.3013303,-0.4430710,0.5375254
gait_20260919_222211_andrew_fast_1,andrew_fast_1,2513571315096557,2026-09-19T22:22:14.441124Z,-0.4065654,-24.2184715,3.5003977,-3.0480642,0.9649606,-4.4361172,3.0919273,-9.2819910,-0.7216309,-0.6643908,0.2956361,-0.4526443,0.5160401
gait_20260919_222211_andrew_fast_1,andrew_fast_1,2513571325154134,2026-09-19T22:22:14.450134Z,-2.8467059,-22.8663464,6.1281090,-3.0480642,0.9649606,-4.4361172,3.5117364,-9.1161184,-0.8945375,-0.6728652,0.2958674,-0.4677855,0.4908071
gait_20260919_222211_andrew_fast_1,andrew_fast_1,2513571335241130,2026-09-19T22:22:14.459991Z,-5.2831802,-20.7633400,7.7429981,-2.1700039,3.3080485,-4.1106000,3.9085977,-8.9499998,-0.9254494,-0.6768879,0.2956395,-0.4856571,0.4675013
gait_20260919_222211_andrew_fast_1,andrew_fast_1,2513571345349651,2026-09-19T22:22:14.471794Z,-7.0475574,-18.2926731,6.3989530,-2.1700039,3.3080485,-4.1106000,4.2480912,-8.8045673,-0.8181832,-0.6745844,0.2973147,-0.5072474,0.4463632
gait_20260919_222211_andrew_fast_1,andrew_fast_1,2513571355433634,2026-09-19T22:22:14.480465Z,-7.4478378,-15.6017408,3.6843772,0.1245879,3.6896892,-2.8953812,4.5006151,-8.6960821,-0.5989343,-0.6687912,0.2957571,-0.5272206,0.4327638
gait_20260919_222211_andrew_fast_1,andrew_fast_1,2513571365517049,2026-09-19T22:22:14.490479Z,-7.2144780,-12.6025543,0.7841759,0.1245879,3.6896892,-2.8953812,4.6584458,-8.6268053,-0.3365131,-0.6596749,0.2947598,-0.5457689,0.4243607
gait_20260919_222211_andrew_fast_1,andrew_fast_1,2513571375601359,2026-09-19T22:22:14.500502Z,-6.6442089,-9.2728176,-4.4426656,1.7205815,2.0931294,-1.2782705,4.7390652,-8.5889721,-0.0832692,-0.6512092,0.2907390,-0.5588245,0.4232169
gait_20260919_222211_andrew_fast_1,andrew_fast_1,2513571385685507,2026-09-19T22:22:14.511579Z,-5.9833345,-7.1375642,-6.0831428,1.7205815,2.0931294,-1.2782705,4.7711453,-8.5710306,0.0986412,-0.6442122,0.2863551,-0.5672318,0.4257223
gait_20260919_222211_andrew_fast_1,andrew_fast_1,2513571395770711,2026-09-19T22:22:14.520957Z,-5.4376063,-6.1088057,-4.1249104,1.5747600,-0.7928924,-0.3315293,4.3466134,-8.7928801,-0.1682792,-0.6427241,0.2791025,-0.5678696,0.4318932
gait_20260919_222211_andrew_fast_1,andrew_fast_1,2513571405856039,2026-09-19T22:22:14.531368Z,-5.0831146,-5.3585973,-1.1733832,1.5747600,-0.7928924,-0.3315293,4.3346872,-8.7977467,-0.2150660,-0.6496233,0.2932528,-0.5445504,0.4421054
gait_20260919_222211_andrew_fast_1,andrew_fast_1,2513571415940837,2026-09-19T22:22:14.541082Z,-4.3174191,-4.7860093,0.8713398,0.3454353,-2.4976695,0.0521933,4.3090167,-8.8069735,-0.3251492,-0.6558612,0.2868226,-0.5359841,0.4475489
gait_20260919_222211_andrew_fast_1,andrew_fast_1,2513571426030762,2026-09-19T22:22:14.550910Z,-3.7103393,-4.1163063,1.9152117,0.3454353,-2.4976695,0.0521933,4.2788343,-8.8156090,-0.4612405,-0.6622537,0.2835226,-0.5276123,0.4501780
gait_20260919_222211_andrew_fast_1,andrew_fast_1,2513571436104818,2026-09-19T22:22:14.560776Z,-3.2948704,-3.4389715,2.0681415,-0.2584519,-2.8221707,0.0682810,4.2507501,-8.8200150,-0.6120151,-0.6699741,0.2784902,-0.5174518,0.4536755
gait_20260919_222211_andrew_fast_1,andrew_fast_1,2513571446193685,2026-09-19T22:22:14.570925Z,-3.1306431,-2.6385598,1.5452328,-0.2584519,-2.8221707,0.0682810,4.2278609,-8.8185148,-0.7714552,-0.6774172,0.2749557,-0.5082240,0.4552075
gait_20260919_222211_andrew_fast_1,andrew_fast_1,2513571456304200,2026-09-19T22:22:14.580497Z,-2.9644706,-1.8424878,0.8064719,-0.4214437,-3.0425351,-0.1364954,4.2090325,-8.8112183,-0.9394685,-0.6861150,0.2687005,-0.4972823,0.4579920
gait_20260919_222211_andrew_fast_1,andrew_fast_1,2513571466337240,2026-09-19T22:22:14.590836Z,-2.8227639,-1.1129297,0.3199252,-0.4214437,-3.0425351,-0.1364954,4.1930203,-8.7979879,-1.1180778,-0.6942912,0.2642872,-0.4875933,0.4586554
gait_20260919_222211_andrew_fast_1,andrew_fast_1,2513571476445679,2026-09-19T22:22:14.600599Z,-2.9026704,-0.6245126,0.5431097,-0.7445128,-2.8569608,-0.3083970,4.1801391,-8.7779980,-1.3074057,-0.7025183,0.2606073,-0.4782878,0.4580314
gait_20260919_222211_andrew_fast_1,andrew_fast_1,2513571486504435,2026-09-19T22:22:14.611309Z,-3.4615667,-0.3115455,1.5202433,-0.7445128,-2.8569608,-0.3083970,4.1720405,-8.7508230,-1.5010991,-0.7114115,0.2555958,-0.4681864,0.4575652
gait_20260919_222211_andrew_fast_1,andrew_fast_1,2513571496611125,2026-09-19T22:22:14.621485Z,-4.1666594,-0.3455881,2.5573068,-1.0572232,-2.0846193,-0.4194119,4.1731677,-8.7187805,-1.6744115,-0.7189041,0.2534830,-0.4607153,0.4546039
gait_20260919_222211_andrew_fast_1,andrew_fast_1,2513571506673056,2026-09-19T22:22:14.631814Z,-4.4203696,-0.6459855,2.7127802,-1.0572232,-2.0846193,-0.4194119,4.1839337,-8.6876469,-1.8043354,-0.7252529,0.2510343,-0.4547055,0.4519214
gait_20260919_222211_andrew_fast_1,andrew_fast_1,2513571516757650,2026-09-19T22:22:14.642044Z,-4.8219972,-1.0408791,2.6487353,-0.7940082,-0.6605771,-0.3816076,4.1923018,-8.6743860,-1.8481784,-0.7285230,0.2520594,-0.4529778,0.4478074
gait_20260919_222211_andrew_fast_1,andrew_fast_1,2513571526841960,2026-09-19T22:22:14.652950Z,-4.9349732,-1.3237691,2.1225345,-0.7940082,-0.6605771,-0.3816076,4.1923018,-8.6743860,-1.8481784,-0.7285230,0.2520594,-0.4529778,0.4478074
gait_20260919_222211_andrew_fast_1,andrew_fast_1,2513571536950033,2026-09-19T22:22:14.661286Z,-4.8840966,-1.7750013,0.4801123,-0.1434900,0.3269661,-0.1394098,4.2375607,-8.6410055,-1.9005823,-0.7294313,0.2547840,-0.4553693,0.4423279
gait_20260919_222211_andrew_fast_1,andrew_fast_1,2513571547030762,2026-09-19T22:22:14.672445Z,-4.6599393,-2.5628433,-1.6623242,-0.1434900,0.3269661,-0.1394098,4.2375607,-8.6410055,-1.9005823,-0.7294313,0.2547840,-0.4553693,0.4423279
gait_20260919_222211_andrew_fast_1,andrew_fast_1,2513571557094443,2026-09-19T22:22:14.681480Z,-2.9778631,-3.9412301,-4.4804492,0.5383208,-0.0191187,0.2997370,4.2233791,-8.6677923,-1.8079115,-0.7250052,0.2582040,-0.4596113,0.4432331
gait_20260919_222211_andrew_fast_1,andrew_fast_1,2513571567208578,2026-09-19T22:22:14.691686Z,0.7519290,-5.8179102,-8.5916672,0.5383208,-0.0191187,0.2997370,4.2233791,-8.6677923,-1.8079115,-0.7250052,0.2582040,-0.4596113,0.4432331
gait_20260919_222211_andrew_fast_1,andrew_fast_1,2513571577305217,2026-09-19T22:22:14.701489Z,6.0713964,-8.5998974,-13.7382288,0.8572931,-1.9844793,0.8585588,4.0565219,-8.7564363,-1.7622640,-0.7242836,0.2560138,-0.4509741,0.4544145
gait_20260919_222211_andrew_fast_1,andrew_fast_1,2513571587370118,2026-09-19T22:22:14.712057Z,12.7206182,-11.7847099,-12.8707047,0.8572931,-1.9844793,0.8585588,4.0565219,-8.7564363,-1.7622640,-0.7242836,0.2560138,-0.4509741,0.4544145
gait_20260919_222211_andrew_fast_1,andrew_fast_1,2513571597454876,2026-09-19T22:22:14.722274Z,18.0135994,-14.1753197,-1.8094180,0.5388704,-3.0555086,1.0121244,3.7475293,-8.8630228,-1.9076077,-0.7324103,0.2477793,-0.4248969,0.4707901
gait_20260919_222211_andrew_fast_1,andrew_fast_1,2513571607538859,2026-09-19T22:22:14.731843Z,20.4422932,-16.8147030,3.6072390,0.5388704,-3.0555086,1.0121244,3.7475293,-8.8630228,-1.9076077,-0.7324103,0.2477793,-0.4248969,0.4707901
gait_20260919_222211_andrew_fast_1,andrew_fast_1,2513571617623617,2026-09-19T22:22:14.741844Z,21.0417404,-20.0310879,1.3345430,1.7426480,0.2723746,0.3736137,3.5807376,-8.9575386,-1.7823975,-0.7292238,0.2445928,-0.4174394,0.4838919
gait_20260919_222211_andrew_fast_1,andrew_fast_1,2513571627707561,2026-09-19T22:22:14.752616Z,20.2038460,-22.1352177,-3.9784150,1.7426480,0.2723746,0.3736137,3.5807376,-8.9575386,-1.7823975,-0.7292238,0.2445928,-0.4174394,0.4838919
gait_20260919_222211_andrew_fast_1,andrew_fast_1,2513571637792034,2026-09-19T22:22:14.762012Z,18.7904434,-20.6092892,-6.2589669,1.6920201,3.5643020,-0.1301669,3.6863410,-9.0127344,-1.1906440,-0.7062160,0.2501825,-0.4449217,0.4906244
gait_20260919_222211_andrew_fast_1,andrew_fast_1,2513571647862671,2026-09-19T22:22:14.772363Z,15.6336136,-14.4618015,-4.4938416,1.6920201,3.5643020,-0.1301669,3.6863410,-9.0127344,-1.1906440,-0.7062160,0.2501825,-0.4449217,0.4906244
gait_20260919_222211_andrew_fast_1,andrew_fast_1,2513571657963542,2026-09-19T22:22:14.782862Z,10.2229424,-8.7888899,-1.0470891,0.2755722,3.0866513,0.1610932,3.7604482,-9.0280972,-0.7672081,-0.6832920,0.2694843,-0.4763913,0.4832613
gait_20260919_222211_andrew_fast_1,andrew_fast_1,2513571668048748,2026-09-19T22:22:14.792313Z,5.1847186,-5.8861451,1.0869676,0.2755722,3.0866513,0.1610932,3.7604482,-9.0280972,-0.7672081,-0.6832920,0.2694843,-0.4763913,0.4832613
gait_20260919_222211_andrew_fast_1,andrew_fast_1,2513571678131267,2026-09-19T22:22:14.803018Z,1.9756653,-4.7502460,1.4487165,0.1578957,-0.4149320,0.1368118,3.7355587,-9.0420914,-0.7227178,-0.6789218,0.2762157,-0.4813539,0.4806960
gait_20260919_222211_andrew_fast_1,andrew_fast_1,2513571688216960,2026-09-19T22:22:14.812431Z,-1.0950480,-9.4734068,-1.1100866,0.1578957,-0.4149320,0.1368118,3.7355587,-9.0420914,-0.7227178,-0.6789218,0.2762157,-0.4813539,0.4806960
gait_20260919_222211_andrew_fast_1,andrew_fast_1,2513571698300823,2026-09-19T22:22:14.823064Z,-8.5989246,-17.2264309,-18.4763546,1.3397068,-2.4427781,-0.0339573,3.6940787,-9.0591049,-0.7228495,-0.6835042,0.2651019,-0.4710459,0.4905698
gait_20260919_222211_andrew_fast_1,andrew_fast_1,2513571708385540,2026-09-19T22:22:14.833267Z,-6.1990371,-19.9091339,-3.1837645,1.3397068,-2.4427781,-0.0339573,3.6940787,-9.0591049,-0.7228495,-0.6835042,0.2651019,-0.4710459,0.4905698
gait_20260919_222211_andrew_fast_1,andrew_fast_1,2513571718470948,2026-09-19T22:22:14.843539Z,-5.5004539,-21.2567711,4.1516953,-0.3891684,-0.3316292,0.3322121,3.6560209,-9.0751028,-0.7156456,-0.6864385,0.2570494,-0.4632734,0.4981019
gait_20260919_222211_andrew_fast_1,andrew_fast_1,2513571728556763,2026-09-19T22:22:14.852940Z,-5.7907510,-20.8597813,6.1917796,-0.3891684,-0.3316292,0.3322121,3.6560209,-9.0751028,-0.7156456,-0.6864385,0.2570494,-0.4632734,0.4981019
gait_20260919_222211_andrew_fast_1,andrew_fast_1,2513571738641033,2026-09-19T22:22:14.863824Z,-5.9266968,-16.9466839,6.7455883,-1.3014194,0.0277121,0.7288082,3.5325177,-9.1035337,-0.9397349,-0.6893281,0.2711495,-0.4593587,0.4901983
gait_20260919_222211_andrew_fast_1,andrew_fast_1,2513571748697226,2026-09-19T22:22:14.873950Z,-5.6697688,-12.4130383,6.8373165,-1.3014194,0.0277121,0.7288082,3.5325177,-9.1035337,-0.9397349,-0.6893281,0.2711495,-0.4593587,0.4901983
gait_20260919_222211_andrew_fast_1,andrew_fast_1,2513571758806235,2026-09-19T22:22:14.883357Z,-5.6280947,-9.6757174,5.9988222,-0.9391969,0.5033976,0.5341074,3.4087698,-9.1280422,-1.1380811,-0.6911093,0.2849169,-0.4559426,0.4830184
gait_20260919_222211_andrew_fast_1,andrew_fast_1,2513571768893230,2026-09-19T22:22:14.893169Z,-6.1130705,-9.0440226,5.4403744,-0.9391969,0.5033976,0.5341074,3.4087698,-9.1280422,-1.1380811,-0.6911093,0.2849169,-0.4559426,0.4830184
gait_20260919_222211_andrew_fast_1,andrew_fast_1,2513571778977255,2026-09-19T22:22:14.903224Z,-6.8263927,-10.3670425,5.3314381,-0.2797023,1.1761154,0.1861740,3.3803370,-9.1365490,-1.1545180,-0.6869444,0.2961883,-0.4618278,0.4765449
gait_20260919_222211_andrew_fast_1,andrew_fast_1,2513571789034791,2026-09-19T22:22:14.913248Z,-6.8508587,-11.7219362,4.5946226,-0.2797023,1.1761154,0.1861740,3.3803370,-9.1365490,-1.1545180,-0.6869444,0.2961883,-0.4618278,0.4765449
gait_20260919_222211_andrew_fast_1,andrew_fast_1,2513571799144655,2026-09-19T22:22:14.924302Z,-6.2980971,-12.1216192,3.4993503,0.4185959,1.4423614,0.3672852,3.3691456,-9.1570082,-1.0169426,-0.6775373,0.3057832,-0.4727540,0.4732268
gait_20260919_222211_andrew_fast_1,andrew_fast_1,2513571809238078,2026-09-19T22:22:14.933626Z,-5.3117609,-11.7591963,2.2429929,0.4185959,1.4423614,0.3672852,3.3691456,-9.1570082,-1.0169426,-0.6775373,0.3057832,-0.4727540,0.4732268
gait_20260919_222211_andrew_fast_1,andrew_fast_1,2513571819313070,2026-09-19T22:22:14.943681Z,-4.4303207,-10.8712473,1.5953614,0.8434536,1.0470643,0.9448260,3.2504599,-9.2226849,-0.7827522,-0.6642502,0.3152404,-0.4816809,0.4768425
gait_20260919_222211_andrew_fast_1,andrew_fast_1,2513571829397503,2026-09-19T22:22:14.953664Z,-3.6891656,-9.7030258,1.3467385,0.8434536,1.0470643,0.9448260,3.2504599,-9.2226849,-0.7827522,-0.6642502,0.3152404,-0.4816809,0.4768425
gait_20260919_222211_andrew_fast_1,andrew_fast_1,2513571839456544,2026-09-19T22:22:14.964350Z,-2.9067852,-8.6934958,1.1601404,0.7292079,0.4881593,1.4967030,3.0045853,-9.3201427,-0.5861128,-0.6517126,0.3253888,-0.4835357,0.4853721
gait_20260919_222211_andrew_fast_1,andrew_fast_1,2513571849565145,2026-09-19T22:22:14.973872Z,-2.1305401,-8.0432453,1.1425580,0.7292079,0.4881593,1.4967030,3.0045853,-9.3201427,-0.5861128,-0.6517126,0.3253888,-0.4835357,0.4853721
gait_20260919_222211_andrew_fast_1,andrew_fast_1,2513571859652385,2026-09-19T22:22:14.984815Z,-1.5084968,-7.7609544,1.1387422,0.4512875,-0.0688306,1.8773614,2.6552036,-9.4319439,-0.4737299,-0.6412699,0.3372550,-0.4784771,0.4960765
gait_20260919_222211_andrew_fast_1,andrew_fast_1,2513571869720379,2026-09-19T22:22:14.995944Z,-1.1552023,-7.5465236,1.3149405,0.4512875,-0.0688306,1.8773614,2.6552036,-9.4319439,-0.4737299,-0.6412699,0.3372550,-0.4784771,0.4960765
gait_20260919_222211_andrew_fast_1,andrew_fast_1,2513571879818401,2026-09-19T22:22:15.004207Z,-0.7762451,-7.3224416,1.5571289,0.2572362,-0.5772743,2.0371222,2.2625110,-9.5354786,-0.4379607,-0.6337645,0.3486837,-0.4680021,0.5076775
gait_20260919_222211_andrew_fast_1,andrew_fast_1,2513571889901653,2026-09-19T22:22:15.015951Z,-0.3610007,-7.0879593,1.5846622,0.2572362,-0.5772743,2.0371222,2.2625110,-9.5354786,-0.4379607,-0.6337645,0.3486837,-0.4680021,0.5076775
gait_20260919_222211_andrew_fast_1,andrew_fast_1,2513571899987957,2026-09-19T22:22:15.024670Z,-0.0618751,-6.6709943,1.5174001,0.2934085,-0.9987180,2.0581229,1.8527601,-9.6240377,-0.4257678,-0.6280771,0.3581403,-0.4540953,0.5206267
gait_20260919_222211_andrew_fast_1,andrew_fast_1,2513571910071209,2026-09-19T22:22:15.034408Z,0.2775778,-6.1691842,1.4766239,0.2934085,-0.9987180,2.0581229,1.8527601,-9.6240377,-0.4257678,-0.6280771,0.3581403,-0.4540953,0.5206267
gait_20260919_222211_andrew_fast_1,andrew_fast_1,2513571920157309,2026-09-19T22:22:15.044749Z,0.5961562,-5.6564512,1.5097686,0.5451989,-1.2324057,2.0339248,1.4458451,-9.6954145,-0.3802750,-0.6225678,0.3646773,-0.4389913,0.5354497
gait_20260919_222211_andrew_fast_1,andrew_fast_1,2513571930218751,2026-09-19T22:22:15.055490Z,0.8030302,-5.2633533,1.4690672,0.5451989,-1.2324057,2.0339248,1.4458451,-9.6954145,-0.3802750,-0.6225678,0.3646773,-0.4389913,0.5354497
gait_20260919_222211_andrew_fast_1,andrew_fast_1,2513571940325196,2026-09-19T22:22:15.064947Z,0.9484780,-5.3426609,1.1902175,1.2374851,-1.3743635,2.0876002,1.0333953,-9.7527990,-0.2261039,-0.6145439,0.3677337,-0.4243484,0.5541085
gait_20260919_222211_andrew_fast_1,andrew_fast_1,2513571950411948,2026-09-19T22:22:15.076868Z,1.1967268,-5.8512044,0.7153426,1.2374851,-1.3743635,2.0876002,1.0333953,-9.7527990,-0.2261039,-0.6145439,0.3677337,-0.4243484,0.5541085
gait_20260919_222211_andrew_fast_1,andrew_fast_1,2513571960493735,2026-09-19T22:22:15.085141Z,1.4658500,-6.5126777,0.1683423,1.9600813,-1.1191092,2.1464219,0.6094401,-9.7904434,0.1092881,-0.6005906,0.3677571,-0.4126720,0.5777087
gait_20260919_222211_andrew_fast_1,andrew_fast_1,2513571970577637,2026-09-19T22:22:15.094821Z,1.5326632,-7.1751232,-0.1539023,1.9600813,-1.1191092,2.1464219,0.6094401,-9.7904434,0.1092881,-0.6005906,0.3677571,-0.4126720,0.5777087
gait_20260919_222211_andrew_fast_1,andrew_fast_1,2513571980664837,2026-09-19T22:22:15.105055Z,1.6213983,-7.7855697,-0.2121861,1.9898418,-0.8227029,2.0341246,0.2032901,-9.7943382,0.5154930,-0.5829130,0.3682042,-0.4046296,0.6007605
gait_20260919_222211_andrew_fast_1,andrew_fast_1,2513571990746990,2026-09-19T22:22:15.115870Z,1.7481413,-8.4533272,-0.2627636,1.9898418,-0.8227029,2.0341246,0.2032901,-9.7943382,0.5154930,-0.5829130,0.3682042,-0.4046296,0.6007605
gait_20260919_222211_andrew_fast_1,andrew_fast_1,2513572000805096,2026-09-19T22:22:15.125045Z,1.8705449,-9.1997204,-0.2104653,1.5808885,-0.8317127,1.9141831,-0.1675409,-9.7709255,0.8585243,-0.5670132,0.3694133,-0.3965736,0.6202896
gait_20260919_222211_andrew_fast_1,andrew_fast_1,2513572010917196,2026-09-19T22:22:15.136135Z,2.0656724,-10.0496616,0.0112228,1.5808885,-0.8317127,1.9141831,-0.1675409,-9.7709255,0.8585243,-0.5670132,0.3694133,-0.3965736,0.6202896
gait_20260919_222211_andrew_fast_1,andrew_fast_1,2513572020998373,2026-09-19T22:22:15.145640Z,2.2696283,-11.1804733,0.7662942,1.1013061,-0.9602641,1.8670527,-0.1191467,-9.7655497,0.9251650,-0.5661278,0.3636240,-0.3931128,0.6266891
gait_20260919_222211_andrew_fast_1,andrew_fast_1,2513572031083579,2026-09-19T22:22:15.157202Z,2.5733926,-12.7034101,1.8889503,1.1013061,-0.9602641,1.8670527,-0.1191467,-9.7655497,0.9251650,-0.5661278,0.3636240,-0.3931128,0.6266891
gait_20260919_222211_andrew_fast_1,andrew_fast_1,2513572041143800,2026-09-19T22:22:15.166096Z,3.0524576,-13.7819223,1.8180969,1.1426910,-0.3595245,1.9614636,-0.4759461,-9.7343788,1.1186942,-0.5548478,0.3674358,-0.3822109,0.6411316
gait_20260919_222211_andrew_fast_1,andrew_fast_1,2513572051253500,2026-09-19T22:22:15.176008Z,3.5826983,-14.1410532,0.7021745,1.1426910,-0.3595245,1.9614636,-0.4759461,-9.7343788,1.1186942,-0.5548478,0.3674358,-0.3822109,0.6411316
gait_20260919_222211_andrew_fast_1,andrew_fast_1,2513572061333050,2026-09-19T22:22:15.185787Z,3.9622543,-14.1103773,-0.2085948,1.8480005,1.4438603,2.0762091,-0.9025154,-9.6628075,1.4323890,-0.5314986,0.3799503,-0.3820813,0.6535755
gait_20260919_222211_andrew_fast_1,andrew_fast_1,2513572071421388,2026-09-19T22:22:15.196117Z,4.2182841,-13.8482122,-0.5863550,1.8480005,1.4438603,2.0762091,-0.9025154,-9.6628075,1.4323890,-0.5314986,0.3799503,-0.3820813,0.6535755
gait_20260919_222211_andrew_fast_1,andrew_fast_1,2513572081505413,2026-09-19T22:22:15.206572Z,4.3525839,-13.2482405,-0.4945523,1.5445997,2.1567140,1.8652207,-1.3536267,-9.5607290,1.7309718,-0.5021765,0.3992568,-0.3894805,0.6608464
gait_20260919_222211_andrew_fast_1,andrew_fast_1,2513572091590415,2026-09-19T22:22:15.216320Z,4.2448449,-12.6153479,0.0291793,1.5445997,2.1567140,1.8652207,-1.3536267,-9.5607290,1.7309718,-0.5021765,0.3992568,-0.3894805,0.6608464
gait_20260919_222211_andrew_fast_1,andrew_fast_1,2513572101674846,2026-09-19T22:22:15.226006Z,4.3094883,-12.2987146,0.6296002,0.9066719,2.0841362,1.5115917,-1.7381912,-9.4724560,1.8674548,-0.4786866,0.4188584,-0.3959377,0.6623067
gait_20260919_222211_andrew_fast_1,andrew_fast_1,2513572111758587,2026-09-19T22:22:15.236629Z,4.6728082,-12.2221756,0.5770774,0.9066719,2.0841362,1.5115917,-1.7381912,-9.4724560,1.8674548,-0.4786866,0.4188584,-0.3959377,0.6623067
gait_20260919_222211_andrew_fast_1,andrew_fast_1,2513572121831626,2026-09-19T22:22:15.246573Z,5.1963902,-11.9628534,-0.1203086,0.9777508,2.4463089,1.3848388,-2.0855691,-9.3876972,1.9384670,-0.4566475,0.4386205,-0.4032780,0.6606451
gait_20260919_222211_andrew_fast_1,andrew_fast_1,2513572131928102,2026-09-19T22:22:15.257644Z,5.5157170,-11.6869211,-0.8090906,0.9777508,2.4463089,1.3848388,-2.0855691,-9.3876972,1.9384670,-0.4566475,0.4386205,-0.4032780,0.6606451
gait_20260919_222211_andrew_fast_1,andrew_fast_1,2513572142012371,2026-09-19T22:22:15.267181Z,5.4340897,-11.5542679,-1.3607296,1.0434504,2.3504322,1.0869170,-2.4195933,-9.2877922,2.0294392,-0.4317766,0.4580323,-0.4136455,0.6577788
gait_20260919_222211_andrew_fast_1,andrew_fast_1,2513572152096274,2026-09-19T22:22:15.277337Z,5.1336174,-11.6275158,-2.0251954,1.0434504,2.3504322,1.0869170,-2.4195933,-9.2877922,2.0294392,-0.4317766,0.4580323,-0.4136455,0.6577788
gait_20260919_222211_andrew_fast_1,andrew_fast_1,2513572162156943,2026-09-19T22:22:15.286499Z,5.0308166,-11.8633442,-4.0233064,0.6519337,1.4225932,0.4516206,-2.6122820,-9.2218971,2.0901504,-0.4144994,0.4704035,-0.4228113,0.6543252
gait_20260919_222211_andrew_fast_1,andrew_fast_1,2513572172264366,2026-09-19T22:22:15.298024Z,5.9220581,-12.2628021,-6.8881931,0.6519337,1.4225932,0.4516206,-2.6122820,-9.2218971,2.0901504,-0.4144994,0.4704035,-0.4228113,0.6543252
gait_20260919_222211_andrew_fast_1,andrew_fast_1,2513572182352011,2026-09-19T22:22:15.307370Z,6.6949363,-12.0587711,-6.6418896,-0.1683876,1.9500390,0.0185691,-2.6870060,-9.2079697,2.0565579,-0.4053025,0.4801012,-0.4308203,0.6477859
gait_20260919_222211_andrew_fast_1,andrew_fast_1,2513572192433839,2026-09-19T22:22:15.317898Z,6.8569937,-11.3013058,-4.2672906,-0.1683876,1.9500390,0.0185691,-2.6870060,-9.2079697,2.0565579,-0.4053025,0.4801012,-0.4308203,0.6477859
gait_20260919_222211_andrew_fast_1,andrew_fast_1,2513572202494264,2026-09-19T22:22:15.327470Z,6.6583495,-10.5186262,-2.3395092,-1.8589255,2.8282161,-0.5056625,-2.7368658,-9.2748499,1.6500932,-0.4009435,0.5046600,-0.4401912,0.6251355
gait_20260919_222211_andrew_fast_1,andrew_fast_1,2513572212602256,2026-09-19T22:22:15.337029Z,6.4659905,-9.8663559,-1.0644472,-1.8589255,2.8282161,-0.5056625,-2.7368658,-9.2748499,1.6500932,-0.4009435,0.5046600,-0.4401912,0.6251355
gait_20260919_222211_andrew_fast_1,andrew_fast_1,2513572222686932,2026-09-19T22:22:15.347190Z,6.4410009,-9.9194765,-0.1559224,-2.7717261,1.5860512,-1.2753727,-2.6006534,-9.4031620,1.0262803,-0.4116911,0.5269812,-0.4432397,0.5969420
gait_20260919_222211_andrew_fast_1,andrew_fast_1,2513572232773073,2026-09-19T22:22:15.357150Z,6.5506105,-10.3114529,0.3299509,-2.7717261,1.5860512,-1.2753727,-2.6006534,-9.4031620,1.0262803,-0.4116911,0.5269812,-0.4432397,0.5969420
gait_20260919_222211_andrew_fast_1,andrew_fast_1,2513572242856406,2026-09-19T22:22:15.367571Z,6.4321723,-11.0951052,0.3414730,-2.5844195,-0.1106985,-2.2215643,-2.2438207,-9.5382051,0.4733279,-0.4343391,0.5354588,-0.4435717,0.5726060
gait_20260919_222211_andrew_fast_1,andrew_fast_1,2513572252939496,2026-09-19T22:22:15.377538Z,5.7782559,-12.7812214,0.2605191,-2.5844195,-0.1106985,-2.2215643,-2.2438207,-9.5382051,0.4733279,-0.4343391,0.5354588,-0.4435717,0.5726060
gait_20260919_222211_andrew_fast_1,andrew_fast_1,2513572263024456,2026-09-19T22:22:15.387986Z,5.3108630,-14.9483480,0.2759317,-2.3583095,-1.6193258,-3.4666269,-1.6373991,-9.6721725,0.0642729,-0.4682237,0.5262907,-0.4445636,0.5533065
gait_20260919_222211_andrew_fast_1,andrew_fast_1,2513572273109295,2026-09-19T22:22:15.399046Z,5.3933883,-17.9060841,1.4144495,-2.3583095,-1.6193258,-3.4666269,-1.6373991,-9.6721725,0.0642729,-0.4682237,0.5262907,-0.4445636,0.5533065
gait_20260919_222211_andrew_fast_1,andrew_fast_1,2513572283192873,2026-09-19T22:22:15.407830Z,4.8820767,-20.0862293,0.9327660,-2.2828007,-1.7761389,-4.3674865,-0.8299221,-9.7686510,-0.3475865,-0.5103217,0.5067418,-0.4465477,0.5323341
gait_20260919_222211_andrew_fast_1,andrew_fast_1,2513572293277102,2026-09-19T22:22:15.418031Z,3.5984852,-21.8206787,0.1491887,-2.2828007,-1.7761389,-4.3674865,-0.8299221,-9.7686510,-0.3475865,-0.5103217,0.5067418,-0.4465477,0.5323341
gait_20260919_222211_andrew_fast_1,andrew_fast_1,2513572303361492,2026-09-19T22:22:15.427661Z,2.0406828,-24.2064266,-0.0754922,-2.0317764,-0.4783168,-5.1512694,0.1453521,-9.7811728,-0.7373230,-0.5477026,0.4869311,-0.4600148,0.5013046
gait_20260919_222211_andrew_fast_1,andrew_fast_1,2513572313446779,2026-09-19T22:22:15.439336Z,0.4429273,-27.1928196,0.9775825,-2.0317764,-0.4783168,-5.1512694,0.1453521,-9.7811728,-0.7373230,-0.5477026,0.4869311,-0.4600148,0.5013046
gait_20260919_222211_andrew_fast_1,andrew_fast_1,2513572323531537,2026-09-19T22:22:15.448447Z,-1.6667385,-29.3158035,2.6402059,-2.4319863,-0.0598375,-5.0748110,1.1735159,-9.6672192,-1.1848328,-0.5830183,0.4690174,-0.4755256,0.4625881
gait_20260919_222211_andrew_fast_1,andrew_fast_1,2513572333615440,2026-09-19T22:22:15.458922Z,-4.4675055,-29.4075298,4.8142905,-2.4319863,-0.0598375,-5.0748110,1.1735159,-9.6672192,-1.1848328,-0.5830183,0.4690174,-0.4755256,0.4625881
gait_20260919_222211_andrew_fast_1,andrew_fast_1,2513572343698528,2026-09-19T22:22:15.468907Z,-6.6175733,-26.7486954,5.3565025,-2.0638018,1.6216240,-4.3531308,2.0904989,-9.4472685,-1.6171089,-0.6099269,0.4581514,-0.4912837,0.4203888
gait_20260919_222211_andrew_fast_1,andrew_fast_1,2513572353757936,2026-09-19T22:22:15.478185Z,-7.6164045,-22.5066185,6.9678750,-2.0638018,1.6216240,-4.3531308,2.0904989,-9.4472685,-1.6171089,-0.6099269,0.4581514,-0.4912837,0.4203888
gait_20260919_222211_andrew_fast_1,andrew_fast_1,2513572363843426,2026-09-19T22:22:15.488768Z,-8.9801264,-18.0305824,7.4416280,-0.5519603,4.0630364,-3.2195163,2.8917568,-9.2270861,-1.6537182,-0.6118948,0.4575269,-0.5235813,0.3769836
gait_20260919_222211_andrew_fast_1,andrew_fast_1,2513572373952476,2026-09-19T22:22:15.499892Z,-9.1055231,-14.5328789,6.3177748,-0.5519603,4.0630364,-3.2195163,2.8917568,-9.2270861,-1.6537182,-0.6118948,0.4575269,-0.5235813,0.3769836
gait_20260919_222211_andrew_fast_1,andrew_fast_1,2513572384036500,2026-09-19T22:22:15.508765Z,-7.7235451,-11.3733559,3.5270331,1.5241154,3.6283529,-1.6347806,3.4106977,-9.1173134,-1.2156761,-0.5939175,0.4567721,-0.5624715,0.3496384
gait_20260919_222211_andrew_fast_1,andrew_fast_1,2513572394121421,2026-09-19T22:22:15.519464Z,-5.9638066,-8.5244055,0.0484826,1.5241154,3.6283529,-1.6347806,3.4106977,-9.1173134,-1.2156761,-0.5939175,0.4567721,-0.5624715,0.3496384
gait_20260919_222211_andrew_fast_1,andrew_fast_1,2513572404185549,2026-09-19T22:22:15.529053Z,-4.6336780,-5.3951092,-5.2908864,2.7046108,1.0475806,-0.5833197,3.5807772,-9.1135044,-0.5984967,-0.5746200,0.4468973,-0.5900987,0.3491109
gait_20260919_222211_andrew_fast_1,andrew_fast_1,2513572414291750,2026-09-19T22:22:15.539300Z,-4.0842838,-4.0860791,-7.9096942,2.7046108,1.0475806,-0.5833197,3.5807772,-9.1135044,-0.5984967,-0.5746200,0.4468973,-0.5900987,0.3491109
gait_20260919_222211_andrew_fast_1,andrew_fast_1,2513572424377077,2026-09-19T22:22:15.549168Z,-4.1201968,-3.3982701,-8.0266361,2.3843062,-3.4328861,-0.7196819,3.6308506,-9.1095190,-0.2640910,-0.5772560,0.4239052,-0.5927628,0.3683914
gait_20260919_222211_andrew_fast_1,andrew_fast_1,2513572434458742,2026-09-19T22:22:15.559469Z,-4.7960348,-3.1469536,-5.2306576,2.3843062,-3.4328861,-0.7196819,3.6308506,-9.1095190,-0.2640910,-0.5772560,0.4239052,-0.5927628,0.3683914
gait_20260919_222211_andrew_fast_1,andrew_fast_1,2513572444540204,2026-09-19T22:22:15.568970Z,-5.2878938,-2.8788779,-2.4484453,0.5569732,-6.1488714,-1.0149555,3.7663503,-9.0455408,-0.4784370,-0.6093773,0.3906822,-0.5679227,0.3917786
gait_20260919_222211_andrew_fast_1,andrew_fast_1,2513572454602175,2026-09-19T22:22:15.579978Z,-4.8451161,-2.4097641,-0.4175637,0.5569732,-6.1488714,-1.0149555,3.7663503,-9.0455408,-0.4784370,-0.6093773,0.3906822,-0.5679227,0.3917786
gait_20260919_222211_andrew_fast_1,andrew_fast_1,2513572464715252,2026-09-19T22:22:15.590173Z,-3.6988919,-1.9021933,0.3488801,-0.9673920,-6.1694722,-0.7436801,3.8260024,-8.9671221,-1.0902059,-0.6498903,0.3646232,-0.5293722,0.4055339
gait_20260919_222211_andrew_fast_1,andrew_fast_1,2513572474795330,2026-09-19T22:22:15.600035Z,-2.8156559,-1.4512603,0.3819500,-0.9673920,-6.1694722,-0.7436801,3.8260024,-8.9671221,-1.0902059,-0.6498903,0.3646232,-0.5293722,0.4055339
gait_20260919_222211_andrew_fast_1,andrew_fast_1,2513572484882530,2026-09-19T22:22:15.609634Z,-2.6297312,-0.9875334,1.0511293,-1.7735909,-5.1230407,-0.3057990,3.7354932,-8.8890953,-1.8072646,-0.6853914,0.3496284,-0.4891568,0.4107605
gait_20260919_222211_andrew_fast_1,andrew_fast_1,2513572494966921,2026-09-19T22:22:15.619358Z,-2.9023709,-0.5690718,1.8913445,-1.7735909,-5.1230407,-0.3057990,3.7354932,-8.8890953,-1.8072646,-0.6853914,0.3496284,-0.4891568,0.4107605
gait_20260919_222211_andrew_fast_1,andrew_fast_1,2513572505073651,2026-09-19T22:22:15.630092Z,-3.5566614,-0.5360019,2.5172787,-1.8488332,-3.1393943,-0.0222330,3.5771747,-8.8017683,-2.4431183,-0.7110772,0.3448142,-0.4565042,0.4087498
gait_20260919_222211_andrew_fast_1,andrew_fast_1,2513572515133384,2026-09-19T22:22:15.640898Z,-4.1704001,-0.7668179,3.1491234,-1.8488332,-3.1393943,-0.0222330,3.5771747,-8.8017683,-2.4431183,-0.7110772,0.3448142,-0.4565042,0.4087498
gait_20260919_222211_andrew_fast_1,andrew_fast_1,2513572525219118,2026-09-19T22:22:15.650412Z,-4.6626329,-1.0479870,3.6558712,-1.1776809,-0.8921830,0.0367552,3.4806144,-8.7308512,-2.8095741,-0.7224656,0.3482996,-0.4414649,0.4022930
gait_20260919_222211_andrew_fast_1,andrew_fast_1,2513572535302289,2026-09-19T22:22:15.660675Z,-5.1457381,-1.4677205,3.5886838,-1.1776809,-0.8921830,0.0367552,3.4806144,-8.7308512,-2.8095741,-0.7224656,0.3482996,-0.4414649,0.4022930
gait_20260919_222211_andrew_fast_1,andrew_fast_1,2513572545386598,2026-09-19T22:22:15.670068Z,-5.7363577,-1.6933739,3.2356887,-0.2039104,0.5505448,-0.0948273,3.4992795,-8.7020330,-2.8750246,-0.7220988,0.3538421,-0.4432012,0.3961587
gait_20260919_222211_andrew_fast_1,andrew_fast_1,2513572555470786,2026-09-19T22:22:15.680611Z,-6.2404866,-1.8138323,1.7381157,-0.2039104,0.5505448,-0.0948273,3.4992795,-8.7020330,-2.8750246,-0.7220988,0.3538421,-0.4432012,0.3961587
gait_20260919_222211_andrew_fast_1,andrew_fast_1,2513572565555788,2026-09-19T22:22:15.690536Z,-6.5570450,-1.8325369,0.2176479,0.6067517,0.7804186,-0.0784232,3.5680954,-8.7180958,-2.7385433,-0.7154415,0.3575377,-0.4531447,0.3936626
gait_20260919_222211_andrew_fast_1,andrew_fast_1,2513572575645121,2026-09-19T22:22:15.705425Z,-6.5500870,-2.3585131,-1.7677438,0.6067517,0.7804186,-0.0784232,3.5680954,-8.7180958,-2.7385433,-0.7154415,0.3575377,-0.4531447,0.3936626
gait_20260919_222211_andrew_fast_1,andrew_fast_1,2513572585699424,2026-09-19T22:22:15.710238Z,-3.8302739,-4.0878000,-6.4881368,1.2830502,-0.3509477,0.2653134,3.5508668,-8.7860413,-2.5363255,-0.7088501,0.3563135,-0.4587895,0.4001055
gait_20260919_222211_andrew_fast_1,andrew_fast_1,2513572595783937,2026-09-19T22:22:15.721542Z,0.8233809,-6.6573772,-14.4530478,1.2830502,-0.3509477,0.2653134,3.5508668,-8.7860413,-2.5363255,-0.7088501,0.3563135,-0.4587895,0.4001055
gait_20260919_222211_andrew_fast_1,andrew_fast_1,2513572605872276,2026-09-19T22:22:15.731539Z,7.3669586,-11.2216978,-26.4895229,1.3610237,-0.7843989,0.7747729,3.3862362,-8.9049215,-2.3392167,-0.7037063,0.3524614,-0.4558394,0.4156668
gait_20260919_222211_andrew_fast_1,andrew_fast_1,2513572615952598,2026-09-19T22:22:15.742087Z,14.2865753,-14.4067345,-15.2176952,1.3610237,-0.7843989,0.7747729,3.3862362,-8.9049215,-2.3392167,-0.7037063,0.3524614,-0.4558394,0.4156668
gait_20260919_222211_andrew_fast_1,andrew_fast_1,2513572626035483,2026-09-19T22:22:15.750636Z,17.8046303,-15.4782143,4.3354502,0.2969891,0.3729642,0.8333781,3.2297149,-8.9824238,-2.2629964,-0.6975785,0.3590517,-0.4551196,0.4211085
gait_20260919_222211_andrew_fast_1,andrew_fast_1,2513572636147056,2026-09-19T22:22:15.761624Z,19.9335251,-18.0166664,11.3010063,0.2969891,0.3729642,0.8333781,3.2297149,-8.9824238,-2.2629964,-0.6975785,0.3590517,-0.4551196,0.4211085
gait_20260919_222211_andrew_fast_1,andrew_fast_1,2513572646208173,2026-09-19T22:22:15.771040Z,20.4731178,-22.1997871,9.4969006,2.4005938,1.0203015,0.2739734,3.1599383,-9.0833454,-1.9348756,-0.6839134,0.3620188,-0.4653814,0.4296802
gait_20260919_222211_andrew_fast_1,andrew_fast_1,2513572656312299,2026-09-19T22:22:15.782162Z,19.3319073,-23.3660622,0.8252514,2.4005938,1.0203015,0.2739734,3.1599383,-9.0833454,-1.9348756,-0.6839134,0.3620188,-0.4653814,0.4296802
gait_20260919_222211_andrew_fast_1,andrew_fast_1,2513572666374067,2026-09-19T22:22:15.791349Z,15.6048079,-19.1941662,-0.1314566,2.5898654,2.8914843,-0.1666057,3.2638750,-9.1718683,-1.2083377,-0.6595192,0.3560402,-0.4931800,0.4416372
gait_20260919_222211_andrew_fast_1,andrew_fast_1,2513572676483319,2026-09-19T22:22:15.802091Z,10.5463085,-13.3470755,1.3160627,2.5898654,2.8914843,-0.1666057,3.2638750,-9.1718683,-1.2083377,-0.6595192,0.3560402,-0.4931800,0.4416372
gait_20260919_222211_andrew_fast_1,andrew_fast_1,2513572686543500,2026-09-19T22:22:15.811150Z,7.7808561,-9.1352262,2.1305401,-0.1570463,3.1654410,0.6337477,3.2910089,-9.2049122,-0.8215792,-0.6347241,0.3728501,-0.5208157,0.4322723
gait_20260919_222211_andrew_fast_1,andrew_fast_1,2513572696652428,2026-09-19T22:22:15.821223Z,5.0293198,-5.2445736,2.3692870,-0.1570463,3.1654410,0.6337477,3.2910089,-9.2049122,-0.8215792,-0.6347241,0.3728501,-0.5208157,0.4322723
gait_20260919_222211_andrew_fast_1,andrew_fast_1,2513572706712527,2026-09-19T22:22:15.831133Z,1.7155204,-5.7459345,0.0136170,-0.9723216,1.1497356,1.3269498,3.1051071,-9.2584238,-0.9359465,-0.6249748,0.3962764,-0.5235371,0.4222327
gait_20260919_222211_andrew_fast_1,andrew_fast_1,2513572716820925,2026-09-19T22:22:15.841878Z,-10.7345533,-15.5797434,-28.1487789,-0.9723216,1.1497356,1.3269498,3.1051071,-9.2584238,-0.9359465,-0.6249748,0.3962764,-0.5235371,0.4222327
gait_20260919_222211_andrew_fast_1,andrew_fast_1,2513572726881065,2026-09-19T22:22:15.851229Z,-7.7982888,-19.1847382,-20.7857113,1.9956874,0.0993905,0.8474173,2.8752096,-9.3497314,-0.7428288,-0.6157204,0.3983708,-0.5222763,0.4352204
gait_20260919_222211_andrew_fast_1,andrew_fast_1,2513572736985151,2026-09-19T22:22:15.862028Z,-4.0216603,-21.1613007,-2.8942907,1.9956874,0.0993905,0.8474173,2.8752096,-9.3497314,-0.7428288,-0.6157204,0.3983708,-0.5222763,0.4352204
gait_20260919_222211_andrew_fast_1,andrew_fast_1,2513572747094038,2026-09-19T22:22:15.871682Z,-4.4910736,-22.5682697,3.2660651,-0.5142726,1.2280090,0.6070515,2.7594838,-9.3998394,-0.5142150,-0.5981772,0.4102350,-0.5350358,0.4331605
gait_20260919_222211_andrew_fast_1,andrew_fast_1,2513572757133954,2026-09-19T22:22:15.882085Z,-5.7595515,-19.4378510,5.7493763,-0.5142726,1.2280090,0.6070515,2.7594838,-9.3998394,-0.5142150,-0.5981772,0.4102350,-0.5350358,0.4331605
gait_20260919_222211_andrew_fast_1,andrew_fast_1,2513572767243410,2026-09-19T22:22:15.892250Z,-5.5884409,-13.6670761,5.6946836,-2.2834501,-0.6768314,0.1057356,2.7019489,-9.3850470,-0.9254652,-0.6067412,0.4230214,-0.5241761,0.4220872
gait_20260919_222211_andrew_fast_1,andrew_fast_1,2513572777327843,2026-09-19T22:22:15.903483Z,-5.0292449,-9.0945244,5.4502506,-2.2834501,-0.6768314,0.1057356,2.7019489,-9.3850470,-0.9254652,-0.6067412,0.4230214,-0.5241761,0.4220872
gait_20260919_222211_andrew_fast_1,andrew_fast_1,2513572787387169,2026-09-19T22:22:15.912709Z,-4.7114148,-6.5385647,5.1719246,-2.1524007,-0.3509811,-0.1012890,2.6975257,-9.3256721,-1.4111418,-0.6186060,0.4349510,-0.5118564,0.4076116
gait_20260919_222211_andrew_fast_1,andrew_fast_1,2513572797495648,2026-09-19T22:22:15.922937Z,-5.6083426,-6.3660326,5.6922894,-2.1524007,-0.3509811,-0.1012890,2.6975257,-9.3256721,-1.4111418,-0.6186060,0.4349510,-0.5118564,0.4076116
gait_20260919_222211_andrew_fast_1,andrew_fast_1,2513572807581138,2026-09-19T22:22:15.932185Z,-6.6394954,-8.2473516,6.0697503,-1.2554380,0.0960264,-0.0375879,2.6909695,-9.2821836,-1.6840070,-0.6229697,0.4447349,-0.5069018,0.3964469
gait_20260919_222211_andrew_fast_1,andrew_fast_1,2513572817666791,2026-09-19T22:22:15.942730Z,-6.6661310,-10.2492037,5.6021328,-1.2554380,0.0960264,-0.0375879,2.6909695,-9.2821836,-1.6840070,-0.6229697,0.4447349,-0.5069018,0.3964469
gait_20260919_222211_andrew_fast_1,andrew_fast_1,2513572827750613,2026-09-19T22:22:15.952269Z,-6.4314990,-11.4812450,4.7099934,-0.1194251,0.5492125,0.5842356,2.6405501,-9.2851324,-1.7464168,-0.6193900,0.4532259,-0.5076368,0.3914683
gait_20260919_222211_andrew_fast_1,andrew_fast_1,2513572837834109,2026-09-19T22:22:15.963155Z,-5.4959650,-11.4620914,3.8385038,-0.1194251,0.5492125,0.5842356,2.6405501,-9.2851324,-1.7464168,-0.6193900,0.4532259,-0.5076368,0.3914683
gait_20260919_222211_andrew_fast_1,andrew_fast_1,2513572847920901,2026-09-19T22:22:15.974194Z,-4.3394156,-10.4292173,3.2793829,0.7482766,0.5160046,1.3839395,2.4414132,-9.3649807,-1.6039852,-0.6067331,0.4622428,-0.5111011,0.3962097
gait_20260919_222211_andrew_fast_1,andrew_fast_1,2513572858002119,2026-09-19T22:22:15.982928Z,-3.6089597,-9.3022966,2.7095630,0.7482766,0.5160046,1.3839395,2.4414132,-9.3649807,-1.6039852,-0.6067331,0.4622428,-0.5111011,0.3962097
gait_20260919_222211_andrew_fast_1,andrew_fast_1,2513572868089399,2026-09-19T22:22:15.993220Z,-3.0115316,-8.6835451,2.5075521,1.0518106,0.0173367,1.8499657,2.1064415,-9.4797087,-1.3907403,-0.5910530,0.4707428,-0.5117370,0.4088800
gait_20260919_222211_andrew_fast_1,andrew_fast_1,2513572878170982,2026-09-19T22:22:16.004511Z,-2.4807670,-8.4289370,2.4239795,1.0518106,0.0173367,1.8499657,2.1064415,-9.4797087,-1.3907403,-0.5910530,0.4707428,-0.5117370,0.4088800
gait_20260919_222211_andrew_fast_1,andrew_fast_1,2513572888257693,2026-09-19T22:22:16.013340Z,-2.0161424,-8.2671785,2.5478046,0.9598644,-0.8232025,2.0010333,1.4657888,-9.6471014,-1.0104406,-0.5694084,0.4777904,-0.5076479,0.4356421
gait_20260919_222211_andrew_fast_1,andrew_fast_1,2513572898339195,2026-09-19T22:22:16.023088Z,-1.5680525,-8.1292877,2.6512043,0.9598644,-0.8232025,2.0010333,1.4657888,-9.6471014,-1.0104406,-0.5694084,0.4777904,-0.5076479,0.4356421
gait_20260919_222211_andrew_fast_1,andrew_fast_1,2513572908426639,2026-09-19T22:22:16.033899Z,-1.2400469,-7.8641295,2.5464580,0.8458019,-1.4961535,2.0028818,1.0424160,-9.7153978,-0.8720766,-0.5607333,0.4808673,-0.4966917,0.4556778
gait_20260919_222211_andrew_fast_1,andrew_fast_1,2513572918511314,2026-09-19T22:22:16.044461Z,-1.1475708,-7.4828529,2.6395326,0.8458019,-1.4961535,2.0028818,1.0424160,-9.7153978,-0.8720766,-0.5607333,0.4808673,-0.4966917,0.4556778
gait_20260919_222211_andrew_fast_1,andrew_fast_1,2513572928569827,2026-09-19T22:22:16.056085Z,-0.9562591,-7.0291519,2.4563761,0.9121510,-1.6813116,1.9802492,0.6247069,-9.7628956,-0.7291900,-0.5535941,0.4818063,-0.4838051,0.4767900
gait_20260919_222211_andrew_fast_1,andrew_fast_1,2513572938678470,2026-09-19T22:22:16.064399Z,-0.6343886,-6.4849944,2.0713587,0.9121510,-1.6813116,1.9802492,0.6247069,-9.7628956,-0.7291900,-0.5535941,0.4818063,-0.4838051,0.4767900
gait_20260919_222211_andrew_fast_1,andrew_fast_1,2513572948764977,2026-09-19T22:22:16.073502Z,-0.2072481,-5.9827361,1.6457893,1.1800957,-1.4760023,2.0675323,0.2034001,-9.7937107,-0.5272413,-0.5441716,0.4820789,-0.4721844,0.4985171
gait_20260919_222211_andrew_fast_1,andrew_fast_1,2513572958848432,2026-09-19T22:22:16.084052Z,0.3197007,-5.5772929,1.1355250,1.1800957,-1.4760023,2.0675323,0.2034001,-9.7937107,-0.5272413,-0.5441716,0.4820789,-0.4721844,0.4985171
gait_20260919_222211_andrew_fast_1,andrew_fast_1,2513572968931928,2026-09-19T22:22:16.094441Z,0.6436661,-5.2371664,0.9368063,1.5047137,-1.1827437,2.1194258,-0.2268144,-9.8042688,-0.2470091,-0.5307496,0.4823946,-0.4631565,0.5206595
gait_20260919_222211_andrew_fast_1,andrew_fast_1,2513572979014041,2026-09-19T22:22:16.103967Z,0.7707085,-5.2560210,1.0253917,1.5047137,-1.1827437,2.1194258,-0.2268144,-9.8042688,-0.2470091,-0.5307496,0.4823946,-0.4631565,0.5206595
gait_20260919_222211_andrew_fast_1,andrew_fast_1,2513572989095503,2026-09-19T22:22:16.113907Z,0.7141455,-6.3441858,1.0528502,1.9228432,-0.8963464,2.0114086,-0.6349290,-9.7888327,0.1083180,-0.5140463,0.4818195,-0.4574991,0.5424954
gait_20260919_222211_andrew_fast_1,andrew_fast_1,2513572999182864,2026-09-19T22:22:16.125696Z,0.5901707,-7.4774661,0.6869114,1.9228432,-0.8963464,2.0114086,-0.6349290,-9.7888327,0.1083180,-0.5140463,0.4818195,-0.4574991,0.5424954
gait_20260919_222211_andrew_fast_1,andrew_fast_1,2513573009294640,2026-09-19T22:22:16.135557Z,0.5327847,-8.3393784,0.3722236,2.5731947,-0.6907540,1.8643380,-1.0026463,-9.7407703,0.5900896,-0.4931883,0.4781803,-0.4567419,0.5652395
gait_20260919_222211_andrew_fast_1,andrew_fast_1,2513573019352338,2026-09-19T22:22:16.145295Z,0.6723966,-9.3105268,0.3501520,2.5731947,-0.6907540,1.8643380,-1.0026463,-9.7407703,0.5900896,-0.4931883,0.4781803,-0.4567419,0.5652395
gait_20260919_222211_andrew_fast_1,andrew_fast_1,2513573029459883,2026-09-19T22:22:16.154565Z,0.9421183,-10.5882072,0.4854244,2.9576004,-0.4660429,1.8429711,-1.3500222,-9.6464872,1.1656840,-0.4684259,0.4723672,-0.4594014,0.5885549
gait_20260919_222211_andrew_fast_1,andrew_fast_1,2513573039522341,2026-09-19T22:22:16.166914Z,1.2802246,-11.9523783,0.4055179,2.9576004,-0.4660429,1.8429711,-1.3500222,-9.6464872,1.1656840,-0.4684259,0.4723672,-0.4594014,0.5885549
gait_20260919_222211_andrew_fast_1,andrew_fast_1,2513573049606204,2026-09-19T22:22:16.174595Z,1.8437598,-13.3722897,-0.2561796,3.2275600,0.1377944,1.8274163,-1.6986933,-9.4967842,1.7781063,-0.4397102,0.4668160,-0.4647075,0.6105611
gait_20260919_222211_andrew_fast_1,andrew_fast_1,2513573059663781,2026-09-19T22:22:16.184772Z,3.0175920,-14.5371437,-1.8694227,3.2275600,0.1377944,1.8274163,-1.6986933,-9.4967842,1.7781063,-0.4397102,0.4668160,-0.4647075,0.6105611
gait_20260919_222211_andrew_fast_1,andrew_fast_1,2513573069774539,2026-09-19T22:22:16.194859Z,3.6951511,-14.6068745,-2.8914475,3.2285426,2.4463754,1.7283589,-2.0908265,-9.2909126,2.3544686,-0.4027819,0.4683714,-0.4769422,0.6252369
gait_20260919_222211_andrew_fast_1,andrew_fast_1,2513573079858279,2026-09-19T22:22:16.204485Z,3.4892497,-14.1878147,-2.9544449,3.2285426,2.4463754,1.7283589,-2.0908265,-9.2909126,2.3544686,-0.4027819,0.4683714,-0.4769422,0.6252369
gait_20260919_222211_andrew_fast_1,andrew_fast_1,2513573089944705,2026-09-19T22:22:16.214407Z,3.2731731,-13.9019318,-3.2572365,1.9950045,5.0079455,1.4785670,-2.6144273,-9.0888968,2.6063068,-0.3544627,0.4924038,-0.4995036,0.6183777
gait_20260919_222211_andrew_fast_1,andrew_fast_1,2513573100025760,2026-09-19T22:22:16.225895Z,3.4370263,-14.2208099,-3.3011553,1.9950045,5.0079455,1.4785670,-2.6144273,-9.0888968,2.6063068,-0.3544627,0.4924038,-0.4995036,0.6183777
gait_20260919_222211_andrew_fast_1,andrew_fast_1,2513573110112349,2026-09-19T22:22:16.234604Z,3.8991818,-14.7265100,-3.0346506,0.3199215,4.1853762,1.3258173,-3.1042571,-8.9741516,2.4625823,-0.3164459,0.5241011,-0.5136976,0.6010781
gait_20260919_222211_andrew_fast_1,andrew_fast_1,2513573120195193,2026-09-19T22:22:16.244807Z,4.5706058,-14.3438864,-3.0824599,0.3199215,4.1853762,1.3258173,-3.1042571,-8.9741516,2.4625823,-0.3164459,0.5241011,-0.5136976,0.6010781
gait_20260919_222211_andrew_fast_1,andrew_fast_1,2513573130280602,2026-09-19T22:22:16.254778Z,5.1333179,-13.4501762,-3.1162779,0.0482464,1.9043907,1.4808819,-3.4852014,-8.8856926,2.2658210,-0.2931473,0.5464353,-0.5155233,0.5913619
gait_20260919_222211_andrew_fast_1,andrew_fast_1,2513573140367272,2026-09-19T22:22:16.265957Z,5.1874871,-12.7358065,-2.5361331,0.0482464,1.9043907,1.4808819,-3.4852014,-8.8856926,2.2658210,-0.2931473,0.5464353,-0.5155233,0.5913619
gait_20260919_222211_andrew_fast_1,andrew_fast_1,2513573150451582,2026-09-19T22:22:16.275161Z,5.0252795,-12.2191820,-1.6186299,-0.5421512,-0.5740268,1.1840260,-3.7301300,-8.7983503,2.2161455,-0.2844008,0.5533222,-0.5086580,0.5951620
gait_20260919_222211_andrew_fast_1,andrew_fast_1,2513573160533572,2026-09-19T22:22:16.285592Z,5.1177559,-12.3228817,-0.9212439,-0.5421512,-0.5740268,1.1840260,-3.7301300,-8.7983503,2.2161455,-0.2844008,0.5533222,-0.5086580,0.5951620
gait_20260919_222211_andrew_fast_1,andrew_fast_1,2513573170617678,2026-09-19T22:22:16.295131Z,5.6471734,-12.9510603,-1.0095301,-1.2825005,-1.7571201,0.7209309,-3.7970326,-8.7876043,2.1439810,-0.2933869,0.5521635,-0.4946115,0.6036547
gait_20260919_222211_andrew_fast_1,andrew_fast_1,2513573180702640,2026-09-19T22:22:16.306631Z,6.3618426,-13.2876701,-1.1216835,-1.2825005,-1.7571201,0.7209309,-3.7970326,-8.7876043,2.1439810,-0.2933869,0.5521635,-0.4946115,0.6036547
gait_20260919_222211_andrew_fast_1,andrew_fast_1,2513573190786339,2026-09-19T22:22:16.315480Z,6.7324953,-12.9043732,-0.7236475,-1.6492529,-0.5801221,0.3403725,-3.8226063,-8.8176699,1.9678696,-0.3044882,0.5544548,-0.4816471,0.6065336
gait_20260919_222211_andrew_fast_1,andrew_fast_1,2513573200871138,2026-09-19T22:22:16.329457Z,6.9211135,-12.4708729,-0.2512415,-1.6492529,-0.5801221,0.3403725,-3.8226063,-8.8176699,1.9678696,-0.3044882,0.5544548,-0.4816471,0.6065336
gait_20260919_222211_andrew_fast_1,andrew_fast_1,2513573210958173,2026-09-19T22:22:16.335436Z,6.9182701,-12.5693340,0.1189619,-2.3304143,0.5386872,-0.4840957,-3.8050256,-8.9062691,1.5608606,-0.3140354,0.5677145,-0.4743642,0.5950301
gait_20260919_222211_andrew_fast_1,andrew_fast_1,2513573221041792,2026-09-19T22:22:16.347219Z,6.6237836,-12.8461637,0.3686323,-2.3304143,0.5386872,-0.4840957,-3.8050256,-8.9062691,1.5608606,-0.3140354,0.5677145,-0.4743642,0.5950301
gait_20260919_222211_andrew_fast_1,andrew_fast_1,2513573231124434,2026-09-19T22:22:16.356079Z,6.2591915,-13.5576162,0.7202058,-2.8451865,0.2912102,-1.7412990,-3.5740771,-9.0782690,1.0232849,-0.3336043,0.5805881,-0.4699762,0.5751069
gait_20260919_222211_andrew_fast_1,andrew_fast_1,2513573241208947,2026-09-19T22:22:16.366840Z,5.9353008,-15.0793552,0.8821885,-2.8451865,0.2912102,-1.7412990,-3.5740771,-9.0782690,1.0232849,-0.3336043,0.5805881,-0.4699762,0.5751069
gait_20260919_222211_andrew_fast_1,andrew_fast_1,2513573251293338,2026-09-19T22:22:16.376184Z,5.5085344,-17.2249336,0.8943840,-2.7362866,0.0008327,-3.1326494,-3.0686166,-9.3048792,0.4888191,-0.3636727,0.5860482,-0.4706098,0.5502874
gait_20260919_222211_andrew_fast_1,andrew_fast_1,2513573261373579,2026-09-19T22:22:16.387476Z,4.7465048,-19.3580189,0.7311293,-2.7362866,0.0008327,-3.1326494,-3.0686166,-9.3048792,0.4888191,-0.3636727,0.5860482,-0.4706098,0.5502874
gait_20260919_222211_andrew_fast_1,andrew_fast_1,2513573271464847,2026-09-19T22:22:16.397749Z,3.5226936,-21.0882778,0.2466776,-2.2290919,0.4795991,-4.5672002,-2.2799821,-9.5413485,0.0222207,-0.3981031,0.5839937,-0.4813784,0.5184015
gait_20260919_222211_andrew_fast_1,andrew_fast_1,2513573281547937,2026-09-19T22:22:16.406906Z,1.9684079,-22.5989437,-0.2597709,-2.2290919,0.4795991,-4.5672002,-2.2799821,-9.5413485,0.0222207,-0.3981031,0.5839937,-0.4813784,0.5184015
gait_20260919_222211_andrew_fast_1,andrew_fast_1,2513573291630659,2026-09-19T22:22:16.416721Z,0.1636287,-24.4051456,-0.3390040,-1.9421951,1.0840693,-5.7018476,-1.2115403,-9.7270155,-0.3917434,-0.4328452,0.5772390,-0.5033610,0.4754660
gait_20260919_222211_andrew_fast_1,andrew_fast_1,2513573301714765,2026-09-19T22:22:16.427389Z,-1.9389293,-26.4840603,0.1032499,-1.9421951,1.0840693,-5.7018476,-1.2115403,-9.7270155,-0.3917434,-0.4328452,0.5772390,-0.5033610,0.4754660
gait_20260919_222211_andrew_fast_1,andrew_fast_1,2513573311799727,2026-09-19T22:22:16.436289Z,-4.7855601,-27.8646927,1.6869396,-1.9505219,0.8658032,-5.9282570,-0.0178609,-9.7781572,-0.7895759,-0.4691006,0.5662901,-0.5255970,0.4277944
gait_20260919_222211_andrew_fast_1,andrew_fast_1,2513573321858036,2026-09-19T22:22:16.447067Z,-7.1869445,-27.9055424,3.4662056,-1.9505219,0.8658032,-5.9282570,-0.0178609,-9.7781572,-0.7895759,-0.4691006,0.5662901,-0.5255970,0.4277944
gait_20260919_222211_andrew_fast_1,andrew_fast_1,2513573331968020,2026-09-19T22:22:16.457114Z,-9.1686707,-26.2247391,4.1250601,-1.1521671,1.1220402,-5.1989160,1.0910304,-9.6880560,-1.0896481,-0.5003218,0.5528208,-0.5451100,0.3833045
gait_20260919_222211_andrew_fast_1,andrew_fast_1,2513573342052290,2026-09-19T22:22:16.466976Z,-10.3390608,-22.8702374,4.5884128,-1.1521671,1.1220402,-5.1989160,1.0910304,-9.6880560,-1.0896481,-0.5003218,0.5528208,-0.5451100,0.3833045
gait_20260919_222211_andrew_fast_1,andrew_fast_1,2513573352138879,2026-09-19T22:22:16.477088Z,-11.1034098,-18.4147778,4.1347117,0.2123206,2.4205117,-3.8264844,1.9660828,-9.5516567,-1.0660615,-0.5121827,0.5405521,-0.5708548,0.3458283
gait_20260919_222211_andrew_fast_1,andrew_fast_1,2513573362201501,2026-09-19T22:22:16.486834Z,-11.0856771,-13.9272957,2.7433810,0.2123206,2.4205117,-3.8264844,1.9660828,-9.5516567,-1.0660615,-0.5121827,0.5405521,-0.5708548,0.3458283
gait_20260919_222211_andrew_fast_1,andrew_fast_1,2513573372305138,2026-09-19T22:22:16.498601Z,-10.2072296,-10.2168818,-0.3718494,1.4722885,2.8428216,-2.2297413,2.5400271,-9.4491415,-0.7057596,-0.5029210,0.5319097,-0.6030851,0.3169084
gait_20260919_222211_andrew_fast_1,andrew_fast_1,2513573382392459,2026-09-19T22:22:16.508489Z,-8.4970970,-6.7021189,-4.2085576,1.4722885,2.8428216,-2.2297413,2.5400271,-9.4491415,-0.7057596,-0.5029210,0.5319097,-0.6030851,0.3169084
gait_20260919_222211_andrew_fast_1,andrew_fast_1,2513573392474328,2026-09-19T22:22:16.518402Z,-7.0209217,-5.0501194,-4.7087212,1.8727150,0.2302069,-1.1091168,2.7947834,-9.4001055,-0.2516688,-0.4926525,0.5195101,-0.6259865,0.3091012
gait_20260919_222211_andrew_fast_1,andrew_fast_1,2513573402534956,2026-09-19T22:22:16.529065Z,-6.5997667,-4.0247278,-3.4127848,1.8727150,0.2302069,-1.1091168,2.7947834,-9.4001055,-0.2516688,-0.4926525,0.5195101,-0.6259865,0.3091012
gait_20260919_222211_andrew_fast_1,andrew_fast_1,2513573412643232,2026-09-19T22:22:16.538870Z,-6.5236011,-3.3782187,-1.5212159,0.8243683,-3.1652246,-0.9809650,2.6888545,-9.4308033,-0.2571376,-0.5041474,0.5085639,-0.6181620,0.3241510
gait_20260919_222211_andrew_fast_1,andrew_fast_1,2513573422727827,2026-09-19T22:22:16.548799Z,-6.1308022,-2.8354082,0.3381810,0.8243683,-3.1652246,-0.9809650,2.6888545,-9.4308033,-0.2571376,-0.5041474,0.5085639,-0.6181620,0.3241510
gait_20260919_222211_andrew_fast_1,andrew_fast_1,2513573432812788,2026-09-19T22:22:16.557800Z,-5.6633344,-2.1134067,1.6545430,-0.5392867,-4.8657379,-0.9059891,2.8282831,-9.3776665,-0.5443558,-0.5360795,0.4908585,-0.5974243,0.3387637
gait_20260919_222211_andrew_fast_1,andrew_fast_1,2513573442896000,2026-09-19T22:22:16.568870Z,-5.0297689,-1.3834745,2.6478374,-0.5392867,-4.8657379,-0.9059891,2.8282831,-9.3776665,-0.5443558,-0.5360795,0.4908585,-0.5974243,0.3387637
gait_20260919_222211_andrew_fast_1,andrew_fast_1,2513573452983768,2026-09-19T22:22:16.577750Z,-4.1579056,-0.6761375,3.0777464,-1.4202616,-5.5148907,-0.5509611,2.8625026,-9.3200474,-1.0857724,-0.5739359,0.4769805,-0.5644889,0.3527600
gait_20260919_222211_andrew_fast_1,andrew_fast_1,2513573463064741,2026-09-19T22:22:16.587664Z,-3.1399956,-0.1554735,2.6749966,-1.4202616,-5.5148907,-0.5509611,2.8625026,-9.3200474,-1.0857724,-0.5739359,0.4769805,-0.5644889,0.3527600
gait_20260919_222211_andrew_fast_1,andrew_fast_1,2513573473150476,2026-09-19T22:22:16.598207Z,-2.3987656,0.2828151,1.7859248,-1.9310869,-5.5974607,-0.1806949,2.7433770,-9.2562008,-1.7414719,-0.6114340,0.4663649,-0.5239329,0.3662601
gait_20260919_222211_andrew_fast_1,andrew_fast_1,2513573483234704,2026-09-19T22:22:16.608498Z,-1.8680011,0.7176620,1.0798597,-1.9310869,-5.5974607,-0.1806949,2.7433770,-9.2562008,-1.7414719,-0.6114340,0.4663649,-0.5239329,0.3662601
gait_20260919_222211_andrew_fast_1,andrew_fast_1,2513573493318484,2026-09-19T22:22:16.618068Z,-1.9110967,1.2859856,0.9608231,-2.4072886,-4.6163960,-0.0983913,2.5338426,-9.1598091,-2.4318068,-0.6448302,0.4599875,-0.4821284,0.3743765
gait_20260919_222211_andrew_fast_1,andrew_fast_1,2513573503402754,2026-09-19T22:22:16.629552Z,-3.2934489,0.7939771,2.0152445,-2.4072886,-4.6163960,-0.0983913,2.5338426,-9.1598091,-2.4318068,-0.6448302,0.4599875,-0.4821284,0.3743765
gait_20260919_222211_andrew_fast_1,andrew_fast_1,2513573513487593,2026-09-19T22:22:16.639107Z,-4.9687915,-0.3583821,3.8946929,-2.4404798,-2.2675958,-0.3434868,2.3966050,-9.0079031,-3.0577960,-0.6691281,0.4604441,-0.4511057,0.3698144
gait_20260919_222211_andrew_fast_1,andrew_fast_1,2513573523570357,2026-09-19T22:22:16.649458Z,-6.2973490,-0.9224410,4.7814450,-2.4404798,-2.2675958,-0.3434868,2.3966050,-9.0079031,-3.0577960,-0.6691281,0.4604441,-0.4511057,0.3698144
gait_20260919_222211_andrew_fast_1,andrew_fast_1,2513573533655114,2026-09-19T22:22:16.658805Z,-6.7511997,-0.9200468,4.9721584,-1.0389705,0.0805549,-0.5984081,2.4529445,-8.8768120,-3.3795595,-0.6788168,0.4640676,-0.4426452,0.3576512
gait_20260919_222211_andrew_fast_1,andrew_fast_1,2513573543715295,2026-09-19T22:22:16.669952Z,-7.0485296,-1.0373627,4.3555765,-1.0389705,0.0805549,-0.5984081,2.4529445,-8.8768120,-3.3795595,-0.6788168,0.4640676,-0.4426452,0.3576512
gait_20260919_222211_andrew_fast_1,andrew_fast_1,2513573553825240,2026-09-19T22:22:16.678476Z,-7.2634096,-1.2807482,2.1975031,0.5548415,1.6032548,-0.4583987,2.6371651,-8.8590193,-3.2862241,-0.6738261,0.4659969,-0.4550942,0.3488476
gait_20260919_222211_andrew_fast_1,andrew_fast_1,2513573563887577,2026-09-19T22:22:16.689230Z,-6.7165589,-1.9555391,-2.6093805,0.5548415,1.6032548,-0.4583987,2.6371651,-8.8590193,-3.2862241,-0.6738261,0.4659969,-0.4550942,0.3488476
gait_20260919_222211_andrew_fast_1,andrew_fast_1,2513573573992475,2026-09-19T22:22:16.698434Z,-4.5930514,-3.6128504,-8.7906113,1.6863078,0.9377980,0.1818107,2.7431490,-8.9471855,-2.9426341,-0.6604244,0.4662209,-0.4735614,0.3495960
gait_20260919_222211_andrew_fast_1,andrew_fast_1,2513573584078901,2026-09-19T22:22:16.709838Z,0.2895488,-5.9427829,-17.6361389,1.6863078,0.9377980,0.1818107,2.7431490,-8.9471855,-2.9426341,-0.6604244,0.4662209,-0.4735614,0.3495960
gait_20260919_222211_andrew_fast_1,andrew_fast_1,2513573594162805,2026-09-19T22:22:16.719682Z,10.3144455,-9.9671364,-33.0778427,1.8118949,-1.6487699,0.9243583,2.5622232,-9.0964193,-2.6317859,-0.6529585,0.4600445,-0.4752238,0.3690079
gait_20260919_222211_andrew_fast_1,andrew_fast_1,2513573604249760,2026-09-19T22:22:16.731551Z,16.9721222,-13.5952501,-19.9125748,1.8118949,-1.6487699,0.9243583,2.5622232,-9.0964193,-2.6317859,-0.6529585,0.4600445,-0.4752238,0.3690079
gait_20260919_222211_andrew_fast_1,andrew_fast_1,2513573614333052,2026-09-19T22:22:16.739133Z,17.1929111,-14.4260378,-2.0525043,0.6504016,-0.3707992,0.8538623,2.3003869,-9.1878538,-2.5549393,-0.6508190,0.4591445,-0.4665910,0.3845956
gait_20260919_222211_andrew_fast_1,andrew_fast_1,2513573624417240,2026-09-19T22:22:16.750675Z,16.8204632,-15.5329075,5.9289412,0.6504016,-0.3707992,0.8538623,2.3003869,-9.1878538,-2.5549393,-0.6508190,0.4591445,-0.4665910,0.3845956
gait_20260919_222211_andrew_fast_1,andrew_fast_1,2513573634503381,2026-09-19T22:22:16.759395Z,15.4467907,-18.0917110,6.8972464,2.5273466,1.4685580,-0.0949606,2.2800515,-9.2861786,-2.1918936,-0.6373086,0.4578614,-0.4797609,0.3924668
gait_20260919_222211_andrew_fast_1,andrew_fast_1,2513573644560673,2026-09-19T22:22:16.769913Z,14.1809311,-20.0874271,-0.1925088,2.5273466,1.4685580,-0.0949606,2.2800515,-9.2861786,-2.1918936,-0.6373086,0.4578614,-0.4797609,0.3924668
gait_20260919_222211_andrew_fast_1,andrew_fast_1,2513573654645063,2026-09-19T22:22:16.779280Z,11.4222126,-19.2728748,-2.3454199,3.1437576,3.7588696,-0.9774176,2.5521755,-9.3700333,-1.3874452,-0.6114901,0.4477814,-0.5187159,0.3956079
gait_20260919_222211_andrew_fast_1,andrew_fast_1,2513573664758711,2026-09-19T22:22:16.791263Z,8.8395424,-16.2099419,0.2676269,3.1437576,3.7588696,-0.9774176,2.5521755,-9.3700333,-1.3874452,-0.6114901,0.4477814,-0.5187159,0.3956079
gait_20260919_222211_andrew_fast_1,andrew_fast_1,2513573674836063,2026-09-19T22:22:16.799740Z,5.7311950,-12.6505880,2.7914147,0.6145458,5.1910057,-0.4935718,2.8234627,-9.3604259,-0.8041150,-0.5798485,0.4555306,-0.5611567,0.3759933
gait_20260919_222211_andrew_fast_1,andrew_fast_1,2513573684921472,2026-09-19T22:22:16.811331Z,3.2314990,-10.2743425,2.5330653,0.6145458,5.1910057,-0.4935718,2.8234627,-9.3604259,-0.8041150,-0.5798485,0.4555306,-0.5611567,0.3759933
gait_20260919_222211_andrew_fast_1,andrew_fast_1,2513573695006025,2026-09-19T22:22:16.819788Z,0.9569325,-11.6539268,2.6945992,-0.9841459,3.4760029,0.5893983,2.8442917,-9.3626757,-0.6974390,-0.5555074,0.4782698,-0.5823281,0.3515158
gait_20260919_222211_andrew_fast_1,andrew_fast_1,2513573705089888,2026-09-19T22:22:16.831235Z,-4.9025769,-17.9144650,-6.6714430,-0.9841459,3.4760029,0.5893983,2.8442917,-9.3626757,-0.6974390,-0.5555074,0.4782698,-0.5823281,0.3515158
gait_20260919_222211_andrew_fast_1,andrew_fast_1,2513573715176111,2026-09-19T22:22:16.839973Z,-5.9296145,-22.0088482,-16.1351242,1.0309433,0.0457150,1.0061457,2.6534753,-9.4188261,-0.6934437,-0.5422447,0.4927112,-0.5849944,0.3478335
gait_20260919_222211_andrew_fast_1,andrew_fast_1,2513573725259810,2026-09-19T22:22:16.850731Z,-2.9653685,-22.3105183,-3.8271315,1.0309433,0.0457150,1.0061457,2.6534753,-9.4188261,-0.6934437,-0.5422447,0.4927112,-0.5849944,0.3478335
gait_20260919_222211_andrew_fast_1,andrew_fast_1,2513573735343916,2026-09-19T22:22:16.860084Z,-3.7185693,-20.4995289,1.7649755,0.6828434,1.2766051,0.9189958,2.4769187,-9.4845705,-0.3793659,-0.5283877,0.4915004,-0.5924008,0.3581828
gait_20260919_222211_andrew_fast_1,andrew_fast_1,2513573745428918,2026-09-19T22:22:16.870502Z,-4.7026610,-15.4108782,3.1831660,0.6828434,1.2766051,0.9189958,2.4769187,-9.4845705,-0.3793659,-0.5283877,0.4915004,-0.5924008,0.3581828
gait_20260919_222211_andrew_fast_1,andrew_fast_1,2513573755511641,2026-09-19T22:22:16.880643Z,-4.3705406,-10.6027222,3.1316159,-0.8443863,0.3076143,0.7984049,2.3093050,-9.5242281,-0.4385580,-0.5205593,0.5026066,-0.5910981,0.3563815
gait_20260919_222211_andrew_fast_1,andrew_fast_1,2513573765596236,2026-09-19T22:22:16.894367Z,-3.7950342,-7.7693343,3.5047371,-0.8443863,0.3076143,0.7984049,2.3093050,-9.5242281,-0.4385580,-0.5205593,0.5026066,-0.5910981,0.3563815
gait_20260919_222211_andrew_fast_1,andrew_fast_1,2513573775680668,2026-09-19T22:22:16.901084Z,-4.2522516,-6.8874450,4.4548612,-1.3320292,0.3042835,0.5736104,2.1806798,-9.5404797,-0.6782155,-0.5197176,0.5153528,-0.5836944,0.3515767
gait_20260919_222211_andrew_fast_1,andrew_fast_1,2513573785765466,2026-09-19T22:22:16.910275Z,-5.4408236,-8.5744591,4.6596403,-1.3320292,0.3042835,0.5736104,2.1806798,-9.5404797,-0.6782155,-0.5197176,0.5153528,-0.5836944,0.3515767
gait_20260919_222211_andrew_fast_1,andrew_fast_1,2513573795850875,2026-09-19T22:22:16.920350Z,-6.4246907,-10.6273375,4.6239514,-1.1339644,0.5945111,0.4710391,2.0851531,-9.5442934,-0.8914546,-0.5174487,0.5278600,-0.5787327,0.3444987
gait_20260919_222211_andrew_fast_1,andrew_fast_1,2513573805934208,2026-09-19T22:22:16.930380Z,-6.8510079,-11.8627453,4.6145244,-1.1339644,0.5945111,0.4710391,2.0851531,-9.5442934,-0.8914546,-0.5174487,0.5278600,-0.5787327,0.3444987
gait_20260919_222211_andrew_fast_1,andrew_fast_1,2513573816021123,2026-09-19T22:22:16.940728Z,-6.4911299,-11.9102554,4.0798693,-0.5205011,0.6951673,0.9405293,1.9597046,-9.5597696,-1.0032276,-0.5109084,0.5392978,-0.5767493,0.3398394
gait_20260919_222211_andrew_fast_1,andrew_fast_1,2513573826103275,2026-09-19T22:22:16.951480Z,-5.2767458,-10.9329720,3.7603183,-0.5205011,0.6951673,0.9405293,1.9597046,-9.5597696,-1.0032276,-0.5109084,0.5392978,-0.5767493,0.3398394
gait_20260919_222211_andrew_fast_1,andrew_fast_1,2513573836162520,2026-09-19T22:22:16.961218Z,-4.3232551,-9.5991774,3.2257378,0.1752823,0.1033208,1.7078745,1.6748412,-9.6154814,-0.9866861,-0.4993607,0.5491464,-0.5742397,0.3454360
gait_20260919_222211_andrew_fast_1,andrew_fast_1,2513573846246383,2026-09-19T22:22:16.971873Z,-3.4004397,-8.4551229,2.7903674,0.1752823,0.1033208,1.7078745,1.6748412,-9.6154814,-0.9866861,-0.4993607,0.5491464,-0.5742397,0.3454360
gait_20260919_222211_andrew_fast_1,andrew_fast_1,2513573856359379,2026-09-19T22:22:16.981775Z,-2.4511387,-7.8364468,2.4643068,0.6049864,-1.0204014,2.1680219,1.2031344,-9.6977139,-0.8619488,-0.4859242,0.5555273,-0.5682242,0.3638521
gait_20260919_222211_andrew_fast_1,andrew_fast_1,2513573866416182,2026-09-19T22:22:16.991499Z,-1.9785085,-7.4660935,2.3368156,0.6049864,-1.0204014,2.1680219,1.2031344,-9.6977139,-0.8619488,-0.4859242,0.5555273,-0.5682242,0.3638521
gait_20260919_222211_andrew_fast_1,andrew_fast_1,2513573876500248,2026-09-19T22:22:17.001278Z,-1.6570868,-7.1162410,2.1565771,0.8037341,-2.0309603,2.2582195,0.7233256,-9.7551088,-0.7421250,-0.4793925,0.5561362,-0.5557893,0.3898637
gait_20260919_222211_andrew_fast_1,andrew_fast_1,2513573886585616,2026-09-19T22:22:17.011438Z,-1.4499136,-6.7862897,2.2330420,0.8037341,-2.0309603,2.2582195,0.7233256,-9.7551088,-0.7421250,-0.4793925,0.5561362,-0.5557893,0.3898637
gait_20260919_222211_andrew_fast_1,andrew_fast_1,2513573896668787,2026-09-19T22:22:17.021061Z,-1.2978817,-6.4189296,2.4963293,0.9526700,-2.4871607,2.2165015,0.2473864,-9.7894850,-0.5838545,-0.4755976,0.5527040,-0.5407584,0.4194111
gait_20260919_222211_andrew_fast_1,andrew_fast_1,2513573906754154,2026-09-19T22:22:17.031017Z,-1.1275194,-5.9525089,2.7105355,0.9526700,-2.4871607,2.2165015,0.2473864,-9.7894850,-0.5838545,-0.4755976,0.5527040,-0.5407584,0.4194111
gait_20260919_222211_andrew_fast_1,andrew_fast_1,2513573916863163,2026-09-19T22:22:17.041084Z,-0.9430162,-5.4657378,2.3338230,1.2777542,-2.3943486,2.1804624,-0.2117099,-9.8012733,-0.3554596,-0.4710529,0.5466211,-0.5261756,0.4499485
gait_20260919_222211_andrew_fast_1,andrew_fast_1,2513573926922042,2026-09-19T22:22:17.051828Z,-0.5554548,-5.0398693,1.9318963,1.2777542,-2.3943486,2.1804624,-0.2117099,-9.8012733,-0.3554596,-0.4710529,0.5466211,-0.5261756,0.4499485
gait_20260919_222211_andrew_fast_1,andrew_fast_1,2513573937030522,2026-09-19T22:22:17.062663Z,-0.1446247,-4.6343513,1.4578444,1.7246784,-1.8252846,2.0923634,-0.6426049,-9.7889109,-0.0199742,-0.4617965,0.5392970,-0.5159792,0.4792371
gait_20260919_222211_andrew_fast_1,andrew_fast_1,2513573947115808,2026-09-19T22:22:17.071660Z,0.1625813,-4.4178257,0.9541642,1.7246784,-1.8252846,2.0923634,-0.6426049,-9.7889109,-0.0199742,-0.4617965,0.5392970,-0.5159792,0.4792371
gait_20260919_222211_andrew_fast_1,andrew_fast_1,2513573957199304,2026-09-19T22:22:17.082440Z,0.4290859,-4.6121302,0.4500351,2.0648177,-1.0588053,1.8923832,-1.0263232,-9.7480850,0.3969902,-0.4471691,0.5321351,-0.5117403,0.5049692
gait_20260919_222211_andrew_fast_1,andrew_fast_1,2513573967286381,2026-09-19T22:22:17.091811Z,0.4160674,-5.3511157,0.1080384,2.0648177,-1.0588053,1.8923832,-1.0263232,-9.7480850,0.3969902,-0.4471691,0.5321351,-0.5117403,0.5049692
gait_20260919_222211_andrew_fast_1,andrew_fast_1,2513573977369389,2026-09-19T22:22:17.102396Z,0.2633622,-6.3346834,-0.0902315,2.1481206,-0.4441263,1.6471711,-1.3535855,-9.6802130,0.8351095,-0.4290620,0.5260847,-0.5125270,0.5257915
gait_20260919_222211_andrew_fast_1,andrew_fast_1,2513573987453861,2026-09-19T22:22:17.113272Z,0.1328782,-7.3739915,-0.0684592,2.1481206,-0.4441263,1.6471711,-1.3535855,-9.6802130,0.8351095,-0.4290620,0.5260847,-0.5125270,0.5257915
gait_20260919_222211_andrew_fast_1,andrew_fast_1,2513573997538700,2026-09-19T22:22:17.122280Z,0.2517653,-8.4486141,0.1184382,1.9684749,-0.1027712,1.5333416,-1.6464946,-9.5912170,1.2384435,-0.4101271,0.5215715,-0.5150895,0.5426248
gait_20260919_222211_andrew_fast_1,andrew_fast_1,2513574007624557,2026-09-19T22:22:17.133315Z,0.3995324,-9.7758999,0.5761796,1.9684749,-0.1027712,1.5333416,-1.6464946,-9.5912170,1.2384435,-0.4101271,0.5215715,-0.5150895,0.5426248
gait_20260919_222211_andrew_fast_1,andrew_fast_1,2513574017706914,2026-09-19T22:22:17.142134Z,0.6045359,-11.6502600,1.6521488,1.7694274,0.1712521,1.5934290,-1.9385036,-9.4861965,1.5780995,-0.3910868,0.5194456,-0.5170563,0.5566689
gait_20260919_222211_andrew_fast_1,andrew_fast_1,2513574027793054,2026-09-19T22:22:17.153068Z,0.8766519,-13.3365269,1.7659482,1.7694274,0.1712521,1.5934290,-1.9385036,-9.4861965,1.5780995,-0.3910868,0.5194456,-0.5170563,0.5566689
gait_20260919_222211_andrew_fast_1,andrew_fast_1,2513574037874841,2026-09-19T22:22:17.162865Z,1.2946646,-14.0941420,0.3323451,2.4889593,0.8926992,1.7591020,-2.2765687,-9.3418102,1.9452301,-0.3670832,0.5186900,-0.5210288,0.5698593
gait_20260919_222211_andrew_fast_1,andrew_fast_1,2513574047959803,2026-09-19T22:22:17.173905Z,1.8059014,-14.4652433,-0.7945009,2.4889593,0.8926992,1.7591020,-2.2765687,-9.3418102,1.9452301,-0.3670832,0.5186900,-0.5210288,0.5698593
gait_20260919_222211_andrew_fast_1,andrew_fast_1,2513574058043665,2026-09-19T22:22:17.184367Z,2.2423196,-14.6727152,-1.3493571,2.8464022,1.8684682,1.8313134,-2.6893222,-9.1198311,2.4150283,-0.3310043,0.5192947,-0.5322494,0.5809301
gait_20260919_222211_andrew_fast_1,andrew_fast_1,2513574068129236,2026-09-19T22:22:17.193888Z,2.4596682,-14.7971392,-1.5151556,2.8464022,1.8684682,1.8313134,-2.6893222,-9.1198311,2.4150283,-0.3310043,0.5192947,-0.5322494,0.5809301
gait_20260919_222211_andrew_fast_1,andrew_fast_1,2513574078212040,2026-09-19T22:22:17.202827Z,2.6660931,-15.1679411,-1.2062287,1.9724885,2.2354536,1.6288352,-3.1119499,-8.9000902,2.7092953,-0.2957715,0.5253900,-0.5420874,0.5853425
gait_20260919_222211_andrew_fast_1,andrew_fast_1,2513574088299850,2026-09-19T22:22:17.212487Z,3.1749358,-15.8470716,-1.1094880,1.9724885,2.2354536,1.6288352,-3.1119499,-8.9000902,2.7092953,-0.2957715,0.5253900,-0.5420874,0.5853425
gait_20260919_222211_andrew_fast_1,andrew_fast_1,2513574098380254,2026-09-19T22:22:17.222448Z,3.6722565,-15.9704475,-1.9723732,1.4158484,2.7350707,1.4362828,-3.5080914,-8.7253609,2.7923992,-0.2655210,0.5367354,-0.5485123,0.5835649
gait_20260919_222211_andrew_fast_1,andrew_fast_1,2513574108447839,2026-09-19T22:22:17.232454Z,3.9582140,-15.2698441,-2.9576621,1.4158484,2.7350707,1.4362828,-3.5080914,-8.7253609,2.7923992,-0.2655210,0.5367354,-0.5485123,0.5835649
gait_20260919_222211_andrew_fast_1,andrew_fast_1,2513574118550338,2026-09-19T22:22:17.243421Z,4.2231474,-14.3215160,-3.6954503,1.2514243,3.3632395,1.1829768,-3.9108036,-8.5558186,2.7820334,-0.2315845,0.5519154,-0.5576081,0.5751795
gait_20260919_222211_andrew_fast_1,andrew_fast_1,2513574128639368,2026-09-19T22:22:17.254075Z,4.6058455,-13.3544827,-4.0654292,1.2514243,3.3632395,1.1829768,-3.9108036,-8.5558186,2.7820334,-0.2315845,0.5519154,-0.5576081,0.5751795
gait_20260919_222211_andrew_fast_1,andrew_fast_1,2513574138719569,2026-09-19T22:22:17.263186Z,4.8222961,-12.5991125,-3.9315035,0.2202812,2.5208182,0.8407724,-4.2350597,-8.4454346,2.6410308,-0.2051620,0.5680036,-0.5628344,0.5643562
gait_20260919_222211_andrew_fast_1,andrew_fast_1,2513574148827641,2026-09-19T22:22:17.274135Z,5.0248308,-12.2993135,-3.4167502,0.2202812,2.5208182,0.8407724,-4.2350597,-8.4454346,2.6410308,-0.2051620,0.5680036,-0.5628344,0.5643562
gait_20260919_222211_andrew_fast_1,andrew_fast_1,2513574158888025,2026-09-19T22:22:17.282973Z,5.4147115,-12.2752962,-2.8850131,-0.9050565,1.2682948,0.3980950,-4.3995047,-8.4345951,2.3954308,-0.1965445,0.5816804,-0.5597708,0.5564844
gait_20260919_222211_andrew_fast_1,andrew_fast_1,2513574168947067,2026-09-19T22:22:17.293115Z,5.9391165,-12.4016657,-2.3143702,-0.9050565,1.2682948,0.3980950,-4.3995047,-8.4345951,2.3954308,-0.1965445,0.5816804,-0.5597708,0.5564844
gait_20260919_222211_andrew_fast_1,andrew_fast_1,2513574179057052,2026-09-19T22:22:17.303814Z,6.3278003,-12.1825962,-1.6312743,-1.6754827,1.2118380,-0.0372048,-4.4555621,-8.4959335,2.0501709,-0.1981083,0.5960714,-0.5530304,0.5473659
gait_20260919_222211_andrew_fast_1,andrew_fast_1,2513574189140995,2026-09-19T22:22:17.313835Z,6.2964511,-11.8476324,-0.8146271,-1.6754827,1.2118380,-0.0372048,-4.4555621,-8.4959335,2.0501709,-0.1981083,0.5960714,-0.5530304,0.5473659
gait_20260919_222211_andrew_fast_1,andrew_fast_1,2513574199225387,2026-09-19T22:22:17.324004Z,6.1442699,-12.0057993,0.1812860,-2.5024323,1.4072549,-0.7537224,-4.4192524,-8.6234016,1.5307741,-0.2045436,0.6157448,-0.5456015,0.5304144
gait_20260919_222211_andrew_fast_1,andrew_fast_1,2513574209310022,2026-09-19T22:22:17.333577Z,5.9718871,-12.6051731,0.3829226,-2.5024323,1.4072549,-0.7537224,-4.4192524,-8.6234016,1.5307741,-0.2045436,0.6157448,-0.5456015,0.5304144
gait_20260919_222211_andrew_fast_1,andrew_fast_1,2513574219393519,2026-09-19T22:22:17.343707Z,5.7039609,-13.6199398,0.7315782,-3.0481310,0.4322854,-1.8529634,-4.1737304,-8.8290930,0.9291033,-0.2241557,0.6336783,-0.5371277,0.5096076
gait_20260919_222211_andrew_fast_1,andrew_fast_1,2513574229479822,2026-09-19T22:22:17.354067Z,5.6723127,-15.2990990,0.9198224,-3.0481310,0.4322854,-1.8529634,-4.1737304,-8.8290930,0.9291033,-0.2241557,0.6336783,-0.5371277,0.5096076
gait_20260919_222211_andrew_fast_1,andrew_fast_1,2513574239563928,2026-09-19T22:22:17.364029Z,5.4858642,-17.5647621,1.1879729,-2.9029422,-0.6997138,-3.0581732,-3.6782455,-9.0849476,0.4127325,-0.2584008,0.6416648,-0.5306250,0.4898290
gait_20260919_222211_andrew_fast_1,andrew_fast_1,2513574249648686,2026-09-19T22:22:17.374907Z,4.4294229,-19.4807205,0.9744401,-2.9029422,-0.6997138,-3.0581732,-3.6782455,-9.0849476,0.4127325,-0.2584008,0.6416648,-0.5306250,0.4898290
gait_20260919_222211_andrew_fast_1,andrew_fast_1,2513574259733688,2026-09-19T22:22:17.384091Z,2.8306198,-20.9355736,0.3607014,-2.4618969,-0.7566369,-4.4230938,-2.9271119,-9.3631229,-0.0076058,-0.3010947,0.6400679,-0.5310124,0.4665628
gait_20260919_222211_andrew_fast_1,andrew_fast_1,2513574269816085,2026-09-19T22:22:17.394229Z,1.1588684,-22.2431812,-0.0806547,-2.4618969,-0.7566369,-4.4230938,-2.9271119,-9.3631229,-0.0076058,-0.3010947,0.6400679,-0.5310124,0.4665628
gait_20260919_222211_andrew_fast_1,andrew_fast_1,2513574279900354,2026-09-19T22:22:17.405776Z,-0.3494786,-23.7792854,-0.2032079,-2.2144864,-0.0050961,-5.5277972,-1.9097559,-9.6130915,-0.4212132,-0.3458626,0.6340266,-0.5404876,0.4315813
gait_20260919_222211_andrew_fast_1,andrew_fast_1,2513574289985112,2026-09-19T22:22:17.415579Z,-2.3721302,-26.3727303,0.3953426,-2.2144864,-0.0050961,-5.5277972,-1.9097559,-9.6130915,-0.4212132,-0.3458626,0.6340266,-0.5404876,0.4315813
gait_20260919_222211_andrew_fast_1,andrew_fast_1,2513574300069585,2026-09-19T22:22:17.425166Z,-5.0122614,-28.8531990,1.4934582,-2.2013464,0.6113482,-5.9018440,-0.7521218,-9.7429390,-0.8634675,-0.3891253,0.6266568,-0.5530161,0.3873706
gait_20260919_222211_andrew_fast_1,andrew_fast_1,2513574310154302,2026-09-19T22:22:17.436036Z,-7.6610713,-29.7482548,3.2903814,-2.2013464,0.6113482,-5.9018440,-0.7521218,-9.7429390,-0.8634675,-0.3891253,0.6266568,-0.5530161,0.3873706
gait_20260919_222211_andrew_fast_1,andrew_fast_1,2513574320238489,2026-09-19T22:22:17.445329Z,-10.3220024,-27.9938297,3.9419782,-1.2544054,1.4770682,-5.5257988,0.4031081,-9.7266722,-1.2105681,-0.4247274,0.6173904,-0.5681613,0.3400421
gait_20260919_222211_andrew_fast_1,andrew_fast_1,2513574330322270,2026-09-19T22:22:17.456867Z,-11.5818014,-23.8393650,4.2612300,-1.2544054,1.4770682,-5.5257988,0.4031081,-9.7266722,-1.2105681,-0.4247274,0.6173904,-0.5681613,0.3400421
gait_20260919_222211_andrew_fast_1,andrew_fast_1,2513574340406743,2026-09-19T22:22:17.465828Z,-11.0388412,-18.8330898,3.5018194,0.2300570,3.2871311,-4.1590462,1.3843825,-9.6381855,-1.1937298,-0.4385051,0.6064872,-0.5938988,0.2952472
gait_20260919_222211_andrew_fast_1,andrew_fast_1,2513574350491257,2026-09-19T22:22:17.476134Z,-9.9312239,-13.6548061,1.3545945,0.2300570,3.2871311,-4.1590462,1.3843825,-9.6381855,-1.1937298,-0.4385051,0.6064872,-0.5938988,0.2952472
gait_20260919_222211_andrew_fast_1,andrew_fast_1,2513574360557418,2026-09-19T22:22:17.485053Z,-8.9265566,-9.4762506,-1.8608185,1.4021256,4.0663009,-2.5694311,2.0500431,-9.5577612,-0.8262450,-0.4269525,0.5984634,-0.6279265,0.2554635
gait_20260919_222211_andrew_fast_1,andrew_fast_1,2513574370634811,2026-09-19T22:22:17.496324Z,-7.8428812,-6.4751935,-4.3605146,1.4021256,4.0663009,-2.5694311,2.0500431,-9.5577612,-0.8262450,-0.4269525,0.5984634,-0.6279265,0.2554635
gait_20260919_222211_andrew_fast_1,andrew_fast_1,2513574380744227,2026-09-19T22:22:17.505780Z,-6.8944778,-4.9337015,-4.3858781,1.5610704,1.0412687,-1.5272464,2.4041719,-9.5032110,-0.3808875,-0.4169249,0.5859987,-0.6530748,0.2372183
gait_20260919_222211_andrew_fast_1,andrew_fast_1,2513574390832036,2026-09-19T22:22:17.516831Z,-6.4535708,-4.1377044,-2.5613470,1.5610704,1.0412687,-1.5272464,2.4041719,-9.5032110,-0.3808875,-0.4169249,0.5859987,-0.6530748,0.2372183
gait_20260919_222211_andrew_fast_1,andrew_fast_1,2513574400894983,2026-09-19T22:22:17.527526Z,-5.9230304,-3.4211645,-0.4478654,0.3386239,-2.6442070,-1.0832865,2.5778811,-9.4596453,-0.3252067,-0.4326334,0.5720964,-0.6527645,0.2437879
gait_20260919_222211_andrew_fast_1,andrew_fast_1,2513574410999598,2026-09-19T22:22:17.535524Z,-5.2576671,-2.5883565,1.2177508,0.3386239,-2.6442070,-1.0832865,2.5778811,-9.4596453,-0.3252067,-0.4326334,0.5720964,-0.6527645,0.2437879
gait_20260919_222211_andrew_fast_1,andrew_fast_1,2513574421082728,2026-09-19T22:22:17.545151Z,-4.2553945,-1.7873464,2.3728783,-0.7107054,-4.4334526,-0.6380610,2.6763523,-9.4161892,-0.6392410,-0.4650468,0.5613156,-0.6331248,0.2604023
gait_20260919_222211_andrew_fast_1,andrew_fast_1,2513574431166509,2026-09-19T22:22:17.555508Z,-3.1839142,-1.0963199,2.3116765,-0.7107054,-4.4334526,-0.6380610,2.6763523,-9.4161892,-0.6392410,-0.4650468,0.5613156,-0.6331248,0.2604023
gait_20260919_222211_andrew_fast_1,andrew_fast_1,2513574441276616,2026-09-19T22:22:17.565937Z,-2.1915176,-0.3071312,1.8231846,-1.1590952,-5.4450607,-0.2416482,2.6374142,-9.3824539,-1.1179061,-0.5017849,0.5523469,-0.6028218,0.2823664
gait_20260919_222211_andrew_fast_1,andrew_fast_1,2513574451334437,2026-09-19T22:22:17.575713Z,-1.1406875,0.3533692,0.8818892,-1.1590952,-5.4450607,-0.2416482,2.6374142,-9.3824539,-1.1179061,-0.5017849,0.5523469,-0.6028218,0.2823664
gait_20260919_222211_andrew_fast_1,andrew_fast_1,2513574461393071,2026-09-19T22:22:17.585527Z,-0.2994249,0.7807342,0.4762965,-1.5867674,-5.8006716,-0.0594378,2.4744916,-9.3417873,-1.6864227,-0.5409490,0.5427340,-0.5641792,0.3074342
gait_20260919_222211_andrew_fast_1,andrew_fast_1,2513574471461767,2026-09-19T22:22:17.598506Z,-0.1236755,1.0491092,1.9903297,-1.5867674,-5.8006716,-0.0594378,2.4744916,-9.3417873,-1.6864227,-0.5409490,0.5427340,-0.5641792,0.3074342
gait_20260919_222211_andrew_fast_1,andrew_fast_1,2513574481586299,2026-09-19T22:22:17.606565Z,-0.8069956,0.9152584,2.7890205,-2.0332253,-4.1193933,-0.1570963,2.2948368,-9.2619152,-2.2774489,-0.5744348,0.5370409,-0.5265850,0.3229863
gait_20260919_222211_andrew_fast_1,andrew_fast_1,2513574491672205,2026-09-19T22:22:17.616610Z,-2.1069722,0.4095581,3.4543841,-2.0332253,-4.1193933,-0.1570963,2.2948368,-9.2619152,-2.2774489,-0.5744348,0.5370409,-0.5265850,0.3229863
gait_20260919_222211_andrew_fast_1,andrew_fast_1,2513574501756475,2026-09-19T22:22:17.627154Z,-3.3096845,-0.2097171,4.1379290,-1.8816248,-1.6503187,-0.3988777,2.2261908,-9.1474419,-2.7576249,-0.5952685,0.5375657,-0.5024154,0.3228889
gait_20260919_222211_andrew_fast_1,andrew_fast_1,2513574511840378,2026-09-19T22:22:17.636439Z,-4.2298808,-0.5190181,4.7557826,-1.8816248,-1.6503187,-0.3988777,2.2261908,-9.1474419,-2.7576249,-0.5952685,0.5375657,-0.5024154,0.3228889
gait_20260919_222211_andrew_fast_1,andrew_fast_1,2513574521886886,2026-09-19T22:22:17.646786Z,-4.9545012,-0.5002385,4.7216649,-1.0761421,0.6053361,-0.5909138,2.3203700,-9.0435104,-3.0111375,-0.6025122,0.5414098,-0.4966321,0.3117872
gait_20260919_222211_andrew_fast_1,andrew_fast_1,2513574532010218,2026-09-19T22:22:17.657153Z,-5.3930888,-0.4380641,3.9452703,-1.0761421,0.6053361,-0.5909138,2.3203700,-9.0435104,-3.0111375,-0.6025122,0.5414098,-0.4966321,0.3117872
gait_20260919_222211_andrew_fast_1,andrew_fast_1,2513574542100908,2026-09-19T22:22:17.669493Z,-5.8205290,-0.6074539,2.0669444,0.2808515,1.4506050,-0.5625523,2.5149848,-9.0072527,-2.9631753,-0.5986146,0.5431321,-0.5067727,0.2997493
gait_20260919_222211_andrew_fast_1,andrew_fast_1,2513574552180649,2026-09-19T22:22:17.680352Z,-6.8726306,-1.4616601,-1.5441104,0.2808515,1.4506050,-0.5625523,2.5149848,-9.0072527,-2.9631753,-0.5986146,0.5431321,-0.5067727,0.2997493
gait_20260919_222211_andrew_fast_1,andrew_fast_1,2513574562279009,2026-09-19T22:22:17.690083Z,-6.0324903,-3.6174142,-9.2853880,1.6088338,-0.0124571,-0.1431570,2.6125395,-9.0625944,-2.6981771,-0.5926052,0.5371711,-0.5191211,0.3012967
gait_20260919_222211_andrew_fast_1,andrew_fast_1,2513574572339930,2026-09-19T22:22:17.699830Z,-0.1857751,-6.4933743,-23.0100746,1.6088338,-0.0124571,-0.1431570,2.6125395,-9.0625944,-2.6981771,-0.5926052,0.5371711,-0.5191211,0.3012967
gait_20260919_222211_andrew_fast_1,andrew_fast_1,2513574582422938,2026-09-19T22:22:17.709619Z,7.4139447,-9.7723827,-25.5686531,1.6737508,-2.4426949,0.8718985,2.4325676,-9.1910286,-2.4173887,-0.5923823,0.5244865,-0.5181733,0.3247980
gait_20260919_222211_andrew_fast_1,andrew_fast_1,2513574592508184,2026-09-19T22:22:17.719490Z,11.6746511,-13.7060566,-11.9428015,1.6737508,-2.4426949,0.8718985,2.4325676,-9.1910286,-2.4173887,-0.5923823,0.5244865,-0.5181733,0.3247980
gait_20260919_222211_andrew_fast_1,andrew_fast_1,2513574602601903,2026-09-19T22:22:17.731023Z,13.9359751,-15.5195894,-1.5191958,1.0769747,-3.5439510,1.4656935,1.9885054,-9.2881670,-2.4519234,-0.6023377,0.5157200,-0.4940695,0.3565354
gait_20260919_222211_andrew_fast_1,andrew_fast_1,2513574612683761,2026-09-19T22:22:17.740819Z,13.4610996,-17.1789207,4.2227731,1.0769747,-3.5439510,1.4656935,1.9885054,-9.2881670,-2.4519234,-0.6023377,0.5157200,-0.4940695,0.3565354
gait_20260919_222211_andrew_fast_1,andrew_fast_1,2513574622781092,2026-09-19T22:22:17.750014Z,11.5025682,-19.4054546,4.5492826,2.8778448,0.8698501,0.6947176,1.7212441,-9.4391174,-2.0436525,-0.5925821,0.5071826,-0.4956731,0.3819955
gait_20260919_222211_andrew_fast_1,andrew_fast_1,2513574632854029,2026-09-19T22:22:17.760793Z,10.1177464,-20.9772472,-1.0265139,2.8778448,0.8698501,0.6947176,1.7212441,-9.4391174,-2.0436525,-0.5925821,0.5071826,-0.4956731,0.3819955
gait_20260919_222211_andrew_fast_1,andrew_fast_1,2513574642938528,2026-09-19T22:22:17.769679Z,8.6420956,-19.3040733,-2.0173395,2.9034917,4.3955317,-0.0857176,1.8444458,-9.5508795,-1.2707591,-0.5609311,0.5036445,-0.5337876,0.3831049
gait_20260919_222211_andrew_fast_1,andrew_fast_1,2513574653009933,2026-09-19T22:22:17.780351Z,6.0861354,-15.1039715,-0.0556652,2.9034917,4.3955317,-0.0857176,1.8444458,-9.5508795,-1.2707591,-0.5609311,0.5036445,-0.5337876,0.3831049
gait_20260919_222211_andrew_fast_1,andrew_fast_1,2513574663105962,2026-09-19T22:22:17.791375Z,4.1680059,-11.7342072,0.9119664,0.4405957,5.7522254,0.1654066,1.9699529,-9.5791883,-0.7710874,-0.5224931,0.5180622,-0.5735580,0.3600607
gait_20260919_222211_andrew_fast_1,andrew_fast_1,2513574673178126,2026-09-19T22:22:17.800730Z,2.3642743,-11.8568354,2.5932946,0.4405957,5.7522254,0.1654066,1.9699529,-9.5791883,-0.7710874,-0.5224931,0.5180622,-0.5735580,0.3600607
gait_20260919_222211_andrew_fast_1,andrew_fast_1,2513574683248937,2026-09-19T22:22:17.810253Z,0.0837222,-18.3711586,1.3873651,-1.2261937,2.6346312,0.6557808,1.9322491,-9.5833216,-0.8139272,-0.5001439,0.5406864,-0.5866371,0.3367065
gait_20260919_222211_andrew_fast_1,andrew_fast_1,2513574693347783,2026-09-19T22:22:17.821135Z,1.1652280,-24.6484566,-14.4311256,-1.2261937,2.6346312,0.6557808,1.9322491,-9.5833216,-0.8139272,-0.5001439,0.5406864,-0.5866371,0.3367065
gait_20260919_222211_andrew_fast_1,andrew_fast_1,2513574703444198,2026-09-19T22:22:17.830606Z,2.9997852,-26.8542633,-9.2253084,1.3566604,-0.4874098,-0.0151717,1.8145970,-9.6110697,-0.7554546,-0.5015574,0.5368609,-0.5824400,0.3478279
gait_20260919_222211_andrew_fast_1,andrew_fast_1,2513574713529261,2026-09-19T22:22:17.840933Z,-2.1149778,-21.6072216,-2.0076129,1.3566604,-0.4874098,-0.0151717,1.8145970,-9.6110697,-0.7554546,-0.5015574,0.5368609,-0.5824400,0.3478279
gait_20260919_222211_andrew_fast_1,andrew_fast_1,2513574723588992,2026-09-19T22:22:17.851255Z,-5.2953010,-14.0432653,2.5098715,-0.5245314,2.0114419,-1.1132802,2.0229189,-9.5825539,-0.5644427,-0.4919890,0.5361184,-0.5993808,0.3335663
gait_20260919_222211_andrew_fast_1,andrew_fast_1,2513574733698043,2026-09-19T22:22:17.860711Z,-5.2889414,-9.1753292,3.5366099,-0.5245314,2.0114419,-1.1132802,2.0229189,-9.5825539,-0.5644427,-0.4919890,0.5361184,-0.5993808,0.3335663
gait_20260919_222211_andrew_fast_1,andrew_fast_1,2513574743757919,2026-09-19T22:22:17.871424Z,-5.0323877,-6.1347675,4.3555017,-1.7271764,0.2501916,-0.9623459,2.2422056,-9.5118160,-0.8567237,-0.4999253,0.5423639,-0.5969579,0.3155271
gait_20260919_222211_andrew_fast_1,andrew_fast_1,2513574753859095,2026-09-19T22:22:17.881039Z,-5.5166898,-4.7154551,5.3461027,-1.7271764,0.2501916,-0.9623459,2.2422056,-9.5118160,-0.8567237,-0.4999253,0.5423639,-0.5969579,0.3155271
gait_20260919_222211_andrew_fast_1,andrew_fast_1,2513574763979038,2026-09-19T22:22:17.891504Z,-6.6730142,-5.5577650,7.7810059,-1.7592852,-0.0556240,-0.5676317,2.3343151,-9.4550543,-1.1785706,-0.5090351,0.5488316,-0.5889633,0.3046134
gait_20260919_222211_andrew_fast_1,andrew_fast_1,2513574774023056,2026-09-19T22:22:17.901632Z,-8.0636711,-8.6868372,8.3599539,-1.7592852,-0.0556240,-0.5676317,2.3343151,-9.4550543,-1.1785706,-0.5090351,0.5488316,-0.5889633,0.3046134
gait_20260919_222211_andrew_fast_1,andrew_fast_1,2513574784096990,2026-09-19T22:22:17.911929Z,-8.6311722,-12.1321678,6.9068980,-0.9645109,-0.0246311,0.1857243,2.3492038,-9.4161959,-1.4326912,-0.5146012,0.5553215,-0.5812659,0.2982176
gait_20260919_222211_andrew_fast_1,andrew_fast_1,2513574794204677,2026-09-19T22:22:17.921815Z,-7.6868839,-14.4008989,5.7600002,-0.9645109,-0.0246311,0.1857243,2.3492038,-9.4161959,-1.4326912,-0.5146012,0.5553215,-0.5812659,0.2982176
gait_20260919_222211_andrew_fast_1,andrew_fast_1,2513574804290589,2026-09-19T22:22:17.931568Z,-6.1527991,-14.6804218,4.6291890,0.1418580,-0.7672620,1.3965964,2.1382961,-9.4607630,-1.4689411,-0.5119232,0.5595186,-0.5752490,0.3065326
gait_20260919_222211_andrew_fast_1,andrew_fast_1,2513574814366114,2026-09-19T22:22:17.942690Z,-4.6092873,-13.4076796,3.6825814,0.1418580,-0.7672620,1.3965964,2.1382961,-9.4607630,-1.4689411,-0.5119232,0.5595186,-0.5752490,0.3065326
gait_20260919_222211_andrew_fast_1,andrew_fast_1,2513574824432317,2026-09-19T22:22:17.951860Z,-3.8034139,-11.7164745,3.5543420,0.5774409,-1.8470180,1.8861380,1.7208021,-9.5537205,-1.4147120,-0.5088265,0.5602961,-0.5639793,0.3302898
gait_20260919_222211_andrew_fast_1,andrew_fast_1,2513574834529668,2026-09-19T22:22:17.962569Z,-3.4914942,-10.4399166,3.4751837,0.5774409,-1.8470180,1.8861380,1.7208021,-9.5537205,-1.4147120,-0.5088265,0.5602961,-0.5639793,0.3302898
gait_20260919_222211_andrew_fast_1,andrew_fast_1,2513574844599697,2026-09-19T22:22:17.969590Z,-3.0924857,-9.7208328,2.9507039,0.6287016,-2.7407498,1.7469779,1.2928183,-9.6280680,-1.3656769,-0.5112705,0.5565086,-0.5477203,0.3590308
gait_20260919_222211_andrew_fast_1,andrew_fast_1,2513574854698736,2026-09-19T22:22:17.978950Z,-2.6225486,-9.1433811,2.3938277,0.6287016,-2.7407498,1.7469779,1.2928183,-9.6280680,-1.3656769,-0.5112705,0.5565086,-0.5477203,0.3590308
gait_20260919_222211_andrew_fast_1,andrew_fast_1,2513574864793625,2026-09-19T22:22:17.989613Z,-2.2121675,-8.4457712,2.2177789,0.7495589,-3.0352409,1.6851087,0.5215053,-9.7532101,-0.9159942,-0.5015688,0.5455728,-0.5345888,0.4061943
gait_20260919_222211_andrew_fast_1,andrew_fast_1,2513574874879075,2026-09-19T22:22:17.999428Z,-1.9149872,-7.6882305,2.1351790,0.7495589,-3.0352409,1.6851087,0.5215053,-9.7532101,-0.9159942,-0.5015688,0.5455728,-0.5345888,0.4061943
gait_20260919_222211_andrew_fast_1,andrew_fast_1,2513574884962652,2026-09-19T22:22:18.009956Z,-1.5814451,-6.9329348,2.0138228,0.9586821,-2.6855919,1.7112221,0.1353215,-9.7795753,-0.7600700,-0.5046027,0.5365174,-0.5169035,0.4362749
gait_20260919_222211_andrew_fast_1,andrew_fast_1,2513574895022181,2026-09-19T22:22:18.019259Z,-1.2003181,-6.2997432,1.7700633,0.9586821,-2.6855919,1.7112221,0.1353215,-9.7795753,-0.7600700,-0.5046027,0.5365174,-0.5169035,0.4362749
gait_20260919_222211_andrew_fast_1,andrew_fast_1,2513574905130621,2026-09-19T22:22:18.029508Z,-0.7962217,-5.7195983,1.6048633,1.3308969,-1.9105027,1.7015295,-0.2361457,-9.7934542,-0.5182801,-0.5021949,0.5280877,-0.5034490,0.4641796
gait_20260919_222211_andrew_fast_1,andrew_fast_1,2513574915216070,2026-09-19T22:22:18.040111Z,-0.5035306,-4.9331031,2.1081693,1.3308969,-1.9105027,1.7015295,-0.2361457,-9.7934542,-0.5182801,-0.5021949,0.5280877,-0.5034490,0.4641796
gait_20260919_222211_andrew_fast_1,andrew_fast_1,2513574925301723,2026-09-19T22:22:18.049566Z,-0.4345476,-5.0183215,1.9252374,2.0384712,-0.9257573,1.4998174,-0.5633839,-9.7923622,-0.1684254,-0.4926818,0.5205966,-0.4976626,0.4884422
gait_20260919_222211_andrew_fast_1,andrew_fast_1,2513574935384934,2026-09-19T22:22:18.060765Z,-0.2800468,-6.3414173,0.7715315,2.0384712,-0.9257573,1.4998174,-0.5633839,-9.7923622,-0.1684254,-0.4926818,0.5205966,-0.4976626,0.4884422
gait_20260919_222211_andrew_fast_1,andrew_fast_1,2513574945470261,2026-09-19T22:22:18.070133Z,-0.0760907,-7.9126120,-0.2387468,3.5513453,0.2103721,1.2633653,-0.8196189,-9.7655230,0.4459784,-0.4722830,0.5093327,-0.5052525,0.5121025
gait_20260919_222211_andrew_fast_1,andrew_fast_1,2513574955556321,2026-09-19T22:22:18.080439Z,0.1292121,-9.0887642,-0.9245359,3.5513453,0.2103721,1.2633653,-0.8196189,-9.7655230,0.4459784,-0.4722830,0.5093327,-0.5052525,0.5121025
gait_20260919_222211_andrew_fast_1,andrew_fast_1,2513574965637742,2026-09-19T22:22:18.090225Z,0.2162263,-9.9583082,-1.2714708,3.7578204,1.1700701,1.2115383,-1.0751904,-9.6767530,1.2002120,-0.4414947,0.4985965,-0.5220335,0.5328838
gait_20260919_222211_andrew_fast_1,andrew_fast_1,2513574975721726,2026-09-19T22:22:18.101727Z,0.2348562,-10.5760870,-1.4235026,3.7578204,1.1700701,1.2115383,-1.0751904,-9.6767530,1.2002120,-0.4414947,0.4985965,-0.5220335,0.5328838
gait_20260919_222211_andrew_fast_1,andrew_fast_1,2513574985806890,2026-09-19T22:22:18.110326Z,0.2323872,-10.9328232,-1.4159459,2.8498328,1.5852852,1.1814946,-1.3327658,-9.5591898,1.7554868,-0.4120412,0.4945637,-0.5366033,0.5456057
gait_20260919_222211_andrew_fast_1,andrew_fast_1,2513574995892014,2026-09-19T22:22:18.122112Z,0.2466028,-10.9202528,-1.3074586,2.8498328,1.5852852,1.1814946,-1.3327658,-9.5591898,1.7554868,-0.4120412,0.4945637,-0.5366033,0.5456057
gait_20260919_222211_andrew_fast_1,andrew_fast_1,2513575005975429,2026-09-19T22:22:18.131025Z,0.2945616,-10.2322941,-0.6206968,1.6905712,1.8390408,1.3304805,-1.6394330,-9.4435558,2.0898850,-0.3861237,0.4974322,-0.5456353,0.5529483
gait_20260919_222211_andrew_fast_1,andrew_fast_1,2513575016059047,2026-09-19T22:22:18.140391Z,1.1243021,-9.3896103,-1.4047978,1.6905712,1.8390408,1.3304805,-1.6394330,-9.4435558,2.0898850,-0.3861237,0.4974322,-0.5456353,0.5529483
gait_20260919_222211_andrew_fast_1,andrew_fast_1,2513575026144049,2026-09-19T22:22:18.150493Z,2.1556046,-9.1037273,-2.8924949,1.6150291,3.0157557,1.6965166,-1.3016188,-9.6262007,1.3704767,-0.3952640,0.5251991,-0.5417067,0.5239143
gait_20260919_222211_andrew_fast_1,andrew_fast_1,2513575036228806,2026-09-19T22:22:18.160818Z,2.8064532,-9.0075102,-4.2722282,1.6150291,3.0157557,1.6965166,-1.3016188,-9.6262007,1.3704767,-0.3952640,0.5251991,-0.5417067,0.5239143
gait_20260919_222211_andrew_fast_1,andrew_fast_1,2513575046290574,2026-09-19T22:22:18.171979Z,3.2020950,-8.8811417,-4.8576856,1.8079313,4.6287699,1.6963668,-1.6191654,-9.5722771,1.4092250,-0.3603155,0.5475869,-0.5562853,0.5107524
gait_20260919_222211_andrew_fast_1,andrew_fast_1,2513575056397100,2026-09-19T22:22:18.182255Z,3.2571619,-9.3448687,-4.4455838,1.8079313,4.6287699,1.6963668,-1.6191654,-9.5722771,1.4092250,-0.3603155,0.5475869,-0.5562853,0.5107524
gait_20260919_222211_andrew_fast_1,andrew_fast_1,2513575066456793,2026-09-19T22:22:18.192109Z,2.9438953,-10.3656216,-3.5810523,0.6845088,4.2710605,1.2991211,-2.0330057,-9.4865036,1.4523362,-0.3196058,0.5700924,-0.5714363,0.4962938
gait_20260919_222211_andrew_fast_1,andrew_fast_1,2513575076567877,2026-09-19T22:22:18.202372Z,2.5123405,-11.1698484,-2.5041106,0.6845088,4.2710605,1.2991211,-2.0330057,-9.4865036,1.4523362,-0.3196058,0.5700924,-0.5714363,0.4962938
gait_20260919_222211_andrew_fast_1,andrew_fast_1,2513575086628383,2026-09-19T22:22:18.211211Z,2.2560115,-11.4976301,-1.6019454,-0.5629353,2.5651176,0.9407957,-2.3096681,-9.4500084,1.2644713,-0.2967031,0.5903360,-0.5748608,0.4827066
gait_20260919_222211_andrew_fast_1,andrew_fast_1,2513575096734869,2026-09-19T22:22:18.223323Z,2.2735939,-11.3422318,-1.0447698,-0.5629353,2.5651176,0.9407957,-2.3096681,-9.4500084,1.2644713,-0.2967031,0.5903360,-0.5748608,0.4827066
gait_20260919_222211_andrew_fast_1,andrew_fast_1,2513575106794561,2026-09-19T22:22:18.231793Z,2.5631425,-11.0611372,-0.6184523,-1.2240287,0.9660097,0.9746365,-2.5094409,-9.4324713,0.9835238,-0.2887911,0.6061282,-0.5678717,0.4761618
gait_20260919_222211_andrew_fast_1,andrew_fast_1,2513575116904588,2026-09-19T22:22:18.242553Z,3.0649524,-10.9625263,-0.3865139,-1.2240287,0.9660097,0.9746365,-2.5094409,-9.4324713,0.9835238,-0.2887911,0.6061282,-0.5678717,0.4761618
gait_20260919_222211_andrew_fast_1,andrew_fast_1,2513575126965745,2026-09-19T22:22:18.251708Z,3.8568344,-11.1303444,-0.4528034,-1.3551449,0.0186690,1.2603343,-2.7272775,-9.3967133,0.7070031,-0.2874681,0.6182909,-0.5542722,0.4773476
gait_20260919_222211_andrew_fast_1,andrew_fast_1,2513575137076096,2026-09-19T22:22:18.261559Z,4.8169093,-11.3382654,-0.6730700,-1.3551449,0.0186690,1.2603343,-2.7272775,-9.3967133,0.7070031,-0.2874681,0.6182909,-0.5542722,0.4773476
gait_20260919_222211_andrew_fast_1,andrew_fast_1,2513575147157761,2026-09-19T22:22:18.271620Z,5.6476974,-11.4954605,-0.8821137,-1.2709761,-0.1660228,1.3567603,-2.9839206,-9.3328409,0.4800163,-0.2860951,0.6282565,-0.5390075,0.4826120
gait_20260919_222211_andrew_fast_1,andrew_fast_1,2513575157242356,2026-09-19T22:22:18.281586Z,6.0653358,-11.5087032,-0.8942344,-1.2709761,-0.1660228,1.3567603,-2.9839206,-9.3328409,0.4800163,-0.2860951,0.6282565,-0.5390075,0.4826120
gait_20260919_222211_andrew_fast_1,andrew_fast_1,2513575167327154,2026-09-19T22:22:18.295303Z,6.2415342,-11.6884174,-0.5794716,-1.7131538,0.1990142,0.8149256,-3.1801877,-9.2780886,0.1989568,-0.2865881,0.6393821,-0.5243331,0.4838725
gait_20260919_222211_andrew_fast_1,andrew_fast_1,2513575177411321,2026-09-19T22:22:18.305809Z,6.2446017,-12.1080761,-0.2888754,-1.7131538,0.1990142,0.8149256,-3.1801877,-9.2780886,0.1989568,-0.2865881,0.6393821,-0.5243331,0.4838725
gait_20260919_222211_andrew_fast_1,andrew_fast_1,2513575187495570,2026-09-19T22:22:18.315176Z,5.9990463,-13.1592054,-0.0750433,-2.2957408,0.6881061,-0.3415216,-3.1936612,-9.2724915,-0.2399112,-0.2934714,0.6536257,-0.5115616,0.4742920
gait_20260919_222211_andrew_fast_1,andrew_fast_1,2513575197590480,2026-09-19T22:22:18.325593Z,5.5683146,-14.5984201,0.0734721,-2.2957408,0.6881061,-0.3415216,-3.1936612,-9.2724915,-0.2399112,-0.2934714,0.6536257,-0.5115616,0.4742920
gait_20260919_222211_andrew_fast_1,andrew_fast_1,2513575207662441,2026-09-19T22:22:18.334670Z,5.1126680,-16.2919445,0.2341080,-2.6254549,0.7336212,-1.8848389,-2.9183259,-9.3343325,-0.7679334,-0.3105040,0.6662373,-0.5038039,0.4537586
gait_20260919_222211_andrew_fast_1,andrew_fast_1,2513575217736700,2026-09-19T22:22:18.344705Z,4.6611366,-18.1868801,0.4176386,-2.6254549,0.7336212,-1.8848389,-2.9183259,-9.3343325,-0.7679334,-0.3105040,0.6662373,-0.5038039,0.4537586
gait_20260919_222211_andrew_fast_1,andrew_fast_1,2513575227833034,2026-09-19T22:22:18.354689Z,4.2557683,-20.2999134,0.8177695,-2.8031020,0.6303003,-3.3360102,-2.3480368,-9.4319630,-1.3270044,-0.3382878,0.6740473,-0.5008900,0.4246540
gait_20260919_222211_andrew_fast_1,andrew_fast_1,2513575237916815,2026-09-19T22:22:18.365011Z,3.6224272,-22.2640553,1.2957869,-2.8031020,0.6303003,-3.3360102,-2.3480368,-9.4319630,-1.3270044,-0.3382878,0.6740473,-0.5008900,0.4246540
gait_20260919_222211_andrew_fast_1,andrew_fast_1,2513575248000739,2026-09-19T22:22:18.375330Z,2.4616134,-23.8328571,1.4106337,-2.4647279,0.7927758,-4.6615610,-1.5064635,-9.5121422,-1.8670363,-0.3730410,0.6760890,-0.5038095,0.3871949
gait_20260919_222211_andrew_fast_1,andrew_fast_1,2513575258085475,2026-09-19T22:22:18.386524Z,0.4445733,-25.0866699,1.2116157,-2.4647279,0.7927758,-4.6615610,-1.5064635,-9.5121422,-1.8670363,-0.3730410,0.6760890,-0.5038095,0.3871949
gait_20260919_222211_andrew_fast_1,andrew_fast_1,2513575268171738,2026-09-19T22:22:18.396050Z,-1.4604630,-25.7638550,0.8375217,-1.2168509,0.8567435,-5.6939201,-0.4123240,-9.5485811,-2.2114925,-0.4093103,0.6679652,-0.5175799,0.3440912
gait_20260919_222211_andrew_fast_1,andrew_fast_1,2513575278254299,2026-09-19T22:22:18.405943Z,-3.0409355,-25.8932915,0.3560627,-1.2168509,0.8567435,-5.6939201,-0.4123240,-9.5485811,-2.2114925,-0.4093103,0.6679652,-0.5175799,0.3440912
gait_20260919_222211_andrew_fast_1,andrew_fast_1,2513575288321987,2026-09-19T22:22:18.415559Z,-4.8553662,-25.2938423,1.0078841,-0.0712121,0.1105153,-5.7195339,0.7343206,-9.5152245,-2.2709906,-0.4448453,0.6471267,-0.5376726,0.3069985
gait_20260919_222211_andrew_fast_1,andrew_fast_1,2513575298412155,2026-09-19T22:22:18.426759Z,-6.2930841,-23.9622173,1.7958009,-0.0712121,0.1105153,-5.7195339,0.7343206,-9.5152245,-2.2709906,-0.4448453,0.6471267,-0.5376726,0.3069985
gait_20260919_222211_andrew_fast_1,andrew_fast_1,2513575308506597,2026-09-19T22:22:18.435981Z,-8.4266176,-22.1555691,2.9939492,0.5349234,-0.0812377,-4.8666205,1.7192605,-9.4043198,-2.1997776,-0.4759309,0.6216633,-0.5557979,0.2794874
gait_20260919_222211_andrew_fast_1,andrew_fast_1,2513575318578904,2026-09-19T22:22:18.446346Z,-8.8990231,-18.8572559,3.4987516,0.5349234,-0.0812377,-4.8666205,1.7192605,-9.4043198,-2.1997776,-0.4759309,0.6216633,-0.5557979,0.2794874
gait_20260919_222211_andrew_fast_1,andrew_fast_1,2513575328664191,2026-09-19T22:22:18.456066Z,-8.0522985,-15.3910503,2.4328830,1.1939517,1.0468311,-3.5800898,2.4943044,-9.2761307,-1.9919798,-0.4923769,0.5998735,-0.5764335,0.2558151
gait_20260919_222211_andrew_fast_1,andrew_fast_1,2513575338759384,2026-09-19T22:22:18.465863Z,-8.1553240,-11.7795467,-1.8192192,1.1939517,1.0468311,-3.5800898,2.4943044,-9.2761307,-1.9919798,-0.4923769,0.5998735,-0.5764335,0.2558151
gait_20260919_222211_andrew_fast_1,andrew_fast_1,2513575348825160,2026-09-19T22:22:18.476086Z,-10.1907701,-7.9327383,-9.6177330,2.1928697,1.2165511,-2.6589291,3.0671062,-9.1862059,-1.5628943,-0.4935248,0.5802563,-0.6027768,0.2374786
gait_20260919_222211_andrew_fast_1,andrew_fast_1,2513575358928819,2026-09-19T22:22:18.486199Z,-10.9102278,-5.7374053,-12.0600433,2.1928697,1.2165511,-2.6589291,3.0671062,-9.1862059,-1.5628943,-0.4935248,0.5802563,-0.6027768,0.2374786
gait_20260919_222211_andrew_fast_1,andrew_fast_1,2513575369006069,2026-09-19T22:22:18.496691Z,-10.0818338,-4.7328129,-8.2875290,2.0012164,-1.5394371,-2.0117085,3.4640863,-9.1069479,-1.1400452,-0.5011117,0.5545978,-0.6208574,0.2363147
gait_20260919_222211_andrew_fast_1,andrew_fast_1,2513575379098008,2026-09-19T22:22:18.506934Z,-8.9885817,-4.3171196,-3.2357635,2.0012164,-1.5394371,-2.0117085,3.4640863,-9.1069479,-1.1400452,-0.5011117,0.5545978,-0.6208574,0.2363147
gait_20260919_222211_andrew_fast_1,andrew_fast_1,2513575389170436,2026-09-19T22:22:18.516800Z,-7.8875480,-3.9730282,1.0042180,0.1116145,-3.2243292,-1.2167675,3.6517091,-9.0208387,-1.2351445,-0.5249448,0.5367576,-0.6130270,0.2460127
gait_20260919_222211_andrew_fast_1,andrew_fast_1,2513575399254665,2026-09-19T22:22:18.526628Z,-6.7125187,-3.8234653,3.8116438,0.1116145,-3.2243292,-1.2167675,3.6517091,-9.0208387,-1.2351445,-0.5249448,0.5367576,-0.6130270,0.2460127
gait_20260919_222211_andrew_fast_1,andrew_fast_1,2513575409339362,2026-09-19T22:22:18.536363Z,-5.6653547,-3.5966895,4.9868231,-0.9029914,-2.9837635,-0.4532194,3.6720071,-8.9523735,-1.6147760,-0.5480736,0.5317637,-0.5939451,0.2531244
gait_20260919_222211_andrew_fast_1,andrew_fast_1,2513575419434841,2026-09-19T22:22:18.546618Z,-4.8094273,-3.1040826,5.1734958,-0.9029914,-2.9837635,-0.4532194,3.6720071,-8.9523735,-1.6147760,-0.5480736,0.5317637,-0.5939451,0.2531244
gait_20260919_222211_andrew_fast_1,andrew_fast_1,2513575429508307,2026-09-19T22:22:18.556836Z,-4.0500164,-2.6894367,5.0442839,-0.9348336,-2.6239059,0.0655997,3.5752518,-8.9162836,-1.9883676,-0.5645093,0.5325778,-0.5746810,0.2596766
gait_20260919_222211_andrew_fast_1,andrew_fast_1,2513575439600241,2026-09-19T22:22:18.566905Z,-3.5125184,-2.3333740,4.6930094,-0.9348336,-2.6239059,0.0655997,3.5752518,-8.9162836,-1.9883676,-0.5645093,0.5325778,-0.5746810,0.2596766
gait_20260919_222211_andrew_fast_1,andrew_fast_1,2513575449711392,2026-09-19T22:22:18.574170Z,-3.1720929,-2.0282629,4.2759695,-0.7258937,-2.3992281,0.2578025,3.4178169,-8.9029522,-2.3004568,-0.5773886,0.5338176,-0.5565599,0.2681460
gait_20260919_222211_andrew_fast_1,andrew_fast_1,2513575459772631,2026-09-19T22:22:18.584158Z,-2.8690767,-1.7384897,4.0689459,-0.7258937,-2.3992281,0.2578025,3.4178169,-8.9029522,-2.3004568,-0.5773886,0.5338176,-0.5565599,0.2681460
gait_20260919_222211_andrew_fast_1,andrew_fast_1,2513575469842094,2026-09-19T22:22:18.603425Z,-2.4548049,-1.5551088,3.9852984,-0.5102590,-1.9407794,0.3083470,3.2549474,-8.8993578,-2.5382805,-0.5867798,0.5350335,-0.5414978,0.2760596
gait_20260919_222211_andrew_fast_1,andrew_fast_1,2513575479922185,2026-09-19T22:22:18.605976Z,-2.2450879,-1.5917701,4.0273466,-0.5102590,-1.9407794,0.3083470,3.2549474,-8.8993578,-2.5382805,-0.5867798,0.5350335,-0.5414978,0.2760596
gait_20260919_222211_andrew_fast_1,andrew_fast_1,2513575490001146,2026-09-19T22:22:18.615111Z,-2.1522377,-1.9053357,3.9223008,-0.1792959,-1.4515210,0.3610733,3.1056285,-8.9089298,-2.6874113,-0.5919085,0.5365652,-0.5308858,0.2826701
gait_20260919_222211_andrew_fast_1,andrew_fast_1,2513575500085131,2026-09-19T22:22:18.625859Z,-2.0201826,-2.3626282,3.4822168,-0.1792959,-1.4515210,0.3610733,3.1056285,-8.9089298,-2.6874113,-0.5919085,0.5365652,-0.5308858,0.2826701
gait_20260919_222211_andrew_fast_1,andrew_fast_1,2513575510171596,2026-09-19T22:22:18.634793Z,-1.9211224,-2.8962359,2.7650785,0.4275224,-1.4016593,0.5334246,2.9463742,-8.9519539,-2.7235045,-0.5937038,0.5363847,-0.5240535,0.2918482
gait_20260919_222211_andrew_fast_1,andrew_fast_1,2513575520252773,2026-09-19T22:22:18.645887Z,-1.7286136,-3.6013284,1.7530794,0.4275224,-1.4016593,0.5334246,2.9463742,-8.9519539,-2.7235045,-0.5937038,0.5363847,-0.5240535,0.2918482
gait_20260919_222211_andrew_fast_1,andrew_fast_1,2513575530359585,2026-09-19T22:22:18.655103Z,-0.5526117,-5.6518874,-3.2190042,1.1201916,-1.8151757,0.8239353,2.7197623,-9.0468502,-2.6445210,-0.5936641,0.5328115,-0.5181335,0.3085655
gait_20260919_222211_andrew_fast_1,andrew_fast_1,2513575540458381,2026-09-19T22:22:18.666945Z,0.8813655,-8.6144876,-10.0318546,1.1201916,-1.8151757,0.8239353,2.7197623,-9.0468502,-2.6445210,-0.5936641,0.5328115,-0.5181335,0.3085655
gait_20260919_222211_andrew_fast_1,andrew_fast_1,2513575550529873,2026-09-19T22:22:18.675613Z,1.4708629,-10.8285255,-11.7855330,1.4756192,-2.5847194,1.1018723,2.4116380,-9.1757736,-2.4950519,-0.5933967,0.5261371,-0.5101194,0.3329239
gait_20260919_222211_andrew_fast_1,andrew_fast_1,2513575560592699,2026-09-19T22:22:18.686042Z,1.5976807,-12.5774899,-9.1561756,1.4756192,-2.5847194,1.1018723,2.4116380,-9.1757736,-2.4950519,-0.5933967,0.5261371,-0.5101194,0.3329239
gait_20260919_222211_andrew_fast_1,andrew_fast_1,2513575570701341,2026-09-19T22:22:18.696001Z,1.9013703,-13.9665756,-6.1738234,0.8991277,-3.6975999,1.2942083,2.0134516,-9.2868776,-2.4363983,-0.5980616,0.5182661,-0.4927995,0.3617613
gait_20260919_222211_andrew_fast_1,andrew_fast_1,2513575580784105,2026-09-19T22:22:18.705811Z,2.6292076,-14.8769712,-4.9652753,0.8991277,-3.6975999,1.2942083,2.0134516,-9.2868776,-2.4363983,-0.5980616,0.5182661,-0.4927995,0.3617613
gait_20260919_222211_andrew_fast_1,andrew_fast_1,2513575590870327,2026-09-19T22:22:18.715215Z,4.1837926,-15.3989067,-5.1134162,0.6539322,-3.8579104,1.4852785,1.5423791,-9.3709993,-2.4579608,-0.6060155,0.5103940,-0.4674371,0.3921044
gait_20260919_222211_andrew_fast_1,andrew_fast_1,2513575600955247,2026-09-19T22:22:18.725848Z,5.7453361,-15.1383133,-5.0321631,0.6539322,-3.8579104,1.4852785,1.5423791,-9.3709993,-2.4579608,-0.6060155,0.5103940,-0.4674371,0.3921044
gait_20260919_222211_andrew_fast_1,andrew_fast_1,2513575611012661,2026-09-19T22:22:18.735412Z,6.8402343,-13.8406553,-3.5120695,0.3459682,-2.1533666,1.3776110,1.1167253,-9.4339161,-2.4475021,-0.6081699,0.5075596,-0.4473860,0.4151608
gait_20260919_222211_andrew_fast_1,andrew_fast_1,2513575621120531,2026-09-19T22:22:18.747054Z,6.7660141,-11.9882164,-1.4584429,0.3459682,-2.1533666,1.3776110,1.1167253,-9.4339161,-2.4475021,-0.6081699,0.5075596,-0.4473860,0.4151608
gait_20260919_222211_andrew_fast_1,andrew_fast_1,2513575631204555,2026-09-19T22:22:18.755952Z,6.2850785,-10.2489786,1.1488427,0.0038471,0.2930754,0.7301072,0.9104305,-9.4580908,-2.4396224,-0.6027762,0.5135824,-0.4427155,0.4205915
gait_20260919_222211_andrew_fast_1,andrew_fast_1,2513575641269497,2026-09-19T22:22:18.766892Z,5.1293526,-8.9218426,3.5461869,0.0038471,0.2930754,0.7301072,0.9104305,-9.4580908,-2.4396224,-0.6027762,0.5135824,-0.4427155,0.4205915
gait_20260919_222211_andrew_fast_1,andrew_fast_1,2513575651372199,2026-09-19T22:22:18.776264Z,3.5227685,-8.5028582,3.8580315,-0.0628019,0.6264866,-0.0262466,0.9325079,-9.4576855,-2.4328454,-0.5955805,0.5214723,-0.4496308,0.4137423
gait_20260919_222211_andrew_fast_1,andrew_fast_1,2513575661433886,2026-09-19T22:22:18.787024Z,0.5728127,-9.4807396,2.8244097,-0.0628019,0.6264866,-0.0262466,0.9325079,-9.4576855,-2.4328454,-0.5955805,0.5214723,-0.4496308,0.4137423
gait_20260919_222211_andrew_fast_1,andrew_fast_1,2513575671540452,2026-09-19T22:22:18.797468Z,-1.2630162,-11.3031759,1.9799300,0.0798888,-1.6540991,-0.3912002,1.1206560,-9.6909046,-1.0327624,-0.5671744,0.4846004,-0.4917330,0.4490817
gait_20260919_222211_andrew_fast_1,andrew_fast_1,2513575681626227,2026-09-19T22:22:18.807495Z,-2.0013282,-13.6482220,2.3956981,0.0798888,-1.6540991,-0.3912002,1.1206560,-9.6909046,-1.0327624,-0.5671744,0.4846004,-0.4917330,0.4490817
gait_20260919_222211_andrew_fast_1,andrew_fast_1,2513575691709073,2026-09-19T22:22:18.816494Z,-3.2673371,-16.2294712,1.9382559,0.2256937,-1.9698238,-0.3007196,1.1353875,-9.6863966,-1.0586387,-0.5778048,0.4734460,-0.4820677,0.4578222
gait_20260919_222211_andrew_fast_1,andrew_fast_1,2513575701795458,2026-09-19T22:22:18.826068Z,-5.0965071,-18.6118507,0.5973533,0.2256937,-1.9698238,-0.3007196,1.1353875,-9.6863966,-1.0586387,-0.5778048,0.4734460,-0.4820677,0.4578222
gait_20260919_222211_andrew_fast_1,andrew_fast_1,2513575711862474,2026-09-19T22:22:18.836314Z,-5.2349968,-19.9365177,0.2794482,1.3439701,-0.1127969,-0.6471041,1.2083000,-9.6941462,-0.8942527,-0.5801575,0.4616758,-0.4832052,0.4656025
gait_20260919_222211_andrew_fast_1,andrew_fast_1,2513575721905036,2026-09-19T22:22:18.846317Z,-5.0541596,-18.3153439,0.4047697,1.3439701,-0.1127969,-0.6471041,1.2083000,-9.6941462,-0.8942527,-0.5801575,0.4616758,-0.4832052,0.4656025
gait_20260919_222211_andrew_fast_1,andrew_fast_1,2513575732050747,2026-09-19T22:22:18.856845Z,-4.2675896,-14.1144180,0.9804256,0.8504649,1.2293413,-0.3980783,1.3443050,-9.6989765,-0.5990274,-0.5690301,0.4591225,-0.5009186,0.4631327
gait_20260919_222211_andrew_fast_1,andrew_fast_1,2513575742110521,2026-09-19T22:22:18.867080Z,-3.0724342,-10.6090069,1.2613702,0.8504649,1.2293413,-0.3980783,1.3443050,-9.6989765,-0.5990274,-0.5690301,0.4591225,-0.5009186,0.4631327
gait_20260919_222211_andrew_fast_1,andrew_fast_1,2513575752223721,2026-09-19T22:22:18.877153Z,-1.6554408,-8.5336828,1.8379239,-0.3094129,0.3605071,0.2911102,1.3354664,-9.7013617,-0.5798900,-0.5641901,0.4639406,-0.5053927,0.4593768
gait_20260919_222211_andrew_fast_1,andrew_fast_1,2513575762307068,2026-09-19T22:22:18.890157Z,-0.5256769,-7.9702225,2.3072622,-0.3094129,0.3605071,0.2911102,1.3354664,-9.7013617,-0.5798900,-0.5641901,0.4639406,-0.5053927,0.4593768
gait_20260919_222211_andrew_fast_1,andrew_fast_1,2513575772389269,2026-09-19T22:22:18.899435Z,0.2997989,-8.4187613,2.0281134,-0.4592481,-1.3277825,0.8044336,1.1916968,-9.7108974,-0.7172636,-0.5656125,0.4697401,-0.4970022,0.4608858
gait_20260919_222211_andrew_fast_1,andrew_fast_1,2513575782472582,2026-09-19T22:22:18.911400Z,1.1331308,-9.0791121,1.4246997,-0.4592481,-1.3277825,0.8044336,1.1916968,-9.7108974,-0.7172636,-0.5656125,0.4697401,-0.4970022,0.4608858
gait_20260919_222211_andrew_fast_1,andrew_fast_1,2513575792565415,2026-09-19T22:22:18.922272Z,1.6316484,-9.3180084,1.1518354,0.0855345,-4.2101240,1.1367623,0.9290591,-9.7344484,-0.7832255,-0.5755368,0.4614358,-0.4740006,0.4807889
gait_20260919_222211_andrew_fast_1,andrew_fast_1,2513575802642249,2026-09-19T22:22:18.930334Z,1.8100165,-9.1123314,1.2197709,0.0855345,-4.2101240,1.1367623,0.9290591,-9.7344484,-0.7832255,-0.5755368,0.4614358,-0.4740006,0.4807889
gait_20260919_222211_andrew_fast_1,andrew_fast_1,2513575812713243,2026-09-19T22:22:18.939739Z,1.8601451,-8.9299231,1.3524247,0.0691304,-6.0944963,1.0780239,0.6425453,-9.7572670,-0.7867566,-0.5941212,0.4377407,-0.4381231,0.5132748
gait_20260919_222211_andrew_fast_1,andrew_fast_1,2513575822811001,2026-09-19T22:22:18.951179Z,1.9991584,-8.7514811,1.6542437,0.0691304,-6.0944963,1.0780239,0.6425453,-9.7572670,-0.7867566,-0.5941212,0.4377407,-0.4381231,0.5132748
gait_20260919_222211_andrew_fast_1,andrew_fast_1,2513575832896491,2026-09-19T22:22:18.959821Z,2.2022166,-8.7045689,1.9378818,-0.0131732,-6.3046856,0.9409789,0.3542506,-9.7679043,-0.8358586,-0.6158207,0.4100279,-0.3953043,0.5444049
gait_20260919_222211_andrew_fast_1,andrew_fast_1,2513575842951112,2026-09-19T22:22:18.969666Z,2.3897874,-8.9205713,1.9942952,-0.0131732,-6.3046856,0.9409789,0.3542506,-9.7679043,-0.8358586,-0.6158207,0.4100279,-0.3953043,0.5444049
gait_20260919_222211_andrew_fast_1,andrew_fast_1,2513575853051846,2026-09-19T22:22:18.980260Z,2.3527520,-9.6573868,1.6705543,0.1340806,-5.0397716,0.7726412,0.1518750,-9.7778091,-0.7794336,-0.6315873,0.3816747,-0.3596488,0.5710294
gait_20260919_222211_andrew_fast_1,andrew_fast_1,2513575863152310,2026-09-19T22:22:18.990058Z,1.9462615,-10.1753569,1.3325229,0.1340806,-5.0397716,0.7726412,0.1518750,-9.7778091,-0.7794336,-0.6315873,0.3816747,-0.3596488,0.5710294
gait_20260919_222211_andrew_fast_1,andrew_fast_1,2513575873219855,2026-09-19T22:22:18.999811Z,1.3420249,-10.1002388,1.2871827,0.2917431,-2.9529037,0.4549847,0.0114179,-9.7851896,-0.6971864,-0.6396642,0.3622796,-0.3360308,0.5887840
gait_20260919_222211_andrew_fast_1,andrew_fast_1,2513575883287783,2026-09-19T22:22:19.009850Z,0.7625532,-9.7399120,1.3682115,0.2917431,-2.9529037,0.4549847,0.0114179,-9.7851896,-0.6971864,-0.6396642,0.3622796,-0.3360308,0.5887840
gait_20260919_222211_andrew_fast_1,andrew_fast_1,2513575893401374,2026-09-19T22:22:19.019861Z,0.5506664,-9.4362221,1.5780782,0.1801453,-1.6989647,0.1147287,0.0660826,-9.8015261,-0.4022686,-0.6381431,0.3445117,-0.3328337,0.6027494
gait_20260919_222211_andrew_fast_1,andrew_fast_1,2513575903485826,2026-09-19T22:22:19.030271Z,0.4841525,-9.3061123,1.6311247,0.1801453,-1.6989647,0.1147287,0.0660826,-9.8015261,-0.4022686,-0.6381431,0.3445117,-0.3328337,0.6027494
gait_20260919_222211_andrew_fast_1,andrew_fast_1,2513575913557685,2026-09-19T22:22:19.040270Z,0.4285621,-9.2996778,1.7707366,0.0533425,-1.2348537,0.0261633,0.0730080,-9.8054476,-0.2897804,-0.6394215,0.3342209,-0.3273870,0.6101264
gait_20260919_222211_andrew_fast_1,andrew_fast_1,2513575923629857,2026-09-19T22:22:19.050413Z,0.3471592,-9.3516026,1.8262522,0.0533425,-1.2348537,0.0261633,0.0730080,-9.8054476,-0.2897804,-0.6394215,0.3342209,-0.3273870,0.6101264
gait_20260919_222211_andrew_fast_1,andrew_fast_1,2513575933738919,2026-09-19T22:22:19.060642Z,0.1236007,-9.3646202,1.5838393,0.1566133,-1.1710193,-0.0150052,0.0797391,-9.8082399,-0.1678256,-0.6394094,0.3255087,-0.3236445,0.6168094
gait_20260919_222211_andrew_fast_1,andrew_fast_1,2513575943814399,2026-09-19T22:22:19.071596Z,-0.1170166,-9.5010157,0.8890718,0.1566133,-1.1710193,-0.0150052,0.0797391,-9.8082399,-0.1678256,-0.6394094,0.3255087,-0.3236445,0.6168094
gait_20260919_222211_andrew_fast_1,andrew_fast_1,2513575953907214,2026-09-19T22:22:19.081351Z,-0.3473089,-9.7006321,0.1107318,0.6244881,-1.5337414,-0.1072012,0.0898267,-9.8093596,-0.0671120,-0.6400915,0.3146925,-0.3174857,0.6248636
gait_20260919_222211_andrew_fast_1,andrew_fast_1,2513575963991311,2026-09-19T22:22:19.091325Z,-0.5100398,-10.0010290,-0.4582652,0.6244881,-1.5337414,-0.1072012,0.0898267,-9.8093596,-0.0671120,-0.6400915,0.3146925,-0.3174857,0.6248636
gait_20260919_222211_andrew_fast_1,andrew_fast_1,2513575974051765,2026-09-19T22:22:19.098481Z,-0.6085761,-10.4853315,-0.9490017,0.8204546,-2.1173942,-0.0794225,0.1122943,-9.8089066,0.0939583,-0.6413030,0.2988920,-0.3081226,0.6359674
gait_20260919_222211_andrew_fast_1,andrew_fast_1,2513575984161059,2026-09-19T22:22:19.109341Z,-0.4272154,-11.1866083,-1.5045313,0.8204546,-2.1173942,-0.0794225,0.1122943,-9.8089066,0.0939583,-0.6413030,0.2988920,-0.3081226,0.6359674
gait_20260919_222211_andrew_fast_1,andrew_fast_1,2513575994241503,2026-09-19T22:22:19.119071Z,-0.1549497,-11.6909618,-1.7144729,0.6613099,-2.0454993,0.0062286,0.1217829,-9.8064327,0.2349253,-0.6432610,0.2823118,-0.2960850,0.6471856
gait_20260919_222211_andrew_fast_1,andrew_fast_1,2513576004330288,2026-09-19T22:22:19.129589Z,0.0954688,-11.5554647,-1.5235353,0.6613099,-2.0454993,0.0062286,0.1240750,-9.8050690,0.2851909,-0.6442116,0.2755502,-0.2907391,0.6515630
gait_20260919_222211_andrew_fast_1,andrew_fast_1,2513576014414721,2026-09-19T22:22:19.140089Z,0.5137807,-11.0693674,-1.1085902,0.2878794,-1.7211810,0.0552910,0.1240750,-9.8050690,0.2851909,-0.6442116,0.2755502,-0.2907391,0.6515630
gait_20260919_222211_andrew_fast_1,andrew_fast_1,2513576024501187,2026-09-19T22:22:19.149880Z,0.9918728,-10.6964703,-0.5600936,0.2878794,-1.7211810,0.0552910,0.1211464,-9.8040419,0.3197059,-0.6476436,0.2641338,-0.2796808,0.6577003
gait_20260919_222211_andrew_fast_1,andrew_fast_1,2513576034582568,2026-09-19T22:22:19.159203Z,1.2960861,-10.3210297,0.0999579,-0.2493922,-2.2964070,0.1502349,0.1211464,-9.8040419,0.3197059,-0.6476436,0.2641338,-0.2796808,0.6577003
gait_20260919_222211_andrew_fast_1,andrew_fast_1,2513576044652432,2026-09-19T22:22:19.171524Z,1.3273604,-9.8058271,0.8535329,-0.2493922,-2.2964070,0.1502349,0.1032852,-9.8063765,0.2458380,-0.6562365,0.2497596,-0.2615324,0.6622497
gait_20260919_222211_andrew_fast_1,andrew_fast_1,2513576054755745,2026-09-19T22:22:19.180085Z,1.2410195,-9.3581114,1.3800328,-0.5635848,-3.5559418,0.1531826,0.1032852,-9.8063765,0.2458380,-0.6562365,0.2497596,-0.2615324,0.6622497
gait_20260919_222211_andrew_fast_1,andrew_fast_1,2513576064835538,2026-09-19T22:22:19.190252Z,1.1635072,-9.0454435,1.8392706,-0.5635848,-3.5559418,0.1531826,0.3132120,-9.8005152,0.2965100,-0.6657190,0.2172620,-0.2434761,0.6710699
gait_20260919_222211_andrew_fast_1,andrew_fast_1,2513576074920621,2026-09-19T22:22:19.200627Z,1.0516531,-8.9064302,2.1063738,-0.5221165,-4.6499701,0.1220065,0.3132120,-9.8005152,0.2965100,-0.6657190,0.2172620,-0.2434761,0.6710699
gait_20260919_222211_andrew_fast_1,andrew_fast_1,2513576085006029,2026-09-19T22:22:19.210306Z,0.9381530,-8.8954315,2.2735190,-0.5221165,-4.6499701,0.1220065,0.3222898,-9.8029175,0.1872969,-0.6793824,0.1858127,-0.2094804,0.6782559
gait_20260919_222211_andrew_fast_1,andrew_fast_1,2513576095089566,2026-09-19T22:22:19.219458Z,0.7063643,-8.9310455,2.4443302,-0.4840791,-5.1688890,0.0809213,0.3222898,-9.8029175,0.1872969,-0.6793824,0.1858127,-0.2094804,0.6782559
gait_20260919_222211_andrew_fast_1,andrew_fast_1,2513576105174568,2026-09-19T22:22:19.229624Z,0.3725976,-8.8590698,2.6926539,-0.4840791,-5.1688890,0.0809213,0.3260095,-9.8042421,0.0815768,-0.6919913,0.1509135,-0.1723707,0.6845887
gait_20260919_222211_andrew_fast_1,andrew_fast_1,2513576115260384,2026-09-19T22:22:19.240619Z,0.0275333,-8.7929306,3.0076411,-0.5391868,-5.2743249,0.0488626,0.3260095,-9.8042421,0.0815768,-0.6919913,0.1509135,-0.1723707,0.6845887
gait_20260919_222211_andrew_fast_1,andrew_fast_1,2513576125345710,2026-09-19T22:22:19.250005Z,-0.2775778,-8.8452282,3.2481835,-0.5391868,-5.2743249,0.0488626,0.3162318,-9.8048592,-0.0293425,-0.7029626,0.1154407,-0.1343745,0.6888109
gait_20260919_222211_andrew_fast_1,andrew_fast_1,2513576135427986,2026-09-19T22:22:19.261553Z,-0.4745757,-9.0770922,3.2513258,-0.5167540,-5.2739420,0.1271859,0.3162318,-9.8048592,-0.0293425,-0.7029626,0.1154407,-0.1343745,0.6888109
gait_20260919_222211_andrew_fast_1,andrew_fast_1,2513576145524137,2026-09-19T22:22:19.270327Z,-0.5765537,-9.4416838,3.1509938,-0.5167540,-5.2739420,0.1271859,0.2466891,-9.8068981,0.0050157,-0.7076139,0.0807542,-0.0950743,0.6955014
gait_20260919_222211_andrew_fast_1,andrew_fast_1,2513576155595711,2026-09-19T22:22:19.281468Z,-0.5550807,-9.8744364,2.9863925,-0.4499385,-5.2730427,0.2703928,0.2466891,-9.8068981,0.0050157,-0.7076139,0.0807542,-0.0950743,0.6955014
gait_20260919_222211_andrew_fast_1,andrew_fast_1,2513576165680997,2026-09-19T22:22:19.292158Z,-0.3880851,-10.2123928,2.9938743,-0.4499385,-5.2730427,0.2703928,0.1570887,-9.8087416,0.0070453,-0.7111331,0.0471566,-0.0546984,0.6993383
gait_20260919_222211_andrew_fast_1,andrew_fast_1,2513576175764656,2026-09-19T22:22:19.300951Z,-0.2280477,-10.3720560,3.1332619,-0.5060289,-5.1569481,0.3331114,0.1570887,-9.8087416,0.0070453,-0.7111331,0.0471566,-0.0546984,0.6993383
gait_20260919_222211_andrew_fast_1,andrew_fast_1,2513576185849454,2026-09-19T22:22:19.311085Z,-0.1403601,-10.1612911,3.3831565,-0.5060289,-5.1569481,0.3331114,0.0854819,-9.8090658,-0.1050283,-0.7164013,0.0137296,-0.0153621,0.6973842
gait_20260919_222211_andrew_fast_1,andrew_fast_1,2513576195934212,2026-09-19T22:22:19.321106Z,-0.1230769,-9.5375271,3.4772038,-0.5863840,-4.7251792,0.2174167,0.0854819,-9.8090658,-0.1050283,-0.7164013,0.0137296,-0.0153621,0.6973842
gait_20260919_222211_andrew_fast_1,andrew_fast_1,2513576206017951,2026-09-19T22:22:19.331767Z,-0.1658733,-8.7196074,3.3276410,-0.5863840,-4.7251792,0.2174167,0.0314244,-9.8079796,-0.1966378,-0.7195392,-0.0171690,0.0194310,0.6939675
gait_20260919_222211_andrew_fast_1,andrew_fast_1,2513576216102099,2026-09-19T22:22:19.341612Z,-0.2637363,-8.1612349,3.0277674,-0.4781336,-4.0729957,0.0071612,0.0314244,-9.8079796,-0.1966378,-0.7195392,-0.0171690,0.0194310,0.6939675
gait_20260919_222211_andrew_fast_1,andrew_fast_1,2513576226186450,2026-09-19T22:22:19.351843Z,-0.4198083,-8.0998840,2.6784384,-0.4781336,-4.0729957,0.0071612,0.0168325,-9.8061714,-0.2735503,-0.7208934,-0.0460366,0.0488275,0.6897893
gait_20260919_222211_andrew_fast_1,andrew_fast_1,2513576236270312,2026-09-19T22:22:19.361663Z,-0.5969792,-8.7133226,2.4203882,-0.2746562,-3.6052873,-0.1217734,0.0168325,-9.8061714,-0.2735503,-0.7208934,-0.0460366,0.0488275,0.6897893
gait_20260919_222211_andrew_fast_1,andrew_fast_1,2513576246329841,2026-09-19T22:22:19.371244Z,-0.9359832,-9.7934818,2.3804350,-0.2746562,-3.6052873,-0.1217734,0.0222554,-9.8048172,-0.3181014,-0.7200857,-0.0731288,0.0748334,0.6859511
gait_20260919_222211_andrew_fast_1,andrew_fast_1,2513576256439420,2026-09-19T22:22:19.381059Z,-1.4098855,-10.7933607,2.5059810,-0.1697533,-3.5094774,-0.1494521,0.0222554,-9.8048172,-0.3181014,-0.7200857,-0.0731288,0.0748334,0.6859511
gait_20260919_222211_andrew_fast_1,andrew_fast_1,2513576266500089,2026-09-19T22:22:19.392741Z,-1.8077719,-11.5075808,2.6829274,-0.1697533,-3.5094774,-0.1494521,0.0254092,-9.8039179,-0.3444256,-0.7176420,-0.0998757,0.1006098,0.6818303
gait_20260919_222211_andrew_fast_1,andrew_fast_1,2513576276608488,2026-09-19T22:22:19.402627Z,-2.0413563,-11.7114620,2.9389575,-0.1684709,-3.4682424,-0.0922959,0.0254092,-9.8039179,-0.3444256,-0.7176420,-0.0998757,0.1006098,0.6818303
gait_20260919_222211_andrew_fast_1,andrew_fast_1,2513576286672452,2026-09-19T22:22:19.412045Z,-2.0389621,-11.2548428,3.1037085,-0.1684709,-3.4682424,-0.0922959,0.0148614,-9.8027143,-0.3777629,-0.7146006,-0.1253653,0.1259125,0.6765913
gait_20260919_222211_andrew_fast_1,andrew_fast_1,2513576296777473,2026-09-19T22:22:19.422584Z,-2.0845268,-10.3312798,3.1512184,-0.1547314,-3.1950850,-0.0418679,0.0148614,-9.8027143,-0.3777629,-0.7146006,-0.1253653,0.1259125,0.6765913
gait_20260919_222211_andrew_fast_1,andrew_fast_1,2513576306839770,2026-09-19T22:22:19.431736Z,-2.1054010,-9.2838163,3.1063271,-0.1547314,-3.1950850,-0.0418679,-0.0028620,-9.8016300,-0.4051606,-0.7109352,-0.1484526,0.1492805,0.6710055
gait_20260919_222211_andrew_fast_1,andrew_fast_1,2513576316945036,2026-09-19T22:22:19.442766Z,-2.1505916,-8.4419556,2.9507039,-0.0463478,-2.8264508,-0.1229891,-0.0028620,-9.8016300,-0.4051606,-0.7109352,-0.1484526,0.1492805,0.6710055
gait_20260919_222211_andrew_fast_1,andrew_fast_1,2513576327005134,2026-09-19T22:22:19.452268Z,-2.1294928,-7.9240594,2.6999862,-0.0463478,-2.8264508,-0.1229891,-0.2603599,-9.8065205,0.0215563,-0.6946937,-0.1563662,0.1811701,0.6783270
gait_20260919_222211_andrew_fast_1,andrew_fast_1,2513576337113167,2026-09-19T22:22:19.462339Z,-2.1796961,-7.7917800,2.5653124,0.1028712,-2.4260743,-0.2272592,-0.2603599,-9.8065205,0.0215563,-0.6946937,-0.1563662,0.1811701,0.6783270
gait_20260919_222211_andrew_fast_1,andrew_fast_1,2513576347200122,2026-09-19T22:22:19.473563Z,-2.4053497,-8.0821514,2.5578303,0.1028712,-2.4260743,-0.2272592,-0.2105394,-9.8075600,0.0597024,-0.6888568,-0.1739898,0.1962755,0.6757809
gait_20260919_222211_andrew_fast_1,andrew_fast_1,2513576357283130,2026-09-19T22:22:19.482505Z,-2.7101614,-8.7715321,2.5851393,0.1870400,-1.9800661,-0.3634881,-0.2105394,-9.8075600,0.0597024,-0.6888568,-0.1739898,0.1962755,0.6757809
gait_20260919_222211_andrew_fast_1,andrew_fast_1,2513576367368049,2026-09-19T22:22:19.492781Z,-3.1198692,-9.6115227,2.5975592,0.1870400,-1.9800661,-0.3634881,-0.1489548,-9.8080626,0.1258145,-0.6821687,-0.1893379,0.2088412,0.6746721
gait_20260919_222211_andrew_fast_1,andrew_fast_1,2513576377447884,2026-09-19T22:22:19.502640Z,-3.5205989,-10.4530096,2.5282769,0.2154016,-1.4005268,-0.4894916,-0.1489548,-9.8080626,0.1258145,-0.6821687,-0.1893379,0.2088412,0.6746721
gait_20260919_222211_andrew_fast_1,andrew_fast_1,2513576387536507,2026-09-19T22:22:19.512505Z,-3.9069631,-10.9861689,2.4624364,0.2154016,-1.4005268,-0.4894916,-0.0473269,-9.8083611,0.1729028,-0.6768993,-0.2010563,0.2147875,0.6747223
gait_20260919_222211_andrew_fast_1,andrew_fast_1,2513576397620207,2026-09-19T22:22:19.523058Z,-4.1534162,-10.9733744,2.3678656,0.1981315,-0.7968894,-0.4251409,-0.0473269,-9.8083611,0.1729028,-0.6768993,-0.2010563,0.2147875,0.6747223
gait_20260919_222211_andrew_fast_1,andrew_fast_1,2513576407706062,2026-09-19T22:22:19.532737Z,-3.6648495,-10.6807585,2.1823149,0.1981315,-0.7968894,-0.4251409,0.0309192,-9.8076487,0.2125802,-0.6729072,-0.2090907,0.2184288,0.6751044
gait_20260919_222211_andrew_fast_1,andrew_fast_1,2513576417792081,2026-09-19T22:22:19.543182Z,-2.8485763,-10.4481468,1.7639281,0.2069414,-0.4872433,-0.0678480,0.0309192,-9.8076487,0.2125802,-0.6729072,-0.2090907,0.2184288,0.6751044
gait_20260919_222211_andrew_fast_1,andrew_fast_1,2513576427849780,2026-09-19T22:22:19.554412Z,-2.1581483,-10.4078188,1.4116063,0.2069414,-0.4872433,-0.0678480,0.0316033,-9.8066263,0.2553415,-0.6701379,-0.2126217,0.2229683,0.6752721
gait_20260919_222211_andrew_fast_1,andrew_fast_1,2513576437960661,2026-09-19T22:22:19.563241Z,-1.9326445,-10.5913496,1.5696985,0.3019186,-0.9284885,0.1543151,0.0316033,-9.8066263,0.2553415,-0.6701379,-0.2126217,0.2229683,0.6752721
gait_20260919_222211_andrew_fast_1,andrew_fast_1,2513576448044929,2026-09-19T22:22:19.573174Z,-2.5918729,-10.8649626,1.1372458,0.3019186,-0.9284885,0.1543151,0.0023017,-9.8046808,0.3230417,-0.6657675,-0.2177929,0.2320175,0.6748984
gait_20260919_222211_andrew_fast_1,andrew_fast_1,2513576458126106,2026-09-19T22:22:19.583556Z,-3.5772367,-11.0316582,-0.6539912,1.1024885,-1.6908044,0.0002831,0.0023017,-9.8046808,0.3230417,-0.6657675,-0.2177929,0.2320175,0.6748984
gait_20260919_222211_andrew_fast_1,andrew_fast_1,2513576468213102,2026-09-19T22:22:19.593332Z,-3.4235587,-11.0212584,-2.6202292,1.1024885,-1.6908044,0.0002831,0.0202415,-9.7930574,0.5759701,-0.6523168,-0.2280520,0.2478071,0.6790190
gait_20260919_222211_andrew_fast_1,andrew_fast_1,2513576478297616,2026-09-19T22:22:19.603462Z,-2.1077206,-10.5182514,-3.5703533,1.8002871,-1.6297178,0.1609433,0.0202415,-9.7930574,0.5759701,-0.6523168,-0.2280520,0.2478071,0.6790190
gait_20260919_222211_andrew_fast_1,andrew_fast_1,2513576488380582,2026-09-19T22:22:19.613463Z,-0.9302970,-9.8539352,-3.2804303,1.8002871,-1.6297178,0.1609433,-0.0012219,-9.7655077,0.9332613,-0.6362178,-0.2329384,0.2640519,0.6864716
gait_20260919_222211_andrew_fast_1,andrew_fast_1,2513576498443367,2026-09-19T22:22:19.624824Z,-0.1916110,-9.1953802,-2.1496940,0.8657366,-1.3120779,0.6265365,-0.0012219,-9.7655077,0.9332613,-0.6362178,-0.2329384,0.2640519,0.6864716
gait_20260919_222211_andrew_fast_1,andrew_fast_1,2513576508549365,2026-09-19T22:22:19.634445Z,0.1962497,-8.9094982,-0.8986486,0.8657366,-1.3120779,0.6265365,-0.1789160,-9.7846842,0.6812106,-0.6413569,-0.2407324,0.2764527,0.6740053
gait_20260919_222211_andrew_fast_1,andrew_fast_1,2513576518611336,2026-09-19T22:22:19.644112Z,0.4474913,-9.1784716,0.1101333,-0.4987178,-1.7463285,0.7632318,-0.1789160,-9.7846842,0.6812106,-0.6413569,-0.2407324,0.2764527,0.6740053
gait_20260919_222211_andrew_fast_1,andrew_fast_1,2513576528718758,2026-09-19T22:22:19.653995Z,0.6010942,-9.9998322,0.9080010,-0.4987178,-1.7463285,0.7632318,-0.3077497,-9.7899389,0.5463539,-0.6424162,-0.2515198,0.2930616,0.6619321
gait_20260919_222211_andrew_fast_1,andrew_fast_1,2513576538802457,2026-09-19T22:22:19.664231Z,0.8188918,-11.0709381,1.5821184,-1.0887657,-2.2432311,0.7361026,-0.3077497,-9.7899389,0.5463539,-0.6424162,-0.2515198,0.2930616,0.6619321
gait_20260919_222211_andrew_fast_1,andrew_fast_1,2513576548888273,2026-09-19T22:22:19.675179Z,1.1161469,-11.6605854,1.7122283,-1.0887657,-2.2432311,0.7361026,-0.4314238,-9.7945585,0.3415148,-0.6442723,-0.2664934,0.3109591,0.6459094
gait_20260919_222211_andrew_fast_1,andrew_fast_1,2513576558973234,2026-09-19T22:22:19.684525Z,1.2591256,-11.3456726,1.4490157,-0.5761085,-2.0944116,0.6970325,-0.4314238,-9.7945585,0.3415148,-0.6442723,-0.2664934,0.3109591,0.6459094
gait_20260919_222211_andrew_fast_1,andrew_fast_1,2513576569056649,2026-09-19T22:22:19.694166Z,0.8048258,-10.5212450,1.0957214,-0.5761085,-2.0944116,0.6970325,-0.5514163,-9.7906914,0.2728323,-0.6420093,-0.2778443,0.3283845,0.6346576
gait_20260919_222211_andrew_fast_1,andrew_fast_1,2513576579140063,2026-09-19T22:22:19.703723Z,0.0853683,-9.8232603,0.9095722,0.0191853,-1.8957140,0.4321022,-0.5514163,-9.7906914,0.2728323,-0.6420093,-0.2778443,0.3283845,0.6346576
gait_20260919_222211_andrew_fast_1,andrew_fast_1,2513576589225187,2026-09-19T22:22:19.714204Z,-0.5152771,-9.4102602,0.9475053,0.0191853,-1.8957140,0.4321022,-0.6127034,-9.7857189,0.3169016,-0.6353268,-0.2881723,0.3439423,0.6285065
gait_20260919_222211_andrew_fast_1,andrew_fast_1,2513576599308114,2026-09-19T22:22:19.723542Z,-1.0198551,-9.1141272,1.0572644,0.1103654,-1.8129441,0.2674950,-0.6127034,-9.7857189,0.3169016,-0.6353268,-0.2881723,0.3439423,0.6285065
gait_20260919_222211_andrew_fast_1,andrew_fast_1,2513576609395150,2026-09-19T22:22:19.733884Z,-1.3638719,-8.8631105,1.2440122,0.1103654,-1.8129441,0.2674950,-0.6491336,-9.7817707,0.3628905,-0.6286665,-0.2981811,0.3579616,0.6226797
gait_20260919_222211_andrew_fast_1,andrew_fast_1,2513576619477099,2026-09-19T22:22:19.743724Z,-1.5133599,-8.7134724,1.4318823,0.1111815,-1.3918167,0.2412152,-0.6491336,-9.7817707,0.3628905,-0.6286665,-0.2981811,0.3579616,0.6226797
gait_20260919_222211_andrew_fast_1,andrew_fast_1,2513576629561043,2026-09-19T22:22:19.754177Z,-1.6671126,-8.6452379,1.5602713,0.1111815,-1.3918167,0.2412152,-0.6869925,-9.7775764,0.4039111,-0.6234402,-0.3053482,0.3690281,0.6179830
gait_20260919_222211_andrew_fast_1,andrew_fast_1,2513576639647388,2026-09-19T22:22:19.764659Z,-1.9062334,-8.6381302,1.6019454,0.1277021,-0.8435369,0.2105387,-0.6869925,-9.7775764,0.4039111,-0.6234402,-0.3053482,0.3690281,0.6179830
gait_20260919_222211_andrew_fast_1,andrew_fast_1,2513576649731291,2026-09-19T22:22:19.774867Z,-2.0643256,-8.5678749,1.5212908,0.1277021,-0.8435369,0.2105387,-0.7231277,-9.7733183,0.4421267,-0.6199437,-0.3091287,0.3764875,0.6151151
gait_20260919_222211_andrew_fast_1,andrew_fast_1,2513576659814339,2026-09-19T22:22:19.784443Z,-2.1256022,-8.3638439,1.4233530,0.1245879,-0.4852781,0.2116711,-0.7231277,-9.7733183,0.4421267,-0.6199437,-0.3091287,0.3764875,0.6151151
gait_20260919_222211_andrew_fast_1,andrew_fast_1,2513576669900887,2026-09-19T22:22:19.794671Z,-2.0332010,-8.1118546,1.3674632,0.1245879,-0.4852781,0.2116711,-0.7633162,-9.7687731,0.4738543,-0.6176486,-0.3110502,0.3821051,0.6129876
gait_20260919_222211_andrew_fast_1,andrew_fast_1,2513576679968107,2026-09-19T22:22:19.806508Z,-1.7963995,-8.6792803,1.2975076,0.1384939,-0.3171403,0.3012358,-0.7633162,-9.7687731,0.4738543,-0.6176486,-0.3110502,0.3821051,0.6129876
gait_20260919_222211_andrew_fast_1,andrew_fast_1,2513576690067717,2026-09-19T22:22:19.815790Z,-1.5530139,-8.8857803,1.3041666,0.1384939,-0.3171403,0.3012358,-0.8241316,-9.7621613,0.5070857,-0.6161870,-0.3111924,0.3872851,0.6111328
gait_20260919_222211_andrew_fast_1,andrew_fast_1,2513576700153165,2026-09-19T22:22:19.825846Z,-1.1249007,-8.4875946,1.3779379,0.1062852,-0.3796591,0.4030245,-0.8241316,-9.7621613,0.5070857,-0.6161870,-0.3111924,0.3872851,0.6111328
gait_20260919_222211_andrew_fast_1,andrew_fast_1,2513576710238656,2026-09-19T22:22:19.835346Z,-0.5825392,-8.3452148,1.3354409,0.1062852,-0.3796591,0.4030245,-0.9042354,-9.7536507,0.5336362,-0.6148786,-0.3115551,0.3936665,0.6081813
gait_20260919_222211_andrew_fast_1,andrew_fast_1,2513576720320728,2026-09-19T22:22:19.845375Z,-0.2299930,-8.5780506,1.2776059,0.0472638,-0.5552079,0.5183361,-0.9042354,-9.7536507,0.5336362,-0.6148786,-0.3115551,0.3936665,0.6081813
gait_20260919_222211_andrew_fast_1,andrew_fast_1,2513576730408008,2026-09-19T22:22:19.856174Z,-0.0959925,-8.8970032,1.2321908,0.0472638,-0.5552079,0.5183361,-1.0022649,-9.7429600,0.5534559,-0.6132287,-0.3131065,0.4021128,0.6035066
gait_20260919_222211_andrew_fast_1,andrew_fast_1,2513576740491707,2026-09-19T22:22:19.866380Z,-0.1227028,-9.1692686,1.2779800,0.0717783,-0.7603007,0.5292278,-1.0022649,-9.7429600,0.5534559,-0.6132287,-0.3131065,0.4021128,0.6035066
gait_20260919_222211_andrew_fast_1,andrew_fast_1,2513576750575081,2026-09-19T22:22:19.875486Z,0.0475099,-9.2708731,1.1941081,0.0717783,-0.7603007,0.5292278,-1.0974559,-9.7306452,0.5884299,-0.6105540,-0.3152718,0.4114980,0.5987462
gait_20260919_222211_andrew_fast_1,andrew_fast_1,2513576760633798,2026-09-19T22:22:19.886061Z,-0.0216226,-9.3166618,1.0179846,0.3108951,-0.7295743,0.5630685,-1.0974559,-9.7306452,0.5884299,-0.6105540,-0.3152718,0.4114980,0.5987462
gait_20260919_222211_andrew_fast_1,andrew_fast_1,2513576770743295,2026-09-19T22:22:19.895817Z,-0.3345149,-9.1979990,0.7325509,0.3108951,-0.7295743,0.5630685,-1.1926250,-9.7135649,0.6785238,-0.6060030,-0.3164021,0.4215195,0.5957947
gait_20260919_222211_andrew_fast_1,andrew_fast_1,2513576780827645,2026-09-19T22:22:19.905507Z,-0.6717981,-9.0693111,0.6620716,0.5313428,-0.7268097,0.4846619,-1.1926250,-9.7135649,0.6785238,-0.6060030,-0.3164021,0.4215195,0.5957947
gait_20260919_222211_andrew_fast_1,andrew_fast_1,2513576790911914,2026-09-19T22:22:19.915079Z,-0.9256582,-9.0313025,0.6067805,0.5313428,-0.7268097,0.4846619,-1.2738718,-9.6934662,0.8062750,-0.6008899,-0.3157391,0.4307981,0.5946875
gait_20260919_222211_andrew_fast_1,andrew_fast_1,2513576800996753,2026-09-19T22:22:19.926090Z,-1.0704327,-9.2072763,0.4911106,0.5420180,-0.7587352,0.4626288,-1.2738718,-9.6934662,0.8062750,-0.6008899,-0.3157391,0.4307981,0.5946875
gait_20260919_222211_andrew_fast_1,andrew_fast_1,2513576811081633,2026-09-19T22:22:19.935606Z,-1.2329390,-9.6278334,0.5012860,0.5420180,-0.7587352,0.4626288,-1.3513793,-9.6718130,0.9305441,-0.5954827,-0.3158425,0.4405679,0.5929113
gait_20260919_222211_andrew_fast_1,andrew_fast_1,2513576821165861,2026-09-19T22:22:19.945330Z,-1.1981484,-10.1600189,0.7741501,0.4319856,-0.4735704,0.5023984,-1.3513793,-9.6718130,0.9305441,-0.5954827,-0.3158425,0.4405679,0.5929113
gait_20260919_222211_andrew_fast_1,andrew_fast_1,2513576831250130,2026-09-19T22:22:19.955654Z,-1.1136031,-10.6657944,1.0904840,0.4319856,-0.4735704,0.5023984,-1.4428244,-9.6494579,1.0209596,-0.5924540,-0.3141960,0.4481373,0.5911449
gait_20260919_222211_andrew_fast_1,andrew_fast_1,2513576841324756,2026-09-19T22:22:19.966610Z,-0.9533412,-10.9900589,1.3510032,0.2794525,-0.0456983,0.5482632,-1.4428244,-9.6494579,1.0209596,-0.5924540,-0.3141960,0.4481373,0.5911449
gait_20260919_222211_andrew_fast_1,andrew_fast_1,2513576851418018,2026-09-19T22:22:19.975694Z,-0.8387188,-11.3038492,1.5022868,0.2794525,-0.0456983,0.5482632,-1.5516227,-9.6274080,1.0684582,-0.5922235,-0.3108094,0.4533119,0.5892175
gait_20260919_222211_andrew_fast_1,andrew_fast_1,2513576861502368,2026-09-19T22:22:19.985930Z,-0.7808838,-11.6736784,1.7319057,0.1174433,0.2103388,0.6357628,-1.5516227,-9.6274080,1.0684582,-0.5922235,-0.3108094,0.4533119,0.5892175
gait_20260919_222211_andrew_fast_1,andrew_fast_1,2513576871587004,2026-09-19T22:22:19.995761Z,-0.7796119,-12.1175041,2.0089598,0.1174433,0.2103388,0.6357628,-1.6833487,-9.6041470,1.0783377,-0.5942538,-0.3061832,0.4571509,0.5866238
gait_20260919_222211_andrew_fast_1,andrew_fast_1,2513576881672168,2026-09-19T22:22:20.006985Z,-0.7110779,-12.3953056,2.2468088,0.1261034,0.4050396,0.7435635,-1.6833487,-9.6041470,1.0783377,-0.5942538,-0.3061832,0.4571509,0.5866238
gait_20260919_222211_andrew_fast_1,andrew_fast_1,2513576891758635,2026-09-19T22:22:20.016157Z,-0.5931635,-12.4826946,2.1265001,0.1261034,0.4050396,0.7435635,-1.8400390,-9.5738125,1.0920137,-0.5972754,-0.2992183,0.4603614,0.5846349
gait_20260919_222211_andrew_fast_1,andrew_fast_1,2513576901840055,2026-09-19T22:22:20.026121Z,-0.5486463,-12.3686705,1.7815853,0.4359992,0.6085836,0.8321290,-1.8400390,-9.5738125,1.0920137,-0.5972754,-0.2992183,0.4603614,0.5846349
gait_20260919_222211_andrew_fast_1,andrew_fast_1,2513576911924610,2026-09-19T22:22:20.036760Z,-0.3105729,-12.1915741,1.2558336,0.4359992,0.6085836,0.8321290,-2.0172648,-9.5296888,1.1626722,-0.5994150,-0.2889302,0.4638364,0.5848734
gait_20260919_222211_andrew_fast_1,andrew_fast_1,2513576921985604,2026-09-19T22:22:20.046538Z,0.0950199,-12.0351286,0.5288193,0.6392102,0.6613266,0.9807485,-2.0172648,-9.5296888,1.1626722,-0.5994150,-0.2889302,0.4638364,0.5848734
gait_20260919_222211_andrew_fast_1,andrew_fast_1,2513576932092091,2026-09-19T22:22:20.056794Z,0.7997382,-11.9569426,-0.5948095,0.6392102,0.6613266,0.9807485,-2.2278123,-9.4701242,1.2608364,-0.6008289,-0.2773414,0.4692377,0.5847242
gait_20260919_222211_andrew_fast_1,andrew_fast_1,2513576942177539,2026-09-19T22:22:20.066958Z,1.7518823,-11.9136229,-1.9149125,0.7243283,1.1888556,1.2281089,-2.2278123,-9.4701242,1.2608364,-0.6008289,-0.2773414,0.4692377,0.5847242
gait_20260919_222211_andrew_fast_1,andrew_fast_1,2513576952262989,2026-09-19T22:22:20.076985Z,2.6271126,-11.8107462,-2.7085154,0.7243283,1.1888556,1.2281089,-2.5027730,-9.3911209,1.3338300,-0.6058630,-0.2594939,0.4716111,0.5858123
gait_20260919_222211_andrew_fast_1,andrew_fast_1,2513576962345386,2026-09-19T22:22:20.087192Z,3.2483332,-11.9657707,-2.7696424,0.4973189,2.2419155,1.3297644,-2.5027730,-9.3911209,1.3338300,-0.6058630,-0.2594939,0.4716111,0.5858123
gait_20260919_222211_andrew_fast_1,andrew_fast_1,2513576972420826,2026-09-19T22:22:20.098359Z,3.6638768,-12.3782473,-2.4847324,0.4973189,2.2419155,1.3297644,-2.8128350,-9.3105764,1.2795491,-0.6176022,-0.2367987,0.4669325,0.5869140
gait_20260919_222211_andrew_fast_1,andrew_fast_1,2513576982514738,2026-09-19T22:22:20.108925Z,3.8512979,-12.8147402,-2.1950340,-0.5035974,1.9680086,1.0524268,-2.8128350,-9.3105764,1.2795491,-0.6176022,-0.2367987,0.4669325,0.5869140
gait_20260919_222211_andrew_fast_1,andrew_fast_1,2513576992599943,2026-09-19T22:22:20.117860Z,4.0120087,-13.3553810,-1.9888334,-0.5035974,1.9680086,1.0524268,-3.0366340,-9.2705946,1.0349070,-0.6322542,-0.2246453,0.4606353,0.5810373
gait_20260919_222211_andrew_fast_1,andrew_fast_1,2513577002672128,2026-09-19T22:22:20.130269Z,4.2597337,-13.9887972,-1.6298528,-1.5826039,1.0309600,0.5530262,-3.0366340,-9.2705946,1.0349070,-0.6322542,-0.2246453,0.4606353,0.5810373
gait_20260919_222211_andrew_fast_1,andrew_fast_1,2513577012769093,2026-09-19T22:22:20.137905Z,4.4720693,-14.3108168,-1.4572458,-1.5826039,1.0309600,0.5530262,-3.1344879,-9.2730227,0.6497192,-0.6472096,-0.2259350,0.4545249,0.5687532
gait_20260919_222211_andrew_fast_1,andrew_fast_1,2513577022853239,2026-09-19T22:22:20.147725Z,4.4865842,-14.2807398,-1.3262382,-1.9287053,1.0493958,0.1056024,-3.1344879,-9.2730227,0.6497192,-0.6472096,-0.2259350,0.4545249,0.5687532
gait_20260919_222211_andrew_fast_1,andrew_fast_1,2513577032933521,2026-09-19T22:22:20.158229Z,4.4303207,-14.0235872,-1.1472715,-1.9287053,1.0493958,0.1056024,-3.1425035,-9.2906036,0.2132398,-0.6626983,-0.2304451,0.4443009,0.5570661
gait_20260919_222211_andrew_fast_1,andrew_fast_1,2513577043022877,2026-09-19T22:22:20.168907Z,4.2702084,-13.5523787,-0.8027309,-1.9954042,1.0711125,-0.4235088,-3.1425035,-9.2906036,0.2132398,-0.6626983,-0.2304451,0.4443009,0.5570661
gait_20260919_222211_andrew_fast_1,andrew_fast_1,2513577053105803,2026-09-19T22:22:20.178352Z,4.0147023,-12.8151140,-0.6331167,-1.9954042,1.0711125,-0.4235088,-3.0385129,-9.3247309,-0.2300804,-0.6765194,-0.2393377,0.4311491,0.5469455
gait_20260919_222211_andrew_fast_1,andrew_fast_1,2513577063190602,2026-09-19T22:22:20.188236Z,3.7440078,-12.0239058,-0.3384055,-2.2335718,0.2364688,-1.0259471,-3.0385129,-9.3247309,-0.2300804,-0.6765194,-0.2393377,0.4311491,0.5469455
gait_20260919_222211_andrew_fast_1,andrew_fast_1,2513577073275684,2026-09-19T22:22:20.198512Z,3.6119525,-11.4548340,-0.0702549,-2.2335718,0.2364688,-1.0259471,-2.8213642,-9.3721933,-0.6618300,-0.6855939,-0.2586413,0.4203826,0.5351114
gait_20260919_222211_andrew_fast_1,andrew_fast_1,2513577083360198,2026-09-19T22:22:20.209424Z,3.5847185,-11.2392807,0.2154033,-2.3371258,-0.7774376,-1.4838963,-2.8213642,-9.3721933,-0.6618300,-0.6855939,-0.2586413,0.4203826,0.5351114
gait_20260919_222211_andrew_fast_1,andrew_fast_1,2513577093464609,2026-09-19T22:22:20.218001Z,3.3839796,-11.3773212,0.5384709,-2.3371258,-0.7774376,-1.4838963,-2.5369070,-9.4176264,-1.0528649,-0.6889226,-0.2865122,0.4136544,0.5217150
gait_20260919_222211_andrew_fast_1,andrew_fast_1,2513577103527801,2026-09-19T22:22:20.228688Z,2.7740567,-11.8313217,0.6684312,-2.1382780,-1.6372620,-1.9804657,-2.5369070,-9.4176264,-1.0528649,-0.6889226,-0.2865122,0.4136544,0.5217150
gait_20260919_222211_andrew_fast_1,andrew_fast_1,2513577113612028,2026-09-19T22:22:20.237908Z,1.6348656,-12.4922714,0.8434324,-2.1382780,-1.6372620,-1.9804657,-2.1792114,-9.4671726,-1.3637496,-0.6849822,-0.3210749,0.4102862,0.5092893
gait_20260919_222211_andrew_fast_1,andrew_fast_1,2513577123689543,2026-09-19T22:22:20.248929Z,0.2162263,-13.2076883,1.3392565,-1.8661866,-2.3728151,-2.6957343,-2.1792114,-9.4671726,-1.3637496,-0.6849822,-0.3210749,0.4102862,0.5092893
gait_20260919_222211_andrew_fast_1,andrew_fast_1,2513577133782114,2026-09-19T22:22:20.258136Z,-1.3655928,-13.9949322,2.4007108,-1.8661866,-2.3728151,-2.6957343,-1.7119203,-9.5235701,-1.6146402,-0.6732947,-0.3624829,0.4080961,0.4987366
gait_20260919_222211_andrew_fast_1,andrew_fast_1,2513577143864755,2026-09-19T22:22:20.269776Z,-2.7877486,-14.5898914,3.3583169,-1.8712660,-2.7490101,-3.1330657,-1.7119203,-9.5235701,-1.6146402,-0.6732947,-0.3624829,0.4080961,0.4987366
gait_20260919_222211_andrew_fast_1,andrew_fast_1,2513577153951506,2026-09-19T22:22:20.279079Z,-4.1622448,-14.8403091,4.0264487,-1.8712660,-2.7490101,-3.1330657,-1.1979424,-9.5511446,-1.8912119,-0.6578432,-0.4070062,0.4049961,0.4874078
gait_20260919_222211_andrew_fast_1,andrew_fast_1,2513577164044646,2026-09-19T22:22:20.289464Z,-5.3709426,-14.5645275,5.4925232,-1.8444866,-2.1230230,-2.9454763,-1.1979424,-9.5511446,-1.8912119,-0.6578432,-0.4070062,0.4049961,0.4874078
gait_20260919_222211_andrew_fast_1,andrew_fast_1,2513577174118621,2026-09-19T22:22:20.299492Z,-5.7531919,-14.0348101,6.4638209,-1.8444866,-2.1230230,-2.9454763,-0.7265733,-9.5328894,-2.1982403,-0.6452287,-0.4443487,0.3974858,0.4777438
gait_20260919_222211_andrew_fast_1,andrew_fast_1,2513577184202850,2026-09-19T22:22:20.309849Z,-4.7040825,-13.0800476,7.4417772,-1.3515643,-0.7948409,-2.3110790,-0.7265733,-9.5328894,-2.1982403,-0.6452287,-0.4443487,0.3974858,0.4777438
gait_20260919_222211_andrew_fast_1,andrew_fast_1,2513577194287688,2026-09-19T22:22:20.319496Z,-3.4207156,-11.8598280,8.5444565,-1.3515643,-0.7948409,-2.3110790,-0.3314331,-9.5010338,-2.4200592,-0.6375825,-0.4674287,0.3862253,0.4752148
gait_20260919_222211_andrew_fast_1,andrew_fast_1,2513577204370736,2026-09-19T22:22:20.329989Z,-3.3417819,-11.0799913,8.4022264,-0.1985312,0.4825302,-1.9294881,-0.3314331,-9.5010338,-2.4200592,-0.6375825,-0.4674287,0.3862253,0.4752148
gait_20260919_222211_andrew_fast_1,andrew_fast_1,2513577214457773,2026-09-19T22:22:20.339154Z,-3.8628948,-10.1532860,7.2717891,-0.1985312,0.4825302,-1.9294881,0.0616149,-9.5102577,-2.4056873,-0.6295602,-0.4775453,0.3745168,0.4851202
gait_20260919_222211_andrew_fast_1,andrew_fast_1,2513577224542368,2026-09-19T22:22:20.349336Z,-2.7923126,-8.8138790,5.3341317,1.2197486,1.1531663,-1.9274896,0.0616149,-9.5102577,-2.4056873,-0.6295602,-0.4775453,0.3745168,0.4851202
gait_20260919_222211_andrew_fast_1,andrew_fast_1,2513577234624358,2026-09-19T22:22:20.360224Z,-1.3995606,-7.9220395,2.3264158,1.2197486,1.1531663,-1.9274896,0.4908654,-9.5678339,-2.1099093,-0.6164438,-0.4791093,0.3652158,0.5070196
gait_20260919_222211_andrew_fast_1,andrew_fast_1,2513577244712086,2026-09-19T22:22:20.370669Z,-0.4086603,-7.4630260,-1.9821745,2.0730782,2.3082311,-1.9997510,0.4908654,-9.5678339,-2.1099093,-0.6164438,-0.4791093,0.3652158,0.5070196
gait_20260919_222211_andrew_fast_1,andrew_fast_1,2513577254793100,2026-09-19T22:22:20.379800Z,-0.8334066,-7.4675899,-5.8613796,2.0730782,2.3082311,-1.9997510,0.9784512,-9.6203852,-1.6513515,-0.6031261,-0.4720096,0.3508393,0.5388486
gait_20260919_222211_andrew_fast_1,andrew_fast_1,2513577264877532,2026-09-19T22:22:20.390946Z,-2.0491374,-7.8754272,-7.5088153,1.6503021,2.3306308,-2.3941154,0.9784512,-9.6203852,-1.6513515,-0.6031261,-0.4720096,0.3508393,0.5388486
gait_20260919_222211_andrew_fast_1,andrew_fast_1,2513577274961597,2026-09-19T22:22:20.400127Z,-2.9181578,-8.3504515,-6.4538698,1.6503021,2.3306308,-2.3941154,1.0752400,-9.5385094,-2.0240588,-0.6114320,-0.4776983,0.3293826,0.5380170
gait_20260919_222211_andrew_fast_1,andrew_fast_1,2513577285047250,2026-09-19T22:22:20.409638Z,-2.8355579,-8.5828390,-3.2582841,0.0033141,-0.6915201,-2.3557448,1.0752400,-9.5385094,-2.0240588,-0.6114320,-0.4776983,0.3293826,0.5380170
gait_20260919_222211_andrew_fast_1,andrew_fast_1,2513577295132618,2026-09-19T22:22:20.420093Z,-2.2517467,-8.4571438,-0.3330185,0.0033141,-0.6915201,-2.3557448,0.7538311,-9.4444380,-2.5437038,-0.6154374,-0.4972974,0.3356799,0.5111273
gait_20260919_222211_andrew_fast_1,andrew_fast_1,2513577305216237,2026-09-19T22:22:20.429721Z,-1.6161610,-8.1016045,1.0052655,-0.9710726,-2.7866313,-1.7986218,0.7538311,-9.4444380,-2.5437038,-0.6154374,-0.4972974,0.3356799,0.5111273
gait_20260919_222211_andrew_fast_1,andrew_fast_1,2513577315300587,2026-09-19T22:22:20.440707Z,-1.5316157,-7.6740899,1.5028853,-0.9710726,-2.7866313,-1.7986218,0.9097677,-9.3584671,-2.7977817,-0.5996692,-0.5290668,0.3424127,0.4931923
gait_20260919_222211_andrew_fast_1,andrew_fast_1,2513577325384897,2026-09-19T22:22:20.450868Z,-2.4862289,-7.1688385,1.7696892,-0.8425211,-2.8769288,-1.3929826,0.9097677,-9.3584671,-2.7977817,-0.5996692,-0.5290668,0.3424127,0.4931923
gait_20260919_222211_andrew_fast_1,andrew_fast_1,2513577335448984,2026-09-19T22:22:20.461789Z,-3.8260090,-6.6200423,1.8330606,-0.8425211,-2.8769288,-1.3929826,0.9900374,-9.2874527,-2.9998674,-0.5843377,-0.5557159,0.3506698,0.4761932
gait_20260919_222211_andrew_fast_1,andrew_fast_1,2513577345553232,2026-09-19T22:22:20.470607Z,-4.7765822,-6.0887542,1.4297873,-0.5523767,-2.1047370,-1.0084939,0.9900374,-9.2874527,-2.9998674,-0.5843377,-0.5557159,0.3506698,0.4761932
gait_20260919_222211_andrew_fast_1,andrew_fast_1,2513577355637623,2026-09-19T22:22:20.480222Z,-5.4460607,-5.4507742,1.1069442,-0.5523767,-2.1047370,-1.0084939,1.0375457,-9.2383728,-3.1324248,-0.5722980,-0.5742724,0.3569850,0.4639483
gait_20260919_222211_andrew_fast_1,andrew_fast_1,2513577365722218,2026-09-19T22:22:20.489997Z,-5.5433249,-4.6288147,0.5842600,-0.4549347,-1.4745700,-0.5342573,1.0375457,-9.2383728,-3.1324248,-0.5722980,-0.5742724,0.3569850,0.4639483
gait_20260919_222211_andrew_fast_1,andrew_fast_1,2513577375780975,2026-09-19T22:22:20.500109Z,-5.5053921,-3.8582561,0.0213234,-0.4549347,-1.4745700,-0.5342573,1.0287077,-9.2017975,-3.2411113,-0.5645354,-0.5867925,0.3622541,0.4535928
gait_20260919_222211_andrew_fast_1,andrew_fast_1,2513577385892303,2026-09-19T22:22:20.510665Z,-5.1381812,-3.1869068,-0.6704513,-0.4329849,-1.0753926,-0.2792027,1.0287077,-9.2017975,-3.2411113,-0.5645354,-0.5867925,0.3622541,0.4535928
gait_20260919_222211_andrew_fast_1,andrew_fast_1,2513577395975310,2026-09-19T22:22:20.521232Z,-4.2192569,-3.0369701,-1.2379519,-0.4329849,-1.0753926,-0.2792027,1.0014877,-9.1690903,-3.3407946,-0.5591488,-0.5962906,0.3663073,0.4445325
gait_20260919_222211_andrew_fast_1,andrew_fast_1,2513577406061329,2026-09-19T22:22:20.531527Z,-2.3247697,-3.2885108,-2.1607671,-0.4257737,-0.9499554,-0.2003964,1.0014877,-9.1690903,-3.3407946,-0.5591488,-0.5962906,0.3663073,0.4445325
gait_20260919_222211_andrew_fast_1,andrew_fast_1,2513577416144337,2026-09-19T22:22:20.541556Z,-1.0076597,-4.0228572,-3.0047231,-0.4257737,-0.9499554,-0.2003964,0.9644561,-9.1374187,-3.4370823,-0.5541992,-0.6050347,0.3702566,0.4355530
gait_20260919_222211_andrew_fast_1,andrew_fast_1,2513577426214324,2026-09-19T22:22:20.551389Z,0.3565864,-5.0576763,-3.6143467,-0.3032843,-1.2695771,-0.0155881,0.9644561,-9.1374187,-3.4370823,-0.5541992,-0.6050347,0.3702566,0.4355530
gait_20260919_222211_andrew_fast_1,andrew_fast_1,2513577436312672,2026-09-19T22:22:20.561698Z,1.8302176,-6.3181486,-4.1721959,-0.3032843,-1.2695771,-0.0155881,0.8642594,-9.1182423,-3.5138049,-0.5483012,-0.6136993,0.3778614,0.4242167
gait_20260919_222211_andrew_fast_1,andrew_fast_1,2513577446371551,2026-09-19T22:22:20.571738Z,3.3417819,-7.8284411,-4.2453685,-0.0642341,-1.5280458,0.3041503,0.8642594,-9.1182423,-3.5138049,-0.5483012,-0.6136993,0.3778614,0.4242167
gait_20260919_222211_andrew_fast_1,andrew_fast_1,2513577456456797,2026-09-19T22:22:20.582634Z,5.5643492,-9.3581114,-3.4752586,-0.0642341,-1.5280458,0.3041503,0.6863278,-9.1231365,-3.5402589,-0.5401432,-0.6220517,0.3911585,0.4102343
gait_20260919_222211_andrew_fast_1,andrew_fast_1,2513577466541392,2026-09-19T22:22:20.591107Z,8.3499279,-11.2408514,-2.0474913,0.4214937,-1.2793363,0.6396931,0.6863278,-9.1231365,-3.5402589,-0.5401432,-0.6220517,0.3911585,0.4102343
gait_20260919_222211_andrew_fast_1,andrew_fast_1,2513577476624846,2026-09-19T22:22:20.601420Z,11.0086145,-13.8209782,-0.4317045,0.4214937,-1.2793363,0.6396931,0.4819992,-9.1691360,-3.4540932,-0.5352973,-0.6227965,0.4051290,0.4018108
gait_20260919_222211_andrew_fast_1,andrew_fast_1,2513577486710052,2026-09-19T22:22:20.611406Z,12.4291239,-17.0427513,-0.3506757,1.3478671,0.2495088,0.5310097,0.4819992,-9.1691360,-3.4540932,-0.5352973,-0.6227965,0.4051290,0.4018108
gait_20260919_222211_andrew_fast_1,andrew_fast_1,2513577496819386,2026-09-19T22:22:20.622297Z,11.8550396,-19.7721405,-2.4482956,1.3478671,0.2495088,0.5310097,0.4382649,-9.2762241,-3.1616049,-0.5321783,-0.6132687,0.4148870,0.4105564
gait_20260919_222211_andrew_fast_1,andrew_fast_1,2513577506883433,2026-09-19T22:22:20.630959Z,11.0043497,-20.7249584,-6.0810480,2.1156955,2.0677822,-0.2156015,0.4382649,-9.2762241,-3.1616049,-0.5321783,-0.6132687,0.4148870,0.4105564
gait_20260919_222211_andrew_fast_1,andrew_fast_1,2513577516987395,2026-09-19T22:22:20.641351Z,10.4506159,-18.9093304,-7.7504048,2.1156955,2.0677822,-0.2156015,0.6492625,-9.4015617,-2.7249308,-0.5285707,-0.5976343,0.4154337,0.4368766
gait_20260919_222211_andrew_fast_1,andrew_fast_1,2513577527071298,2026-09-19T22:22:20.651440Z,10.1407166,-15.1352453,-6.7908540,1.4937720,2.5101931,-0.6982982,0.6492625,-9.4015617,-2.7249308,-0.5285707,-0.5976343,0.4154337,0.4368766
gait_20260919_222211_andrew_fast_1,andrew_fast_1,2513577537156178,2026-09-19T22:22:20.661492Z,9.2947397,-11.1181488,-3.6476412,1.4937720,2.5101931,-0.6982982,0.9159555,-9.4587946,-2.4348176,-0.5261239,-0.5869231,0.4088632,0.4599411
gait_20260919_222211_andrew_fast_1,andrew_fast_1,2513577547241872,2026-09-19T22:22:20.671730Z,7.1282868,-8.0116720,0.8646061,0.5567234,0.2233788,-0.3869202,0.9159555,-9.4587946,-2.4348176,-0.5261239,-0.5869231,0.4088632,0.4599411
gait_20260919_222211_andrew_fast_1,andrew_fast_1,2513577557299651,2026-09-19T22:22:20.682167Z,4.8166099,-6.1750951,4.2122240,0.5567234,0.2233788,-0.3869202,0.9693523,-9.4716406,-2.3631582,-0.5197073,-0.5894877,0.4122865,0.4608996
gait_20260919_222211_andrew_fast_1,andrew_fast_1,2513577567384856,2026-09-19T22:22:20.692009Z,2.7932103,-5.5643492,4.9905639,0.0124571,-1.0671656,0.1035373,0.9693523,-9.4716406,-2.3631582,-0.5197073,-0.5894877,0.4122865,0.4608996
gait_20260919_222211_andrew_fast_1,andrew_fast_1,2513577577494069,2026-09-19T22:22:20.702285Z,0.3165584,-6.7586069,4.1261821,0.0124571,-1.0671656,0.1035373,0.8776788,-9.4734993,-2.3913598,-0.5140503,-0.5957455,0.4207159,0.4514841
gait_20260919_222211_andrew_fast_1,andrew_fast_1,2513577587578216,2026-09-19T22:22:20.712403Z,-2.5240123,-9.7879457,3.1857846,-0.0358059,-1.2482601,0.4734872,0.8776788,-9.4734993,-2.3913598,-0.5140503,-0.5957455,0.4207159,0.4514841
gait_20260919_222211_andrew_fast_1,andrew_fast_1,2513577597662119,2026-09-19T22:22:20.722798Z,-4.6065936,-15.1398840,-4.5851207,-0.0358059,-1.2482601,0.4734872,0.6874703,-9.4993343,-2.3507755,-0.5089939,-0.5986753,0.4336623,0.4409650
gait_20260919_222211_andrew_fast_1,andrew_fast_1,2513577607746836,2026-09-19T22:22:20.733076Z,-5.8597341,-20.2826290,-8.4659719,-0.2433302,-1.7947080,0.8116780,0.6874703,-9.4993343,-2.3507755,-0.5089939,-0.5986753,0.4336623,0.4409650
gait_20260919_222211_andrew_fast_1,andrew_fast_1,2513577617831593,2026-09-19T22:22:20.742702Z,-6.9663038,-19.5867405,-3.6792896,-0.2433302,-1.7947080,0.8116780,0.4549836,-9.4946241,-2.4251239,-0.5066340,-0.6039883,0.4447378,0.4251214
gait_20260919_222211_andrew_fast_1,andrew_fast_1,2513577627917653,2026-09-19T22:22:20.753479Z,-7.4263649,-14.5626574,0.5183446,-0.1283516,-0.7182662,0.3028679,0.4549836,-9.4946241,-2.4251239,-0.5066340,-0.6039883,0.4447378,0.4251214
gait_20260919_222211_andrew_fast_1,andrew_fast_1,2513577638000132,2026-09-19T22:22:20.763447Z,-7.2321353,-9.4478941,2.0967970,-0.1283516,-0.7182662,0.3028679,0.3856680,-9.4904318,-2.4533772,-0.5040582,-0.6073684,0.4491256,0.4187069
gait_20260919_222211_andrew_fast_1,andrew_fast_1,2513577648087615,2026-09-19T22:22:20.772717Z,-6.2321072,-6.9288197,3.4448073,-0.3305800,-0.5438999,-0.2193652,0.3856680,-9.4904318,-2.4533772,-0.5040582,-0.6073684,0.4491256,0.4187069
gait_20260919_222211_andrew_fast_1,andrew_fast_1,2513577658168833,2026-09-19T22:22:20.783138Z,-6.4542441,-6.3596730,4.3926120,-0.3305800,-0.5438999,-0.2193652,0.4144094,-9.4700623,-2.5263236,-0.5002539,-0.6135698,0.4491703,0.4141550
gait_20260919_222211_andrew_fast_1,andrew_fast_1,2513577668253591,2026-09-19T22:22:20.793241Z,-7.6452847,-7.4060140,4.7864580,-0.5295609,0.2632150,-0.3569431,0.4144094,-9.4700623,-2.5263236,-0.5002539,-0.6135698,0.4491703,0.4141550
gait_20260919_222211_andrew_fast_1,andrew_fast_1,2513577678336314,2026-09-19T22:22:20.803450Z,-9.0159655,-9.2626429,5.0650086,-0.5295609,0.2632150,-0.3569431,0.5013195,-9.4399738,-2.6213982,-0.5009224,-0.6168767,0.4432569,0.4148051
gait_20260919_222211_andrew_fast_1,andrew_fast_1,2513577688422780,2026-09-19T22:22:20.812697Z,-9.6243916,-10.5553617,5.1314478,-0.2917764,1.3858213,-0.0447657,0.5013195,-9.4399738,-2.6213982,-0.5009224,-0.6168767,0.4432569,0.4148051
gait_20260919_222211_andrew_fast_1,andrew_fast_1,2513577698508392,2026-09-19T22:22:20.823225Z,-9.5417166,-10.9577379,4.6187892,-0.2917764,1.3858213,-0.0447657,0.5702518,-9.4308205,-2.6401870,-0.5077136,-0.6118352,0.4353980,0.4222717
gait_20260919_222211_andrew_fast_1,andrew_fast_1,2513577708591441,2026-09-19T22:22:20.832945Z,-8.4330521,-10.3842516,3.7547069,0.4133499,2.0872838,0.7956237,0.5702518,-9.4308205,-2.6401870,-0.5077136,-0.6118352,0.4353980,0.4222717
gait_20260919_222211_andrew_fast_1,andrew_fast_1,2513577718676605,2026-09-19T22:22:20.842858Z,-6.8442745,-9.4843311,2.8840404,0.4133499,2.0872838,0.7956237,0.4938219,-9.4715357,-2.5064478,-0.5194010,-0.5959284,0.4329158,0.4332156
gait_20260919_222211_andrew_fast_1,andrew_fast_1,2513577728738576,2026-09-19T22:22:20.853345Z,-5.6188173,-8.8724623,2.0473418,1.1024885,1.8985119,1.6459553,0.4938219,-9.4715357,-2.5064478,-0.5194010,-0.5959284,0.4329158,0.4332156
gait_20260919_222211_andrew_fast_1,andrew_fast_1,2513577738843922,2026-09-19T22:22:20.864029Z,-4.5109005,-8.6631193,1.2666824,1.1024885,1.8985119,1.6459553,0.2363111,-9.5436754,-2.2579989,-0.5313844,-0.5740500,0.4393556,0.4416605
gait_20260919_222211_andrew_fast_1,andrew_fast_1,2513577748949147,2026-09-19T22:22:20.873822Z,-3.6317794,-8.7066641,0.7446715,1.3060158,1.3703499,2.0844028,0.2363111,-9.5436754,-2.2579989,-0.5313844,-0.5740500,0.4393556,0.4416605
gait_20260919_222211_andrew_fast_1,andrew_fast_1,2513577759013275,2026-09-19T22:22:20.883256Z,-2.9591584,-8.9542398,0.3642927,1.3060158,1.3703499,2.0844028,-1.0522804,-9.6673326,-1.2928680,-0.5436981,-0.5201235,0.4903666,0.4397776
gait_20260919_222211_andrew_fast_1,andrew_fast_1,2513577769097096,2026-09-19T22:22:20.893236Z,-2.3689878,-9.2960119,0.1421557,1.0325254,0.7065419,2.1838598,-1.0522804,-9.6673326,-1.2928680,-0.5436981,-0.5201235,0.4903666,0.4397776
gait_20260919_222211_andrew_fast_1,andrew_fast_1,2513577779181976,2026-09-19T22:22:20.903400Z,-2.0013282,-9.3957453,0.3002478,1.0325254,0.7065419,2.1838598,-1.5395298,-9.6331244,-1.0338684,-0.5524712,-0.4979184,0.5066683,0.4360507
gait_20260919_222211_andrew_fast_1,andrew_fast_1,2513577789267263,2026-09-19T22:22:20.913472Z,-1.8629882,-9.2373543,0.6320692,0.4912402,-0.0306765,2.1642916,-1.5395298,-9.6331244,-1.0338684,-0.5524712,-0.4979184,0.5066683,0.4360507
gait_20260919_222211_andrew_fast_1,andrew_fast_1,2513577799324839,2026-09-19T22:22:20.924081Z,-1.5968577,-8.8554783,0.9621698,0.4912402,-0.0306765,2.1642916,-1.9689394,-9.5686674,-0.8944235,-0.5592675,-0.4833271,0.5211337,0.4266549
gait_20260919_222211_andrew_fast_1,andrew_fast_1,2513577809436370,2026-09-19T22:22:20.933689Z,-1.1405379,-8.2835636,1.2435633,0.1554642,-0.6700199,2.3876870,-1.9689394,-9.5686674,-0.8944235,-0.5592675,-0.4833271,0.5211337,0.4266549
gait_20260919_222211_andrew_fast_1,andrew_fast_1,2513577819493174,2026-09-19T22:22:20.945472Z,-0.5556793,-7.8337531,1.4239515,0.1554642,-0.6700199,2.3876870,-2.4533479,-9.4617901,-0.8317145,-0.5656045,-0.4727288,0.5372259,0.4098871
gait_20260919_222211_andrew_fast_1,andrew_fast_1,2513577829603485,2026-09-19T22:22:20.955010Z,0.2126350,-7.8420582,1.1802666,0.4805484,-1.5109922,2.8964472,-2.4533479,-9.4617901,-0.8317145,-0.5656045,-0.4727288,0.5372259,0.4098871
gait_20260919_222211_andrew_fast_1,andrew_fast_1,2513577839690481,2026-09-19T22:22:20.964102Z,0.9381530,-8.2997246,0.8941595,0.4805484,-1.5109922,2.8964472,-3.0423450,-9.3051510,-0.6280208,-0.5679672,-0.4592102,0.5615785,0.3888043
gait_20260919_222211_andrew_fast_1,andrew_fast_1,2513577849746754,2026-09-19T22:22:20.974098Z,1.3712790,-9.0982656,0.4435259,1.1177101,-2.3354270,3.2049108,-3.0423450,-9.3051510,-0.6280208,-0.5679672,-0.4592102,0.5615785,0.3888043
gait_20260919_222211_andrew_fast_1,andrew_fast_1,2513577859863250,2026-09-19T22:22:20.984943Z,1.7227030,-9.9595051,0.3648165,1.1177101,-2.3354270,3.2049108,-3.6619499,-9.0979366,-0.2319017,-0.5630191,-0.4436727,0.5939891,0.3651589
gait_20260919_222211_andrew_fast_1,andrew_fast_1,2513577869941864,2026-09-19T22:22:20.994578Z,1.9743186,-10.7617874,0.5248539,1.3795096,-2.9834304,3.0188367,-3.6619499,-9.0979366,-0.2319017,-0.5630191,-0.4436727,0.5939891,0.3651589
gait_20260919_222211_andrew_fast_1,andrew_fast_1,2513577880024302,2026-09-19T22:22:21.005317Z,2.3203557,-11.3509855,0.8405892,1.3795096,-2.9834304,3.0188367,-4.1671329,-8.8767719,0.2720704,-0.5507089,-0.4307736,0.6282387,0.3412768
gait_20260919_222211_andrew_fast_1,andrew_fast_1,2513577890091074,2026-09-19T22:22:21.015176Z,2.7124062,-11.9669685,1.5329624,1.3439035,-3.5482643,2.5420187,-4.1671329,-8.8767719,0.2720704,-0.5507089,-0.4307736,0.6282387,0.3412768
gait_20260919_222211_andrew_fast_1,andrew_fast_1,2513577900194753,2026-09-19T22:22:21.024741Z,2.7606642,-12.5845222,2.6850224,1.3439035,-3.5482643,2.5420187,-4.5554214,-8.6483364,0.8309888,-0.5329335,-0.4208585,0.6620190,0.3171608
gait_20260919_222211_andrew_fast_1,andrew_fast_1,2513577910255056,2026-09-19T22:22:21.035592Z,2.4815900,-12.6391401,2.9590836,1.7431976,-3.3756299,2.0179203,-4.5554214,-8.6483364,0.8309888,-0.5329335,-0.4208585,0.6620190,0.3171608
gait_20260919_222211_andrew_fast_1,andrew_fast_1,2513577920363088,2026-09-19T22:22:21.045749Z,2.1423616,-12.1755629,1.9190274,1.7431976,-3.3756299,2.0179203,-4.8096695,-8.4238224,1.4636967,-0.5129666,-0.4078053,0.6929429,0.3006497
gait_20260919_222211_andrew_fast_1,andrew_fast_1,2513577930438364,2026-09-19T22:22:21.056305Z,1.7243489,-11.4893246,0.5742343,3.0998080,-1.5042140,1.4824640,-4.8096695,-8.4238224,1.4636967,-0.5129666,-0.4078053,0.6929429,0.3006497
gait_20260919_222211_andrew_fast_1,andrew_fast_1,2513577940537811,2026-09-19T22:22:21.065293Z,1.4520833,-10.8072023,-0.4837036,3.0998080,-1.5042140,1.4824640,-5.0001740,-8.1677294,2.1266341,-0.5005557,-0.3805852,0.7159301,0.3033859
gait_20260919_222211_andrew_fast_1,andrew_fast_1,2513577950616587,2026-09-19T22:22:21.075777Z,1.2724434,-10.0778685,-1.3079075,3.4732051,0.6791795,1.0457653,-5.0001740,-8.1677294,2.1266341,-0.5005557,-0.3805852,0.7159301,0.3033859
gait_20260919_222211_andrew_fast_1,andrew_fast_1,2513577960711558,2026-09-19T22:22:21.086054Z,1.3049896,-9.6440687,-1.8018613,3.4732051,0.6791795,1.0457653,-5.2030745,-7.9090290,2.5712664,-0.5011517,-0.3474687,0.7260237,0.3178081
gait_20260919_222211_andrew_fast_1,andrew_fast_1,2513577970787038,2026-09-19T22:22:21.095687Z,1.6040403,-9.8091936,-2.0382886,2.6069856,2.4378319,0.8530130,-5.2030745,-7.9090290,2.5712664,-0.5011517,-0.3474687,0.7260237,0.3178081
gait_20260919_222211_andrew_fast_1,andrew_fast_1,2513577980869313,2026-09-19T22:22:21.107182Z,2.0926070,-10.5014925,-1.9381810,2.6069856,2.4378319,0.8530130,-5.3232470,-7.8389072,2.5398195,-0.5162830,-0.3252071,0.7172804,0.3364538
gait_20260919_222211_andrew_fast_1,andrew_fast_1,2513577990953827,2026-09-19T22:22:21.116705Z,2.6087821,-11.4452572,-1.5658079,1.1934354,3.3917344,0.7883626,-5.3232470,-7.8389072,2.5398195,-0.5162830,-0.3252071,0.7172804,0.3364538
gait_20260919_222211_andrew_fast_1,andrew_fast_1,2513578001040131,2026-09-19T22:22:21.126613Z,3.2550669,-12.7019138,-0.5764040,1.1934354,3.3917344,0.7883626,-5.6144018,-7.7108049,2.2930517,-0.5408399,-0.3024817,0.7039945,0.3469710
gait_20260919_222211_andrew_fast_1,andrew_fast_1,2513578011124847,2026-09-19T22:22:21.135876Z,3.7432594,-13.9358253,0.4745008,0.0194351,3.9970870,0.6645907,-5.6144018,-7.7108049,2.2930517,-0.5408399,-0.3024817,0.7039945,0.3469710
gait_20260919_222211_andrew_fast_1,andrew_fast_1,2513578021208018,2026-09-19T22:22:21.146216Z,4.0467248,-13.9450274,-0.0202759,0.0194351,3.9970870,0.6645907,-5.8846698,-7.6426239,1.7880354,-0.5725419,-0.2847385,0.6822329,0.3545109
gait_20260919_222211_andrew_fast_1,andrew_fast_1,2513578031291270,2026-09-19T22:22:21.155773Z,4.6445270,-13.1398277,-1.3440449,0.3863539,5.1472559,0.6144458,-5.8846698,-7.6426239,1.7880354,-0.5725419,-0.2847385,0.6822329,0.3545109
gait_20260919_222211_andrew_fast_1,andrew_fast_1,2513578041352794,2026-09-19T22:22:21.166407Z,5.3885999,-12.2660189,-2.4443302,0.3863539,5.1472559,0.6144458,-6.1294336,-7.5603499,1.2277142,-0.6075004,-0.2593139,0.6545987,0.3676957
gait_20260919_222211_andrew_fast_1,andrew_fast_1,2513578051459849,2026-09-19T22:22:21.175925Z,5.9834843,-11.6228018,-3.5503767,0.4780670,3.5705972,0.3082638,-6.1294336,-7.5603499,1.2277142,-0.6075004,-0.2593139,0.6545987,0.3676957
gait_20260919_222211_andrew_fast_1,andrew_fast_1,2513578061545013,2026-09-19T22:22:21.187400Z,6.4533463,-11.2994347,-5.0198927,0.4780670,3.5705972,0.3082638,-6.2287621,-7.5254850,0.8976283,-0.6270784,-0.2432891,0.6367232,0.3770501
gait_20260919_222211_andrew_fast_1,andrew_fast_1,2513578071620290,2026-09-19T22:22:21.197889Z,6.6691985,-10.8608475,-4.9844289,-0.2051595,1.5529433,-0.1629918,-6.2287621,-7.5254850,0.8976283,-0.6270784,-0.2432891,0.6367232,0.3770501
gait_20260919_222211_andrew_fast_1,andrew_fast_1,2513578081712576,2026-09-19T22:22:21.207507Z,6.4475102,-10.2459860,-3.3179147,-0.2051595,1.5529433,-0.1629918,-6.2054076,-7.5679135,0.6750886,-0.6361163,-0.2427327,0.6264538,0.3794636
gait_20260919_222211_andrew_fast_1,andrew_fast_1,2513578091796030,2026-09-19T22:22:21.217428Z,5.5730281,-10.6980410,-1.5502456,-1.5596881,0.8451357,-0.8800589,-6.2054076,-7.5679135,0.6750886,-0.6361163,-0.2427327,0.6264538,0.3794636
gait_20260919_222211_andrew_fast_1,andrew_fast_1,2513578101881236,2026-09-19T22:22:21.227074Z,4.8363624,-12.3042517,-0.5062988,-1.5596881,0.8451357,-0.8800589,-6.0474081,-7.7181053,0.3095352,-0.6446890,-0.2582904,0.6133134,0.3761767
gait_20260919_222211_andrew_fast_1,andrew_fast_1,2513578111967214,2026-09-19T22:22:21.236917Z,4.3644800,-13.9120331,0.2657564,-2.4303377,-0.1946009,-1.9523373,-6.0474081,-7.7181053,0.3095352,-0.6446890,-0.2582904,0.6133134,0.3761767
gait_20260919_222211_andrew_fast_1,andrew_fast_1,2513578122025767,2026-09-19T22:22:21.246608Z,4.0126071,-15.4733515,0.9529671,-2.4303377,-0.1946009,-1.9523373,-5.6984296,-7.9851055,-0.0459100,-0.6457689,-0.2896646,0.6006343,0.3719077
gait_20260919_222211_andrew_fast_1,andrew_fast_1,2513578132135264,2026-09-19T22:22:21.258081Z,3.5325699,-16.9871597,0.9353847,-2.3299313,-0.9913737,-3.2631495,-5.6984296,-7.9851055,-0.0459100,-0.6457689,-0.2896646,0.6006343,0.3719077
gait_20260919_222211_andrew_fast_1,andrew_fast_1,2513578142217784,2026-09-19T22:22:21.268082Z,2.7513866,-18.7326088,0.4807108,-2.3299313,-0.9913737,-3.2631495,-5.1141486,-8.3660774,-0.3005685,-0.6366950,-0.3302561,0.5871262,0.3752776
gait_20260919_222211_andrew_fast_1,andrew_fast_1,2513578152302867,2026-09-19T22:22:21.277938Z,1.4490157,-20.9160461,-0.2042553,-1.6272697,-0.5453987,-4.7303419,-5.1141486,-8.3660774,-0.3005685,-0.6366950,-0.3302561,0.5871262,0.3752776
gait_20260919_222211_andrew_fast_1,andrew_fast_1,2513578162386607,2026-09-19T22:22:21.288133Z,-0.3400515,-23.0031910,-1.5521909,-1.6272697,-0.5453987,-4.7303419,-4.2473297,-8.8274784,-0.5214834,-0.6224423,-0.3722151,0.5649096,0.3935716
gait_20260919_222211_andrew_fast_1,andrew_fast_1,2513578172474010,2026-09-19T22:22:21.299344Z,-1.7930326,-24.8766537,-2.5067291,-1.2442465,1.0918467,-5.8667707,-4.2473297,-8.8274784,-0.5214834,-0.6224423,-0.3722151,0.5649096,0.3935716
gait_20260919_222211_andrew_fast_1,andrew_fast_1,2513578182557994,2026-09-19T22:22:21.308024Z,-3.2759414,-27.4721928,-1.9371337,-1.2442465,1.0918467,-5.8667707,-3.1232722,-9.2607317,-0.8486158,-0.6114963,-0.4104881,0.5262292,0.4250349
gait_20260919_222211_andrew_fast_1,andrew_fast_1,2513578192643158,2026-09-19T22:22:21.317785Z,-5.3147535,-29.6455288,-0.9362825,-1.5304105,2.5258477,-6.0584908,-3.1232722,-9.2607317,-0.8486158,-0.6114963,-0.4104881,0.5262292,0.4250349
gait_20260919_222211_andrew_fast_1,andrew_fast_1,2513578202736380,2026-09-19T22:22:21.328343Z,-7.8036761,-30.1513786,0.1126023,-1.5304105,2.5258477,-6.0584908,-1.9167705,-9.5355730,-1.2786580,-0.6058297,-0.4435886,0.4762077,0.4576306
gait_20260919_222211_andrew_fast_1,andrew_fast_1,2513578212812267,2026-09-19T22:22:21.338094Z,-10.5851402,-27.9780426,0.6196494,-0.9243250,2.0670493,-5.6140647,-1.9167705,-9.5355730,-1.2786580,-0.6058297,-0.4435886,0.4762077,0.4576306
gait_20260919_222211_andrew_fast_1,andrew_fast_1,2513578222894582,2026-09-19T22:22:21.348364Z,-13.5563440,-23.4777660,0.5726631,-0.9243250,2.0670493,-5.6140647,-0.7982100,-9.6655054,-1.4754689,-0.5930138,-0.4708636,0.4348135,0.4874008
gait_20260919_222211_andrew_fast_1,andrew_fast_1,2513578232977672,2026-09-19T22:22:21.358482Z,-13.6880999,-18.0755501,-0.9265561,0.3115945,1.8102961,-4.5115595,-0.7982100,-9.6655054,-1.4754689,-0.5930138,-0.4708636,0.4348135,0.4874008
gait_20260919_222211_andrew_fast_1,andrew_fast_1,2513578243080496,2026-09-19T22:22:21.367991Z,-12.4671316,-13.7099476,-0.9270050,0.3115945,1.8102961,-4.5115595,0.0784120,-9.7108517,-1.3890055,-0.5775969,-0.4846706,0.4054175,0.5168297
gait_20260919_222211_andrew_fast_1,andrew_fast_1,2513578253146658,2026-09-19T22:22:21.378855Z,-11.1067762,-10.5977840,0.0076315,0.6347802,1.2178001,-2.6873074,0.0784120,-9.7108517,-1.3890055,-0.5775969,-0.4846706,0.4054175,0.5168297
gait_20260919_222211_andrew_fast_1,andrew_fast_1,2513578263234141,2026-09-19T22:22:21.388485Z,-9.0170870,-8.0219221,0.7746739,0.6347802,1.2178001,-2.6873074,0.5592899,-9.7132406,-1.2555037,-0.5672927,-0.4895501,0.3899529,0.5352164
gait_20260919_222211_andrew_fast_1,andrew_fast_1,2513578273315806,2026-09-19T22:22:21.398043Z,-7.3151093,-6.2496896,1.7941549,0.2566533,-0.2544883,-1.1280355,0.5592899,-9.7132406,-1.2555037,-0.5672927,-0.4895501,0.3899529,0.5352164
gait_20260919_222211_andrew_fast_1,andrew_fast_1,2513578283402721,2026-09-19T22:22:21.408402Z,-5.9197383,-5.0122614,2.4704421,0.2566533,-0.2544883,-1.1280355,0.7143748,-9.7062922,-1.2303185,-0.5606560,-0.4960216,0.3884507,0.5373394
gait_20260919_222211_andrew_fast_1,andrew_fast_1,2513578293486136,2026-09-19T22:22:21.418904Z,-4.7569046,-4.1415200,3.2575359,-0.3557274,-1.7765720,-0.5431172,0.7143748,-9.7062922,-1.2303185,-0.5606560,-0.4960216,0.3884507,0.5373394
gait_20260919_222211_andrew_fast_1,andrew_fast_1,2513578303570323,2026-09-19T22:22:21.428839Z,-3.7407906,-3.3109565,3.7184198,-0.3557274,-1.7765720,-0.5431172,0.7482845,-9.6881084,-1.3478715,-0.5533163,-0.5106406,0.3946240,0.5266490
gait_20260919_222211_andrew_fast_1,andrew_fast_1,2513578313642548,2026-09-19T22:22:21.439139Z,-2.6993127,-2.5431659,3.2079310,-0.6531495,-3.1604614,-0.5247645,0.7482845,-9.6881084,-1.3478715,-0.5533163,-0.5106406,0.3946240,0.5266490
gait_20260919_222211_andrew_fast_1,andrew_fast_1,2513578323712576,2026-09-19T22:22:21.449110Z,-1.7188123,-1.4622587,2.2611740,-0.6531495,-3.1604614,-0.5247645,0.7482470,-9.6608696,-1.5309689,-0.5409994,-0.5333523,0.4066169,0.5074622
gait_20260919_222211_andrew_fast_1,andrew_fast_1,2513578333799368,2026-09-19T22:22:21.458269Z,-1.0910078,-0.1166425,0.0012719,-0.8498154,-4.3494339,-0.7026948,0.7482470,-9.6608696,-1.5309689,-0.5409994,-0.5333523,0.4066169,0.5074622
gait_20260919_222211_andrew_fast_1,andrew_fast_1,2513578343873820,2026-09-19T22:22:21.471805Z,-0.5031564,1.1569232,-1.2642133,-0.8498154,-4.3494339,-0.7026948,0.7380683,-9.6203375,-1.7721326,-0.5236749,-0.5624634,0.4213397,0.4815314
gait_20260919_222211_andrew_fast_1,andrew_fast_1,2513578353980601,2026-09-19T22:22:21.481587Z,-0.5051017,1.5295208,-1.0077344,-1.5225666,-3.6510189,-0.9193788,0.7380683,-9.6203375,-1.7721326,-0.5236749,-0.5624634,0.4213397,0.4815314
gait_20260919_222211_andrew_fast_1,andrew_fast_1,2513578364048108,2026-09-19T22:22:21.491070Z,-1.4778210,1.5597476,-0.3516484,-1.5225666,-3.6510189,-0.9193788,0.7380683,-9.6203375,-1.7721326,-0.5236749,-0.5624634,0.4213397,0.4815314
gait_20260919_222211_andrew_fast_1,andrew_fast_1,2513578374158377,2026-09-19T22:22:21.501850Z,-3.5675850,0.7804349,0.9620950,-2.1660900,-2.0976260,-1.1630421,0.8509509,-9.4796934,-2.3764324,-0.5104139,-0.6016558,0.4196105,0.4487928
gait_20260919_222211_andrew_fast_1,andrew_fast_1,2513578384218720,2026-09-19T22:22:21.512708Z,-5.4219689,-0.1643769,2.4928129,-2.1660900,-2.0976260,-1.1630421,0.8509509,-9.4796934,-2.3764324,-0.5104139,-0.6016558,0.4196105,0.4487928
gait_20260919_222211_andrew_fast_1,andrew_fast_1,2513578394318288,2026-09-19T22:22:21.521333Z,-6.7646670,-0.7475147,4.0602670,-2.0176039,-1.4768183,-1.2221801,1.0005317,-9.3412342,-2.8242555,-0.5073078,-0.6231592,0.4077137,0.4336831
gait_20260919_222211_andrew_fast_1,andrew_fast_1,2513578404414046,2026-09-19T22:22:21.532491Z,-7.4440970,-0.8174703,5.3963060,-2.0176039,-1.4768183,-1.2221801,1.0005317,-9.3412342,-2.8242555,-0.5073078,-0.6231592,0.4077137,0.4336831
gait_20260919_222211_andrew_fast_1,andrew_fast_1,2513578414485281,2026-09-19T22:22:21.542066Z,-7.7334957,-0.3991583,5.6494184,-1.0673821,-0.9275059,-1.0430673,1.1358147,-9.2323847,-3.1159515,-0.5024691,-0.6390373,0.3993137,0.4239157
gait_20260919_222211_andrew_fast_1,andrew_fast_1,2513578424569163,2026-09-19T22:22:21.553171Z,-7.9803233,0.0919523,4.4841900,-1.0673821,-0.9275059,-1.0430673,1.1358147,-9.2323847,-3.1159515,-0.5024691,-0.6390373,0.3993137,0.4239157
gait_20260919_222211_andrew_fast_1,andrew_fast_1,2513578434665131,2026-09-19T22:22:21.563669Z,-7.4202294,-0.0673369,0.7469161,0.3025848,-0.3558773,-0.4806817,1.1782166,-9.2255392,-3.1204779,-0.4987132,-0.6423590,0.3990970,0.4235348
gait_20260919_222211_andrew_fast_1,andrew_fast_1,2513578444757132,2026-09-19T22:22:21.570567Z,-4.7866077,-1.2624925,-6.8946276,0.3025848,-0.3558773,-0.4806817,1.1782166,-9.2255392,-3.1204779,-0.4987132,-0.6423590,0.3990970,0.4235348
gait_20260919_222211_andrew_fast_1,andrew_fast_1,2513578454809744,2026-09-19T22:22:21.580617Z,3.2546179,-4.5269117,-27.7363033,1.5508449,-1.7481937,0.5822372,1.0723133,-9.3071642,-2.9091196,-0.4903908,-0.6406329,0.4134657,0.4220810
gait_20260919_222211_andrew_fast_1,andrew_fast_1,2513578464920339,2026-09-19T22:22:21.590290Z,13.3030081,-8.4855747,-34.3523064,1.5508449,-1.7481937,0.5822372,1.0723133,-9.3071642,-2.9091196,-0.4903908,-0.6406329,0.4134657,0.4220810
gait_20260919_222211_andrew_fast_1,andrew_fast_1,2513578475003510,2026-09-19T22:22:21.600114Z,15.7713547,-11.4795237,-7.2143283,0.0657996,-0.3662527,1.1955172,0.7678359,-9.3868704,-2.7446733,-0.4884090,-0.6359468,0.4315563,0.4132645
gait_20260919_222211_andrew_fast_1,andrew_fast_1,2513578485088349,2026-09-19T22:22:21.610187Z,17.0053406,-15.1178122,3.6609588,0.0657996,-0.3662527,1.1955172,0.7678359,-9.3868704,-2.7446733,-0.4884090,-0.6359468,0.4315563,0.4132645
gait_20260919_222211_andrew_fast_1,andrew_fast_1,2513578495172578,2026-09-19T22:22:21.620150Z,16.0306015,-18.7667255,7.7949224,1.4991179,-0.2666457,1.1759655,0.5083830,-9.4232302,-2.6796329,-0.4957735,-0.6276600,0.4394125,0.4088623
gait_20260919_222211_andrew_fast_1,andrew_fast_1,2513578505256155,2026-09-19T22:22:21.630697Z,14.1895361,-22.5262947,2.4280946,1.4991179,-0.2666457,1.1759655,0.5083830,-9.4232302,-2.6796329,-0.4957735,-0.6276600,0.4394125,0.4088623
gait_20260919_222211_andrew_fast_1,andrew_fast_1,2513578515340709,2026-09-19T22:22:21.640415Z,11.2509527,-22.8439770,-0.5517139,3.1890395,1.8012697,0.2142858,0.4519769,-9.5754051,-2.0840957,-0.4909589,-0.6068677,0.4556862,0.4278095
gait_20260919_222211_andrew_fast_1,andrew_fast_1,2513578525425630,2026-09-19T22:22:21.650450Z,7.6303210,-19.1479282,0.2605191,3.1890395,1.8012697,0.2142858,0.4519769,-9.5754051,-2.0840957,-0.4909589,-0.6068677,0.4556862,0.4278095
gait_20260919_222211_andrew_fast_1,andrew_fast_1,2513578535512259,2026-09-19T22:22:21.660405Z,4.3501897,-14.4975643,1.0702829,0.8901346,4.0701976,0.0409853,0.6099555,-9.6544180,-1.6298103,-0.5002812,-0.5787650,0.4475621,0.4630745
gait_20260919_222211_andrew_fast_1,andrew_fast_1,2513578545596894,2026-09-19T22:22:21.671917Z,2.5077019,-10.5454855,2.2535424,0.8901346,4.0701976,0.0409853,0.6099555,-9.6544180,-1.6298103,-0.5002812,-0.5787650,0.4475621,0.4630745
gait_20260919_222211_andrew_fast_1,andrew_fast_1,2513578555680065,2026-09-19T22:22:21.680213Z,-2.6821043,-11.4346323,-2.1565022,-1.1741669,2.3059828,0.5561572,0.6456326,-9.6254749,-1.7803181,-0.5214538,-0.5658826,0.4270763,0.4748354
gait_20260919_222211_andrew_fast_1,andrew_fast_1,2513578565762991,2026-09-19T22:22:21.690742Z,-13.9049997,-15.0239153,-16.0859680,-1.1741669,2.3059828,0.5561572,0.6456326,-9.6254749,-1.7803181,-0.5214538,-0.5658826,0.4270763,0.4748354
gait_20260919_222211_andrew_fast_1,andrew_fast_1,2513578575848563,2026-09-19T22:22:21.700351Z,-8.4531784,-18.2492790,-2.2817490,1.6860414,0.8125440,0.0479466,0.5872397,-9.6643572,-1.5784495,-0.5183582,-0.5596761,0.4342171,0.4790854
gait_20260919_222211_andrew_fast_1,andrew_fast_1,2513578585932506,2026-09-19T22:22:21.711971Z,-7.2691703,-21.0997257,2.3001544,1.6860414,0.8125440,0.0479466,0.5872397,-9.6643572,-1.5784495,-0.5183582,-0.5596761,0.4342171,0.4790854
gait_20260919_222211_andrew_fast_1,andrew_fast_1,2513578596017019,2026-09-19T22:22:21.720984Z,-6.9364514,-18.9111252,4.6072669,-0.3422377,1.7736076,0.6592448,0.5837030,-9.6867352,-1.4361727,-0.5320395,-0.5393608,0.4231008,0.4970007
gait_20260919_222211_andrew_fast_1,andrew_fast_1,2513578606100434,2026-09-19T22:22:21.730449Z,-6.0493994,-13.3286705,4.9444757,-0.3422377,1.7736076,0.6592448,0.5837030,-9.6867352,-1.4361727,-0.5320395,-0.5393608,0.4231008,0.4970007
gait_20260919_222211_andrew_fast_1,andrew_fast_1,2513578616183727,2026-09-19T22:22:21.741518Z,-5.2510080,-9.4830589,4.8123455,-1.5400698,-0.2071080,0.3497820,0.4646133,-9.6454430,-1.7279143,-0.5440618,-0.5411627,0.4168085,0.4872477
gait_20260919_222211_andrew_fast_1,andrew_fast_1,2513578626242849,2026-09-19T22:22:21.751171Z,-5.9579711,-9.1299143,5.4404492,-1.5400698,-0.2071080,0.3497820,0.4646133,-9.6454430,-1.7279143,-0.5440618,-0.5411627,0.4168085,0.4872477
gait_20260919_222211_andrew_fast_1,andrew_fast_1,2513578636353730,2026-09-19T22:22:21.761455Z,-8.0338936,-11.8489790,6.4049382,-1.1887058,-0.4488061,-0.0853346,0.4423878,-9.5931511,-2.0029709,-0.5510138,-0.5472583,0.4100761,0.4782571
gait_20260919_222211_andrew_fast_1,andrew_fast_1,2513578646412365,2026-09-19T22:22:21.771508Z,-9.1907415,-14.0447617,6.6265516,-1.1887058,-0.4488061,-0.0853346,0.4423878,-9.5931511,-2.0029709,-0.5510138,-0.5472583,0.4100761,0.4782571
gait_20260919_222211_andrew_fast_1,andrew_fast_1,2513578656496919,2026-09-19T22:22:21.781173Z,-9.3177843,-14.8068657,5.6755300,-0.2928922,-0.2673118,0.3388570,0.4152690,-9.5681295,-2.1247537,-0.5541177,-0.5499181,0.4078319,0.4735154
gait_20260919_222211_andrew_fast_1,andrew_fast_1,2513578666580781,2026-09-19T22:22:21.792143Z,-8.1190376,-14.1646214,5.0314898,-0.2928922,-0.2673118,0.3388570,0.4152690,-9.5681295,-2.1247537,-0.5541177,-0.5499181,0.4078319,0.4735154
gait_20260919_222211_andrew_fast_1,andrew_fast_1,2513578676689871,2026-09-19T22:22:21.801146Z,-6.4224463,-12.7387247,4.1698017,0.7113216,-0.2412818,1.4600312,0.1949152,-9.5939770,-2.0380692,-0.5583507,-0.5416745,0.4156215,0.4712664
gait_20260919_222211_andrew_fast_1,andrew_fast_1,2513578686750174,2026-09-19T22:22:21.811293Z,-4.8546181,-11.0232792,3.3162687,0.7113216,-0.2412818,1.4600312,0.1949152,-9.5939770,-2.0380692,-0.5583507,-0.5416745,0.4156215,0.4712664
gait_20260919_222211_andrew_fast_1,andrew_fast_1,2513578696861665,2026-09-19T22:22:21.821319Z,-3.4348564,-9.3955212,2.3823802,1.2658466,-0.3181728,2.3040512,-0.2320810,-9.6400776,-1.8031025,-0.5642542,-0.5243647,0.4327100,0.4684240
gait_20260919_222211_andrew_fast_1,andrew_fast_1,2513578706917940,2026-09-19T22:22:21.831735Z,-2.6204538,-8.2214642,1.8391958,1.2658466,-0.3181728,2.3040512,-0.2320810,-9.6400776,-1.8031025,-0.5642542,-0.5243647,0.4327100,0.4684240
gait_20260919_222211_andrew_fast_1,andrew_fast_1,2513578717027395,2026-09-19T22:22:21.842399Z,-1.9702784,-7.7590094,1.4473697,1.2844157,-0.6373450,2.5777912,-0.7934941,-9.6670647,-1.4677809,-0.5695145,-0.5022375,0.4563366,0.4638616
gait_20260919_222211_andrew_fast_1,andrew_fast_1,2513578727102265,2026-09-19T22:22:21.855200Z,-1.4142998,-7.7572885,1.3521254,1.2844157,-0.6373450,2.5777912,-0.7934941,-9.6670647,-1.4677809,-0.5695145,-0.5022375,0.4563366,0.4638616
gait_20260919_222211_andrew_fast_1,andrew_fast_1,2513578737195568,2026-09-19T22:22:21.865461Z,-1.0524760,-7.9464302,1.3099276,1.0773578,-1.1181598,2.5431511,-1.3246052,-9.6434593,-1.2186978,-0.5736041,-0.4849574,0.4786803,0.4545985
gait_20260919_222211_andrew_fast_1,andrew_fast_1,2513578747273429,2026-09-19T22:22:21.875106Z,-0.8438064,-7.8828344,1.3400795,1.0773578,-1.1181598,2.5431511,-1.3246052,-9.6434593,-1.2186978,-0.5736041,-0.4849574,0.4786803,0.4545985
gait_20260919_222211_andrew_fast_1,andrew_fast_1,2513578757366608,2026-09-19T22:22:21.885147Z,-0.6156839,-7.3751140,1.6471360,0.9646941,-1.2601677,2.4212279,-1.8287486,-9.5872755,-0.9879029,-0.5759686,-0.4701870,0.5007221,0.4432404
gait_20260919_222211_andrew_fast_1,andrew_fast_1,2513578767437796,2026-09-19T22:22:21.895872Z,-0.2935142,-6.4090533,2.0300586,0.9646941,-1.2601677,2.4212279,-1.8287486,-9.5872755,-0.9879029,-0.5759686,-0.4701870,0.5007221,0.4432404
gait_20260919_222211_andrew_fast_1,andrew_fast_1,2513578777534435,2026-09-19T22:22:21.906286Z,-0.0193781,-5.8629513,1.8853590,1.3859047,-1.2064755,2.3404398,-2.3047712,-9.5081511,-0.7205588,-0.5768297,-0.4547393,0.5224890,0.4329955
gait_20260919_222211_andrew_fast_1,andrew_fast_1,2513578787618990,2026-09-19T22:22:21.914721Z,0.1598878,-6.1217494,1.2439374,1.3859047,-1.2064755,2.3404398,-2.3047712,-9.5081511,-0.7205588,-0.5768297,-0.4547393,0.5224890,0.4329955
gait_20260919_222211_andrew_fast_1,andrew_fast_1,2513578797703075,2026-09-19T22:22:21.925262Z,0.4405331,-6.6176481,0.3908534,2.5854023,-0.9599144,2.1602447,-2.7387922,-9.4168148,-0.2423443,-0.5723016,-0.4333922,0.5474045,0.4301050
gait_20260919_222211_andrew_fast_1,andrew_fast_1,2513578807788463,2026-09-19T22:22:21.935552Z,0.7434744,-7.0334911,-0.2434604,2.5854023,-0.9599144,2.1602447,-2.7387922,-9.4168148,-0.2423443,-0.5723016,-0.4333922,0.5474045,0.4301050
gait_20260919_222211_andrew_fast_1,andrew_fast_1,2513578817872428,2026-09-19T22:22:21.945200Z,0.7453449,-7.3990560,-0.6251859,2.9724722,-0.4015090,1.9179137,-3.1153171,-9.2950516,0.3646119,-0.5654397,-0.4057916,0.5711320,0.4352233
gait_20260919_222211_andrew_fast_1,andrew_fast_1,2513578827957592,2026-09-19T22:22:21.955458Z,0.6628946,-7.8878469,-0.7877672,2.9724722,-0.4015090,1.9179137,-3.1153171,-9.2950516,0.3646119,-0.5654397,-0.4057916,0.5711320,0.4352233
gait_20260919_222211_andrew_fast_1,andrew_fast_1,2513578838015229,2026-09-19T22:22:21.965328Z,0.5301660,-8.2515411,-0.7650971,2.4392641,-0.2015122,1.6189927,-3.4254260,-9.1504650,0.8783922,-0.5601766,-0.3798269,0.5891550,0.4413957
gait_20260919_222211_andrew_fast_1,andrew_fast_1,2513578848112479,2026-09-19T22:22:21.976405Z,0.4409072,-8.3146887,-0.5860557,2.4392641,-0.2015122,1.6189927,-3.4254260,-9.1504650,0.8783922,-0.5601766,-0.3798269,0.5891550,0.4413957
gait_20260919_222211_andrew_fast_1,andrew_fast_1,2513578858210481,2026-09-19T22:22:21.985498Z,0.4716577,-8.2897739,-0.3225439,1.6258541,-0.2133698,1.5218505,-3.6935904,-9.0036840,1.2357950,-0.5571495,-0.3596615,0.6028114,0.4436739
gait_20260919_222211_andrew_fast_1,andrew_fast_1,2513578868293957,2026-09-19T22:22:21.996127Z,0.6375310,-8.5714664,0.1091606,1.6258541,-0.2133698,1.5218505,-3.6935904,-9.0036840,1.2357950,-0.5571495,-0.3596615,0.6028114,0.4436739
gait_20260919_222211_andrew_fast_1,andrew_fast_1,2513578878365632,2026-09-19T22:22:22.005893Z,0.7294833,-9.4196873,1.3415011,1.0285951,0.0796889,1.6124477,-3.9711719,-8.8524151,1.4493593,-0.5579648,-0.3427984,0.6131765,0.4417909
gait_20260919_222211_andrew_fast_1,andrew_fast_1,2513578888464163,2026-09-19T22:22:22.016119Z,1.2713959,-10.4738092,1.6032174,1.0285951,0.0796889,1.6124477,-3.9711719,-8.8524151,1.4493593,-0.5579648,-0.3427984,0.6131765,0.4417909
gait_20260919_222211_andrew_fast_1,andrew_fast_1,2513578898537975,2026-09-19T22:22:22.027632Z,1.4539537,-11.6254206,1.4125042,1.0321923,1.1810949,1.6277859,-4.2048283,-8.7257843,1.5544151,-0.5632656,-0.3257143,0.6175303,0.4419257
gait_20260919_222211_andrew_fast_1,andrew_fast_1,2513578908628471,2026-09-19T22:22:22.035806Z,1.4176667,-12.1829700,0.5949591,1.0321923,1.1810949,1.6277859,-4.2048283,-8.7257843,1.5544151,-0.5632656,-0.3257143,0.6175303,0.4419257
gait_20260919_222211_andrew_fast_1,andrew_fast_1,2513578918703115,2026-09-19T22:22:22.046572Z,1.5880291,-12.6041250,0.0616507,1.6239889,2.9701073,1.5448163,-4.5485134,-8.5454292,1.5883266,-0.5777076,-0.2953990,0.6135961,0.4499926
gait_20260919_222211_andrew_fast_1,andrew_fast_1,2513578928788077,2026-09-19T22:22:22.055848Z,1.9483565,-13.0428629,-0.1827823,1.6239889,2.9701073,1.5448163,-4.5485134,-8.5454292,1.5883266,-0.5777076,-0.2953990,0.6135961,0.4499926
gait_20260919_222211_andrew_fast_1,andrew_fast_1,2513578938885428,2026-09-19T22:22:22.066679Z,2.3223009,-13.5356197,-0.2719663,1.4494560,3.5379722,1.6401099,-4.9300690,-8.3432827,1.5232161,-0.5973772,-0.2580667,0.6030297,0.4614080
gait_20260919_222211_andrew_fast_1,andrew_fast_1,2513578948956514,2026-09-19T22:22:22.077190Z,2.7452514,-14.2535801,0.0552163,1.4494560,3.5379722,1.6401099,-4.9300690,-8.3432827,1.5232161,-0.5973772,-0.2580667,0.6030297,0.4614080
gait_20260919_222211_andrew_fast_1,andrew_fast_1,2513578959027761,2026-09-19T22:22:22.086947Z,3.2876878,-15.0756149,0.8262240,0.8785268,3.1346478,1.6517843,-5.2992907,-8.1442499,1.3508654,-0.6173620,-0.2244245,0.5914858,0.4675922
gait_20260919_222211_andrew_fast_1,andrew_fast_1,2513578969134187,2026-09-19T22:22:22.096339Z,4.1906762,-15.5085907,1.2066028,0.8785268,3.1346478,1.6517843,-5.2992907,-8.1442499,1.3508654,-0.6173620,-0.2244245,0.5914858,0.4675922
gait_20260919_222211_andrew_fast_1,andrew_fast_1,2513578979221590,2026-09-19T22:22:22.106309Z,5.4181533,-14.9398937,0.0486322,1.0679816,2.4805491,1.7054098,-5.6328559,-7.9434781,1.1866808,-0.6334493,-0.1950921,0.5828756,0.4700397
gait_20260919_222211_andrew_fast_1,andrew_fast_1,2513578989295442,2026-09-19T22:22:22.117108Z,6.7524719,-13.8660192,-2.1777508,1.0679816,2.4805491,1.7054098,-5.6328559,-7.9434781,1.1866808,-0.6334493,-0.1950921,0.5828756,0.4700397
gait_20260919_222211_andrew_fast_1,andrew_fast_1,2513578999391341,2026-09-19T22:22:22.126288Z,8.7734022,-12.6357737,-6.6451817,1.5496625,1.7867142,1.4214275,-5.9310837,-7.7222152,1.1940535,-0.6413119,-0.1647998,0.5791458,0.4755525
gait_20260919_222211_andrew_fast_1,andrew_fast_1,2513579009464489,2026-09-19T22:22:22.137193Z,9.0106525,-11.4330616,-8.3674355,1.5496625,1.7867142,1.4214275,-5.9310837,-7.7222152,1.1940535,-0.6413119,-0.1647998,0.5791458,0.4755525
gait_20260919_222211_andrew_fast_1,andrew_fast_1,2513579019559704,2026-09-19T22:22:22.147757Z,7.9789762,-10.7962780,-5.8812070,0.4175134,3.8971136,0.3596910,-6.1106191,-7.6053224,1.0273956,-0.6535768,-0.1385072,0.5652570,0.4838778
gait_20260919_222211_andrew_fast_1,andrew_fast_1,2513579029641573,2026-09-19T22:22:22.156889Z,6.7284551,-10.1606932,-3.5276318,0.4175134,3.8971136,0.3596910,-6.1106191,-7.6053224,1.0273956,-0.6535768,-0.1385072,0.5652570,0.4838778
gait_20260919_222211_andrew_fast_1,andrew_fast_1,2513579039729073,2026-09-19T22:22:22.165565Z,5.5617304,-9.9699793,-1.6804303,-1.8182400,3.4281230,-0.9601142,-6.0788531,-7.6940055,0.2932209,-0.6836995,-0.1255521,0.5294438,0.4862932
gait_20260919_222211_andrew_fast_1,andrew_fast_1,2513579049799673,2026-09-19T22:22:22.178161Z,4.7514429,-11.4935150,-0.4715829,-1.8182400,3.4281230,-0.9601142,-6.0788531,-7.6940055,0.2932209,-0.6836995,-0.1255521,0.5294438,0.4862932
gait_20260919_222211_andrew_fast_1,andrew_fast_1,2513579059885082,2026-09-19T22:22:22.186700Z,4.4071269,-13.1892834,0.0417489,-2.6539996,0.2188323,-1.9175307,-5.8079038,-7.9009700,-0.2811306,-0.7014796,-0.1436609,0.5073325,0.4794806
gait_20260919_222211_andrew_fast_1,andrew_fast_1,2513579069982210,2026-09-19T22:22:22.199290Z,4.2858453,-14.6415911,0.2497452,-2.6539996,0.2188323,-1.9175307,-5.8079038,-7.9009700,-0.2811306,-0.7014796,-0.1436609,0.5073325,0.4794806
gait_20260919_222211_andrew_fast_1,andrew_fast_1,2513579080065987,2026-09-19T22:22:22.206787Z,4.2827778,-16.3550167,0.4436007,-2.4063394,-2.2157354,-2.7006304,-5.4214883,-8.1604443,-0.5007474,-0.7015629,-0.1801275,0.5019652,0.4726463
gait_20260919_222211_andrew_fast_1,andrew_fast_1,2513579090160656,2026-09-19T22:22:22.218279Z,4.1947160,-18.5849915,0.8972271,-2.4063394,-2.2157354,-2.7006304,-5.4214883,-8.1604443,-0.5007474,-0.7015629,-0.1801275,0.5019652,0.4726463
gait_20260919_222211_andrew_fast_1,andrew_fast_1,2513579100210054,2026-09-19T22:22:22.225125Z,3.8067060,-21.0305920,0.6538415,-2.2811687,-2.7661302,-3.7499597,-4.8804612,-8.4903622,-0.5752918,-0.6909534,-0.2279260,0.5007370,0.4689303
gait_20260919_222211_andrew_fast_1,andrew_fast_1,2513579110317965,2026-09-19T22:22:22.234927Z,2.7269957,-23.1016521,-0.1055693,-2.2811687,-2.7661302,-3.7499597,-4.8804612,-8.4903622,-0.5752918,-0.6909534,-0.2279260,0.5007370,0.4689303
gait_20260919_222211_andrew_fast_1,andrew_fast_1,2513579120403006,2026-09-19T22:22:22.245516Z,1.3175591,-25.3062630,-0.5807436,-2.1288519,-0.7424144,-5.1120825,-4.0767579,-8.8869505,-0.7988969,-0.6817866,-0.2766423,0.4827692,0.4749422
gait_20260919_222211_andrew_fast_1,andrew_fast_1,2513579130487723,2026-09-19T22:22:22.257071Z,-0.2858827,-28.2639999,-0.3918261,-2.1288519,-0.7424144,-5.1120825,-4.0767579,-8.8869505,-0.7988969,-0.6817866,-0.2766423,0.4827692,0.4749422
gait_20260919_222211_andrew_fast_1,andrew_fast_1,2513579140571545,2026-09-19T22:22:22.265891Z,-2.2628946,-30.8976974,0.1146224,-2.6866579,0.5104755,-6.0275145,-2.9892623,-9.2572966,-1.2660538,-0.6781559,-0.3247254,0.4430579,0.4882189
gait_20260919_222211_andrew_fast_1,andrew_fast_1,2513579150656710,2026-09-19T22:22:22.277148Z,-5.6456771,-31.6855392,2.6469395,-2.6866579,0.5104755,-6.0275145,-2.9892623,-9.2572966,-1.2660538,-0.6781559,-0.3247254,0.4430579,0.4882189
gait_20260919_222211_andrew_fast_1,andrew_fast_1,2513579160714570,2026-09-19T22:22:22.286619Z,-9.6077814,-30.0794029,5.6910925,-2.8893526,1.1729345,-6.1045556,-1.7828921,-9.4614182,-1.8812195,-0.6758938,-0.3739955,0.3941121,0.4979666
gait_20260919_222211_andrew_fast_1,andrew_fast_1,2513579170825207,2026-09-19T22:22:22.296165Z,-11.6442747,-26.4697704,7.4440970,-2.8893526,1.1729345,-6.1045556,-1.7828921,-9.4614182,-1.8812195,-0.6758938,-0.3739955,0.3941121,0.4979666
gait_20260919_222211_andrew_fast_1,andrew_fast_1,2513579180908785,2026-09-19T22:22:22.305595Z,-11.1824179,-21.6513653,8.0597057,-1.3079810,2.9406300,-4.8714504,-0.6450400,-9.5125189,-2.3091140,-0.6734230,-0.4057440,0.3425352,0.5143373
gait_20260919_222211_andrew_fast_1,andrew_fast_1,2513579190995862,2026-09-19T22:22:22.315635Z,-11.2757177,-17.3861694,6.6873794,-1.3079810,2.9406300,-4.8714504,-0.6450400,-9.5125189,-2.3091140,-0.6734230,-0.4057440,0.3425352,0.5143373
gait_20260919_222211_andrew_fast_1,andrew_fast_1,2513579201077730,2026-09-19T22:22:22.325988Z,-10.7222824,-13.3417635,3.8674588,0.7549714,3.7525077,-3.0024827,0.2287139,-9.5354662,-2.2931821,-0.6715287,-0.4068486,0.2959404,0.5440062
gait_20260919_222211_andrew_fast_1,andrew_fast_1,2513579211164807,2026-09-19T22:22:22.336488Z,-9.4134026,-10.0164423,1.7978210,0.7549714,3.7525077,-3.0024827,0.2287139,-9.5354662,-2.2931821,-0.6715287,-0.4068486,0.2959404,0.5440062
gait_20260919_222211_andrew_fast_1,andrew_fast_1,2513579221247693,2026-09-19T22:22:22.346650Z,-7.9779291,-6.6980786,-0.7039701,1.8686347,1.7037778,-1.5999240,0.7018045,-9.5931826,-1.9272944,-0.6625540,-0.3978817,0.2733958,0.5726842
gait_20260919_222211_andrew_fast_1,andrew_fast_1,2513579231330538,2026-09-19T22:22:22.356044Z,-7.1363668,-4.2417774,-3.0694413,1.8686347,1.7037778,-1.5999240,0.7018045,-9.5931826,-1.9272944,-0.6625540,-0.3978817,0.2733958,0.5726842
gait_20260919_222211_andrew_fast_1,andrew_fast_1,2513579241405083,2026-09-19T22:22:22.367672Z,-6.5678191,-2.7774985,-3.6887167,1.7367525,-1.7872471,-1.3025186,0.7613284,-9.6502552,-1.5902948,-0.6483679,-0.3986119,0.2797758,0.5851950
gait_20260919_222211_andrew_fast_1,andrew_fast_1,2513579251500337,2026-09-19T22:22:22.376240Z,-6.0990043,-1.8274493,-3.1444848,1.7367525,-1.7872471,-1.3025186,0.7613284,-9.6502552,-1.5902948,-0.6483679,-0.3986119,0.2797758,0.5851950
gait_20260919_222211_andrew_fast_1,andrew_fast_1,2513579261586031,2026-09-19T22:22:22.387835Z,-5.6984243,-1.3141923,-2.2530935,0.5291612,-5.1502533,-1.4816313,0.8986360,-9.6578417,-1.4678763,-0.6248576,-0.4286564,0.3022105,0.5783386
gait_20260919_222211_andrew_fast_1,andrew_fast_1,2513579271668795,2026-09-19T22:22:22.398198Z,-5.3410149,-1.1568483,-0.9701006,0.5291612,-5.1502533,-1.4816313,0.8986360,-9.6578417,-1.4678763,-0.6248576,-0.4286564,0.3022105,0.5783386
gait_20260919_222211_andrew_fast_1,andrew_fast_1,2513579281753919,2026-09-19T22:22:22.408088Z,-4.7572041,-0.9035119,0.2936638,-1.0452490,-6.5539279,-1.3842726,0.9770230,-9.6120930,-1.6997699,-0.6022258,-0.4743699,0.3293512,0.5512032
gait_20260919_222211_andrew_fast_1,andrew_fast_1,2513579291819714,2026-09-19T22:22:22.417091Z,-4.0295162,-0.5147533,1.1537808,-1.0452490,-6.5539279,-1.3842726,0.9770230,-9.6120930,-1.6997699,-0.6022258,-0.4743699,0.3293512,0.5512032
gait_20260919_222211_andrew_fast_1,andrew_fast_1,2513579301922864,2026-09-19T22:22:22.427007Z,-3.1855602,0.0466869,1.2612206,-2.2659636,-6.6894741,-0.8945312,0.9093979,-9.5139666,-2.2121432,-0.5853965,-0.5223941,0.3531224,0.5096272
gait_20260919_222211_andrew_fast_1,andrew_fast_1,2513579312009046,2026-09-19T22:22:22.437664Z,-2.5544636,0.6736685,1.1130793,-2.2659636,-6.6894741,-0.8945312,0.9093979,-9.5139666,-2.2121432,-0.5853965,-0.5223941,0.3531224,0.5096272
gait_20260919_222211_andrew_fast_1,andrew_fast_1,2513579322062008,2026-09-19T22:22:22.449465Z,-2.4298902,1.3336452,1.6026188,-2.9478412,-5.9048586,-0.4758853,0.6879045,-9.3618498,-2.8493390,-0.5746054,-0.5651941,0.3706544,0.4615188
gait_20260919_222211_andrew_fast_1,andrew_fast_1,2513579332178560,2026-09-19T22:22:22.459896Z,-2.9548938,1.9890579,3.3847277,-2.9478412,-5.9048586,-0.4758853,0.6879045,-9.3618498,-2.8493390,-0.5746054,-0.5651941,0.3706544,0.4615188
gait_20260919_222211_andrew_fast_1,andrew_fast_1,2513579342264441,2026-09-19T22:22:22.482433Z,-4.0306387,2.1210382,6.0422168,-2.8598919,-4.0275302,-0.4089366,0.4470720,-9.1639423,-3.4725218,-0.5695050,-0.5984540,0.3776660,0.4181929
gait_20260919_222211_andrew_fast_1,andrew_fast_1,2513579352347536,2026-09-19T22:22:22.483076Z,-5.6358762,1.4649521,7.0479312,-2.8598919,-4.0275302,-0.4089366,0.4470720,-9.1639423,-3.4725218,-0.5695050,-0.5984540,0.3776660,0.4181929
gait_20260919_222211_andrew_fast_1,andrew_fast_1,2513579362429623,2026-09-19T22:22:22.493015Z,-6.5568953,0.2041805,6.4070334,-1.4701900,-1.2166510,-0.7445461,0.3901160,-9.0099287,-3.8607144,-0.5673886,-0.6171027,0.3744566,0.3962786
gait_20260919_222211_andrew_fast_1,andrew_fast_1,2513579372487438,2026-09-19T22:22:22.500046Z,-7.8056211,-0.7154922,5.7146602,-1.4701900,-1.2166510,-0.7445461,0.3901160,-9.0099287,-3.8607144,-0.5673886,-0.6171027,0.3744566,0.3962786
gait_20260919_222211_andrew_fast_1,andrew_fast_1,2513579382573234,2026-09-19T22:22:22.510252Z,-8.7138472,-1.3566893,3.6595373,0.0042467,0.7573696,-0.7515907,0.1451624,-9.1272545,-3.5928009,-0.5675496,-0.6070071,0.3832762,0.4031491
gait_20260919_222211_andrew_fast_1,andrew_fast_1,2513579392655774,2026-09-19T22:22:22.525957Z,-8.8619881,-2.4687960,-0.5475988,0.0042467,0.7573696,-0.7515907,0.1451624,-9.1272545,-3.5928009,-0.5675496,-0.6070071,0.3832762,0.4031491
gait_20260919_222211_andrew_fast_1,andrew_fast_1,2513579402742334,2026-09-19T22:22:22.541765Z,-5.2731543,-4.8974142,-11.9328508,1.3846890,-0.0769743,-0.1197083,0.2226620,-9.1959581,-3.4089432,-0.5657492,-0.6008383,0.3837264,0.4143371
gait_20260919_222211_andrew_fast_1,andrew_fast_1,2513579412826550,2026-09-19T22:22:22.542069Z,3.5814264,-9.0563669,-35.7423630,1.3846890,-0.0769743,-0.1197083,0.2226620,-9.1959581,-3.4089432,-0.5657492,-0.6008383,0.3837264,0.4143371
gait_20260919_222211_andrew_fast_1,andrew_fast_1,2513579422933321,2026-09-19T22:22:22.558410Z,10.2743425,-10.8505974,-26.4042282,1.3969462,-1.4510881,0.6289347,0.0421871,-9.3186255,-3.0655468,-0.5567890,-0.5951904,0.4038693,0.4154804
gait_20260919_222211_andrew_fast_1,andrew_fast_1,2513579433006238,2026-09-19T22:22:22.559986Z,12.0089417,-12.8763905,-12.9872723,1.3969462,-1.4510881,0.6289347,0.0421871,-9.3186255,-3.0655468,-0.5567890,-0.5951904,0.4038693,0.4154804
gait_20260919_222211_andrew_fast_1,andrew_fast_1,2513579443090344,2026-09-19T22:22:22.569660Z,14.0072021,-13.4757643,-3.0207343,1.1903545,-1.1299841,1.0830700,-0.1906341,-9.3642473,-2.9172983,-0.5561724,-0.5897789,0.4171609,0.4108649
gait_20260919_222211_andrew_fast_1,andrew_fast_1,2513579453188366,2026-09-19T22:22:22.580973Z,13.8027220,-14.4398041,3.8795793,1.1903545,-1.1299841,1.0830700,-0.1906341,-9.3642473,-2.9172983,-0.5561724,-0.5897789,0.4171609,0.4108649
gait_20260919_222211_andrew_fast_1,andrew_fast_1,2513579463272392,2026-09-19T22:22:22.590964Z,11.6697884,-15.6984816,3.6721816,2.1054533,1.1479870,0.4216103,-0.3449524,-9.4574242,-2.5834620,-0.5554556,-0.5759294,0.4297054,0.4184827
gait_20260919_222211_andrew_fast_1,andrew_fast_1,2513579473349907,2026-09-19T22:22:22.600045Z,10.0430031,-16.1940804,-1.2193968,2.1054533,1.1479870,0.4216103,-0.3449524,-9.4574242,-2.5834620,-0.5554556,-0.5759294,0.4297054,0.4184827
gait_20260919_222211_andrew_fast_1,andrew_fast_1,2513579483418754,2026-09-19T22:22:22.610252Z,7.8282166,-14.1534729,-0.9665093,2.6150961,3.2665470,-0.2529395,-0.1807173,-9.5878582,-2.0679603,-0.5544832,-0.5527893,0.4291521,0.4503342
gait_20260919_222211_andrew_fast_1,andrew_fast_1,2513579493526318,2026-09-19T22:22:22.620210Z,5.5251441,-12.1788549,0.2452560,2.6150961,3.2665470,-0.2529395,-0.1807173,-9.5878582,-2.0679603,-0.5544832,-0.5527893,0.4291521,0.4503342
gait_20260919_222211_andrew_fast_1,andrew_fast_1,2513579503609387,2026-09-19T22:22:22.630376Z,3.7362266,-11.8732204,0.9883564,1.0589219,5.4981036,0.0760251,0.0526790,-9.6558294,-1.7315501,-0.5682308,-0.5204885,0.4075553,0.4900044
gait_20260919_222211_andrew_fast_1,andrew_fast_1,2513579513694592,2026-09-19T22:22:22.640431Z,1.0299556,-14.1569147,2.8665328,1.0589219,5.4981036,0.0760251,0.0526790,-9.6558294,-1.7315501,-0.5682308,-0.5204885,0.4075553,0.4900044
gait_20260919_222211_andrew_fast_1,andrew_fast_1,2513579523772514,2026-09-19T22:22:22.651026Z,-2.2548144,-19.2529736,5.7568579,-0.7484931,3.6555820,0.6525000,0.1196314,-9.6477451,-1.7727958,-0.5921974,-0.4931242,0.3799797,0.5116116
gait_20260919_222211_andrew_fast_1,andrew_fast_1,2513579533852612,2026-09-19T22:22:22.661541Z,-3.8784571,-28.2526283,2.9575872,-0.7484931,3.6555820,0.6525000,0.1196314,-9.6477451,-1.7727958,-0.5921974,-0.4931242,0.3799797,0.5116116
gait_20260919_222211_andrew_fast_1,andrew_fast_1,2513579543921114,2026-09-19T22:22:22.668815Z,-2.1632361,-29.2936554,-3.5519478,-0.4563670,0.1587783,0.6437567,0.0110846,-9.6042938,-1.9983913,-0.6066347,-0.4867294,0.3711013,0.5073193
gait_20260919_222211_andrew_fast_1,andrew_fast_1,2513579554027194,2026-09-19T22:22:22.678264Z,-4.3614874,-18.8472309,-2.8450599,-0.4563670,0.1587783,0.6437567,0.0110846,-9.6042938,-1.9983913,-0.6066347,-0.4867294,0.3711013,0.5073193
gait_20260919_222211_andrew_fast_1,andrew_fast_1,2513579564112562,2026-09-19T22:22:22.688066Z,-5.6673746,-10.7890215,0.4868459,0.8894351,2.2947748,-0.3015023,0.0387021,-9.6347895,-1.8453895,-0.6083440,-0.4759553,0.3671824,0.5182290
gait_20260919_222211_andrew_fast_1,andrew_fast_1,2513579574196301,2026-09-19T22:22:22.698753Z,-5.6133556,-6.7244897,1.7770214,0.8894351,2.2947748,-0.3015023,0.0387021,-9.6347895,-1.8453895,-0.6083440,-0.4759553,0.3671824,0.5182290
gait_20260919_222211_andrew_fast_1,andrew_fast_1,2513579584280571,2026-09-19T22:22:22.708836Z,-6.7544169,-6.0128131,2.8541129,0.3323620,1.3797094,-0.8561939,-0.4009638,-9.7068710,-1.3608751,-0.6102016,-0.4452162,0.3770391,0.5359832
gait_20260919_222211_andrew_fast_1,andrew_fast_1,2513579594369764,2026-09-19T22:22:22.718691Z,-9.2043591,-8.8939352,4.2241950,0.3323620,1.3797094,-0.8561939,-0.4009638,-9.7068710,-1.3608751,-0.6102016,-0.4452162,0.3770391,0.5359832
gait_20260919_222211_andrew_fast_1,andrew_fast_1,2513579604476372,2026-09-19T22:22:22.728977Z,-10.8935432,-12.0975275,5.1621232,-0.5234489,0.2143358,-0.6523334,-0.2267840,-9.7032938,-1.4250653,-0.6102437,-0.4485957,0.3679176,0.5394453
gait_20260919_222211_andrew_fast_1,andrew_fast_1,2513579614541191,2026-09-19T22:22:22.739233Z,-10.9005013,-13.6601925,4.7958102,-0.5234489,0.2143358,-0.6523334,-0.2267840,-9.7032938,-1.4250653,-0.6102437,-0.4485957,0.3679176,0.5394453
gait_20260919_222211_andrew_fast_1,andrew_fast_1,2513579624621269,2026-09-19T22:22:22.749423Z,-9.6164608,-13.6841345,4.3436055,-0.4147822,0.4111183,0.7791363,-0.2567135,-9.6843910,-1.5436170,-0.6159033,-0.4474518,0.3639390,0.5366549
gait_20260919_222211_andrew_fast_1,andrew_fast_1,2513579634707573,2026-09-19T22:22:22.758951Z,-7.7303534,-12.8852196,3.9686139,-0.4147822,0.4111183,0.7791363,-0.2567135,-9.6843910,-1.5436170,-0.6159033,-0.4474518,0.3639390,0.5366549
gait_20260919_222211_andrew_fast_1,andrew_fast_1,2513579644795016,2026-09-19T22:22:22.769126Z,-6.0752120,-11.8065567,3.5894320,0.2340873,0.3753790,2.3472347,-0.6287432,-9.6675434,-1.5425335,-0.6270152,-0.4313925,0.3709024,0.5321503
gait_20260919_222211_andrew_fast_1,andrew_fast_1,2513579654852429,2026-09-19T22:22:22.779070Z,-4.6437039,-10.8370543,3.0727334,0.2340873,0.3753790,2.3472347,-0.6287432,-9.6675434,-1.5425335,-0.6270152,-0.4313925,0.3709024,0.5321503
gait_20260919_222211_andrew_fast_1,andrew_fast_1,2513579664960299,2026-09-19T22:22:22.789430Z,-3.3898156,-10.2804775,2.6455181,0.7885291,-0.1488359,3.0232167,-1.2025955,-9.6330509,-1.4121587,-0.6371396,-0.4081653,0.3879534,0.5262570
gait_20260919_222211_andrew_fast_1,andrew_fast_1,2513579675045016,2026-09-19T22:22:22.799354Z,-2.4705918,-10.1358528,2.2827218,0.7885291,-0.1488359,3.0232167,-1.2025955,-9.6330509,-1.4121587,-0.6371396,-0.4081653,0.3879534,0.5262570
gait_20260919_222211_andrew_fast_1,andrew_fast_1,2513579685130303,2026-09-19T22:22:22.810094Z,-1.8702456,-9.9898815,1.9520226,1.0843024,-1.2926928,3.0570741,-1.8310677,-9.5650959,-1.1799226,-0.6412700,-0.3872547,0.4134587,0.5175505
gait_20260919_222211_andrew_fast_1,andrew_fast_1,2513579695213595,2026-09-19T22:22:22.819522Z,-1.3784616,-9.5114155,1.8703204,1.0843024,-1.2926928,3.0570741,-1.8310677,-9.5650959,-1.1799226,-0.6412700,-0.3872547,0.4134587,0.5175505
gait_20260919_222211_andrew_fast_1,andrew_fast_1,2513579705299370,2026-09-19T22:22:22.829733Z,-1.1305870,-8.6228666,1.9951930,1.1904877,-2.0205851,2.8312972,-2.3007185,-9.5262928,-0.4388072,-0.6270821,-0.3656918,0.4533752,0.5171929
gait_20260919_222211_andrew_fast_1,andrew_fast_1,2513579715356173,2026-09-19T22:22:22.840040Z,-0.9210943,-7.7037930,2.2232409,1.1904877,-2.0205851,2.8312972,-2.3007185,-9.5262928,-0.4388072,-0.6270821,-0.3656918,0.4533752,0.5171929
gait_20260919_222211_andrew_fast_1,andrew_fast_1,2513579725465426,2026-09-19T22:22:22.850420Z,-0.5572504,-6.8186116,2.3930795,1.4171140,-2.2283425,2.7329724,-2.8298137,-9.3927031,-0.0736124,-0.6204910,-0.3524475,0.4849945,0.5055217
gait_20260919_222211_andrew_fast_1,andrew_fast_1,2513579735525973,2026-09-19T22:22:22.860703Z,-0.1713351,-6.2472205,2.1336079,1.4171140,-2.2283425,2.7329724,-2.8298137,-9.3927031,-0.0736124,-0.6204910,-0.3524475,0.4849945,0.5055217
gait_20260919_222211_andrew_fast_1,andrew_fast_1,2513579745633435,2026-09-19T22:22:22.869887Z,0.3379565,-6.3057289,1.4187889,2.2670794,-2.1525171,2.9066393,-3.3502002,-9.2105455,0.4220503,-0.6099773,-0.3355891,0.5188763,0.4960597
gait_20260919_222211_andrew_fast_1,andrew_fast_1,2513579755717949,2026-09-19T22:22:22.879919Z,0.9341127,-6.6528130,0.5762544,2.2670794,-2.1525171,2.9066393,-3.3502002,-9.2105455,0.4220503,-0.6099773,-0.3355891,0.5188763,0.4960597
gait_20260919_222211_andrew_fast_1,andrew_fast_1,2513579765802381,2026-09-19T22:22:22.890220Z,1.3922282,-7.2209125,-0.0778116,3.2512419,-1.6661400,2.9578168,-3.8683751,-8.9460182,1.1138080,-0.5949823,-0.3094131,0.5543233,0.4929353
gait_20260919_222211_andrew_fast_1,andrew_fast_1,2513579775862561,2026-09-19T22:22:22.900244Z,1.5633389,-7.8732576,-0.6090999,3.2512419,-1.6661400,2.9578168,-3.8683751,-8.9460182,1.1138080,-0.5949823,-0.3094131,0.5543233,0.4929353
gait_20260919_222211_andrew_fast_1,andrew_fast_1,2513579785983086,2026-09-19T22:22:22.910196Z,1.4788685,-8.4651489,-0.9302222,3.3054671,-1.1137298,2.5326760,-4.3112259,-8.6205568,1.8263136,-0.5792792,-0.2787572,0.5845983,0.4949494
gait_20260919_222211_andrew_fast_1,andrew_fast_1,2513579796074150,2026-09-19T22:22:22.920604Z,1.2533646,-8.8441811,-0.9638158,3.3054671,-1.1137298,2.5326760,-4.3112259,-8.6205568,1.8263136,-0.5792792,-0.2787572,0.5845983,0.4949494
gait_20260919_222211_andrew_fast_1,andrew_fast_1,2513579806139377,2026-09-19T22:22:22.930498Z,1.0740240,-8.8351278,-0.8317606,2.5647514,-0.9567002,1.9788170,-4.6282673,-8.3100843,2.3995337,-0.5652903,-0.2534914,0.6076774,0.4969077
gait_20260919_222211_andrew_fast_1,andrew_fast_1,2513579816226088,2026-09-19T22:22:22.940622Z,1.0061632,-8.6757641,-0.3365350,2.5647514,-0.9567002,1.9788170,-4.6282673,-8.3100843,2.3995337,-0.5652903,-0.2534914,0.6076774,0.4969077
gait_20260919_222211_andrew_fast_1,andrew_fast_1,2513579826286512,2026-09-19T22:22:22.950935Z,1.0565912,-8.9402485,1.2668320,1.8041841,-0.5867837,1.6715691,-4.8653817,-8.0441256,2.8028958,-0.5548977,-0.2349239,0.6250319,0.4962203
gait_20260919_222211_andrew_fast_1,andrew_fast_1,2513579836377414,2026-09-19T22:22:22.960824Z,1.2684032,-9.9127436,0.0465373,1.8041841,-0.5867837,1.6715691,-4.8653817,-8.0441256,2.8028958,-0.5548977,-0.2349239,0.6250319,0.4962203
gait_20260919_222211_andrew_fast_1,andrew_fast_1,2513579846449017,2026-09-19T22:22:22.971291Z,1.5168016,-10.5251350,-1.0186580,2.3771617,2.6595120,1.2116382,-4.1834559,-8.4411440,2.7353036,-0.5578243,-0.2495636,0.6033088,0.5124145
gait_20260919_222211_andrew_fast_1,andrew_fast_1,2513579856563042,2026-09-19T22:22:22.980783Z,1.6990602,-10.6123743,-1.4605379,2.3771617,2.6595120,1.2116382,-4.1834559,-8.4411440,2.7353036,-0.5578243,-0.2495636,0.6033088,0.5124145
gait_20260919_222211_andrew_fast_1,andrew_fast_1,2513579866631198,2026-09-19T22:22:22.990928Z,1.7432781,-10.6194820,-1.6953940,2.2089572,5.4762201,0.8801089,-4.6118422,-8.2257872,2.7024949,-0.5772576,-0.2025797,0.5844568,0.5330530
gait_20260919_222211_andrew_fast_1,andrew_fast_1,2513579876731743,2026-09-19T22:22:23.001442Z,1.7625066,-10.7661266,-1.5658079,2.2089572,5.4762201,0.8801089,-4.8353462,-8.1409445,2.5652654,-0.5905334,-0.1790342,0.5709136,0.5415486
gait_20260919_222211_andrew_fast_1,andrew_fast_1,2513579886791965,2026-09-19T22:22:23.011012Z,1.7051206,-11.2648687,-1.2534394,0.9486564,5.2228479,0.8906841,-4.8353462,-8.1409445,2.5652654,-0.5905334,-0.1790342,0.5709136,0.5415486
gait_20260919_222211_andrew_fast_1,andrew_fast_1,2513579896880669,2026-09-19T22:22:23.021185Z,1.6230443,-12.4218664,-0.3997569,0.9486564,5.2228479,0.8906841,-5.2215590,-8.0180864,2.1637371,-0.6167141,-0.1418777,0.5460993,0.5489171
gait_20260919_222211_andrew_fast_1,andrew_fast_1,2513579907013034,2026-09-19T22:22:23.031180Z,1.9330934,-13.7269306,0.3713257,-0.0673484,3.5858023,1.0852517,-5.2215590,-8.0180864,2.1637371,-0.6167141,-0.1418777,0.5460993,0.5489171
gait_20260919_222211_andrew_fast_1,andrew_fast_1,2513579917070366,2026-09-19T22:22:23.041462Z,2.8357074,-14.2957039,0.0371849,-0.0673484,3.5858023,1.0852517,-5.5330653,-7.9021802,1.7823764,-0.6368891,-0.1175610,0.5314773,0.5459704
gait_20260919_222211_andrew_fast_1,andrew_fast_1,2513579927155002,2026-09-19T22:22:23.051338Z,4.1106949,-14.3654346,-0.5822399,0.2748893,2.0296946,1.6595783,-5.5330653,-7.9021802,1.7823764,-0.6368891,-0.1175610,0.5314773,0.5459704
gait_20260919_222211_andrew_fast_1,andrew_fast_1,2513579937238458,2026-09-19T22:22:23.061708Z,5.7267060,-14.2446022,-0.9871593,0.2748893,2.0296946,1.6595783,-5.8624711,-7.6936688,1.6355481,-0.6462003,-0.0951588,0.5300435,0.5407624
gait_20260919_222211_andrew_fast_1,andrew_fast_1,2513579947324801,2026-09-19T22:22:23.072138Z,7.7406039,-14.1783876,-1.9120693,0.2583187,0.5679648,1.6599447,-5.8624711,-7.6936688,1.6355481,-0.6462003,-0.0951588,0.5300435,0.5407624
gait_20260919_222211_andrew_fast_1,andrew_fast_1,2513579957405897,2026-09-19T22:22:23.081676Z,9.4033022,-14.2505875,-3.8813751,0.2583187,0.5679648,1.6599447,-6.1144514,-7.4967613,1.6273229,-0.6483054,-0.0817577,0.5364686,0.5340574
gait_20260919_222211_andrew_fast_1,andrew_fast_1,2513579967493259,2026-09-19T22:22:23.091539Z,9.0949736,-13.4040127,-3.9693620,-0.1504347,1.1896384,0.8151087,-6.1144514,-7.4967613,1.6273229,-0.6483054,-0.0817577,0.5364686,0.5340574
gait_20260919_222211_andrew_fast_1,andrew_fast_1,2513579977556003,2026-09-19T22:22:23.101974Z,7.3101711,-12.0900450,-2.8476784,-0.1504347,1.1896384,0.8151087,-6.2444558,-7.4348950,1.4018612,-0.6581381,-0.0720416,0.5299721,0.5298998
gait_20260919_222211_andrew_fast_1,andrew_fast_1,2513579987672661,2026-09-19T22:22:23.112937Z,6.0957122,-11.5148382,-1.5496471,-1.6346474,2.0225167,-0.5201014,-6.2444558,-7.4348950,1.4018612,-0.6581381,-0.0720416,0.5299721,0.5298998
gait_20260919_222211_andrew_fast_1,andrew_fast_1,2513579997743869,2026-09-19T22:22:23.122301Z,5.7052331,-12.3840084,-0.6367080,-1.6346474,2.0225167,-0.5201014,-6.1701365,-7.5782795,0.8574468,-0.6783693,-0.0768613,0.5108166,0.5224690
gait_20260919_222211_andrew_fast_1,andrew_fast_1,2513580007829481,2026-09-19T22:22:23.132405Z,5.6173959,-14.0882311,0.1827075,-2.6800129,0.5558407,-1.5628024,-6.1701365,-7.5782795,0.8574468,-0.6783693,-0.0768613,0.5108166,0.5224690
gait_20260919_222211_andrew_fast_1,andrew_fast_1,2513580017937880,2026-09-19T22:22:23.142867Z,5.8759694,-15.4960213,0.3564368,-2.6800129,0.5558407,-1.5628024,-5.8976178,-7.8291183,0.3989052,-0.6924117,-0.1020379,0.4975694,0.5124246
gait_20260919_222211_andrew_fast_1,andrew_fast_1,2513580027995659,2026-09-19T22:22:23.153006Z,5.5025487,-16.7677174,0.1423054,-2.1727517,-1.2962400,-2.6321664,-5.8976178,-7.8291183,0.3989052,-0.6924117,-0.1020379,0.4975694,0.5124246
gait_20260919_222211_andrew_fast_1,andrew_fast_1,2513580038063652,2026-09-19T22:22:23.162800Z,4.3056726,-18.2756157,-0.2708441,-2.1727517,-1.2962400,-2.6321664,-5.4167018,-8.1752653,0.2459356,-0.6916386,-0.1407806,0.4910585,0.5105667
gait_20260919_222211_andrew_fast_1,andrew_fast_1,2513580048147841,2026-09-19T22:22:23.172415Z,3.0172927,-19.8589306,-0.7455693,-1.7187163,-1.3653537,-4.3172083,-5.4167018,-8.1752653,0.2459356,-0.6916386,-0.1407806,0.4910585,0.5105667
gait_20260919_222211_andrew_fast_1,andrew_fast_1,2513580058245375,2026-09-19T22:22:23.183036Z,1.9264345,-21.7519207,-0.8305635,-1.7187163,-1.3653537,-4.3172083,-4.6210809,-8.6529322,0.0922486,-0.6863573,-0.1879603,0.4730727,0.5194100
gait_20260919_222211_andrew_fast_1,andrew_fast_1,2513580068334852,2026-09-19T22:22:23.193194Z,0.9267057,-24.3393040,-0.5246295,-2.1450062,-0.6346303,-5.6783652,-4.6210809,-8.6529322,0.0922486,-0.6863573,-0.1879603,0.4730727,0.5194100
gait_20260919_222211_andrew_fast_1,andrew_fast_1,2513580078418796,2026-09-19T22:22:23.202782Z,-0.5237316,-27.6537037,0.1487398,-2.1450062,-0.6346303,-5.6783652,-3.5592206,-9.1375475,-0.2707460,-0.6828406,-0.2427315,0.4410571,0.5294136
gait_20260919_222211_andrew_fast_1,andrew_fast_1,2513580088505018,2026-09-19T22:22:23.214263Z,-2.5354595,-31.1117535,0.8557774,-2.7887962,0.0036972,-6.3232713,-3.5592206,-9.1375475,-0.2707460,-0.6828406,-0.2427315,0.4410571,0.5294136
gait_20260919_222211_andrew_fast_1,andrew_fast_1,2513580098588393,2026-09-19T22:22:23.223888Z,-5.4588547,-32.4318581,1.0939257,-2.7887962,0.0036972,-6.3232713,-2.3502035,-9.4893064,-0.8159240,-0.6809755,-0.2989034,0.3983309,0.5369000
gait_20260919_222211_andrew_fast_1,andrew_fast_1,2513580108672905,2026-09-19T22:22:23.232798Z,-8.7222261,-30.6434631,2.7827358,-2.4157155,1.1760322,-6.0895004,-2.3502035,-9.4893064,-0.8159240,-0.6809755,-0.2989034,0.3983309,0.5369000
gait_20260919_222211_andrew_fast_1,andrew_fast_1,2513580118732110,2026-09-19T22:22:23.242790Z,-10.3466177,-26.5600014,4.6936827,-2.4157155,1.1760322,-6.0895004,-1.1697726,-9.6526613,-1.3015026,-0.6787573,-0.3418699,0.3499175,0.5476965
gait_20260919_222211_andrew_fast_1,andrew_fast_1,2513580128843967,2026-09-19T22:22:23.253245Z,-9.9835215,-21.8619785,5.7234139,-1.1817944,1.9814982,-4.6194935,-1.1697726,-9.6526613,-1.3015026,-0.6787573,-0.3418699,0.3499175,0.5476965
gait_20260919_222211_andrew_fast_1,andrew_fast_1,2513580138925876,2026-09-19T22:22:23.263759Z,-9.7754507,-17.5114899,5.6467247,-1.1817944,1.9814982,-4.6194935,-0.2668029,-9.6897440,-1.5079122,-0.6750808,-0.3632378,0.3086658,0.5630717
gait_20260919_222211_andrew_fast_1,andrew_fast_1,2513580149009534,2026-09-19T22:22:23.273469Z,-9.7523317,-14.1701574,3.3619082,0.3560105,2.6311004,-3.0043144,-0.2668029,-9.6897440,-1.5079122,-0.6750808,-0.3632378,0.3086658,0.5630717
gait_20260919_222211_andrew_fast_1,andrew_fast_1,2513580159094089,2026-09-19T22:22:23.283382Z,-9.2375031,-11.1325140,1.4030021,0.3560105,2.6311004,-3.0043144,0.3398452,-9.7067890,-1.3780057,-0.6686450,-0.3653187,0.2782908,0.5848165
gait_20260919_222211_andrew_fast_1,andrew_fast_1,2513580169177829,2026-09-19T22:22:23.294490Z,-8.3774614,-8.0240173,-1.0408044,1.4371487,1.3197387,-1.8983953,0.3398452,-9.7067890,-1.3780057,-0.6686450,-0.3653187,0.2782908,0.5848165
gait_20260919_222211_andrew_fast_1,andrew_fast_1,2513580179261855,2026-09-19T22:22:23.303736Z,-8.0014973,-5.6233811,-3.1199441,1.4371487,1.3197387,-1.8983953,0.6982811,-9.7275581,-1.0597851,-0.6551531,-0.3673430,0.2680313,0.6033182
gait_20260919_222211_andrew_fast_1,andrew_fast_1,2513580189346896,2026-09-19T22:22:23.314172Z,-7.6402717,-4.3149500,-3.6415808,1.2805353,-1.1523004,-1.5380881,0.6982811,-9.7275581,-1.0597851,-0.6551531,-0.3673430,0.2680313,0.6033182
gait_20260919_222211_andrew_fast_1,andrew_fast_1,2513580199431328,2026-09-19T22:22:23.324079Z,-7.5706902,-3.7331591,-2.4376714,1.2805353,-1.1523004,-1.5380881,0.3499135,-9.7488995,-1.0356765,-0.6488187,-0.3724016,0.2897385,0.5969949
gait_20260919_222211_andrew_fast_1,andrew_fast_1,2513580209515923,2026-09-19T22:22:23.333789Z,-7.3267808,-3.3375173,-0.6248118,0.0092929,-3.6178610,-1.4969196,0.3499135,-9.7488995,-1.0356765,-0.6488187,-0.3724016,0.2897385,0.5969949
gait_20260919_222211_andrew_fast_1,andrew_fast_1,2513580219591363,2026-09-19T22:22:23.343852Z,-6.9158759,-2.6469395,1.0564415,0.0092929,-3.6178610,-1.4969196,0.5452988,-9.7301769,-1.1235735,-0.6320609,-0.4073012,0.3068446,0.5834820
gait_20260919_222211_andrew_fast_1,andrew_fast_1,2513580229684828,2026-09-19T22:22:23.354341Z,-6.0297222,-2.2853403,2.4056489,-1.3011862,-5.0825052,-1.1008731,0.5452988,-9.7301769,-1.1235735,-0.6320609,-0.4073012,0.3068446,0.5834820
gait_20260919_222211_andrew_fast_1,andrew_fast_1,2513580239770033,2026-09-19T22:22:23.363893Z,-4.9425302,-1.7375919,3.5522470,-1.3011862,-5.0825052,-1.1008731,0.5958409,-9.6786089,-1.4851438,-0.6186771,-0.4501395,0.3292852,0.5533392
gait_20260919_222211_andrew_fast_1,andrew_fast_1,2513580249852756,2026-09-19T22:22:23.374312Z,-3.9196823,-1.0355670,3.5984104,-2.2086575,-5.9457273,-0.5507946,0.5958409,-9.6786089,-1.4851438,-0.6186771,-0.4501395,0.3292852,0.5533392
gait_20260919_222211_andrew_fast_1,andrew_fast_1,2513580259937839,2026-09-19T22:22:23.384929Z,-2.9041667,-0.2091186,3.2079310,-2.2086575,-5.9457273,-0.5507946,0.4667487,-9.5917931,-2.0039461,-0.6074900,-0.4943531,0.3540857,0.5110717
gait_20260919_222211_andrew_fast_1,andrew_fast_1,2513580269998833,2026-09-19T22:22:23.394032Z,-2.3674166,0.8977508,2.8319664,-2.6985321,-5.6274042,-0.3348434,0.4667487,-9.5917931,-2.0039461,-0.6074900,-0.4943531,0.3540857,0.5110717
gait_20260919_222211_andrew_fast_1,andrew_fast_1,2513580280107273,2026-09-19T22:22:23.404463Z,-2.3344963,2.2284780,3.4006643,-2.6985321,-5.6274042,-0.3348434,0.2722391,-9.4626732,-2.5728967,-0.5984001,-0.5344084,0.3725011,0.4664419
gait_20260919_222211_andrew_fast_1,andrew_fast_1,2513580290183811,2026-09-19T22:22:23.414539Z,-3.2464626,3.5268836,5.4305730,-2.7354038,-3.9228773,-0.6120310,0.2722391,-9.4626732,-2.5728967,-0.5984001,-0.5344084,0.3725011,0.4664419
gait_20260919_222211_andrew_fast_1,andrew_fast_1,2513580300277846,2026-09-19T22:22:23.425086Z,-4.3116579,3.8059578,6.7082539,-2.7354038,-3.9228773,-0.6120310,0.1973134,-9.3088341,-3.0891345,-0.5921407,-0.5656739,0.3769219,0.4327960
gait_20260919_222211_andrew_fast_1,andrew_fast_1,2513580310359185,2026-09-19T22:22:23.435214Z,-5.9992709,3.0474446,6.6402435,-1.4777843,-1.2844824,-1.1244050,0.1973134,-9.3088341,-3.0891345,-0.5921407,-0.5656739,0.3769219,0.4327960
gait_20260919_222211_andrew_fast_1,andrew_fast_1,2513580320444919,2026-09-19T22:22:23.445684Z,-7.4119997,2.2273557,5.5924811,-1.4777843,-1.2844824,-1.1244050,0.3696598,-9.2271776,-3.3103871,-0.5863408,-0.5815178,0.3703554,0.4252981
gait_20260919_222211_andrew_fast_1,andrew_fast_1,2513580330531142,2026-09-19T22:22:23.455343Z,-8.0371857,1.6917280,3.8447139,0.1745329,1.2558377,-1.0944946,0.3696598,-9.2271776,-3.3103871,-0.5863408,-0.5815178,0.3703554,0.4252981
gait_20260919_222211_andrew_fast_1,andrew_fast_1,2513580340614150,2026-09-19T22:22:23.465767Z,-7.6358576,1.0399814,0.4058172,0.1745329,1.2558377,-1.0944946,0.6436375,-9.2532587,-3.1935966,-0.5831302,-0.5793796,0.3609146,0.4404761
gait_20260919_222211_andrew_fast_1,andrew_fast_1,2513580350697361,2026-09-19T22:22:23.475493Z,-6.1682119,-0.3953426,-5.0867062,1.5057461,0.9131669,-0.2128869,0.6436375,-9.2532587,-3.1935966,-0.5831302,-0.5793796,0.3609146,0.4404761
gait_20260919_222211_andrew_fast_1,andrew_fast_1,2513580360781792,2026-09-19T22:22:23.485818Z,-1.9295769,-3.0621092,-17.2707233,1.5057461,0.9131669,-0.2128869,0.6794079,-9.3584061,-2.8626442,-0.5769588,-0.5709629,0.3677922,0.4537058
gait_20260919_222211_andrew_fast_1,andrew_fast_1,2513580370841282,2026-09-19T22:22:23.495390Z,7.6172276,-7.9471035,-42.8336143,1.9340013,-1.5471977,0.9945545,0.6794079,-9.3584061,-2.8626442,-0.5769588,-0.5709629,0.3677922,0.4537058
gait_20260919_222211_andrew_fast_1,andrew_fast_1,2513580380950331,2026-09-19T22:22:23.506194Z,14.3702230,-11.4688997,-24.3981133,1.9340013,-1.5471977,0.9945545,0.3517562,-9.4677439,-2.5444498,-0.5673900,-0.5668777,0.3950723,0.4479243
gait_20260919_222211_andrew_fast_1,andrew_fast_1,2513580391033624,2026-09-19T22:22:23.515717Z,16.5331593,-14.9431105,-3.5056350,0.3705660,-2.2517912,1.6528667,0.3517562,-9.4677439,-2.5444498,-0.5673900,-0.5668777,0.3950723,0.4479243
gait_20260919_222211_andrew_fast_1,andrew_fast_1,2513580401121229,2026-09-19T22:22:23.525772Z,16.9944172,-16.2252064,4.4182000,0.3705660,-2.2517912,1.6528667,-0.1019588,-9.4889002,-2.4872711,-0.5648506,-0.5673567,0.4192899,0.4280728
gait_20260919_222211_andrew_fast_1,andrew_fast_1,2513580411203057,2026-09-19T22:22:23.535517Z,14.1229467,-18.0935059,6.4199772,2.1294017,-1.2031114,1.1997139,-0.1019588,-9.4889002,-2.4872711,-0.5648506,-0.5673567,0.4192899,0.4280728
gait_20260919_222211_andrew_fast_1,andrew_fast_1,2513580421287774,2026-09-19T22:22:23.546182Z,11.1004915,-19.8622227,0.4850503,2.1294017,-1.2031114,1.1997139,-0.3302765,-9.5962391,-2.0097916,-0.5558655,-0.5549482,0.4424969,0.4327153
gait_20260919_222211_andrew_fast_1,andrew_fast_1,2513580431372207,2026-09-19T22:22:23.556422Z,8.2362785,-19.6023026,-3.0107834,2.8808923,2.6563311,-0.1984812,-0.3302765,-9.5962391,-2.0097916,-0.5558655,-0.5549482,0.4424969,0.4327153
gait_20260919_222211_andrew_fast_1,andrew_fast_1,2513580441457330,2026-09-19T22:22:23.566284Z,6.3343844,-16.4253464,-0.9044097,2.8808923,2.6563311,-0.1984812,-0.1311031,-9.6973200,-1.4767951,-0.5556106,-0.5295460,0.4372700,0.4686928
gait_20260919_222211_andrew_fast_1,andrew_fast_1,2513580451542942,2026-09-19T22:22:23.576353Z,4.0497174,-13.8457432,0.0628478,1.1736506,6.7071772,-0.3652368,-0.1311031,-9.6973200,-1.4767951,-0.5556106,-0.5295460,0.4372700,0.4686928
gait_20260919_222211_andrew_fast_1,andrew_fast_1,2513580461635024,2026-09-19T22:22:23.586868Z,1.8170495,-13.8180599,0.2472761,1.1736506,6.7071772,-0.3652368,0.1343105,-9.7204857,-1.3153874,-0.5792254,-0.4935164,0.3998021,0.5109773
gait_20260919_222211_andrew_fast_1,andrew_fast_1,2513580471708470,2026-09-19T22:22:23.596745Z,-3.4211645,-20.0742588,-0.0911293,-0.6699699,5.9469428,0.2223296,0.1343105,-9.7204857,-1.3153874,-0.5792254,-0.4935164,0.3998021,0.5109773
gait_20260919_222211_andrew_fast_1,andrew_fast_1,2513580481805637,2026-09-19T22:22:23.606987Z,-6.1028948,-27.3574963,-13.4810019,-0.6699699,5.9469428,0.2223296,0.2237168,-9.7017326,-1.4361200,-0.6035616,-0.4683612,0.3677453,0.5302024
gait_20260919_222211_andrew_fast_1,andrew_fast_1,2513580491853448,2026-09-19T22:22:23.616018Z,-2.8007672,-26.5920238,-8.6998558,1.1748663,0.1738501,-0.1098159,0.2237168,-9.7017326,-1.4361200,-0.6035616,-0.4683612,0.3677453,0.5302024
gait_20260919_222211_andrew_fast_1,andrew_fast_1,2513580501937921,2026-09-19T22:22:23.626477Z,-4.9811368,-20.6194630,-0.4534020,1.1748663,0.1738501,-0.1098159,0.2477129,-9.7354307,-1.1815797,-0.5934462,-0.4676163,0.3762228,0.5362959
gait_20260919_222211_andrew_fast_1,andrew_fast_1,2513580512032485,2026-09-19T22:22:23.638123Z,-6.1933508,-13.3074970,4.1216931,-0.7286250,0.3928656,-0.2834828,0.2477129,-9.7354307,-1.1815797,-0.5934462,-0.4676163,0.3762228,0.5362959
gait_20260919_222211_andrew_fast_1,andrew_fast_1,2513580522113742,2026-09-19T22:22:23.651295Z,-5.8824039,-8.1507607,6.3460560,-0.7286250,0.3928656,-0.2834828,0.3092253,-9.7062368,-1.3890535,-0.5981796,-0.4726710,0.3687708,0.5317626
gait_20260919_222211_andrew_fast_1,andrew_fast_1,2513580532216241,2026-09-19T22:22:23.656384Z,-5.3360772,-5.6324344,5.7023897,-1.5670491,0.0802052,0.0515938,0.3092253,-9.7062368,-1.3890535,-0.5981796,-0.4726710,0.3687708,0.5317626
gait_20260919_222211_andrew_fast_1,andrew_fast_1,2513580552387995,2026-09-19T22:22:23.676734Z,-6.9510407,-7.2212863,7.4234467,-1.1905710,0.3755289,0.4347668,0.2832927,-9.6572199,-1.7011685,-0.6062641,-0.4790381,0.3628782,0.5208510
gait_20260919_222211_andrew_fast_1,andrew_fast_1,2513580572552545,2026-09-19T22:22:23.696857Z,-8.1707373,-11.7927904,6.5316067,-0.2234954,1.0172372,1.0583723,0.1945146,-9.6218233,-1.9023210,-0.6146195,-0.4788745,0.3592727,0.5136588
gait_20260919_222211_andrew_fast_1,andrew_fast_1,2513580592722793,2026-09-19T22:22:23.717185Z,-6.8201828,-13.1211977,4.2961707,0.7223465,1.0262469,1.8132606,0.0008595,-9.6241837,-1.9003229,-0.6232845,-0.4670493,0.3598640,0.5136918
gait_20260919_222211_andrew_fast_1,andrew_fast_1,2513580612891697,2026-09-19T22:22:23.737247Z,-4.6796169,-11.5476837,2.6269629,1.1258373,0.3645873,2.3057165,-0.3450369,-9.6502705,-1.7289785,-0.6299817,-0.4480151,0.3694339,0.5156783
gait_20260919_222211_andrew_fast_1,andrew_fast_1,2513580633059666,2026-09-19T22:22:23.757537Z,-3.1742625,-10.0269165,2.2156839,1.0657333,-0.6937351,2.5276463,-0.8045085,-9.6612225,-1.4998875,-0.6342179,-0.4285237,0.3869016,0.5142396
gait_20260919_222211_andrew_fast_1,andrew_fast_1,2513580653227879,2026-09-19T22:22:23.777307Z,-1.7848774,-9.3747215,1.7961750,0.9177634,-1.7329720,2.6069357,-1.3302922,-9.6358213,-1.2717694,-0.6348307,-0.4141340,0.4118590,0.5058212
gait_20260919_222211_andrew_fast_1,andrew_fast_1,2513580673399144,2026-09-19T22:22:23.798402Z,-1.0242695,-8.3289785,1.7987937,0.8849052,-2.2298746,2.6123481,-1.8819501,-9.6129217,-0.5349249,-0.6181930,-0.3932223,0.4569712,0.5043719
gait_20260919_222211_andrew_fast_1,andrew_fast_1,2513580693565322,2026-09-19T22:22:23.818108Z,-0.2551321,-6.6343331,2.5711482,1.2933255,-2.1955009,2.7562878,-2.4050112,-9.5070438,-0.2611080,-0.6126785,-0.3846373,0.4882573,0.4881435
gait_20260919_222211_andrew_fast_1,andrew_fast_1,2513580713733616,2026-09-19T22:22:23.837878Z,0.9760861,-6.6944122,1.4412346,2.8791938,-1.9998175,2.9504890,-2.9385440,-9.3585548,0.1361536,-0.6045820,-0.3714175,0.5214213,0.4739723
gait_20260919_222211_andrew_fast_1,andrew_fast_1,2513580733903945,2026-09-19T22:22:23.857956Z,1.5912462,-7.9928179,-0.4878934,3.8345616,-1.3433539,2.6515682,-3.4695597,-9.1362276,0.8529953,-0.5890417,-0.3465773,0.5593682,0.4690644
gait_20260919_222211_andrew_fast_1,andrew_fast_1,2513580754072117,2026-09-19T22:22:23.878189Z,1.2633154,-8.4391117,-1.3211504,3.3758297,-1.0608370,2.0384378,-3.9003572,-8.8479462,1.6544458,-0.5712648,-0.3157966,0.5925446,0.4720382
gait_20260919_222211_andrew_fast_1,andrew_fast_1,2513580774240940,2026-09-19T22:22:23.898395Z,0.7101052,-8.2382984,-1.0958710,2.4000776,-1.0380546,1.6593784,-4.1937485,-8.5635004,2.3054345,-0.5549076,-0.2911171,0.6181579,0.4745622
gait_20260919_222211_andrew_fast_1,andrew_fast_1,2513580794386123,2026-09-19T22:22:23.918594Z,0.9936685,-9.3701572,-0.9071032,2.0046306,0.4303536,1.5037644,-4.4124589,-8.3130865,2.7674756,-0.5421820,-0.2738925,0.6382036,0.4729881
gait_20260919_222211_andrew_fast_1,andrew_fast_1,2513580814580825,2026-09-19T22:22:23.938835Z,1.6608278,-10.6830025,-2.2995560,2.3226702,4.8743982,0.9586321,-4.5230083,-8.2149677,2.8797224,-0.5446962,-0.2583256,0.6388886,0.4779072
gait_20260919_222211_andrew_fast_1,andrew_fast_1,2513580834751886,2026-09-19T22:22:23.958853Z,1.2993782,-11.0472956,-2.1960068,1.3609405,5.7129889,0.7693937,-4.9771833,-8.0039425,2.7204149,-0.5702064,-0.2130246,0.6184288,0.4970222
gait_20260919_222211_andrew_fast_1,andrew_fast_1,2513580854891779,2026-09-19T22:22:23.979077Z,0.9980080,-12.4688530,-1.5444845,0.3451522,3.9448104,0.8858878,-5.3835807,-7.8690825,2.3088386,-0.6001769,-0.1740047,0.5918289,0.5091646
gait_20260919_222211_andrew_fast_1,andrew_fast_1,2513580875060114,2026-09-19T22:22:23.999614Z,1.4656255,-13.2912607,-1.3701568,0.0216667,1.3919667,1.2274594,-5.6773391,-7.7604275,1.9441519,-0.6211867,-0.1503908,0.5760202,0.5096179
gait_20260919_222211_andrew_fast_1,andrew_fast_1,2513580895255345,2026-09-19T22:22:24.019835Z,2.8892777,-12.9539776,-0.9813234,-0.3317291,-0.8351267,1.5032314,-5.9081635,-7.6141429,1.8315439,-0.6282666,-0.1392318,0.5776902,0.5021651
gait_20260919_222211_andrew_fast_1,andrew_fast_1,2513580915422582,2026-09-19T22:22:24.039848Z,4.7078981,-12.9123039,-0.4227262,-0.5384541,-1.9585159,1.4722219,-6.0911465,-7.4472938,1.9162145,-0.6250787,-0.1391000,0.5930606,0.4880646
gait_20260919_222211_andrew_fast_1,andrew_fast_1,2513580935565688,2026-09-19T22:22:24.059684Z,6.5338511,-13.3662300,-1.5988030,-0.5289946,-0.7261935,0.9979186,-6.2173305,-7.2954111,2.0875578,-0.6171809,-0.1444078,0.6125553,0.4722394
gait_20260919_222211_andrew_fast_1,andrew_fast_1,2513580955760187,2026-09-19T22:22:24.079865Z,6.2739305,-12.5110502,-1.0077344,-1.4193957,1.0455821,0.0394031,-6.3226771,-7.2153387,2.0490901,-0.6185654,-0.1459091,0.6189042,0.4615681
gait_20260919_222211_andrew_fast_1,andrew_fast_1,2513580975929865,2026-09-19T22:22:24.101835Z,5.6854062,-12.5441952,-0.0836474,-2.4848125,0.7926426,-1.0247980,-6.3405848,-7.3009911,1.6518613,-0.6331964,-0.1527909,0.6086993,0.4529929
gait_20260919_222211_andrew_fast_1,andrew_fast_1,2513580996096857,2026-09-19T22:22:24.120312Z,5.3371992,-14.7287550,0.7330746,-2.9966702,0.0972421,-2.2196658,-6.1700683,-7.5371389,1.1652852,-0.6470497,-0.1753404,0.5950165,0.4433259
gait_20260919_222211_andrew_fast_1,andrew_fast_1,2513581016266128,2026-09-19T22:22:24.140437Z,4.4492497,-18.0885677,1.2274024,-2.5728118,0.1453386,-3.6781981,-5.7801099,-7.8959813,0.6927483,-0.6552361,-0.2112013,0.5790084,0.4368168
gait_20260919_222211_andrew_fast_1,andrew_fast_1,2513581036434260,2026-09-19T22:22:24.160605Z,2.3595605,-21.6276474,0.2788497,-1.8129275,0.7393668,-5.1582475,-5.1259260,-8.3598642,0.2713985,-0.6572973,-0.2522783,0.5553445,0.4426154
gait_20260919_222211_andrew_fast_1,andrew_fast_1,2513581056603611,2026-09-19T22:22:24.180793Z,-0.3573346,-25.9724503,-0.1662474,-1.4702234,1.2301739,-6.1169791,-4.1791959,-8.8746834,-0.1021023,-0.6539764,-0.2950586,0.5212321,0.4621389
gait_20260919_222211_andrew_fast_1,andrew_fast_1,2513581076752172,2026-09-19T22:22:24.200872Z,-5.0234842,-28.9798660,-0.2974047,-1.1467712,1.9655938,-6.2486949,-3.0199916,-9.3223639,-0.4575055,-0.6467125,-0.3383432,0.4790527,0.4876426
gait_20260919_222211_andrew_fast_1,andrew_fast_1,2513581096941543,2026-09-19T22:22:24.221100Z,-9.4083147,-25.6760178,1.4841058,-0.3821571,2.6872408,-5.3274179,-1.8064617,-9.6121845,-0.7607356,-0.6385603,-0.3742122,0.4313198,0.5159159
gait_20260919_222211_andrew_fast_1,andrew_fast_1,2513581117088842,2026-09-19T22:22:24.241239Z,-12.2455931,-17.9654903,-1.8980782,0.8708493,3.4421957,-3.8530807,-0.7662165,-9.7413931,-0.8684928,-0.6305985,-0.3937539,0.3864548,0.5458534
gait_20260919_222211_andrew_fast_1,andrew_fast_1,2513581137280044,2026-09-19T22:22:24.261812Z,-10.9969425,-10.1204405,-6.1503301,1.1506683,1.5239822,-2.3970132,-0.0134210,-9.7864571,-0.6791360,-0.6219296,-0.3943098,0.3504783,0.5786954
gait_20260919_222211_andrew_fast_1,andrew_fast_1,2513581157446548,2026-09-19T22:22:24.281988Z,-8.2278242,-7.6172276,-0.7764695,-0.2724246,-1.5463650,-1.2514077,0.4134227,-9.7900658,-0.4688660,-0.6098847,-0.3991522,0.3371663,0.5958500
gait_20260919_222211_andrew_fast_1,andrew_fast_1,2513581177604995,2026-09-19T22:22:24.302535Z,-6.1045408,-5.4185271,3.6648495,-1.3671191,-3.0506957,-0.6249378,0.5953043,-9.7736130,-0.5984935,-0.6009333,-0.4208881,0.3424392,0.5869138
gait_20260919_222211_andrew_fast_1,andrew_fast_1,2513581197784602,2026-09-19T22:22:24.322609Z,-3.9432502,-2.9381344,4.4328647,-1.5684315,-4.0065966,-0.2393000,0.6317481,-9.7454281,-0.9293191,-0.5946940,-0.4495028,0.3547281,0.5643175
gait_20260919_222211_andrew_fast_1,andrew_fast_1,2513581217953099,2026-09-19T22:22:24.342170Z,-1.8958336,-1.0001777,3.4017117,-1.4517875,-5.2077260,-0.0414682,0.5652360,-9.7091093,-1.2844433,-0.5856571,-0.4812549,0.3734332,0.5347401
gait_20260919_222211_andrew_fast_1,andrew_fast_1,2513581238122126,2026-09-19T22:22:24.362419Z,-0.0596306,0.9571570,1.4333786,-1.4145327,-5.4787016,-0.0861840,0.4053398,-9.6686392,-1.6091152,-0.5704446,-0.5164227,0.3994293,0.4983540
gait_20260919_222211_andrew_fast_1,andrew_fast_1,2513581258292699,2026-09-19T22:22:24.382434Z,-0.3703531,1.3430723,2.7186909,-1.4735042,-3.7446971,-0.3178564,0.2346456,-9.6187458,-1.9133230,-0.5524269,-0.5507088,0.4235421,0.4606045
gait_20260919_222211_andrew_fast_1,andrew_fast_1,2513581278460220,2026-09-19T22:22:24.402546Z,-3.0113821,0.0983119,4.1106949,-1.3165745,-1.1934354,-0.5734439,0.1662358,-9.5578928,-2.2034554,-0.5408413,-0.5754683,0.4333811,0.4341747
gait_20260919_222211_andrew_fast_1,andrew_fast_1,2513581298628758,2026-09-19T22:22:24.422686Z,-5.1143141,-0.7445967,5.5609074,-0.6761819,0.7578859,-0.6704196,0.2463339,-9.4979343,-2.4422758,-0.5378324,-0.5887370,0.4286889,0.4246775
gait_20260919_222211_andrew_fast_1,andrew_fast_1,2513581318791356,2026-09-19T22:22:24.443188Z,-5.9460001,-0.5130326,3.3616836,0.5899479,0.9083539,-0.4351166,0.4192892,-9.4702644,-2.5247681,-0.5385323,-0.5915147,0.4188735,0.4296956
gait_20260919_222211_andrew_fast_1,andrew_fast_1,2513581338966934,2026-09-19T22:22:24.463115Z,-5.8825536,-2.0451720,-4.1035123,1.6043873,-0.6782469,0.1273191,0.5222140,-9.5090313,-2.3540850,-0.5344504,-0.5877975,0.4192978,0.4393704
gait_20260919_222211_andrew_fast_1,andrew_fast_1,2513581359146174,2026-09-19T22:22:24.483902Z,3.6853497,-8.0946465,-28.4197731,1.6523838,-2.5369394,1.0398698,0.4184671,-9.5888577,-2.0285032,-0.5220907,-0.5850062,0.4377607,0.4399486
gait_20260919_222211_andrew_fast_1,andrew_fast_1,2513581379309870,2026-09-19T22:22:24.503877Z,10.9689598,-12.6048737,-7.4613051,0.7556376,-1.9026253,1.4006933,0.0897048,-9.6481409,-1.7724186,-0.5087667,-0.5859904,0.4663986,0.4245515
gait_20260919_222211_andrew_fast_1,andrew_fast_1,2513581399472590,2026-09-19T22:22:24.524052Z,11.4314156,-15.8987713,2.7224319,2.2800860,0.5445827,0.7671455,-0.2377870,-9.6723413,-1.6203039,-0.5038692,-0.5838220,0.4866648,0.4103966
gait_20260919_222211_andrew_fast_1,andrew_fast_1,2513581419641494,2026-09-19T22:22:24.544086Z,8.9929209,-19.1133614,-1.2728175,2.0523605,2.9817483,-0.2099391,-0.3213510,-9.7386942,-1.1360848,-0.5002504,-0.5654631,0.4995472,0.4247983
gait_20260919_222211_andrew_fast_1,andrew_fast_1,2513581439810196,2026-09-19T22:22:24.564034Z,5.4934959,-14.3156052,0.6091747,-0.0636179,4.0459328,-0.2575526,-0.1869402,-9.7764854,-0.7883421,-0.5053073,-0.5445143,0.4926173,0.4533176
gait_20260919_222211_andrew_fast_1,andrew_fast_1,2513581459955501,2026-09-19T22:22:24.584102Z,-0.7100304,-21.6625881,-2.4515877,0.1920195,2.0056298,-0.0107584,-0.0742018,-9.7696123,-0.8861625,-0.5243040,-0.5303422,0.4694709,0.4726939
gait_20260919_222211_andrew_fast_1,andrew_fast_1,2513581480148819,2026-09-19T22:22:24.604184Z,-4.5991864,-27.0546284,-3.5544169,1.2451125,2.1309836,-0.9713889,-0.0294521,-9.7779608,-0.7916674,-0.5263523,-0.5234947,0.4655745,0.4818163
gait_20260919_222211_andrew_fast_1,andrew_fast_1,2513581500317358,2026-09-19T22:22:24.624632Z,-6.4311252,-14.6382236,3.0384665,-0.9135999,0.7507581,-1.1210576,0.2136032,-9.7916622,-0.5602311,-0.5230095,-0.5151573,0.4566594,0.5025297
gait_20260919_222211_andrew_fast_1,andrew_fast_1,2513581520483699,2026-09-19T22:22:24.644485Z,-5.1455135,-6.5444007,4.1966615,-1.4405295,-0.2400827,-0.8917333,0.4345619,-9.7679605,-0.7963832,-0.5238208,-0.5257745,0.4439156,0.5021076
gait_20260919_222211_andrew_fast_1,andrew_fast_1,2513581540627620,2026-09-19T22:22:24.664781Z,-7.2811413,-8.0626240,7.2245784,-1.2803688,-0.4029579,-0.5244481,0.4597797,-9.7502108,-0.9788210,-0.5226851,-0.5352636,0.4413823,0.4954544
gait_20260919_222211_andrew_fast_1,andrew_fast_1,2513581560801082,2026-09-19T22:22:24.684741Z,-9.1660519,-14.3092461,6.4268603,-0.3078474,-0.2300903,0.4782835,0.5268087,-9.7207251,-1.2108181,-0.5223696,-0.5465264,0.4371078,0.4872122
gait_20260919_222211_andrew_fast_1,andrew_fast_1,2513581580990495,2026-09-19T22:22:24.705233Z,-6.0639892,-14.4585094,3.7276225,0.5564569,-0.5144891,1.6126975,0.3780807,-9.7251997,-1.2303174,-0.5235380,-0.5463455,0.4432772,0.4805413
gait_20260919_222211_andrew_fast_1,andrew_fast_1,2513581601158178,2026-09-19T22:22:24.725065Z,-3.4255040,-10.6857710,2.5719712,0.7253608,-1.0447993,1.7601511,0.0128814,-9.7485571,-1.0961740,-0.5249687,-0.5387950,0.4607351,0.4709895
gait_20260919_222211_andrew_fast_1,andrew_fast_1,2513581621329972,2026-09-19T22:22:24.745461Z,-2.8734162,-8.3482819,2.2584803,0.6621259,-1.5039309,1.6291516,-0.3591343,-9.7578955,-0.9437266,-0.5231958,-0.5335310,0.4811510,0.4583716
gait_20260919_222211_andrew_fast_1,andrew_fast_1,2513581641472184,2026-09-19T22:22:24.765443Z,-2.2058828,-7.6219411,2.0986674,0.7181664,-1.6085341,1.6966332,-0.7214868,-9.7525377,-0.7769132,-0.5186417,-0.5302660,0.5030730,0.4435610
gait_20260919_222211_andrew_fast_1,andrew_fast_1,2513581661665665,2026-09-19T22:22:24.785710Z,-1.5018378,-7.3714476,2.2988076,1.0521771,-1.2939584,1.8272831,-1.0826670,-9.7316685,-0.5988297,-0.5140211,-0.5265230,0.5247722,0.4279839
gait_20260919_222211_andrew_fast_1,andrew_fast_1,2513581681834814,2026-09-19T22:22:24.806077Z,-0.3655647,-8.0233440,1.5325135,2.2723420,-0.9291546,1.9995511,-1.4593011,-9.6950855,-0.3344841,-0.5098737,-0.5179281,0.5470870,0.4153014
gait_20260919_222211_andrew_fast_1,andrew_fast_1,2513581702021175,2026-09-19T22:22:24.826081Z,0.8228572,-8.9293251,-0.2663549,3.1470551,-0.2331713,1.8200719,-1.8524019,-9.6317654,0.1838862,-0.5028971,-0.4989956,0.5743071,0.4102064
gait_20260919_222211_andrew_fast_1,andrew_fast_1,2513581722171565,2026-09-19T22:22:24.846261Z,0.9024644,-9.0409546,-1.1392659,2.8382583,0.6231891,1.3562607,-2.1842155,-9.5294123,0.8097113,-0.4956011,-0.4735224,0.5993666,0.4134194
gait_20260919_222211_andrew_fast_1,andrew_fast_1,2513581742316585,2026-09-19T22:22:24.866454Z,0.7968203,-9.0686378,-1.2214918,2.0529435,1.3570768,1.1407925,-2.4174981,-9.4216118,1.2747796,-0.4930433,-0.4501669,0.6143599,0.4204998
gait_20260919_222211_andrew_fast_1,andrew_fast_1,2513581762484920,2026-09-19T22:22:24.886643Z,0.7589619,-8.8646812,-0.7933786,1.3197720,1.7109556,1.2989713,-2.6382546,-9.3239250,1.5297586,-0.4974692,-0.4298737,0.6207891,0.4270292
gait_20260919_222211_andrew_fast_1,andrew_fast_1,2513581782678239,2026-09-19T22:22:24.907214Z,1.5002667,-8.2164516,-0.6226421,1.1147292,1.8589422,1.7183332,-2.9396760,-9.2124872,1.6506007,-0.5072681,-0.4103040,0.6243761,0.4295162
gait_20260919_222211_andrew_fast_1,andrew_fast_1,2513581802848160,2026-09-19T22:22:24.926741Z,2.3468413,-7.3785558,-1.2381763,1.2437636,1.5546087,1.8616234,-3.3281276,-9.0636787,1.7347730,-0.5198177,-0.3882174,0.6285142,0.4290067
gait_20260919_222211_andrew_fast_1,andrew_fast_1,2513581823015641,2026-09-19T22:22:24.947456Z,2.3787889,-6.9932389,-1.5004163,1.0015825,0.7511244,1.5647843,-3.7104990,-8.8898611,1.8543650,-0.5291489,-0.3666451,0.6352031,0.4267199
gait_20260919_222211_andrew_fast_1,andrew_fast_1,2513581843160091,2026-09-19T22:22:24.967973Z,2.1453543,-8.0978632,-1.2895769,0.5716286,0.3058989,1.2066420,-3.9933572,-8.7411098,1.9703311,-0.5330183,-0.3524170,0.6432659,0.4217852
gait_20260919_222211_andrew_fast_1,andrew_fast_1,2513581863355648,2026-09-19T22:22:24.987553Z,2.0421045,-10.1315880,-0.9650129,0.1793792,0.4901577,0.9280222,-4.1986318,-8.6303329,2.0309982,-0.5352255,-0.3444564,0.6499833,0.4152172
gait_20260919_222211_andrew_fast_1,andrew_fast_1,2513581883522762,2026-09-19T22:22:25.007591Z,2.0032735,-10.8260565,-0.5909937,-0.2234288,0.6084171,0.7223298,-4.2947330,-8.5975685,1.9680454,-0.5399462,-0.3419079,0.6506852,0.4100803
gait_20260919_222211_andrew_fast_1,andrew_fast_1,2513581903691382,2026-09-19T22:22:25.027802Z,2.3007531,-10.3400335,-0.1497872,-0.6031378,0.3903675,0.6528664,-4.4319682,-8.5518084,1.8602064,-0.5460981,-0.3400930,0.6507089,0.4033503
gait_20260919_222211_andrew_fast_1,andrew_fast_1,2513581923861018,2026-09-19T22:22:25.048746Z,2.7748051,-9.7466459,0.1660229,-0.6955170,0.3022351,0.5763916,-4.5322061,-8.5307798,1.7091061,-0.5517058,-0.3424778,0.6502486,0.3943434
gait_20260919_222211_andrew_fast_1,andrew_fast_1,2513581944003841,2026-09-19T22:22:25.068146Z,2.3338230,-9.6730986,-0.5396680,-0.5719284,0.7045435,0.2381675,-4.2642112,-8.7054663,1.5058049,-0.5537401,-0.3558145,0.6429003,0.3917232
gait_20260919_222211_andrew_fast_1,andrew_fast_1,2513581964198421,2026-09-19T22:22:25.088263Z,1.6892589,-10.0929813,-1.7990181,-0.5989410,2.4591155,-0.2744564,-3.4917417,-9.0995846,1.1141852,-0.5552132,-0.3827752,0.6191094,0.4023993
gait_20260919_222211_andrew_fast_1,andrew_fast_1,2513581984340877,2026-09-19T22:22:25.108581Z,2.2010195,-11.5508261,-1.6320225,-1.3875700,3.2306910,-0.8044835,-3.4248412,-9.1605463,0.7687598,-0.5721116,-0.3815539,0.5991773,0.4099896
gait_20260919_222211_andrew_fast_1,andrew_fast_1,2513582004540543,2026-09-19T22:22:25.129341Z,2.3157916,-14.3911724,-0.9638158,-2.2669461,2.2001307,-1.4287385,-3.2862585,-9.2396097,0.2574108,-0.5928690,-0.3848099,0.5717309,0.4165952
gait_20260919_222211_andrew_fast_1,andrew_fast_1,2513582024677914,2026-09-19T22:22:25.149064Z,2.3337481,-18.0747261,-0.1450737,-2.8736145,0.6281686,-2.2250116,-2.9904604,-9.3375654,-0.3211390,-0.6063883,-0.4019623,0.5452974,0.4163777
gait_20260919_222211_andrew_fast_1,andrew_fast_1,2513582044847835,2026-09-19T22:22:25.169704Z,1.9678093,-22.5836811,1.3596821,-2.9382484,-0.4848118,-3.2967238,-2.5304003,-9.4350014,-0.9021974,-0.6090314,-0.4333386,0.5221612,0.4106655
gait_20260919_222211_andrew_fast_1,andrew_fast_1,2513582065041276,2026-09-19T22:22:25.189193Z,-1.8612673,-26.1201420,1.0237457,-1.9491730,-0.7927758,-4.4991856,-1.8682169,-9.5252647,-1.4195713,-0.5997300,-0.4743248,0.4998874,0.4067585
gait_20260919_222211_andrew_fast_1,andrew_fast_1,2513582085187557,2026-09-19T22:22:25.209460Z,-5.5890393,-26.4940109,1.5759084,-1.1857247,-1.3017524,-4.4678264,-0.9956860,-9.6042805,-1.7327698,-0.5777355,-0.5162109,0.4784261,0.4133479
gait_20260919_222211_andrew_fast_1,andrew_fast_1,2513582105379574,2026-09-19T22:22:25.229511Z,-6.9504423,-21.4695549,2.6989386,-0.7449125,-0.9022253,-3.4667602,-0.1975485,-9.6181574,-1.9204526,-0.5504799,-0.5534948,0.4633959,0.4193803
gait_20260919_222211_andrew_fast_1,andrew_fast_1,2513582125547786,2026-09-19T22:22:25.249745Z,-6.9998975,-15.3826714,2.4655039,-0.3272492,0.4721715,-2.4846792,0.4016210,-9.5857964,-2.0462940,-0.5295405,-0.5789115,0.4512108,0.4252728
gait_20260919_222211_andrew_fast_1,andrew_fast_1,2513582145695248,2026-09-19T22:22:25.269919Z,-5.9575968,-9.8561802,1.8247558,0.2942745,1.1430074,-1.9447930,0.8747379,-9.5472698,-2.0786057,-0.5182464,-0.5905756,0.4375302,0.4372738
gait_20260919_222211_andrew_fast_1,andrew_fast_1,2513582165862402,2026-09-19T22:22:25.289902Z,-5.4376812,-5.5953240,0.4853496,1.2137532,0.3753624,-1.9254079,1.2785591,-9.5253506,-1.9670057,-0.5083714,-0.5945821,0.4272115,0.4533442
gait_20260919_222211_andrew_fast_1,andrew_fast_1,2513582186054460,2026-09-19T22:22:25.310540Z,-7.0010200,-2.7263224,-5.0566287,1.9076715,-1.7900783,-1.9653772,1.6487385,-9.5207701,-1.6949226,-0.4888071,-0.5993212,0.4277356,0.4678933
gait_20260919_222211_andrew_fast_1,andrew_fast_1,2513582206211320,2026-09-19T22:22:25.330680Z,-8.5797710,-1.8784009,-5.2724810,1.1626091,-3.9773688,-1.5685980,1.9197627,-9.5139265,-1.4268242,-0.4565110,-0.6125908,0.4429283,0.4691961
gait_20260919_222211_andrew_fast_1,andrew_fast_1,2513582226366960,2026-09-19T22:22:25.350493Z,-7.7447934,-2.6963201,1.1148002,-0.1258036,-3.5026326,-0.7461616,1.8371019,-9.5087452,-1.5636227,-0.4280602,-0.6368393,0.4631347,0.4435160
gait_20260919_222211_andrew_fast_1,andrew_fast_1,2513582246535620,2026-09-19T22:22:25.370627Z,-5.4027405,-3.0860512,4.3573723,-0.6581123,-1.5123744,0.0530760,1.8308747,-9.4779034,-1.7473937,-0.4058774,-0.6578516,0.4754245,0.4200791
gait_20260919_222211_andrew_fast_1,andrew_fast_1,2513582266704891,2026-09-19T22:22:25.391754Z,-3.2899325,-2.6603322,3.9400330,-0.6943513,-0.2120875,0.3993773,1.7467967,-9.4601412,-1.9210800,-0.4022608,-0.6665725,0.4778286,0.4068749
gait_20260919_222211_andrew_fast_1,andrew_fast_1,2513582286898861,2026-09-19T22:22:25.411746Z,-2.5201218,-3.2730234,3.1688757,-0.5867504,-0.0739433,0.3019519,1.6563374,-9.4499121,-2.0473921,-0.4053983,-0.6694933,0.4769022,0.3999943
gait_20260919_222211_andrew_fast_1,andrew_fast_1,2513582307068254,2026-09-19T22:22:25.431731Z,-3.2319479,-4.9870472,2.8592753,-0.2941413,0.0385538,0.2708425,1.5955980,-9.4380102,-2.1480556,-0.4068933,-0.6724064,0.4762000,0.3943868
gait_20260919_222211_andrew_fast_1,andrew_fast_1,2513582327245825,2026-09-19T22:22:25.451472Z,-2.8700492,-8.2240076,-1.2570307,0.1910702,0.2658962,0.6629087,1.5374886,-9.4397659,-2.1824481,-0.4078436,-0.6731470,0.4771720,0.3909524
gait_20260919_222211_andrew_fast_1,andrew_fast_1,2513582347405412,2026-09-19T22:22:25.471506Z,-1.5675287,-12.1072531,-5.0764556,0.4124673,-0.1010059,1.1950343,1.4005126,-9.4749880,-2.1211507,-0.4109294,-0.6689681,0.4823695,0.3885083
gait_20260919_222211_andrew_fast_1,andrew_fast_1,2513582367575374,2026-09-19T22:22:25.492095Z,-0.2847604,-14.4214735,-5.0697970,0.1387437,-0.1419412,1.4734210,1.1455497,-9.5255308,-2.0464852,-0.4149522,-0.6635835,0.4921546,0.3811243
gait_20260919_222211_andrew_fast_1,andrew_fast_1,2513582387741553,2026-09-19T22:22:25.512748Z,1.2981811,-14.9204407,-2.4536078,-0.1707525,0.2483264,1.3724149,0.8497931,-9.5585575,-2.0366485,-0.4219694,-0.6587313,0.5000941,0.3713770
gait_20260919_222211_andrew_fast_1,andrew_fast_1,2513582407898657,2026-09-19T22:22:25.531919Z,1.9933974,-13.4955912,0.1506103,0.0309430,0.5879828,0.9050897,0.6073874,-9.5697803,-2.0703833,-0.4309032,-0.6542691,0.5035742,0.3642354
gait_20260919_222211_andrew_fast_1,andrew_fast_1,2513582428079810,2026-09-19T22:22:25.553004Z,0.6257097,-10.1853828,0.0329203,0.4512042,1.2177335,0.5003166,0.4793364,-9.5829954,-2.0426862,-0.4368734,-0.6493020,0.5056469,0.3631389
gait_20260919_222211_andrew_fast_1,andrew_fast_1,2513582448249162,2026-09-19T22:22:25.572342Z,-0.1999158,-7.6364560,-0.4186112,0.5293943,2.1397271,0.4895415,0.4531747,-9.6221876,-1.8558760,-0.4410712,-0.6391633,0.5081050,0.3724993
gait_20260919_222211_andrew_fast_1,andrew_fast_1,2513582468391212,2026-09-19T22:22:25.594369Z,-0.4109049,-7.0653639,-0.2933645,0.3733139,2.3322961,0.5100425,0.4382444,-9.6458349,-1.7326066,-0.4517376,-0.6270047,0.5044321,0.3851577
gait_20260919_222211_andrew_fast_1,andrew_fast_1,2513582488585506,2026-09-19T22:22:25.613311Z,-0.6485294,-7.4962454,0.0092775,0.2914100,2.0758927,0.4175467,0.4181172,-9.6622248,-1.6439997,-0.4632885,-0.6151811,0.4991945,0.3971408
gait_20260919_222211_andrew_fast_1,andrew_fast_1,2513582508754452,2026-09-19T22:22:25.633334Z,-0.9577555,-8.2463036,0.1537526,0.4702896,1.7262938,0.3848718,0.4041490,-9.6752539,-1.5691583,-0.4726435,-0.6051480,0.4945072,0.4072672
gait_20260919_222211_andrew_fast_1,andrew_fast_1,2513582528937842,2026-09-19T22:22:25.653030Z,-0.3599533,-9.8720417,-0.0086790,0.8078809,1.6688378,0.4766681,0.3779784,-9.6945944,-1.4519310,-0.4791297,-0.5952475,0.4927244,0.4163387
gait_20260919_222211_andrew_fast_1,andrew_fast_1,2513582549067725,2026-09-19T22:22:25.673241Z,0.6736685,-11.6665707,0.1241244,0.7257439,2.0458157,0.5531761,0.1767707,-9.7577658,-0.9954365,-0.4805708,-0.5729149,0.5045102,0.4316128
gait_20260919_222211_andrew_fast_1,andrew_fast_1,2513582569260963,2026-09-19T22:22:25.693562Z,0.8491186,-12.2508307,0.5743091,0.1754822,2.1447232,0.5799889,0.1049920,-9.7720079,-0.8561441,-0.4897701,-0.5589050,0.5018792,0.4425695
gait_20260919_222211_andrew_fast_1,andrew_fast_1,2513582589431536,2026-09-19T22:22:25.713542Z,0.3284546,-14.4144411,1.1480197,-0.3157747,1.8365260,0.5886822,0.0265455,-9.7739954,-0.8393018,-0.5016600,-0.5476064,0.4956625,0.4503144
gait_20260919_222211_andrew_fast_1,andrew_fast_1,2513582609574114,2026-09-19T22:22:25.733593Z,0.1865233,-15.6745396,1.8748096,-0.0059288,1.6529500,0.7217636,-0.0591575,-9.7673721,-0.9116277,-0.5137336,-0.5398128,0.4886508,0.4537623
gait_20260919_222211_andrew_fast_1,andrew_fast_1,2513582629766537,2026-09-19T22:22:25.754023Z,0.8981249,-11.5122194,0.7340473,0.9615965,1.1491194,0.6223231,-0.1767583,-9.7679396,-0.8900679,-0.5232794,-0.5296082,0.4858775,0.4578394
gait_20260919_222211_andrew_fast_1,andrew_fast_1,2513582649936785,2026-09-19T22:22:25.774001Z,-0.2112135,-7.8409357,0.1059434,1.1701200,0.7369686,-0.0296440,-0.2682096,-9.7830381,-0.6755581,-0.5246127,-0.5178992,0.4901239,0.4651245
gait_20260919_222211_andrew_fast_1,andrew_fast_1,2513582670104306,2026-09-19T22:22:25.794286Z,-1.0304794,-6.2552261,0.0380828,0.8343607,0.8278157,-0.3402226,-0.2330021,-9.7969742,-0.4484861,-0.5202124,-0.5111544,0.4933139,0.4740694
gait_20260919_222211_andrew_fast_1,andrew_fast_1,2513582690274106,2026-09-19T22:22:25.814769Z,-1.7592145,-8.0760908,0.0510264,0.5055626,1.3010863,-0.2813011,-0.1537129,-9.8042107,-0.2999657,-0.5174470,-0.5065643,0.4923039,0.4829887
gait_20260919_222211_andrew_fast_1,andrew_fast_1,2513582710419125,2026-09-19T22:22:25.835234Z,-1.7312323,-11.4721918,0.0499041,0.2254106,1.8736975,-0.0514106,-0.0982535,-9.8071566,-0.2147764,-0.5193648,-0.5003172,0.4875331,0.4921936
gait_20260919_222211_andrew_fast_1,andrew_fast_1,2513582730611671,2026-09-19T22:22:25.854720Z,-1.0844985,-12.4068279,0.2164508,-0.1133298,2.1699204,0.1605103,-0.0904072,-9.8078432,-0.1848673,-0.5266956,-0.4910946,0.4793915,0.5015989
gait_20260919_222211_andrew_fast_1,andrew_fast_1,2513582750780291,2026-09-19T22:22:25.874883Z,-0.3219453,-11.5073566,0.5897218,-0.3860375,2.0325258,0.1967659,-0.1203837,-9.8066950,-0.2244103,-0.5375847,-0.4812889,0.4692658,0.5090711
gait_20260919_222211_andrew_fast_1,andrew_fast_1,2513582770948952,2026-09-19T22:22:25.895113Z,-0.3320459,-10.2131405,0.8475474,-0.4327850,1.6815281,0.0823369,-0.1476134,-9.8038940,-0.3130143,-0.5486202,-0.4734840,0.4587945,0.5141367
gait_20260919_222211_andrew_fast_1,andrew_fast_1,2513582791100847,2026-09-19T22:22:25.915157Z,-0.4888661,-9.5070753,0.9179519,-0.3981948,1.4799492,0.0011325,-0.1493665,-9.8008890,-0.3954519,-0.5564287,-0.4674823,0.4505683,0.5184938
gait_20260919_222211_andrew_fast_1,andrew_fast_1,2513582811288836,2026-09-19T22:22:25.936064Z,-0.8938602,-9.2420673,0.9632921,-0.4109851,1.5697471,-0.0345402,-0.1639603,-9.8017120,-0.3683571,-0.5613506,-0.4598877,0.4455263,0.5243043
gait_20260919_222211_andrew_fast_1,andrew_fast_1,2513582831454648,2026-09-19T22:22:25.956475Z,-1.3915550,-9.0195560,1.2619687,-0.4498886,1.8970629,-0.0581221,-0.1586436,-9.7994051,-0.4273736,-0.5687771,-0.4539108,0.4367804,0.5288483
gait_20260919_222211_andrew_fast_1,andrew_fast_1,2513582851622983,2026-09-19T22:22:25.976197Z,-1.8917935,-9.1885719,1.7312323,-0.4559006,2.4882932,-0.0726610,-0.1403875,-9.7959509,-0.5057310,-0.5781015,-0.4464068,0.4250595,0.5346439
gait_20260919_222211_andrew_fast_1,andrew_fast_1,2513582871792213,2026-09-19T22:22:25.995828Z,-2.4567502,-9.8610430,2.5176528,-0.4311863,3.2708769,-0.0624688,-0.2158197,-9.7970705,-0.4549239,-0.5880542,-0.4299147,0.4152520,0.5449140
gait_20260919_222211_andrew_fast_1,andrew_fast_1,2513582891959816,2026-09-19T22:22:26.016023Z,-2.8309939,-10.2138138,3.0507367,-0.3329116,4.1785645,-0.0067282,-0.1827020,-9.7937355,-0.5343268,-0.6027359,-0.4138308,0.3947518,0.5564391
gait_20260919_222211_andrew_fast_1,andrew_fast_1,2513582912130470,2026-09-19T22:22:26.036246Z,-3.0709379,-10.1553802,3.0504375,-0.1872898,4.9680929,0.0601706,-0.1351276,-9.7902851,-0.6068007,-0.6201212,-0.3917698,0.3682713,0.5712640
gait_20260919_222211_andrew_fast_1,andrew_fast_1,2513582932299090,2026-09-19T22:22:26.056391Z,-3.0407858,-9.5635643,2.7171946,-0.0852180,5.3805270,0.1416081,-0.0869581,-9.7882509,-0.6470839,-0.6384197,-0.3635917,0.3373488,0.5885721
gait_20260919_222211_andrew_fast_1,andrew_fast_1,2513582952467384,2026-09-19T22:22:26.076582Z,-2.4904187,-8.5015106,2.5910499,-0.0715951,5.2090082,0.2776206,-0.0740738,-9.7889261,-0.6384125,-0.6554340,-0.3307597,0.3058817,0.6061689
gait_20260919_222211_andrew_fast_1,andrew_fast_1,2513582972637347,2026-09-19T22:22:26.096888Z,-1.7996914,-8.2079964,2.8088474,-0.0592879,4.4699411,0.4266064,-0.0929511,-9.7895660,-0.6260251,-0.6705700,-0.2973313,0.2759520,0.6211123
gait_20260919_222211_andrew_fast_1,andrew_fast_1,2513582992805315,2026-09-19T22:22:26.116973Z,-1.2948890,-8.9484787,3.8955905,0.0329248,3.1144633,0.5879828,-0.1299136,-9.7881021,-0.6421021,-0.6827532,-0.2689336,0.2511741,0.6312166
gait_20260919_222211_andrew_fast_1,andrew_fast_1,2513583012974424,2026-09-19T22:22:26.137681Z,-0.2047791,-10.6286097,5.0579009,0.3646206,1.1766649,0.7538223,-0.4309239,-9.7956028,0.3107725,-0.6674975,-0.2299618,0.2580895,0.6595107
gait_20260919_222211_andrew_fast_1,andrew_fast_1,2513583033144223,2026-09-19T22:22:26.157995Z,0.9775077,-12.5978403,4.9467201,0.8281987,-0.7924927,0.7479102,-0.5887361,-9.7844248,0.3931200,-0.6682436,-0.2183704,0.2590207,0.6623240
gait_20260919_222211_andrew_fast_1,andrew_fast_1,2513583053274275,2026-09-19T22:22:26.178521Z,1.8671032,-13.1394539,4.4418426,1.0196853,-1.7465616,0.7093231,-0.7224777,-9.7656269,0.5888094,-0.6607345,-0.2184797,0.2734864,0.6640044
gait_20260919_222211_andrew_fast_1,andrew_fast_1,2513583073455991,2026-09-19T22:22:26.197859Z,3.8691795,-11.5929489,4.7833157,0.9508047,-1.3226198,0.7365189,-0.8337532,-9.7398224,0.8226974,-0.6500729,-0.2232099,0.2926722,0.6647748
gait_20260919_222211_andrew_fast_1,andrew_fast_1,2513583093648700,2026-09-19T22:22:26.217770Z,6.3251066,-9.1657524,5.7312698,1.0465814,0.2341039,0.4716219,-0.9524522,-9.7090988,1.0307115,-0.6417891,-0.2234704,0.3072451,0.6661593
gait_20260919_222211_andrew_fast_1,andrew_fast_1,2513583113819760,2026-09-19T22:22:26.238590Z,7.5516863,-7.7204027,4.1627684,2.1221571,4.9124856,0.0107418,-1.0429752,-9.6755505,1.2377579,-0.6372027,-0.2127459,0.3078177,0.6737658
gait_20260919_222211_andrew_fast_1,andrew_fast_1,2513583133987770,2026-09-19T22:22:26.258165Z,7.4600334,-6.4799070,0.9190742,2.5136237,8.3825932,-0.4616296,-1.1889569,-9.6121445,1.5585830,-0.6380678,-0.1661926,0.2742031,0.7000444
gait_20260919_222211_andrew_fast_1,andrew_fast_1,2513583154164731,2026-09-19T22:22:26.278300Z,5.8066125,-5.7789297,-0.4446481,1.9055398,8.9689436,-0.9608137,-0.2837242,-9.6339235,1.8284227,-0.6350829,-0.1386447,0.1857510,0.7368472
gait_20260919_222211_andrew_fast_1,andrew_fast_1,2513583174324562,2026-09-19T22:22:26.298426Z,5.7357593,-8.3995333,-0.9229648,1.3300475,9.1679745,-1.3941317,-0.4349574,-9.5717688,2.1043248,-0.6344866,-0.0761442,0.1235576,0.7591854
gait_20260919_222211_andrew_fast_1,andrew_fast_1,2513583194495338,2026-09-19T22:22:26.318636Z,4.5772648,-12.6077166,-2.8196962,1.5142230,12.3644419,-2.0823042,-0.4221047,-9.5509653,2.1993227,-0.6337441,-0.0179672,0.0497582,0.7717318
gait_20260919_222211_andrew_fast_1,andrew_fast_1,2513583214662494,2026-09-19T22:22:26.339467Z,1.1376947,-18.0017033,-5.5555954,2.5346243,10.7102594,-2.4627962,-0.5887451,-9.5027809,2.3636119,-0.6225022,0.0669929,-0.0475389,0.7782950
gait_20260919_222211_andrew_fast_1,andrew_fast_1,2513583234808327,2026-09-19T22:22:26.359654Z,-1.6838720,-17.0248699,-8.3735704,2.1792967,5.0569749,-2.4083545,-0.6157753,-9.3975182,2.7465606,-0.5954401,0.1263255,-0.1301232,0.7826626
gait_20260919_222211_andrew_fast_1,andrew_fast_1,2513583254999408,2026-09-19T22:22:26.379797Z,-0.5722890,-14.2624836,-3.6899886,-0.7920763,2.8670363,-1.7079746,-0.4187378,-9.3128986,3.0546176,-0.5776814,0.1415649,-0.1744616,0.7847335
gait_20260919_222211_andrew_fast_1,andrew_fast_1,2513583275168475,2026-09-19T22:22:26.399316Z,2.7927616,-12.2368393,1.0155904,-2.4577501,1.5269465,-0.9746531,-0.2767783,-9.4022036,2.7853317,-0.5859376,0.1537465,-0.1979718,0.7706143
gait_20260919_222211_andrew_fast_1,andrew_fast_1,2513583295337665,2026-09-19T22:22:26.419407Z,4.2006269,-10.1211138,3.0284407,-2.3952479,0.3591748,-0.6054194,-0.1778270,-9.5416508,2.2718699,-0.6054087,0.1625586,-0.2064400,0.7512906
gait_20260919_222211_andrew_fast_1,andrew_fast_1,2513583315480405,2026-09-19T22:22:26.439579Z,4.9206080,-8.7488623,3.8202481,-1.8876868,0.0082270,-0.5752925,-0.0748037,-9.6396008,1.8189636,-0.6238295,0.1640184,-0.2065335,0.7357165
gait_20260919_222211_andrew_fast_1,andrew_fast_1,2513583335675352,2026-09-19T22:22:26.459866Z,4.9341502,-7.2667761,3.6527288,-1.4082042,0.4787332,-0.5502617,0.0419301,-9.6988039,1.4722590,-0.6382222,0.1626482,-0.2065492,0.7235714
gait_20260919_222211_andrew_fast_1,andrew_fast_1,2513583355843158,2026-09-19T22:22:26.480009Z,2.7777228,-6.0589013,2.6608560,-0.9566336,1.2942749,-0.4831964,0.3631583,-9.7107859,1.3434458,-0.6446992,0.1563062,-0.2184301,0.7156953
gait_20260919_222211_andrew_fast_1,andrew_fast_1,2513583376030210,2026-09-19T22:22:26.500165Z,0.8923638,-5.8963203,1.4850785,-0.5044968,2.0593553,-0.3570264,0.4202839,-9.7289495,1.1861794,-0.6487915,0.1639262,-0.2282461,0.7071786
gait_20260919_222211_andrew_fast_1,andrew_fast_1,2513583396181781,2026-09-19T22:22:26.520291Z,-0.2110638,-6.5048218,-0.1821090,-0.0696300,2.3487167,-0.2719083,0.4358833,-9.7355642,1.1246929,-0.6475013,0.1766745,-0.2426498,0.7004636
gait_20260919_222211_andrew_fast_1,andrew_fast_1,2513583416324848,2026-09-19T22:22:26.550666Z,-0.9335142,-8.3053360,-1.2844892,-0.0429837,1.7221637,-0.2681445,0.4336857,-9.7335539,1.1427872,-0.6425780,0.1900382,-0.2581946,0.6959272
gait_20260919_222211_andrew_fast_1,andrew_fast_1,2513583436495786,2026-09-19T22:22:26.560501Z,-0.0629974,-11.3660240,-1.0925790,-0.3499152,1.1743002,-0.2390002,0.4480739,-9.7330141,1.1418394,-0.6398249,0.1982962,-0.2687032,0.6921715
gait_20260919_222211_andrew_fast_1,andrew_fast_1,2513583456688047,2026-09-19T22:22:26.580980Z,2.5920227,-12.1673326,-0.0405518,-0.4698899,1.1054196,-0.1862240,0.4681208,-9.7400112,1.0719879,-0.6404839,0.2043765,-0.2753034,0.6871817
gait_20260919_222211_andrew_fast_1,andrew_fast_1,2513583476855975,2026-09-19T22:22:26.600912Z,5.2970214,-11.2517757,0.0066589,-0.3312628,0.7598844,-0.1728842,0.4819331,-9.7481804,0.9883385,-0.6416028,0.2105540,-0.2810795,0.6819145
gait_20260919_222211_andrew_fast_1,andrew_fast_1,2513583497026467,2026-09-19T22:22:26.621959Z,6.6990514,-10.4091663,-0.8132804,-0.1103654,0.9511878,-0.2470607,0.5050939,-9.7521248,0.9365144,-0.6424538,0.2137617,-0.2849770,0.6784890
gait_20260919_222211_andrew_fast_1,andrew_fast_1,2513583517194069,2026-09-19T22:22:26.641872Z,5.0134583,-9.1959791,-1.7058687,-0.1085668,0.9508047,-0.4036074,0.5425678,-9.7506456,0.9309317,-0.6412346,0.2174421,-0.2916323,0.6756388
gait_20260919_222211_andrew_fast_1,andrew_fast_1,2513583537362730,2026-09-19T22:22:26.661650Z,2.0438251,-8.5495443,-1.9161844,-0.4862441,0.4809981,-0.4336344,0.6200926,-9.7480640,0.9093087,-0.6411631,0.2195002,-0.2987532,0.6719197
gait_20260919_222211_andrew_fast_1,andrew_fast_1,2513583557507098,2026-09-19T22:22:26.681396Z,0.5587468,-8.1544266,-1.5924433,-0.8545119,0.4136497,-0.3269328,0.7002287,-9.7524500,0.7972004,-0.6453818,0.2197844,-0.3016044,0.6664922
gait_20260919_222211_andrew_fast_1,andrew_fast_1,2513583577700173,2026-09-19T22:22:26.701760Z,0.4162918,-7.5373211,-0.5985504,-0.9228595,0.3314127,-0.1843088,0.7543376,-9.7610989,0.6229475,-0.6514756,0.2217265,-0.3027049,0.6593837
gait_20260919_222211_andrew_fast_1,andrew_fast_1,2513583597868630,2026-09-19T22:22:26.721917Z,1.7072903,-7.2768021,-0.3529951,-0.6946843,0.7949242,-0.0194018,0.7806314,-9.7686701,0.4470100,-0.6573864,0.2242434,-0.3024124,0.6527671
gait_20260919_222211_andrew_fast_1,andrew_fast_1,2513583618039773,2026-09-19T22:22:26.742057Z,3.0973489,-8.1971483,-0.4377648,-0.3233023,1.3763453,-0.0086600,0.7740088,-9.7736864,0.3347841,-0.6593423,0.2306056,-0.3055093,0.6471112
gait_20260919_222211_andrew_fast_1,andrew_fast_1,2513583638206520,2026-09-19T22:22:26.762589Z,3.6069398,-9.6261873,-0.7675661,0.0691970,1.7883629,-0.1147454,0.7703689,-9.7748566,0.3079191,-0.6570154,0.2391890,-0.3133680,0.6425885
gait_20260919_222211_andrew_fast_1,andrew_fast_1,2513583658376768,2026-09-19T22:22:26.783349Z,4.5847468,-11.4243822,-1.2909985,0.3482332,1.7270765,-0.1288346,0.8251503,-9.7690001,0.3490984,-0.6517274,0.2475690,-0.3261957,0.6384022
gait_20260919_222211_andrew_fast_1,andrew_fast_1,2513583678544982,2026-09-19T22:22:26.802550Z,5.9430070,-11.8819742,-1.7244986,0.3146256,1.1632253,-0.0509110,0.8387404,-9.7636805,0.4507519,-0.6446291,0.2547154,-0.3375505,0.6368933
gait_20260919_222211_andrew_fast_1,andrew_fast_1,2513583698714293,2026-09-19T22:22:26.822760Z,5.7635918,-10.1799955,-2.4054992,0.3985280,0.5396198,0.1239717,0.8367652,-9.7599449,0.5285836,-0.6397462,0.2586583,-0.3439707,0.6367927
gait_20260919_222211_andrew_fast_1,andrew_fast_1,2513583718882343,2026-09-19T22:22:26.843391Z,2.0878186,-7.4948239,-3.7086184,0.4719051,-0.1909870,0.4510377,0.8031733,-9.7576656,0.6156312,-0.6358345,0.2595000,-0.3454091,0.6395834
gait_20260919_222211_andrew_fast_1,andrew_fast_1,2513583739052021,2026-09-19T22:22:26.863568Z,-2.0563948,-6.4075570,-4.6862760,0.3658530,-0.7820340,1.0813380,0.7035122,-9.7596579,0.7001945,-0.6331099,0.2579754,-0.3398749,0.6458372
gait_20260919_222211_andrew_fast_1,andrew_fast_1,2513583759219135,2026-09-19T22:22:26.884231Z,-2.7824364,-9.0476885,-4.5827265,0.0699464,-1.2610836,1.7496259,0.4760827,-9.7696581,0.7504972,-0.6314582,0.2574774,-0.3256082,0.6549392
gait_20260919_222211_andrew_fast_1,andrew_fast_1,2513583779387999,2026-09-19T22:22:26.904164Z,3.7386956,-15.9423904,0.0831237,-0.5992075,-0.3449856,1.7223635,0.1168864,-9.7830391,0.7173430,-0.6317363,0.2605488,-0.3033668,0.6640725
gait_20260919_222211_andrew_fast_1,andrew_fast_1,2513583799558979,2026-09-19T22:22:26.924192Z,1.4799907,-18.6601830,4.8002996,-1.1896716,-1.4178967,0.2796857,-0.1948468,-9.7912836,0.5735131,-0.6335601,0.2701180,-0.2879644,0.6653678
gait_20260919_222211_andrew_fast_1,andrew_fast_1,2513583819728575,2026-09-19T22:22:26.943811Z,-4.1852889,-11.1768064,2.7801170,-0.5520603,-1.3439368,-0.3885190,-0.1878462,-9.8024483,0.3359091,-0.6468188,0.2617768,-0.2726635,0.6623843
gait_20260919_222211_andrew_fast_1,andrew_fast_1,2513583839893981,2026-09-19T22:22:26.964371Z,-3.4855087,-7.4311533,1.1615620,0.1594278,0.7975721,-0.2721914,-0.0930204,-9.8059187,0.2672353,-0.6538486,0.2513627,-0.2663989,0.6620653
gait_20260919_222211_andrew_fast_1,andrew_fast_1,2513583860062804,2026-09-19T22:22:26.984375Z,-3.0595653,-8.7266407,1.3116485,-0.2707758,0.9028248,-0.2044100,-0.0548741,-9.8050365,0.3071794,-0.6505089,0.2554372,-0.2745128,0.6604793
gait_20260919_222211_andrew_fast_1,andrew_fast_1,2513583880235290,2026-09-19T22:22:27.004783Z,-4.4886794,-11.8659630,2.3251441,-0.5319591,0.2173834,-0.3532959,-0.0809690,-9.8062572,0.2586469,-0.6502005,0.2612826,-0.2781267,0.6569751
gait_20260919_222211_andrew_fast_1,andrew_fast_1,2513583900403136,2026-09-19T22:22:27.025057Z,-5.8624272,-13.4673100,3.0089130,-0.4409288,-0.3576426,-0.0519602,-0.0127110,-9.8088541,0.1494543,-0.6548593,0.2602828,-0.2787498,0.6524652
gait_20260919_222211_andrew_fast_1,andrew_fast_1,2513583920572000,2026-09-19T22:22:27.045571Z,-5.1569610,-12.1865616,2.8993034,-0.2042268,-0.6743832,0.8258671,-0.0249872,-9.8097181,0.0702277,-0.6586406,0.2587673,-0.2741908,0.6511924
gait_20260919_222211_andrew_fast_1,andrew_fast_1,2513583940747537,2026-09-19T22:22:27.065962Z,-2.9455414,-10.4414129,2.7291656,0.0431170,-0.8440698,1.5850354,-0.2248947,-9.8073330,0.0422055,-0.6590338,0.2609336,-0.2621248,0.6548883
gait_20260919_222211_andrew_fast_1,andrew_fast_1,2513583960907734,2026-09-19T22:22:27.086197Z,-1.5803976,-9.1926870,2.5202713,0.3391401,-1.0702466,1.7576199,-0.5606796,-9.7937174,0.0695576,-0.6564230,0.2652910,-0.2444521,0.6625502
gait_20260919_222211_andrew_fast_1,andrew_fast_1,2513583981075092,2026-09-19T22:22:27.105598Z,-1.1701661,-7.4082584,2.3178866,0.6745498,-1.1649406,1.5930959,-0.9921980,-9.7486477,0.4642311,-0.6416268,0.2673103,-0.2267435,0.6822372
gait_20260919_222211_andrew_fast_1,andrew_fast_1,2513584001244323,2026-09-19T22:22:27.125169Z,-0.7427263,-6.1142673,1.7277158,1.0440999,-0.9852617,1.4588821,-1.2861434,-9.7043428,0.6385264,-0.6347659,0.2676347,-0.2104155,0.6936637
gait_20260919_222211_andrew_fast_1,andrew_fast_1,2513584021414326,2026-09-19T22:22:27.145655Z,-0.3717746,-5.6959553,1.1666496,1.3503652,-0.6838593,1.3573099,-1.5515517,-9.6461163,0.8838634,-0.6249716,0.2677097,-0.1972299,0.7062879
gait_20260919_222211_andrew_fast_1,andrew_fast_1,2513584041584818,2026-09-19T22:22:27.166320Z,0.1089362,-6.3598228,0.5847838,1.5283788,-0.3243681,1.3073982,-1.7978730,-9.5717430,1.1770709,-0.6125933,0.2685600,-0.1871794,0.7194226
gait_20260919_222211_andrew_fast_1,andrew_fast_1,2513584061751443,2026-09-19T22:22:27.186380Z,0.4319290,-8.4318542,0.1281646,1.5090436,-0.0394698,1.2678452,-2.0391533,-9.4801922,1.4845749,-0.5983483,0.2713850,-0.1799823,0.7320764
gait_20260919_222211_andrew_fast_1,andrew_fast_1,2513584081919290,2026-09-19T22:22:27.205963Z,0.5010615,-10.1714668,-0.0597054,1.3037510,0.1060354,1.2370187,-2.2767801,-9.3771429,1.7668029,-0.5838420,0.2761785,-0.1747522,0.7431794
gait_20260919_222211_andrew_fast_1,andrew_fast_1,2513584102089090,2026-09-19T22:22:27.226373Z,0.6738181,-10.4069214,-0.1672200,1.0665327,0.0446158,1.2462783,-2.4192820,-9.3075457,1.9372059,-0.5735655,0.2802168,-0.1715635,0.7503779
gait_20260919_222211_andrew_fast_1,andrew_fast_1,2513584122252136,2026-09-19T22:22:27.246805Z,0.5176713,-9.6033678,0.2838625,0.9270063,-0.2470107,1.0820209,-2.6276069,-9.2124357,2.1125381,-0.5629725,0.2851795,-0.1655926,0.7578349
gait_20260919_222211_andrew_fast_1,andrew_fast_1,2513584142429817,2026-09-19T22:22:27.269319Z,0.0132429,-9.5485249,0.3643676,1.0142728,-0.3667690,0.8587586,-2.5203485,-9.2358189,2.1409338,-0.5623216,0.2807368,-0.1649818,0.7601067
gait_20260919_222211_andrew_fast_1,andrew_fast_1,2513584162594502,2026-09-19T22:22:27.286984Z,-0.1916110,-9.6999588,-0.0038906,1.1746498,-0.3416382,0.8062155,-2.5082607,-9.2137070,2.2477374,-0.5582761,0.2770184,-0.1617413,0.7651330
gait_20260919_222211_andrew_fast_1,andrew_fast_1,2513584182763244,2026-09-19T22:22:27.307193Z,-0.0407762,-9.7295122,-0.5225345,1.1012561,-0.3650869,0.8535626,-2.3673520,-9.2613850,2.2042010,-0.5611532,0.2715237,-0.1618324,0.7649785
gait_20260919_222211_andrew_fast_1,andrew_fast_1,2513584202932393,2026-09-19T22:22:27.327402Z,0.1044471,-10.3134727,-0.4847510,0.8127772,-0.5655500,0.8769613,-2.2121263,-9.3366489,2.0419562,-0.5689197,0.2665285,-0.1616439,0.7610283
gait_20260919_222211_andrew_fast_1,andrew_fast_1,2513584223078022,2026-09-19T22:22:27.347192Z,0.3167080,-11.0541792,-0.0136170,0.5990909,-0.7934920,0.7932088,-2.3281820,-9.2752419,2.1875947,-0.5632215,0.2644156,-0.1527331,0.7678141
gait_20260919_222211_andrew_fast_1,andrew_fast_1,2513584243270121,2026-09-19T22:22:27.367563Z,0.4581904,-12.0510645,0.8060978,0.6181930,-0.4376979,0.5632850,-2.4328499,-9.2130079,2.3319159,-0.5584558,0.2607053,-0.1424706,0.7745077
gait_20260919_222211_andrew_fast_1,andrew_fast_1,2513584263439635,2026-09-19T22:22:27.388305Z,0.0745943,-12.6698160,-0.2446575,0.8390404,1.2917101,0.1858742,-2.5123255,-9.1571178,2.4640529,-0.5528851,0.2597345,-0.1375983,0.7796941
gait_20260919_222211_andrew_fast_1,andrew_fast_1,2513584283607442,2026-09-19T22:22:27.408232Z,-0.0608277,-12.0221100,-1.2389245,0.4802986,3.0020828,0.0729441,-2.6177263,-9.1084929,2.5335693,-0.5438910,0.2715684,-0.1471002,0.7802529
gait_20260919_222211_andrew_fast_1,andrew_fast_1,2513584303776590,2026-09-19T22:22:27.427863Z,0.8448539,-11.0170689,-1.3122470,-0.2416315,3.8810925,0.1772975,-2.7939582,-9.0863552,2.4224081,-0.5356240,0.2970285,-0.1654639,0.7729831
gait_20260919_222211_andrew_fast_1,andrew_fast_1,2513584323944763,2026-09-19T22:22:27.448309Z,2.5627685,-10.5495262,-0.9935189,-0.7868304,4.3256521,0.2531227,-3.0137358,-9.0925913,2.1161954,-0.5308445,0.3298548,-0.1844213,0.7585439
gait_20260919_222211_andrew_fast_1,andrew_fast_1,2513584344115905,2026-09-19T22:22:27.468777Z,3.9194579,-10.9483099,-0.7666683,-1.2595515,3.0044644,0.0430170,-3.2231901,-9.1116447,1.6808021,-0.5283073,0.3654622,-0.2024954,0.7391376
gait_20260919_222211_andrew_fast_1,andrew_fast_1,2513584364303365,2026-09-19T22:22:27.488238Z,5.0365772,-12.4728184,-0.6218191,-1.6275861,0.6144625,-0.5094429,-3.2961690,-9.1539145,1.2558866,-0.5328572,0.3877137,-0.2117695,0.7217306
gait_20260919_222211_andrew_fast_1,andrew_fast_1,2513584384454202,2026-09-19T22:22:27.508659Z,5.8111763,-13.7907515,-0.4787655,-1.4601477,-1.5434006,-1.3691509,-3.1796012,-9.2329559,0.9374346,-0.5471223,0.3887610,-0.2106313,0.7107437
gait_20260919_222211_andrew_fast_1,andrew_fast_1,2513584404618713,2026-09-19T22:22:27.529396Z,4.2746224,-14.8160686,-0.7941267,-1.3729479,-1.3995608,-2.8678856,-2.8495030,-9.3544531,0.7814493,-0.5672143,0.3697640,-0.2062735,0.7063950
gait_20260919_222211_andrew_fast_1,andrew_fast_1,2513584424788431,2026-09-19T22:22:27.549058Z,1.0057892,-16.7101059,-1.2770822,-1.6314331,0.2185992,-4.3714004,-2.2232647,-9.5368786,0.5841082,-0.5910984,0.3451643,-0.2165859,0.6960998
gait_20260919_222211_andrew_fast_1,andrew_fast_1,2513584444958109,2026-09-19T22:22:27.569398Z,-1.1002853,-20.0732861,-0.8779238,-1.9983853,1.6649076,-5.1055045,-1.3292257,-9.7166224,0.2377529,-0.6170752,0.3246448,-0.2461130,0.6732402
gait_20260919_222211_andrew_fast_1,andrew_fast_1,2513584465125630,2026-09-19T22:22:27.589343Z,-4.1451859,-23.6833687,1.7319804,-1.7340212,1.9529368,-5.2242632,-0.3038851,-9.8033342,-0.1959529,-0.6429378,0.3081382,-0.2845717,0.6408595
gait_20260919_222211_andrew_fast_1,andrew_fast_1,2513584485295430,2026-09-19T22:22:27.609457Z,-8.2268515,-23.6594257,3.5961657,-0.4755523,1.6723518,-4.7205329,0.7376620,-9.7691917,-0.5048460,-0.6628073,0.2910689,-0.3252965,0.6083977
gait_20260919_222211_andrew_fast_1,andrew_fast_1,2513584505465107,2026-09-19T22:22:27.629653Z,-10.0787659,-18.4712658,1.9326445,0.8747463,1.3538293,-3.5900657,1.6494842,-9.6570930,-0.5058467,-0.6717411,0.2699495,-0.3623665,0.5870109
gait_20260919_222211_andrew_fast_1,andrew_fast_1,2513584525631693,2026-09-19T22:22:27.649884Z,-8.7389860,-12.3588696,-0.8797943,1.4150324,0.8484332,-2.1858251,2.3025568,-9.5328341,-0.2438532,-0.6692384,0.2507453,-0.3933465,0.5783817
gait_20260919_222211_andrew_fast_1,andrew_fast_1,2513584545800801,2026-09-19T22:22:27.670030Z,-6.1582608,-8.0158625,-3.0320320,1.1070516,0.1500517,-1.3182398,2.6705041,-9.4392385,0.0727250,-0.6624591,0.2361639,-0.4130250,0.5786061
gait_20260919_222211_andrew_fast_1,andrew_fast_1,2513584565969258,2026-09-19T22:22:27.691279Z,-4.6392894,-6.0716205,-1.3462148,0.2221131,-0.9769347,-1.2274261,2.8768878,-9.3753014,0.2516674,-0.6595921,0.2246955,-0.4214706,0.5803558
gait_20260919_222211_andrew_fast_1,andrew_fast_1,2513584586139505,2026-09-19T22:22:27.710576Z,-4.0846577,-4.8086791,1.5233856,-0.3073478,-2.1261041,-1.2804688,3.1096406,-9.3021889,0.1884783,-0.6670842,0.2092963,-0.4205405,0.5782210
gait_20260919_222211_andrew_fast_1,andrew_fast_1,2513584606288554,2026-09-19T22:22:27.730591Z,-3.5117702,-3.5536687,1.7312323,-0.1922693,-2.3269503,-1.1206579,3.3464692,-9.2215242,-0.0270937,-0.6812610,0.1890572,-0.4116026,0.5750862
gait_20260919_222211_andrew_fast_1,andrew_fast_1,2513584626450418,2026-09-19T22:22:27.750560Z,-2.9596074,-2.3745244,0.4477905,-0.0672818,-2.1810119,-0.8572764,3.5354195,-9.1482182,-0.2168645,-0.6936048,0.1688873,-0.4012881,0.5738966
gait_20260919_222211_andrew_fast_1,andrew_fast_1,2513584646648295,2026-09-19T22:22:27.770662Z,-3.2358384,-1.2102690,-0.8503157,-0.3116279,-2.3875871,-0.5990410,3.6646724,-9.0916328,-0.3853938,-0.7038805,0.1510946,-0.3903979,0.5738573
gait_20260919_222211_andrew_fast_1,andrew_fast_1,2513584666814473,2026-09-19T22:22:27.791636Z,-4.1625443,-0.6976105,0.1260697,-0.7685111,-2.2101731,-0.2696434,3.7333958,-9.0493393,-0.6382271,-0.7162727,0.1348789,-0.3754166,0.5725588
gait_20260919_222211_andrew_fast_1,andrew_fast_1,2513584686982239,2026-09-19T22:22:27.811832Z,-5.1905546,-0.2053028,1.7057191,-0.7817842,-1.2531564,0.0195850,3.7314537,-9.0227299,-0.9501117,-0.7291863,0.1244796,-0.3598957,0.5685660
gait_20260919_222211_andrew_fast_1,andrew_fast_1,2513584707150980,2026-09-19T22:22:27.832645Z,-5.4037881,-0.4914099,0.8624364,-0.2071080,-0.5321755,0.3201047,3.6897430,-9.0149879,-1.1627207,-0.7370622,0.1217969,-0.3505535,0.5648161
gait_20260919_222211_andrew_fast_1,andrew_fast_1,2513584727320862,2026-09-19T22:22:27.851490Z,-4.0128317,-2.6427498,-3.6808608,0.5700965,-0.7725580,0.7386340,3.6026812,-9.0440493,-1.2091347,-0.7385592,0.1225871,-0.3447381,0.5662671
gait_20260919_222211_andrew_fast_1,andrew_fast_1,2513584747490742,2026-09-19T22:22:27.872756Z,4.5847468,-8.5878515,-18.0062675,0.4885756,-1.1497523,1.1501353,3.4249249,-9.1209450,-1.1464665,-0.7365633,0.1216727,-0.3342175,0.5752990
gait_20260919_222211_andrew_fast_1,andrew_fast_1,2513584767659119,2026-09-19T22:22:27.892020Z,15.1149693,-15.5116587,-0.1369932,-0.2037106,-0.5543752,0.9748363,3.1777253,-9.2074089,-1.1669552,-0.7371058,0.1227105,-0.3189963,0.5829740
gait_20260919_222211_andrew_fast_1,andrew_fast_1,2513584787829773,2026-09-19T22:22:27.912077Z,14.9015112,-23.4458942,5.7837181,1.7151690,-0.2327550,0.2566367,3.0017056,-9.2600403,-1.2155362,-0.7380880,0.1268638,-0.3101590,0.5856050
gait_20260919_222211_andrew_fast_1,andrew_fast_1,2513584807997294,2026-09-19T22:22:27.932863Z,11.9769936,-20.5505562,-1.1063457,1.6419418,2.3193393,0.1394764,2.9764366,-9.3097734,-0.8396789,-0.7259336,0.1214657,-0.3117789,0.6008830
gait_20260919_222211_andrew_fast_1,andrew_fast_1,2513584828167542,2026-09-19T22:22:27.953046Z,7.6541882,-9.6437693,-0.6444144,-0.0530260,2.6726687,0.8102624,2.9737496,-9.3400660,-0.3950920,-0.7076894,0.1347893,-0.3323385,0.6087353
gait_20260919_222211_andrew_fast_1,andrew_fast_1,2513584848333110,2026-09-19T22:22:27.972841Z,2.9599066,-4.3988218,-1.6965911,-0.2351531,0.4046899,0.9492226,2.8203561,-9.3907528,-0.3089619,-0.6994785,0.1587786,-0.3450958,0.6053331
gait_20260919_222211_andrew_fast_1,andrew_fast_1,2513584868501120,2026-09-19T22:22:27.992704Z,-9.5701475,-15.4066877,-16.7934551,1.3415719,-0.2803685,0.1038704,2.6480269,-9.4404192,-0.3202874,-0.6983728,0.1651947,-0.3393108,0.6081565
gait_20260919_222211_andrew_fast_1,andrew_fast_1,2513584888672953,2026-09-19T22:22:28.012985Z,-6.6734633,-18.8798523,2.6153660,-1.2078245,1.2433639,-0.4424110,2.6460478,-9.4460640,-0.0802530,-0.6905653,0.1609100,-0.3413084,0.6170381
gait_20260919_222211_andrew_fast_1,andrew_fast_1,2513584908839376,2026-09-19T22:22:28.033952Z,-7.6428905,-13.5370407,5.6926637,-2.3813586,-0.6935019,-0.8966962,2.7484260,-9.4114275,-0.3275958,-0.6970433,0.1715952,-0.3511703,0.6011366
gait_20260919_222211_andrew_fast_1,andrew_fast_1,2513584929008687,2026-09-19T22:22:28.053835Z,-7.7513776,-8.6798038,6.4220719,-1.8881198,-1.0857847,-0.6515674,2.9088659,-9.3303366,-0.8481793,-0.7163439,0.1694077,-0.3467083,0.5813310
gait_20260919_222211_andrew_fast_1,andrew_fast_1,2513584949177186,2026-09-19T22:22:28.073761Z,-8.7829790,-11.3054209,7.3021655,-1.0250312,-0.5549914,0.0188522,2.9875841,-9.2612877,-1.2405710,-0.7308885,0.1663582,-0.3399440,0.5679480
gait_20260919_222211_andrew_fast_1,andrew_fast_1,2513584969344828,2026-09-19T22:22:28.093316Z,-7.8841062,-13.0754089,6.0220904,0.1103821,0.1941845,0.8439533,2.9410465,-9.2506886,-1.4181399,-0.7364377,0.1691243,-0.3351966,0.5627609
gait_20260919_222211_andrew_fast_1,andrew_fast_1,2513584989513734,2026-09-19T22:22:28.113677Z,-5.4441900,-11.4833393,3.9312792,0.9952040,0.3810080,1.5195689,2.7574258,-9.3191786,-1.3362693,-0.7313523,0.1785702,-0.3332588,0.5676048
gait_20260919_222211_andrew_fast_1,andrew_fast_1,2513585009683614,2026-09-19T22:22:28.133728Z,-3.6189108,-10.3334494,1.9686323,1.1660064,-0.0170536,1.9553850,2.4532249,-9.4343233,-1.1006106,-0.7201617,0.1900527,-0.3293794,0.5803071
gait_20260919_222211_andrew_fast_1,andrew_fast_1,2513585029853740,2026-09-19T22:22:28.154429Z,-2.2465842,-10.2563858,1.2651111,0.8160414,-0.8320291,2.1893222,2.0587134,-9.5508747,-0.8823966,-0.7095261,0.2005797,-0.3189503,0.5954926
gait_20260919_222211_andrew_fast_1,andrew_fast_1,2513585050022522,2026-09-19T22:22:28.174883Z,-1.3905823,-9.8132343,1.5809213,0.4934385,-1.4204116,2.2690613,1.5999137,-9.6481619,-0.7676988,-0.7028596,0.2095255,-0.3006966,0.6096466
gait_20260919_222211_andrew_fast_1,andrew_fast_1,2513585070188091,2026-09-19T22:22:28.194896Z,-0.8335563,-8.6793556,2.1374235,0.5504782,-1.6240555,2.3679187,0.9373803,-9.7501144,-0.5410239,-0.6924796,0.2203681,-0.2744341,0.6297586
gait_20260919_222211_andrew_fast_1,andrew_fast_1,2513585090359152,2026-09-19T22:22:28.215243Z,0.1248726,-6.7687821,2.6735003,1.3439535,-1.5929960,2.5117087,0.4455584,-9.7899551,-0.4408891,-0.6871322,0.2257913,-0.2497293,0.6438189
gait_20260919_222211_andrew_fast_1,andrew_fast_1,2513585110526714,2026-09-19T22:22:28.235308Z,0.6829460,-7.4183593,0.8888474,3.1576636,-1.6698704,2.3465686,-0.0629567,-9.8089552,-0.1287993,-0.6745229,0.2288525,-0.2259140,0.6645362
gait_20260919_222211_andrew_fast_1,andrew_fast_1,2513585130698141,2026-09-19T22:22:28.256342Z,0.7255179,-8.4498863,-0.6278794,3.7629998,-1.3904678,2.0086107,-0.5101541,-9.7805557,0.5626650,-0.6490577,0.2256899,-0.2074008,0.6962565
gait_20260919_222211_andrew_fast_1,andrew_fast_1,2513585150865011,2026-09-19T22:22:28.275568Z,0.5172972,-8.9672585,-1.1900679,3.1788640,-1.1881561,1.7094067,-0.8652453,-9.6816187,1.3242830,-0.6202056,0.2208864,-0.1934868,0.7274044
gait_20260919_222211_andrew_fast_1,andrew_fast_1,2513585171032207,2026-09-19T22:22:28.295526Z,0.1735048,-9.0723038,-1.0417770,2.1933026,-1.0681149,1.5944282,-1.1432424,-9.5512142,1.9244301,-0.5962682,0.2173946,-0.1817025,0.7511245
gait_20260919_222211_andrew_fast_1,andrew_fast_1,2513585191203675,2026-09-19T22:22:28.316216Z,0.1406593,-8.9368067,-0.1946785,1.4097531,-0.7119211,1.6258208,-1.3937544,-9.4301119,2.3165798,-0.5796987,0.2159441,-0.1687824,0.7673526
gait_20260919_222211_andrew_fast_1,andrew_fast_1,2513585211371684,2026-09-19T22:22:28.335642Z,0.2488473,-10.7540054,-1.5688754,1.9203118,3.0415194,1.1091334,-1.6730288,-9.3149490,2.5824077,-0.5661181,0.2204341,-0.1579993,0.7784314
gait_20260919_222211_andrew_fast_1,andrew_fast_1,2513585231539247,2026-09-19T22:22:28.356806Z,0.7728782,-11.5155115,-1.4359225,1.5333416,5.5071964,0.8654368,-2.0682793,-9.1703806,2.8040073,-0.5419002,0.2526496,-0.1758544,0.7820407
gait_20260919_222211_andrew_fast_1,andrew_fast_1,2513585251707052,2026-09-19T22:22:28.376907Z,0.9954641,-11.8565359,-1.2021885,0.5844355,4.8501167,1.0091434,-2.5490866,-9.0521641,2.7922373,-0.5175333,0.2997206,-0.2038555,0.7750934
gait_20260919_222211_andrew_fast_1,andrew_fast_1,2513585271877829,2026-09-19T22:22:28.396156Z,1.4128783,-12.4295731,-0.5467010,-0.0803551,2.9965372,1.2787534,-2.9899490,-8.9726439,2.6053774,-0.5006277,0.3409244,-0.2220466,0.7640929
gait_20260919_222211_andrew_fast_1,andrew_fast_1,2513585292045594,2026-09-19T22:22:28.416304Z,3.0334535,-12.5445690,-0.6321441,-0.0135230,0.6772810,1.6961836,-3.3608849,-8.8955641,2.4102941,-0.4906266,0.3686281,-0.2254659,0.7566796
gait_20260919_222211_andrew_fast_1,andrew_fast_1,2513585312213848,2026-09-19T22:22:28.436517Z,4.6570215,-12.1528931,-0.6232406,-0.1558806,-1.2046102,1.6292349,-3.6799750,-8.7736979,2.3908474,-0.4830361,0.3797438,-0.2146067,0.7592199
gait_20260919_222211_andrew_fast_1,andrew_fast_1,2513585332363343,2026-09-19T22:22:28.458030Z,6.4781861,-11.7211142,-2.0752492,-0.3437699,-0.9658266,1.2170841,-3.8816175,-8.6644278,2.4691777,-0.4809581,0.3771619,-0.1959538,0.7668313
gait_20260919_222211_andrew_fast_1,andrew_fast_1,2513585352550518,2026-09-19T22:22:28.476932Z,5.8423009,-10.8121405,-1.3321488,-1.2100728,0.7721583,0.4378645,-4.0328059,-8.5997944,2.4527822,-0.4808812,0.3783498,-0.1837014,0.7693234
gait_20260919_222211_andrew_fast_1,andrew_fast_1,2513585372719870,2026-09-19T22:22:28.497022Z,5.4638677,-10.8788786,0.0551415,-2.3047006,0.3857544,-0.6090167,-4.1178036,-8.6462393,2.1265857,-0.4885589,0.3901921,-0.1821314,0.7588733
gait_20260919_222211_andrew_fast_1,andrew_fast_1,2513585392889100,2026-09-19T22:22:28.517180Z,5.0394955,-12.7945395,0.9987562,-2.7519412,-0.2235787,-1.8523473,-3.9778507,-8.8110676,1.6667061,-0.5094916,0.3934179,-0.1814978,0.7434375
gait_20260919_222211_andrew_fast_1,andrew_fast_1,2513585413058900,2026-09-19T22:22:28.538610Z,4.4670568,-15.7552691,1.4618846,-2.1486535,0.1394265,-3.3409066,-3.5843072,-9.0541010,1.1883283,-0.5383993,0.3858649,-0.1859192,0.7257195
gait_20260919_222211_andrew_fast_1,andrew_fast_1,2513585433251812,2026-09-19T22:22:28.557436Z,2.3826797,-18.8641396,-0.0093524,-1.2589853,0.9406791,-4.9421296,-2.9076560,-9.3345728,0.8046113,-0.5656705,0.3719130,-0.2072716,0.7062125
gait_20260919_222211_andrew_fast_1,andrew_fast_1,2513585453395488,2026-09-19T22:22:28.577485Z,-0.6892308,-23.5954571,-0.7137714,-1.1631920,1.2374351,-5.9664946,-1.9205269,-9.6052856,0.5349451,-0.5898291,0.3522337,-0.2469636,0.6834047
gait_20260919_222211_andrew_fast_1,andrew_fast_1,2513585473565695,2026-09-19T22:22:28.597810Z,-4.4557590,-28.5746479,0.2364274,-1.3052998,1.3830901,-6.0213523,-0.7358619,-9.7786283,0.2702813,-0.6152278,0.3269291,-0.2918893,0.6552960
gait_20260919_222211_andrew_fast_1,andrew_fast_1,2513585493732524,2026-09-19T22:22:28.617874Z,-9.2467813,-27.8908787,3.6914849,-0.6441564,2.1940854,-5.2682962,0.4406988,-9.8000908,0.0116716,-0.6375298,0.3033772,-0.3362722,0.6232489
gait_20260919_222211_andrew_fast_1,andrew_fast_1,2513585513900087,2026-09-19T22:22:28.638097Z,-11.4211655,-20.6166210,1.1734581,0.8571765,3.0627863,-3.9304049,1.4381356,-9.7039766,-0.0267949,-0.6464772,0.2870429,-0.3818474,0.5948666
gait_20260919_222211_andrew_fast_1,andrew_fast_1,2513585534069927,2026-09-19T22:22:28.659017Z,-11.1981306,-12.0889978,-4.8860421,1.7184998,1.5435839,-2.5405531,2.1377270,-9.5693712,0.3055682,-0.6376067,0.2769804,-0.4265448,0.5786183
gait_20260919_222211_andrew_fast_1,andrew_fast_1,2513585554238750,2026-09-19T22:22:28.678534Z,-8.7312050,-7.3730187,-3.9047933,0.7093897,-1.3549783,-1.4327854,2.5584130,-9.4451752,0.6923063,-0.6286622,0.2613921,-0.4515475,0.5766827
gait_20260919_222211_andrew_fast_1,andrew_fast_1,2513585574409323,2026-09-19T22:22:28.699138Z,-6.5553241,-5.4680576,1.1337293,-0.6936851,-2.9704404,-0.8385741,2.8154216,-9.3730841,0.6743813,-0.6372722,0.2417905,-0.4488388,0.5778973
gait_20260919_222211_andrew_fast_1,andrew_fast_1,2513585594551251,2026-09-19T22:22:28.719541Z,-4.8555160,-3.5829976,2.4406643,-1.1887058,-3.4446936,-0.5419847,2.9806170,-9.3408804,0.3162642,-0.6581269,0.2233905,-0.4307034,0.5757259
gait_20260919_222211_andrew_fast_1,andrew_fast_1,2513585614748801,2026-09-19T22:22:28.738829Z,-2.9798832,-1.6108488,1.8518401,-1.1025552,-3.6094840,-0.4538023,3.0725372,-9.3155327,-0.1284128,-0.6808259,0.2059435,-0.4077035,0.5725743
gait_20260919_222211_andrew_fast_1,andrew_fast_1,2513585634913840,2026-09-19T22:22:28.759903Z,-1.8322377,0.1457470,0.6137387,-1.0022653,-3.4926069,-0.5541753,3.1239061,-9.2828560,-0.5531092,-0.7021577,0.1866303,-0.3829097,0.5705472
gait_20260919_222211_andrew_fast_1,andrew_fast_1,2513585655084738,2026-09-19T22:22:28.779551Z,-2.1990743,1.7548002,1.3147160,-1.0447161,-2.6525006,-0.6494024,3.1715341,-9.2339554,-0.9547586,-0.7214171,0.1677383,-0.3603989,0.5670397
gait_20260919_222211_andrew_fast_1,andrew_fast_1,2513585675250917,2026-09-19T22:22:28.799485Z,-4.1535659,1.3795840,2.4141784,-0.9424945,-1.0850519,-0.6203746,3.2350280,-9.1692820,-1.3019165,-0.7367391,0.1538160,-0.3452965,0.5606483
gait_20260919_222211_andrew_fast_1,andrew_fast_1,2513585695413148,2026-09-19T22:22:28.820340Z,-6.1470380,0.2667290,2.6734254,-0.4730875,0.2726078,-0.4689240,3.3192048,-9.1059942,-1.5165246,-0.7451213,0.1492016,-0.3421679,0.5526792
gait_20260919_222211_andrew_fast_1,andrew_fast_1,2513585715588889,2026-09-19T22:22:28.840496Z,-6.4065099,-0.9818472,2.0826561,0.2080406,0.7127538,-0.1080838,3.4041438,-9.0692034,-1.5483825,-0.7458775,0.1509345,-0.3479534,0.5475528
gait_20260919_222211_andrew_fast_1,andrew_fast_1,2513585735757020,2026-09-19T22:22:28.860289Z,-5.2393365,-2.3223009,-1.9194764,1.0313264,0.1563136,0.3846719,3.4237165,-9.0813055,-1.4297478,-0.7410461,0.1547381,-0.3547217,0.5487070
gait_20260919_222211_andrew_fast_1,andrew_fast_1,2513585755926332,2026-09-19T22:22:28.879953Z,6.0869584,-9.2166290,-27.4749603,1.3925163,-0.5910637,0.9365823,3.3246787,-9.1490431,-1.2155771,-0.7335928,0.1551817,-0.3540197,0.5589548
gait_20260919_222211_andrew_fast_1,andrew_fast_1,2513585776094422,2026-09-19T22:22:28.900303Z,18.9415779,-15.8937588,0.5686978,0.0521600,-0.1811612,0.5646173,3.1333628,-9.2366714,-1.0497851,-0.7276143,0.1560551,-0.3467328,0.5709647
gait_20260919_222211_andrew_fast_1,andrew_fast_1,2513585796263572,2026-09-19T22:22:28.920427Z,16.1964760,-23.5792198,8.5948095,2.3870542,0.1079340,-0.2780036,3.0498989,-9.2650537,-1.0454693,-0.7268314,0.1588959,-0.3439004,0.5728881
gait_20260919_222211_andrew_fast_1,andrew_fast_1,2513585816432394,2026-09-19T22:22:28.941143Z,10.5138378,-20.2370644,0.8471733,1.8825407,2.8536298,0.0650002,3.1282606,-9.2836914,-0.5130125,-0.7099457,0.1496912,-0.3539312,0.5901715
gait_20260919_222211_andrew_fast_1,andrew_fast_1,2513585836600120,2026-09-19T22:22:28.961327Z,6.2621841,-14.4660664,0.4596867,-0.7203314,2.8325460,1.1195254,3.1046045,-9.3057718,-0.0116962,-0.6879220,0.1656309,-0.3787441,0.5965590
gait_20260919_222211_andrew_fast_1,andrew_fast_1,2513585856769716,2026-09-19T22:22:28.981456Z,-2.4734349,-26.0778694,-10.8715458,0.7039106,2.8145766,0.7240951,2.8633273,-9.3826447,-0.0587964,-0.6812313,0.1968494,-0.3892895,0.5879013
gait_20260919_222211_andrew_fast_1,andrew_fast_1,2513585876939272,2026-09-19T22:22:29.001626Z,-4.8577604,-17.4326305,-4.1243863,1.1677219,2.2736578,-0.6201248,2.7575915,-9.4095087,0.3048651,-0.6615933,0.2153530,-0.4097948,0.5899030
gait_20260919_222211_andrew_fast_1,andrew_fast_1,2513585897107363,2026-09-19T22:22:29.021759Z,-5.2997899,-7.0296755,1.7482162,-1.3697170,-0.2952238,-0.7825170,2.8827713,-9.3582296,0.5910164,-0.6490985,0.2192233,-0.4303017,0.5877523
gait_20260919_222211_andrew_fast_1,andrew_fast_1,2513585917275575,2026-09-19T22:22:29.042831Z,-4.8424973,-3.0643537,4.3129301,-2.1342313,-1.3434039,-0.7444628,3.0163603,-9.3320293,0.2257250,-0.6633071,0.2195658,-0.4273631,0.5737382
gait_20260919_222211_andrew_fast_1,andrew_fast_1,2513585937444684,2026-09-19T22:22:29.061688Z,-7.8247747,-5.5745244,7.3514709,-1.7943250,-1.4022088,-0.5001834,3.1443453,-9.2883682,-0.2746335,-0.6830763,0.2173168,-0.4178745,0.5581766
gait_20260919_222211_andrew_fast_1,andrew_fast_1,2513585957614768,2026-09-19T22:22:29.081971Z,-10.4791965,-12.4202957,7.0951419,-0.6688708,-0.5226328,0.3695835,3.2015057,-9.2489510,-0.6658646,-0.6980926,0.2157885,-0.4085473,0.5469838
gait_20260919_222211_andrew_fast_1,andrew_fast_1,2513585977780540,2026-09-19T22:22:29.101868Z,-9.7194862,-15.7819786,5.5588875,0.5108419,0.1382940,1.5769416,3.0822139,-9.2816725,-0.7658993,-0.7000983,0.2212448,-0.4029526,0.5463902
gait_20260919_222211_andrew_fast_1,andrew_fast_1,2513585997951479,2026-09-19T22:22:29.122810Z,-6.1366382,-13.2513075,3.5856912,1.0595881,0.3584253,2.2330055,2.7415950,-9.3989391,-0.6162103,-0.6905162,0.2338923,-0.3973294,0.5573249
gait_20260919_222211_andrew_fast_1,andrew_fast_1,2513586018119692,2026-09-19T22:22:29.143141Z,-4.1189995,-10.1238823,2.4219594,1.1373785,-0.1740833,2.2549222,2.2980525,-9.5294857,-0.3794478,-0.6764699,0.2487725,-0.3903365,0.5728335
gait_20260919_222211_andrew_fast_1,andrew_fast_1,2513586038288108,2026-09-19T22:22:29.163202Z,-2.8119152,-8.2344828,1.8751837,1.0518440,-0.7329883,2.2532899,1.8552430,-9.6315060,-0.1682019,-0.6644883,0.2593854,-0.3792074,0.5893864
gait_20260919_222211_andrew_fast_1,andrew_fast_1,2513586058456159,2026-09-19T22:22:29.183221Z,-1.7170916,-6.9514151,1.5845875,1.0299608,-0.8850384,2.3194392,1.4059882,-9.7087183,0.0107685,-0.6545734,0.2672162,-0.3641274,0.6062512
gait_20260919_222211_andrew_fast_1,andrew_fast_1,2513586078624900,2026-09-19T22:22:29.203868Z,-0.9772832,-5.8536735,1.3456910,1.1928859,-0.7762385,2.4731715,0.9444897,-9.7624674,0.1957493,-0.6442266,0.2748411,-0.3479793,0.6231732
gait_20260919_222211_andrew_fast_1,andrew_fast_1,2513586098793765,2026-09-19T22:22:29.223271Z,-0.0120458,-5.5309801,1.1220576,1.7102561,-0.8313629,2.7312403,0.4520243,-9.7900829,0.4313956,-0.6311783,0.2833138,-0.3319530,0.6412133
gait_20260919_222211_andrew_fast_1,andrew_fast_1,2513586118966249,2026-09-19T22:22:29.243324Z,0.9513959,-7.0363345,0.1473930,2.4052403,-1.0412354,2.8285491,-0.0862862,-9.7775393,0.7927263,-0.6131771,0.2903959,-0.3150096,0.6636664
gait_20260919_222211_andrew_fast_1,andrew_fast_1,2513586139134626,2026-09-19T22:22:29.263479Z,1.0877906,-8.4468937,-0.3906290,2.3575768,-1.1113150,2.4445267,-0.6145483,-9.7054415,1.2895210,-0.5905584,0.2937409,-0.2982272,0.6899404
gait_20260919_222211_andrew_fast_1,andrew_fast_1,2513586159301617,2026-09-19T22:22:29.283628Z,0.6994810,-9.2092218,-0.3711013,1.8710330,-1.1979153,1.9836799,-1.0365070,-9.5956850,1.7562979,-0.5699385,0.2940208,-0.2833991,0.7130265
gait_20260919_222211_andrew_fast_1,andrew_fast_1,2513586179471784,2026-09-19T22:22:29.303964Z,0.6499509,-10.6537485,1.8258780,1.5886493,-1.1192757,1.7125211,-1.3248417,-9.4926167,2.0907247,-0.5553908,0.2920023,-0.2697729,0.7304097
gait_20260919_222211_andrew_fast_1,andrew_fast_1,2513586199638287,2026-09-19T22:22:29.324084Z,1.1205612,-12.4508963,0.8219594,2.9954545,0.2442628,1.5502954,-1.5923737,-9.3691683,2.4329286,-0.5404232,0.2902527,-0.2581349,0.7463662
gait_20260919_222211_andrew_fast_1,andrew_fast_1,2513586219806867,2026-09-19T22:22:29.344754Z,1.7468694,-12.0925894,-1.7397616,3.2503426,2.4454095,1.4079710,-1.9083383,-9.1394806,3.0106912,-0.5092414,0.2955785,-0.2608407,0.7650286
gait_20260919_222211_andrew_fast_1,andrew_fast_1,2513586239975364,2026-09-19T22:22:29.364847Z,1.7495629,-12.0320606,-1.9225440,1.8871706,3.1603281,1.2473608,-2.3401749,-8.8750677,3.4630733,-0.4723083,0.3165377,-0.2752227,0.7752298
gait_20260919_222211_andrew_fast_1,andrew_fast_1,2513586260118512,2026-09-19T22:22:29.385313Z,2.0233998,-12.9610109,-1.2401216,0.2272758,2.6267538,1.1913871,-2.7814021,-8.7016077,3.5751824,-0.4460920,0.3437957,-0.2876259,0.7746469
gait_20260919_222211_andrew_fast_1,andrew_fast_1,2513586280313092,2026-09-19T22:22:29.405368Z,3.4381485,-14.6816940,0.3964648,-0.1969158,2.8955646,1.5068454,-3.1622951,-8.6379871,3.4089873,-0.4343443,0.3697876,-0.2911070,0.7680227
gait_20260919_222211_andrew_fast_1,andrew_fast_1,2513586300481305,2026-09-19T22:22:29.425453Z,5.6967034,-14.2255983,-1.5848119,0.4166807,3.3270338,1.6934856,-3.6294641,-8.5438738,3.1725924,-0.4197617,0.4011939,-0.2933575,0.7594636
gait_20260919_222211_andrew_fast_1,andrew_fast_1,2513586320650535,2026-09-19T22:22:29.445485Z,6.5084877,-12.9224796,-2.4778490,-0.2617494,2.1374121,0.7760386,-4.1087060,-8.3918209,2.9886425,-0.3987814,0.4326503,-0.2982704,0.7515464
gait_20260919_222211_andrew_fast_1,andrew_fast_1,2513586340818504,2026-09-19T22:22:29.465381Z,6.7013707,-11.4307423,-2.0584149,-1.2813681,1.7456956,-0.2529229,-4.3131323,-8.3714895,2.7479401,-0.3925670,0.4518508,-0.3017766,0.7420600
gait_20260919_222211_andrew_fast_1,andrew_fast_1,2513586360987571,2026-09-19T22:22:29.486031Z,5.8884645,-12.2384109,-0.7036709,-2.0408194,1.3475507,-1.3605740,-4.3153176,-8.4915142,2.3469837,-0.3993515,0.4680516,-0.3071889,0.7260035
gait_20260919_222211_andrew_fast_1,andrew_fast_1,2513586381157331,2026-09-19T22:22:29.506214Z,4.9970732,-14.4681606,-0.1898153,-2.0283623,-0.0987244,-2.5735114,-4.0840554,-8.7211103,1.8705196,-0.4174377,0.4779893,-0.3155517,0.7054780
gait_20260919_222211_andrew_fast_1,andrew_fast_1,2513586401325421,2026-09-19T22:22:29.525851Z,3.9187844,-18.2192020,-0.5680992,-1.6764487,-1.2558377,-3.8942325,-3.5613298,-9.0096302,1.5426100,-0.4449914,0.4705352,-0.3261384,0.6886312
gait_20260919_222211_andrew_fast_1,andrew_fast_1,2513586421512149,2026-09-19T22:22:29.545596Z,0.9505729,-21.0721912,-1.0533739,-1.6592119,-0.3712655,-5.3648057,-2.7459664,-9.3238745,1.3270847,-0.4785390,0.4488123,-0.3433559,0.6720675
gait_20260919_222211_andrew_fast_1,andrew_fast_1,2513586441662132,2026-09-19T22:22:29.565761Z,-2.0248213,-25.7504616,-0.9697265,-2.2988384,0.4540187,-6.2024302,-1.6642311,-9.6148558,1.0104523,-0.5140305,0.4269944,-0.3742171,0.6429698
gait_20260919_222211_andrew_fast_1,andrew_fast_1,2513586461830915,2026-09-19T22:22:29.586057Z,-6.1893106,-29.9599934,2.6832268,-2.6967502,1.5295446,-6.2011814,-0.4375355,-9.7863951,0.5207173,-0.5521510,0.4081647,-0.4087880,0.6011850
gait_20260919_222211_andrew_fast_1,andrew_fast_1,2513586481998598,2026-09-19T22:22:29.606226Z,-10.2622223,-25.8006649,7.9965587,-1.2394170,3.4312041,-5.2506433,0.7675219,-9.7799273,0.0060814,-0.5833918,0.3965656,-0.4459958,0.5508879
gait_20260919_222211_andrew_fast_1,andrew_fast_1,2513586502167829,2026-09-19T22:22:29.627313Z,-10.9773397,-17.7740288,4.3657517,0.9370819,3.3328626,-3.5295119,1.7480290,-9.6527843,-0.0652966,-0.5890166,0.3926100,-0.4928380,0.5059918
gait_20260919_222211_andrew_fast_1,andrew_fast_1,2513586522323957,2026-09-19T22:22:29.646665Z,-9.6053877,-9.4998178,-3.2978632,1.8856550,1.0253476,-2.0456157,2.3520532,-9.5186081,0.3163161,-0.5776718,0.3844736,-0.5336333,0.4834365
gait_20260919_222211_andrew_fast_1,andrew_fast_1,2513586542505964,2026-09-19T22:22:29.666782Z,-7.0653639,-4.5906572,-6.0467811,0.9972525,-1.4773346,-1.4723051,2.6845474,-9.4085674,0.7128755,-0.5709442,0.3679248,-0.5542695,0.4810814
gait_20260919_222211_andrew_fast_1,andrew_fast_1,2513586562673810,2026-09-19T22:22:29.687641Z,-6.2778959,-3.3543513,-1.0268133,-0.7087902,-3.2482276,-1.1916368,2.8527362,-9.3641024,0.6415536,-0.5836542,0.3535047,-0.5489902,0.4826925
gait_20260919_222211_andrew_fast_1,andrew_fast_1,2513586582844384,2026-09-19T22:22:29.707230Z,-4.4771571,-2.0898387,1.7181391,-1.5911640,-4.2132716,-0.7330883,3.0847590,-9.3092642,0.2407632,-0.6103876,0.3373508,-0.5311406,0.4811560
gait_20260919_222211_andrew_fast_1,andrew_fast_1,2513586603011986,2026-09-19T22:22:29.727935Z,-2.6570401,-0.6965631,1.9578584,-1.8189394,-5.2030630,-0.4013758,3.1901469,-9.2699070,-0.3576113,-0.6426023,0.3230797,-0.5021458,0.4801368
gait_20260919_222211_andrew_fast_1,andrew_fast_1,2513586623181338,2026-09-19T22:22:29.748156Z,-1.9979613,0.8953566,2.1431098,-1.7967231,-4.9488745,-0.2691438,3.1701374,-9.2253294,-1.0390769,-0.6773960,0.3062010,-0.4640108,0.4817359
gait_20260919_222211_andrew_fast_1,andrew_fast_1,2513586643351056,2026-09-19T22:22:29.769032Z,-2.6141689,2.3843255,4.3762264,-1.5176537,-2.8032186,-0.2828999,3.0815148,-9.1637249,-1.6632959,-0.7070794,0.2915556,-0.4282270,0.4813062
gait_20260919_222211_andrew_fast_1,andrew_fast_1,2513586663518334,2026-09-19T22:22:29.789267Z,-4.3600659,2.4840591,4.5988874,-0.9307035,-0.0182360,-0.4453421,3.0467818,-9.0936184,-2.0638187,-0.7234975,0.2867022,-0.4105617,0.4751761
gait_20260919_222211_andrew_fast_1,andrew_fast_1,2513586683686343,2026-09-19T22:22:29.808142Z,-5.4950671,0.8925135,3.6012535,0.0595377,1.5814714,-0.5701964,3.1486893,-9.0332632,-2.1730249,-0.7256275,0.2909916,-0.4154267,0.4649832
gait_20260919_222211_andrew_fast_1,andrew_fast_1,2513586703856428,2026-09-19T22:22:29.828146Z,-6.5203838,-1.0120740,0.1329530,0.8857879,1.2059425,-0.5159213,3.3225179,-9.0096741,-2.0056927,-0.7174156,0.2964799,-0.4333724,0.4578240
gait_20260919_222211_andrew_fast_1,andrew_fast_1,2513586724023664,2026-09-19T22:22:29.848333Z,-3.2701054,-6.8847513,-23.3950176,1.5776244,-0.8112950,0.1162776,3.4366770,-9.0203342,-1.7489941,-0.7085802,0.2956922,-0.4471415,0.4588515
gait_20260919_222211_andrew_fast_1,andrew_fast_1,2513586744193057,2026-09-19T22:22:29.868871Z,15.3827457,-15.5107613,-13.8960962,-0.2372349,-3.1435244,0.8345771,3.3443108,-9.0899382,-1.5571463,-0.7050872,0.2876486,-0.4431577,0.4729923
gait_20260919_222211_andrew_fast_1,andrew_fast_1,2513586764361432,2026-09-19T22:22:29.888422Z,18.2912521,-22.4570141,8.2044058,2.1223238,-1.8125943,0.8855048,3.0512342,-9.1425743,-1.8274181,-0.7174324,0.2815186,-0.4147672,0.4837420
gait_20260919_222211_andrew_fast_1,andrew_fast_1,2513586784535627,2026-09-19T22:22:29.908821Z,12.3893957,-22.3795013,1.0832267,2.4570005,3.1341650,0.4388804,2.8584967,-9.2755699,-1.4244022,-0.7063993,0.2732242,-0.4108750,0.5074746
gait_20260919_222211_andrew_fast_1,andrew_fast_1,2513586804702904,2026-09-19T22:22:29.928988Z,7.5502648,-11.7670527,1.4668226,-0.0119408,5.0554762,1.0104257,2.8603597,-9.3527756,-0.7616010,-0.6750370,0.2894357,-0.4446478,0.5126796
gait_20260919_222211_andrew_fast_1,andrew_fast_1,2513586824868350,2026-09-19T22:22:29.949179Z,2.8151324,-4.9622822,2.6452188,-0.9661430,2.5053635,1.4290882,2.7165601,-9.4097223,-0.5599428,-0.6492960,0.3269722,-0.4731316,0.4976448
gait_20260919_222211_andrew_fast_1,andrew_fast_1,2513586845035830,2026-09-19T22:22:29.969865Z,-8.5029325,-15.7922297,-16.9592533,2.5571239,-0.1820938,0.6883059,2.4642987,-9.4781713,-0.5724009,-0.6379711,0.3491254,-0.4766733,0.4938492
gait_20260919_222211_andrew_fast_1,andrew_fast_1,2513586865206078,2026-09-19T22:22:29.990414Z,-4.7628903,-23.7047672,1.9595045,-0.5542253,2.1905713,0.2582521,2.3339474,-9.5281000,-0.0641054,-0.6205520,0.3434579,-0.4848417,0.5117425
gait_20260919_222211_andrew_fast_1,andrew_fast_1,2513586885374087,2026-09-19T22:22:30.010486Z,-6.9879265,-16.7757225,5.3549314,-1.8375086,-1.2640480,-0.7227461,2.3087456,-9.5327873,-0.1782635,-0.6139826,0.3628001,-0.4950883,0.4962752
gait_20260919_222211_andrew_fast_1,andrew_fast_1,2513586905545108,2026-09-19T22:22:30.030444Z,-6.6561050,-10.1923409,5.3903956,-1.3141097,-1.5458322,-0.6081840,2.4479864,-9.4790077,-0.6260164,-0.6333866,0.3611822,-0.4833834,0.4844682
gait_20260919_222211_andrew_fast_1,andrew_fast_1,2513586925710065,2026-09-19T22:22:30.049857Z,-8.1801643,-13.0846119,6.3291469,-0.7309065,-0.9140329,0.1043201,2.5194850,-9.4354992,-0.9271816,-0.6468727,0.3588485,-0.4738036,0.4778009
gait_20260919_222211_andrew_fast_1,andrew_fast_1,2513586945880110,2026-09-19T22:22:30.070230Z,-6.6665797,-12.9732809,4.8126445,0.1756654,-0.3419713,1.2073414,2.4428537,-9.4402246,-1.0727243,-0.6507377,0.3624081,-0.4671630,0.4764028
gait_20260919_222211_andrew_fast_1,andrew_fast_1,2513586966047225,2026-09-19T22:22:30.090466Z,-4.2679639,-10.3432503,3.3092356,0.7865806,-0.2609833,1.9415954,2.1605945,-9.5151529,-1.0148016,-0.6434746,0.3713592,-0.4617844,0.4845494
gait_20260919_222211_andrew_fast_1,andrew_fast_1,2513586986210554,2026-09-19T22:22:30.110658Z,-2.5627685,-8.3285303,2.5381532,0.9661097,-0.7201481,2.1863246,1.7532353,-9.6143093,-0.8528562,-0.6310719,0.3815636,-0.4549890,0.4991417
gait_20260919_222211_andrew_fast_1,andrew_fast_1,2513587006363468,2026-09-19T22:22:30.130904Z,-1.8136826,-7.6496239,2.4716392,1.0108254,-1.1476872,2.1243222,1.2839022,-9.7029886,-0.6630974,-0.6188959,0.3893993,-0.4443249,0.5176016
gait_20260919_222211_andrew_fast_1,andrew_fast_1,2513587026530297,2026-09-19T22:22:30.150578Z,-1.2825439,-6.9704938,2.0489876,1.1936520,-1.0384709,2.1238225,0.8511219,-9.7610970,-0.4823658,-0.6070643,0.3964138,-0.4340786,0.5347008
gait_20260919_222211_andrew_fast_1,andrew_fast_1,2513587046722599,2026-09-19T22:22:30.170818Z,-0.6769605,-5.9533319,1.5677532,1.4557345,-0.7263767,2.2139368,0.4198129,-9.7978878,-0.2475615,-0.5942831,0.4009180,-0.4235475,0.5538049
gait_20260919_222211_andrew_fast_1,andrew_fast_1,2513587066892154,2026-09-19T22:22:30.191493Z,0.1063175,-5.0252795,1.2700492,1.8128442,-0.4361158,2.2497094,-0.0240271,-9.8098364,0.0513365,-0.5777216,0.4062462,-0.4154329,0.5732517
gait_20260919_222211_andrew_fast_1,andrew_fast_1,2513587087061507,2026-09-19T22:22:30.211809Z,0.8072200,-5.0659065,0.4715081,2.3298812,-0.3615063,2.0907812,-0.4653507,-9.7894812,0.4308676,-0.5572067,0.4111120,-0.4102843,0.5934429
gait_20260919_222211_andrew_fast_1,andrew_fast_1,2513587107229801,2026-09-19T22:22:30.232228Z,0.6034136,-5.9313354,-0.3592799,2.4788005,-0.4307199,1.6657069,-0.8590744,-9.7297754,0.9108227,-0.5338879,0.4122645,-0.4084026,0.6149870
gait_20260919_222211_andrew_fast_1,andrew_fast_1,2513587127399845,2026-09-19T22:22:30.251521Z,-0.0257377,-6.8913355,-0.5363760,2.1638584,-0.5090765,1.3218371,-1.1547663,-9.6406116,1.4004446,-0.5120269,0.4096598,-0.4088545,0.6347011
gait_20260919_222211_andrew_fast_1,andrew_fast_1,2513587147567285,2026-09-19T22:22:30.271634Z,-0.1869722,-8.5336828,0.1912369,1.8277161,-0.3673019,1.2716755,-1.3831416,-9.5408602,1.8152229,-0.4937784,0.4061965,-0.4091486,0.6509875
gait_20260919_222211_andrew_fast_1,andrew_fast_1,2513587167736068,2026-09-19T22:22:30.291948Z,0.3973626,-10.9892359,0.2076970,2.3137603,0.0138227,1.2913604,-1.6110039,-9.4308128,2.1680744,-0.4763864,0.4047447,-0.4091803,0.6646874
gait_20260919_222211_andrew_fast_1,andrew_fast_1,2513587187903303,2026-09-19T22:22:30.313094Z,1.4778210,-12.4721451,-2.1483471,2.7167349,1.5721120,1.2368522,-1.8593439,-9.2696371,2.6177816,-0.4525887,0.4035107,-0.4135972,0.6791760
gait_20260919_222211_andrew_fast_1,andrew_fast_1,2513587208072371,2026-09-19T22:22:30.332397Z,1.6892589,-12.5029697,-3.2457893,1.9279060,4.2594194,0.9152653,-2.1945584,-9.0680418,3.0316091,-0.4189939,0.4128979,-0.4278407,0.6862302
gait_20260919_222211_andrew_fast_1,andrew_fast_1,2513587228242985,2026-09-19T22:22:30.352503Z,1.0665420,-12.9720097,-2.8545618,0.5536924,4.4967208,0.7293744,-2.6359420,-8.9225769,3.1105549,-0.3813874,0.4423453,-0.4506895,0.6750951
gait_20260919_222211_andrew_fast_1,andrew_fast_1,2513587248412215,2026-09-19T22:22:30.372685Z,1.3741970,-13.5630026,-2.2156839,-0.3765948,2.5267305,0.9791330,-3.0280697,-8.8663158,2.9078083,-0.3541535,0.4746366,-0.4660428,0.6573427
gait_20260919_222211_andrew_fast_1,andrew_fast_1,2513587268577986,2026-09-19T22:22:30.392930Z,2.5362077,-13.3141556,-1.8006642,-0.7531562,-0.1007728,1.4654770,-3.3287137,-8.8301506,2.6803453,-0.3407485,0.4958187,-0.4665320,0.6483843
gait_20260919_222211_andrew_fast_1,andrew_fast_1,2513587288749699,2026-09-19T22:22:30.413126Z,4.0762033,-13.5470667,-1.6490064,-1.2494259,-1.7755727,1.6158285,-3.5653644,-8.7711487,2.5673428,-0.3392413,0.5026594,-0.4530139,0.6534733
gait_20260919_222211_andrew_fast_1,andrew_fast_1,2513587308915755,2026-09-19T22:22:30.433049Z,6.0928693,-13.5476656,-1.3938743,-1.6800792,-0.7069582,1.3381412,-3.7443027,-8.7237282,2.4724243,-0.3466729,0.5026494,-0.4315974,0.6639919
gait_20260919_222211_andrew_fast_1,andrew_fast_1,2513587329084416,2026-09-19T22:22:30.453140Z,7.3497505,-13.5930052,0.0234183,-2.5074618,0.1819772,0.2815010,-3.9291420,-8.7183332,2.1882966,-0.3525077,0.5129471,-0.4154426,0.6633484
gait_20260919_222211_andrew_fast_1,andrew_fast_1,2513587349256860,2026-09-19T22:22:30.473275Z,6.8064160,-14.8535528,1.2415432,-3.0195694,-0.0649003,-1.2769548,-3.9353745,-8.8242664,1.6974223,-0.3669261,0.5270380,-0.4050723,0.6507785
gait_20260919_222211_andrew_fast_1,andrew_fast_1,2513587369424260,2026-09-19T22:22:30.493582Z,5.9211602,-17.1239300,1.1119571,-2.3508153,0.7945911,-2.9030588,-3.6384964,-9.0369806,1.1534522,-0.3931203,0.5344617,-0.4018583,0.6311236
gait_20260919_222211_andrew_fast_1,andrew_fast_1,2513587389590966,2026-09-19T22:22:30.514606Z,3.5279310,-19.2508774,-0.2254291,-1.7415155,1.4890922,-4.6627936,-3.0495517,-9.2989912,0.6820019,-0.4180777,0.5378931,-0.4169067,0.6017234
gait_20260919_222211_andrew_fast_1,andrew_fast_1,2513587409760279,2026-09-19T22:22:30.533914Z,0.4608090,-22.4876900,-0.2807950,-1.9068221,1.3556778,-6.0613384,-2.1086576,-9.5766249,0.2791667,-0.4458244,0.5345055,-0.4466035,0.5622186
gait_20260919_222211_andrew_fast_1,andrew_fast_1,2513587429931136,2026-09-19T22:22:30.554167Z,-4.3094883,-27.2366638,1.4305356,-1.8010366,1.3568935,-6.6404948,-0.8814160,-9.7693014,-0.1413550,-0.4813629,0.5234752,-0.4790085,0.5146011
gait_20260919_222211_andrew_fast_1,andrew_fast_1,2513587450096989,2026-09-19T22:22:30.574853Z,-10.2955160,-27.4864826,3.7723641,-0.5244481,2.3690014,-5.9725065,0.4459084,-9.7881432,-0.4791071,-0.5149540,0.5075526,-0.5125826,0.4631111
gait_20260919_222211_andrew_fast_1,andrew_fast_1,2513587470266097,2026-09-19T22:22:30.594512Z,-11.5721493,-20.8580608,3.5509005,0.8914835,3.8719995,-4.0390549,1.5942966,-9.6681519,-0.4703021,-0.5286183,0.4925427,-0.5525713,0.4154868
gait_20260919_222211_andrew_fast_1,andrew_fast_1,2513587490432967,2026-09-19T22:22:30.615113Z,-11.1765823,-11.7704191,-5.0410666,2.0618367,2.9310040,-2.3506155,2.3194165,-9.5315361,-0.0791343,-0.5163354,0.4848133,-0.5960562,0.3782470
gait_20260919_222211_andrew_fast_1,andrew_fast_1,2513587510606022,2026-09-19T22:22:30.635385Z,-8.3260612,-6.7856913,-5.9492173,1.3148091,-0.9632119,-1.4782505,2.6971529,-9.4207697,0.4588562,-0.5007246,0.4725038,-0.6285268,0.3618965
gait_20260919_222211_andrew_fast_1,andrew_fast_1,2513587530758122,2026-09-19T22:22:30.655712Z,-6.8971715,-5.0484734,-0.3377321,-0.4603806,-3.7041450,-1.0336080,2.9605918,-9.3360376,0.5562673,-0.5119703,0.4551437,-0.6310849,0.3639541
gait_20260919_222211_andrew_fast_1,andrew_fast_1,2513587550940535,2026-09-19T22:22:30.676708Z,-5.0383730,-3.2226703,2.3239470,-1.4751363,-4.6441245,-0.4813145,3.1544175,-9.2876520,0.1590220,-0.5427209,0.4421668,-0.6106977,0.3701227
gait_20260919_222211_andrew_fast_1,andrew_fast_1,2513587571109440,2026-09-19T22:22:30.695380Z,-2.9741971,-1.4526819,2.6621277,-1.8184233,-5.3830585,0.0045132,3.1978943,-9.2632761,-0.4486668,-0.5773421,0.4340281,-0.5792761,0.3778029
gait_20260919_222211_andrew_fast_1,andrew_fast_1,2513587591278060,2026-09-19T22:22:30.715965Z,-1.1504139,0.2629881,1.6722751,-1.8664697,-5.6698050,0.2717418,3.0820522,-9.2435036,-1.1378553,-0.6132692,0.4261133,-0.5393664,0.3891175
gait_20260919_222211_andrew_fast_1,andrew_fast_1,2513587611447087,2026-09-19T22:22:30.736126Z,-0.7619547,1.4718355,2.7225814,-1.7101063,-4.3324466,0.2762550,2.8506584,-9.2104139,-1.8105694,-0.6467334,0.4178456,-0.4963274,0.4009988
gait_20260919_222211_andrew_fast_1,andrew_fast_1,2513587631597721,2026-09-19T22:22:30.757167Z,-2.0557215,1.6439936,4.3886466,-1.3089303,-1.8236692,0.0595044,2.6349459,-9.1579676,-2.3291192,-0.6698817,0.4137325,-0.4636974,0.4062865
gait_20260919_222211_andrew_fast_1,andrew_fast_1,2513587651783757,2026-09-19T22:22:30.777155Z,-3.3562219,0.9651626,5.8190322,-0.5824537,0.8980618,-0.3113781,2.5652184,-9.1014347,-2.6114426,-0.6791456,0.4163113,-0.4513741,0.4021288
gait_20260919_222211_andrew_fast_1,andrew_fast_1,2513587671951400,2026-09-19T22:22:30.796731Z,-4.5770402,-0.3923498,4.1765351,0.6502017,2.4558680,-0.5350400,2.7029803,-9.0643988,-2.6012931,-0.6741701,0.4235381,-0.4623681,0.3902895
gait_20260919_222211_andrew_fast_1,andrew_fast_1,2513587692120956,2026-09-19T22:22:30.816362Z,-5.9200377,-2.5362077,-1.7350481,1.9547021,1.2902945,-0.3060821,2.9223340,-9.0826235,-2.2807996,-0.6587710,0.4281337,-0.4873649,0.3810483
gait_20260919_222211_andrew_fast_1,andrew_fast_1,2513587712289738,2026-09-19T22:22:30.836627Z,5.4095492,-11.2750444,-38.5646057,2.3434708,-2.1155121,0.4126671,2.9898119,-9.1631145,-1.8260657,-0.6451634,0.4218072,-0.5047062,0.3887347
gait_20260919_222211_andrew_fast_1,andrew_fast_1,2513587732457544,2026-09-19T22:22:30.856809Z,12.4490261,-15.6310692,-1.6513258,0.7784535,-3.6973333,0.8522969,2.8061724,-9.2560673,-1.6391231,-0.6481306,0.4063048,-0.4938827,0.4134286
gait_20260919_222211_andrew_fast_1,andrew_fast_1,2513587752626815,2026-09-19T22:22:30.878229Z,12.1701012,-19.2831249,6.5161190,2.3409061,0.8777274,0.2522734,2.5306928,-9.3259420,-1.6907207,-0.6569707,0.3959579,-0.4718864,0.4346608
gait_20260919_222211_andrew_fast_1,andrew_fast_1,2513587772794459,2026-09-19T22:22:30.897140Z,7.5608144,-16.8678989,2.5781810,1.6863410,3.6595790,0.0803884,2.5551202,-9.4049835,-1.1197301,-0.6352671,0.3943876,-0.4943517,0.4432952
gait_20260919_222211_andrew_fast_1,andrew_fast_1,2513587792963810,2026-09-19T22:22:30.917362Z,4.2323499,-10.6903353,0.9192238,-0.4399462,2.2053101,0.8606738,2.6021514,-9.4368057,-0.6415899,-0.6068048,0.4072644,-0.5257547,0.4353225
gait_20260919_222211_andrew_fast_1,andrew_fast_1,2513587813133082,2026-09-19T22:22:30.937413Z,-0.1853262,-18.3931561,-0.9014170,-1.1497190,1.1007898,1.2751895,2.4324427,-9.4778166,-0.7002354,-0.5947234,0.4277468,-0.5305924,0.4263901
gait_20260919_222211_andrew_fast_1,andrew_fast_1,2513587833302271,2026-09-19T22:22:30.957649Z,-1.8501942,-26.1289711,0.8303391,1.5557745,4.9483914,-0.6894717,2.2504995,-9.5168858,-0.7747719,-0.5816322,0.4491908,-0.5350954,0.4166588
gait_20260919_222211_andrew_fast_1,andrew_fast_1,2513587853470728,2026-09-19T22:22:30.977628Z,-5.1810527,-14.5641537,1.4729577,0.5165209,0.9152820,-1.1444397,2.4872563,-9.4875193,-0.1914501,-0.5491411,0.4559925,-0.5773194,0.3965063
gait_20260919_222211_andrew_fast_1,andrew_fast_1,2513587873640812,2026-09-19T22:22:30.998306Z,-3.9880667,-6.2311344,1.6463878,-0.3992108,-0.0126736,-0.9016091,2.7032859,-9.4294758,-0.1155100,-0.5495762,0.4511766,-0.5865464,0.3877744
gait_20260919_222211_andrew_fast_1,andrew_fast_1,2513587893808537,2026-09-19T22:22:31.018726Z,-5.2856493,-7.9292221,2.3666685,-0.7664959,-0.4880427,-0.5338742,2.8521423,-9.3836164,-0.2216919,-0.5544301,0.4512825,-0.5880055,0.3784192
gait_20260919_222211_andrew_fast_1,andrew_fast_1,2513587913976302,2026-09-19T22:22:31.038875Z,-6.9912186,-14.1162128,3.2363622,-0.7523401,-0.9113683,0.4119343,0.1642240,-9.7926588,0.5594357,-0.4949171,0.4814927,-0.5722851,0.4423930
gait_20260919_222211_andrew_fast_1,andrew_fast_1,2513587934145899,2026-09-19T22:22:31.058983Z,-4.9758244,-15.3995056,3.6239235,-0.5161045,-1.3339279,1.6183265,0.0456463,-9.8011999,0.4129257,-0.5001766,0.4850149,-0.5613621,0.4466058
gait_20260919_222211_andrew_fast_1,andrew_fast_1,2513587954313461,2026-09-19T22:22:31.078863Z,-2.7568483,-12.2978172,3.2827499,-0.1423742,-2.2035282,1.9658103,-0.3037529,-9.7997980,0.3283516,-0.5012932,0.4901416,-0.5435569,0.4615325
gait_20260919_222211_andrew_fast_1,andrew_fast_1,2513587974482895,2026-09-19T22:22:31.100051Z,-2.4690206,-9.5754604,3.1887774,0.2673951,-3.0374224,1.7132372,-0.6804291,-9.7803993,0.3419537,-0.5045183,0.4891879,-0.5217243,0.4836945
gait_20260919_222211_andrew_fast_1,andrew_fast_1,2513587994642725,2026-09-19T22:22:31.119062Z,-1.9951183,-7.6814222,2.7801170,0.7849152,-3.0937626,1.6214075,-0.9982048,-9.7459106,0.5068858,-0.5095360,0.4799089,-0.4992447,0.5107007
gait_20260919_222211_andrew_fast_1,andrew_fast_1,2513588014820338,2026-09-19T22:22:31.139361Z,-1.4761750,-6.2579942,2.4054992,1.3605241,-2.4323361,1.5366391,-1.2762324,-9.6973238,0.7544876,-0.5121025,0.4676647,-0.4792745,0.5379004
gait_20260919_222211_andrew_fast_1,andrew_fast_1,2513588034988306,2026-09-19T22:22:31.159200Z,-1.0931776,-5.2817588,1.8396448,1.9994512,-1.4793497,1.4007766,-1.5300667,-9.6262379,1.1093084,-0.5076120,0.4557787,-0.4660065,0.5634126
gait_20260919_222211_andrew_fast_1,andrew_fast_1,2513588055155502,2026-09-19T22:22:31.179346Z,-0.5266495,-5.2476411,0.8350527,2.6999476,-0.5224164,1.3509814,-1.7620416,-9.5226669,1.5652941,-0.4949712,0.4453069,-0.4611442,0.5865589
gait_20260919_222211_andrew_fast_1,andrew_fast_1,2513588075328883,2026-09-19T22:22:31.199513Z,0.3692308,-6.5061684,-0.3509750,3.0020828,0.4119343,1.2997707,-2.0059683,-9.3670950,2.1141763,-0.4735588,0.4367551,-0.4638902,0.6081061
gait_20260919_222211_andrew_fast_1,andrew_fast_1,2513588095494003,2026-09-19T22:22:31.219689Z,0.2297685,-7.9228625,-0.8810662,2.5735779,1.0067285,1.0581892,-2.2701790,-9.1688414,2.6485393,-0.4466256,0.4320913,-0.4717522,0.6255178
gait_20260919_222211_andrew_fast_1,andrew_fast_1,2513588115663559,2026-09-19T22:22:31.239836Z,-0.1162684,-8.8859301,-0.9225907,1.7983886,1.3947479,0.9507548,-2.5178480,-8.9804592,3.0410392,-0.4213544,0.4318079,-0.4807656,0.6362916
gait_20260919_222211_andrew_fast_1,andrew_fast_1,2513588135831609,2026-09-19T22:22:31.260970Z,0.0730232,-9.8004398,-0.7317279,1.3015193,2.0382881,1.1017058,-2.7785907,-8.8299417,3.2477214,-0.3995863,0.4373866,-0.4878918,0.6410814
gait_20260919_222211_andrew_fast_1,andrew_fast_1,2513588156001491,2026-09-19T22:22:31.280615Z,1.4469956,-9.8044806,-2.5705497,1.7661966,3.1595290,1.2980220,-2.4705510,-9.2136993,2.2891552,-0.4128063,0.4674254,-0.4858919,0.6123836
gait_20260919_222211_andrew_fast_1,andrew_fast_1,2513588176170842,2026-09-19T22:22:31.300251Z,2.0229509,-9.4396639,-3.0921116,1.4085373,3.7881138,1.2322224,-2.7836726,-9.1139908,2.3286164,-0.3817457,0.4867127,-0.5001948,0.6059589
gait_20260919_222211_andrew_fast_1,andrew_fast_1,2513588196337917,2026-09-19T22:22:31.321598Z,1.4487165,-9.4261961,-2.1668274,0.2343204,2.8747470,1.0125574,-2.9907033,-9.0989723,2.1214361,-0.3561250,0.5116276,-0.5129375,0.5901756
gait_20260919_222211_andrew_fast_1,andrew_fast_1,2513588216506414,2026-09-19T22:22:31.340810Z,1.0390087,-10.1358528,-0.9152584,-0.6620094,1.2558544,0.9821141,-2.4205379,-9.4235306,1.2546592,-0.3712015,0.5431718,-0.5158634,0.5486884
gait_20260919_222211_andrew_fast_1,andrew_fast_1,2513588236674790,2026-09-19T22:22:31.360922Z,1.5292215,-10.9010992,-0.2668039,-0.8683013,-0.3367753,1.2946912,-2.5570905,-9.4155283,1.0223621,-0.3652065,0.5574526,-0.5122507,0.5417289
gait_20260919_222211_andrew_fast_1,andrew_fast_1,2513588256842758,2026-09-19T22:22:31.380954Z,2.6842742,-11.1272020,-0.2003648,-0.6838093,-1.4575164,1.6010065,-2.8003883,-9.3596611,0.8892130,-0.3634608,0.5647123,-0.4998750,0.5469198
gait_20260919_222211_andrew_fast_1,andrew_fast_1,2513588277012884,2026-09-19T22:22:31.401702Z,4.3447280,-11.2493067,-1.4257472,-0.3814910,-0.9891753,1.5530432,-3.0772769,-9.2745895,0.8651379,-0.3635144,0.5661083,-0.4836753,0.5598544
gait_20260919_222211_andrew_fast_1,andrew_fast_1,2513588297180527,2026-09-19T22:22:31.421878Z,4.3899183,-10.7070942,-2.0042460,-0.7162012,1.7073084,0.9390471,-3.3409519,-9.1849718,0.8428788,-0.3583542,0.5704688,-0.4729185,0.5678871
gait_20260919_222211_andrew_fast_1,andrew_fast_1,2513588317352321,2026-09-19T22:22:31.441683Z,3.8376060,-9.5352821,-1.2562077,-1.7188162,2.7620502,0.1070180,-3.5144281,-9.1430779,0.5376388,-0.3462338,0.5905764,-0.4734229,0.5542675
gait_20260919_222211_andrew_fast_1,andrew_fast_1,2513588337520737,2026-09-19T22:22:31.463135Z,4.0066218,-10.8825445,-0.6035633,-2.5376554,2.1981490,-0.7135199,-3.4526098,-9.1823120,-0.0272704,-0.3427836,0.6156748,-0.4752412,0.5268680
gait_20260919_222211_andrew_fast_1,andrew_fast_1,2513588357686224,2026-09-19T22:22:31.482764Z,3.9378633,-14.5676699,-0.0030676,-2.8881202,1.1621594,-1.7742404,-3.2704747,-9.2250681,-0.6620076,-0.3501937,0.6370113,-0.4722874,0.4985234
gait_20260919_222211_andrew_fast_1,andrew_fast_1,2513588377833807,2026-09-19T22:22:31.502720Z,3.8973863,-19.0135536,0.6364087,-2.6247387,0.3440863,-3.0639687,-2.8769028,-9.2926865,-1.2670991,-0.3703666,0.6495590,-0.4687662,0.4702767
gait_20260919_222211_andrew_fast_1,andrew_fast_1,2513588398023219,2026-09-19T22:22:31.522898Z,2.5968111,-23.6782799,0.4242974,-2.1993313,-0.0961596,-4.4355512,-2.2413087,-9.3873930,-1.7577020,-0.4002757,0.6510590,-0.4703429,0.4412245
gait_20260919_222211_andrew_fast_1,andrew_fast_1,2513588418193507,2026-09-19T22:22:31.542419Z,-1.0527005,-27.3470211,0.7974936,-1.8189728,-0.4129336,-5.4321375,-1.3548657,-9.4739046,-2.1553645,-0.4378270,0.6424113,-0.4781086,0.4086901
gait_20260919_222211_andrew_fast_1,andrew_fast_1,2513588438363023,2026-09-19T22:22:31.563019Z,-5.3369751,-26.4405918,1.4045734,-1.0782071,-0.7232624,-5.3374267,-0.3121568,-9.4876060,-2.4746709,-0.4795048,0.6251227,-0.4890603,0.3743219
gait_20260919_222211_andrew_fast_1,andrew_fast_1,2513588458532130,2026-09-19T22:22:31.583370Z,-7.4995375,-21.6524868,2.8432641,-0.4116346,-0.0449822,-4.1151967,0.6457279,-9.4221277,-2.6537945,-0.5159161,0.6031029,-0.5006121,0.3456662
gait_20260919_222211_andrew_fast_1,andrew_fast_1,2513588478697902,2026-09-19T22:22:31.603088Z,-7.6020393,-15.6219416,3.1361051,0.1271859,1.5876334,-2.7529237,1.3822076,-9.3286285,-2.7022765,-0.5361459,0.5870844,-0.5147170,0.3208519
gait_20260919_222211_andrew_fast_1,andrew_fast_1,2513588498868027,2026-09-19T22:22:31.623782Z,-6.2218571,-10.8969097,1.8586487,0.8134433,1.9513713,-1.9503055,1.9485432,-9.2587280,-2.5913785,-0.5386251,0.5793234,-0.5350659,0.2966006
gait_20260919_222211_andrew_fast_1,andrew_fast_1,2513588519035427,2026-09-19T22:22:31.643980Z,-5.5252190,-7.0406737,-0.5841852,1.6031882,0.4046899,-1.8483835,2.3815818,-9.2271299,-2.3290000,-0.5344400,0.5709856,-0.5571173,0.2792306
gait_20260919_222211_andrew_fast_1,andrew_fast_1,2513588539205836,2026-09-19T22:22:31.664084Z,-7.3749642,-4.9464207,-2.3104045,1.8395071,-2.1151791,-2.0231497,2.7136567,-9.2112570,-2.0062261,-0.5378651,0.5530550,-0.5731717,0.2762347
gait_20260919_222211_andrew_fast_1,andrew_fast_1,2513588559373155,2026-09-19T22:22:31.683574Z,-9.2976580,-4.9726071,-0.5226094,1.1712025,-3.6717198,-1.6782473,2.9292431,-9.1816168,-1.8312746,-0.5556684,0.5276232,-0.5747927,0.2871582
gait_20260919_222211_andrew_fast_1,andrew_fast_1,2513588579542059,2026-09-19T22:22:31.704511Z,-7.9795003,-4.4042835,1.3117981,0.3853547,-3.7133379,-0.6889554,3.0405965,-9.1359272,-1.8776910,-0.5800477,0.5045211,-0.5637166,0.3020376
gait_20260919_222211_andrew_fast_1,andrew_fast_1,2513588599710923,2026-09-19T22:22:31.724199Z,-5.4501758,-3.7885997,1.3735236,-0.2287081,-3.1431913,0.2918430,2.9072902,-9.1439247,-2.0426545,-0.5986503,0.4926104,-0.5453971,0.3185827
gait_20260919_222211_andrew_fast_1,andrew_fast_1,2513588619875229,2026-09-19T22:22:31.744187Z,-3.2717514,-2.8800001,1.1232547,-0.5396531,-2.8321798,0.9319025,2.6824424,-9.1579781,-2.2742176,-0.6113798,0.4901637,-0.5253796,0.3315580
gait_20260919_222211_andrew_fast_1,andrew_fast_1,2513588640047878,2026-09-19T22:22:31.764428Z,-2.7604396,-2.6226234,1.2401216,-0.6621093,-2.5052135,1.0609536,2.3514366,-9.1843586,-2.5207934,-0.6225578,0.4901416,-0.5016382,0.3471921
gait_20260919_222211_andrew_fast_1,andrew_fast_1,2513588660216863,2026-09-19T22:22:31.784638Z,-3.5322704,-5.3947349,1.7078140,-0.7221799,-1.8781607,0.9831466,2.0195246,-9.1971388,-2.7514157,-0.6315461,0.4917062,-0.4791372,0.3602808
gait_20260919_222211_andrew_fast_1,andrew_fast_1,2513588680384751,2026-09-19T22:22:31.804750Z,-3.4991257,-9.5685768,1.6288801,-0.4866271,-1.1925528,1.3513145,1.7294735,-9.1958122,-2.9465401,-0.6397247,0.4920961,-0.4587460,0.3716798
gait_20260919_222211_andrew_fast_1,andrew_fast_1,2513588700555853,2026-09-19T22:22:31.824735Z,-2.9526494,-11.2132435,-0.2328361,-0.0481964,-0.8225863,1.9481405,1.3259484,-9.2453890,-3.0001292,-0.6389887,0.4969682,-0.4424964,0.3858925
gait_20260919_222211_andrew_fast_1,andrew_fast_1,2513588720697170,2026-09-19T22:22:31.846989Z,-1.7934816,-11.0238771,-7.9313917,0.6004232,-2.0722954,2.4163816,0.8894876,-9.2945194,-3.0094602,-0.6341100,0.5041054,-0.4273910,0.4013967
gait_20260919_222211_andrew_fast_1,andrew_fast_1,2513588740890488,2026-09-19T22:22:31.867175Z,1.3012487,-10.2219696,-14.5880203,1.0336412,-5.0246162,2.4130843,0.2724376,-9.3687382,-2.8963187,-0.6309657,0.5035866,-0.4028210,0.4312983
gait_20260919_222211_andrew_fast_1,andrew_fast_1,2513588761059271,2026-09-19T22:22:31.885452Z,1.3637972,-8.4941788,-9.6689835,-0.1122307,-4.0287127,2.2369025,-0.4811265,-9.4185314,-2.7010934,-0.6358865,0.4897818,-0.3619375,0.4740922
gait_20260919_222211_andrew_fast_1,andrew_fast_1,2513588781228053,2026-09-19T22:22:31.905432Z,0.6315455,-6.8581161,-4.3213096,-0.8919332,-1.6303507,2.2423151,-1.0982171,-9.3641386,-2.7097824,-0.6415170,0.4844949,-0.3234799,0.4990807
gait_20260919_222211_andrew_fast_1,andrew_fast_1,2513588801395168,2026-09-19T22:22:31.926908Z,2.4405894,-5.8731265,-1.5838393,-1.0256474,-0.3652534,2.2746902,-1.5891242,-9.2461767,-2.8668835,-0.6416290,0.4930460,-0.2965678,0.5072135
gait_20260919_222211_andrew_fast_1,andrew_fast_1,2513588821566351,2026-09-19T22:22:31.946317Z,2.4568250,-5.9194393,-0.2831892,-0.7254441,0.5893651,1.5760256,-2.0067525,-9.1049614,-3.0510247,-0.6380504,0.5070398,-0.2769395,0.5090253
gait_20260919_222211_andrew_fast_1,andrew_fast_1,2513588841735907,2026-09-19T22:22:31.966491Z,1.2377274,-6.8310313,-0.5871780,-0.1911868,1.1568801,0.4737703,-2.2115796,-9.0056429,-3.2005327,-0.6344169,0.5186488,-0.2688055,0.5062234
gait_20260919_222211_andrew_fast_1,andrew_fast_1,2513588861904242,2026-09-19T22:22:31.986695Z,0.2455553,-7.7873654,-1.2134113,0.2158180,1.5717289,-0.5124240,-2.1740031,-8.9893837,-3.2712147,-0.6324091,0.5240237,-0.2726689,0.5011086
gait_20260919_222211_andrew_fast_1,andrew_fast_1,2513588882072455,2026-09-19T22:22:32.006437Z,-0.2052280,-11.4627647,-2.1453543,0.3338941,1.8464518,-1.4056562,-1.9376355,-9.0371075,-3.2882159,-0.6325655,0.5239919,-0.2855312,0.4937260
gait_20260919_222211_andrew_fast_1,andrew_fast_1,2513588902240912,2026-09-19T22:22:32.026608Z,-0.9825953,-14.7324209,-1.4363713,0.1167272,1.7253778,-2.4197457,-1.5211655,-9.1149130,-3.2924979,-0.6362581,0.5189586,-0.3045130,0.4828348
gait_20260919_222211_andrew_fast_1,andrew_fast_1,2513588922407538,2026-09-19T22:22:32.046464Z,-4.4375782,-17.5877304,0.0398784,0.0978917,1.5126076,-2.9215446,-0.9307315,-9.1847572,-3.3181429,-0.6463658,0.5069353,-0.3257509,0.4680963
gait_20260919_222211_andrew_fast_1,andrew_fast_1,2513588942578884,2026-09-19T22:22:32.066741Z,-8.7346468,-18.7992725,-0.5282208,0.4562337,2.3720324,-1.9612304,-0.2836572,-9.2302151,-3.3104031,-0.6574356,0.4914865,-0.3479800,0.4529122
gait_20260919_222211_andrew_fast_1,andrew_fast_1,2513588962746120,2026-09-19T22:22:32.086848Z,-7.2425351,-17.5703735,-1.7101334,0.5020819,2.9358835,0.2096727,0.1910607,-9.2668962,-3.2131414,-0.6564252,0.4867887,-0.3724346,0.4398128
gait_20260919_222211_andrew_fast_1,andrew_fast_1,2513588982915187,2026-09-19T22:22:32.107037Z,-2.0231752,-13.7207956,-1.1599159,0.2080905,2.4141834,1.9028585,0.2617910,-9.3019190,-3.1051383,-0.6420378,0.4989861,-0.3893362,0.4326866
gait_20260919_222211_andrew_fast_1,andrew_fast_1,2513589003083197,2026-09-19T22:22:32.127399Z,1.3703812,-10.4072952,0.0652420,-0.0215502,0.6873733,2.4708066,-0.0066369,-9.3180742,-3.0675018,-0.6237190,0.5190331,-0.3928164,0.4327522
gait_20260919_222211_andrew_fast_1,andrew_fast_1,2513589023250311,2026-09-19T22:22:32.147644Z,3.8406737,-6.1182327,1.9874119,0.0334410,-0.9802488,2.2587359,-0.4501701,-9.3095827,-3.0602465,-0.6110231,0.5334859,-0.3823293,0.4425697
gait_20260919_222211_andrew_fast_1,andrew_fast_1,2513589043395046,2026-09-19T22:22:32.168604Z,1.9721488,-5.8425255,1.8727895,0.2950406,-1.1130971,1.1933689,-0.9225518,-9.2855043,-3.0272770,-0.6058518,0.5382780,-0.3636837,0.4592761
gait_20260919_222211_andrew_fast_1,andrew_fast_1,2513589063589463,2026-09-19T22:22:32.188636Z,-2.9070847,-6.4350905,0.9589526,0.2345702,-0.6079175,0.0918629,-1.1656475,-9.2868929,-2.9378626,-0.6053785,0.5350088,-0.3521978,0.4724818
gait_20260919_222211_andrew_fast_1,andrew_fast_1,2513589083757514,2026-09-19T22:22:32.208716Z,-6.3013144,-8.2036572,0.4817583,-0.3764449,-0.1592446,0.0945942,-1.1851217,-9.3001633,-2.8876629,-0.6087689,0.5289889,-0.3483009,0.4777634
gait_20260919_222211_andrew_fast_1,andrew_fast_1,2513589103927435,2026-09-19T22:22:32.228013Z,-5.8366895,-9.5225630,0.2635118,-0.5726945,1.0079609,0.3793260,-1.2836329,-9.2718830,-2.9360785,-0.6113129,0.5289217,-0.3415480,0.4794618
gait_20260919_222211_andrew_fast_1,andrew_fast_1,2513589124095608,2026-09-19T22:22:32.248186Z,-6.0466313,-8.5379477,-1.2758102,-0.1011392,1.5900482,0.2395331,-1.2880306,-9.2275448,-3.0707507,-0.6099265,0.5365582,-0.3418099,0.4725052
gait_20260919_222211_andrew_fast_1,andrew_fast_1,2513589144267889,2026-09-19T22:22:32.268390Z,-4.9402857,-11.1460562,-2.3890393,0.7930256,1.3353101,-0.1166939,-1.2440882,-9.2233982,-3.1011729,-0.6046986,0.5433921,-0.3487091,0.4663331
gait_20260919_222211_andrew_fast_1,andrew_fast_1,2513589164430691,2026-09-19T22:22:32.289529Z,0.9944915,-10.9916306,-2.2809260,1.6593451,1.6770982,-0.2386671,-1.1345478,-9.2872944,-2.9487424,-0.5986484,0.5424704,-0.3606173,0.4661558
gait_20260919_222211_andrew_fast_1,andrew_fast_1,2513589184602363,2026-09-19T22:22:32.309131Z,4.1466827,-7.3932948,-0.7211036,1.6816781,1.6876900,-0.8253675,-0.9795858,-9.3942928,-2.6502466,-0.5876648,0.5397745,-0.3800250,0.4678404
gait_20260919_222211_andrew_fast_1,andrew_fast_1,2513589204773546,2026-09-19T22:22:32.329010Z,2.5951650,-7.4301057,0.4628291,1.0411688,0.6539489,-1.3455856,-0.7128975,-9.4933214,-2.3674397,-0.5812190,0.5327446,-0.4006581,0.4667343
gait_20260919_222211_andrew_fast_1,andrew_fast_1,2513589224937812,2026-09-19T22:22:32.349346Z,0.2317887,-10.5829697,0.9423428,0.8431373,0.3094795,-1.7472777,-0.4114703,-9.5533009,-2.1911740,-0.5848752,0.5200160,-0.4130480,0.4657207
gait_20260919_222211_andrew_fast_1,andrew_fast_1,2513589245106228,2026-09-19T22:22:32.370149Z,-2.8879309,-12.7721682,0.9265561,1.0074281,0.6408589,-1.3833400,-0.0503583,-9.5991459,-2.0223649,-0.5910979,0.5044322,-0.4255739,0.4637223
gait_20260919_222211_andrew_fast_1,andrew_fast_1,2513589265274442,2026-09-19T22:22:32.389410Z,-1.9948189,-14.7167091,1.3210756,0.8297309,-2.1333818,0.1151784,0.2058018,-9.6369190,-1.8230669,-0.5919150,0.4931343,-0.4378050,0.4634458
gait_20260919_222211_andrew_fast_1,andrew_fast_1,2513589285445217,2026-09-19T22:22:32.410177Z,-0.2216133,-12.2592106,2.7155485,0.8247680,-4.5720134,0.8389904,0.0429735,-9.6661615,-1.6732033,-0.6000139,0.4764985,-0.4218479,0.4847443
gait_20260919_222211_andrew_fast_1,andrew_fast_1,2513589305611193,2026-09-19T22:22:32.429952Z,1.8048540,-10.7918644,4.0687962,2.7409496,-4.6854596,1.4256575,-0.3060789,-9.6932898,-1.4773558,-0.6128725,0.4511400,-0.3887643,0.5193481
gait_20260919_222211_andrew_fast_1,andrew_fast_1,2513589325782132,2026-09-19T22:22:32.450122Z,2.6401310,-12.7274265,-2.8737903,3.7182841,-0.1943677,1.2206646,-0.7005008,-9.7501698,-0.8243963,-0.6068150,0.4234651,-0.3662678,0.5641816
gait_20260919_222211_andrew_fast_1,andrew_fast_1,2513589345948636,2026-09-19T22:22:32.470210Z,3.9135470,-9.6351652,-5.2013283,2.5078115,2.5761259,1.0462649,-0.9288616,-9.7654152,-0.0998973,-0.5794456,0.4178197,-0.3763267,0.5899557
gait_20260919_222211_andrew_fast_1,andrew_fast_1,2513589366118191,2026-09-19T22:22:32.490335Z,3.4375498,-7.9457569,-4.2783637,0.8883693,3.8717830,0.5211840,-1.1284407,-9.7411747,0.2687676,-0.5520126,0.4308006,-0.3944904,0.5950381
gait_20260919_222211_andrew_fast_1,andrew_fast_1,2513589386262397,2026-09-19T22:22:32.511355Z,0.8496423,-8.9551373,-2.3312042,0.4703396,2.4544859,-0.1639743,-0.5771737,-9.7876320,-0.3244030,-0.5568730,0.4542395,-0.4133945,0.5591635
gait_20260919_222211_andrew_fast_1,andrew_fast_1,2513589406430447,2026-09-19T22:22:32.530914Z,-1.9705029,-10.7260981,-2.9420998,0.3891185,0.1981482,-0.5622025,-0.4857107,-9.7935324,-0.2947775,-0.5524256,0.4577550,-0.4226516,0.5537618
gait_20260919_222211_andrew_fast_1,andrew_fast_1,2513589426624336,2026-09-19T22:22:32.550711Z,-1.5014638,-12.9695406,-0.8315362,-0.1992473,-0.5592548,-0.4703729,-0.3683860,-9.8003807,-0.2301537,-0.5561284,0.4496731,-0.4238579,0.5557516
gait_20260919_222211_andrew_fast_1,andrew_fast_1,2513589446794257,2026-09-19T22:22:32.570955Z,1.1050737,-13.6705923,1.3958944,-0.5916799,-0.3260168,-0.4240750,-0.2838917,-9.8016939,-0.2869183,-0.5641686,0.4429378,-0.4192257,0.5565698
gait_20260919_222211_andrew_fast_1,andrew_fast_1,2513589466936307,2026-09-19T22:22:32.590986Z,2.9443443,-13.2329025,2.8455834,-0.5532927,-0.0375379,-0.8590750,-0.1967404,-9.7994156,-0.4109289,-0.5727552,0.4391247,-0.4147965,0.5541342
gait_20260919_222211_andrew_fast_1,andrew_fast_1,2513589487130032,2026-09-19T22:22:32.611257Z,2.7036524,-12.6982470,3.2679358,-0.2116378,0.2077075,-1.6016560,-0.0031911,-9.7966547,-0.5115191,-0.5817187,0.4332022,-0.4154813,0.5489212
gait_20260919_222211_andrew_fast_1,andrew_fast_1,2513589507298937,2026-09-19T22:22:32.631495Z,0.8587703,-12.3433819,2.7148750,0.0545415,0.3768945,-2.3709331,0.3469387,-9.7891359,-0.5371799,-0.5909765,0.4220853,-0.4233032,0.5416688
gait_20260919_222211_andrew_fast_1,andrew_fast_1,2513589527469876,2026-09-19T22:22:32.652969Z,-1.1959785,-11.7802954,1.2184242,0.2167339,0.4198782,-2.9576669,0.8469145,-9.7600222,-0.5106909,-0.5999196,0.4076204,-0.4387159,0.5305380
gait_20260919_222211_andrew_fast_1,andrew_fast_1,2513589547635322,2026-09-19T22:22:32.673097Z,-2.3979425,-12.0004873,-0.9679309,0.3160411,0.3960132,-2.9704070,1.4443729,-9.6925936,-0.4511539,-0.6099241,0.3886186,-0.4567856,0.5179914
gait_20260919_222211_andrew_fast_1,andrew_fast_1,2513589567804267,2026-09-19T22:22:32.692696Z,-2.2848914,-11.9498348,-1.3764415,0.1754988,0.3612065,-2.5715628,2.0160463,-9.5932608,-0.3755330,-0.6193067,0.3683295,-0.4731348,0.5068887
gait_20260919_222211_andrew_fast_1,andrew_fast_1,2513589587972481,2026-09-19T22:22:32.712443Z,-1.9851673,-10.7618618,-0.5906196,-0.0653999,0.1260867,-2.1974494,2.4935820,-9.4818735,-0.3350434,-0.6273164,0.3516251,-0.4863204,0.4963128
gait_20260919_222211_andrew_fast_1,andrew_fast_1,2513589608142036,2026-09-19T22:22:32.732228Z,-3.3028760,-10.2307234,0.1595885,-0.0188689,-0.0036639,-1.8916671,2.8948431,-9.3666258,-0.3497542,-0.6363977,0.3361034,-0.4944933,0.4873488
gait_20260919_222211_andrew_fast_1,andrew_fast_1,2513589628310412,2026-09-19T22:22:32.753014Z,-3.9159412,-11.7373495,0.2014870,-0.0857843,0.2555542,-1.3858880,3.2286828,-9.2568378,-0.3502456,-0.6439142,0.3216059,-0.5008165,0.4807568
gait_20260919_222211_andrew_fast_1,andrew_fast_1,2513589648479194,2026-09-19T22:22:32.773413Z,-2.2635682,-13.9534826,0.7383119,-0.1892716,0.4680746,-0.8762785,3.4633579,-9.1715479,-0.3520787,-0.6483076,0.3128549,-0.5064061,0.4747336
gait_20260919_222211_andrew_fast_1,andrew_fast_1,2513589668648425,2026-09-19T22:22:32.793225Z,-1.2530653,-13.4905033,0.2219126,0.3183061,0.0975919,-0.3727643,3.6057508,-9.1167450,-0.3459271,-0.6502730,0.3082777,-0.5106049,0.4705237
gait_20260919_222211_andrew_fast_1,andrew_fast_1,2513589688816678,2026-09-19T22:22:32.814346Z,0.0801309,-12.6407862,1.2077999,0.6417083,-1.7489431,0.0497286,3.6510210,-9.1010265,-0.2783591,-0.6506624,0.3019068,-0.5107715,0.4739233
gait_20260919_222211_andrew_fast_1,andrew_fast_1,2513589708986071,2026-09-19T22:22:32.833909Z,3.9044940,-11.6752501,2.5394998,1.1832932,-2.6609275,0.2989876,3.6149220,-9.1146736,-0.3019774,-0.6568262,0.2905596,-0.4997225,0.4841817
gait_20260919_222211_andrew_fast_1,andrew_fast_1,2513589729155626,2026-09-19T22:22:32.853536Z,7.8128037,-11.1588507,2.7305121,2.2146196,-0.8504983,0.3755622,3.5364029,-9.1472263,-0.2413222,-0.6629081,0.2712040,-0.4828522,0.5038401
gait_20260919_222211_andrew_fast_1,andrew_fast_1,2513589749322416,2026-09-19T22:22:32.873659Z,10.6866693,-9.9840460,2.7107601,2.9901254,0.7227961,-0.1563802,3.4726784,-9.1732693,0.1665936,-0.6530482,0.2566327,-0.4819136,0.5248116
gait_20260919_222211_andrew_fast_1,andrew_fast_1,2513589769491645,2026-09-19T22:22:32.895106Z,9.4628582,-9.5118637,0.8960300,3.7463293,1.6804622,-0.4814144,3.5150309,-9.1221399,0.8168420,-0.6330158,0.2419030,-0.4952401,0.5436095
gait_20260919_222211_andrew_fast_1,andrew_fast_1,2513589789659248,2026-09-19T22:22:32.915308Z,10.7844572,-9.2921963,0.4304326,3.8776286,3.3181572,-0.3889020,3.5633457,-8.9882870,1.6581258,-0.6037421,0.2276474,-0.5172648,0.5622358
gait_20260919_222211_andrew_fast_1,andrew_fast_1,2513589809829333,2026-09-19T22:22:32.934358Z,12.9665480,-6.9652567,-0.2588730,3.4245591,3.0352740,-0.4812812,3.4806654,-8.7944527,2.6035895,-0.5641326,0.2231230,-0.5470925,0.5767671
gait_20260919_222211_andrew_fast_1,andrew_fast_1,2513589830012805,2026-09-19T22:22:32.954351Z,10.1505919,-5.7267060,-0.0947206,2.6073520,-0.4250076,-0.7955404,3.4161723,-8.5563898,3.3695812,-0.5312729,0.2159955,-0.5710058,0.5874073
gait_20260919_222211_andrew_fast_1,andrew_fast_1,2513589850164660,2026-09-19T22:22:32.974485Z,4.1870098,-5.7482538,2.9058127,1.3332783,-2.1262872,-0.9095863,3.6403503,-8.3219919,3.7051876,-0.5252407,0.1897490,-0.5737441,0.5991123
gait_20260919_222211_andrew_fast_1,andrew_fast_1,2513589870334094,2026-09-19T22:22:32.995096Z,11.0752773,-7.9243588,0.3699790,0.4120176,-2.8064995,-0.5905808,3.9671991,-8.1690321,3.7100379,-0.5336396,0.1642300,-0.5686539,0.6040614
gait_20260919_222211_andrew_fast_1,andrew_fast_1,2513589890502428,2026-09-19T22:22:33.015528Z,14.6779528,-7.7643962,0.3963900,-1.0857513,-2.4397638,-1.3974125,4.2865090,-8.1016073,3.4965589,-0.5495787,0.1437168,-0.5590356,0.6039768
gait_20260919_222211_andrew_fast_1,andrew_fast_1,2513589910670642,2026-09-19T22:22:33.034786Z,14.6087456,-8.5784245,1.9156606,-2.1118484,-2.3543792,-2.4654107,4.7066951,-8.0442266,3.0616271,-0.5730117,0.1286151,-0.5542145,0.5898831
gait_20260919_222211_andrew_fast_1,andrew_fast_1,2513589930819933,2026-09-19T22:22:33.057065Z,12.0071459,-9.6665144,4.5495071,-2.9644616,-1.9712727,-3.6244392,5.2731767,-7.8995023,2.4551156,-0.6026003,0.1125989,-0.5540270,0.5632481
gait_20260919_222211_andrew_fast_1,andrew_fast_1,2513589950982694,2026-09-19T22:22:33.076363Z,9.0178356,-10.0444241,7.0077534,-3.2781379,-0.8053329,-4.3965974,5.9533310,-7.5943794,1.7661697,-0.6334651,0.0980832,-0.5624135,0.5222958
gait_20260919_222211_andrew_fast_1,andrew_fast_1,2513589971177762,2026-09-19T22:22:33.097587Z,9.0723038,-9.6935987,7.3822966,-3.0083613,-0.6010061,-4.6849432,6.6410627,-7.1200099,1.1991155,-0.6575090,0.0861793,-0.5793040,0.4739853
gait_20260919_222211_andrew_fast_1,andrew_fast_1,2513589991321602,2026-09-19T22:22:33.116228Z,10.7825871,-9.1388922,6.5315318,-2.6990817,-0.1849250,-4.9640961,7.3024769,-6.5113654,0.7156016,-0.6779836,0.0684809,-0.5942327,0.4272427
gait_20260919_222211_andrew_fast_1,andrew_fast_1,2513590011512927,2026-09-19T22:22:33.135694Z,13.5989161,-10.6310034,3.2311997,-2.2281592,0.7986547,-5.7082257,7.9272714,-5.7661290,0.3824401,-0.6919850,0.0492418,-0.6126786,0.3786249
gait_20260919_222211_andrew_fast_1,andrew_fast_1,2513590031681303,2026-09-19T22:22:33.156049Z,10.8136368,-8.4276648,1.4598645,-2.3532300,2.2501924,-7.1556334,8.5503502,-4.7979627,0.3274055,-0.6952324,0.0251477,-0.6402013,0.3258251
gait_20260919_222211_andrew_fast_1,andrew_fast_1,2513590051852404,2026-09-19T22:22:33.176369Z,7.6470056,-8.9876089,1.3829508,-2.5709300,2.7390678,-7.9820499,9.1480455,-3.4969268,0.5664613,-0.6867509,-0.0012477,-0.6797422,0.2575310
gait_20260919_222211_andrew_fast_1,andrew_fast_1,2513590072020780,2026-09-19T22:22:33.196325Z,5.3856072,-9.3662663,0.9528923,-2.3200388,3.2626832,-8.2098751,9.5536699,-2.0108087,0.9592487,-0.6711763,-0.0309654,-0.7179286,0.1820496
gait_20260919_222211_andrew_fast_1,andrew_fast_1,2513590092188260,2026-09-19T22:22:33.216505Z,2.8620436,-9.2568064,0.3244143,-1.9598315,3.7050109,-8.1451588,9.6742258,-0.4770869,1.5549419,-0.6457403,-0.0627218,-0.7534927,0.1064630
gait_20260919_222211_andrew_fast_1,andrew_fast_1,2513590112357857,2026-09-19T22:22:33.236597Z,-0.3083283,-6.7821002,0.5077952,-1.8613737,3.6998482,-7.8651061,9.5005169,-0.8075733,2.3074079,-0.6200082,-0.0496913,-0.7794567,0.0746178
gait_20260919_222211_andrew_fast_1,andrew_fast_1,2513590132525256,2026-09-19T22:22:33.256763Z,-4.0830116,-2.3729532,5.2325277,-1.9272565,4.2012973,-7.1881752,9.3210764,0.5651051,3.0057127,-0.5862207,-0.0797784,-0.8062097,0.0025635
gait_20260919_222211_andrew_fast_1,andrew_fast_1,2513590152692777,2026-09-19T22:22:33.276868Z,-2.6115503,-0.6189011,6.7303252,-1.1453723,4.7647486,-5.7469463,8.8561573,1.7209400,3.8526568,0.5430298,0.1054810,0.8307560,0.0619436
gait_20260919_222211_andrew_fast_1,andrew_fast_1,2513590172861356,2026-09-19T22:22:33.297835Z,-0.7606828,0.3730465,6.3803229,0.2139028,4.7193503,-4.4578176,8.1949215,2.5836887,4.7332788,0.4943327,0.1303921,0.8526751,0.1076027
gait_20260919_222211_andrew_fast_1,andrew_fast_1,2513590193031441,2026-09-19T22:22:33.317391Z,-0.1790414,1.5670050,5.9198132,0.8416717,4.1320004,-3.4072556,7.4606600,3.2966352,5.4504004,0.4479011,0.1599495,0.8691586,0.1355144
gait_20260919_222211_andrew_fast_1,andrew_fast_1,2513590213199491,2026-09-19T22:22:33.337720Z,0.9499744,1.6991351,5.3461776,1.4997841,5.0502300,-2.5850856,6.7498970,3.8683128,5.9758816,0.4070889,0.1882357,0.8806654,0.1525589
gait_20260919_222211_andrew_fast_1,andrew_fast_1,2513590233368681,2026-09-19T22:22:33.358422Z,1.7059436,2.3315783,3.6351464,2.2700105,6.4133186,-2.2886128,5.8759017,4.3892088,6.5149632,0.3571522,0.2206653,0.8938504,0.1574187
gait_20260919_222211_andrew_fast_1,andrew_fast_1,2513590253538400,2026-09-19T22:22:33.377679Z,0.0940472,5.3281465,2.6667666,1.4030582,3.2484107,-1.5938287,4.7608209,4.9592271,6.9983397,0.2954337,0.2602801,0.9062597,0.1538401
gait_20260919_222211_andrew_fast_1,andrew_fast_1,2513590273705392,2026-09-19T22:22:33.397769Z,1.9360113,3.9237225,4.6469212,0.7017289,1.2516242,-0.8953972,4.2289305,5.2676067,7.1136894,0.2688891,0.2798414,0.9082681,0.1563220
gait_20260919_222211_andrew_fast_1,andrew_fast_1,2513590293873524,2026-09-19T22:22:33.418727Z,2.2341642,3.3558478,3.1243584,0.8233690,2.0032816,-0.8677350,3.9775329,5.4298511,7.1366696,0.2575180,0.2895214,0.9079106,0.1598754
gait_20260919_222211_andrew_fast_1,andrew_fast_1,2513590314041899,2026-09-19T22:22:33.438688Z,1.9303252,3.7479732,3.9869444,0.1978984,1.5354900,-0.8997605,3.5826306,5.6122351,7.2044215,0.2373250,0.3023370,0.9092770,0.1596395
gait_20260919_222211_andrew_fast_1,andrew_fast_1,2513590334211374,2026-09-19T22:22:33.458260Z,1.1690438,4.0183682,5.0290208,-0.2856811,1.5770748,-0.9106688,3.2663062,5.6862817,7.2961326,0.2213036,0.3074832,0.9109386,0.1633089
gait_20260919_222211_andrew_fast_1,andrew_fast_1,2513590354381946,2026-09-19T22:22:33.478411Z,0.8349030,4.4981065,5.4899044,-0.6618095,1.8360264,-0.7323555,2.9207797,5.6891017,7.4390378,0.2029223,0.3087848,0.9140460,0.1673153
gait_20260919_222211_andrew_fast_1,andrew_fast_1,2513590374549956,2026-09-19T22:22:33.498566Z,0.7885154,3.4731636,6.6683755,-1.1379280,1.7042274,-0.5754091,2.5592282,5.6145201,7.6265078,0.1823570,0.3063672,0.9187838,0.1694733
gait_20260919_222211_andrew_fast_1,andrew_fast_1,2513590394720325,2026-09-19T22:22:33.518812Z,-0.0238672,2.8529158,7.3496008,-1.3237523,1.8143264,-0.4315193,2.2316096,5.4511266,7.8448229,0.1627385,0.2989309,0.9245223,0.1715079
gait_20260919_222211_andrew_fast_1,andrew_fast_1,2513590414887643,2026-09-19T22:22:33.538987Z,-0.6706010,3.3339260,7.9397712,-1.3338113,1.6871572,-0.0451987,1.8946379,5.2496901,8.0676641,0.1420631,0.2900195,0.9306911,0.1718160
gait_20260919_222211_andrew_fast_1,andrew_fast_1,2513590435053455,2026-09-19T22:22:33.558993Z,0.0901567,3.7020345,8.9807253,-1.4187295,1.7611338,0.3915167,1.6265405,5.0283322,8.2647657,0.1243593,0.2802049,0.9368032,0.1685819
gait_20260919_222211_andrew_fast_1,andrew_fast_1,2513590455222360,2026-09-19T22:22:33.579448Z,0.7138462,5.2111297,8.9591780,-1.7562709,2.7276764,0.4837793,1.1067629,4.5566745,8.6167221,0.0935886,0.2569743,0.9478350,0.1637504
gait_20260919_222211_andrew_fast_1,andrew_fast_1,2513590475390613,2026-09-19T22:22:33.599690Z,0.7456442,4.5174098,9.1486187,-1.8445532,3.3719161,0.0135396,0.6335024,4.2302380,8.8283567,0.0638267,0.2439105,0.9554573,0.1534116
gait_20260919_222211_andrew_fast_1,andrew_fast_1,2513590495560251,2026-09-19T22:22:33.620014Z,-0.7499089,3.5354128,9.5548105,-1.7121047,2.5610542,-0.3909338,0.0159661,3.8976507,9.0024538,0.0280016,0.2311747,0.9613512,0.1468946
gait_20260919_222211_andrew_fast_1,andrew_fast_1,2513590515729440,2026-09-19T22:22:33.640208Z,-1.5344589,3.1971571,9.1081419,-1.1630421,1.1581792,-0.4032077,-0.4487539,3.5922439,9.1175938,0.0016172,0.2185828,0.9648221,0.1460731
gait_20260919_222211_andrew_fast_1,andrew_fast_1,2513590535896799,2026-09-19T22:22:33.660406Z,-2.0666449,3.3974471,9.0793362,-0.5253308,-0.5944112,-0.2159012,-0.6430291,3.3932276,9.1819735,-0.0101888,0.2089568,0.9665732,0.1482213
gait_20260919_222211_andrew_fast_1,andrew_fast_1,2513590556067493,2026-09-19T22:22:33.680818Z,-1.8013375,3.6926820,9.6665144,-0.1038204,-1.7618499,-0.0509443,-0.7384474,3.3305771,9.1977205,-0.0134688,0.2015527,0.9671708,0.1541937
gait_20260919_222211_andrew_fast_1,andrew_fast_1,2513590576233346,2026-09-19T22:22:33.701183Z,-1.1099370,3.0943561,11.3207579,0.2012624,-2.2196491,0.0460647,-0.3819588,3.3246744,9.2215376,0.0053491,0.1981595,0.9672824,0.1583320
gait_20260919_222211_andrew_fast_1,andrew_fast_1,2513590596402006,2026-09-19T22:22:33.720839Z,0.6260089,2.8332384,11.6023016,0.5337909,-1.4452592,0.0460814,0.0383232,3.3725185,9.2119894,0.0277150,0.1970180,0.9664973,0.1621694
gait_20260919_222211_andrew_fast_1,andrew_fast_1,2513590616570586,2026-09-19T22:22:33.740945Z,0.9397241,3.9426517,10.7439804,0.9980352,-0.0564234,-0.2776206,0.2713906,3.4837863,9.1665525,0.0409032,0.2008008,0.9649077,0.1641925
gait_20260919_222211_andrew_fast_1,andrew_fast_1,2513590636740548,2026-09-19T22:22:33.761299Z,0.2332102,4.9362454,9.0422268,1.4072217,1.1372119,-0.6676217,0.2059514,3.6858990,9.0888853,0.0395817,0.2119398,0.9623786,0.1653547
gait_20260919_222211_andrew_fast_1,andrew_fast_1,2513590656908843,2026-09-19T22:22:33.783641Z,-0.9365818,5.5589623,7.8139262,1.5030649,0.9426110,-0.9099028,-0.0851836,3.9545274,8.9772253,0.0275513,0.2286377,0.9586139,0.1674071
gait_20260919_222211_andrew_fast_1,andrew_fast_1,2513590677076526,2026-09-19T22:22:33.801649Z,-1.5310919,5.5317283,7.5056725,1.3593750,-0.3179064,-0.9440100,-0.3736191,4.3700190,8.7749329,0.0194394,0.2475121,0.9528947,0.1742167
gait_20260919_222211_andrew_fast_1,andrew_fast_1,2513590697245187,2026-09-19T22:22:33.821471Z,-1.1644050,5.0596962,7.3149595,1.2613667,-0.9655268,-0.8941482,-0.4035420,4.6359115,8.6360626,0.0229121,0.2611426,0.9474227,0.1834934
gait_20260919_222211_andrew_fast_1,andrew_fast_1,2513590717414702,2026-09-19T22:22:33.841777Z,-1.0131962,5.2318544,7.3729444,1.1661065,-1.0163045,-0.8153918,-0.3087766,4.8456235,8.5241251,0.0324835,0.2713223,0.9423455,0.1931682
gait_20260919_222211_andrew_fast_1,andrew_fast_1,2513590737584421,2026-09-19T22:22:33.874056Z,-0.9981577,5.7201967,7.2905688,0.9888422,-1.0735440,-0.6032211,-0.2133424,5.0370951,8.4153585,0.0418072,0.2804888,0.9375285,0.2015405
gait_20260919_222211_andrew_fast_1,andrew_fast_1,2513590757725656,2026-09-19T22:22:33.894102Z,-1.0060885,6.6000657,8.1883945,0.7257106,-1.2324722,-0.3329449,-0.1014704,5.2082291,8.3126516,0.0523275,0.2874903,0.9331723,0.2092860
gait_20260919_222211_andrew_fast_1,andrew_fast_1,2513590777919300,2026-09-19T22:22:33.912784Z,-0.5012112,6.3459811,8.8105125,0.5373716,-1.3755126,-0.0924292,0.0787366,5.3238549,8.2393255,0.0644158,0.2914301,0.9302168,0.2135783
gait_20260919_222211_andrew_fast_1,andrew_fast_1,2513590798087757,2026-09-19T22:22:33.925051Z,-0.0621744,5.6996965,8.6711998,0.4960865,-0.9198118,0.0362722,0.2983476,5.4090281,8.1786013,0.0776878,0.2934316,0.9279391,0.2163139
gait_20260919_222211_andrew_fast_1,andrew_fast_1,2513590818257110,2026-09-19T22:22:33.942676Z,-0.2672528,5.5104051,7.8648777,0.4569665,-0.2738568,0.0799887,0.4376641,5.4891877,8.1187057,0.0863367,0.2962462,0.9260538,0.2172754
gait_20260919_222211_andrew_fast_1,andrew_fast_1,2513590838426543,2026-09-19T22:22:33.962982Z,-0.6240636,5.7917237,7.0795050,0.2763049,-0.0058122,0.1218899,0.4736026,5.5606446,8.0679016,0.0887387,0.3000403,0.9250239,0.2154808
gait_20260919_222211_andrew_fast_1,andrew_fast_1,2513590858568959,2026-09-19T22:22:33.982746Z,-0.6193501,6.2146745,7.0974612,-0.0412517,-0.0775905,0.1716185,0.4790180,5.6006365,8.0398703,0.0889230,0.3022929,0.9249940,0.2123625
gait_20260919_222211_andrew_fast_1,andrew_fast_1,2513590888850778,2026-09-19T22:22:34.013073Z,-0.3161094,5.9591680,8.0059109,-0.2940247,-0.2136863,0.1773308,0.3426717,5.6702504,7.9979343,0.0885646,0.2994978,0.9270716,0.2073541
gait_20260919_222211_andrew_fast_1,andrew_fast_1,2513590909015655,2026-09-19T22:22:34.033278Z,-0.1548749,5.6610899,8.2609682,-0.4146656,-0.2431637,0.0985245,0.3783353,5.5989461,8.0464144,0.0894518,0.2950967,0.9287013,0.2059866
gait_20260919_222211_andrew_fast_1,andrew_fast_1,2513590929157948,2026-09-19T22:22:34.053286Z,-0.4569184,5.5077863,8.3612261,-0.4504215,-0.0563901,-0.0013490,0.3658319,5.5223074,8.0997782,0.0878517,0.2909392,0.9304127,0.2048629
gait_20260919_222211_andrew_fast_1,andrew_fast_1,2513590949327138,2026-09-19T22:22:34.073941Z,-0.7677158,5.1391540,8.7938280,-0.4998170,0.1316491,-0.0081771,0.3236259,5.4322162,8.1622543,0.0835332,0.2863593,0.9325215,0.2035296
gait_20260919_222211_andrew_fast_1,andrew_fast_1,2513590969523142,2026-09-19T22:22:34.093378Z,-0.9321675,5.0186958,9.1317844,-0.4834962,0.1967492,0.1044699,0.2774630,5.3430095,8.2226133,0.0767622,0.2810094,0.9352582,0.2010809
gait_20260919_222211_andrew_fast_1,andrew_fast_1,2513590989663767,2026-09-19T22:22:34.113672Z,-0.5267244,5.1731215,9.2059298,-0.3010693,0.1323153,0.2754223,0.2971093,5.3079948,8.2445745,0.0747116,0.2784787,0.9372294,0.1961349
gait_20260919_222211_andrew_fast_1,andrew_fast_1,2513591009858428,2026-09-19T22:22:34.134035Z,-0.1900398,5.4541411,8.8600426,-0.0228658,0.0222330,0.3873199,0.3412184,5.3214970,8.2341566,0.0750588,0.2787060,0.9384516,0.1897308
gait_20260919_222211_andrew_fast_1,andrew_fast_1,2513591030001820,2026-09-19T22:22:34.162679Z,-0.0469114,5.6919899,8.2335100,0.2254939,-0.0162209,0.3757787,0.3731038,5.3560824,8.2103157,0.0752083,0.2797933,0.9389600,0.1855094
gait_20260919_222211_andrew_fast_1,andrew_fast_1,2513591050196034,2026-09-19T22:22:34.174504Z,-0.1664718,5.7298484,7.5237041,0.3736803,-0.0637511,0.2795191,0.4197149,5.4371476,8.1545925,0.0773460,0.2848619,0.9386336,0.1784327
gait_20260919_222211_andrew_fast_1,andrew_fast_1,2513591070363678,2026-09-19T22:22:34.194514Z,-0.3304746,5.5300074,7.0994067,0.3674851,-0.0984912,0.1646905,0.4498376,5.4903374,8.1172619,0.0785855,0.2882279,0.9382325,0.1745533
gait_20260919_222211_andrew_fast_1,andrew_fast_1,2513591090506825,2026-09-19T22:22:34.214787Z,-0.7402573,5.3874025,7.2506156,0.2323053,-0.0847018,0.1071679,0.4666112,5.5146785,8.0997972,0.0791684,0.2901520,0.9381906,0.1712966
gait_20260919_222211_andrew_fast_1,andrew_fast_1,2513591110702586,2026-09-19T22:22:34.234911Z,-0.8411130,5.4113445,7.7245927,0.0220831,-0.0021150,0.1313327,0.3922831,5.5135040,8.1045351,0.0756426,0.2906617,0.9388705,0.1682739
gait_20260919_222211_andrew_fast_1,andrew_fast_1,2513591130863555,2026-09-19T22:22:34.255326Z,-0.2975544,5.4839940,8.2044802,-0.1523000,0.0244146,0.2317557,0.3860811,5.4785786,8.1284819,0.0712372,0.2894272,0.9403421,0.1640545
gait_20260919_222211_andrew_fast_1,andrew_fast_1,2513591151037180,2026-09-19T22:22:34.275324Z,0.1444003,5.5783405,8.4501104,-0.2565368,0.1135963,0.2762716,0.3864653,5.4301639,8.1608868,0.0694670,0.2870995,0.9421127,0.1586566
gait_20260919_222211_andrew_fast_1,andrew_fast_1,2513591171207346,2026-09-19T22:22:34.295560Z,0.0932242,5.6265984,8.4634285,-0.2872965,0.2748893,0.2199981,0.3478045,5.3813438,8.1948938,0.0658435,0.2849218,0.9439265,0.1532549
gait_20260919_222211_andrew_fast_1,andrew_fast_1,2513591191355947,2026-09-19T22:22:34.316819Z,-0.2986767,5.4904284,8.3006229,-0.2722747,0.4285050,0.1105153,0.2770725,5.3389997,8.2252302,0.0604466,0.2832694,0.9456015,0.1481303
gait_20260919_222211_andrew_fast_1,andrew_fast_1,2513591211538930,2026-09-19T22:22:34.335438Z,-0.7840263,5.2053685,8.1200094,-0.2192487,0.4549181,0.0388369,0.1902440,5.3079324,8.2477741,0.0543932,0.2821662,0.9469361,0.1439989
gait_20260919_222211_andrew_fast_1,andrew_fast_1,2513591231715525,2026-09-19T22:22:34.355955Z,-0.9936685,5.0134583,8.1445503,-0.1383606,0.3226361,0.0544083,0.1084444,5.2881355,8.2619591,0.0483254,0.2815124,0.9480211,0.1402556
gait_20260919_222211_andrew_fast_1,andrew_fast_1,2513591251868804,2026-09-19T22:22:34.375654Z,-1.0874165,5.1850929,8.1979713,-0.0661493,0.1603938,0.1621424,0.0146186,5.2717085,8.2731485,0.0404035,0.2806848,0.9490656,0.1373252
gait_20260919_222211_andrew_fast_1,andrew_fast_1,2513591272044261,2026-09-19T22:22:34.395936Z,-0.6064812,5.4450879,8.1535292,0.1111149,-0.0973920,0.3071480,0.0517748,5.3088112,8.2492399,0.0381102,0.2813044,0.9494768,0.1338250
gait_20260919_222211_andrew_fast_1,andrew_fast_1,2513591292217925,2026-09-19T22:22:34.416478Z,-0.1530793,5.5873184,8.0518503,0.2240117,-0.2477768,0.3915999,0.1370886,5.3494115,8.2219906,0.0432689,0.2840932,0.9494084,0.1266596
gait_20260919_222211_andrew_fast_1,andrew_fast_1,2513591312370026,2026-09-19T22:22:34.437260Z,0.0726491,5.7143607,7.8655510,0.2305233,-0.2308731,0.3664525,0.2041573,5.3844333,8.1977015,0.0458104,0.2860609,0.9494459,0.1209258
gait_20260919_222211_andrew_fast_1,andrew_fast_1,2513591332555043,2026-09-19T22:22:34.457082Z,-0.1043722,5.6528597,7.7495070,0.1613930,-0.1040369,0.2673618,0.2236743,5.3965569,8.1892157,0.0466623,0.2874431,0.9495767,0.1162046
gait_20260919_222211_andrew_fast_1,andrew_fast_1,2513591362809479,2026-09-19T22:22:34.487118Z,-0.8104373,5.0839376,8.0072584,-0.0975752,0.2047431,0.0904973,0.2314816,5.4006009,8.1863317,0.0454745,0.2877113,0.9500686,0.1119106
gait_20260919_222211_andrew_fast_1,andrew_fast_1,2513591382950877,2026-09-19T22:22:34.507945Z,-0.9980080,5.0862570,8.0291796,-0.1768645,0.3830398,0.2016954,0.1984745,5.3801680,8.2006407,0.0422230,0.2869771,0.9509579,0.1074271
gait_20260919_222211_andrew_fast_1,andrew_fast_1,2513591403144440,2026-09-19T22:22:34.527040Z,-0.5849334,5.3045034,7.7200284,-0.2314726,0.4385473,0.3386072,0.1429580,5.3470721,8.2234116,0.0373067,0.2856178,0.9522099,0.1016225
gait_20260919_222211_andrew_fast_1,andrew_fast_1,2513591423312652,2026-09-19T22:22:34.547258Z,-0.4861726,5.5646486,7.6185741,-0.3435701,0.4703229,0.3894016,0.1074411,5.3054371,8.2508726,0.0329053,0.2837484,0.9537187,0.0939400
gait_20260919_222211_andrew_fast_1,andrew_fast_1,2513591443481435,2026-09-19T22:22:34.567375Z,-0.4848258,5.3137813,7.5881977,-0.4784167,0.5822538,0.4309031,0.0691264,5.2438068,8.2905865,0.0281670,0.2806979,0.9555359,0.0858277
gait_20260919_222211_andrew_fast_1,andrew_fast_1,2513591463649648,2026-09-19T22:22:34.588059Z,-0.1029507,5.5163155,8.3856916,-0.6225896,0.5014158,0.4011759,0.0138994,5.1584272,8.3442516,0.0220648,0.2763675,0.9577685,0.0762472
gait_20260919_222211_andrew_fast_1,andrew_fast_1,2513591483794058,2026-09-19T22:22:34.607755Z,-0.0953192,5.3839612,9.0930281,-0.5483298,0.4470741,0.3298805,-0.0276547,5.0511146,8.4096136,0.0171880,0.2706127,0.9601008,0.0684105
gait_20260919_222211_andrew_fast_1,andrew_fast_1,2513591503987986,2026-09-19T22:22:34.628158Z,0.1378162,5.5393596,9.0450697,-0.4124006,0.5697134,0.2409487,-0.0721829,4.9613271,8.4626322,0.0126199,0.2658201,0.9619687,0.0616176
gait_20260919_222211_andrew_fast_1,andrew_fast_1,2513591524155508,2026-09-19T22:22:34.648154Z,-0.1588403,5.2943282,7.8844056,-0.2741732,0.6165609,0.0780402,-0.1521356,4.8956313,8.4997501,0.0066246,0.2624578,0.9633039,0.0558361
gait_20260919_222211_andrew_fast_1,andrew_fast_1,2513591544299347,2026-09-19T22:22:34.668315Z,-0.5850082,4.8220720,6.6418147,-0.2484929,0.3196051,-0.1185092,-0.2518742,4.8527651,8.5219326,0.0000289,0.2603975,0.9641384,0.0512869
gait_20260919_222211_andrew_fast_1,andrew_fast_1,2513591564475739,2026-09-19T22:22:34.688847Z,-1.2499977,4.5905075,6.3310175,-0.4479734,-0.0577058,-0.2524066,-0.3102702,4.8080058,8.5453444,-0.0036143,0.2580791,0.9648399,0.0496590
gait_20260919_222211_andrew_fast_1,andrew_fast_1,2513591584662587,2026-09-19T22:22:34.709149Z,-1.2669816,4.6524577,6.8264675,-0.8182729,-0.3213371,-0.1685209,-0.3151706,4.7209344,8.5935764,-0.0040420,0.2532263,0.9661031,0.0500499
gait_20260919_222211_andrew_fast_1,andrew_fast_1,2513591604831248,2026-09-19T22:22:34.729286Z,-0.9166800,4.8900824,8.4652987,-1.2031281,-0.3123107,-0.0488626,-0.2667747,4.5647793,8.6791544,-0.0020877,0.2443814,0.9684083,0.0495882
gait_20260919_222211_andrew_fast_1,andrew_fast_1,2513591624998688,2026-09-19T22:22:34.749717Z,-0.9491513,4.7636385,9.7227039,-1.3339444,0.0906472,0.0451987,-0.2269211,4.3475375,8.7911053,-0.0008415,0.2320786,0.9714987,0.0482605
gait_20260919_222211_andrew_fast_1,andrew_fast_1,2513591645167552,2026-09-19T22:22:34.769063Z,-1.3103765,4.4078751,9.9539680,-1.1742501,0.4318191,0.0918629,-0.2527864,4.1090794,8.9043627,-0.0036370,0.2190704,0.9746802,0.0446475
gait_20260919_222211_andrew_fast_1,andrew_fast_1,2513591665309967,2026-09-19T22:22:34.789548Z,-1.1719618,4.0140285,9.4882965,-0.9472741,0.5358227,0.1316325,-0.3333964,3.9048922,8.9931517,-0.0093255,0.2081474,0.9772404,0.0398616
gait_20260919_222211_andrew_fast_1,andrew_fast_1,2513591685505280,2026-09-19T22:22:34.809684Z,-0.7927052,3.8321443,9.2229137,-0.7924761,0.1565301,0.1903874,-0.4177339,3.7407956,9.0591421,-0.0150015,0.1994239,0.9791716,0.0350467
gait_20260919_222211_andrew_fast_1,andrew_fast_1,2513591705674632,2026-09-19T22:22:34.830004Z,-0.5073463,3.9565680,9.2207441,-0.6880394,-0.3399062,0.1373114,-0.4172044,3.6018877,9.1152868,-0.0159799,0.1919027,0.9807925,0.0310502
gait_20260919_222211_andrew_fast_1,andrew_fast_1,2513591725841177,2026-09-19T22:22:34.850244Z,-0.2278981,4.0203137,8.7530518,-0.6357628,-1.0147225,0.0825367,-0.3261244,3.4795582,9.1663752,-0.0119945,0.1851739,0.9822297,0.0281392
gait_20260919_222211_andrew_fast_1,andrew_fast_1,2513591745984243,2026-09-19T22:22:34.870643Z,0.2171990,2.8499231,9.3591585,-0.7847154,-1.8225200,0.1777138,-0.1023292,3.3624735,9.2151728,-0.0006889,0.1785500,0.9835429,0.0276214
gait_20260919_222211_andrew_fast_1,andrew_fast_1,2513591766178539,2026-09-19T22:22:34.890100Z,0.3568857,2.0398598,9.7986450,-0.9260737,-1.9898752,0.3396730,0.2726352,3.2095859,9.2660856,0.0184541,0.1698968,0.9848977,0.0277664
gait_20260919_222211_andrew_fast_1,andrew_fast_1,2513591786324209,2026-09-19T22:22:34.913430Z,0.5265747,2.0972459,9.7799397,-0.8795260,-1.5834033,0.5475637,0.6643929,3.0191259,9.3101864,0.0379072,0.1590396,0.9861950,0.0262482
gait_20260919_222211_andrew_fast_1,andrew_fast_1,2513591806490347,2026-09-19T22:22:34.932624Z,0.6313959,2.6280854,9.9790325,-0.7050930,-0.6915035,0.6494357,0.9745353,2.8448203,9.3377399,0.0526557,0.1498546,0.9871014,0.0200490
gait_20260919_222211_andrew_fast_1,andrew_fast_1,2513591826659373,2026-09-19T22:22:34.950663Z,0.6490531,3.1708956,10.1810436,-0.4407123,0.3595578,0.6440232,1.1057476,2.7053530,9.3645344,0.0581287,0.1429515,0.9879473,0.0120846
gait_20260919_222211_andrew_fast_1,andrew_fast_1,2513591846842642,2026-09-19T22:22:34.970825Z,2.2534676,3.6005054,10.6610813,-0.0869334,0.9746198,0.6097661,1.0375813,2.6187799,9.3968897,0.0532394,0.1389863,0.9888589,0.0025588
gait_20260919_222211_andrew_fast_1,andrew_fast_1,2513591867021800,2026-09-19T22:22:34.990969Z,3.4710686,3.7697453,11.2918777,0.4386306,1.5092767,0.2753223,0.8637144,2.6058922,9.4180374,-0.0429051,-0.1387629,-0.9893665,0.0076169
gait_20260919_222211_andrew_fast_1,andrew_fast_1,2513591887166291,2026-09-19T22:22:35.011260Z,1.4657751,2.8204443,10.3039703,1.0382377,1.6426579,-0.1448890,0.5707160,2.7076986,9.4116287,-0.0268154,-0.1441395,-0.9890857,0.0146357
gait_20260919_222211_andrew_fast_1,andrew_fast_1,2513591907340404,2026-09-19T22:22:35.031968Z,-0.1135001,2.4319103,9.5061026,1.4252412,0.8896516,-0.2999368,0.2543013,2.9254768,9.3601828,-0.0098777,-0.1553776,-0.9876442,0.0178681
gait_20260919_222211_andrew_fast_1,andrew_fast_1,2513591927524405,2026-09-19T22:22:35.053129Z,-0.9761609,2.7224319,8.6830959,1.5102427,-0.1211405,-0.2461780,0.0974699,3.2000055,9.2728949,-0.0013786,-0.1696791,-0.9853268,0.0183927
gait_20260919_222211_andrew_fast_1,andrew_fast_1,2513591947694530,2026-09-19T22:22:35.071675Z,-1.1620108,3.3343747,8.3415480,1.2606839,-0.9457253,0.0069780,0.1379677,3.4783411,9.1715984,-0.0032236,-0.1845684,-0.9826543,0.0177448
gait_20260919_222211_andrew_fast_1,andrew_fast_1,2513591967861888,2026-09-19T22:22:35.092496Z,-0.7254431,3.8938699,8.4019270,0.9525201,-0.8640546,0.3090965,0.3299906,3.6999285,9.0795231,-0.0128639,-0.1967008,-0.9802101,0.0182039
gait_20260919_222211_andrew_fast_1,andrew_fast_1,2513591988018830,2026-09-19T22:22:35.113986Z,-0.1393874,4.0305638,8.4213057,0.6844422,-0.4889253,0.5080440,0.4981189,3.8618157,9.0041304,-0.0207348,-0.2057202,-0.9781407,0.0221417
gait_20260919_222211_andrew_fast_1,andrew_fast_1,2513592008197663,2026-09-19T22:22:35.132804Z,0.3958663,4.1143608,8.3610010,0.4245414,-0.2725911,0.5346236,0.6175645,3.9705324,8.9492788,-0.0254841,-0.2120213,-0.9765133,0.0286253
gait_20260919_222211_andrew_fast_1,andrew_fast_1,2513592028369009,2026-09-19T22:22:35.153516Z,0.5815666,4.3634324,8.5927153,0.1592446,-0.1224895,0.4294043,0.7024103,4.0306783,8.9160738,-0.0283730,-0.2157052,-0.9754037,0.0354123
gait_20260919_222211_andrew_fast_1,andrew_fast_1,2513592048535513,2026-09-19T22:22:35.173376Z,0.6107459,4.3988967,8.9893293,0.0015155,0.0190188,0.3291311,0.7525054,4.0452256,8.9053907,-0.0297049,-0.2168250,-0.9748871,0.0412283
gait_20260919_222211_andrew_fast_1,andrew_fast_1,2513592068680451,2026-09-19T22:22:35.193166Z,0.6360347,4.3201871,9.1122570,-0.0124238,0.0053459,0.2665791,0.7707553,4.0370703,8.9075308,-0.0296319,-0.2166009,-0.9747236,0.0460444
gait_20260919_222211_andrew_fast_1,andrew_fast_1,2513592088871980,2026-09-19T22:22:35.213361Z,0.9724200,4.5572882,9.3109760,0.0873164,-0.0635346,0.2121041,0.7929919,4.0317879,8.9079714,-0.0298124,-0.2165490,-0.9745033,0.0506071
gait_20260919_222211_andrew_fast_1,andrew_fast_1,2513592109040518,2026-09-19T22:22:35.233449Z,1.1461493,4.5987377,9.0762691,0.2316392,0.0440496,0.0997902,0.8204091,4.0485854,8.8978643,-0.0303504,-0.2177068,-0.9740196,0.0544847
gait_20260919_222211_andrew_fast_1,andrew_fast_1,2513592129210888,2026-09-19T22:22:35.254061Z,0.5176713,4.5545945,8.6877346,0.2990542,0.1262033,0.0058788,0.8150039,4.0931072,8.8779697,-0.0293143,-0.2202350,-0.9733195,0.0573281
gait_20260919_222211_andrew_fast_1,andrew_fast_1,2513592149378978,2026-09-19T22:22:35.273572Z,-0.0158616,4.5959692,8.6735191,0.2887954,0.0808547,0.0366719,0.7899135,4.1486115,8.8544436,-0.0273223,-0.2232585,-0.9725487,0.0596509
gait_20260919_222211_andrew_fast_1,andrew_fast_1,2513592169526277,2026-09-19T22:22:35.293733Z,0.2028338,4.3446531,8.9439898,0.3061321,-0.1079340,0.1466543,0.7753445,4.2031956,8.8299541,-0.0259232,-0.2261761,-0.9717602,0.0620859
gait_20260919_222211_andrew_fast_1,andrew_fast_1,2513592189715160,2026-09-19T22:22:35.314139Z,0.7477391,4.3093386,9.0298061,0.4019253,-0.1623256,0.2059921,0.8134483,4.2565641,8.8009138,-0.0270238,-0.2293671,-0.9707794,0.0651760
gait_20260919_222211_andrew_fast_1,andrew_fast_1,2513592209883210,2026-09-19T22:22:35.334053Z,0.7798364,4.5882630,8.7416048,0.4904408,-0.1301003,0.1682544,0.8609686,4.3278794,8.7615242,-0.0284430,-0.2336241,-0.9694824,0.0686641
gait_20260919_222211_andrew_fast_1,andrew_fast_1,2513592230052399,2026-09-19T22:22:35.354828Z,0.7893384,4.7122378,8.6005707,0.5000169,-0.0704294,0.1242048,0.8966264,4.4136891,8.7150173,-0.0291779,-0.2386581,-0.9679863,0.0720671
gait_20260919_222211_andrew_fast_1,andrew_fast_1,2513592250220653,2026-09-19T22:22:35.374729Z,0.7361422,4.8614264,8.5410900,0.4295708,0.0398361,0.0958099,0.9164326,4.4986882,8.6693754,-0.0291198,-0.2435881,-0.9665209,0.0751951
gait_20260919_222211_andrew_fast_1,andrew_fast_1,2513592270389232,2026-09-19T22:22:35.395005Z,0.5999720,4.7460561,8.2390471,0.3157081,0.1001066,0.0753423,0.9141467,4.5693498,8.6325827,-0.0279384,-0.2476257,-0.9652826,0.0782980
gait_20260919_222211_andrew_fast_1,andrew_fast_1,2513592290557730,2026-09-19T22:22:35.414773Z,0.6876596,4.7503953,8.0106993,0.1925858,0.1045699,0.0898811,0.9022663,4.6189213,8.6074152,-0.0263461,-0.2504423,-0.9643536,0.0812822
gait_20260919_222211_andrew_fast_1,andrew_fast_1,2513592310703970,2026-09-19T22:22:35.436144Z,0.8672996,4.9283895,7.9464302,0.0686641,0.0986744,0.0931120,0.8847864,4.6527953,8.5909691,-0.0238134,-0.2524305,-0.9634036,0.0869788
gait_20260919_222211_andrew_fast_1,andrew_fast_1,2513592320810334,2026-09-19T22:22:35.453474Z,0.9014918,4.9500122,7.9956613,-0.0380708,0.0664324,0.0660660,0.8847864,4.6527953,8.5909691,-0.0238134,-0.2524305,-0.9634036,0.0869788
gait_20260919_222211_andrew_fast_1,andrew_fast_1,2513592330881217,2026-09-19T22:22:35.473885Z,0.8946832,4.9418569,8.1066923,-0.1091997,0.0500783,0.0407354,0.8797499,4.6420779,8.5972824,-0.0230527,-0.2518649,-0.9633763,0.0890997
gait_20260919_222211_andrew_fast_1,andrew_fast_1,2513592340978629,2026-09-19T22:22:35.474273Z,0.7987655,4.9780688,8.3193274,-0.1091997,0.0500783,0.0407354,0.8797499,4.6420779,8.5972824,-0.0230527,-0.2518649,-0.9633763,0.0890997
gait_20260919_222211_andrew_fast_1,andrew_fast_1,2513592351062897,2026-09-19T22:22:35.494319Z,0.6919243,4.9772463,8.5474501,-0.1010725,0.0284449,0.0517936,0.8752870,4.6213717,8.6088848,-0.0225611,-0.2507089,-0.9635585,0.0905047
gait_20260919_222211_andrew_fast_1,andrew_fast_1,2513592361147208,2026-09-19T22:22:35.494718Z,0.5657798,4.8674870,8.6479311,-0.1010725,0.0284449,0.0517936,0.8752870,4.6213717,8.6088848,-0.0225611,-0.2507089,-0.9635585,0.0905047
gait_20260919_222211_andrew_fast_1,andrew_fast_1,2513592371232372,2026-09-19T22:22:35.513256Z,0.5082442,4.7110410,8.6754646,-0.0218000,0.0228158,0.0803218,0.8756375,4.6041751,8.6180592,-0.0222199,-0.2497980,-0.9636382,0.0922425
gait_20260919_222211_andrew_fast_1,andrew_fast_1,2513592381294750,2026-09-19T22:22:35.513635Z,0.4935797,4.6812630,8.7159414,-0.0218000,0.0228158,0.0803218,0.8756375,4.6041751,8.6180592,-0.0222199,-0.2497980,-0.9636382,0.0922425
gait_20260919_222211_andrew_fast_1,andrew_fast_1,2513592391400503,2026-09-19T22:22:35.533715Z,0.5794716,4.7040825,8.7263412,0.0547913,0.0000666,0.1007561,0.8798478,4.6017208,8.6189404,-0.0219070,-0.2497453,-0.9634523,0.0943782
gait_20260919_222211_andrew_fast_1,andrew_fast_1,2513592401484854,2026-09-19T22:22:35.535059Z,0.6285528,4.7363296,8.7089090,0.0547913,0.0000666,0.1007561,0.8798478,4.6017208,8.6189404,-0.0219070,-0.2497453,-0.9634523,0.0943782
gait_20260919_222211_andrew_fast_1,andrew_fast_1,2513592411546988,2026-09-19T22:22:35.553664Z,0.6288521,4.7673044,8.6658134,0.1150285,-0.0475136,0.1122806,0.8902684,4.6117449,8.6125107,-0.0217719,-0.2504351,-0.9630328,0.0968311
gait_20260919_222211_andrew_fast_1,andrew_fast_1,2513592421681103,2026-09-19T22:22:35.554660Z,0.5858312,4.7708211,8.6701527,0.1150285,-0.0475136,0.1122806,0.8902684,4.6117449,8.6125107,-0.0217719,-0.2504351,-0.9630328,0.0968311
gait_20260919_222211_andrew_fast_1,andrew_fast_1,2513592431715241,2026-09-19T22:22:35.573477Z,0.5273978,4.7576528,8.6635685,0.1870234,-0.1465710,0.1264531,0.9112616,4.6318116,8.5995369,-0.0221554,-0.2517489,-0.9624411,0.0991903
gait_20260919_222211_andrew_fast_1,andrew_fast_1,2513592441821972,2026-09-19T22:22:35.573867Z,0.5082442,4.7839141,8.6692543,0.1870234,-0.1465710,0.1264531,0.9112616,4.6318116,8.5995369,-0.0221554,-0.2517489,-0.9624411,0.0991903
gait_20260919_222211_andrew_fast_1,andrew_fast_1,2513592451906241,2026-09-19T22:22:35.593256Z,0.5217115,4.8232689,8.6310968,0.2650302,-0.2491424,0.1413583,0.9517471,4.6644926,8.5774584,-0.0237382,-0.2538634,-0.9617041,0.1005747
gait_20260919_222211_andrew_fast_1,andrew_fast_1,2513592461991202,2026-09-19T22:22:35.593920Z,0.5299416,4.8182559,8.4950762,0.2650302,-0.2491424,0.1413583,0.9517471,4.6644926,8.5774584,-0.0237382,-0.2538634,-0.9617041,0.1005747
gait_20260919_222211_andrew_fast_1,andrew_fast_1,2513592472074821,2026-09-19T22:22:35.613285Z,0.6238392,4.8407764,8.3945198,0.3071480,-0.3266664,0.1330980,1.0110843,4.7098622,8.5458193,-0.0261115,-0.2568359,-0.9606591,0.1024096
gait_20260919_222211_andrew_fast_1,andrew_fast_1,2513592482158682,2026-09-19T22:22:35.613550Z,0.7735516,4.8861170,8.3302507,0.3071480,-0.3266664,0.1330980,1.0110843,4.7098622,8.5458193,-0.0261115,-0.2568359,-0.9606591,0.1024096
gait_20260919_222211_andrew_fast_1,andrew_fast_1,2513592492235668,2026-09-19T22:22:35.633551Z,0.8695441,4.9888430,8.2736874,0.2917764,-0.3370584,0.0957266,1.0812933,4.7609334,8.5088444,-0.0291268,-0.2602091,-0.9595128,0.1038177
gait_20260919_222211_andrew_fast_1,andrew_fast_1,2513592502331616,2026-09-19T22:22:35.633750Z,0.9546131,5.0389714,8.2338095,0.2917764,-0.3370584,0.0957266,1.0812933,4.7609334,8.5088444,-0.0291268,-0.2602091,-0.9595128,0.1038177
gait_20260919_222211_andrew_fast_1,andrew_fast_1,2513592512412467,2026-09-19T22:22:35.653859Z,0.9619454,5.0604444,8.2099419,0.2155182,-0.2628153,0.0654498,1.1465878,4.8078737,8.4738293,-0.0322045,-0.2632952,-0.9585397,0.1041171
gait_20260919_222211_andrew_fast_1,andrew_fast_1,2513592522496410,2026-09-19T22:22:35.654126Z,0.9058313,5.0962081,8.2104654,0.2155182,-0.2628153,0.0654498,1.1465878,4.8078737,8.4738293,-0.0322045,-0.2632952,-0.9585397,0.1041171
gait_20260919_222211_andrew_fast_1,andrew_fast_1,2513592532587231,2026-09-19T22:22:35.673847Z,0.8908675,5.1621232,8.2938137,0.1271026,-0.1727676,0.0563568,1.1943028,4.8408251,8.4484415,-0.0342355,-0.2655136,-0.9577426,0.1051641
gait_20260919_222211_andrew_fast_1,andrew_fast_1,2513592542642570,2026-09-19T22:22:35.674152Z,0.8619874,5.1490302,8.3293533,0.1271026,-0.1727676,0.0563568,1.1943028,4.8408251,8.4484415,-0.0342355,-0.2655136,-0.9577426,0.1051641
gait_20260919_222211_andrew_fast_1,andrew_fast_1,2513592552748608,2026-09-19T22:22:35.693801Z,0.8138790,5.1203742,8.3707275,0.0807548,-0.1013557,0.0567232,1.2255902,4.8590088,8.4335089,-0.0354441,-0.2667983,-0.9572083,0.1063709
gait_20260919_222211_andrew_fast_1,andrew_fast_1,2513592562836132,2026-09-19T22:22:35.694148Z,0.8216601,5.0727897,8.4450226,0.0807548,-0.1013557,0.0567232,1.2255902,4.8590088,8.4335089,-0.0354441,-0.2667983,-0.9572083,0.1063709
gait_20260919_222211_andrew_fast_1,andrew_fast_1,2513592572917106,2026-09-19T22:22:35.713469Z,0.8678981,5.0239329,8.4861727,0.0963095,-0.0450821,0.0628518,1.2458782,4.8707314,8.4237680,-0.0363464,-0.2676120,-0.9569074,0.1067294
gait_20260919_222211_andrew_fast_1,andrew_fast_1,2513592583001904,2026-09-19T22:22:35.713937Z,0.9205706,4.9975967,8.4617825,0.0963095,-0.0450821,0.0628518,1.2458782,4.8707314,8.4237680,-0.0363464,-0.2676120,-0.9569074,0.1067294
gait_20260919_222211_andrew_fast_1,andrew_fast_1,2513592593076164,2026-09-19T22:22:35.733821Z,0.9323919,5.0705452,8.4759979,0.1167439,-0.0306598,0.0630184,1.2580854,4.8861880,8.4129953,-0.0365680,-0.2686224,-0.9564814,0.1079269
gait_20260919_222211_andrew_fast_1,andrew_fast_1,2513592603170076,2026-09-19T22:22:35.734043Z,0.9858873,5.1661634,8.5121355,0.1167439,-0.0306598,0.0630184,1.2580854,4.8861880,8.4129953,-0.0365680,-0.2686224,-0.9564814,0.1079269
gait_20260919_222211_andrew_fast_1,andrew_fast_1,2513592613255118,2026-09-19T22:22:35.753716Z,1.0661680,5.1863647,8.4755487,0.1347967,-0.0280119,0.0466143,1.2688372,4.9051709,8.4003248,-0.0365843,-0.2698433,-0.9559584,0.1094989
gait_20260919_222211_andrew_fast_1,andrew_fast_1,2513592623319002,2026-09-19T22:22:35.754463Z,1.0919805,5.1718497,8.3815765,0.1347967,-0.0280119,0.0466143,1.2688372,4.9051709,8.4003248,-0.0365843,-0.2698433,-0.9559584,0.1094989
gait_20260919_222211_andrew_fast_1,andrew_fast_1,2513592633423128,2026-09-19T22:22:35.776047Z,1.0721534,5.2016277,8.3179808,0.1360957,-0.1027879,0.0249975,1.2783910,4.9274106,8.3858480,-0.0365827,-0.2712297,-0.9554132,0.1108241
gait_20260919_222211_andrew_fast_1,andrew_fast_1,2513592643508577,2026-09-19T22:22:35.776737Z,1.0580127,5.2278142,8.2974796,0.1360957,-0.1027879,0.0249975,1.2783910,4.9274106,8.3858480,-0.0365827,-0.2712297,-0.9554132,0.1108241
gait_20260919_222211_andrew_fast_1,andrew_fast_1,2513592653570141,2026-09-19T22:22:35.793353Z,1.0020483,5.1859155,8.2754831,0.1454552,-0.1743664,0.0348566,1.3002492,4.9502897,8.3689966,-0.0372828,-0.2727340,-0.9548302,0.1119174
gait_20260919_222211_andrew_fast_1,andrew_fast_1,2513592663654451,2026-09-19T22:22:35.793578Z,0.9449615,5.1511998,8.2510920,0.1454552,-0.1743664,0.0348566,1.3002492,4.9502897,8.3689966,-0.0372828,-0.2727340,-0.9548302,0.1119174
gait_20260919_222211_andrew_fast_1,andrew_fast_1,2513592673738599,2026-09-19T22:22:35.813553Z,0.9353099,5.1189528,8.2606697,0.1767146,-0.2094395,0.0717617,1.3348578,4.9746051,8.3491058,-0.0385247,-0.2744404,-0.9541150,0.1134151
gait_20260919_222211_andrew_fast_1,andrew_fast_1,2513592683847322,2026-09-19T22:22:35.814499Z,0.9665093,5.1093760,8.2394953,0.1767146,-0.2094395,0.0717617,1.3348578,4.9746051,8.3491058,-0.0385247,-0.2744404,-0.9541150,0.1134151
gait_20260919_222211_andrew_fast_1,andrew_fast_1,2513592693906119,2026-09-19T22:22:35.833778Z,1.0084827,5.1332431,8.2195940,0.2021617,-0.2098892,0.1026713,1.3785846,5.0034299,8.3247414,-0.0402064,-0.2764839,-0.9532719,0.1149469
gait_20260919_222211_andrew_fast_1,andrew_fast_1,2513592704016756,2026-09-19T22:22:35.834292Z,1.0227730,5.1858411,8.2195940,0.2021617,-0.2098892,0.1026713,1.3785846,5.0034299,8.3247414,-0.0402064,-0.2764839,-0.9532719,0.1149469
gait_20260919_222211_andrew_fast_1,andrew_fast_1,2513592714100252,2026-09-19T22:22:35.853911Z,1.1107600,5.2540755,8.2680759,0.2059588,-0.1404923,0.1159112,1.4233284,5.0350270,8.2981176,-0.0418793,-0.2787095,-0.9523469,0.1166299
gait_20260919_222211_andrew_fast_1,andrew_fast_1,2513592724184602,2026-09-19T22:22:35.854330Z,1.2271780,5.3140802,8.3467112,0.2059588,-0.1404923,0.1159112,1.4233284,5.0350270,8.2981176,-0.0418793,-0.2787095,-0.9523469,0.1166299
gait_20260919_222211_andrew_fast_1,andrew_fast_1,2513592734272859,2026-09-19T22:22:35.874588Z,1.2515689,5.3509660,8.2812443,0.1891384,-0.0878660,0.0982414,1.4560211,5.0662479,8.2734060,-0.0428740,-0.2808417,-0.9514506,0.1184551
gait_20260919_222211_andrew_fast_1,andrew_fast_1,2513592744329175,2026-09-19T22:22:35.875036Z,1.2194717,5.3207393,8.1090117,0.1891384,-0.0878660,0.0982414,1.4560211,5.0662479,8.2734060,-0.0428740,-0.2808417,-0.9514506,0.1184551
gait_20260919_222211_andrew_fast_1,andrew_fast_1,2513592754436393,2026-09-19T22:22:35.893978Z,1.1715128,5.2869959,7.9796500,0.1469707,-0.0561070,0.0912967,1.4789438,5.0942812,8.2520990,-0.0433157,-0.2827286,-0.9506203,0.1204554
gait_20260919_222211_andrew_fast_1,andrew_fast_1,2513592764516064,2026-09-19T22:22:35.894333Z,1.1633576,5.2762222,7.9557080,0.1469707,-0.0561070,0.0912967,1.4789438,5.0942812,8.2520990,-0.0433157,-0.2827286,-0.9506203,0.1204554
gait_20260919_222211_andrew_fast_1,andrew_fast_1,2513592774614982,2026-09-19T22:22:35.913709Z,1.1430817,5.2367177,7.9496474,0.1029877,-0.0092596,0.1107318,1.4961977,5.1146727,8.2363605,-0.0434454,-0.2841493,-0.9499107,0.1226431
gait_20260919_222211_andrew_fast_1,andrew_fast_1,2513592784700716,2026-09-19T22:22:35.914209Z,1.1353754,5.2356701,8.0200520,0.1029877,-0.0092596,0.1107318,1.4961977,5.1146727,8.2363605,-0.0434454,-0.2841493,-0.9499107,0.1226431
gait_20260919_222211_andrew_fast_1,andrew_fast_1,2513592794750155,2026-09-19T22:22:35.933871Z,1.1462240,5.2846017,8.0079317,0.0361723,-0.0541752,0.1165107,1.5079429,5.1271224,8.2264719,-0.0432580,-0.2850817,-0.9493205,0.1250917
gait_20260919_222211_andrew_fast_1,andrew_fast_1,2513592804858959,2026-09-19T22:22:35.935483Z,1.3583354,5.3651066,6.9842606,0.0361723,-0.0541752,0.1165107,1.5079429,5.1271224,8.2264719,-0.0432580,-0.2850817,-0.9493205,0.1250917
gait_20260919_222211_andrew_fast_1,andrew_fast_1,2513592814918408,2026-09-19T22:22:35.953120Z,1.7054198,5.7542396,6.7217212,-0.1493189,-0.1272858,0.0090264,1.5330400,5.1260762,8.2224846,-0.0440255,-0.2853011,-0.9489679,0.1269847
gait_20260919_222211_andrew_fast_1,andrew_fast_1,2513592825025220,2026-09-19T22:22:35.953545Z,1.9043630,5.8082585,7.3935194,-0.1493189,-0.1272858,0.0090264,1.5330400,5.1260762,8.2224846,-0.0440255,-0.2853011,-0.9489679,0.1269847
gait_20260919_222211_andrew_fast_1,andrew_fast_1,2513592835111849,2026-09-19T22:22:35.973652Z,1.9370588,5.5856724,7.7932763,-0.2482264,0.0795391,-0.1040869,1.5523190,5.0998173,8.2351856,-0.0449746,-0.2838844,-0.9492481,0.1277305
gait_20260919_222211_andrew_fast_1,andrew_fast_1,2513592845196687,2026-09-19T22:22:35.974043Z,1.6426468,5.3244052,8.0309010,-0.2482264,0.0795391,-0.1040869,1.5523190,5.0998173,8.2351856,-0.0449746,-0.2838844,-0.9492481,0.1277305
gait_20260919_222211_andrew_fast_1,andrew_fast_1,2513592855260856,2026-09-19T22:22:35.993288Z,1.2872576,5.1494040,8.4492130,-0.2590515,0.2666290,-0.1037039,1.5208359,5.0599179,8.2656155,-0.0435355,-0.2813331,-0.9500511,0.1279035
gait_20260919_222211_andrew_fast_1,andrew_fast_1,2513592865371086,2026-09-19T22:22:35.993478Z,1.1046996,5.0581999,8.8965540,-0.2590515,0.2666290,-0.1037039,1.5208359,5.0599179,8.2656155,-0.0435355,-0.2813331,-0.9500511,0.1279035
gait_20260919_222211_andrew_fast_1,andrew_fast_1,2513592875452466,2026-09-19T22:22:36.013354Z,1.1509377,5.1425958,9.2430401,-0.1380609,0.4133832,-0.0562236,1.4594616,5.0208383,8.3004379,-0.0402910,-0.2786243,-0.9508589,0.1288902
gait_20260919_222211_andrew_fast_1,andrew_fast_1,2513592885533886,2026-09-19T22:22:36.013695Z,1.2338369,5.3371992,9.1801176,-0.1380609,0.4133832,-0.0562236,1.4594616,5.0208383,8.3004379,-0.0402910,-0.2786243,-0.9508589,0.1288902
gait_20260919_222211_andrew_fast_1,andrew_fast_1,2513592895615714,2026-09-19T22:22:36.033430Z,1.0455179,5.4364090,8.6870613,-0.0370050,0.2049263,-0.0265463,1.3841283,5.0032434,8.3239326,-0.0359401,-0.2770601,-0.9512435,0.1306980
gait_20260919_222211_andrew_fast_1,andrew_fast_1,2513592905678825,2026-09-19T22:22:36.033764Z,0.8157494,5.2524295,8.1299610,-0.0370050,0.2049263,-0.0265463,1.3841283,5.0032434,8.3239326,-0.0359401,-0.2770601,-0.9512435,0.1306980
